idx_a,idx_b,cos_sim,label_a,label_b,premise_a,hypothesis_a,premise_b,hypothesis_b,votes_a,votes_b,flagged_cleanlab_a,flagged_datamaps_a,flagged_ds2_a,flagged_cleanlab_b,flagged_datamaps_b,flagged_ds2_b,action,levenshtein
1181,2277,0.9998,not_entailment,entailment,"""Правозащитники предлагают сократить область применения в России понятия """"экстремистская деятельность"""" и отказаться от списка запрещенной экстремистской литературы. """"Должно быть резко сокращено применение понятия """"экстремистская деятельность"""", кроме случаев самих насильственных преступлений, призывов к насильственным преступлениям, либо организованной деятельности, связанной с насильственными преступлениями"""", - заявил на пресс-конференции в центральном офисе """"Интерфакса"""" в среду директор информационно-аналитического центра """"Сова"""" Александр Верховский. Он также предложил отказаться от федерального списка запрещенных экстремистских материалов, так как он, по мнению правозащитника, """"не работает"""".""","""Правозащитники недовольны слишком узкой областью применения в России понятия """"экстремистская деятельность"""". ""","""Правозащитники предлагают сократить область применения в России понятия """"экстремистская деятельность"""" и отказаться от списка запрещенной экстремистской литературы. """"Должно быть резко сокращено применение понятия """"экстремистская деятельность"""", кроме случаев самих насильственных преступлений, призывов к насильственным преступлениям, либо организованной деятельности, связанной с насильственными преступлениями"""", - заявил на пресс-конференции в центральном офисе """"Интерфакса"""" в среду директор информационно-аналитического центра """"Сова"""" Александр Верховский. Он также предложил отказаться от федерального списка запрещенных экстремистских материалов, так как он, по мнению правозащитника, """"не работает"""".""","""Правозащитники недовольны слишком широкой областью применения в России понятия """"экстремистская деятельность"""". """,1,2,True,False,False,True,True,False,removed_b,4
234,1953,0.9998,entailment,not_entailment,"""Четвертого июля ракету планируется вывезти на стартовый комплекс и запустить с космическим аппаратом связи Sirius 5 (SES-5) в 22:23 мск 7 июля. Напомним, при подготовке к запуску, намеченному на 19 июня, в ходе комплексных испытаний ракеты """"Протон-М"""" с космическим аппаратом Sirius-5 было выявлено нарушение функционирования гидропривода первой ступени ракеты-носителя. Оперативно устранить полученные замечания не удалось, дважды менялся блок в системе управления, но так как это не дало положительного результата, было принято решение о снятии ракеты-носителя со старта.""",Полученные замечания быстро устранить не вышло.,"""Четвертого июля ракету планируется вывезти на стартовый комплекс и запустить с космическим аппаратом связи Sirius 5 (SES-5) в 22:23 мск 7 июля. Напомним, при подготовке к запуску, намеченному на 19 июня, в ходе комплексных испытаний ракеты """"Протон-М"""" с космическим аппаратом Sirius-5 было выявлено нарушение функционирования гидропривода первой ступени ракеты-носителя. Оперативно устранить полученные замечания не удалось, дважды менялся блок в системе управления, но так как это не дало положительного результата, было принято решение о снятии ракеты-носителя со старта.""",Полученные замечания быстро устранили.,1,1,True,False,False,True,False,False,kept,10
696,2098,0.9997,not_entailment,entailment,"При этом девочка дважды предпринимала попытки покончить жизнь самоубийством, - сообщают в СУ СК по республике Бурятии. - Однако, 34-летняя педагог никаких мер не приняла. Следователи считают, что девочка совершила суицид именно потому что не получила должной помощи.",Эта девочка уже как-то раз пыталась себя убить.,"При этом девочка дважды предпринимала попытки покончить жизнь самоубийством, - сообщают в СУ СК по республике Бурятии. - Однако, 34-летняя педагог никаких мер не приняла. Следователи считают, что девочка совершила суицид именно потому что не получила должной помощи.",Эта девочка не раз пыталась себя убить.,0,1,False,False,False,True,False,False,kept,9
301,2197,0.9996,entailment,not_entailment,"""Оказалось, здесь не брезговали тухлыми продуктами. - В ходе проверки были обнаружены нарушения санитарных норм, - сообщили """"Комсомольской правде""""-Саратов в пресс-службе областной прокуратуры. - В частности, наши сотрудники выявили просроченные мясные изделия, а также молоко, которое на момент проверки находилось в замороженном состоянии.""",Здесь были тухлые продукты.,"""Оказалось, здесь не брезговали тухлыми продуктами. - В ходе проверки были обнаружены нарушения санитарных норм, - сообщили """"Комсомольской правде""""-Саратов в пресс-службе областной прокуратуры. - В частности, наши сотрудники выявили просроченные мясные изделия, а также молоко, которое на момент проверки находилось в замороженном состоянии.""",Здесь были только тухлые продукты.,1,0,True,False,False,False,False,False,kept,7
735,903,0.9995,not_entailment,entailment,"""Отказ свой суд объяснил тем, что """"если есть адвокат, то допрашивать само лицо, обвиняемое в совершении преступлений, нет смысла"""". Сердюк уверен, что такой подход нарушает права его подзащитного, передает ТАСС. В этой связи адвокат заявил об отводе судьи, поскольку ее """"отказ в ходатайстве защиты провести такие допросы свидетельствует о ее нежелании устанавливать истину"""".""",Сердюк доволен решением суда.,"""Отказ свой суд объяснил тем, что """"если есть адвокат, то допрашивать само лицо, обвиняемое в совершении преступлений, нет смысла"""". Сердюк уверен, что такой подход нарушает права его подзащитного, передает ТАСС. В этой связи адвокат заявил об отводе судьи, поскольку ее """"отказ в ходатайстве защиты провести такие допросы свидетельствует о ее нежелании устанавливать истину"""".""",Сердюк недоволен решением суда.,1,1,True,False,False,True,False,False,kept,2
687,1575,0.9995,not_entailment,entailment,"""""""В случае явки потерпевших на судебное заседание они будут иметь возможность задавать вопросы присяжным, выяснять интересующие их обстоятельства, заявлять ходатайства точно также в закрытом режиме, как это делалось на стадии отбора присяжных"""", - пояснила представитель Мосгорсуда. Она отметила также, что суд не мог откладывать процесс отбора коллегии присяжных до бесконечности. """"При всем уважении к чувствам потерпевших суд не мог затягивать процесс отбора присяжных, поскольку приходилось работать с десятками кандидатов"""", - заявила она, добавив, что и прежде в практике судов бывали случаи, когда по тому или иному делу проходили десятки потерпевших, и они не имели возможности участвовать в начале в стадии отбора присяжных.""",Суд мог откладывать процесс отбора коллегии присяжных до бесконечности.,"""""""В случае явки потерпевших на судебное заседание они будут иметь возможность задавать вопросы присяжным, выяснять интересующие их обстоятельства, заявлять ходатайства точно также в закрытом режиме, как это делалось на стадии отбора присяжных"""", - пояснила представитель Мосгорсуда. Она отметила также, что суд не мог откладывать процесс отбора коллегии присяжных до бесконечности. """"При всем уважении к чувствам потерпевших суд не мог затягивать процесс отбора присяжных, поскольку приходилось работать с десятками кандидатов"""", - заявила она, добавив, что и прежде в практике судов бывали случаи, когда по тому или иному делу проходили десятки потерпевших, и они не имели возможности участвовать в начале в стадии отбора присяжных.""",Суд не мог откладывать процесс отбора коллегии присяжных до бесконечности.,2,0,True,True,False,False,False,False,removed_a,3
1203,1592,0.9994,entailment,not_entailment,"В аналогичном опросе, проведенном в марте 2010 г., за новую дисциплину высказалось 63% респондентов. В ноябре правительство утвердило план эксперимента, предусматривавшего преподавание основ религий и светской этики в 19 субъектах федерации. Осенью прошлого года Московский патриархат высказался за преподавание религиозных дисциплин не только в четвертом и пятом классах, но и на всех этапах школьного обучения, поскольку двух полугодий для усвоения материала недостаточно.",В прошлом году Московский патриархат высказался за преподавание религиозных дисциплин на всех этапах школьного обучения.,"В аналогичном опросе, проведенном в марте 2010 г., за новую дисциплину высказалось 63% респондентов. В ноябре правительство утвердило план эксперимента, предусматривавшего преподавание основ религий и светской этики в 19 субъектах федерации. Осенью прошлого года Московский патриархат высказался за преподавание религиозных дисциплин не только в четвертом и пятом классах, но и на всех этапах школьного обучения, поскольку двух полугодий для усвоения материала недостаточно.",В прошлом году Московский патриархат преподавал религиозные дисциплины на всех этапах школьного обучения.,1,1,True,False,False,True,False,False,kept,19
478,830,0.9994,entailment,not_entailment,"""По мнению министра, """"говорить о том, что мы прямо сейчас продали им что-то новенькое, и это новенькое используется против демонстрантов, просто нечестно"""". Он также подчеркнул, что Россия поставляет вооружение по контрактам, которые не являются секретом и предполагают покупку Сирией, прежде всего, противовоздушных оборонительных средств, """"которые могут потребоваться только в случае внешней агрессии против сирийского государства"""". """"Мы оправдываться не собираемся, потому что мы ничего не нарушали"""".""",Военные контракты предполагают поставку из России в Сирию противовоздушных оборонительных средств.,"""По мнению министра, """"говорить о том, что мы прямо сейчас продали им что-то новенькое, и это новенькое используется против демонстрантов, просто нечестно"""". Он также подчеркнул, что Россия поставляет вооружение по контрактам, которые не являются секретом и предполагают покупку Сирией, прежде всего, противовоздушных оборонительных средств, """"которые могут потребоваться только в случае внешней агрессии против сирийского государства"""". """"Мы оправдываться не собираемся, потому что мы ничего не нарушали"""".""",Военные контракты предполагают поставку из Сирии в Россию противовоздушных оборонительных средств.,2,1,True,True,False,True,False,False,removed_a,8
289,1771,0.9994,not_entailment,entailment,"Чтобы попасть в первый дом мужчина сорвал замок. Из дома воришка вынес мясорубку, керосиновую лампу, бидон, посуду. Мешок с добычей злоумышленник спрятал в кустах, а сам отправился во второй дом.",Мужчина сорвал замок и украл только бидон.,"Чтобы попасть в первый дом мужчина сорвал замок. Из дома воришка вынес мясорубку, керосиновую лампу, бидон, посуду. Мешок с добычей злоумышленник спрятал в кустах, а сам отправился во второй дом.",Мужчина сорвал замок и украл бидон.,0,0,False,False,False,False,False,False,kept,7
1339,2007,0.9994,entailment,not_entailment,"""Есть еще нерешительная пара  -  экскурсовод и повар придорожного кафе, которым достается сюжет Пиросмани про миллион алых роз. Ну, и, наконец, героиня Анны Михалковой, без промаху продолжающая найденную ранее и успешно продолженную актрисой  в """"Кококо"""" комедийную расшифровку своего таланта. В """"Любви с акцентом"""" она бесстрашно отправляется в """"отпуск по зачатию"""", потому что дома уже совсем не получается.""",Экскурсовод и повар придорожного кафе не особо решительны.,"""Есть еще нерешительная пара  -  экскурсовод и повар придорожного кафе, которым достается сюжет Пиросмани про миллион алых роз. Ну, и, наконец, героиня Анны Михалковой, без промаху продолжающая найденную ранее и успешно продолженную актрисой  в """"Кококо"""" комедийную расшифровку своего таланта. В """"Любви с акцентом"""" она бесстрашно отправляется в """"отпуск по зачатию"""", потому что дома уже совсем не получается.""",Экскурсовод и повар придорожного кафе весьма решительны.,1,2,True,False,False,True,True,False,removed_b,6
516,886,0.9994,not_entailment,entailment,"Как утверждает сама Якуб, она познакомилась с бывшим главой МВФ летом 2012 г. — после окончания скандала вокруг ареста ДСК по обвинению в изнасиловании горничной нью-йоркского отеля Sofitel Нафиссату Диалло. Уголовное дело тогда развалилось, поскольку обвинение не смогло доказать достоверность показаний потерпевшей.",Показания потерпевшей были достоверны.,"Как утверждает сама Якуб, она познакомилась с бывшим главой МВФ летом 2012 г. — после окончания скандала вокруг ареста ДСК по обвинению в изнасиловании горничной нью-йоркского отеля Sofitel Нафиссату Диалло. Уголовное дело тогда развалилось, поскольку обвинение не смогло доказать достоверность показаний потерпевшей.",Потерпевшая дала показания.,1,0,True,False,False,False,False,False,kept,24
406,886,0.9993,not_entailment,entailment,"Как утверждает сама Якуб, она познакомилась с бывшим главой МВФ летом 2012 г. — после окончания скандала вокруг ареста ДСК по обвинению в изнасиловании горничной нью-йоркского отеля Sofitel Нафиссату Диалло. Уголовное дело тогда развалилось, поскольку обвинение не смогло доказать достоверность показаний потерпевшей.",Потерпевшая не дала показаний.,"Как утверждает сама Якуб, она познакомилась с бывшим главой МВФ летом 2012 г. — после окончания скандала вокруг ареста ДСК по обвинению в изнасиловании горничной нью-йоркского отеля Sofitel Нафиссату Диалло. Уголовное дело тогда развалилось, поскольку обвинение не смогло доказать достоверность показаний потерпевшей.",Потерпевшая дала показания.,0,0,False,False,False,False,False,False,kept,4
391,1809,0.9992,not_entailment,entailment,"Конечно, с мешком подарков. Инспекторы останавливали водителей и проверяли их по базам на наличие административных нарушений. Если в течение года водитель был дисциплинированным, ничего не нарушал, получал подарок от Деда Мороза.",Инспекторы принимали подарки.,"Конечно, с мешком подарков. Инспекторы останавливали водителей и проверяли их по базам на наличие административных нарушений. Если в течение года водитель был дисциплинированным, ничего не нарушал, получал подарок от Деда Мороза.",Инспекторы раздавали подарки.,1,0,True,False,False,False,False,False,kept,6
1318,1553,0.9992,not_entailment,entailment,"26 июня прошлого года обвиняемый вломился в дом к 59-летнему соседу в селе Виняево Арзамасского района и жестоко избил его до полусмерти. Мужчина не смог оправиться от травм и через месяц скончался в больнице. В октябре злоумышленник был задержан. Он признал свою вину лишь частично и рассказал, что конфликт с соседом произошел из-за щенка.",В результате конфликта двух соседей выжил только щенок.,"26 июня прошлого года обвиняемый вломился в дом к 59-летнему соседу в селе Виняево Арзамасского района и жестоко избил его до полусмерти. Мужчина не смог оправиться от травм и через месяц скончался в больнице. В октябре злоумышленник был задержан. Он признал свою вину лишь частично и рассказал, что конфликт с соседом произошел из-за щенка.",В результате конфликта двух соседей остался в живых только один.,0,2,False,False,False,True,True,False,removed_b,17
663,1059,0.9992,not_entailment,entailment,"Сотни военнослужащих из Катара принимали участие в военных операциях на стороне ливийских оппозиционеров, сообщил в среду журналистам командующий Генеральным штабом катарских Вооруженных сил Хамад бен Али Аттыйя. По его словам, оппозиционеры нуждались в такой поддержке, поскольку большинство из них составляли гражданские люди, никогда не имевшие дело с военной наукой.",Сотни военослужащих Катара воевали против ливийских оппозиционеров.,"Сотни военнослужащих из Катара принимали участие в военных операциях на стороне ливийских оппозиционеров, сообщил в среду журналистам командующий Генеральным штабом катарских Вооруженных сил Хамад бен Али Аттыйя. По его словам, оппозиционеры нуждались в такой поддержке, поскольку большинство из них составляли гражданские люди, никогда не имевшие дело с военной наукой.",Сотни военослужащих Катара воевали за ливийских оппозиционеров.,1,2,True,False,False,False,True,True,removed_b,6
230,1236,0.9991,entailment,not_entailment,"""И желательно, по его словам, быть энергичными в интернет-пространстве, поскольку """"Единой России"""" сложнее быть в Сети, чем другой политической силе, так как партия находится у власти: """"Вот вы сказали, что выходили к людям, сначала тяжело, критикуют, пар выпускают. У меня та же самая ситуация, когда подходишь. Радуются вначале, потому что видят людей знакомых, а потом говорят: у нас вот это плохо, это, это"""".""","Находящейся у власти партии сложнее быть в Интернете, чем любой другой.","""И желательно, по его словам, быть энергичными в интернет-пространстве, поскольку """"Единой России"""" сложнее быть в Сети, чем другой политической силе, так как партия находится у власти: """"Вот вы сказали, что выходили к людям, сначала тяжело, критикуют, пар выпускают. У меня та же самая ситуация, когда подходишь. Радуются вначале, потому что видят людей знакомых, а потом говорят: у нас вот это плохо, это, это"""".""","Находящейся у власти партии проще быть в Интернете, чем любой другой.",0,1,False,False,False,True,False,False,kept,5
1218,2102,0.9991,not_entailment,entailment,"Малыш, которому исполнилось всего один месяц от роду, скончался от острого отравления алкоголем. Как выяснилось в ходе доследственной проверки, вечером накануне гибели ребенка мать захотела выпить спиртного. Муж не мог ее остановить, потому что в это время был на работе.",Мать не успела выпить спиртного.,"Малыш, которому исполнилось всего один месяц от роду, скончался от острого отравления алкоголем. Как выяснилось в ходе доследственной проверки, вечером накануне гибели ребенка мать захотела выпить спиртного. Муж не мог ее остановить, потому что в это время был на работе.",Мать выпила спиртного.,1,0,True,False,False,False,False,False,kept,12
986,1527,0.999,not_entailment,entailment,"Я сегодня первый раз вышла. Когда волна недовольства только начинала подниматься, я как-то равнодушно к этому отнеслась. Тогда муж сказал, что хочет пойти на Болотную - даже пыталась его отговорить, так как очень испугалась, что его могут замести.",Я отговорила мужа.,"Я сегодня первый раз вышла. Когда волна недовольства только начинала подниматься, я как-то равнодушно к этому отнеслась. Тогда муж сказал, что хочет пойти на Болотную - даже пыталась его отговорить, так как очень испугалась, что его могут замести.",Я пыталась отговорить мужа.,2,0,True,True,False,False,False,False,removed_a,11
660,2051,0.999,not_entailment,entailment,"Группа вооруженных до зубов бандитов обстреляла здание прокуратуры мексиканского штата Кинтана-Роо в курортном городе Канкун, убиты как минимум три человека, еще несколько ранены. Как сообщает местное издание Excelsior, преступники подъехали на мотоциклах и открыли огонь по зданию, охрана прокуратуры вступила с ними в перестрелку. Из-за стрельбы пожарным пришлось срочно эвакуировать людей из расположенного рядом магазина, потому что шальная пуля попала в цистерну с газом, была опасность взрыва.",В Канкуне разрушено здание прокуратуры.,"Группа вооруженных до зубов бандитов обстреляла здание прокуратуры мексиканского штата Кинтана-Роо в курортном городе Канкун, убиты как минимум три человека, еще несколько ранены. Как сообщает местное издание Excelsior, преступники подъехали на мотоциклах и открыли огонь по зданию, охрана прокуратуры вступила с ними в перестрелку. Из-за стрельбы пожарным пришлось срочно эвакуировать людей из расположенного рядом магазина, потому что шальная пуля попала в цистерну с газом, была опасность взрыва.",В Канкуне обстреляно здание прокуратуры.,2,1,True,False,True,False,False,True,removed_a,7
189,527,0.999,not_entailment,entailment,"По следам, оставленным на месте преступления, было установлено, что налетчиком является 38-летний ранее судимый мужчина. Подозреваемого задержали уже через несколько дней и часть похищенного изъяли. Он рассказал полицейским, что сознательно пошел на ограбление.","По следам было видно, что налетчика судили ранее.","По следам, оставленным на месте преступления, было установлено, что налетчиком является 38-летний ранее судимый мужчина. Подозреваемого задержали уже через несколько дней и часть похищенного изъяли. Он рассказал полицейским, что сознательно пошел на ограбление.",Налетчика судили и раньше.,2,2,True,False,True,True,False,True,removed_both,31
1135,2055,0.999,not_entailment,entailment,"Что мы хотим делать дальше? У нас три основных направления: первое - это до 1 июля внедрить СМЭВ во всех субъектах и муниципалитетах. Это нам будет проще сделать, так как в каждом субъекте есть представительства федеральных территориальных органов, а они уже реализовали электронное взаимодействие.",У нас есть только три направления для дальнейших действий.,"Что мы хотим делать дальше? У нас три основных направления: первое - это до 1 июля внедрить СМЭВ во всех субъектах и муниципалитетах. Это нам будет проще сделать, так как в каждом субъекте есть представительства федеральных территориальных органов, а они уже реализовали электронное взаимодействие.",У нас есть три основных направления дальнейших действий.,1,0,True,False,False,False,False,False,kept,14
1642,2263,0.9989,entailment,not_entailment,"Первый процесс над Мохаммедом, бин Атташем, бин аль Шибхом, аль Азизом Али и аль Хавзави начался в военном суде США еще в 2008 году. Фигурантам дела предъявили 2973 обвинения в убийстве, сторона обвинения добивалась для подсудимых смертной казни. Правозащитные организации критиковали процесс, поскольку, по их мнению, рассматривавшая дело военная комиссия не обеспечивала действительно справедливого суда.",Обвинение требовало смертной казни подсудимых.,"Первый процесс над Мохаммедом, бин Атташем, бин аль Шибхом, аль Азизом Али и аль Хавзави начался в военном суде США еще в 2008 году. Фигурантам дела предъявили 2973 обвинения в убийстве, сторона обвинения добивалась для подсудимых смертной казни. Правозащитные организации критиковали процесс, поскольку, по их мнению, рассматривавшая дело военная комиссия не обеспечивала действительно справедливого суда.",Обвинение требовало уважения к суду.,0,1,False,False,False,True,False,False,kept,18
1019,1898,0.9989,not_entailment,entailment,"Сироты наши герои потому, что люди убили их родителей. А другие люди нашли умиравших детенышей и выходили их, чтобы потом отпустить на волю. Это дрессировка наоборот, потому что целью ее является не вырастить друга и помощника, но вместо этого сделать шимпанзе или слона пригодным для жизни в дикой природе, не дать ему привязаться к человеку и загону.",Родителей этих детенышей убили звери.,"Сироты наши герои потому, что люди убили их родителей. А другие люди нашли умиравших детенышей и выходили их, чтобы потом отпустить на волю. Это дрессировка наоборот, потому что целью ее является не вырастить друга и помощника, но вместо этого сделать шимпанзе или слона пригодным для жизни в дикой природе, не дать ему привязаться к человеку и загону.",Родителей этих детенышей убили люди.,1,0,True,False,False,False,False,False,kept,4
1195,1657,0.9988,entailment,not_entailment,"""""""Это очень хороший и неожиданный показатель, который опровергает опасения высокого уровня неявки избирателей, которые высказывались накануне дня голосования"""", - заявил генеральный директор Института исследования общественного мнения CSA Бернар Сананес в эфире телеканала. Тем не менее эксперт предостерег от преждевременных выводов, так как, по его мнению, """"существует разница между утренним и вечерним голосованием"""".""",Эксперт напомнил о разнице между утренним и вечерним голосованием.,"""""""Это очень хороший и неожиданный показатель, который опровергает опасения высокого уровня неявки избирателей, которые высказывались накануне дня голосования"""", - заявил генеральный директор Института исследования общественного мнения CSA Бернар Сананес в эфире телеканала. Тем не менее эксперт предостерег от преждевременных выводов, так как, по его мнению, """"существует разница между утренним и вечерним голосованием"""".""",Эксперт не видит разницы между утренним и вечерним голосованием.,0,1,False,False,False,True,False,False,kept,9
1338,1463,0.9988,entailment,not_entailment,"Обнаруженные предметы направлены для проведения экспертизы. Если эксперты признают их культурными ценностями, то в отношении гражданина будет возбуждено административное дело по факту недекларирования. Поскольку для ввоза их пассажир был бы обязан заполнить декларацию на товары с указанием перемещаемых через границу раритетов.",Обнаружены недекларированные предметы.,"Обнаруженные предметы направлены для проведения экспертизы. Если эксперты признают их культурными ценностями, то в отношении гражданина будет возбуждено административное дело по факту недекларирования. Поскольку для ввоза их пассажир был бы обязан заполнить декларацию на товары с указанием перемещаемых через границу раритетов.",Обнаружены задекларированные предметы.,0,2,False,False,False,True,True,False,removed_b,2
2108,2199,0.9988,not_entailment,entailment,"""Парламентское большинство не считает необходимым проводить специальное расследование в Госдуме в связи с ситуацией вокруг помощника депутата-эсера Ильи Пономарева - Леонида Развозжаева, который утверждает, что в отношении него применялись пытки после задержания. """"В нашей стране есть орган - Генеральная прокуратура, которая занимается подобными расследованиями"""", - сказал журналистам в среду руководитель фракции """"Единая Россия"""" в Госдуме Андрей Воробьев. По его словам, парламентское большинство не будет инициировать такого рода расследование, так как считает, что соответствующие ведомства в состоянии сами ответить на все вопросы, возникающие вокруг данной ситуации и дать исчерпывающую информацию.""","""Руководитель фракции """"Единая Россия"""" сказал, что парламентское большинство инициирует расследование насчет предполагаемых пыток помощника депутата после задержания.""","""Парламентское большинство не считает необходимым проводить специальное расследование в Госдуме в связи с ситуацией вокруг помощника депутата-эсера Ильи Пономарева - Леонида Развозжаева, который утверждает, что в отношении него применялись пытки после задержания. """"В нашей стране есть орган - Генеральная прокуратура, которая занимается подобными расследованиями"""", - сказал журналистам в среду руководитель фракции """"Единая Россия"""" в Госдуме Андрей Воробьев. По его словам, парламентское большинство не будет инициировать такого рода расследование, так как считает, что соответствующие ведомства в состоянии сами ответить на все вопросы, возникающие вокруг данной ситуации и дать исчерпывающую информацию.""","""Руководитель фракции """"Единая Россия"""" сказал, что парламентское большинство не будет инициировать расследование насчет предполагаемых пыток помощника депутата после задержания.""",2,0,True,True,False,False,False,False,removed_a,13
412,970,0.9987,entailment,not_entailment,"""Сделка по продаже 80% ОАО """"Распадская"""" может не состояться в этом году, сообщил журналистам источник, знакомый с ходом переговоров. """"Есть вероятность, что сделка не состоится. Есть вопрос с ценой, поскольку здесь существует сильное расхождение"""", - сказал он.""","""Ведутся переговоры по продаже 80% ОАО """"Распадская"""".""","""Сделка по продаже 80% ОАО """"Распадская"""" может не состояться в этом году, сообщил журналистам источник, знакомый с ходом переговоров. """"Есть вероятность, что сделка не состоится. Есть вопрос с ценой, поскольку здесь существует сильное расхождение"""", - сказал он.""","""Ведутся переговоры по полной продаже ОАО """"Распадская"""".""",0,1,False,False,False,True,False,False,kept,11
219,1850,0.9986,entailment,not_entailment,"Как сообщает пресс-служба городской администрации, ремонтная бригада производит замену задвижки в камере, принадлежащей «Т Плюс» в районе стадиона «Динамо».","""Как минимум одна из камер в районе стадиона """"Динамо"""" принадлежит """"Т Плюс"""".""","Как сообщает пресс-служба городской администрации, ремонтная бригада производит замену задвижки в камере, принадлежащей «Т Плюс» в районе стадиона «Динамо».","""Только одна из камер в районе стадиона """"Динамо"""" принадлежит """"Т Плюс"""".""",2,1,True,True,False,True,False,False,removed_a,11
1943,2230,0.9986,entailment,not_entailment,"В нем он обвинил полицейского в применении к нему насилия во время задержания. Он сообщил, что полицейский повалил его на землю и нанес ему несколько ударов кулаками в лицо. Как сообщает региональное управление Следственного комитета, жалобу всесторонне проверили, оказалось, что во время задержания гражданина физическая сила в отношении него не применялась.",Жалобу гражданина проверили.,"В нем он обвинил полицейского в применении к нему насилия во время задержания. Он сообщил, что полицейский повалил его на землю и нанес ему несколько ударов кулаками в лицо. Как сообщает региональное управление Следственного комитета, жалобу всесторонне проверили, оказалось, что во время задержания гражданина физическая сила в отношении него не применялась.",Жалобу гражданина не проверили.,0,1,False,False,False,True,False,False,kept,3
349,930,0.9986,entailment,not_entailment,"Шествие в Москве, по словам источника, близкого к ФНПР, стартует, как и прежде, от Белорусского вокзала и увенчается митингом у мэрии Москвы с выступлениями лидеров страны.",Митинг станет венцом шествия.,"Шествие в Москве, по словам источника, близкого к ФНПР, стартует, как и прежде, от Белорусского вокзала и увенчается митингом у мэрии Москвы с выступлениями лидеров страны.",Шествие станет венцом митинга.,0,2,False,False,False,True,True,False,removed_b,13
426,2112,0.9985,entailment,not_entailment,"""Боксер Денис Лебедев не исключил, что в команде Александра Поветкина есть предатель, который мог «подсыпать» ему допинг. Напомним, ранее стало известно, что перед боем за титул """"временного"""" чемпиона мира по версии Всемирного боксерского совета (WBC) с канадцем Бермейном Стиверном в допинг-пробе россиянина был обнаружен запрещенный препарат остарин. В результате бой был отменен, так как соперник отказался его проводить.""",Поветкина могли предать.,"""Боксер Денис Лебедев не исключил, что в команде Александра Поветкина есть предатель, который мог «подсыпать» ему допинг. Напомним, ранее стало известно, что перед боем за титул """"временного"""" чемпиона мира по версии Всемирного боксерского совета (WBC) с канадцем Бермейном Стиверном в допинг-пробе россиянина был обнаружен запрещенный препарат остарин. В результате бой был отменен, так как соперник отказался его проводить.""",Поветкина точно предали.,1,0,True,False,False,False,False,False,kept,6
111,1661,0.9985,entailment,not_entailment,"Московскому институту теплотехники (МИТ) сейчас затруднительно выполнить гособоронзаказ о поставках подвижных ракетных комплексов «Ярс». Речь идет о поставках частей гидравлических систем «Ярса». Подольский электромеханический завод не сможет вовремя снабдить комплекс необходимым оборудованием, поскольку столкнулся с экономическими затруднениями.",МИТ непросто выполнить гособоронзаказ.,"Московскому институту теплотехники (МИТ) сейчас затруднительно выполнить гособоронзаказ о поставках подвижных ракетных комплексов «Ярс». Речь идет о поставках частей гидравлических систем «Ярса». Подольский электромеханический завод не сможет вовремя снабдить комплекс необходимым оборудованием, поскольку столкнулся с экономическими затруднениями.",МИТ выполнил гособоронзаказ.,0,1,False,False,False,True,False,False,kept,11
135,466,0.9985,entailment,not_entailment,"""С ним было сложно работать, но всегда интересно"""", - добавила она. Отвечая на вопрос, какие изменения могут произойти в эти дни с уходом Кудрина с поста министра финансов, Набиуллина заявила, что """"политика и приоритеты политики определяются президентом, правительством, и мы будем их реализовывать"""". """"Но, наверное, какие-то возможны изменения, потому что уходит фигура такого масштаба"""", - сказала министр.""","Набиуллина отметила, что с уходом Кудрина возможны изменения.","""С ним было сложно работать, но всегда интересно"""", - добавила она. Отвечая на вопрос, какие изменения могут произойти в эти дни с уходом Кудрина с поста министра финансов, Набиуллина заявила, что """"политика и приоритеты политики определяются президентом, правительством, и мы будем их реализовывать"""". """"Но, наверное, какие-то возможны изменения, потому что уходит фигура такого масштаба"""", - сказала министр.""","Набиуллина отметила, что с уходом Кудрина изменений не будет.",0,2,False,False,False,True,True,False,removed_b,15
1107,1631,0.9985,entailment,not_entailment,"""Ограничения на въезд в Республику Южная Осетия для граждан Российской Федерации и других стран сняты со среды, сообщил журналистам министр иностранных дел республики Мурат Джиоев. """"Ограничения на въезд в Южную Осетию были введены в связи с напряженной обстановкой, которая сложилась в Республике в виду регистрации некоторых кандидатов в президенты РЮО. Поскольку обстановка нормализовалась, было принято решение снять ограничения"""", - сказал министр.""",В Южной Осетии сложилась напряженная обстановка.,"""Ограничения на въезд в Республику Южная Осетия для граждан Российской Федерации и других стран сняты со среды, сообщил журналистам министр иностранных дел республики Мурат Джиоев. """"Ограничения на въезд в Южную Осетию были введены в связи с напряженной обстановкой, которая сложилась в Республике в виду регистрации некоторых кандидатов в президенты РЮО. Поскольку обстановка нормализовалась, было принято решение снять ограничения"""", - сказал министр.""","В Южной Осетии сложилась мирная, благоприятная обстановка.",0,0,False,False,False,False,False,False,kept,15
15,2295,0.9985,not_entailment,entailment,"Срок был продлен на два года, поскольку для обладателей патентов необходим переходный период для того, чтобы иметь возможность адаптироваться к деятельности в качестве индивидуальных предпринимателей.",Обладатели патентов уже адаптировались к деятельности в качестве индивидуальных предпринимателей.,"Срок был продлен на два года, поскольку для обладателей патентов необходим переходный период для того, чтобы иметь возможность адаптироваться к деятельности в качестве индивидуальных предпринимателей.",Обладатели патентов сейчас адаптируются к деятельности в качестве индивидуальных предпринимателей.,1,0,True,False,False,False,False,False,kept,12
267,568,0.9985,not_entailment,entailment,"""ЛГБТ-активисту Николаю Алексееву, который был признан виновным в пропаганде гомосексуализма, стоит обратиться в Конституционный суд РФ, считает член Общественной палаты РФ, президент адвокатской палаты Москвы Генри Резник. """"Николаю Алексееву надо идти обжаловать вынесенное решение в кассационном суде, а затем обращаться в Конституционный суд, который, скорее всего, признает питерский закон о запрете пропаганды гомосексуализма неконституционным"""", - сказал Резник в пятницу """"Интерфаксу"""". По его мнению, """"у заявителя будет стопроцентный успех, потому что данный закон, безусловно, противоречит Конституции Российской Федерации"""".""",Адвокат Генри Резник снял с ЛГБТ-активиста обвинения в пропаганде гомосексуализма.,"""ЛГБТ-активисту Николаю Алексееву, который был признан виновным в пропаганде гомосексуализма, стоит обратиться в Конституционный суд РФ, считает член Общественной палаты РФ, президент адвокатской палаты Москвы Генри Резник. """"Николаю Алексееву надо идти обжаловать вынесенное решение в кассационном суде, а затем обращаться в Конституционный суд, который, скорее всего, признает питерский закон о запрете пропаганды гомосексуализма неконституционным"""", - сказал Резник в пятницу """"Интерфаксу"""". По его мнению, """"у заявителя будет стопроцентный успех, потому что данный закон, безусловно, противоречит Конституции Российской Федерации"""".""","Адвокат Генри Резник считает, что в Конституционном суде РФ ЛГБТ-активист успешно оспорит обвинение в пропаганде гомосексуализма.",1,0,True,False,False,False,False,False,kept,51
213,636,0.9984,not_entailment,entailment,"Темы, которые сегодня активно обсуждают делегаты съезда - «Экономика роста и благосостояния», «Здоровое будущее», «Социальная политика», «Умная сила и культурное лидерство», «Качество государства», «Аграрная сверхдержава», «Быть хозяином в собственном доме». Делегаты из Пензенской области работают на всех площадках. Им есть что сказать по каждой из обозначенных на съезде тем, поскольку среди них есть врачи, учителя, общественные деятели и политики со стажем.",Делегаты из Пензенской области обсуждают все темы на закрытых площадках.,"Темы, которые сегодня активно обсуждают делегаты съезда - «Экономика роста и благосостояния», «Здоровое будущее», «Социальная политика», «Умная сила и культурное лидерство», «Качество государства», «Аграрная сверхдержава», «Быть хозяином в собственном доме». Делегаты из Пензенской области работают на всех площадках. Им есть что сказать по каждой из обозначенных на съезде тем, поскольку среди них есть врачи, учителя, общественные деятели и политики со стажем.",Делегаты из Пензенской области обсуждают все темы на разных площадках.,1,1,True,False,False,True,False,False,kept,5
798,993,0.9984,not_entailment,entailment,"Между тем не исключено, что водитель совершил наезд умышленно. После инцидента стражи порядка задержали его. По словам очевидцев, мужчина, находившийся за рулем, вел машину весьма странным образом, при этом, врезавшись в толпу, он даже не попытался затормозить.",Мужчина врезался на машине в толпу неумышленно.,"Между тем не исключено, что водитель совершил наезд умышленно. После инцидента стражи порядка задержали его. По словам очевидцев, мужчина, находившийся за рулем, вел машину весьма странным образом, при этом, врезавшись в толпу, он даже не попытался затормозить.",Мужчина врезался на машине в толпу.,1,0,True,False,False,False,False,False,kept,12
116,1246,0.9983,not_entailment,entailment,"Видел я его в тот вечер при задержании: спокойный, как удав, сидел в машине. Теперь дурачком решил прикинуться? В магазине было несколько покупателей, ищу очевидцев, вдруг это следствию поможет.",Ищу покупателей.,"Видел я его в тот вечер при задержании: спокойный, как удав, сидел в машине. Теперь дурачком решил прикинуться? В магазине было несколько покупателей, ищу очевидцев, вдруг это следствию поможет.",Ищу очевидцев из числа покупателей.,2,0,True,True,False,False,False,False,removed_a,19
887,2175,0.9983,not_entailment,entailment,"Один из вернувшихся в Нидерланды из Донбасса журналистов заявил, что голландская полиция конфисковала у него и его коллеги материалы по крушению MH17. По словам Стефана Бека, правоохранители забрали не только телефон, ноутбук и камеру, но и предметы, найденные на месте падения малайзийского Boeing 777-200. Как отметил журналист, в голландской прокуратуре объяснили это тем, что сами не могут собрать подобный материал, поскольку в регионе, где произошло крушение, «слишком опасно».",Голландская полиция не присваивала материалы журналистов.,"Один из вернувшихся в Нидерланды из Донбасса журналистов заявил, что голландская полиция конфисковала у него и его коллеги материалы по крушению MH17. По словам Стефана Бека, правоохранители забрали не только телефон, ноутбук и камеру, но и предметы, найденные на месте падения малайзийского Boeing 777-200. Как отметил журналист, в голландской прокуратуре объяснили это тем, что сами не могут собрать подобный материал, поскольку в регионе, где произошло крушение, «слишком опасно».","Голландская полиция присвоила вещественные доказательства, собранные журналистом.",0,2,False,False,False,True,True,False,removed_b,39
796,1778,0.9982,entailment,not_entailment,"""""""Википедия"""" пишет, что это был период избирательной президентской кампании в России, а Макфол тогда занимался изучением избирательных технологий. Как писал один из коллег Макфола, он поначалу хотел отклонить приглашение Коржакова, который в то время входил в предвыборный штаб Ельцина. Однако приятель посоветовал ему принять приглашение, поскольку последствия отказа были бы намного хуже.""",Коржаков входил в предвыборный штаб Ельцина.,"""""""Википедия"""" пишет, что это был период избирательной президентской кампании в России, а Макфол тогда занимался изучением избирательных технологий. Как писал один из коллег Макфола, он поначалу хотел отклонить приглашение Коржакова, который в то время входил в предвыборный штаб Ельцина. Однако приятель посоветовал ему принять приглашение, поскольку последствия отказа были бы намного хуже.""",Коржаков входил в предвыборный штаб Макфола.,2,3,False,True,True,True,True,True,removed_both,6
38,2285,0.9982,not_entailment,entailment,"Однако тот попытался нанести одному из хоругвеносцев удар, и был задержан полицией. Православные активисты не пускают людей с белыми лентами оппозиции к входу в Храм Христа Спасителя. Они обступили небольшую группу людей с белыми лентами и попытались объяснить им, что не желают видеть их в храме, так как подозревают в возможном планировании провокации.",Православные активисты приглашают людей с белыми лентами оппозиции в Храм Христа Спасителя.,"Однако тот попытался нанести одному из хоругвеносцев удар, и был задержан полицией. Православные активисты не пускают людей с белыми лентами оппозиции к входу в Храм Христа Спасителя. Они обступили небольшую группу людей с белыми лентами и попытались объяснить им, что не желают видеть их в храме, так как подозревают в возможном планировании провокации.",Православные активисты не дают людям с белыми лентами оппозиции пройти ко входу в Храм Христа Спасителя.,1,1,True,False,False,True,False,False,kept,25
16,340,0.9982,entailment,not_entailment,"""С июня по 15 августа 34-летняя жительница Красный Кута растила младенца в доме без воды, света и тепла, ставя под угрозу жизнь и здоровье своего грудничка. - Оставляла его одного в квартире, - рассказали """"Комсомольской правде""""-Саратов в областной прокуратуре. - Проверка показала, что в доме условия проживания были крайне неудовлетворительные, поскольку там не было водоснабжения, газоснабжения, электроснабжения.""",Младенец рос без света и воды.,"""С июня по 15 августа 34-летняя жительница Красный Кута растила младенца в доме без воды, света и тепла, ставя под угрозу жизнь и здоровье своего грудничка. - Оставляла его одного в квартире, - рассказали """"Комсомольской правде""""-Саратов в областной прокуратуре. - Проверка показала, что в доме условия проживания были крайне неудовлетворительные, поскольку там не было водоснабжения, газоснабжения, электроснабжения.""",Младенец не нуждался в свете и воде.,1,0,True,False,False,False,False,False,kept,15
1281,1468,0.9981,entailment,not_entailment,"Пациентов Детского хосписа 29 декабря ждал настоящий сюрприз – фонд супругов Кержаковых «Звезды Детям» организовал визит народного артиста России Михаила Боярского. - В детстве учился я плохо. Мои родители буквально жили в школе, потому что их постоянно вызывала учительница.",Фонд Кержаковых привез Боярского в Детский хоспис.,"Пациентов Детского хосписа 29 декабря ждал настоящий сюрприз – фонд супругов Кержаковых «Звезды Детям» организовал визит народного артиста России Михаила Боярского. - В детстве учился я плохо. Мои родители буквально жили в школе, потому что их постоянно вызывала учительница.",Фонд Кержаковых определил Боярского в Детский хоспис.,0,1,False,False,False,False,True,False,kept,6
191,1946,0.9981,entailment,not_entailment,"""""""Я вместе с другими адвокатами с 13:00 нахожусь у СИЗО """"Лефортово"""" и пытаюсь пройти к своему доверителю Развозжаеву. Некоторое время назад к нам вышел заместитель начальника изолятора, который сообщил, что созвонился со следователем и тот дал ему указание не пускать к Развозжаеву адвокатов, так как они не допущены к делу"""", - сообщила """"Интерфаксу"""" защитница Виолетта Волкова. По ее словам, это абсолютно незаконно, так как в материалах дела есть ее ордер.""","""""""Интерфакс"""" пообщался с Виолеттой Волковой.""","""""""Я вместе с другими адвокатами с 13:00 нахожусь у СИЗО """"Лефортово"""" и пытаюсь пройти к своему доверителю Развозжаеву. Некоторое время назад к нам вышел заместитель начальника изолятора, который сообщил, что созвонился со следователем и тот дал ему указание не пускать к Развозжаеву адвокатов, так как они не допущены к делу"""", - сообщила """"Интерфаксу"""" защитница Виолетта Волкова. По ее словам, это абсолютно незаконно, так как в материалах дела есть ее ордер.""","""""""Интерфакс"""" не дозвонился до Виолетты Волковой.""",1,1,False,False,True,False,False,True,kept,13
868,1090,0.9981,not_entailment,entailment,"""По мнению С.Еничери, это противоречит принципам, сформулированным в Коране. """"Дед Мороз прибирается в дома через окна или дымоходы. Если бы он был честным человеком, то проходил бы через двери, так как у нас так принято"""", - отметил имам.""","По мнению имама, поведение Деда Мороза соответствует принципам Корана.","""По мнению С.Еничери, это противоречит принципам, сформулированным в Коране. """"Дед Мороз прибирается в дома через окна или дымоходы. Если бы он был честным человеком, то проходил бы через двери, так как у нас так принято"""", - отметил имам.""","По мнению имама, поведение Деда Мороза противоречит принципам Корана.",2,0,True,True,False,False,False,False,removed_a,10
415,1697,0.998,entailment,not_entailment,"В Ульяновскую область пришли снегопады, и в ближайшие дни, по сообщениям синоптиков, погода только ухудшится: к осадкам присоединятся резкое понижение температуры, метели и гололедица. Ульяновские госавтоинспекторы настоятельно советуют водителям воздержаться от поездок по области на личных автомобилях. Если вам все же придется выехать, то стоит придерживаться некоторых правил: быть внимательными на дорогах, так как видимость может ухудшиться, проявлять бдительность около остановок общественного транспорта и на «зебрах», не превышать скорость, тормозить заранее.",Ульяновскую область ждет ухудшение погоды.,"В Ульяновскую область пришли снегопады, и в ближайшие дни, по сообщениям синоптиков, погода только ухудшится: к осадкам присоединятся резкое понижение температуры, метели и гололедица. Ульяновские госавтоинспекторы настоятельно советуют водителям воздержаться от поездок по области на личных автомобилях. Если вам все же придется выехать, то стоит придерживаться некоторых правил: быть внимательными на дорогах, так как видимость может ухудшиться, проявлять бдительность около остановок общественного транспорта и на «зебрах», не превышать скорость, тормозить заранее.",Ульяновскую область ждет хорошая погода.,1,2,False,False,True,True,False,True,removed_b,9
75,1492,0.9979,entailment,not_entailment,"Мы попытались это сделать в МГУ. Сначала проложили по дороге. Вынуждены были убрать, потому что невозможно.","Сперва мы проложили по дороге, потом убрали.","Мы попытались это сделать в МГУ. Сначала проложили по дороге. Вынуждены были убрать, потому что невозможно.","Сперва мы проложили по дороге, затем оставили.",0,1,False,False,False,True,False,False,kept,8
892,2205,0.9978,not_entailment,entailment,"В ведомстве отметили, что подозрительную машину вечером 23 января заметили на улице 23 июля. Стражи порядка на дорогах решили остановить иномарку, чтобы проверить документы водителя. Так как вёл себя он не как самый трезвый участник дорожного движения, то полицейские провели медицинское освидетельствование.",Полицейские отпустили иномарку.,"В ведомстве отметили, что подозрительную машину вечером 23 января заметили на улице 23 июля. Стражи порядка на дорогах решили остановить иномарку, чтобы проверить документы водителя. Так как вёл себя он не как самый трезвый участник дорожного движения, то полицейские провели медицинское освидетельствование.",Полицейские остановили иномарку.,0,0,False,False,False,False,False,False,kept,5
1336,2134,0.9978,entailment,not_entailment,"Всех пострадавших медики доставили в ближайшую больницу. Областной главк полиции сообщает, что водители находились в трезвом состоянии. По факту дорожного инцидента проводится проверка, после которой примут соответствующее процессуальное решение.",Пострадавшие попали в ближайшую клинику.,"Всех пострадавших медики доставили в ближайшую больницу. Областной главк полиции сообщает, что водители находились в трезвом состоянии. По факту дорожного инцидента проводится проверка, после которой примут соответствующее процессуальное решение.",Пострадавшие попали в новую клинику.,1,1,False,False,True,False,False,True,kept,7
995,2094,0.9978,not_entailment,entailment,"Однако, в ходе прокурорской проверки выяснилось, что на самом деле педагог не занимался с подопечным, его обучали только специалисты из лицея №1, за которым был закреплен мальчик. - После вмешательства педагог вернул незаконно полученный заработок. Заместителю директора интерната, который не проконтролировал исполнение обязанностей специалистом, объявлен выговор, - рассказали в пресс-службе республиканской прокуратуры.",Педагог лишь изредка занимался с мальчиком.,"Однако, в ходе прокурорской проверки выяснилось, что на самом деле педагог не занимался с подопечным, его обучали только специалисты из лицея №1, за которым был закреплен мальчик. - После вмешательства педагог вернул незаконно полученный заработок. Заместителю директора интерната, который не проконтролировал исполнение обязанностей специалистом, объявлен выговор, - рассказали в пресс-службе республиканской прокуратуры.",Педагог вернул деньги.,0,0,False,False,False,False,False,False,kept,28
44,1958,0.9978,not_entailment,entailment,"""Член Общественной палаты РФ, президент адвокатской палаты Москвы Генри Резник рекомендовал ЛГБТ-активисту обратиться в кассационный, а затем и Конституционный суд. """"Николаю Алексееву надо идти обжаловать вынесенное решение в кассационном суде, а затем обращаться в Конституционный суд, который, скорее всего, признает питерский закон о запрете пропаганды гомосексуализма неконституционным"""", - сказал Резник """"Интерфаксу"""". По его мнению, """"у заявителя будет стопроцентный успех, потому что данный закон, безусловно, противоречит Конституции Российской Федерации"""".""",Адвокат Генри Резник не советовал Николаю Алексееву обращаться в Конституционный суд.,"""Член Общественной палаты РФ, президент адвокатской палаты Москвы Генри Резник рекомендовал ЛГБТ-активисту обратиться в кассационный, а затем и Конституционный суд. """"Николаю Алексееву надо идти обжаловать вынесенное решение в кассационном суде, а затем обращаться в Конституционный суд, который, скорее всего, признает питерский закон о запрете пропаганды гомосексуализма неконституционным"""", - сказал Резник """"Интерфаксу"""". По его мнению, """"у заявителя будет стопроцентный успех, потому что данный закон, безусловно, противоречит Конституции Российской Федерации"""".""","Генри Резник сказал, куда обращаться Николаю Алексееву.",0,0,False,False,False,False,False,False,kept,52
1922,2048,0.9978,entailment,not_entailment,"Необходимо оказывать давление как на правительство, так и на повстанцев с тем, чтобы остановить все военные действия и сесть за стол переговоров и решить все мирным путем. Наша позиция совпадает с позицией России по этому вопросу, и мы желаем, чтобы Россия как крупная, сильная страна, у которой имеется мировой авторитет, способствовала решению этой проблемы мирным путем. Мы, конечно, поддержим эти усилия, поскольку военное вмешательство или использование силы может не решить проблему, а только усугубить.",Россия может способствовать решению этой проблемы мирным путем.,"Необходимо оказывать давление как на правительство, так и на повстанцев с тем, чтобы остановить все военные действия и сесть за стол переговоров и решить все мирным путем. Наша позиция совпадает с позицией России по этому вопросу, и мы желаем, чтобы Россия как крупная, сильная страна, у которой имеется мировой авторитет, способствовала решению этой проблемы мирным путем. Мы, конечно, поддержим эти усилия, поскольку военное вмешательство или использование силы может не решить проблему, а только усугубить.",Россия непременно будет способствовать решению этой проблемы мирным путем.,0,0,False,False,False,False,False,False,kept,12
1295,1682,0.9977,not_entailment,entailment,"Отец вышел на балкон и дверь внезапно захлопнулась. Благо, телефон мужчина взял с собой. Он вызвал спасателей, которые благополучно попали в квартиру и освободили родителя, а также успокоили перепуганного четырехлетнего мальчика.",Малыш остался дома с матерью.,"Отец вышел на балкон и дверь внезапно захлопнулась. Благо, телефон мужчина взял с собой. Он вызвал спасателей, которые благополучно попали в квартиру и освободили родителя, а также успокоили перепуганного четырехлетнего мальчика.",Малыш остался дома один.,0,2,False,False,False,True,True,False,removed_b,9
984,1284,0.9977,not_entailment,entailment,"""Они требовали в том числе отменить незаконно введенный на предприятии ООО """"Рус-Инжиниринг"""", которое входит в """"РусАл"""" и обслуживает СУБР, скользящий график, а также повысить оклады. Ранее компания назвала действия участников акции незаконными, в том числе потому что """"шахта является объектом повышенной опасности и нахождение в ней без специальных нарядов категорически не допускается"""". По информации алюминиевой компании, сотрудники также нарушили законодательство, так как заранее не предупредили работодателя о проведении забастовки и не согласовали ее проведение.""",Руководство бастует.,"""Они требовали в том числе отменить незаконно введенный на предприятии ООО """"Рус-Инжиниринг"""", которое входит в """"РусАл"""" и обслуживает СУБР, скользящий график, а также повысить оклады. Ранее компания назвала действия участников акции незаконными, в том числе потому что """"шахта является объектом повышенной опасности и нахождение в ней без специальных нарядов категорически не допускается"""". По информации алюминиевой компании, сотрудники также нарушили законодательство, так как заранее не предупредили работодателя о проведении забастовки и не согласовали ее проведение.""",Сотрудники бастуют.,1,0,True,False,False,False,False,False,kept,11
213,852,0.9976,not_entailment,entailment,"Темы, которые сегодня активно обсуждают делегаты съезда - «Экономика роста и благосостояния», «Здоровое будущее», «Социальная политика», «Умная сила и культурное лидерство», «Качество государства», «Аграрная сверхдержава», «Быть хозяином в собственном доме». Делегаты из Пензенской области работают на всех площадках. Им есть что сказать по каждой из обозначенных на съезде тем, поскольку среди них есть врачи, учителя, общественные деятели и политики со стажем.",Делегаты из Пензенской области обсуждают все темы на закрытых площадках.,"Темы, которые сегодня активно обсуждают делегаты съезда - «Экономика роста и благосостояния», «Здоровое будущее», «Социальная политика», «Умная сила и культурное лидерство», «Качество государства», «Аграрная сверхдержава», «Быть хозяином в собственном доме». Делегаты из Пензенской области работают на всех площадках. Им есть что сказать по каждой из обозначенных на съезде тем, поскольку среди них есть врачи, учителя, общественные деятели и политики со стажем.",Делегаты из Пензенской области успевают поучаствовать в обсуждении на всех площадках.,1,1,True,False,False,True,False,False,kept,33
1487,2308,0.9976,entailment,not_entailment,"С такими словами он выступил на заседании коллегии Минобороны. «Можно с уверенностью сказать: мы сегодня сильнее любого потенциального агрессора», - сказал Путин. При этом он призвал военное ведомство не расслабляться, поскольку при малейшей оплошности угроза может застать врасплох.",Путин призвал военное ведомство не терять бдительности.,"С такими словами он выступил на заседании коллегии Минобороны. «Можно с уверенностью сказать: мы сегодня сильнее любого потенциального агрессора», - сказал Путин. При этом он призвал военное ведомство не расслабляться, поскольку при малейшей оплошности угроза может застать врасплох.",Путин призвал военное ведомство расслабиться.,0,2,False,False,False,True,True,False,removed_b,17
1537,1974,0.9975,entailment,not_entailment,"В четверг, 19 января, в СМИ появилась информация о намерении нескольких крупных банков обратиться к председателю ЦБ РФ Эльвире Набиуллиной с просьбой отменить обязательный перевод на карты «Мир» всех бюджетных средств, включая зарплаты, пенсии и оплату больничных. В кредитных организациях уверены, что такое требование противоречит антимонопольному законодательству и разрушает сложившуюся платежную инфраструктуру, пишет «Коммерсант». Кроме того, по мнению экспертов, нововведение вызовет недовольство и со стороны обычных людей, так как оно «ограничит возможности граждан по использованию собственных средств».","""В ЦБ РФ хотят перевести на карты """"Мир"""" все бюджетные средства.""","В четверг, 19 января, в СМИ появилась информация о намерении нескольких крупных банков обратиться к председателю ЦБ РФ Эльвире Набиуллиной с просьбой отменить обязательный перевод на карты «Мир» всех бюджетных средств, включая зарплаты, пенсии и оплату больничных. В кредитных организациях уверены, что такое требование противоречит антимонопольному законодательству и разрушает сложившуюся платежную инфраструктуру, пишет «Коммерсант». Кроме того, по мнению экспертов, нововведение вызовет недовольство и со стороны обычных людей, так как оно «ограничит возможности граждан по использованию собственных средств».","""Все бюджетные средства переведут на карты """"Мир"""".""",0,0,False,False,False,False,False,False,kept,44
388,1102,0.9975,entailment,not_entailment,"""Возраст людей определить не смог. Их лица были закрыты капюшонами, - рассказал журналисту """"Комсомольской правды""""-Саратов один из автолюбителей, проезжавших на мосту. - Со стороны обоих городов образовалась пробка, так как прибывшие машины спасателей и полиции перегородили полосу движения.""",Люди прятали лица под капюшонами.,"""Возраст людей определить не смог. Их лица были закрыты капюшонами, - рассказал журналисту """"Комсомольской правды""""-Саратов один из автолюбителей, проезжавших на мосту. - Со стороны обоих городов образовалась пробка, так как прибывшие машины спасателей и полиции перегородили полосу движения.""",Люди целиком прятались под капюшонами.,3,1,True,True,True,False,False,True,removed_a,13
274,1709,0.9975,entailment,not_entailment,"Молюсь за обоих. Просто хочу обнять своего сына, а прав он или виноват - пусть скажет следствие. Хочется сказать всем оскорбляющим милицию: опомнитесь, милиционеры - это не безликие роботы в форме.",Кто-то оскорбил милицию.,"Молюсь за обоих. Просто хочу обнять своего сына, а прав он или виноват - пусть скажет следствие. Хочется сказать всем оскорбляющим милицию: опомнитесь, милиционеры - это не безликие роботы в форме.",Кто-то оскорбил сына.,1,2,True,False,False,True,True,False,removed_b,7
878,1449,0.9974,not_entailment,entailment,Выяснять отношения подшофе – одна из самых ужасных и опасных привычек многих людей. Почему опасных? Да потому что именно в таком состоянии большинство не контролируют своих эмоции и в порыве ярости могут пойти на что угодно.,У людей нет опасных привычек.,Выяснять отношения подшофе – одна из самых ужасных и опасных привычек многих людей. Почему опасных? Да потому что именно в таком состоянии большинство не контролируют своих эмоции и в порыве ярости могут пойти на что угодно.,У людей есть опасные привычки.,2,1,True,False,True,False,False,True,removed_a,6
467,2129,0.9974,not_entailment,entailment,"""Была установлена личность подозреваемого - 27-летнего мужчины. По словам задержанного, он был давно влюблен в жену убитого и различными способами добивался ее внимания. """"Так как женщина не хотела с ним общаться, он решил похитить ее мужа"""", - говорится в сообщении.""",27-летний мужчина похищен.,"""Была установлена личность подозреваемого - 27-летнего мужчины. По словам задержанного, он был давно влюблен в жену убитого и различными способами добивался ее внимания. """"Так как женщина не хотела с ним общаться, он решил похитить ее мужа"""", - говорится в сообщении.""",27-летний мужчина задержан.,2,0,True,True,False,False,False,False,removed_a,7
1105,1202,0.9974,entailment,not_entailment,"""Мировой участок Басманного суда Москвы назначил административный арест гражданскому активисту Вадиму Дергачеву за субботнюю акцию у Следственного комитета России. """"Суд назначил Дергачеву наказание в виде 10 суток ареста по статье 19.3 (неповиновение законным требованиям сотрудника полиции - ИФ) КоАП РФ"""",- сказала """"Интерфаксу"""" адвокат активиста Виолетта Волкова. Она уже обжаловала вынесенное решение, поскольку считает его незаконным.""",Активиста приговорили к аресту на 10 суток.,"""Мировой участок Басманного суда Москвы назначил административный арест гражданскому активисту Вадиму Дергачеву за субботнюю акцию у Следственного комитета России. """"Суд назначил Дергачеву наказание в виде 10 суток ареста по статье 19.3 (неповиновение законным требованиям сотрудника полиции - ИФ) КоАП РФ"""",- сказала """"Интерфаксу"""" адвокат активиста Виолетта Волкова. Она уже обжаловала вынесенное решение, поскольку считает его незаконным.""",Активиста приговорили к 10 суткам обязательных работ.,1,0,True,False,False,False,False,False,kept,22
66,2023,0.9974,not_entailment,entailment,"По информации правоохранительных органов, конфликт случился на дороге во Всеволожском районе, клирик вступил в перепалку и нанес травмы двум женщинам, с которыми не поделил дорогу. 6 сентября протодиакон Сергий Фрунза предпринял очередную попытку извиниться перед женщинами. Очередную, потому что он и его матушка уже несколько раз ходили извиняться.",Клирик и матушка ходили извиняться перед женщинами по очереди.,"По информации правоохранительных органов, конфликт случился на дороге во Всеволожском районе, клирик вступил в перепалку и нанес травмы двум женщинам, с которыми не поделил дорогу. 6 сентября протодиакон Сергий Фрунза предпринял очередную попытку извиниться перед женщинами. Очередную, потому что он и его матушка уже несколько раз ходили извиняться.","Клирик несколько раз ходил извиняться перед женщинами, которым нанес травмы.",1,1,True,False,False,True,False,False,kept,29
1862,1877,0.9973,entailment,not_entailment,"""""""Речь не идет о простом желании спортсменов сняться с соревнований, - заявил президент Федерации фигурного катания России Александр Горшков. - Для этого существуют медицинские показания. Осенью по ходу этапов """"Гран-при"""" фигуристам приходилось выступать и лечиться одновременно, но делать это довольно сложно, поскольку как следует не получается ни то ни другое"""".""",Выступать и лечиться одновременно для фигуристов непросто.,"""""""Речь не идет о простом желании спортсменов сняться с соревнований, - заявил президент Федерации фигурного катания России Александр Горшков. - Для этого существуют медицинские показания. Осенью по ходу этапов """"Гран-при"""" фигуристам приходилось выступать и лечиться одновременно, но делать это довольно сложно, поскольку как следует не получается ни то ни другое"""".""",Фигуристам легко выступать и лечиться одновременно.,0,1,False,False,False,True,False,False,kept,42
525,1704,0.9973,entailment,not_entailment,"Игроки хорошие, индивидуумы хорошие, а не сложилось. Президент предпринимала максимальные усилия, направленные на то, чтобы, найти лучшее, что есть на рынке. Мы не все могли купить, потому что бюджет клуба не всех позволял приобрести.","Президень искала лучшее, что есть на рынке.","Игроки хорошие, индивидуумы хорошие, а не сложилось. Президент предпринимала максимальные усилия, направленные на то, чтобы, найти лучшее, что есть на рынке. Мы не все могли купить, потому что бюджет клуба не всех позволял приобрести.","Президент нашла лучшее, что есть на рынке.",0,2,False,False,False,True,True,False,removed_b,5
1404,1937,0.9973,entailment,not_entailment,"В день президентских выборов американские избиратели отдают свои голоса выборщикам, которые назначаются партийными съездами на уровне штатов, их количество определяется числу представителей каждого штата в конгрессе (сенате и палате представителей). Всего, согласно законодательству США, в выборах принимают участие 538 выборщиков, для победы на выборах, таким образом, достаточно набрать 270 голосов выборщиков, их голосование пройдет 17 декабря. Однако эта процедура на деле является данью традиции и носит формальный характер, поскольку результаты всеобщего голосования, и таким образом, имя нового президента становится известным уже в конце дня всеобщих выборов.",538 выборщиков участвуют в выборах в США.,"В день президентских выборов американские избиратели отдают свои голоса выборщикам, которые назначаются партийными съездами на уровне штатов, их количество определяется числу представителей каждого штата в конгрессе (сенате и палате представителей). Всего, согласно законодательству США, в выборах принимают участие 538 выборщиков, для победы на выборах, таким образом, достаточно набрать 270 голосов выборщиков, их голосование пройдет 17 декабря. Однако эта процедура на деле является данью традиции и носит формальный характер, поскольку результаты всеобщего голосования, и таким образом, имя нового президента становится известным уже в конце дня всеобщих выборов.",538 выборщиков организуют всенародные выборы в США.,1,2,False,False,True,True,False,True,removed_b,18
953,1585,0.9972,not_entailment,entailment,"У женщины, которая почти два года терпела побои и унижения, сдали нервы.",Женщина многие годы терпела побои и унижения.,"У женщины, которая почти два года терпела побои и унижения, сдали нервы.",Женщина больше года терпела побои и унижения.,2,0,True,True,False,False,False,False,removed_a,6
1008,1442,0.9972,entailment,not_entailment,"""""""Принимая во внимание аргумент правительства, что партия после роспуска может преобразоваться в общественную организацию, суд признал неприемлемым принуждение организации принимать иную юридическую форму, чем она требует"""", - говорилось в сообщении ЕСПЧ. Судьи также отметили, что преобразование в общественную организацию не позволит республиканской партии участвовать в выборах. Судьи также сочли необоснованным роспуск партии из-за малой численности, поскольку меньшинства тоже должны иметь возможность участвовать в политической жизни.""",Судьи против роспуска партии из-за малой численности.,"""""""Принимая во внимание аргумент правительства, что партия после роспуска может преобразоваться в общественную организацию, суд признал неприемлемым принуждение организации принимать иную юридическую форму, чем она требует"""", - говорилось в сообщении ЕСПЧ. Судьи также отметили, что преобразование в общественную организацию не позволит республиканской партии участвовать в выборах. Судьи также сочли необоснованным роспуск партии из-за малой численности, поскольку меньшинства тоже должны иметь возможность участвовать в политической жизни.""",Судьи готовы распустить партию из-за малой численности.,0,1,False,False,False,True,False,False,kept,10
1423,1644,0.9971,entailment,not_entailment,"""""""И когда я узнал, какие там результаты в моей Москве, просто сегодня не мог не прийти"""", - отметил он. Чуть дальше стояла группа молодых людей с плакатами в виде """"диалогов"""" и надписью: """"Свобода выбора"""", """"Свобода должна быть не только в Facebook"""". """"Мы здесь, потому что мы против того, чтобы за нас кто-то что-то решал, хотим честности, справедливости, и чтобы нас услышали"""".""",У молодых людей были плакаты.,"""""""И когда я узнал, какие там результаты в моей Москве, просто сегодня не мог не прийти"""", - отметил он. Чуть дальше стояла группа молодых людей с плакатами в виде """"диалогов"""" и надписью: """"Свобода выбора"""", """"Свобода должна быть не только в Facebook"""". """"Мы здесь, потому что мы против того, чтобы за нас кто-то что-то решал, хотим честности, справедливости, и чтобы нас услышали"""".""",У молодых людей были флаги.,1,2,False,False,True,True,False,True,removed_b,5
813,2316,0.9971,entailment,not_entailment,"""Однако отсутствие на форуме нового вице-премьера, который предпочел Рио-де-Жанейро Санкт-Петербургу, и бурная активность вице-премьера бывшего - нынешнего президента """"Роснефти"""" Игоря Сечина, центральной фигуры непрекращающихся встреч с иностранными инвесторами, прояснили, кто тут главный. """,Сечин был центральной фигурой встреч с иностранными инвесторами.,"""Однако отсутствие на форуме нового вице-премьера, который предпочел Рио-де-Жанейро Санкт-Петербургу, и бурная активность вице-премьера бывшего - нынешнего президента """"Роснефти"""" Игоря Сечина, центральной фигуры непрекращающихся встреч с иностранными инвесторами, прояснили, кто тут главный. """,Сечин был иностранным инвестором.,1,1,True,False,False,True,False,False,kept,32
123,2273,0.9971,not_entailment,entailment,"В настоящее время производственная  мощность завода составляет 150 тысяч автомобилей в год, и при благоприятной тенденции продаж планируется до 2012 года увеличить производство до 200 тысяч автомашин. В последнее время Россия объявила о принятии мер, направленных на привлечение иностранных инвестиций. Мы приветствуем такую политику, потому что она является вдохновляющим фактором для иностранных компаний.",Мы не одобряем инвестиции из-за рубежа.,"В настоящее время производственная  мощность завода составляет 150 тысяч автомобилей в год, и при благоприятной тенденции продаж планируется до 2012 года увеличить производство до 200 тысяч автомашин. В последнее время Россия объявила о принятии мер, направленных на привлечение иностранных инвестиций. Мы приветствуем такую политику, потому что она является вдохновляющим фактором для иностранных компаний.",Мы приветствуем политику привлечения инвестиций из-за рубежа.,0,0,False,False,False,False,False,False,kept,29
426,945,0.9971,entailment,not_entailment,"""Боксер Денис Лебедев не исключил, что в команде Александра Поветкина есть предатель, который мог «подсыпать» ему допинг. Напомним, ранее стало известно, что перед боем за титул """"временного"""" чемпиона мира по версии Всемирного боксерского совета (WBC) с канадцем Бермейном Стиверном в допинг-пробе россиянина был обнаружен запрещенный препарат остарин. В результате бой был отменен, так как соперник отказался его проводить.""",Поветкина могли предать.,"""Боксер Денис Лебедев не исключил, что в команде Александра Поветкина есть предатель, который мог «подсыпать» ему допинг. Напомним, ранее стало известно, что перед боем за титул """"временного"""" чемпиона мира по версии Всемирного боксерского совета (WBC) с канадцем Бермейном Стиверном в допинг-пробе россиянина был обнаружен запрещенный препарат остарин. В результате бой был отменен, так как соперник отказался его проводить.""",Поветкину подсыпали допинг.,1,1,True,False,False,True,False,False,kept,14
1896,1992,0.9971,not_entailment,entailment,"Всего тюменскими умельцами создано 720 вариантов таких поздравлений. Деньги обещают передать в Благотворительный Фонд Константина Хабенского. - Поскольку проект все же сезонный, предпраздничный, в качестве темы была выбрана сама суть «волшебства».","""Праздничный проект никак не связан с """"волшебством"""".""","Всего тюменскими умельцами создано 720 вариантов таких поздравлений. Деньги обещают передать в Благотворительный Фонд Константина Хабенского. - Поскольку проект все же сезонный, предпраздничный, в качестве темы была выбрана сама суть «волшебства».","""Праздничный проект посвящен теме """"волшебства"""".""",0,1,False,False,False,True,False,False,kept,17
346,2107,0.9971,entailment,not_entailment,"""""""И как не подумать о том, что, используя визовый вопрос, хотят такой формой давления получить нечто другое от России на иных направлениях отношений?"""" - предположил Малосс. """"Я нахожу это недостойным, и не боюсь употребить такое слово, потому что тем самым делают заложниками миллионы людей с обеих сторон, особенно с российской, но и с нашей тоже"""".""","Малосс предполагает, что визовый вопрос используется как форма давления.","""""""И как не подумать о том, что, используя визовый вопрос, хотят такой формой давления получить нечто другое от России на иных направлениях отношений?"""" - предположил Малосс. """"Я нахожу это недостойным, и не боюсь употребить такое слово, потому что тем самым делают заложниками миллионы людей с обеих сторон, особенно с российской, но и с нашей тоже"""".""","Малосс предполагает, что сможет использовать визовый вопрос как форму давления.",0,1,False,False,False,True,False,False,kept,30
1434,1820,0.997,entailment,not_entailment,"Семейную пару мужчина ограбил в их собственной квартире, куда они сами пригласили малознакомого человека.",Грабитель пришел по приглашению.,"Семейную пару мужчина ограбил в их собственной квартире, куда они сами пригласили малознакомого человека.",Грабитель пришел без приглашения.,1,0,True,False,False,False,False,False,kept,4
300,1779,0.997,not_entailment,entailment,"Экстренные службы проводят спасательные работы с четверга без перерыва. По прибытии они обнаружили двоих мужчин – очевидцев трагедии. Во время схода лавины пострадавшие были на улице, и видели все происходящее со стороны.","Очевидцы были в здании, когда сошла лавина.","Экстренные службы проводят спасательные работы с четверга без перерыва. По прибытии они обнаружили двоих мужчин – очевидцев трагедии. Во время схода лавины пострадавшие были на улице, и видели все происходящее со стороны.","Очевидцы были на улице, когда сошла лавина.",1,0,True,False,False,False,False,False,kept,8
375,1246,0.997,not_entailment,entailment,"Видел я его в тот вечер при задержании: спокойный, как удав, сидел в машине. Теперь дурачком решил прикинуться? В магазине было несколько покупателей, ищу очевидцев, вдруг это следствию поможет.",Я нашел очевидцев.,"Видел я его в тот вечер при задержании: спокойный, как удав, сидел в машине. Теперь дурачком решил прикинуться? В магазине было несколько покупателей, ищу очевидцев, вдруг это следствию поможет.",Ищу очевидцев из числа покупателей.,1,0,True,False,False,False,False,False,kept,28
1228,1467,0.997,entailment,not_entailment,"""""""Мы должны с ней смириться"""", - заявил в Каире представитель """"Братьев-мусульман"""" Махмуд Гозлан. Сам Мухаммед Мурси заявил, что не собирается спорить с решением конституционного суда, рассмотревшим дело его соперника во втором туре Ахмада Шафика. """"Я с уважением отношусь к решению конституционного суда, так как я всегда уважаю вердикты подобных государственных институтов"""".""",Мухаммед Мурси не намерен спорить с решением конституционного суда.,"""""""Мы должны с ней смириться"""", - заявил в Каире представитель """"Братьев-мусульман"""" Махмуд Гозлан. Сам Мухаммед Мурси заявил, что не собирается спорить с решением конституционного суда, рассмотревшим дело его соперника во втором туре Ахмада Шафика. """"Я с уважением отношусь к решению конституционного суда, так как я всегда уважаю вердикты подобных государственных институтов"""".""",Мухаммед Мурси отказывается принять решение конституционного суда.,0,1,False,False,False,True,False,False,kept,18
592,1280,0.9969,not_entailment,entailment,"""Изменения в структуре МВД происходят непросто, но альтернативы им нет, заявил президент России Дмитрий Медведев на встрече с личным составом отдела МВД по Академическому району Москвы в связи с профессиональным праздником сотрудников органов внутренних дел. """"МВД должно быть эффективным, мобильным, сильным ведомством, не расхлябанным, а способным решать задачи, которые стоят во всем мире перед правоохранительными структурами, полицией, другими службами МВД"""", - подчеркнул президент. """"Я уверен, что у нас все получится, потому что преобразования назрели"""", - сказал он.""",Преобразования еще только назревают.,"""Изменения в структуре МВД происходят непросто, но альтернативы им нет, заявил президент России Дмитрий Медведев на встрече с личным составом отдела МВД по Академическому району Москвы в связи с профессиональным праздником сотрудников органов внутренних дел. """"МВД должно быть эффективным, мобильным, сильным ведомством, не расхлябанным, а способным решать задачи, которые стоят во всем мире перед правоохранительными структурами, полицией, другими службами МВД"""", - подчеркнул президент. """"Я уверен, что у нас все получится, потому что преобразования назрели"""", - сказал он.""","Медведев верит, что преобразования назрели.",0,0,False,False,False,False,False,False,kept,32
507,2117,0.9969,not_entailment,entailment,"""Председатель """"Справедливой России"""" Николай Левичев не считает свой результат, достигнутый на выборах мэра Москвы, провальным. """"Провальной кампанию я не считаю, провальной она была бы, если б мы не участвовали"""", - сказал Левичев на пресс-конференции в центральном офисе """"Интерфакса"""" в понедельник. Он не считает, что выборы были честными, поскольку """"борьба велась в неравных условиях"""".""",Левичев признал свой результат на выборах провальным.,"""Председатель """"Справедливой России"""" Николай Левичев не считает свой результат, достигнутый на выборах мэра Москвы, провальным. """"Провальной кампанию я не считаю, провальной она была бы, если б мы не участвовали"""", - сказал Левичев на пресс-конференции в центральном офисе """"Интерфакса"""" в понедельник. Он не считает, что выборы были честными, поскольку """"борьба велась в неравных условиях"""".""","Левичев считает, что если участвовал в выборах, то это уже не провал.",1,0,True,False,False,False,False,False,kept,43
189,2196,0.9969,not_entailment,entailment,"По следам, оставленным на месте преступления, было установлено, что налетчиком является 38-летний ранее судимый мужчина. Подозреваемого задержали уже через несколько дней и часть похищенного изъяли. Он рассказал полицейским, что сознательно пошел на ограбление.","По следам было видно, что налетчика судили ранее.","По следам, оставленным на месте преступления, было установлено, что налетчиком является 38-летний ранее судимый мужчина. Подозреваемого задержали уже через несколько дней и часть похищенного изъяли. Он рассказал полицейским, что сознательно пошел на ограбление.",По следам установили личность налетчика.,2,0,True,False,True,False,False,False,removed_a,28
28,431,0.9969,entailment,not_entailment,"Видимо, ему стало скучно в незнакомом городе, и он решил развлечься. Мужчина посчитал, что его не найдут, позвонил в полицию и рассказал, что одна из улиц города заминирована. - Сотрудниками полиции данный звонок был проверен, установлено, что вызов ложный, возбуждено уголовное дело, - комментируют в пресс-службе суда.",Мужчина позвонил в полицию.,"Видимо, ему стало скучно в незнакомом городе, и он решил развлечься. Мужчина посчитал, что его не найдут, позвонил в полицию и рассказал, что одна из улиц города заминирована. - Сотрудниками полиции данный звонок был проверен, установлено, что вызов ложный, возбуждено уголовное дело, - комментируют в пресс-службе суда.",Одна из улиц города была заминирована.,1,2,False,False,True,True,False,True,removed_b,31
113,564,0.9969,not_entailment,entailment,"Прокурор просит огласить показания ключаря храма Христа Спасителя Михаила Рязанцева. По его словам, сам свидетель не может явиться в суд, потому что находится в командировке.",Свидетелем был прокурор.,"Прокурор просит огласить показания ключаря храма Христа Спасителя Михаила Рязанцева. По его словам, сам свидетель не может явиться в суд, потому что находится в командировке.",Свидетелем был ключарь.,2,2,True,False,True,True,False,True,removed_both,7
1458,1723,0.9969,entailment,not_entailment,"Это позволяет испаряться влаге на месте предполагаемой заплатки. В мэрии добавили, что такие кадры лучше всего отправлять непосредственно властям. Так как не всегда на данные работы выходят муниципальные подрядчики.",На месте предполагаемой заплатки испаряется влага.,"Это позволяет испаряться влаге на месте предполагаемой заплатки. В мэрии добавили, что такие кадры лучше всего отправлять непосредственно властям. Так как не всегда на данные работы выходят муниципальные подрядчики.",На месте предполагаемой заплатки не испаряется влага.,1,1,False,False,True,False,False,True,kept,3
1276,2227,0.9969,not_entailment,entailment,"Сделали горку для ребятишек, каток. Но залить своими силами смогли только горку. Никто не хочет помочь нам заливать, а ведь мы стараемся сделать хоть что-то.",Залить горку своими силами не получилось.,"Сделали горку для ребятишек, каток. Но залить своими силами смогли только горку. Никто не хочет помочь нам заливать, а ведь мы стараемся сделать хоть что-то.",Залить каток своими силами не вышло.,2,0,True,True,False,False,False,False,removed_a,13
333,910,0.9968,not_entailment,entailment,"Общественный резонанс получил и традиционный Парад Памяти. -Этим парадом мы напомнили россиянам роль Самары в годы Великой Отечественной войны. Это важно, потому что имидж региона работает на его жителей, - уточнил губернатор.",Парад Памяти - новое мероприятие.,"Общественный резонанс получил и традиционный Парад Памяти. -Этим парадом мы напомнили россиянам роль Самары в годы Великой Отечественной войны. Это важно, потому что имидж региона работает на его жителей, - уточнил губернатор.",Парад Памяти - традиционное мероприятие.,1,2,False,False,True,True,False,True,removed_b,9
200,1825,0.9968,not_entailment,entailment,"Догадки стражей порядка подтвердились. Как выяснилось, вор продал украденное. Свою вину он отрицать не стал и даже указал, кому он сбыл аппарат.","Вор продал аппарат и скрыл, кому.","Догадки стражей порядка подтвердились. Как выяснилось, вор продал украденное. Свою вину он отрицать не стал и даже указал, кому он сбыл аппарат.","Вор продал аппарат и сказал, кому.",0,2,False,False,False,True,True,False,removed_b,3
624,2115,0.9968,entailment,not_entailment,"Королева Великобритании Елизавета II одобрила принятый ранее парламентом законопроект о легализации однополых браков, сообщают в среду местные СМИ. Таким образом, этот нормативный акт вступил в законную силу. Ожидается, что первые однополые браки будут заключены не ранее следующего лета, так как властям страны необходимо разрешить ряд бюрократических вопросов, связанных с регистрацией таких союзов.",Английская королева легализовала однополые браки.,"Королева Великобритании Елизавета II одобрила принятый ранее парламентом законопроект о легализации однополых браков, сообщают в среду местные СМИ. Таким образом, этот нормативный акт вступил в законную силу. Ожидается, что первые однополые браки будут заключены не ранее следующего лета, так как властям страны необходимо разрешить ряд бюрократических вопросов, связанных с регистрацией таких союзов.",Власти Великобритании уже регистрируют первые однополые браки.,1,0,True,False,False,False,False,False,kept,38
67,2121,0.9967,entailment,not_entailment,"При вынесении решения судья учла положительные характеристики обвиняемого, наличие у него малолетней больной дочери, а также то, что он не сможет влиять на свидетелей, поскольку не имеет доступа в исправительную колонию №6.",Малолетняя дочь обвиняемого больна.,"При вынесении решения судья учла положительные характеристики обвиняемого, наличие у него малолетней больной дочери, а также то, что он не сможет влиять на свидетелей, поскольку не имеет доступа в исправительную колонию №6.",Малолетняя дочь обвиняемого здорова.,1,0,True,False,False,False,False,False,kept,5
1366,1711,0.9967,entailment,not_entailment,"Модельер не явился за заседание суда, чтобы избежать встречи с журналистами и не попасть в объективы камер. Адвокаты обвиняемого ранее заявили о том, что Гальяно потерял над собой контроль из-за злоупотребления алкоголем и поэтому нагрубил посетителям. Один из адвокатов сказал, что его подзащитный не помнит, что происходило в баре, так как он был болен.",Гальяно отсутствовал на заседании суда.,"Модельер не явился за заседание суда, чтобы избежать встречи с журналистами и не попасть в объективы камер. Адвокаты обвиняемого ранее заявили о том, что Гальяно потерял над собой контроль из-за злоупотребления алкоголем и поэтому нагрубил посетителям. Один из адвокатов сказал, что его подзащитный не помнит, что происходило в баре, так как он был болен.","Гальяно не помнит, что происходило в баре.",2,3,True,False,True,True,True,True,removed_both,29
1136,2096,0.9967,entailment,not_entailment,"""Как сообщалось, 15 шахтеров в понедельник 3 сентября отработали положенную смену - с 08:00 до 16:00, а по окончании смены не поднялись с горизонта минус 860 метров. Они требовали в том числе отменить незаконно введенный на предприятии ООО """"Рус-Инжиниринг"""", которое входит в """"РусАл"""" и обслуживает СУБР, скользящий график, а также повысить оклады. Ранее компания назвала действия участников акции незаконными, в том числе потому что """"шахта является объектом повышенной опасности и нахождение в ней без специальных нарядов категорически не допускается"""".""",Шахтеры протестуют в шахте.,"""Как сообщалось, 15 шахтеров в понедельник 3 сентября отработали положенную смену - с 08:00 до 16:00, а по окончании смены не поднялись с горизонта минус 860 метров. Они требовали в том числе отменить незаконно введенный на предприятии ООО """"Рус-Инжиниринг"""", которое входит в """"РусАл"""" и обслуживает СУБР, скользящий график, а также повысить оклады. Ранее компания назвала действия участников акции незаконными, в том числе потому что """"шахта является объектом повышенной опасности и нахождение в ней без специальных нарядов категорически не допускается"""".""",Шахтеры протестуют на поверхности.,1,0,True,False,False,False,False,False,kept,11
291,1318,0.9965,entailment,not_entailment,"26 июня прошлого года обвиняемый вломился в дом к 59-летнему соседу в селе Виняево Арзамасского района и жестоко избил его до полусмерти. Мужчина не смог оправиться от травм и через месяц скончался в больнице. В октябре злоумышленник был задержан. Он признал свою вину лишь частично и рассказал, что конфликт с соседом произошел из-за щенка.",Обвиняемый до полусмерти избил соседа из-за щенка.,"26 июня прошлого года обвиняемый вломился в дом к 59-летнему соседу в селе Виняево Арзамасского района и жестоко избил его до полусмерти. Мужчина не смог оправиться от травм и через месяц скончался в больнице. В октябре злоумышленник был задержан. Он признал свою вину лишь частично и рассказал, что конфликт с соседом произошел из-за щенка.",В результате конфликта двух соседей выжил только щенок.,0,0,False,False,False,False,False,False,kept,41
526,1004,0.9965,not_entailment,entailment,"Их усилиями героями рекламы сайта бесплатных объявлений стали офицеры Северного флота. Сюжет ролика незамысловат и даже напоминает те, что сейчас крутят по нашему телевидению. Два рыбака сидят с удочками и решают, что им делать с холодильником, который находится тут же, в лодке на середине озера.",У рыбаков в лодке телевизор.,"Их усилиями героями рекламы сайта бесплатных объявлений стали офицеры Северного флота. Сюжет ролика незамысловат и даже напоминает те, что сейчас крутят по нашему телевидению. Два рыбака сидят с удочками и решают, что им делать с холодильником, который находится тут же, в лодке на середине озера.",У рыбаков в лодке холодильник.,1,1,False,False,True,False,False,True,kept,9
1493,1749,0.9965,entailment,not_entailment,"Сыграло ли это событие роль в решении обвиняемого начать работать на иностранную разведку, пока не известно. Рассмотрение дела Дивенни по существу начнется 12 декабря. Поскольку речь идет о секретных материалах, часть процесса будет проходить в закрытом режиме.",Дивенни мог работать на иностранную разведку.,"Сыграло ли это событие роль в решении обвиняемого начать работать на иностранную разведку, пока не известно. Рассмотрение дела Дивенни по существу начнется 12 декабря. Поскольку речь идет о секретных материалах, часть процесса будет проходить в закрытом режиме.",Дивенни однозначно работал на иностранную разведку.,2,0,True,True,False,False,False,False,removed_a,11
1542,1706,0.9964,not_entailment,entailment,"Как установили стражи порядка, злоумышленники действовали по заранее разработанной схеме. На сайте бесплатных объявлений подбирали предложение о продаже недвижимости или авто. Звонили продавцу, предлагали предоплату.",Схему злоумышленники придумывали на ходу.,"Как установили стражи порядка, злоумышленники действовали по заранее разработанной схеме. На сайте бесплатных объявлений подбирали предложение о продаже недвижимости или авто. Звонили продавцу, предлагали предоплату.",Схема у злоумышленников была разработана заранее.,0,0,False,False,False,False,False,False,kept,24
352,1435,0.9964,entailment,not_entailment,"""""""Росатом"""" рассматривает возможность строительства новых энергоблоков на АЭС """"Бушер"""" в Иране, иранская сторона уже высказывала подобное предложение, сообщил глава """"Росатома"""" Сергей Кириенко. """"Мы прорабатываем, соответствующее поручение у нас есть. Поскольку строительство именно атомных энергоблоков не вызывает сомнения у международного сообщества, никаким образом не относится к вопросам чувствительным, поэтому это возможно.""",Строительство атомных энергоблоков не смущает международное сообщество.,"""""""Росатом"""" рассматривает возможность строительства новых энергоблоков на АЭС """"Бушер"""" в Иране, иранская сторона уже высказывала подобное предложение, сообщил глава """"Росатома"""" Сергей Кириенко. """"Мы прорабатываем, соответствующее поручение у нас есть. Поскольку строительство именно атомных энергоблоков не вызывает сомнения у международного сообщества, никаким образом не относится к вопросам чувствительным, поэтому это возможно.""",Строительство атомных энергоблоков угнетает мировое сообщество.,1,0,True,False,False,False,False,False,kept,15
1216,2154,0.9963,not_entailment,entailment,"Об этом вечером во вторник, 17 января, сообщила пресс-служба Спасательного департамента, отметив, что немецкую противотанковую мину Tellermine 42 обнаружили в на улице Кеэвисе в ходе земляных работ. Спасатели эвакуировали жителей окрестных домов, офисов и складских помещений. Уничтожать мину на месте не стали, поскольку это угрожало повреждению трассы трубопровода.",В ходе земляных работ нашли воду.,"Об этом вечером во вторник, 17 января, сообщила пресс-служба Спасательного департамента, отметив, что немецкую противотанковую мину Tellermine 42 обнаружили в на улице Кеэвисе в ходе земляных работ. Спасатели эвакуировали жителей окрестных домов, офисов и складских помещений. Уничтожать мину на месте не стали, поскольку это угрожало повреждению трассы трубопровода.",В ходе земляных работ нашли мину.,2,1,True,False,True,False,False,True,removed_a,3
670,1305,0.9963,entailment,not_entailment,"""Выйдя за территорию митинга, я с удивлением обнаружил, что, несмотря на то, что начался он всего 40 минут назад, многие уже расходятся - поток людей уверенно двигался вдоль Кутузовского проспекта в сторону станции """"Парк Победы"""", которая, к слову, была до завершения мероприятия закрыта на вход. Впечатлениями от митинга пришедшие делились неохотно. Одна женщина с георгиевской ленточкой сообщила, что ей все понравилось, поскольку """"был чай"""".""",Народ с митинга уверенно расходился.,"""Выйдя за территорию митинга, я с удивлением обнаружил, что, несмотря на то, что начался он всего 40 минут назад, многие уже расходятся - поток людей уверенно двигался вдоль Кутузовского проспекта в сторону станции """"Парк Победы"""", которая, к слову, была до завершения мероприятия закрыта на вход. Впечатлениями от митинга пришедшие делились неохотно. Одна женщина с георгиевской ленточкой сообщила, что ей все понравилось, поскольку """"был чай"""".""",Народ уверенно сходился на митинг.,2,0,True,True,False,False,False,False,removed_a,22
347,742,0.9963,entailment,not_entailment,"""""""От своих действий я не отказываюсь, я стрелял, но, видит Бог, ничьей смерти я не хотел. Я просто хотел предотвратить нападение на меня, - сказал Черкесов. - Я ходатайствовал о суде присяжных, потому что хотел, чтобы меня судил народ"""".""","Черкесов утверждает, что не хотел ничьей смерти.","""""""От своих действий я не отказываюсь, я стрелял, но, видит Бог, ничьей смерти я не хотел. Я просто хотел предотвратить нападение на меня, - сказал Черкесов. - Я ходатайствовал о суде присяжных, потому что хотел, чтобы меня судил народ"""".""",Черкесов не хотел ничьей смерти.,2,1,True,True,False,True,False,False,removed_a,16
1054,1656,0.9962,entailment,not_entailment,"В суде установили, что у ООО «Бежицкие маршрутные такси» есть лицензия и два договора с администрацией на перевозку пассажиров по маршруту «улица Молокова – Бордовичский водозабор», - говорится на сайте арбитражного суда Брянской области.",ООО «Бежицкие маршрутные такси» имеет право возить пассажиров по улице Молокова.,"В суде установили, что у ООО «Бежицкие маршрутные такси» есть лицензия и два договора с администрацией на перевозку пассажиров по маршруту «улица Молокова – Бордовичский водозабор», - говорится на сайте арбитражного суда Брянской области.",У ООО «Бежицкие маршрутные такси» нет права возить пассажиров по улице Молокова.,0,1,False,False,False,True,False,False,kept,6
1043,1498,0.9962,entailment,not_entailment,"В дальнейшем система электронного доступа будет развиваться. Электронные замки предполагается поставить и на другие кабинеты. Правда, вероятнее всего, это будут модели попроще – которые открываются магнитной картой.",Электронных замков станет больше.,"В дальнейшем система электронного доступа будет развиваться. Электронные замки предполагается поставить и на другие кабинеты. Правда, вероятнее всего, это будут модели попроще – которые открываются магнитной картой.",Электронных замков станет меньше.,1,0,True,False,False,False,False,False,kept,3
524,588,0.9962,entailment,not_entailment,"""В суде Центрального района Сочи завершилось рассмотрение уголовного дела в отношении 81-летнего местного жителя, который застрелил обидчика своей дочери. """"Степан Вагин приговорен к трем годам лишения свободы условно с испытательным сроком два года"""", - сообщил агентству """"Интерфакс-Юг"""" в пятницу адвокат подсудимого Илья Иванов. По его словам, суд сделал снисхождение пенсионеру, поскольку он является тружеником тыла и инвалидом второй группы, и назначил наказание """"ниже низшего предела"""".""",81-летний пенсионер застрелил обидчика дочери.,"""В суде Центрального района Сочи завершилось рассмотрение уголовного дела в отношении 81-летнего местного жителя, который застрелил обидчика своей дочери. """"Степан Вагин приговорен к трем годам лишения свободы условно с испытательным сроком два года"""", - сообщил агентству """"Интерфакс-Юг"""" в пятницу адвокат подсудимого Илья Иванов. По его словам, суд сделал снисхождение пенсионеру, поскольку он является тружеником тыла и инвалидом второй группы, и назначил наказание """"ниже низшего предела"""".""",Суд не пощадил пенсионера.,0,0,False,False,False,False,False,False,kept,33
816,2213,0.9962,entailment,not_entailment,"""""""Для принятия  конституционных  изменений мы  проведем  референдум, поскольку  конституция  не  принадлежит  государству,  она   принадлежит  народу"""", -  заявил президент.""","Президент сказал, что конституция принадлежит народу.","""""""Для принятия  конституционных  изменений мы  проведем  референдум, поскольку  конституция  не  принадлежит  государству,  она   принадлежит  народу"""", -  заявил президент.""","Президент сказал, что все принадлежит народу.",0,1,False,False,False,True,False,False,kept,10
476,2267,0.9961,not_entailment,entailment,"Предприимчивый, но не работающий 29-летний ковдорчанин, съезжая со съемной квартиры, решил прихватить оттуда еще и половину вещей, принадлежащих хозяевам. - По словам потерпевшей, из ее квартиры в Полярном переулке пропала бытовая техника и мебель на общую сумму в 81 тысячу рублей, - рассказали в пресс-службе УМВД по Мурманской области. - Так как квартиру никто не взламывал, в преступлении заподозрили мужчину, который арендовал квартиру у владелицы.",Ковдорчанин съехал с квартиры вместе со всеми вещами хозяев.,"Предприимчивый, но не работающий 29-летний ковдорчанин, съезжая со съемной квартиры, решил прихватить оттуда еще и половину вещей, принадлежащих хозяевам. - По словам потерпевшей, из ее квартиры в Полярном переулке пропала бытовая техника и мебель на общую сумму в 81 тысячу рублей, - рассказали в пресс-службе УМВД по Мурманской области. - Так как квартиру никто не взламывал, в преступлении заподозрили мужчину, который арендовал квартиру у владелицы.",У потерпевшей пропала бытовая техника и мебель на общую сумму в 81 тысячу рублей.,1,1,False,False,True,False,False,True,kept,60
467,1064,0.9961,not_entailment,entailment,"""Была установлена личность подозреваемого - 27-летнего мужчины. По словам задержанного, он был давно влюблен в жену убитого и различными способами добивался ее внимания. """"Так как женщина не хотела с ним общаться, он решил похитить ее мужа"""", - говорится в сообщении.""",27-летний мужчина похищен.,"""Была установлена личность подозреваемого - 27-летнего мужчины. По словам задержанного, он был давно влюблен в жену убитого и различными способами добивался ее внимания. """"Так как женщина не хотела с ним общаться, он решил похитить ее мужа"""", - говорится в сообщении.""",27-летний мужчина похитил мужа своей возлюбленной.,2,0,True,True,False,False,False,False,removed_a,25
1583,2193,0.9961,not_entailment,entailment,"Конец месяца – время покупать проездные билеты на следующий. С 26 декабря в продажу поступили абонементы на горэлектротранспорт. Правда, пассажирам придется раскошелиться, поскольку с первого января тарифы заметно возрастут.",Абонементы на горэлектротранспорт отменяются.,"Конец месяца – время покупать проездные билеты на следующий. С 26 декабря в продажу поступили абонементы на горэлектротранспорт. Правда, пассажирам придется раскошелиться, поскольку с первого января тарифы заметно возрастут.",Абонементы на горэлектротранспорт уже в продаже.,0,1,False,False,False,True,False,False,kept,13
386,1873,0.9959,entailment,not_entailment,"Чиновники обещают, что все бригады будут функционировать в круглосуточном режиме «Повышенной готовности».","Есть вероятность, что все будет так, как обещали чиновники.","Чиновники обещают, что все бригады будут функционировать в круглосуточном режиме «Повышенной готовности».","Все будет именно так, как обещали чиновники.",2,1,True,False,True,False,False,True,removed_a,26
844,1867,0.9959,not_entailment,entailment,"Со стороны пр. Ленина городок обрамляют ледяные горы и деревья с подсветкой. От заливки катка пришлось отказать, так как площадь с уклоном.",По всему городу есть деревья с подсветкой.,"Со стороны пр. Ленина городок обрамляют ледяные горы и деревья с подсветкой. От заливки катка пришлось отказать, так как площадь с уклоном.",Рядом с городком есть деревья с подсветкой.,1,1,False,False,True,False,False,True,kept,11
1095,1691,0.9959,entailment,not_entailment,"Как сообщили в Дальневосточном следственном управлении на транспорте, двое из них обвиняются в получении взятки, третий - в посредничестве во взяточничестве.",Все три обвинения связаны со взятками.,"Как сообщили в Дальневосточном следственном управлении на транспорте, двое из них обвиняются в получении взятки, третий - в посредничестве во взяточничестве.",Только два из трех обвинений связаны со взятками.,1,0,True,False,False,False,False,False,kept,16
1141,1740,0.9959,not_entailment,entailment,"По данным следствия, в июне прошлого года в подъезде одного из домов по улице Отрадной обвиняемый избил свою бывшую супругу и сломал ей палец.",Обвиняемый сломал руку бывшей супруге.,"По данным следствия, в июне прошлого года в подъезде одного из домов по улице Отрадной обвиняемый избил свою бывшую супругу и сломал ей палец.",Обвиняемый сломал палец бывшей супруге.,3,3,True,True,True,True,True,True,removed_both,5
351,1099,0.9958,entailment,not_entailment,"Врачи поставили ей диагноз: «алкогольное опьянение». Данным фактом заинтересовалась областная прокуратура. - В настоящее время проводится проверка, выясняются подробности происшествия, а также при каких обстоятельствах был приобретен алкогольный напиток.",Врачи диагностировали алкогольное опьянение.,"Врачи поставили ей диагноз: «алкогольное опьянение». Данным фактом заинтересовалась областная прокуратура. - В настоящее время проводится проверка, выясняются подробности происшествия, а также при каких обстоятельствах был приобретен алкогольный напиток.",Врачи испытали алкогольное опьянение.,1,1,False,False,True,False,False,True,kept,10
1863,1949,0.9958,entailment,not_entailment,"По словам представителя правительства Германии Штеффена Зайберта, новый американский лидер Дональд Трамп пригласил главу немецкого правительства в Вашингтон в ходе состоявшегося между ними в минувшую субботу телефонного разговора.","Есть информация, что в субботу Трамп по телефону пригласил главу немецкого правительства в Вашингтон.","По словам представителя правительства Германии Штеффена Зайберта, новый американский лидер Дональд Трамп пригласил главу немецкого правительства в Вашингтон в ходе состоявшегося между ними в минувшую субботу телефонного разговора.","Есть информация, что в субботу Трамп был в Германии.",1,1,False,False,True,False,False,True,kept,55
1730,1913,0.9958,entailment,not_entailment,"""Вот так мурманский кот остался без опеки перед 20-летием. Старика передали волонтерам, которые нашли у него тяжелую хворь. - Врачи называют эту болезнь """"дорогой в никуда"""", потому что лечению она не поддается.""",Мурманский кот стар.,"""Вот так мурманский кот остался без опеки перед 20-летием. Старика передали волонтерам, которые нашли у него тяжелую хворь. - Врачи называют эту болезнь """"дорогой в никуда"""", потому что лечению она не поддается.""",Мурманский кот юн.,0,0,False,False,False,False,False,False,kept,4
176,2272,0.9958,entailment,not_entailment,"Разве они могли встречаться и общаться со мной, если бы грязь, которая на меня выливается, была правдой? Это черный пиар, и нечистые на руку люди делают это для того, чтобы облить меня грязью. Грязь ко мне не прилипает, она просто отпадает, потому что я никакого отношения к этим фактам не имею.","Грязь, которая на меня выливается, - ложь.","Разве они могли встречаться и общаться со мной, если бы грязь, которая на меня выливается, была правдой? Это черный пиар, и нечистые на руку люди делают это для того, чтобы облить меня грязью. Грязь ко мне не прилипает, она просто отпадает, потому что я никакого отношения к этим фактам не имею.","Грязь, которая на меня выливается, - правда.",1,1,True,False,False,True,False,False,kept,6
60,989,0.9957,not_entailment,entailment,"Но как говорят в Брянской городской администрации, при повторной проверке проверяющие уже не нашли нарушений. - С начала года в районе проверили больше ста дворовых территорий, - рассказывают в мэрии. - Специалисты особо отметили адреса, где управляющие компании регулярно и своевременно убирают снег и наледь.",Повторная проверка выявила еще больше нарушений.,"Но как говорят в Брянской городской администрации, при повторной проверке проверяющие уже не нашли нарушений. - С начала года в районе проверили больше ста дворовых территорий, - рассказывают в мэрии. - Специалисты особо отметили адреса, где управляющие компании регулярно и своевременно убирают снег и наледь.",К повторной проверке управляющие компании подготовились лучше.,0,2,False,False,False,True,True,False,removed_b,40
220,1070,0.9957,not_entailment,entailment,"Соревнования прошли в бескомпромиссной борьбе, но в этот день случилось более знаковое событие, которое затмило все остальные.",События были бескомпромиссными,"Соревнования прошли в бескомпромиссной борьбе, но в этот день случилось более знаковое событие, которое затмило все остальные.",Борьба была бескомпромиссной.,3,2,True,True,True,True,False,True,removed_both,10
1653,2288,0.9957,entailment,not_entailment,"Огонь оказался настолько сильным, что бушующие языки пламени вырывались прямо с балкона. Заметившие происходящее очевидцы вызвали пожарных. По словам свидетелей, жилец полыхающей квартиры укрылся от огня на соседнем балконе – по всей видимости, пламя отрезало ему путь к входной двери.",Пожарных вызвали очевидцы.,"Огонь оказался настолько сильным, что бушующие языки пламени вырывались прямо с балкона. Заметившие происходящее очевидцы вызвали пожарных. По словам свидетелей, жилец полыхающей квартиры укрылся от огня на соседнем балконе – по всей видимости, пламя отрезало ему путь к входной двери.",В горящей квартире не было балкона.,0,0,False,False,False,False,False,False,kept,29
824,2212,0.9956,entailment,not_entailment,"Оперативники выехали на место происшествия и выяснили, что злоумышленник попал в квартиру, сумев подобрать ключи к входной двери. Нашли силовики и отпечатки его пальцев, благодаря чему сумели в скором времени задержать подозреваемого.",Преступник подобрал ключи к замку.,"Оперативники выехали на место происшествия и выяснили, что злоумышленник попал в квартиру, сумев подобрать ключи к входной двери. Нашли силовики и отпечатки его пальцев, благодаря чему сумели в скором времени задержать подозреваемого.",Злоумышленник так и не подобрал ключи к замку.,0,0,False,False,False,False,False,False,kept,19
197,958,0.9956,not_entailment,entailment,"Это является тяжким вредом здоровью. После этого на подозреваемого завели уголовное дело. Полицейским удалось узнать, что мобильник он сдал в местный ломбард, а сам уехал за пределы области.",Составлен административный протокол.,"Это является тяжким вредом здоровью. После этого на подозреваемого завели уголовное дело. Полицейским удалось узнать, что мобильник он сдал в местный ломбард, а сам уехал за пределы области.",Завели уголовное дело.,1,1,False,False,True,False,False,True,kept,27
997,2002,0.9956,not_entailment,entailment,"""""""Я надеюсь, они услышат. Это касается премий, доходов.... Нужно понимать, в какой стране мы живем, и не раздражать людей"""", - подчеркнул президент. Позже он добавил: """"То, что пресса """"пощипывает"""" представителей крупного бизнеса и чиновников - это хорошо"""".""","""Президент расстроен, что пресса """"пощипывает"""" чиновников и представителей крупного бизнеса.""","""""""Я надеюсь, они услышат. Это касается премий, доходов.... Нужно понимать, в какой стране мы живем, и не раздражать людей"""", - подчеркнул президент. Позже он добавил: """"То, что пресса """"пощипывает"""" представителей крупного бизнеса и чиновников - это хорошо"""".""","""Президент доволен, что пресса """"пощипывает"""" чиновников и представителей крупного бизнеса.""",2,0,True,True,False,False,False,False,removed_a,7
606,1020,0.9956,not_entailment,entailment,"В отделение полиции обратился пациент больницы. Он объяснил, что вышел на несколько минут, а когда вернулся, не обнаружил в палате планшет и своего соседа. Как оказалось, пока мужчины не было, другой больной забрал планшет, связал несколько простыней и по ним сбежал через окно.",У пациента есть еще один планшет.,"В отделение полиции обратился пациент больницы. Он объяснил, что вышел на несколько минут, а когда вернулся, не обнаружил в палате планшет и своего соседа. Как оказалось, пока мужчины не было, другой больной забрал планшет, связал несколько простыней и по ним сбежал через окно.",У больного украли планшет.,1,0,False,False,True,False,False,False,kept,19
610,1665,0.9954,not_entailment,entailment,"Как уточняет ярославская областная прокуратура, жителям одного из подъездов пришлось самим мыть грязные лестницы, потому что этого не делали сотрудники управляющей компании.",Управляющая компания отмыла весь подъезд.,"Как уточняет ярославская областная прокуратура, жителям одного из подъездов пришлось самим мыть грязные лестницы, потому что этого не делали сотрудники управляющей компании.",Управляющая компания оставила подъезд грязным.,0,1,False,False,False,True,False,False,kept,16
999,1308,0.9954,entailment,not_entailment,"""В ходе оперативных мероприятий проверялась информация, предоставляемая экстрасенсами. """"Мы не отказываемся ни от какой помощи, особенно когда речь идет о судьбе ребенка. Мы пользуемся услугами экстрасенсов, но исключительно избирательно, поскольку у нас есть как положительный, так и отрицательный опыт работы с ними"""", - сказал он.""","Информацию, полученную от экстрасенсов, оперативники проверяли.","""В ходе оперативных мероприятий проверялась информация, предоставляемая экстрасенсами. """"Мы не отказываемся ни от какой помощи, особенно когда речь идет о судьбе ребенка. Мы пользуемся услугами экстрасенсов, но исключительно избирательно, поскольку у нас есть как положительный, так и отрицательный опыт работы с ними"""", - сказал он.""","Информацию, полученную от экстрасенсов, оперативники принимали на веру.",0,0,False,False,False,False,False,False,kept,13
326,889,0.9954,entailment,not_entailment,"15 сентября 2012 г. во второй половине дня в сквере на пл. Свободы при проведении несанкционированного администрацией Нижнего Новгорода митинга сотрудники ОМОН УТ МВД России по ПФО охраняли общественный порядок. Так как публичное мероприятие не было согласовано, полицейские требовали, чтобы собравшиеся разошлись.","Полицейские требовали, чтобы собравшиеся разошлись.","15 сентября 2012 г. во второй половине дня в сквере на пл. Свободы при проведении несанкционированного администрацией Нижнего Новгорода митинга сотрудники ОМОН УТ МВД России по ПФО охраняли общественный порядок. Так как публичное мероприятие не было согласовано, полицейские требовали, чтобы собравшиеся разошлись.",Полицейские разгоняли собравшихся силой.,1,1,False,False,True,False,False,True,kept,22
59,1089,0.9953,entailment,not_entailment,"Прошу подойти ответственно к этому вопросу. Поставить галочку и забыть — не выйдет. Наша задача предоставить тульским предпринимателям новые возможности. Что губернатор сказал про медицину, читайте здесь.",Вопрос требует ответственного подхода.,"Прошу подойти ответственно к этому вопросу. Поставить галочку и забыть — не выйдет. Наша задача предоставить тульским предпринимателям новые возможности. Что губернатор сказал про медицину, читайте здесь.",Вопрос требует второго подхода.,2,1,True,False,True,False,False,True,removed_a,9
494,1345,0.9953,entailment,not_entailment,"В настоящий момент полицейские взяли в кольцо активистов оппозиции на углу Тверской и Садово-Триумфальной улицы и начали задерживать их. Полицейские затаскивают участников шествия в автозаки. Они призывают освободить проход, чтобы не мешать движению пешеходов, однако это сделать затруднительно, поскольку сотрудники полиции оцепили оппозиционеров и не дают выйти из этого оцепления, в том числе журналистов.",Активисты оказались взяты в кольцо полицейскими.,"В настоящий момент полицейские взяли в кольцо активистов оппозиции на углу Тверской и Садово-Триумфальной улицы и начали задерживать их. Полицейские затаскивают участников шествия в автозаки. Они призывают освободить проход, чтобы не мешать движению пешеходов, однако это сделать затруднительно, поскольку сотрудники полиции оцепили оппозиционеров и не дают выйти из этого оцепления, в том числе журналистов.",Активисты оказались в кругу друзей.,0,0,False,False,False,False,False,False,kept,21
692,1923,0.9952,not_entailment,entailment,"""Фильм """"Невинность мусульман"""", удаленный из социальной сети """"ВКонтакте"""", больше не появится на ресурсе, но там останутся ролики о нем. """"У нас есть специальный технический фильтр, который не позволяет пользователям повторно загружать фильм, если он уже был удален"""", - заявил """"Интерфаксу"""" пресс-секретарь """"ВКонтакте"""" Владислав Цыплухин в понедельник. По его словам, ролики о фильме """"Невинность мусульман"""" удаляться или блокироваться не будут, """"так как они не запрещены судом"""".""","""Фильм """"Невинность мусульман"""" и ролики о нем не запрещены судом.""","""Фильм """"Невинность мусульман"""", удаленный из социальной сети """"ВКонтакте"""", больше не появится на ресурсе, но там останутся ролики о нем. """"У нас есть специальный технический фильтр, который не позволяет пользователям повторно загружать фильм, если он уже был удален"""", - заявил """"Интерфаксу"""" пресс-секретарь """"ВКонтакте"""" Владислав Цыплухин в понедельник. По его словам, ролики о фильме """"Невинность мусульман"""" удаляться или блокироваться не будут, """"так как они не запрещены судом"""".""","""Фильм """"Невинность мусульман"""" удален из """"ВКонтакте"""".""",2,0,True,True,False,False,False,False,removed_a,28
188,502,0.9952,not_entailment,entailment,"Он находится недалеко от дома, где жил подросток. Согласно предварительной версии, юноша покончил с собой. Напомним, ранее по факту пропажи подростка возбудили уголовное дело по статье «Убийство».",Юноша еще жив.,"Он находится недалеко от дома, где жил подросток. Согласно предварительной версии, юноша покончил с собой. Напомним, ранее по факту пропажи подростка возбудили уголовное дело по статье «Убийство».",Юноша мертв.,0,1,False,False,False,True,False,False,kept,5
86,688,0.9952,not_entailment,entailment,"""""""И это не огульное заявление, а информация, основанная на адекватных научных исследованиях. Но это не значит, что мы снимаем контроль, наоборот. Мы продолжаем наблюдения и усиливаем эту работу, поскольку это может проявиться через несколько лет"""", - сообщил тогда врач.""",Врач пообещал снять наблюдение.,"""""""И это не огульное заявление, а информация, основанная на адекватных научных исследованиях. Но это не значит, что мы снимаем контроль, наоборот. Мы продолжаем наблюдения и усиливаем эту работу, поскольку это может проявиться через несколько лет"""", - сообщил тогда врач.""",Врач пообещал продолжать наблюдение.,2,0,True,True,False,False,False,False,removed_a,8
805,1065,0.9952,not_entailment,entailment,"В Нижегородской области выясняют причины крупного пожара, в результате которого сгорел дом и пострадал подросток.",В Нижегородской области сгорел подросток.,"В Нижегородской области выясняют причины крупного пожара, в результате которого сгорел дом и пострадал подросток.",В Нижегородской области пострадал подросток.,3,2,True,True,True,False,True,True,removed_both,7
1097,1160,0.9951,entailment,not_entailment,"Косвенная связь есть. Она человек публичный, таскала меня с собой на все светские мероприятия. Когда все это закончилось, остался один футбол, и все стало лучше.","Все стало лучше, когда она перестала таскать меня на все светские мероприятия.","Косвенная связь есть. Она человек публичный, таскала меня с собой на все светские мероприятия. Когда все это закончилось, остался один футбол, и все стало лучше.",Она не перестала таскать меня на светские мероприятия.,0,0,False,False,False,False,False,False,kept,27
1006,2033,0.995,not_entailment,entailment,"""В момент совершения преступления был одет во все черное. """"Его приметы: был одет в синюю куртку фирмы """"Найк"""", серые спортивные штаны, черную вязаную шапку, волосы до плеч"""", - отмечает пресс-служба ведомства. Сотрудники полиции просят горожан не выходить на улицу, так как в городе проходит спецоперация.""",В городе действуют врачи.,"""В момент совершения преступления был одет во все черное. """"Его приметы: был одет в синюю куртку фирмы """"Найк"""", серые спортивные штаны, черную вязаную шапку, волосы до плеч"""", - отмечает пресс-служба ведомства. Сотрудники полиции просят горожан не выходить на улицу, так как в городе проходит спецоперация.""",В городе проходит спецоперация.,1,1,False,False,True,False,False,True,kept,17
807,1088,0.9949,not_entailment,entailment,"""Береговой в суде пожаловался на противоправные действия и угрозы со стороны друзей Агафонова. """"После инцидента 15 августа 2011 г. ко мне приезжал молодой человек со стороны Агафонова, он требовал видеозапись с камер наблюдения, - рассказал он. По его словам, угрожавший обещал """"всем устроить, так как побили хорошего человека"""".""",Береговой жаловался на качество видеозаписи.,"""Береговой в суде пожаловался на противоправные действия и угрозы со стороны друзей Агафонова. """"После инцидента 15 августа 2011 г. ко мне приезжал молодой человек со стороны Агафонова, он требовал видеозапись с камер наблюдения, - рассказал он. По его словам, угрожавший обещал """"всем устроить, так как побили хорошего человека"""".""",Береговой жаловался в суде на друзей Агафонова.,2,1,True,False,True,False,False,True,removed_a,23
943,1006,0.9949,entailment,not_entailment,"""В момент совершения преступления был одет во все черное. """"Его приметы: был одет в синюю куртку фирмы """"Найк"""", серые спортивные штаны, черную вязаную шапку, волосы до плеч"""", - отмечает пресс-служба ведомства. Сотрудники полиции просят горожан не выходить на улицу, так как в городе проходит спецоперация.""",В городе идет спецоперация.,"""В момент совершения преступления был одет во все черное. """"Его приметы: был одет в синюю куртку фирмы """"Найк"""", серые спортивные штаны, черную вязаную шапку, волосы до плеч"""", - отмечает пресс-служба ведомства. Сотрудники полиции просят горожан не выходить на улицу, так как в городе проходит спецоперация.""",В городе действуют врачи.,1,1,False,False,True,False,False,True,kept,12
986,1045,0.9947,not_entailment,entailment,"Я сегодня первый раз вышла. Когда волна недовольства только начинала подниматься, я как-то равнодушно к этому отнеслась. Тогда муж сказал, что хочет пойти на Болотную - даже пыталась его отговорить, так как очень испугалась, что его могут замести.",Я отговорила мужа.,"Я сегодня первый раз вышла. Когда волна недовольства только начинала подниматься, я как-то равнодушно к этому отнеслась. Тогда муж сказал, что хочет пойти на Болотную - даже пыталась его отговорить, так как очень испугалась, что его могут замести.",Муж хотел пойти на Болотную.,2,1,True,True,False,False,False,True,removed_a,20
90,920,0.9947,not_entailment,entailment,"Судебные журналисты у нас были хорошо подготовлены, с хорошим языком, игравшие важную роль в развитии судебной системы. Если вы специализируетесь на земле, ничего в этом зазорного нет. Ваш вопрос крайне важен, потому что вопрос земли - это вопрос социальной справедливости.",Вы специализируетесь на земле.,"Судебные журналисты у нас были хорошо подготовлены, с хорошим языком, игравшие важную роль в развитии судебной системы. Если вы специализируетесь на земле, ничего в этом зазорного нет. Ваш вопрос крайне важен, потому что вопрос земли - это вопрос социальной справедливости.",Вопрос земли - это вопрос социальной справедливости.,3,1,True,True,True,False,False,True,removed_a,42
1392,1990,0.9947,not_entailment,entailment,"Сельский врач предложил ей таблетки, но она попросила сделать ей инъекцию антибиотика. Со слов доктора, он убедился, что в ампуле действительно антибиотик, и сделал укол. Самочувствие женщины резко ухудшилось, и она умерла.","Сельский врач предложил ей таблетки, но она предпочла умереть.","Сельский врач предложил ей таблетки, но она попросила сделать ей инъекцию антибиотика. Со слов доктора, он убедился, что в ампуле действительно антибиотик, и сделал укол. Самочувствие женщины резко ухудшилось, и она умерла.","Сельский врач предложил ей таблетки, но она выбрала смертельный укол.",2,0,True,True,False,False,False,False,removed_a,18
1331,2172,0.9947,entailment,not_entailment,"""Как сообщает МВД по Республике Татарстан, 19 февраля в отдел полиции """"Япеево"""" УМВД России по городу Казани был сопровожден для дачи показаний мужчина, подозреваемый в совершении кражи денег. При доставлении в отдел манера поведения и речь подозреваемого вызвали предположение, что он находится в состоянии наркотического опьянения. Так как состояние подозреваемого не позволяло его опросить, ему была вручена повестка с указанием времени прибытия в отдел полиции.""",Мужчина был в невменяемом состоянии и для опроса не годился.,"""Как сообщает МВД по Республике Татарстан, 19 февраля в отдел полиции """"Япеево"""" УМВД России по городу Казани был сопровожден для дачи показаний мужчина, подозреваемый в совершении кражи денег. При доставлении в отдел манера поведения и речь подозреваемого вызвали предположение, что он находится в состоянии наркотического опьянения. Так как состояние подозреваемого не позволяло его опросить, ему была вручена повестка с указанием времени прибытия в отдел полиции.""",Мужчина ответил на все вопросы.,1,0,True,False,False,False,False,False,kept,40
988,1573,0.9947,entailment,not_entailment,"Ежегодно свыше 400 жителей сельской местности погибают в Индии в результате столкновений с дикими слонами, сообщает министерство окружающей среды. Согласно данным ведомства, к началу 2012 года слоновье поголовье в Индии достигло 28 тысяч, при этом прирост за последние 15 лет составил 2 тысячи. Эта хорошая новость, однако, вызывает у чиновников не только радость, но и тревогу, поскольку растущие слоновьи семьи в поисках пропитания вынуждены совершать набеги на крестьянские угодья, отвоеванные у джунглей.",Слоновьи семьи разоряют крестьянские угодья.,"Ежегодно свыше 400 жителей сельской местности погибают в Индии в результате столкновений с дикими слонами, сообщает министерство окружающей среды. Согласно данным ведомства, к началу 2012 года слоновье поголовье в Индии достигло 28 тысяч, при этом прирост за последние 15 лет составил 2 тысячи. Эта хорошая новость, однако, вызывает у чиновников не только радость, но и тревогу, поскольку растущие слоновьи семьи в поисках пропитания вынуждены совершать набеги на крестьянские угодья, отвоеванные у джунглей.",Жители Индии гибнут ради столкновений с дикими слонами.,1,1,True,False,False,True,False,False,kept,42
297,499,0.9947,not_entailment,entailment,"""""""Система аккредитации - это ключевой инструмент допуска на рынок. Мы сейчас готовим закон об аккредитации, который весной хотим внести в Госдуму"""", - сказала она. """"Этот закон очень важен, потому что он будет предусматривать переход на международные стандарты аккредитации"""", - сказала она.""",Она сказала о бесполезности закона.,"""""""Система аккредитации - это ключевой инструмент допуска на рынок. Мы сейчас готовим закон об аккредитации, который весной хотим внести в Госдуму"""", - сказала она. """"Этот закон очень важен, потому что он будет предусматривать переход на международные стандарты аккредитации"""", - сказала она.""",Она сказала о важности закона.,2,1,True,False,True,False,False,True,removed_a,8
284,2242,0.9947,not_entailment,entailment,"Сейчас эта история готовится стать достоянием общественности. Свою проверку проводит следственный комитет. Как рассказали в пресс-службе ведомства, с поставщиками и подрядчиками руководство завода рассчитывалось.",История уже стала достоянием общественности.,"Сейчас эта история готовится стать достоянием общественности. Свою проверку проводит следственный комитет. Как рассказали в пресс-службе ведомства, с поставщиками и подрядчиками руководство завода рассчитывалось.",История еще не стала достоянием общественности.,0,2,False,False,False,True,True,False,removed_b,5
258,1995,0.9947,not_entailment,entailment,"В селе Доброе Липецкой области в огороде местной жительницы сотрудники полиции раскопали труп неизвестного человека, который уже превратился в скелет.",В огороде вырос труп.,"В селе Доброе Липецкой области в огороде местной жительницы сотрудники полиции раскопали труп неизвестного человека, который уже превратился в скелет.",В огороде найден труп.,1,0,True,False,False,False,False,False,kept,6
25,670,0.9946,not_entailment,entailment,"""Выйдя за территорию митинга, я с удивлением обнаружил, что, несмотря на то, что начался он всего 40 минут назад, многие уже расходятся - поток людей уверенно двигался вдоль Кутузовского проспекта в сторону станции """"Парк Победы"""", которая, к слову, была до завершения мероприятия закрыта на вход. Впечатлениями от митинга пришедшие делились неохотно. Одна женщина с георгиевской ленточкой сообщила, что ей все понравилось, поскольку """"был чай"""".""",Участники митинга охотно делились впечатлениями.,"""Выйдя за территорию митинга, я с удивлением обнаружил, что, несмотря на то, что начался он всего 40 минут назад, многие уже расходятся - поток людей уверенно двигался вдоль Кутузовского проспекта в сторону станции """"Парк Победы"""", которая, к слову, была до завершения мероприятия закрыта на вход. Впечатлениями от митинга пришедшие делились неохотно. Одна женщина с георгиевской ленточкой сообщила, что ей все понравилось, поскольку """"был чай"""".""",Народ с митинга уверенно расходился.,1,2,True,False,False,True,True,False,removed_b,33
603,1998,0.9946,entailment,not_entailment,"""""""А я никогда не был на этом телеканале, не видел его"""", - сказал """"Интерфаксу"""" Говорухин в пятницу. Также в Твиттере есть высказывания якобы от имени режиссера про изменение состава директоров """"Эха Москвы"""". """"Это тоже бред, я не мог этого заявить, потому что считаю, что это самая талантливая радиостанция, хоть я во многом с ней не согласен, на мой взгляд, она не полезна делу, которым я занимаюсь"""".""","""Говорухин назвал """"Эхо Москвы"""" самой талантливой радиостанцией.""","""""""А я никогда не был на этом телеканале, не видел его"""", - сказал """"Интерфаксу"""" Говорухин в пятницу. Также в Твиттере есть высказывания якобы от имени режиссера про изменение состава директоров """"Эха Москвы"""". """"Это тоже бред, я не мог этого заявить, потому что считаю, что это самая талантливая радиостанция, хоть я во многом с ней не согласен, на мой взгляд, она не полезна делу, которым я занимаюсь"""".""","""Говорухин не считает """"Эхо Москвы"""" талантливой радиостанцией.""",0,2,False,False,False,True,True,False,removed_b,14
606,1132,0.9946,not_entailment,entailment,"В отделение полиции обратился пациент больницы. Он объяснил, что вышел на несколько минут, а когда вернулся, не обнаружил в палате планшет и своего соседа. Как оказалось, пока мужчины не было, другой больной забрал планшет, связал несколько простыней и по ним сбежал через окно.",У пациента есть еще один планшет.,"В отделение полиции обратился пациент больницы. Он объяснил, что вышел на несколько минут, а когда вернулся, не обнаружил в палате планшет и своего соседа. Как оказалось, пока мужчины не было, другой больной забрал планшет, связал несколько простыней и по ним сбежал через окно.",Больной украл планшет соседа и сбежал через окно.,1,0,False,False,True,False,False,False,kept,40
27,172,0.9946,not_entailment,entailment,"Преступник ударил в живот сначала одну сестру, потом вторую, после чего зачем-то повел младшую в неизвестном направлении. На улице девушка стала говорить, что ей плохо. Тогда парень разбил окно в одном из домов, затащил ее туда, но, услышав, что кто-то идет, сбежал.",На улице девушке стало плохо.,"Преступник ударил в живот сначала одну сестру, потом вторую, после чего зачем-то повел младшую в неизвестном направлении. На улице девушка стала говорить, что ей плохо. Тогда парень разбил окно в одном из домов, затащил ее туда, но, услышав, что кто-то идет, сбежал.",Преступник ударил сестер по очереди.,3,2,True,True,True,True,False,True,removed_both,28
1119,1130,0.9945,entailment,not_entailment,"""По его словам, в результате падения обломков, по предварительным данным, никто не пострадал. """"Людей в тех местах находиться не должно было"""", - сказал собеседник агентства. Он также отметил: """"Мы со своей стороны не будем отправлять туда наших специалистов, поскольку не обладаем соответствующими средствами индивидуальной защиты.""",Обломки упали.,"""По его словам, в результате падения обломков, по предварительным данным, никто не пострадал. """"Людей в тех местах находиться не должно было"""", - сказал собеседник агентства. Он также отметил: """"Мы со своей стороны не будем отправлять туда наших специалистов, поскольку не обладаем соответствующими средствами индивидуальной защиты.""",Обломки не падали.,0,1,False,False,False,True,False,False,kept,5
862,1369,0.9944,entailment,not_entailment,"Он сообщил, что после митинга были задержаны, как минимум, четыре человека. Среди них член КПРФ и помощник депутата Госдумы. Как сообщили агентству в пресс-службе правительства Самарской области, уведомление, поданное организаторами митинга, не было рассмотрено, так как было составлено с ошибками.",Митинг завершился.,"Он сообщил, что после митинга были задержаны, как минимум, четыре человека. Среди них член КПРФ и помощник депутата Госдумы. Как сообщили агентству в пресс-службе правительства Самарской области, уведомление, поданное организаторами митинга, не было рассмотрено, так как было составлено с ошибками.",Митинг продолжается.,2,0,True,True,False,False,False,False,removed_a,10
602,808,0.9944,not_entailment,entailment,"""12:25 - """"Действия девушек являются злостным хулиганством, так как они заранее знали, что так себя вести в храме нельзя. Они вели себя так дерзко, что это максимально причинило боль верующим. Они совершили деяния не по незнанию, а вопреки, в Интернете они комментировали свой поступок так: а служить свой молебен будем у алтаря, потому что женщинам туда нельзя"""", - продолжает прокурор.""",Поведение девушек сделало всем верующим максимально больно.,"""12:25 - """"Действия девушек являются злостным хулиганством, так как они заранее знали, что так себя вести в храме нельзя. Они вели себя так дерзко, что это максимально причинило боль верующим. Они совершили деяния не по незнанию, а вопреки, в Интернете они комментировали свой поступок так: а служить свой молебен будем у алтаря, потому что женщинам туда нельзя"""", - продолжает прокурор.""","Прокурор назвал действия девушек дерзостью, хулиганством и максимальным причинением боли верующим.",0,0,False,False,False,False,False,False,kept,64
545,1447,0.9944,not_entailment,entailment,"""Отношение к этому фильму – как у профессора, который экзаменует главную героиню. Она вышла отвечать первая и рискует заговорить об очень неожиданных (для нее) вещах. Копнуть, задать каверзный вопрос – провалится, но профессор этого не делает, потому что рад, что хоть кто-то из студентов заговорил о том, чего никто из этих студентов знать – не """"не мог"""", а """"не захотел"""", """"не имел повода"""".""","Профессор не может сделать так, чтобы студентка провалилась.","""Отношение к этому фильму – как у профессора, который экзаменует главную героиню. Она вышла отвечать первая и рискует заговорить об очень неожиданных (для нее) вещах. Копнуть, задать каверзный вопрос – провалится, но профессор этого не делает, потому что рад, что хоть кто-то из студентов заговорил о том, чего никто из этих студентов знать – не """"не мог"""", а """"не захотел"""", """"не имел повода"""".""",Студентка порадовала профессора.,0,0,False,False,False,False,False,False,kept,46
1403,1977,0.9944,entailment,not_entailment,"""Бывший глава полиции ранее подтвердил, что он перешел на сторону мятежников. """"Я объявляю, что дезертировал из армии и присоединяюсь к народной революции"""", - говорится в видеообращении, распространенном этим военным. Он пояснил, что принял такое решение, так как сирийская армия уничтожает мирных жителей вместо того, чтобы защищать их.""",Бывший глава полиции встал на сторону народной революции.,"""Бывший глава полиции ранее подтвердил, что он перешел на сторону мятежников. """"Я объявляю, что дезертировал из армии и присоединяюсь к народной революции"""", - говорится в видеообращении, распространенном этим военным. Он пояснил, что принял такое решение, так как сирийская армия уничтожает мирных жителей вместо того, чтобы защищать их.""",Бывший глава полиции встал на другую сторону улицы.,1,0,True,False,False,False,False,False,kept,19
137,1742,0.9944,not_entailment,entailment,"Сам хозяин давно не появлялся на участке, ему позвонили соседи, обнаружив в его доме вскрытую дверь. Мужчина написал заявление в полицию, возбудили уголовное дело, и начался розыск преступников. Когда злоумышленников задержали, они признались в остальных преступлениях.",Соседи вскрыли дверь.,"Сам хозяин давно не появлялся на участке, ему позвонили соседи, обнаружив в его доме вскрытую дверь. Мужчина написал заявление в полицию, возбудили уголовное дело, и начался розыск преступников. Когда злоумышленников задержали, они признались в остальных преступлениях.","Соседей удивила открытая дверь в доме, где хозяин давно не появлялся.",0,0,False,False,False,False,False,False,kept,52
801,1223,0.9944,not_entailment,entailment,"""""""Воздушные шары символизируют открытость и честность выборов, а их количество равно числу ТИКов в республике"""", - пояснил агентству поднесший спичку к чучелу, облив его перед этим жидкостью для разведения костров, правозащитник Эдвард Мурзин. Участники митинга, организованного одним из лидеров общественного движения """"Голос Уфы"""" Андреем Андреевым, прошли колонной с речевками и знаменами несколько кварталов к площади перед Русским драмтеатром. Полиция не перекрывала движение автотранспорта, поскольку колонна участников акции двигалась только по тротуарам.""",Честность и открытость выборов символизирует колонна с речевками.,"""""""Воздушные шары символизируют открытость и честность выборов, а их количество равно числу ТИКов в республике"""", - пояснил агентству поднесший спичку к чучелу, облив его перед этим жидкостью для разведения костров, правозащитник Эдвард Мурзин. Участники митинга, организованного одним из лидеров общественного движения """"Голос Уфы"""" Андреем Андреевым, прошли колонной с речевками и знаменами несколько кварталов к площади перед Русским драмтеатром. Полиция не перекрывала движение автотранспорта, поскольку колонна участников акции двигалась только по тротуарам.""",Честность и открытость выборов символизируют воздушные шары.,3,1,True,True,True,False,False,True,removed_a,17
437,2132,0.9943,not_entailment,entailment,"""""""Думаю, нужно будет смотреть в каждом конкретном случае, так как не любое здание годится в качестве жилого дома"""", - заявил Шаронов в интервью """"Российской газете"""", которое будет опубликовано во вторник.""","""Шаронов взял интервью у редактора """"Российской газеты""""""","""""""Думаю, нужно будет смотреть в каждом конкретном случае, так как не любое здание годится в качестве жилого дома"""", - заявил Шаронов в интервью """"Российской газете"""", которое будет опубликовано во вторник.""","""Шаронов дал интервью """"Российской газете""""""",2,1,True,False,True,False,False,True,removed_a,16
569,1659,0.9943,entailment,not_entailment,"Разбив оконное стекло, преступник проник в помещение бани и вынес оттуда два электрических чайника и фонарь на общую сумму более 3500 рублей. По подозрению в совершении преступления был задержан 41-летний безработный, ранее уже привлекавшийся к уголовной ответственности. Задержанный пояснил, что в баню залез, потому что не было свидетелей, а похищенной техникой собирался пользоваться сам.",В бане было не меньше двух чайников.,"Разбив оконное стекло, преступник проник в помещение бани и вынес оттуда два электрических чайника и фонарь на общую сумму более 3500 рублей. По подозрению в совершении преступления был задержан 41-летний безработный, ранее уже привлекавшийся к уголовной ответственности. Задержанный пояснил, что в баню залез, потому что не было свидетелей, а похищенной техникой собирался пользоваться сам.",Безработный вернул в баню фонарь и два электрочайника.,1,1,False,False,True,False,False,True,kept,36
353,1019,0.9943,entailment,not_entailment,"Сироты наши герои потому, что люди убили их родителей. А другие люди нашли умиравших детенышей и выходили их, чтобы потом отпустить на волю. Это дрессировка наоборот, потому что целью ее является не вырастить друга и помощника, но вместо этого сделать шимпанзе или слона пригодным для жизни в дикой природе, не дать ему привязаться к человеку и загону.",Люди спасли осиротевших детенышей от смерти.,"Сироты наши герои потому, что люди убили их родителей. А другие люди нашли умиравших детенышей и выходили их, чтобы потом отпустить на волю. Это дрессировка наоборот, потому что целью ее является не вырастить друга и помощника, но вместо этого сделать шимпанзе или слона пригодным для жизни в дикой природе, не дать ему привязаться к человеку и загону.",Родителей этих детенышей убили звери.,0,1,False,False,False,True,False,False,kept,25
634,1721,0.9943,entailment,not_entailment,"Злоумышленники начали работать распространителями, после размещения в соцсети объявления о поиске работы. Им было предложено распространять наркотики. Они согласились, так как платили за это хорошие деньги.",Злоумышленники распространяли наркотики.,"Злоумышленники начали работать распространителями, после размещения в соцсети объявления о поиске работы. Им было предложено распространять наркотики. Они согласились, так как платили за это хорошие деньги.",Злоумышленники распространяли наркотики бесплатно.,0,0,False,False,False,False,False,False,kept,10
899,1702,0.9943,entailment,not_entailment,"""""""В нашей группе компаний идея объединенного чемпионата даже не обсуждалась. Может, где-то в курилке. Только я об этом не ведаю, поскольку не курю"""".""",Я не курю.,"""""""В нашей группе компаний идея объединенного чемпионата даже не обсуждалась. Может, где-то в курилке. Только я об этом не ведаю, поскольку не курю"""".""",Я курю только в курилке.,1,2,False,False,True,True,False,True,removed_b,17
680,2094,0.9942,not_entailment,entailment,"Однако, в ходе прокурорской проверки выяснилось, что на самом деле педагог не занимался с подопечным, его обучали только специалисты из лицея №1, за которым был закреплен мальчик. - После вмешательства педагог вернул незаконно полученный заработок. Заместителю директора интерната, который не проконтролировал исполнение обязанностей специалистом, объявлен выговор, - рассказали в пресс-службе республиканской прокуратуры.",Прокурор не занимался с подопечным.,"Однако, в ходе прокурорской проверки выяснилось, что на самом деле педагог не занимался с подопечным, его обучали только специалисты из лицея №1, за которым был закреплен мальчик. - После вмешательства педагог вернул незаконно полученный заработок. Заместителю директора интерната, который не проконтролировал исполнение обязанностей специалистом, объявлен выговор, - рассказали в пресс-службе республиканской прокуратуры.",Педагог вернул деньги.,1,0,True,False,False,False,False,False,kept,25
27,461,0.9942,not_entailment,entailment,"Преступник ударил в живот сначала одну сестру, потом вторую, после чего зачем-то повел младшую в неизвестном направлении. На улице девушка стала говорить, что ей плохо. Тогда парень разбил окно в одном из домов, затащил ее туда, но, услышав, что кто-то идет, сбежал.",На улице девушке стало плохо.,"Преступник ударил в живот сначала одну сестру, потом вторую, после чего зачем-то повел младшую в неизвестном направлении. На улице девушка стала говорить, что ей плохо. Тогда парень разбил окно в одном из домов, затащил ее туда, но, услышав, что кто-то идет, сбежал.",Преступник ударил обеих сестер в одно и то же место.,3,2,True,True,True,True,False,True,removed_both,40
475,1206,0.9942,not_entailment,entailment,"""""""Мы видели значительное количество очень посредственных команд на Чемпионате Европы во Франции, а здесь ещё почти что на треть возрастёт количество команд, которые не будут в своём составе иметь футболистов высокого международного класса», — цитирует Колоскова радиостанция «Говорит Москва». Помимо этого, возрастёт нагрузка «на выдающихся футболистов, которых в мире единицы», считает эксперт. Это произойдет, так как новый регламент значительно сокращает перерывы между играми в финальном турнире.""",Новый регламент немного уменьшает перерывы между играми в финальном турнире.,"""""""Мы видели значительное количество очень посредственных команд на Чемпионате Европы во Франции, а здесь ещё почти что на треть возрастёт количество команд, которые не будут в своём составе иметь футболистов высокого международного класса», — цитирует Колоскова радиостанция «Говорит Москва». Помимо этого, возрастёт нагрузка «на выдающихся футболистов, которых в мире единицы», считает эксперт. Это произойдет, так как новый регламент значительно сокращает перерывы между играми в финальном турнире.""","Возрастёт нагрузка «на выдающихся футболистов, которых в мире единицы».",2,0,True,True,False,False,False,False,removed_a,64
817,1096,0.9942,not_entailment,entailment,"Фотографии процесса демонтажа уже появились в социальных сетях, и, комментируя их, горожане спрашивают: что же будет построено на этом месте?",Горожане ежеминутно комментируют фотографии демонтажа.,"Фотографии процесса демонтажа уже появились в социальных сетях, и, комментируя их, горожане спрашивают: что же будет построено на этом месте?",Горожане комментируют фото демонтажа в соцсетях.,1,1,False,False,True,False,False,True,kept,28
1686,1904,0.9941,not_entailment,entailment,"Подозреваемый признал вину и пояснил, что в ту ночь им с приятелем очень хотелось выпить. Поэтому они направились в круглосуточный магазин. Но продавец отказалась продать им пиво, так как было слишком поздно.",Подозреваемый с приятелем выпили в круглосуточном магазине.,"Подозреваемый признал вину и пояснил, что в ту ночь им с приятелем очень хотелось выпить. Поэтому они направились в круглосуточный магазин. Но продавец отказалась продать им пиво, так как было слишком поздно.",Пиво им с приятелем продавать не хотели.,1,1,True,False,False,True,False,False,kept,36
1166,2152,0.9941,not_entailment,entailment,"По данным источника агентства, именно в одной из последних двух машин находился освобожденный во вторник спортсмен. Он находится под усиленной охраной и будет вывезен в безопасное место. Это сделано во избежание каких-либо инцидентов, так как у здания суда скопилось несколько десятков человек, в основном - противников такого приговора.",Спортсмена плохо охраняют.,"По данным источника агентства, именно в одной из последних двух машин находился освобожденный во вторник спортсмен. Он находится под усиленной охраной и будет вывезен в безопасное место. Это сделано во избежание каких-либо инцидентов, так как у здания суда скопилось несколько десятков человек, в основном - противников такого приговора.",Во вторник спортсмена освободили.,1,1,False,False,True,False,False,True,kept,24
122,2240,0.994,entailment,not_entailment,"Проект детского сада участвует в программе по субсидированию строительства детских дошкольных учреждений, поэтому финансироваться строительство, вероятно, будет из федерального бюджета.",Федеральный бюджет может стать источником финансирования строительства.,"Проект детского сада участвует в программе по субсидированию строительства детских дошкольных учреждений, поэтому финансироваться строительство, вероятно, будет из федерального бюджета.",Финансироваться строительство будет только из федерального бюджета.,0,0,False,False,False,False,False,False,kept,58
434,1370,0.994,entailment,not_entailment,"""""""Если эти документы там есть, то, скорее всего, для передачи в Арбитражый суд Тюменской области эти документы будут изыматься. Либо они, либо копии будут заверяться прямо на месте в офисе"""", - уточнил он. """"Компания злоупотребляет нашими правами, потому что несколько раз пристав выносил постановление, обязывающее компанию предоставить документы, но компания не реагировала на них никаким образом"""".""",Несколько раз пристав обязывал компанию предоставить документы.,"""""""Если эти документы там есть, то, скорее всего, для передачи в Арбитражый суд Тюменской области эти документы будут изыматься. Либо они, либо копии будут заверяться прямо на месте в офисе"""", - уточнил он. """"Компания злоупотребляет нашими правами, потому что несколько раз пристав выносил постановление, обязывающее компанию предоставить документы, но компания не реагировала на них никаким образом"""".""",Компания проигнорировала одно из постановлений пристава.,0,1,False,False,False,True,False,False,kept,48
624,689,0.9939,entailment,not_entailment,"Королева Великобритании Елизавета II одобрила принятый ранее парламентом законопроект о легализации однополых браков, сообщают в среду местные СМИ. Таким образом, этот нормативный акт вступил в законную силу. Ожидается, что первые однополые браки будут заключены не ранее следующего лета, так как властям страны необходимо разрешить ряд бюрократических вопросов, связанных с регистрацией таких союзов.",Английская королева легализовала однополые браки.,"Королева Великобритании Елизавета II одобрила принятый ранее парламентом законопроект о легализации однополых браков, сообщают в среду местные СМИ. Таким образом, этот нормативный акт вступил в законную силу. Ожидается, что первые однополые браки будут заключены не ранее следующего лета, так как властям страны необходимо разрешить ряд бюрократических вопросов, связанных с регистрацией таких союзов.",Английская королева закрыла парламент.,1,0,True,False,False,False,False,False,kept,23
298,488,0.9939,entailment,not_entailment,"Вместе с ними пропали также юбилейные медали, памятные и нагрудные знаки, грамоты. Очень хочется надеяться, что бабушка просто забыла, куда в последний раз положила награды — и они в конце концов найдутся. Но все может быть: мало ли, награды и правда могли похитить.",Бабушка не может найти награды.,"Вместе с ними пропали также юбилейные медали, памятные и нагрудные знаки, грамоты. Очень хочется надеяться, что бабушка просто забыла, куда в последний раз положила награды — и они в конце концов найдутся. Но все может быть: мало ли, награды и правда могли похитить.","Бабушка забыла, куда дела награды.",1,2,False,True,False,True,True,False,removed_b,16
1186,2278,0.9938,entailment,not_entailment,"""""""На требование остановиться водитель иномарки не отреагировал, а наоборот, увеличил скорость, поочередно задев две машины и чуть не сбив женщину с ребенком, переходивших дорогу"""", - сказал представитель пресс-службы. Инспекторы ГИБДД начали преследование, пытаясь прижать автомобиль к обочине, однако его водитель ударил патрульную машину. Сотрудники полиции приняли решение о применении оружия для остановки автомобиля, создававшего большую опасность для окружающих, однако сначала не смогли этого сделать, так как вокруг находились жилые дома, большое количество автомобилей на дороге и пешеходов на улице.""",Большое количество автомобилей на дороге и пешеходов на улице не позволило полицейским стрелять в преследуемую иномарку.,"""""""На требование остановиться водитель иномарки не отреагировал, а наоборот, увеличил скорость, поочередно задев две машины и чуть не сбив женщину с ребенком, переходивших дорогу"""", - сказал представитель пресс-службы. Инспекторы ГИБДД начали преследование, пытаясь прижать автомобиль к обочине, однако его водитель ударил патрульную машину. Сотрудники полиции приняли решение о применении оружия для остановки автомобиля, создававшего большую опасность для окружающих, однако сначала не смогли этого сделать, так как вокруг находились жилые дома, большое количество автомобилей на дороге и пешеходов на улице.""",Преследуемая машина смешила окружающих.,1,1,False,False,True,False,False,True,kept,99
544,591,0.9938,entailment,not_entailment,"После этого они выступят с заявлениями для прессы. Когда состоится ординарное заседание депутатов, решит постоянное бюро парламента. Напомним, что весенняя сессия должна начинаться в феврале и не может заканчиваться позднее июля.",Решение о дате ординарного заседания депутатов примет постоянное бюро парламента.,"После этого они выступят с заявлениями для прессы. Когда состоится ординарное заседание депутатов, решит постоянное бюро парламента. Напомним, что весенняя сессия должна начинаться в феврале и не может заканчиваться позднее июля.",Ординарное заседание депутатов состоится в июле.,0,0,False,False,False,False,False,False,kept,44
1125,1555,0.9937,entailment,not_entailment,"Женщину обвиняли в том, что она фиктивно ставила на учет иностранцев, регистрируя их в своей квартире. Как сообщили в облпрокуратуре, фактически она не собиралась предоставлять им жилье. Во время судебного процесса женщина свою вину признала, раскаялась и пояснила, что шла на преступления, поскольку ей требовались деньги.",Женщина раскаялась.,"Женщину обвиняли в том, что она фиктивно ставила на учет иностранцев, регистрируя их в своей квартире. Как сообщили в облпрокуратуре, фактически она не собиралась предоставлять им жилье. Во время судебного процесса женщина свою вину признала, раскаялась и пояснила, что шла на преступления, поскольку ей требовались деньги.",Женщина предоставляла иностранцам регистрацию и жилье.,1,1,False,False,True,False,False,True,kept,37
288,1523,0.9937,entailment,not_entailment,"Мужчина узнал, что женщина продает квартиру, и предложил свою помощь в сделке.","Мужчина сказал, что может помочь в сделке.","Мужчина узнал, что женщина продает квартиру, и предложил свою помощь в сделке.",Мужчина помог в сделке.,0,1,False,False,False,True,False,False,kept,20
941,1115,0.9937,not_entailment,entailment,"""Думаю, что большинство желающих стать депутатами от нашей партии уже выразили это желание на этапе праймериз. Предварительные выборы, кстати, оказались очень эффективной процедурой. Потому что у человека появляется возможность не только выразить свое желание стать депутатом, но и проверить себя, что называется, """"в поле"""".""",Предварительные выборы дают кандидату возможность выехать в поле.,"""Думаю, что большинство желающих стать депутатами от нашей партии уже выразили это желание на этапе праймериз. Предварительные выборы, кстати, оказались очень эффективной процедурой. Потому что у человека появляется возможность не только выразить свое желание стать депутатом, но и проверить себя, что называется, """"в поле"""".""","""Предварительные выборы позволяют кандидату проверить себя """"в поле"""".""",1,0,True,False,False,False,False,False,kept,26
627,1534,0.9937,entailment,not_entailment,"Реставраторы саратовского театра, который спустя четыре года после пожара наконец распахнул свои двери, поделились деталями своей работы.",Реставраторы рассказали о своей работе.,"Реставраторы саратовского театра, который спустя четыре года после пожара наконец распахнул свои двери, поделились деталями своей работы.",Реставраторы рассказали о пожаре.,0,2,False,False,False,True,True,False,removed_b,9
1706,1751,0.9937,entailment,not_entailment,"Как установили стражи порядка, злоумышленники действовали по заранее разработанной схеме. На сайте бесплатных объявлений подбирали предложение о продаже недвижимости или авто. Звонили продавцу, предлагали предоплату.",Схема у злоумышленников была разработана заранее.,"Как установили стражи порядка, злоумышленники действовали по заранее разработанной схеме. На сайте бесплатных объявлений подбирали предложение о продаже недвижимости или авто. Звонили продавцу, предлагали предоплату.",Злоумышленники были продавцами.,0,1,False,False,False,True,False,False,kept,27
74,663,0.9937,entailment,not_entailment,"Сотни военнослужащих из Катара принимали участие в военных операциях на стороне ливийских оппозиционеров, сообщил в среду журналистам командующий Генеральным штабом катарских Вооруженных сил Хамад бен Али Аттыйя. По его словам, оппозиционеры нуждались в такой поддержке, поскольку большинство из них составляли гражданские люди, никогда не имевшие дело с военной наукой.","Большинство оппозиционеров - гражданские люди, никогда не имевшие дело с военной наукой.","Сотни военнослужащих из Катара принимали участие в военных операциях на стороне ливийских оппозиционеров, сообщил в среду журналистам командующий Генеральным штабом катарских Вооруженных сил Хамад бен Али Аттыйя. По его словам, оппозиционеры нуждались в такой поддержке, поскольку большинство из них составляли гражданские люди, никогда не имевшие дело с военной наукой.",Сотни военослужащих Катара воевали против ливийских оппозиционеров.,1,1,False,False,True,True,False,False,kept,67
228,615,0.9936,entailment,not_entailment,"""Начиная от магазина """"Крейсер"""", скопилась крупная пробка, так как троллейбусы объехать затор не могут.""",Пробка была большой.,"""Начиная от магазина """"Крейсер"""", скопилась крупная пробка, так как троллейбусы объехать затор не могут.""",Пробка была незначительной.,1,2,False,False,True,True,False,True,removed_b,10
1764,1968,0.9936,entailment,not_entailment,"Я себе оправдания не ищу, но это стало толчком к моему будущему. Если бы застал измену, я бы, может, вообще по-другому поступил. Каждый человек по-своему переживает: кто-то легко прочувствовал все и забыл, кто-то болезненно.",Мне не нужны оправдания для себя.,"Я себе оправдания не ищу, но это стало толчком к моему будущему. Если бы застал измену, я бы, может, вообще по-другому поступил. Каждый человек по-своему переживает: кто-то легко прочувствовал все и забыл, кто-то болезненно.",Мне нужны оправдания для себя.,2,1,True,True,False,False,True,False,removed_a,3
259,1558,0.9936,not_entailment,entailment,"Самки и самец расположились в соседних вольерах, но между ними проложили небольшой проход. Места там хватит, чтобы самки могли пройти, а вот самец уже не поместится. Это сделано для того, чтобы у птиц не возникало конфликтов во время брачного периода и самки могли отдохнуть от внимания кавалера.",У птиц не бывает конфликтов.,"Самки и самец расположились в соседних вольерах, но между ними проложили небольшой проход. Места там хватит, чтобы самки могли пройти, а вот самец уже не поместится. Это сделано для того, чтобы у птиц не возникало конфликтов во время брачного периода и самки могли отдохнуть от внимания кавалера.",Возможность конфликтов во время брачного периода сведена к минимуму.,1,1,True,False,False,True,False,False,kept,56
726,979,0.9935,not_entailment,entailment,"Власти города убедительно просят жителей переходя на экономный режим своего отопления соблюдать правила использования газовых приборов. Обязательно следить за тем, чтобы они были исправными. Особенно это касается тех домовладельцев, которые используют газовые баллоны.",Власти города экономно используют газовые баллоны.,"Власти города убедительно просят жителей переходя на экономный режим своего отопления соблюдать правила использования газовых приборов. Обязательно следить за тем, чтобы они были исправными. Особенно это касается тех домовладельцев, которые используют газовые баллоны.",Власти города просят жителей осторожнее пользоваться газовыми приборами.,1,0,True,False,False,False,False,False,kept,39
405,2109,0.9935,not_entailment,entailment,"Прибывшие на место стражи порядка следов взлома не обнаружили. Однако установили, что злоумышленник проник в помещение через незапертую форточку. На окне он оставил свои отпечатки пальцев, по которым полицейские и нашли причастного к краже мужчину.",Мужчина не смог пролезть в форточку.,"Прибывшие на место стражи порядка следов взлома не обнаружили. Однако установили, что злоумышленник проник в помещение через незапертую форточку. На окне он оставил свои отпечатки пальцев, по которым полицейские и нашли причастного к краже мужчину.",Стражи порядка осмотрели форточку.,0,1,False,False,False,True,False,False,kept,23
1683,2246,0.9935,not_entailment,entailment,"Женщину доставили в больницу, за ее жизнь сейчас борются врачи.",Женщину спасли врачи.,"Женщину доставили в больницу, за ее жизнь сейчас борются врачи.",Женщину спасают врачи.,3,3,True,True,True,True,True,True,removed_both,3
920,1436,0.9934,entailment,not_entailment,"Судебные журналисты у нас были хорошо подготовлены, с хорошим языком, игравшие важную роль в развитии судебной системы. Если вы специализируетесь на земле, ничего в этом зазорного нет. Ваш вопрос крайне важен, потому что вопрос земли - это вопрос социальной справедливости.",Вопрос земли - это вопрос социальной справедливости.,"Судебные журналисты у нас были хорошо подготовлены, с хорошим языком, игравшие важную роль в развитии судебной системы. Если вы специализируетесь на земле, ничего в этом зазорного нет. Ваш вопрос крайне важен, потому что вопрос земли - это вопрос социальной справедливости.",Вы не специализируетесь на земле.,1,1,False,False,True,False,False,True,kept,42
1861,2118,0.9933,not_entailment,entailment,"В ходе расследования были установлены и задержаны пятеро подозреваемых в преступлении - жители Куйбышевского и Кировского районов Самары. Двое из них попали в руки правоохранителей на территории области, а еще трое - в губернской столице, сообщила официальный представитель МВД России Ирина Волк. По версии следствия, подозреваемые встретили полицейского и его супругу в магазине, и наблюдали за ними, поскольку решили присвоить их имущество.",Подозреваемые решили отдать свое имущество полицейским.,"В ходе расследования были установлены и задержаны пятеро подозреваемых в преступлении - жители Куйбышевского и Кировского районов Самары. Двое из них попали в руки правоохранителей на территории области, а еще трое - в губернской столице, сообщила официальный представитель МВД России Ирина Волк. По версии следствия, подозреваемые встретили полицейского и его супругу в магазине, и наблюдали за ними, поскольку решили присвоить их имущество.",Ирина Волк рассказала о задержании пяти подозреваемых.,2,1,True,False,True,False,False,True,removed_a,47
1460,2239,0.9932,not_entailment,entailment,"По факту гибели людей установлено, что причиной пожара стало неосторожное обращение с огнем при курении. 27-летний мужчина курил на кухне, рядом с комнатой, где спали дети, - пояснил Липатов. – Так как виновник происшествия погиб, уголовное дело в отношении него прекращено.",Виновник сбежал.,"По факту гибели людей установлено, что причиной пожара стало неосторожное обращение с огнем при курении. 27-летний мужчина курил на кухне, рядом с комнатой, где спали дети, - пояснил Липатов. – Так как виновник происшествия погиб, уголовное дело в отношении него прекращено.",Виновник погиб.,1,1,False,False,True,False,False,True,kept,6
671,2281,0.9932,entailment,not_entailment,"В Ростовской области спасатели обнародовали количество жителей, которые окунулись на Крещение.",В Ростовской области подсчитали окунувшихся на Крещение.,"В Ростовской области спасатели обнародовали количество жителей, которые окунулись на Крещение.",В Ростовской области подсчитали утонувших на Крещение.,0,2,False,False,False,True,True,False,removed_b,5
1750,2075,0.9932,entailment,not_entailment,"""Это просто разная аудитория. За счет того, что в """"Спорт-Экспрессе"""" много хороших журналистов, у нас газета, по большому счету,  авторская. Потому что люди читают не только информацию, они читают, как это написано.""","""""""Спорт-Экспресс"""" - преимущественно авторская газета.""","""Это просто разная аудитория. За счет того, что в """"Спорт-Экспрессе"""" много хороших журналистов, у нас газета, по большому счету,  авторская. Потому что люди читают не только информацию, они читают, как это написано.""","""""""Спорт-Экспресс"""" - преимущественно региональная газета.""",1,0,False,True,False,False,False,False,kept,9
604,1518,0.9932,entailment,not_entailment,"Обвиняемый считает вердикт суда несправедливым, так как, по его мнению, часть ответственности за проведенные финансовые махинации должен понести сам банк.",Обвиняемый не согласен с вердиктом.,"Обвиняемый считает вердикт суда несправедливым, так как, по его мнению, часть ответственности за проведенные финансовые махинации должен понести сам банк.",Обвиняемый согласен с вердиктом.,1,1,True,False,False,True,False,False,kept,3
449,1550,0.9932,not_entailment,entailment,"Мероприятие прошло без инцидентов. По итогам акции был составлен административный протокол, так как количество участников превысило заявленное число.",Акция прошла без нарушений.,"Мероприятие прошло без инцидентов. По итогам акции был составлен административный протокол, так как количество участников превысило заявленное число.",Количество участников превысило заявленное число.,3,1,True,True,True,False,False,True,removed_a,38
1757,1848,0.9931,not_entailment,entailment,"Теперь водителям не обязательно будет сразу оплачивать расходы на эвакуацию, и, как следствие, предъявлять документ об оплате также теперь не требуется.",Раньше водители должны были сами эвакуировать свой транспорт.,"Теперь водителям не обязательно будет сразу оплачивать расходы на эвакуацию, и, как следствие, предъявлять документ об оплате также теперь не требуется.",Раньше водители должны были сразу оплатить эвакуацию.,0,0,False,False,False,False,False,False,kept,24
820,1157,0.9931,entailment,not_entailment,"Преступление удалось раскрыть в кратчайшие сроки благодаря тому, что пострадавшая сразу сообщила о случившемся в полицию. На помощь женщине оперативный дежурный направил ближайший патрульный экипаж. Отрабатывая дворы, прилегающие к месту происшествия, полицейские увидели молодого человека, приметы которого совпадали с описанием грабителя, и задержали его.",Грабителя задержали в соседнем дворе.,"Преступление удалось раскрыть в кратчайшие сроки благодаря тому, что пострадавшая сразу сообщила о случившемся в полицию. На помощь женщине оперативный дежурный направил ближайший патрульный экипаж. Отрабатывая дворы, прилегающие к месту происшествия, полицейские увидели молодого человека, приметы которого совпадали с описанием грабителя, и задержали его.",Молодого человека задержали по наитию.,1,1,True,False,False,True,False,False,kept,29
668,1031,0.9931,entailment,not_entailment,"""В Сухуми взорван внедорожник, припаркованный недалеко от жилого дома по ул.Когония, сообщил """"Интерфаксу"""" начальник УВД города Гарри Аршба. По словам собеседника агентства, взрыв произошел около 12:30 в субботу. В результате взрыва никто не пострадал, так как в автомобиле никого не было.""",В Сухуми взлетел на воздух внедорожник.,"""В Сухуми взорван внедорожник, припаркованный недалеко от жилого дома по ул.Когония, сообщил """"Интерфаксу"""" начальник УВД города Гарри Аршба. По словам собеседника агентства, взрыв произошел около 12:30 в субботу. В результате взрыва никто не пострадал, так как в автомобиле никого не было.""",В Сухуми взлетел на воздух жилой дом.,2,2,True,False,True,True,False,True,removed_both,10
1637,2172,0.9931,entailment,not_entailment,"""Как сообщает МВД по Республике Татарстан, 19 февраля в отдел полиции """"Япеево"""" УМВД России по городу Казани был сопровожден для дачи показаний мужчина, подозреваемый в совершении кражи денег. При доставлении в отдел манера поведения и речь подозреваемого вызвали предположение, что он находится в состоянии наркотического опьянения. Так как состояние подозреваемого не позволяло его опросить, ему была вручена повестка с указанием времени прибытия в отдел полиции.""",Мужчина подозревается в краже денег.,"""Как сообщает МВД по Республике Татарстан, 19 февраля в отдел полиции """"Япеево"""" УМВД России по городу Казани был сопровожден для дачи показаний мужчина, подозреваемый в совершении кражи денег. При доставлении в отдел манера поведения и речь подозреваемого вызвали предположение, что он находится в состоянии наркотического опьянения. Так как состояние подозреваемого не позволяло его опросить, ему была вручена повестка с указанием времени прибытия в отдел полиции.""",Мужчина ответил на все вопросы.,2,0,True,False,True,False,False,False,removed_a,22
665,1663,0.993,not_entailment,entailment,"""26-летний житель Советского района Ставропольского края обвиняется в покушении на изнасилование несовершеннолетней. Как сообщили """"Комсомольской правде на Северном КАвказе"""" в пресс-службе СУ СК по СК, 22 июля прошлого года мужчина пришел в одну из торговых точек Георгиевска, где 16-летняя девочка подменяла продавца. Подозреваемый сначала ударил свою жертву по лицу, потом попытался изнасиловать, но не смог, так как на крики девочки прибежали прохожие.""",Мужчина попытался изнасиловать девушку в подсобке.,"""26-летний житель Советского района Ставропольского края обвиняется в покушении на изнасилование несовершеннолетней. Как сообщили """"Комсомольской правде на Северном КАвказе"""" в пресс-службе СУ СК по СК, 22 июля прошлого года мужчина пришел в одну из торговых точек Георгиевска, где 16-летняя девочка подменяла продавца. Подозреваемый сначала ударил свою жертву по лицу, потом попытался изнасиловать, но не смог, так как на крики девочки прибежали прохожие.""",Девочку спасли от изнасилования прохожие.,1,0,True,False,False,False,False,False,kept,33
730,1127,0.993,entailment,not_entailment,"Третий месяц зимы тоже не готовит особых климатических сюрпризов. Среднемесячная температура и количество осадков будет соответствовать традиционным для нашего региона значениям. Весна ожидается ранней, но может продлиться дольше обычного.","Ожидается, что весна начнется рано.","Третий месяц зимы тоже не готовит особых климатических сюрпризов. Среднемесячная температура и количество осадков будет соответствовать традиционным для нашего региона значениям. Весна ожидается ранней, но может продлиться дольше обычного.",Весна продлится дольше обычного.,1,2,True,False,False,True,True,False,removed_b,29
457,1774,0.9929,entailment,not_entailment,"""""""Не вижу смысла увеличивать число статей Уголовного кодекса, так как там уже есть меры уголовной ответственности в отношении лиц, которые пропагандируют сепаратизм"""".""",В Уголовном кодексе достаточно статей.,"""""""Не вижу смысла увеличивать число статей Уголовного кодекса, так как там уже есть меры уголовной ответственности в отношении лиц, которые пропагандируют сепаратизм"""".""",В Уголовном кодексе нужна еще одна статья.,0,0,False,False,False,False,False,False,kept,13
508,1290,0.9929,not_entailment,entailment,"Со страницы его друга в социальной сети пришло сообщение с просьбой перевести пять тысяч рублей. Отзывчивый приятель выполнил просьбу, а потом перезвонил, чтобы поинтересоваться, как дела у попавшего в беду. Тот заверил, что понятия не имеет, о каких деньгах идёт речь.",Отзывчивый приятель получил пять тысяч рублей.,"Со страницы его друга в социальной сети пришло сообщение с просьбой перевести пять тысяч рублей. Отзывчивый приятель выполнил просьбу, а потом перезвонил, чтобы поинтересоваться, как дела у попавшего в беду. Тот заверил, что понятия не имеет, о каких деньгах идёт речь.",Отзывчивость обошлась приятелю в пять тысяч рублей.,2,0,True,True,False,False,False,False,removed_a,19
1030,2057,0.9928,entailment,not_entailment,"""Трудовые мигранты - и проблема, и надежда России, заявил президент России Дмитрий Медведев в субботу в ходе общения с региональными журналистами. По его словам, для некоторых городов мигранты """"это действительно большая проблема, особенно для относительно небольших городов, где поток мигрантов может просто разрушить трудовой баланс, и за этим нужно следить"""". ""","Медведев назвал мигрантов надеждой РФ, но и ее проблемой.","""Трудовые мигранты - и проблема, и надежда России, заявил президент России Дмитрий Медведев в субботу в ходе общения с региональными журналистами. По его словам, для некоторых городов мигранты """"это действительно большая проблема, особенно для относительно небольших городов, где поток мигрантов может просто разрушить трудовой баланс, и за этим нужно следить"""". ""","Медведев не нашел слов, говоря о мигрантах.",1,2,False,False,True,True,False,True,removed_b,38
1071,1705,0.9928,entailment,not_entailment,"Предполагается, что он получил деньги за помощь в получении субсидий, выделяемых на закупку производственного оборудования в лизинг, одной из организаций, у которой в документах была завышена стоимость техники.","За что он получил деньги, окончательно не выяснено.","Предполагается, что он получил деньги за помощь в получении субсидий, выделяемых на закупку производственного оборудования в лизинг, одной из организаций, у которой в документах была завышена стоимость техники.","Окончательно выяснено, за что он получил деньги.",1,0,True,False,False,False,False,False,kept,41
1514,1936,0.9928,not_entailment,entailment,"Женщина сообщила, что стала жертвой обмана.",Женщина пожаловалась на жертву.,"Женщина сообщила, что стала жертвой обмана.",Женщина пожаловалась на обман.,3,1,True,True,True,False,False,True,removed_a,6
470,638,0.9928,entailment,not_entailment,"Полицейские отрабатывают места возможного местонахождения нелегальных мигрантов. Кроме того, с близлежащих улиц эвакуированы машины. Как удалось узнать позднее от очевидцев, всего была задержано больше двух десятков нарушителей.",Полицейские ищут мигрантов.,"Полицейские отрабатывают места возможного местонахождения нелегальных мигрантов. Кроме того, с близлежащих улиц эвакуированы машины. Как удалось узнать позднее от очевидцев, всего была задержано больше двух десятков нарушителей.",Полицейские нашли всех мигрантов.,0,0,False,False,False,False,False,False,kept,9
430,686,0.9927,not_entailment,entailment,"Приятная новость для тех, кто задумывался об ипотеке, но по разным причинам пока не решался: банковский сектор чутко реагирует на ситуацию и старается предлагать более широкие возможности для клиентов.",Есть плохая новость.,"Приятная новость для тех, кто задумывался об ипотеке, но по разным причинам пока не решался: банковский сектор чутко реагирует на ситуацию и старается предлагать более широкие возможности для клиентов.",Есть хорошая новость.,1,0,True,False,False,False,False,False,kept,4
1279,1475,0.9927,entailment,not_entailment,"""Глядишь, выгодная сделка сошла бы парню с рук, если бы не одно """"но"""". Все эти вещи он украл из маминой квартиры. Женщина написала заявление в полицию, и теперь парня будут судить за кражу.""",Сын украл вещи из квартиры матери.,"""Глядишь, выгодная сделка сошла бы парню с рук, если бы не одно """"но"""". Все эти вещи он украл из маминой квартиры. Женщина написала заявление в полицию, и теперь парня будут судить за кражу.""",Сын вернул вещи в квартиру матери.,0,0,False,False,False,False,False,False,kept,7
592,1104,0.9927,not_entailment,entailment,"""Изменения в структуре МВД происходят непросто, но альтернативы им нет, заявил президент России Дмитрий Медведев на встрече с личным составом отдела МВД по Академическому району Москвы в связи с профессиональным праздником сотрудников органов внутренних дел. """"МВД должно быть эффективным, мобильным, сильным ведомством, не расхлябанным, а способным решать задачи, которые стоят во всем мире перед правоохранительными структурами, полицией, другими службами МВД"""", - подчеркнул президент. """"Я уверен, что у нас все получится, потому что преобразования назрели"""", - сказал он.""",Преобразования еще только назревают.,"""Изменения в структуре МВД происходят непросто, но альтернативы им нет, заявил президент России Дмитрий Медведев на встрече с личным составом отдела МВД по Академическому району Москвы в связи с профессиональным праздником сотрудников органов внутренних дел. """"МВД должно быть эффективным, мобильным, сильным ведомством, не расхлябанным, а способным решать задачи, которые стоят во всем мире перед правоохранительными структурами, полицией, другими службами МВД"""", - подчеркнул президент. """"Я уверен, что у нас все получится, потому что преобразования назрели"""", - сказал он.""",Структура МВД меняется.,0,1,False,False,False,True,False,False,kept,30
1184,1666,0.9927,not_entailment,entailment,"Задать свой вопрос или оставить жалобу смогут все желающие, рассказали «Комсомольской правде»-Красноярск в городской администрации.",Желающих жаловаться будет много.,"Задать свой вопрос или оставить жалобу смогут все желающие, рассказали «Комсомольской правде»-Красноярск в городской администрации.",Желающие пожаловаться смогут это сделать.,2,1,True,False,True,True,False,False,removed_a,18
166,1633,0.9927,not_entailment,entailment,"""В отеле 362 номера, включая 72 люкса; 10 залов для мероприятий, в том числе конференц-зал на 300 человек; два ресторана. Ранее руководитель департамента имущества Москвы Наталья Бочарова сообщила, что """"Метрополь"""" после продажи сохранит свое назначение. """"Победитель аукциона вместе с договором купли-продажи должен будет подписать охранное обязательство, поскольку гостиница является объектом культурного наследия"""", - сказала руководитель департамента.""","""Отель """"Метрополь"""" утратил статус объекта культурного наследия.""","""В отеле 362 номера, включая 72 люкса; 10 залов для мероприятий, в том числе конференц-зал на 300 человек; два ресторана. Ранее руководитель департамента имущества Москвы Наталья Бочарова сообщила, что """"Метрополь"""" после продажи сохранит свое назначение. """"Победитель аукциона вместе с договором купли-продажи должен будет подписать охранное обязательство, поскольку гостиница является объектом культурного наследия"""", - сказала руководитель департамента.""","""Отель """"Метрополь"""" продадут с аукциона.""",0,0,False,False,False,False,False,False,kept,34
1165,2020,0.9926,not_entailment,entailment,"""По его мнению, """"оргкомитет просто не сможет удержать людей, чтобы не выступить в центре Москвы"""". По словам Удальцова, предложение провести митинг на Манежной площади не нашло понимания у представителей городской администрации. """"Другие варианты мы не стали предлагать, поскольку это привело бы к эскалации конфликта"""", - сказал он.""","Удальцов сказал, что конфликт исчерпан.","""По его мнению, """"оргкомитет просто не сможет удержать людей, чтобы не выступить в центре Москвы"""". По словам Удальцова, предложение провести митинг на Манежной площади не нашло понимания у представителей городской администрации. """"Другие варианты мы не стали предлагать, поскольку это привело бы к эскалации конфликта"""", - сказал он.""","Удальцов рассказал, что они не стали усиливать конфликт новыми предложениями.",1,0,True,False,False,False,False,False,kept,43
24,998,0.9926,not_entailment,entailment,"Метрополитен Екатеринбурга разместил на сайте госзакупок запрос на кредит в 150 миллионов рублей. Напомним, что ранее руководство подземки неоднократно заявляло, что метро работает в убыток, а цена жетона намного ниже себестоимости поездки.",Метро не работает в убыток.,"Метрополитен Екатеринбурга разместил на сайте госзакупок запрос на кредит в 150 миллионов рублей. Напомним, что ранее руководство подземки неоднократно заявляло, что метро работает в убыток, а цена жетона намного ниже себестоимости поездки.",В Екатеринбурге есть метро.,1,2,False,False,True,True,False,True,removed_b,23
789,1973,0.9926,entailment,not_entailment,"""По словам Касима Джамаля Сулеймана, руководителя правительственной комиссии по расследованию произошедшего, все """"мученики"""" были выходцами из """"мирных семей, которые никогда не участвовали в вооруженной борьбе с государством"""". """"Они были не согласны с вооруженными группировками, это подтверждает, что у последних был интерес и цель для убийств"""", - сказал Сулейман, добавив, что все погибшие умерли от пуль и """"острых предметов"""", а не от артиллерии. Он также отметил, что правительственные войска не входили в Хулу во время бойни, поскольку пострадавшие районы находятся вдали от их позиций.""","""Касим Джамаль Сулейман назвал погибших """"мучениками"""".""","""По словам Касима Джамаля Сулеймана, руководителя правительственной комиссии по расследованию произошедшего, все """"мученики"""" были выходцами из """"мирных семей, которые никогда не участвовали в вооруженной борьбе с государством"""". """"Они были не согласны с вооруженными группировками, это подтверждает, что у последних был интерес и цель для убийств"""", - сказал Сулейман, добавив, что все погибшие умерли от пуль и """"острых предметов"""", а не от артиллерии. Он также отметил, что правительственные войска не входили в Хулу во время бойни, поскольку пострадавшие районы находятся вдали от их позиций.""","""У """"мучеников"""" были пули и острые предметы.""",1,2,False,False,True,True,False,True,removed_b,43
367,710,0.9926,not_entailment,entailment,"Мужчина опубликовал в Интернете музыкальные записи, которые имели экстремистский подтекст.",Мужчина опубликовал музыкальные записи в Сети с экстремистским подтекстом.,"Мужчина опубликовал в Интернете музыкальные записи, которые имели экстремистский подтекст.",Мужчина распространил музыкальные записи с экстремистским подтекстом.,3,2,True,True,True,True,False,True,removed_both,18
117,1194,0.9925,entailment,not_entailment,"Во время праздничной церемонии в муниципалитете он заявил, что главными задачи для него является максимальное использование всех возможностей в области предпринимательства и экономического развития.",Он сделал заявление в муниципалитете.,"Во время праздничной церемонии в муниципалитете он заявил, что главными задачи для него является максимальное использование всех возможностей в области предпринимательства и экономического развития.",Он сделал заявление по окончании праздничной церемонии.,1,2,False,False,True,True,False,True,removed_b,26
964,1456,0.9925,entailment,not_entailment,"""Быстро через пустяковый, прореженный собравшимися коридор между полицейским кордоном и многотысячной людской пробкой, заканчивающейся у самой сцены, шел Илья Найшуллер, режиссер и музыкант, лидер группы Biting Elbows. Он, как и большинство встреченных мною, был и на Болотной площади - тогда точно также фотографировал митингующих, а после активно призывал прийти в Facebook - """"всех, кто готов был меня слушать"""". """"Потому что что-то не так, это очевидно"""".""",Илья Найшуллер был и на Болотной площади.,"""Быстро через пустяковый, прореженный собравшимися коридор между полицейским кордоном и многотысячной людской пробкой, заканчивающейся у самой сцены, шел Илья Найшуллер, режиссер и музыкант, лидер группы Biting Elbows. Он, как и большинство встреченных мною, был и на Болотной площади - тогда точно также фотографировал митингующих, а после активно призывал прийти в Facebook - """"всех, кто готов был меня слушать"""". """"Потому что что-то не так, это очевидно"""".""",Илья Найшуллер был и на Красной площади.,0,0,False,False,False,False,False,False,kept,5
162,1208,0.9925,not_entailment,entailment,"""Не переживали и в ЦСКА, который в российском чемпионате опережает именно питерский """"Зенит"""". """"Мы старались не обращать внимания на судебные разбирательства """"Зенита"""", сосредоточиться на играх и добиваться результата в каждом матче. Так что за ситуацией следили постольку поскольку"""".""",В ЦСКА этого не пережили.,"""Не переживали и в ЦСКА, который в российском чемпионате опережает именно питерский """"Зенит"""". """"Мы старались не обращать внимания на судебные разбирательства """"Зенита"""", сосредоточиться на играх и добиваться результата в каждом матче. Так что за ситуацией следили постольку поскольку"""".""","В ЦСКА сосредоточились на играх и на том, чтобы добиваться результата в каждом матче.",0,0,False,False,False,False,False,False,kept,68
311,1599,0.9925,entailment,not_entailment,"В Ростове вынесли приговор хозяину продуктового магазина, который сбывал левый алкоголь, отлично зная о его сомнительном происхождении. - Являясь индивидуальным предпринимателем, приобрел в целях дальнейшего сбыта два ящика водки, не имеющей сопроводительной документации, подтверждающей ее происхождение, качество и безопасность для жизни и здоровья человека, - сообщили официальную версию в СУ СК России по Ростовской области. Но сбыть водку ему не удалось, так как вмешались сотрудники правоохранительных органов.",Сотрудники правоохранительных органов не дали ростовчанину сбыть левый алкоголь.,"В Ростове вынесли приговор хозяину продуктового магазина, который сбывал левый алкоголь, отлично зная о его сомнительном происхождении. - Являясь индивидуальным предпринимателем, приобрел в целях дальнейшего сбыта два ящика водки, не имеющей сопроводительной документации, подтверждающей ее происхождение, качество и безопасность для жизни и здоровья человека, - сообщили официальную версию в СУ СК России по Ростовской области. Но сбыть водку ему не удалось, так как вмешались сотрудники правоохранительных органов.",Хозяин продуктового магазина производил контрафактное спиртное.,1,1,False,True,False,True,False,False,kept,61
1267,2180,0.9924,entailment,not_entailment,"В управлении пояснили, что рассмотрение дела отложено, так как комиссия антимонопольного органа запросила у сторон дополнительные документы по делу.",Дело будет рассмотрено позже.,"В управлении пояснили, что рассмотрение дела отложено, так как комиссия антимонопольного органа запросила у сторон дополнительные документы по делу.",Дело рассмотрят прямо сейчас.,1,0,True,False,False,False,False,False,kept,18
423,486,0.9924,entailment,not_entailment,"Подробности преступления рассказали в Следственном комитете по Кировской области. Известно, что пенсионерка работала на местного предпринимателя - принимала ягоды и грибы, которые собирали местные жители, а потом отправляла их на продажу. Ее односельчанин знал, что у женщины с собой крупная сумма денег, а поскольку сам он нигде не работал, решил ее ограбить.",Пенсионерка работала на приемке ягод и грибов.,"Подробности преступления рассказали в Следственном комитете по Кировской области. Известно, что пенсионерка работала на местного предпринимателя - принимала ягоды и грибы, которые собирали местные жители, а потом отправляла их на продажу. Ее односельчанин знал, что у женщины с собой крупная сумма денег, а поскольку сам он нигде не работал, решил ее ограбить.",Пенсионерка сушила грибы.,1,1,False,False,True,False,False,True,kept,26
159,438,0.9924,entailment,not_entailment,"После того как клиент оформит подписку на сервис, он будет получать уведомления о наличии штрафов автоматически.",Клиент может подписаться на уведомления о штрафах.,"После того как клиент оформит подписку на сервис, он будет получать уведомления о наличии штрафов автоматически.",Клиент может подписаться на автоматическую оплату штрафов.,1,2,False,False,True,True,False,True,removed_b,18
367,681,0.9923,not_entailment,entailment,"Мужчина опубликовал в Интернете музыкальные записи, которые имели экстремистский подтекст.",Мужчина опубликовал музыкальные записи в Сети с экстремистским подтекстом.,"Мужчина опубликовал в Интернете музыкальные записи, которые имели экстремистский подтекст.",Музыкальные записи имели экстремистский подтекст.,3,1,True,True,True,False,False,True,removed_a,29
2215,2255,0.9923,entailment,not_entailment,"""Напомним, Павел Ипатов, возглавлявший Саратовскую область с апреля 2005 г., ушел  в отставку 23 марта по собственному желанию. Он заявил тогда, что отставка была плановой: """"Не хочу комментировать то, что произошло. Это плановые действия, и я не считал нужным говорить об этом ранее, так как был связан словом"""".""",Павел Ипатов не объяснил свою отставку.,"""Напомним, Павел Ипатов, возглавлявший Саратовскую область с апреля 2005 г., ушел  в отставку 23 марта по собственному желанию. Он заявил тогда, что отставка была плановой: """"Не хочу комментировать то, что произошло. Это плановые действия, и я не считал нужным говорить об этом ранее, так как был связан словом"""".""",23 марта Павел Ипатов всегда планово уходит в отставку.,1,0,True,False,False,False,False,False,kept,28
1844,1921,0.9922,not_entailment,entailment,"Состояние алкогольного опьянения было доказано. А вот водительское удостоверение он предъявить не смог. Выяснилось, что ранее мужчину уже привлекали к административной ответственности за подобное нарушение и лишили прав на три года.",Пьяный мужчина не смог достать водительское удостоверение.,"Состояние алкогольного опьянения было доказано. А вот водительское удостоверение он предъявить не смог. Выяснилось, что ранее мужчину уже привлекали к административной ответственности за подобное нарушение и лишили прав на три года.",Прав у пьяного водителя не было.,0,1,False,False,False,True,False,False,kept,39
390,1728,0.9922,entailment,not_entailment,"Как установили следователи, обвиняемый потребовал, чтобы бомж вернул долг их общему знакомому, а, услышав отказ, схватил его за горло и задушил. - Чтобы скрыть следы преступления, мужчина поджег дом и скрылся. Эксперты установили, что пострадавший умер насильственной смертью.",Обвиняемый поджег дом.,"Как установили следователи, обвиняемый потребовал, чтобы бомж вернул долг их общему знакомому, а, услышав отказ, схватил его за горло и задушил. - Чтобы скрыть следы преступления, мужчина поджег дом и скрылся. Эксперты установили, что пострадавший умер насильственной смертью.",Обвиняемый поджег склад.,0,0,False,False,False,False,False,False,kept,5
283,622,0.9921,entailment,not_entailment,"Однако и у ярославцев домашние поражения, в немалой степени обусловленные многочисленными потерями в составе из-за травм, могли быть стимулом для проявления и мастерства игроков, и еще более – мужского характера. Вот характер подопечным Алексея Кудашова удалось предъявить в качестве главного аргумента для победы. Но ошибки чаще были следствием предельной усталости, так как каждому приходилось биться не только за себя, но и «за того парня».",Домашние поражения дают ярославцам повод проявить мужской характер.,"Однако и у ярославцев домашние поражения, в немалой степени обусловленные многочисленными потерями в составе из-за травм, могли быть стимулом для проявления и мастерства игроков, и еще более – мужского характера. Вот характер подопечным Алексея Кудашова удалось предъявить в качестве главного аргумента для победы. Но ошибки чаще были следствием предельной усталости, так как каждому приходилось биться не только за себя, но и «за того парня».",У ярославцев не было домашних поражений.,0,0,False,False,False,False,False,False,kept,52
418,1913,0.9921,entailment,not_entailment,"""Вот так мурманский кот остался без опеки перед 20-летием. Старика передали волонтерам, которые нашли у него тяжелую хворь. - Врачи называют эту болезнь """"дорогой в никуда"""", потому что лечению она не поддается.""",Мурманский кот неизлечимо болен.,"""Вот так мурманский кот остался без опеки перед 20-летием. Старика передали волонтерам, которые нашли у него тяжелую хворь. - Врачи называют эту болезнь """"дорогой в никуда"""", потому что лечению она не поддается.""",Мурманский кот юн.,1,0,True,False,False,False,False,False,kept,15
383,1817,0.9921,not_entailment,entailment,"""Около 200 человек эвакуированы из корпуса факультета биологии МГУ в связи с пожаром в подвальном помещении, сообщили """"Интерфаксу"""" в ГУ МЧС России по Москве. """"Пожарные прибыли по адресу: Воробьевы горы, 1 строение 12, где горит трансформаторная подстанция в подвале биологического факультета МГУ"""", - сказал представитель управления. По его словам, тушение осложнено, так как напряжение пока не отключено.""",Полностью сгорел подвал биофака МГУ.,"""Около 200 человек эвакуированы из корпуса факультета биологии МГУ в связи с пожаром в подвальном помещении, сообщили """"Интерфаксу"""" в ГУ МЧС России по Москве. """"Пожарные прибыли по адресу: Воробьевы горы, 1 строение 12, где горит трансформаторная подстанция в подвале биологического факультета МГУ"""", - сказал представитель управления. По его словам, тушение осложнено, так как напряжение пока не отключено.""",Трансформаторная подстанция загорелась.,1,0,True,False,False,False,False,False,kept,29
719,2168,0.9921,entailment,not_entailment,"Уголовное дело в отношении парня возбудили после того, как неравнодушные граждане пожаловались на него в полицию.",На парня завели уголовное дело.,"Уголовное дело в отношении парня возбудили после того, как неравнодушные граждане пожаловались на него в полицию.",На неравнодушных граждан завели уголовное дело.,3,3,True,True,True,True,True,True,removed_both,19
122,1337,0.9921,entailment,not_entailment,"Проект детского сада участвует в программе по субсидированию строительства детских дошкольных учреждений, поэтому финансироваться строительство, вероятно, будет из федерального бюджета.",Федеральный бюджет может стать источником финансирования строительства.,"Проект детского сада участвует в программе по субсидированию строительства детских дошкольных учреждений, поэтому финансироваться строительство, вероятно, будет из федерального бюджета.",Федеральный бюджет не станет источником финансирования строительства.,0,0,False,False,False,False,False,False,kept,7
173,1361,0.9921,entailment,not_entailment,"Лежал там лишь пакетик с порошком. Но мужчина обрадовался находке больше, чем всем сокровищам Земли. Потому что жаждал дозы.",Мужчина жаждал дозы.,"Лежал там лишь пакетик с порошком. Но мужчина обрадовался находке больше, чем всем сокровищам Земли. Потому что жаждал дозы.",Мужчина радовался всем сокровищам Земли почти так же сильно.,1,1,False,False,True,False,False,True,kept,46
20,939,0.992,not_entailment,entailment,"Раненный скончался в больнице. Обвиняемый сбежал и у сыщиков не осталось никаких зацепок, кто бы мог быть убийцей. Два года пытались найти подозреваемых, но тщетно и дело закрыли.",Раненый выжил.,"Раненный скончался в больнице. Обвиняемый сбежал и у сыщиков не осталось никаких зацепок, кто бы мог быть убийцей. Два года пытались найти подозреваемых, но тщетно и дело закрыли.",Раненый умер.,1,0,True,False,False,False,False,False,kept,5
860,1333,0.992,entailment,not_entailment,"А потом пришел в полицию и все рассказал. Там ответили, что по всем признакам это дело рук опытного мошенника. Как рассказали «Комсомольской правде»-Красноярск в пресс-службе городской полиции, подозреваемого вскоре задержали в ходе проведения оперативно-розыскных мероприятий.",Опытного мошенника вскоре задержали.,"А потом пришел в полицию и все рассказал. Там ответили, что по всем признакам это дело рук опытного мошенника. Как рассказали «Комсомольской правде»-Красноярск в пресс-службе городской полиции, подозреваемого вскоре задержали в ходе проведения оперативно-розыскных мероприятий.",Опытного мошенника так и не смогли арестовать.,0,0,False,False,False,False,False,False,kept,20
1619,1659,0.992,entailment,not_entailment,"Разбив оконное стекло, преступник проник в помещение бани и вынес оттуда два электрических чайника и фонарь на общую сумму более 3500 рублей. По подозрению в совершении преступления был задержан 41-летний безработный, ранее уже привлекавшийся к уголовной ответственности. Задержанный пояснил, что в баню залез, потому что не было свидетелей, а похищенной техникой собирался пользоваться сам.",Вор проник в баню через окно.,"Разбив оконное стекло, преступник проник в помещение бани и вынес оттуда два электрических чайника и фонарь на общую сумму более 3500 рублей. По подозрению в совершении преступления был задержан 41-летний безработный, ранее уже привлекавшийся к уголовной ответственности. Задержанный пояснил, что в баню залез, потому что не было свидетелей, а похищенной техникой собирался пользоваться сам.",Безработный вернул в баню фонарь и два электрочайника.,1,1,False,False,True,False,False,True,kept,38
1152,2227,0.9919,not_entailment,entailment,"Сделали горку для ребятишек, каток. Но залить своими силами смогли только горку. Никто не хочет помочь нам заливать, а ведь мы стараемся сделать хоть что-то.",Каток залили своими силами.,"Сделали горку для ребятишек, каток. Но залить своими силами смогли только горку. Никто не хочет помочь нам заливать, а ведь мы стараемся сделать хоть что-то.",Залить каток своими силами не вышло.,1,0,True,False,False,False,False,False,kept,19
931,973,0.9918,entailment,not_entailment,"Родительских прав мать не лишена. Пока. А в парадном девочка оказалась, потому что дома она мешала матери выпивать.",Дочь мешала маме пить.,"Родительских прав мать не лишена. Пока. А в парадном девочка оказалась, потому что дома она мешала матери выпивать.",Дочь выпивала с мамой в парадном.,1,0,True,False,False,False,False,False,kept,18
596,1485,0.9918,entailment,not_entailment,"То, что трасса здесь сложная, было известно в прошлом году. Она с того времени не изменилась, но погодные условия внесли коррективы. Я шел с запасом, так как знал, что на финишном круге будет непросто.",Эта трасса сложна.,"То, что трасса здесь сложная, было известно в прошлом году. Она с того времени не изменилась, но погодные условия внесли коррективы. Я шел с запасом, так как знал, что на финишном круге будет непросто.",Эта трасса достаточно проста.,1,2,False,False,True,True,False,True,removed_b,13
319,1031,0.9918,entailment,not_entailment,"""В Сухуми взорван внедорожник, припаркованный недалеко от жилого дома по ул.Когония, сообщил """"Интерфаксу"""" начальник УВД города Гарри Аршба. По словам собеседника агентства, взрыв произошел около 12:30 в субботу. В результате взрыва никто не пострадал, так как в автомобиле никого не было.""",У жилого дома в Сухуми взорвался пустой внедорожник.,"""В Сухуми взорван внедорожник, припаркованный недалеко от жилого дома по ул.Когония, сообщил """"Интерфаксу"""" начальник УВД города Гарри Аршба. По словам собеседника агентства, взрыв произошел около 12:30 в субботу. В результате взрыва никто не пострадал, так как в автомобиле никого не было.""",В Сухуми взлетел на воздух жилой дом.,1,2,False,False,True,True,False,True,removed_b,38
380,2091,0.9918,entailment,not_entailment,"Ходатайство о продлении заявила адвокат задержанной, отметив, что следствием не были предоставлены документы, характеризующие личность задержанной.",Адвокат задержанной отметила просчёт в работе следствия.,"Ходатайство о продлении заявила адвокат задержанной, отметив, что следствием не были предоставлены документы, характеризующие личность задержанной.",Адвокат задержанной отметила отличную работу следствия.,1,0,True,False,False,False,False,False,kept,9
678,1215,0.9918,entailment,not_entailment,Учредителем центра стала Государственная канцелярия.,Государственная канцелярия выступила в качестве учредителя.,Учредителем центра стала Государственная канцелярия.,Государственная канцелярия выступила перед учредителем.,0,2,False,False,False,True,True,False,removed_b,11
355,463,0.9917,entailment,not_entailment,"Маршрутка полыхала несколько минут. Свидетели утверждают, что приезду пожарных салон «Газели» выгорел полностью. К счастью, пассажиров внутри не было, а водитель успел выскочить из кабины.",Маршрутка сгорела.,"Маршрутка полыхала несколько минут. Свидетели утверждают, что приезду пожарных салон «Газели» выгорел полностью. К счастью, пассажиров внутри не было, а водитель успел выскочить из кабины.",Маршрутка восстановлена.,0,0,False,False,False,False,False,False,kept,9
1182,1336,0.9917,not_entailment,entailment,"Всех пострадавших медики доставили в ближайшую больницу. Областной главк полиции сообщает, что водители находились в трезвом состоянии. По факту дорожного инцидента проводится проверка, после которой примут соответствующее процессуальное решение.","Главк полиции удивлен, что все водители были трезвыми.","Всех пострадавших медики доставили в ближайшую больницу. Областной главк полиции сообщает, что водители находились в трезвом состоянии. По факту дорожного инцидента проводится проверка, после которой примут соответствующее процессуальное решение.",Пострадавшие попали в ближайшую клинику.,1,1,False,False,True,False,False,True,kept,44
133,1093,0.9917,not_entailment,entailment,"""""""Сегодня поисковая операция была прекращена, так как она стала слишком опасной"""", - сказал он на условиях анонимности.""",Поисковая операция продолжится.,"""""""Сегодня поисковая операция была прекращена, так как она стала слишком опасной"""", - сказал он на условиях анонимности.""",Поисковая операция продолжаться не будет.,0,1,False,False,False,True,False,False,kept,11
110,1793,0.9917,entailment,not_entailment,"""""""Накануне во время ознакомления с административным делом адвокат Удальцова Николай Полозов вырвал пять листов из дела, в том числе протокол об административном правонарушении, протокол о доставлении, а также протокол об административном задержании, после чего разорвал их на маленькие кусочки и передал депутату Госдумы Илье Пономареву, который их съел"""", - сказал собеседник агентства. После этого во время рассмотрения дела сторона Удальцова заявила, что уничтоженных документов в деле не было. При этом судья, председательствовавшая на заседании, знала о наличии этих документов в деле, так как ознакомилась с ним заранее, кроме того, наличие вырванных протоколов подтверждает опись имеющихся документов, прикрепленная к делу.""","Судья заметила, что из административного дела Удальцова пропали несколько протоколов.","""""""Накануне во время ознакомления с административным делом адвокат Удальцова Николай Полозов вырвал пять листов из дела, в том числе протокол об административном правонарушении, протокол о доставлении, а также протокол об административном задержании, после чего разорвал их на маленькие кусочки и передал депутату Госдумы Илье Пономареву, который их съел"""", - сказал собеседник агентства. После этого во время рассмотрения дела сторона Удальцова заявила, что уничтоженных документов в деле не было. При этом судья, председательствовавшая на заседании, знала о наличии этих документов в деле, так как ознакомилась с ним заранее, кроме того, наличие вырванных протоколов подтверждает опись имеющихся документов, прикрепленная к делу.""",Николай Полозов съел бумаги сам.,0,0,False,False,False,False,False,False,kept,71
792,2319,0.9917,not_entailment,entailment,"К спасателям обратились местные жители, которые рассказали, что во дворе дома сидит сова, у которой, по всей видимости, сломано крыло.",Местные жители лечили сову.,"К спасателям обратились местные жители, которые рассказали, что во дворе дома сидит сова, у которой, по всей видимости, сломано крыло.",Местные жители просили спасти сову.,0,0,False,False,False,False,False,False,kept,11
267,843,0.9917,not_entailment,entailment,"""ЛГБТ-активисту Николаю Алексееву, который был признан виновным в пропаганде гомосексуализма, стоит обратиться в Конституционный суд РФ, считает член Общественной палаты РФ, президент адвокатской палаты Москвы Генри Резник. """"Николаю Алексееву надо идти обжаловать вынесенное решение в кассационном суде, а затем обращаться в Конституционный суд, который, скорее всего, признает питерский закон о запрете пропаганды гомосексуализма неконституционным"""", - сказал Резник в пятницу """"Интерфаксу"""". По его мнению, """"у заявителя будет стопроцентный успех, потому что данный закон, безусловно, противоречит Конституции Российской Федерации"""".""",Адвокат Генри Резник снял с ЛГБТ-активиста обвинения в пропаганде гомосексуализма.,"""ЛГБТ-активисту Николаю Алексееву, который был признан виновным в пропаганде гомосексуализма, стоит обратиться в Конституционный суд РФ, считает член Общественной палаты РФ, президент адвокатской палаты Москвы Генри Резник. """"Николаю Алексееву надо идти обжаловать вынесенное решение в кассационном суде, а затем обращаться в Конституционный суд, который, скорее всего, признает питерский закон о запрете пропаганды гомосексуализма неконституционным"""", - сказал Резник в пятницу """"Интерфаксу"""". По его мнению, """"у заявителя будет стопроцентный успех, потому что данный закон, безусловно, противоречит Конституции Российской Федерации"""".""","По мнению Резника, питерский закон о запрете пропаганды гомосексуализма противоречит Конституции Российской Федерации.",1,0,True,False,False,False,False,False,kept,87
52,1056,0.9916,entailment,not_entailment,"""Астахов отметил, что в ситуации разбираются вирусологи и инфекционисты. Главная задача - локализовать распространение вируса. """"Потому что уже несколько версий существует, в том числе - что это внесенный вирус, привезенный кем-то из-за границы"""".""","Астахов отметил версии, существующие относительно вируса.","""Астахов отметил, что в ситуации разбираются вирусологи и инфекционисты. Главная задача - локализовать распространение вируса. """"Потому что уже несколько версий существует, в том числе - что это внесенный вирус, привезенный кем-то из-за границы"""".""","Это внесенный вирус, привезенный кем-то из-за границы.",0,2,False,False,False,True,True,False,removed_b,46
1193,1592,0.9916,entailment,not_entailment,"В аналогичном опросе, проведенном в марте 2010 г., за новую дисциплину высказалось 63% респондентов. В ноябре правительство утвердило план эксперимента, предусматривавшего преподавание основ религий и светской этики в 19 субъектах федерации. Осенью прошлого года Московский патриархат высказался за преподавание религиозных дисциплин не только в четвертом и пятом классах, но и на всех этапах школьного обучения, поскольку двух полугодий для усвоения материала недостаточно.","63% опрошенных хотят, чтобы в школе преподавали основы религий и светской этики.","В аналогичном опросе, проведенном в марте 2010 г., за новую дисциплину высказалось 63% респондентов. В ноябре правительство утвердило план эксперимента, предусматривавшего преподавание основ религий и светской этики в 19 субъектах федерации. Осенью прошлого года Московский патриархат высказался за преподавание религиозных дисциплин не только в четвертом и пятом классах, но и на всех этапах школьного обучения, поскольку двух полугодий для усвоения материала недостаточно.",В прошлом году Московский патриархат преподавал религиозные дисциплины на всех этапах школьного обучения.,0,1,False,False,False,True,False,False,kept,76
552,2210,0.9916,entailment,not_entailment,"В Сомали в прошлом году было потрачено 120 млн. долларов, и мы кормили  более 1 млн. человек, так как там происходили и конфликты, и стихийные бедствия.",Мы кормили людей в Сомали.,"В Сомали в прошлом году было потрачено 120 млн. долларов, и мы кормили  более 1 млн. человек, так как там происходили и конфликты, и стихийные бедствия.",Мы ездили в Сомали в прошлом году.,0,2,False,False,False,True,True,False,removed_b,22
1652,2202,0.9915,entailment,not_entailment,"У троих участников драки диагностированы различные травмы. Что интересно, в полиции все они заявили, что претензий друг к другу не имеют.",Участники драки остались довольны друг другом.,"У троих участников драки диагностированы различные травмы. Что интересно, в полиции все они заявили, что претензий друг к другу не имеют.",Участники драки недовольны друг другом.,2,0,True,True,False,False,False,False,removed_a,9
967,1613,0.9915,entailment,not_entailment,"Женщина попросила личным заявлением освободить ее от должности главы министерства государственного имущества республики по собственному желанию, что и было сделано в течении нескольких минут.",Женщина написала заявление об уходе.,"Женщина попросила личным заявлением освободить ее от должности главы министерства государственного имущества республики по собственному желанию, что и было сделано в течении нескольких минут.",Женщина ушла без заявления.,1,0,True,False,False,False,False,False,kept,18
1282,1369,0.9915,entailment,not_entailment,"Он сообщил, что после митинга были задержаны, как минимум, четыре человека. Среди них член КПРФ и помощник депутата Госдумы. Как сообщили агентству в пресс-службе правительства Самарской области, уведомление, поданное организаторами митинга, не было рассмотрено, так как было составлено с ошибками.",Организаторы митинга допустили ошибки в уведомлении.,"Он сообщил, что после митинга были задержаны, как минимум, четыре человека. Среди них член КПРФ и помощник депутата Госдумы. Как сообщили агентству в пресс-службе правительства Самарской области, уведомление, поданное организаторами митинга, не было рассмотрено, так как было составлено с ошибками.",Митинг продолжается.,0,0,False,False,False,False,False,False,kept,41
221,676,0.9914,not_entailment,entailment,"""""""Это решение можно было принять и раньше. Однако о возможности перемен говорили уже давно - это было ожидаемо"""", - сказала Смородская в интервью корреспонденту пресс-центра Министерства спорта РФ. """"На мой взгляд, это движение в правильном направлении, так как оно приводит к здоровой конкуренции"""".""",Смородская осуждает выбранное направление движения.,"""""""Это решение можно было принять и раньше. Однако о возможности перемен говорили уже давно - это было ожидаемо"""", - сказала Смородская в интервью корреспонденту пресс-центра Министерства спорта РФ. """"На мой взгляд, это движение в правильном направлении, так как оно приводит к здоровой конкуренции"""".""",Смородская одобряет выбранное направление движения.,1,1,True,False,False,True,False,False,kept,5
448,1451,0.9913,entailment,not_entailment,"Съезд является важным политическим событием в жизни страны. Наши делегаты получили прекрасную возможность высказать свою позицию. Они поделились опытом работы своих первичных отделений, выказали предложения по усовершенствованию нормативно-правовой базы во всех сферах, задали вопросы руководителям министерств,  ведомств,  модераторам площадок.",Наши делегаты поделились опытом работы своих первичных отделений.,"Съезд является важным политическим событием в жизни страны. Наши делегаты получили прекрасную возможность высказать свою позицию. Они поделились опытом работы своих первичных отделений, выказали предложения по усовершенствованию нормативно-правовой базы во всех сферах, задали вопросы руководителям министерств,  ведомств,  модераторам площадок.",Наши делегаты усовершенствовали нормативно-правовую базу во всех сферах.,1,2,False,False,True,True,False,True,removed_b,46
1084,1238,0.9912,entailment,not_entailment,"Трое молодых людей, из числа ранее судимых, совершили 23 кражи из гаражей и дачных участков. Вначале, они при помощи топора разобрали крышу пристроя к магазину поселка Железнодорожный, проникли на склад продуктов и собрались вынести бутылки с пивом и подсолнечным маслом, несколько пачек пряников, печенье, вермишель и наборы карамели. Однако увести награбленное они не смогли, так как их спугнула охрана.",Воры не сумели унести карамель и вермишель.,"Трое молодых людей, из числа ранее судимых, совершили 23 кражи из гаражей и дачных участков. Вначале, они при помощи топора разобрали крышу пристроя к магазину поселка Железнодорожный, проникли на склад продуктов и собрались вынести бутылки с пивом и подсолнечным маслом, несколько пачек пряников, печенье, вермишель и наборы карамели. Однако увести награбленное они не смогли, так как их спугнула охрана.",Четверых преступников спугнула охрана.,0,2,False,False,False,True,True,False,removed_b,36
1590,2303,0.9912,entailment,not_entailment,"В квартире на 2 этаже находился 70-летний хозяин, когда неожиданно раздался громкий хлопок и погас свет. Оказавшись на кухне, мужчина увидел огонь. После попытки самостоятельно потушить пламя хозяин попытался выйти наружу, потому что из-за дыма стало нечем дышать.",Из-за дыма стало трудно дышать.,"В квартире на 2 этаже находился 70-летний хозяин, когда неожиданно раздался громкий хлопок и погас свет. Оказавшись на кухне, мужчина увидел огонь. После попытки самостоятельно потушить пламя хозяин попытался выйти наружу, потому что из-за дыма стало нечем дышать.",На кухне сушился хлопок.,1,2,False,False,True,True,False,True,removed_b,26
1462,2125,0.9912,entailment,not_entailment,"""""""Знакомы ли Вы со своими новыми коллегами – Никитиным, Яблонским, Аветисяном?"""" - """"Да, со всем директорами мы пообщались, и, на мой взгляд, мы очень хорошо друг друга дополняем. Я вам честно скажу, что я бы не смог собрать команду лучше, потому что это тот случай, когда достоинства одних покрывают недостатки других"""".""",Команду лучше собрать трудно.,"""""""Знакомы ли Вы со своими новыми коллегами – Никитиным, Яблонским, Аветисяном?"""" - """"Да, со всем директорами мы пообщались, и, на мой взгляд, мы очень хорошо друг друга дополняем. Я вам честно скажу, что я бы не смог собрать команду лучше, потому что это тот случай, когда достоинства одних покрывают недостатки других"""".""",Команду лучше можно собрать где угодно.,0,1,False,False,False,True,False,False,kept,12
133,218,0.9912,not_entailment,entailment,"""""""Сегодня поисковая операция была прекращена, так как она стала слишком опасной"""", - сказал он на условиях анонимности.""",Поисковая операция продолжится.,"""""""Сегодня поисковая операция была прекращена, так как она стала слишком опасной"""", - сказал он на условиях анонимности.""",Поисковая операция стала слишком опасной.,0,1,False,False,False,False,False,True,kept,19
1160,2143,0.9912,not_entailment,entailment,"Косвенная связь есть. Она человек публичный, таскала меня с собой на все светские мероприятия. Когда все это закончилось, остался один футбол, и все стало лучше.",Она не перестала таскать меня на светские мероприятия.,"Косвенная связь есть. Она человек публичный, таскала меня с собой на все светские мероприятия. Когда все это закончилось, остался один футбол, и все стало лучше.",Футбол у меня остался.,0,1,False,False,False,True,False,False,kept,42
673,2254,0.9912,not_entailment,entailment,"""Он добавил, что машины, стоящие в заторах с включенными двигателями, наносят колоссальный ущерб экологии. В результате, по его словам, многие инвесторы начинают обходить стороной город, где невозможно в разумное время проехать из одного конца в другой. Таким образом, по его словам, складывается """"тревожная тенденция"""", так как через несколько лет могут произойти неприятные последствия инвестиционного спада, которые могут повлечь снижение личных доходов жителей города и сокращение доходов бюджета.""",Экологическая обстановка от пробок только улучшается.,"""Он добавил, что машины, стоящие в заторах с включенными двигателями, наносят колоссальный ущерб экологии. В результате, по его словам, многие инвесторы начинают обходить стороной город, где невозможно в разумное время проехать из одного конца в другой. Таким образом, по его словам, складывается """"тревожная тенденция"""", так как через несколько лет могут произойти неприятные последствия инвестиционного спада, которые могут повлечь снижение личных доходов жителей города и сокращение доходов бюджета.""",Пробки в городе отпугивают инвесторов.,0,1,False,False,False,True,False,False,kept,42
1533,1672,0.9912,not_entailment,entailment,"Так что никто из ребятни не пострадал. Сам пожар случился из-за неисправной проводки. Сам автобус потушили, и огонь не успел перекинуться на топливный бак.",Автобус догорел.,"Так что никто из ребятни не пострадал. Сам пожар случился из-за неисправной проводки. Сам автобус потушили, и огонь не успел перекинуться на топливный бак.",В автобусе была неисправна проводка.,1,1,False,False,True,False,False,True,kept,26
825,1904,0.9911,not_entailment,entailment,"Подозреваемый признал вину и пояснил, что в ту ночь им с приятелем очень хотелось выпить. Поэтому они направились в круглосуточный магазин. Но продавец отказалась продать им пиво, так как было слишком поздно.",Пиво им с приятелем продали втридорога.,"Подозреваемый признал вину и пояснил, что в ту ночь им с приятелем очень хотелось выпить. Поэтому они направились в круглосуточный магазин. Но продавец отказалась продать им пиво, так как было слишком поздно.",Пиво им с приятелем продавать не хотели.,0,1,False,False,False,True,False,False,kept,13
76,1176,0.991,not_entailment,entailment,"""Как рассказали """"Комсомольской правде"""" в пресс-службе комитета культуры южной столицы Псковской области, все трое учатся в Образцовом художественном коллективе Театра детской песни """"Летний дождь"""".""",Все трое учатся в интернате.,"""Как рассказали """"Комсомольской правде"""" в пресс-службе комитета культуры южной столицы Псковской области, все трое учатся в Образцовом художественном коллективе Театра детской песни """"Летний дождь"""".""",Все трое учатся в образцовом художественном коллективе.,1,1,False,False,True,False,False,True,kept,31
38,847,0.9909,not_entailment,entailment,"Однако тот попытался нанести одному из хоругвеносцев удар, и был задержан полицией. Православные активисты не пускают людей с белыми лентами оппозиции к входу в Храм Христа Спасителя. Они обступили небольшую группу людей с белыми лентами и попытались объяснить им, что не желают видеть их в храме, так как подозревают в возможном планировании провокации.",Православные активисты приглашают людей с белыми лентами оппозиции в Храм Христа Спасителя.,"Однако тот попытался нанести одному из хоругвеносцев удар, и был задержан полицией. Православные активисты не пускают людей с белыми лентами оппозиции к входу в Храм Христа Спасителя. Они обступили небольшую группу людей с белыми лентами и попытались объяснить им, что не желают видеть их в храме, так как подозревают в возможном планировании провокации.",Человек пытался ударить хоругвеносца и был задержан.,1,0,True,False,False,False,False,False,kept,73
59,1420,0.9909,entailment,not_entailment,"Прошу подойти ответственно к этому вопросу. Поставить галочку и забыть — не выйдет. Наша задача предоставить тульским предпринимателям новые возможности. Что губернатор сказал про медицину, читайте здесь.",Вопрос требует ответственного подхода.,"Прошу подойти ответственно к этому вопросу. Поставить галочку и забыть — не выйдет. Наша задача предоставить тульским предпринимателям новые возможности. Что губернатор сказал про медицину, читайте здесь.",Прошу поставить галочку и забыть.,2,2,True,False,True,True,True,False,removed_both,32
1317,2143,0.9909,not_entailment,entailment,"Косвенная связь есть. Она человек публичный, таскала меня с собой на все светские мероприятия. Когда все это закончилось, остался один футбол, и все стало лучше.",У меня не осталось даже футбола.,"Косвенная связь есть. Она человек публичный, таскала меня с собой на все светские мероприятия. Когда все это закончилось, остался один футбол, и все стало лучше.",Футбол у меня остался.,0,1,False,False,False,True,False,False,kept,26
460,2209,0.9909,not_entailment,entailment,"Специалисты трудовой инспекции провели внеплановую проверку на заводе и выяснили, что предприятие действительно имеет большие долги по зарплате.",Долги завода по зарплате незначительны.,"Специалисты трудовой инспекции провели внеплановую проверку на заводе и выяснили, что предприятие действительно имеет большие долги по зарплате.",Завод не полностью выплатил зарплату.,0,2,False,False,False,True,True,False,removed_b,31
209,2028,0.9909,not_entailment,entailment,"""Представители России реагировали на резолюцию с недоумением и возмущением. """"Это решение (принятие подобной резолюции – ИФ) является вопиющим фактом вмешательства во внутренние дела РФ и попыткой дестабилизировать общественно-политическую ситуацию в нашей стране, не основанной на реальном знании фактов. Попыткой, граничащей с провокацией, поскольку парламентарии не могли не предвидеть реакцию российского общества на подобные действия, оскорбительные для любого суверенного государства"""", - говорилось, например, в заявлении Общественной палаты.""",Обшественная палата отозвала заявление.,"""Представители России реагировали на резолюцию с недоумением и возмущением. """"Это решение (принятие подобной резолюции – ИФ) является вопиющим фактом вмешательства во внутренние дела РФ и попыткой дестабилизировать общественно-политическую ситуацию в нашей стране, не основанной на реальном знании фактов. Попыткой, граничащей с провокацией, поскольку парламентарии не могли не предвидеть реакцию российского общества на подобные действия, оскорбительные для любого суверенного государства"""", - говорилось, например, в заявлении Общественной палаты.""",Общественная палата сделала заявление.,0,0,False,False,False,False,False,False,kept,6
141,2332,0.9909,entailment,not_entailment,"Также родственники погибшего под колесами мужчины требуют компенсации морального вреда. Всего они запросили 2 млн рублей. Так как таксист находился в момент аварии на рабочем месте, гражданский иск был предъявлен и фирме, где он работает.",Родственники погибшего требуют денег.,"Также родственники погибшего под колесами мужчины требуют компенсации морального вреда. Всего они запросили 2 млн рублей. Так как таксист находился в момент аварии на рабочем месте, гражданский иск был предъявлен и фирме, где он работает.",Сервису такси предъявили иск за невежливых таксистов.,1,2,False,False,True,True,False,True,removed_b,44
140,539,0.9909,entailment,not_entailment,"Как рассказывает в одной из социальных сетей очевидец происшествия, бабушка выходила из автобуса №41, когда его двери неожиданно захлопнулись, и нога пенсионерки оказалась в капкане.",Автобус №41 защемил бабушкину ногу.,"Как рассказывает в одной из социальных сетей очевидец происшествия, бабушка выходила из автобуса №41, когда его двери неожиданно захлопнулись, и нога пенсионерки оказалась в капкане.",Автобус №41 был оборудован капканами.,2,0,True,True,False,False,False,False,removed_a,22
165,783,0.9909,entailment,not_entailment,"""Внедорожник Toyota Land с российскими номерами двигался в сторону границы, когда на него с второстепенной дороги выскочила """"Волга"""". Для джипа, ехавшего на высокой скорости, было достаточно небольшого удара, чтобы вылететь в кювет. Видимо, водитель и пассажир внедорожника были не пристегнуты, так как вылетели через лобовое окно и погибли мгновенно.""","""Джип не удержался на дороге после столкновения с """"Волгой"""".""","""Внедорожник Toyota Land с российскими номерами двигался в сторону границы, когда на него с второстепенной дороги выскочила """"Волга"""". Для джипа, ехавшего на высокой скорости, было достаточно небольшого удара, чтобы вылететь в кювет. Видимо, водитель и пассажир внедорожника были не пристегнуты, так как вылетели через лобовое окно и погибли мгновенно.""","""Водитель и пассажир """"Волги"""" вылетели через лобовое окно и погибли мгновенно.""",0,2,False,False,False,True,True,False,removed_b,60
683,1797,0.9909,entailment,not_entailment,"""Как сообщил после заседания адвокат Александр Гофштейн, """"ни одно доказательство и ни одна экспертиза не доказывает совершения Макаровым данного преступления"""". """"Доказательства недостоверные, неубедительные и с процессуальной точки зрения недопустимые"""", - сказал Гофштейн. Он намерен обратиться в надзорную инстанцию суда с жалобой, так как намерен добиваться полной отмены приговора для своего подзащитного.""",Гофштейн намерен отменить приговор для своего подзащитного.,"""Как сообщил после заседания адвокат Александр Гофштейн, """"ни одно доказательство и ни одна экспертиза не доказывает совершения Макаровым данного преступления"""". """"Доказательства недостоверные, неубедительные и с процессуальной точки зрения недопустимые"""", - сказал Гофштейн. Он намерен обратиться в надзорную инстанцию суда с жалобой, так как намерен добиваться полной отмены приговора для своего подзащитного.""",Адвокат предоставил недостоверные и даже недопустимые доказательства.,0,1,False,False,False,True,False,False,kept,53
1679,1941,0.9908,entailment,not_entailment,"В Калининградской епархии уже заявили, что новый музей представляет собой уникальное явление для нашего региона.",В епархии назвали музей уникальным.,"В Калининградской епархии уже заявили, что новый музей представляет собой уникальное явление для нашего региона.",Новый музей абсолютно уникален.,0,0,False,False,False,False,False,False,kept,25
1197,1382,0.9908,entailment,not_entailment,"Как сообщили «Комсомольской правде» в пресс-службе музея, выставка получила название «Добрые друзья детства».",Выставке придумали название.,"Как сообщили «Комсомольской правде» в пресс-службе музея, выставка получила название «Добрые друзья детства».",Выставке не дали название.,1,1,False,False,True,False,False,True,kept,5
297,1231,0.9908,not_entailment,entailment,"""""""Система аккредитации - это ключевой инструмент допуска на рынок. Мы сейчас готовим закон об аккредитации, который весной хотим внести в Госдуму"""", - сказала она. """"Этот закон очень важен, потому что он будет предусматривать переход на международные стандарты аккредитации"""", - сказала она.""",Она сказала о бесполезности закона.,"""""""Система аккредитации - это ключевой инструмент допуска на рынок. Мы сейчас готовим закон об аккредитации, который весной хотим внести в Госдуму"""", - сказала она. """"Этот закон очень важен, потому что он будет предусматривать переход на международные стандарты аккредитации"""", - сказала она.""",Она ждет весну.,2,2,True,False,True,True,False,True,removed_both,26
1007,2238,0.9908,entailment,not_entailment,"Обе купюры оказались поддельными. - По данным фактам проводятся проверки, - заверили в полиции. Стражи порядка также напоминают, что в случае, если к вам в руки попала фальшивая купюра, нужно сразу же обратиться в полицию.",Две купюры оказались поддельными.,"Обе купюры оказались поддельными. - По данным фактам проводятся проверки, - заверили в полиции. Стражи порядка также напоминают, что в случае, если к вам в руки попала фальшивая купюра, нужно сразу же обратиться в полицию.",Стражи порядка нашли фальшивую купюру.,1,3,False,False,True,True,True,True,removed_b,30
981,1713,0.9907,not_entailment,entailment,"Сначала он начал кружить на лодке вокруг животного с тем, чтобы создать волну. После этого он избил лося веслом. В результате лось утонул, а злоумышленнику удалось вытащить тушу на берег.","Злодей катался вокруг лося на лодке, пока тот не утопился от горя.","Сначала он начал кружить на лодке вокруг животного с тем, чтобы создать волну. После этого он избил лося веслом. В результате лось утонул, а злоумышленнику удалось вытащить тушу на берег.",Злодей утопил лося.,0,0,False,False,False,False,False,False,kept,49
168,576,0.9907,entailment,not_entailment,"Правящая коалиция и кабинет министров вряд ли к нему прислушаются. «Со стороны правительства никогда шаги по уменьшению финансирования программ русского вещания не обсуждались. Наоборот, шла речь, как его можно было бы увеличить», - отметил глава государства.",Глава государства говорил о возможном расширении финансирования русского вещания.,"Правящая коалиция и кабинет министров вряд ли к нему прислушаются. «Со стороны правительства никогда шаги по уменьшению финансирования программ русского вещания не обсуждались. Наоборот, шла речь, как его можно было бы увеличить», - отметил глава государства.",Финансирование программ русского вещания увеличат.,1,1,True,False,False,True,False,False,kept,59
630,786,0.9907,not_entailment,entailment,"Сотрудники городского управления потребительского рынка провели рейд по торговым точкам, где нелегально продают новогодние деревья.",Во всех торговых точках нелегально продают новогодние елки.,"Сотрудники городского управления потребительского рынка провели рейд по торговым точкам, где нелегально продают новогодние деревья.",По нелегальным точкам продажи елок проведен специальный рейд.,1,1,False,False,True,False,False,True,kept,43
223,985,0.9907,entailment,not_entailment,"Как сообщили в правительстве области, на ней можно будет купить товары местных производителей.","В правительстве области сообщили, где можно будет приобрести товары местных производителей.","Как сообщили в правительстве области, на ней можно будет купить товары местных производителей.",В правительстве области можно будет приобрести товары местных производителей.,1,3,False,False,True,True,True,True,removed_b,14
654,1742,0.9907,not_entailment,entailment,"Сам хозяин давно не появлялся на участке, ему позвонили соседи, обнаружив в его доме вскрытую дверь. Мужчина написал заявление в полицию, возбудили уголовное дело, и начался розыск преступников. Когда злоумышленников задержали, они признались в остальных преступлениях.",Соседи починили дверь.,"Сам хозяин давно не появлялся на участке, ему позвонили соседи, обнаружив в его доме вскрытую дверь. Мужчина написал заявление в полицию, возбудили уголовное дело, и начался розыск преступников. Когда злоумышленников задержали, они признались в остальных преступлениях.","Соседей удивила открытая дверь в доме, где хозяин давно не появлялся.",0,0,False,False,False,False,False,False,kept,54
1004,1636,0.9907,entailment,not_entailment,"Их усилиями героями рекламы сайта бесплатных объявлений стали офицеры Северного флота. Сюжет ролика незамысловат и даже напоминает те, что сейчас крутят по нашему телевидению. Два рыбака сидят с удочками и решают, что им делать с холодильником, который находится тут же, в лодке на середине озера.",У рыбаков в лодке холодильник.,"Их усилиями героями рекламы сайта бесплатных объявлений стали офицеры Северного флота. Сюжет ролика незамысловат и даже напоминает те, что сейчас крутят по нашему телевидению. Два рыбака сидят с удочками и решают, что им делать с холодильником, который находится тут же, в лодке на середине озера.",Рыбаки утопят в реке холодильник.,1,1,False,False,True,False,False,True,kept,13
1201,1977,0.9907,entailment,not_entailment,"""Бывший глава полиции ранее подтвердил, что он перешел на сторону мятежников. """"Я объявляю, что дезертировал из армии и присоединяюсь к народной революции"""", - говорится в видеообращении, распространенном этим военным. Он пояснил, что принял такое решение, так как сирийская армия уничтожает мирных жителей вместо того, чтобы защищать их.""","Сирийская армия уничтожает мирных жителей вместо того, чтобы защищать их.","""Бывший глава полиции ранее подтвердил, что он перешел на сторону мятежников. """"Я объявляю, что дезертировал из армии и присоединяюсь к народной революции"""", - говорится в видеообращении, распространенном этим военным. Он пояснил, что принял такое решение, так как сирийская армия уничтожает мирных жителей вместо того, чтобы защищать их.""",Бывший глава полиции встал на другую сторону улицы.,1,0,False,False,True,False,False,False,kept,58
435,1411,0.9907,not_entailment,entailment,"""""""Я попросил их продолжать работу и не снижать темпов, крайне противно было"""", — посетовал глава президентской администрации. """"Ну, терпел. Я не подавал виду, потому что я понимал, что если я начну подавать вид, это приведет к настороженности и попытке замести следы"""", — добавил он.""","Глава президентской администрации признался, что ему было крайне противно не снижать темпов.","""""""Я попросил их продолжать работу и не снижать темпов, крайне противно было"""", — посетовал глава президентской администрации. """"Ну, терпел. Я не подавал виду, потому что я понимал, что если я начну подавать вид, это приведет к настороженности и попытке замести следы"""", — добавил он.""",Главе президентской администации было крайне противно.,2,0,True,True,False,False,False,False,removed_a,39
941,1930,0.9907,not_entailment,entailment,"""Думаю, что большинство желающих стать депутатами от нашей партии уже выразили это желание на этапе праймериз. Предварительные выборы, кстати, оказались очень эффективной процедурой. Потому что у человека появляется возможность не только выразить свое желание стать депутатом, но и проверить себя, что называется, """"в поле"""".""",Предварительные выборы дают кандидату возможность выехать в поле.,"""Думаю, что большинство желающих стать депутатами от нашей партии уже выразили это желание на этапе праймериз. Предварительные выборы, кстати, оказались очень эффективной процедурой. Потому что у человека появляется возможность не только выразить свое желание стать депутатом, но и проверить себя, что называется, """"в поле"""".""",Предварительные выборы оказались эффективной процедурой.,1,1,True,False,False,False,False,True,kept,35
188,693,0.9907,not_entailment,entailment,"Он находится недалеко от дома, где жил подросток. Согласно предварительной версии, юноша покончил с собой. Напомним, ранее по факту пропажи подростка возбудили уголовное дело по статье «Убийство».",Юноша еще жив.,"Он находится недалеко от дома, где жил подросток. Согласно предварительной версии, юноша покончил с собой. Напомним, ранее по факту пропажи подростка возбудили уголовное дело по статье «Убийство».",Дело об убийстве подростка может стать делом о самоубийстве.,0,1,False,False,False,True,False,False,kept,51
1220,2317,0.9906,not_entailment,entailment,"Работа личного состава будет усилена, наших сотрудников не отпускают в эти дни в отпуск, - отметил спикер.","По словам спикера, в эти дни личный состав отправится на отдых.","Работа личного состава будет усилена, наших сотрудников не отпускают в эти дни в отпуск, - отметил спикер.","По словам спикера, в эти дни личный состав будет усиленно трудиться.",1,1,True,False,False,True,False,False,kept,21
1406,1438,0.9906,not_entailment,entailment,"Это грубейший просчет тех, кто проектировал дом, и делал изыскания геологические, почему и произошла эта ситуация. Поэтому сейчас-то где искать этих людей, которые занимались этим вопросом. Хотя автор проекта получил даже государственную премию за него, на то время он считался довольно продвинутым.","Те, кто проектировал дом, слегка просчитались.","Это грубейший просчет тех, кто проектировал дом, и делал изыскания геологические, почему и произошла эта ситуация. Поэтому сейчас-то где искать этих людей, которые занимались этим вопросом. Хотя автор проекта получил даже государственную премию за него, на то время он считался довольно продвинутым.",Автора проекта этого дома наградили.,0,0,False,False,False,False,False,False,kept,29
1163,2157,0.9905,not_entailment,entailment,"Деревянный черенок от метлы стал причиной преступления, которое унесло жизнь пенсионера.",Черенок от метлы унес жизнь пенсионера.,"Деревянный черенок от метлы стал причиной преступления, которое унесло жизнь пенсионера.",Преступление унесло жизнь пенсионера.,3,1,True,True,True,False,False,True,removed_a,15
561,1890,0.9905,entailment,not_entailment,"""На днях """"Комсомолка"""" писала о передвижном зоопарке """"Галактика"""", где сотрудники городского управления по охране окружающей среды нашли многочисленные нарушения: животные и птицы содержатся в ужасных условиях и замерзают.""","""В передвижном зоопарке """"Галактика"""" животные и птицы страдают от холода и жутких условий.""","""На днях """"Комсомолка"""" писала о передвижном зоопарке """"Галактика"""", где сотрудники городского управления по охране окружающей среды нашли многочисленные нарушения: животные и птицы содержатся в ужасных условиях и замерзают.""","""В передвижном зоопарке """"Галактика"""" животные и птицы не бедствуют.""",0,0,False,False,False,False,False,False,kept,31
379,2167,0.9905,entailment,not_entailment,"Итальянский астронавт Лука Пармитано вынужден прекратить выход в открытый космос и вернуться на станцию из-за проблем в системе жизнеобеспечения скафандра, сообщает сайт НАСА. По данным американского сайта, в лицевой части скафандра у астронавта скопилась влага, которая мешает ему работать. Некоторое время американские специалисты пытались понять, из какой системы произошла утечка, однако установить точно не смогли, поскольку в системе жизнеобеспечения скафандра много систем с жидкостью.",Итальянский астронавт Лука Пармитано столкнулся с непредвиденными трудностями в открытом космосе.,"Итальянский астронавт Лука Пармитано вынужден прекратить выход в открытый космос и вернуться на станцию из-за проблем в системе жизнеобеспечения скафандра, сообщает сайт НАСА. По данным американского сайта, в лицевой части скафандра у астронавта скопилась влага, которая мешает ему работать. Некоторое время американские специалисты пытались понять, из какой системы произошла утечка, однако установить точно не смогли, поскольку в системе жизнеобеспечения скафандра много систем с жидкостью.",Итальянский астронавт Лука Пармитано сбежал в открытый космос.,0,1,False,False,False,True,False,False,kept,41
1294,1536,0.9904,entailment,not_entailment,"""""""По словам самих родителей, им угрожали, оказывали психологическое давление, заранее обвиняя меня во всей этой мерзости для того, чтобы мамы написали заявления, что они и сделали. Многие женщины поддались эмоциям и рассказали всё в педофильском свете, и теперь они, поняв, что их обманули, не знают как поступить. Потому что им угрожают за дачу ложных показаний дать срок"""", - написал он.""","Он написал о том, что рассказали родители.","""""""По словам самих родителей, им угрожали, оказывали психологическое давление, заранее обвиняя меня во всей этой мерзости для того, чтобы мамы написали заявления, что они и сделали. Многие женщины поддались эмоциям и рассказали всё в педофильском свете, и теперь они, поняв, что их обманули, не знают как поступить. Потому что им угрожают за дачу ложных показаний дать срок"""", - написал он.""","Он не стал писать о том, что рассказали родители.",0,0,False,False,False,False,False,False,kept,8
1334,2070,0.9904,not_entailment,entailment,"""""""Разработана проектная документация по замене эскалаторов на станциях """"Рижская"""", """"Новослободская"""", """"Смоленская"""" Арбатской-Покровской линии и """"Спортивная"""". Работы на этих станциях планируется начать в этом году"""", - рассказал первый замначальника метро Роман Цуканов. По его словам, две из четырех станций - """"Рижская"""" и """"Смоленская"""" - будут закрыты для пассажиров на время ремонта, поскольку они имеют по одному вестибюлю.""","""""""Рижскую"""" закроют от пассажиров.""","""""""Разработана проектная документация по замене эскалаторов на станциях """"Рижская"""", """"Новослободская"""", """"Смоленская"""" Арбатской-Покровской линии и """"Спортивная"""". Работы на этих станциях планируется начать в этом году"""", - рассказал первый замначальника метро Роман Цуканов. По его словам, две из четырех станций - """"Рижская"""" и """"Смоленская"""" - будут закрыты для пассажиров на время ремонта, поскольку они имеют по одному вестибюлю.""",Замначальника метро рассказал о разработанной проектной документации и замене эскалаторов.,1,0,True,False,False,False,False,False,kept,71
1703,2332,0.9903,entailment,not_entailment,"Также родственники погибшего под колесами мужчины требуют компенсации морального вреда. Всего они запросили 2 млн рублей. Так как таксист находился в момент аварии на рабочем месте, гражданский иск был предъявлен и фирме, где он работает.",Сервису такси предъявили иск за сбитого мужчину.,"Также родственники погибшего под колесами мужчины требуют компенсации морального вреда. Всего они запросили 2 млн рублей. Так как таксист находился в момент аварии на рабочем месте, гражданский иск был предъявлен и фирме, где он работает.",Сервису такси предъявили иск за невежливых таксистов.,0,2,False,False,False,True,False,True,removed_b,18
225,1360,0.9903,not_entailment,entailment,"Сначала необходимо законсервировать здание, просушить - здесь полно воды, провести экспертизу и понять, сколько это будет стоить, и начинать ремонт.",В здании недостаточно воды.,"Сначала необходимо законсервировать здание, просушить - здесь полно воды, провести экспертизу и понять, сколько это будет стоить, и начинать ремонт.",В здании полно воды.,2,1,True,False,True,False,False,True,removed_a,9
1413,2095,0.9903,not_entailment,entailment,"""""""Когда в начале 90-х декриминализировали употребление наркотиков, количество наркоманов увеличилось в сотни раз. Эта мера вынужденная и необходимая, во-первых, она декларирует позицию государства, во-вторых, она спасет огромное количество наркоманских жизней и душ"""", - заявил Ройзман """"Интерфаксу"""" в среду. По его словам, предлагаемая инициатива – достаточно мягкая и может быть определена как гуманная, так как предполагается уголовная ответственность за систематическое употребление наркотиков и только тех лиц, которые ранее привлекались к административной ответственности.""",Ройзман сожалеет о декриминализации употребления наркотиков в 90-е.,"""""""Когда в начале 90-х декриминализировали употребление наркотиков, количество наркоманов увеличилось в сотни раз. Эта мера вынужденная и необходимая, во-первых, она декларирует позицию государства, во-вторых, она спасет огромное количество наркоманских жизней и душ"""", - заявил Ройзман """"Интерфаксу"""" в среду. По его словам, предлагаемая инициатива – достаточно мягкая и может быть определена как гуманная, так как предполагается уголовная ответственность за систематическое употребление наркотиков и только тех лиц, которые ранее привлекались к административной ответственности.""","Ройзман сказал, что снова криминализировать употребление наркотиков нужно чтобы показать позицию государства и спасти души наркоманов.",0,0,False,False,False,False,False,False,kept,83
337,996,0.9902,entailment,not_entailment,"""В итоге ранее судимого за угон северянина задержали во время встречи с клиентом. - Мужчина пояснил, что газовый пистолет марки """"МЦРГ-1"""" приобрел случайно несколько лет назад. Он решил продать оружие, так как нуждается в деньгах.""","""У мужчины был газовый пистолет марки """"МЦРГ-1"""".""","""В итоге ранее судимого за угон северянина задержали во время встречи с клиентом. - Мужчина пояснил, что газовый пистолет марки """"МЦРГ-1"""" приобрел случайно несколько лет назад. Он решил продать оружие, так как нуждается в деньгах.""",Ранее северянина судили за кражу.,0,1,False,False,False,True,False,False,kept,43
1042,2318,0.9901,entailment,not_entailment,"""Следователи ознакомили лидера националистического движения """"Русские"""" Дмитрия Демушкина с проведенными экспертизами, одна из которых заключила, что в его прошлогоднем интервью, из-за которого было возбуждено одно из уголовных дел, отсутствует элемент разжигания межнациональной розни.""",Одно из интервью националиста не разжигало межнациональную рознь.,"""Следователи ознакомили лидера националистического движения """"Русские"""" Дмитрия Демушкина с проведенными экспертизами, одна из которых заключила, что в его прошлогоднем интервью, из-за которого было возбуждено одно из уголовных дел, отсутствует элемент разжигания межнациональной розни.""",Следователи ознакомили Дмитрия Демушкина с проблемой в проведении экспертиз.,2,1,True,True,False,True,False,False,removed_a,63
147,2238,0.99,entailment,not_entailment,"Обе купюры оказались поддельными. - По данным фактам проводятся проверки, - заверили в полиции. Стражи порядка также напоминают, что в случае, если к вам в руки попала фальшивая купюра, нужно сразу же обратиться в полицию.",Две купюры кто-то подделал.,"Обе купюры оказались поддельными. - По данным фактам проводятся проверки, - заверили в полиции. Стражи порядка также напоминают, что в случае, если к вам в руки попала фальшивая купюра, нужно сразу же обратиться в полицию.",Стражи порядка нашли фальшивую купюру.,2,3,True,False,True,True,True,True,removed_both,33
733,1245,0.99,entailment,not_entailment,"Коррекция высоты орбиты проводиться не будет, поскольку объект не представляет угрозы станции.",Объекту не будут корректировать орбиту.,"Коррекция высоты орбиты проводиться не будет, поскольку объект не представляет угрозы станции.",Объекту скорректируют орбиту.,0,0,False,False,False,False,False,False,kept,13
19,1538,0.9899,entailment,not_entailment,"Эта русская поговорка как никакая другая отражает историю, в которую влипли два подельника.",Два подельника влипли в историю.,"Эта русская поговорка как никакая другая отражает историю, в которую влипли два подельника.",Два подельника попали в поговорку.,0,1,False,False,False,True,False,False,kept,11
2026,2302,0.9899,not_entailment,entailment,"В одном из интернет-магазинов она заказывала продукты. Спустя пару дней после получения товара ей позвонил неизвестный, который представился сотрудником отдела обслуживания клиентов интернет-магазина и поинтересовался качеством купленного товара. Женщина ответила, что продукты ей не понравились.",Женщина заказывала продукты в соседнем городе.,"В одном из интернет-магазинов она заказывала продукты. Спустя пару дней после получения товара ей позвонил неизвестный, который представился сотрудником отдела обслуживания клиентов интернет-магазина и поинтересовался качеством купленного товара. Женщина ответила, что продукты ей не понравились.",Женщина заказывала продукты в Сети.,2,2,True,False,True,True,False,True,removed_both,14
836,1176,0.9899,not_entailment,entailment,"""Как рассказали """"Комсомольской правде"""" в пресс-службе комитета культуры южной столицы Псковской области, все трое учатся в Образцовом художественном коллективе Театра детской песни """"Летний дождь"""".""","""В Образцовом художественном коллективе Театра детской песни """"Летний дождь"""" всего три ученика.""","""Как рассказали """"Комсомольской правде"""" в пресс-службе комитета культуры южной столицы Псковской области, все трое учатся в Образцовом художественном коллективе Театра детской песни """"Летний дождь"""".""",Все трое учатся в образцовом художественном коллективе.,1,1,False,False,True,False,False,True,kept,75
853,2096,0.9897,entailment,not_entailment,"""Как сообщалось, 15 шахтеров в понедельник 3 сентября отработали положенную смену - с 08:00 до 16:00, а по окончании смены не поднялись с горизонта минус 860 метров. Они требовали в том числе отменить незаконно введенный на предприятии ООО """"Рус-Инжиниринг"""", которое входит в """"РусАл"""" и обслуживает СУБР, скользящий график, а также повысить оклады. Ранее компания назвала действия участников акции незаконными, в том числе потому что """"шахта является объектом повышенной опасности и нахождение в ней без специальных нарядов категорически не допускается"""".""",15 шахтеров устроили акцию протеста прямо в шахте.,"""Как сообщалось, 15 шахтеров в понедельник 3 сентября отработали положенную смену - с 08:00 до 16:00, а по окончании смены не поднялись с горизонта минус 860 метров. Они требовали в том числе отменить незаконно введенный на предприятии ООО """"Рус-Инжиниринг"""", которое входит в """"РусАл"""" и обслуживает СУБР, скользящий график, а также повысить оклады. Ранее компания назвала действия участников акции незаконными, в том числе потому что """"шахта является объектом повышенной опасности и нахождение в ней без специальных нарядов категорически не допускается"""".""",Шахтеры протестуют на поверхности.,0,0,False,False,False,False,False,False,kept,35
992,1759,0.9897,not_entailment,entailment,"Пассажиры жалуются на то, что отсутствуют последние рейсы, в салонах грязь и холод, водители курят, не покидая салона, и проезжают мимо остановок, экипажи не помогают инвалидам попасть в салон.",Пассажиры хвалят последние рейсы.,"Пассажиры жалуются на то, что отсутствуют последние рейсы, в салонах грязь и холод, водители курят, не покидая салона, и проезжают мимо остановок, экипажи не помогают инвалидам попасть в салон.",Пассажиры жалуются.,2,1,True,False,True,False,False,True,removed_a,19
1399,1463,0.9897,entailment,not_entailment,"Обнаруженные предметы направлены для проведения экспертизы. Если эксперты признают их культурными ценностями, то в отношении гражданина будет возбуждено административное дело по факту недекларирования. Поскольку для ввоза их пассажир был бы обязан заполнить декларацию на товары с указанием перемещаемых через границу раритетов.",Пассажир пытался ввезти предметы без декларации.,"Обнаруженные предметы направлены для проведения экспертизы. Если эксперты признают их культурными ценностями, то в отношении гражданина будет возбуждено административное дело по факту недекларирования. Поскольку для ввоза их пассажир был бы обязан заполнить декларацию на товары с указанием перемещаемых через границу раритетов.",Обнаружены задекларированные предметы.,1,2,True,False,False,True,True,False,removed_b,39
1732,2251,0.9896,not_entailment,entailment,"""Отвечая на вопросы журналистов о возможной отмене нормы закона об обязательном наличии бесплатного дублера при строительстве платных дорог, вице-премьер подчеркнул, что """"это дискуссионная тема, которая была предложена экспертами"""". """"В правительстве пока осторожно относятся к данному предложению, которое нуждается в детальном изучении"""", - заявил Шувалов. По данным социологического исследования, вопрос платных автомобильных дорог большую часть россиян не волнует, так как они не имеют машин, а среди тех, у кого она есть, каждый пятый не намерен пользоваться такими трассами.""",У каждой платной дороги обязательно будет бесплатный дублер.,"""Отвечая на вопросы журналистов о возможной отмене нормы закона об обязательном наличии бесплатного дублера при строительстве платных дорог, вице-премьер подчеркнул, что """"это дискуссионная тема, которая была предложена экспертами"""". """"В правительстве пока осторожно относятся к данному предложению, которое нуждается в детальном изучении"""", - заявил Шувалов. По данным социологического исследования, вопрос платных автомобильных дорог большую часть россиян не волнует, так как они не имеют машин, а среди тех, у кого она есть, каждый пятый не намерен пользоваться такими трассами.""","Социологи исследовали, волнует ли россиян вопрос платных автомобильных дорог.",1,1,False,False,True,False,False,True,kept,58
1398,1760,0.9896,entailment,not_entailment,"""На вопрос, занимался ли задержанный канадский лейтенант шпионажем в пользу России, Г.Мамедов ответил, что """"не знает"""", так как """"не он возглавляет службу разведки"""". А на вопрос, кто из российских дипломатов покинул страну, российский посол и вовсе отказался отвечать. """"Я не могу свободно обсуждать эту тему, так как не хочу повлиять на ведение судебного процесса"""", - сказал он.""","Канадского лейтенанта подозревают в том, что он российский шпион.","""На вопрос, занимался ли задержанный канадский лейтенант шпионажем в пользу России, Г.Мамедов ответил, что """"не знает"""", так как """"не он возглавляет службу разведки"""". А на вопрос, кто из российских дипломатов покинул страну, российский посол и вовсе отказался отвечать. """"Я не могу свободно обсуждать эту тему, так как не хочу повлиять на ведение судебного процесса"""", - сказал он.""",Задержанный канадский лейтенант занимался шпионажем в пользу России.,1,2,True,False,False,True,True,False,removed_b,53
1431,2120,0.9896,entailment,not_entailment,"В Кремле эти заявления не комментировали. Что касается сегодняшних высказываний Ноды о том, что ему придется приехать в Россию в январе, а то и позже, то Дмитрий Песков уже успел на них отреагировать. По его словам, визит японского премьера никто не переносил, поскольку о фиксированных датах речи не было.",Нода заявил о необходимости посетить Россию в январе или позже.,"В Кремле эти заявления не комментировали. Что касается сегодняшних высказываний Ноды о том, что ему придется приехать в Россию в январе, а то и позже, то Дмитрий Песков уже успел на них отреагировать. По его словам, визит японского премьера никто не переносил, поскольку о фиксированных датах речи не было.",Нода не приедет в Россию.,1,0,True,False,False,False,False,False,kept,45
449,849,0.9895,not_entailment,entailment,"Мероприятие прошло без инцидентов. По итогам акции был составлен административный протокол, так как количество участников превысило заявленное число.",Акция прошла без нарушений.,"Мероприятие прошло без инцидентов. По итогам акции был составлен административный протокол, так как количество участников превысило заявленное число.",Акция прошла с административным нарушением.,3,0,True,True,True,False,False,False,removed_a,20
961,1954,0.9895,not_entailment,entailment,"Выпивали, веселились, после чего вспыхнула ссора. Гости набросились на хозяйку и избили. Осознав, чем это может грозить, мужчины решили скрыть следы преступления.",Мужчины скрыли следы преступления.,"Выпивали, веселились, после чего вспыхнула ссора. Гости набросились на хозяйку и избили. Осознав, чем это может грозить, мужчины решили скрыть следы преступления.","Выпивали, веселились, побили хозяйку и испугались содеянного.",0,0,False,False,False,False,False,False,kept,48
760,2194,0.9894,not_entailment,entailment,"Он воспользовался тем, что владелец машины отлучился, оставив ключи, и решил покататься. В этот момент на заднем сидении находилась пассажирка. Преступник находился в состоянии сильного алкогольного опьянения, по этой причине и не справился с управлением.",Мужчина уехал в угнанной машине далеко.,"Он воспользовался тем, что владелец машины отлучился, оставив ключи, и решил покататься. В этот момент на заднем сидении находилась пассажирка. Преступник находился в состоянии сильного алкогольного опьянения, по этой причине и не справился с управлением.",Мужчина угнал машину вместе с пассажиркой.,0,2,False,False,False,True,True,False,removed_b,25
1513,2181,0.9894,entailment,not_entailment,"Сотрудница поезда забыла предупредить людей, что поезд прибывает на станцию Алтайская. В итоге, когда поезд уже тронулся от перрона, проводник скомандовала пассажирам: прыгайте из вагона. - Она настояла на высадке людей из вагона после начала движения поезда, - сообщает Западно-Сибирское следственное управление на транспорте.",Проводница забыла сказать пассажирам о станции.,"Сотрудница поезда забыла предупредить людей, что поезд прибывает на станцию Алтайская. В итоге, когда поезд уже тронулся от перрона, проводник скомандовала пассажирам: прыгайте из вагона. - Она настояла на высадке людей из вагона после начала движения поезда, - сообщает Западно-Сибирское следственное управление на транспорте.",Проводница ненавидит людей.,0,1,False,False,False,False,False,True,kept,32
977,1596,0.9893,entailment,not_entailment,"Она сообщила, что ее сын подвергся избиениям со стороны других воспитанников. Его также облили кипятком. Мать утверждает, что в учреждении процветает дедовщина.",Ее сына облили кипятком.,"Она сообщила, что ее сын подвергся избиениям со стороны других воспитанников. Его также облили кипятком. Мать утверждает, что в учреждении процветает дедовщина.",В учреждении процветает дедовщина.,1,3,False,False,True,True,True,True,removed_b,28
1374,1570,0.9893,not_entailment,entailment,"""Пресс-секретарь Владимира Путина Дмитрий Песков подчеркивает, что вопросы президенту РФ Владимиру Путина в ходе встречи с доверенными лицами были составлены на основании пожеланий последних. """"Доверенные лица - это люди, которые вели подготовительную работу к этой встрече и с которыми велась подготовительная работа накануне, многие из них наиболее активно задолго до этой встречи транслировали огромное множество вопросов в администрацию президента, вопросы, естественно, обобщались, суммировались, систематизировались и активно использовались в подготовке к мероприятию"""", - заявил Песков журналистам во вторник. Он подчеркнул, что подобные вопросы используются при подготовке к каждому мероприятию, так как наличие таких вопросов от таких людей """"позволяет чувствовать реальный пульс"""".""",Песков отмел все вопросы.,"""Пресс-секретарь Владимира Путина Дмитрий Песков подчеркивает, что вопросы президенту РФ Владимиру Путина в ходе встречи с доверенными лицами были составлены на основании пожеланий последних. """"Доверенные лица - это люди, которые вели подготовительную работу к этой встрече и с которыми велась подготовительная работа накануне, многие из них наиболее активно задолго до этой встречи транслировали огромное множество вопросов в администрацию президента, вопросы, естественно, обобщались, суммировались, систематизировались и активно использовались в подготовке к мероприятию"""", - заявил Песков журналистам во вторник. Он подчеркнул, что подобные вопросы используются при подготовке к каждому мероприятию, так как наличие таких вопросов от таких людей """"позволяет чувствовать реальный пульс"""".""","""Песков рассказал, какие вопросы """"позволяют почувствовать реальный пульс"""".""",0,0,False,False,False,False,False,False,kept,58
985,1473,0.9892,not_entailment,entailment,"Как сообщили в правительстве области, на ней можно будет купить товары местных производителей.",В правительстве области можно будет приобрести товары местных производителей.,"Как сообщили в правительстве области, на ней можно будет купить товары местных производителей.",Товары местных производителей можно будет приобрести.,3,1,True,True,True,False,False,True,removed_a,55
508,838,0.9891,not_entailment,entailment,"Со страницы его друга в социальной сети пришло сообщение с просьбой перевести пять тысяч рублей. Отзывчивый приятель выполнил просьбу, а потом перезвонил, чтобы поинтересоваться, как дела у попавшего в беду. Тот заверил, что понятия не имеет, о каких деньгах идёт речь.",Отзывчивый приятель получил пять тысяч рублей.,"Со страницы его друга в социальной сети пришло сообщение с просьбой перевести пять тысяч рублей. Отзывчивый приятель выполнил просьбу, а потом перезвонил, чтобы поинтересоваться, как дела у попавшего в беду. Тот заверил, что понятия не имеет, о каких деньгах идёт речь.",Отзывчивый приятель лишился денег.,2,1,True,True,False,False,True,False,removed_a,18
744,1785,0.9891,not_entailment,entailment,"Исследователи отмечают, что такое развитие ситуации может во много раз увеличить в море содержание ртути.",В море будет больше ртути.,"Исследователи отмечают, что такое развитие ситуации может во много раз увеличить в море содержание ртути.","Если ситуация будет развиваться в том же направлении, в море станет больше ртути.",1,2,False,False,True,True,False,True,removed_b,59
1522,1802,0.9891,entailment,not_entailment,"К сожалению, барнаульцы не смогли взять реванш после первого досадного поражения 63:64. Во втором матче на площадке в составе хозяев появился Глеб Бейгельзимер, который не принимал участия в первой игре. Он давно знаком алтайским болельщикам, так как уже защищал цвета нашей команды.",Глеб Бейгельзимер уже защищал цвета нашей команды.,"К сожалению, барнаульцы не смогли взять реванш после первого досадного поражения 63:64. Во втором матче на площадке в составе хозяев появился Глеб Бейгельзимер, который не принимал участия в первой игре. Он давно знаком алтайским болельщикам, так как уже защищал цвета нашей команды.",Команда Барнаула выиграла.,1,1,False,False,True,False,False,True,kept,42
518,549,0.989,not_entailment,entailment,"Когда силовики стали досматривать автомобиль, то обнаружили в нем подозрительный пакет с порошком внутри, который был отправлен на экспертизу.",Автомобиль был отправлен на экспертизу.,"Когда силовики стали досматривать автомобиль, то обнаружили в нем подозрительный пакет с порошком внутри, который был отправлен на экспертизу.",Пакет с порошком нашли в автомобиле.,3,1,True,True,True,False,False,True,removed_a,32
990,1579,0.989,entailment,not_entailment,"В область приходит, как сейчас принято говорить, «инвестор». А на самом деле - непонятная фирма, которая хотела снести здание театра, получить лакомый кусок земли в центре района и построить там, например, торговый центр! И все для этого уже сделали, имущество списали, деревья спилили, здание признали аварийным!",Непонятная фирма хотела заполучить лакомый кусок земли.,"В область приходит, как сейчас принято говорить, «инвестор». А на самом деле - непонятная фирма, которая хотела снести здание театра, получить лакомый кусок земли в центре района и построить там, например, торговый центр! И все для этого уже сделали, имущество списали, деревья спилили, здание признали аварийным!",Инвестор снес здание театра.,0,1,False,False,False,True,False,False,kept,46
442,2158,0.9889,not_entailment,entailment,"В комнате горела мебель и вещи. Площадь пожара оказалась невелика – всего один квадратный метр. Однако и этого оказалось достаточно, чтобы пострадали люди.",В комнате горела лампа.,"В комнате горела мебель и вещи. Площадь пожара оказалась невелика – всего один квадратный метр. Однако и этого оказалось достаточно, чтобы пострадали люди.",В комнате горели вещи.,1,1,False,False,True,False,False,True,kept,6
331,732,0.9889,entailment,not_entailment,"""""""Поэтому я просто хочу также защитить наших дальнейших спортсменов, потому что сейчас на меня напали, в следующий раз нападут на более, может быть, слабого какого-то спортсмена, но который защищает честь и достоинство нашей страны"""", - продолжил спортсмен. Плющенко подозревает, что """"это какой-то был заказ со стороны неких тренеров и конкуренции"""". """"Да, мне сейчас тяжело, потому что проделана была большая и сложная операция"""".""",Плющенко пережил большую и сложную операцию.,"""""""Поэтому я просто хочу также защитить наших дальнейших спортсменов, потому что сейчас на меня напали, в следующий раз нападут на более, может быть, слабого какого-то спортсмена, но который защищает честь и достоинство нашей страны"""", - продолжил спортсмен. Плющенко подозревает, что """"это какой-то был заказ со стороны неких тренеров и конкуренции"""". """"Да, мне сейчас тяжело, потому что проделана была большая и сложная операция"""".""","Плющенко подозревает, что нападение на него было случайным.",0,1,False,False,False,True,False,False,kept,39
278,509,0.9889,not_entailment,entailment,"Как сообщает пресс-служба учреждения, влюбленные смогут пройти по одному билету, если признаются в своих чувствах в присутствии кассира.",Влюбленные должны признаться в своих чувствах к кассиру.,"Как сообщает пресс-служба учреждения, влюбленные смогут пройти по одному билету, если признаются в своих чувствах в присутствии кассира.",У влюбленных есть шанс пройти по одному билету.,1,0,True,False,False,False,False,False,kept,40
803,2116,0.9889,entailment,not_entailment,"""Проректор ВГУ по инновационной деятельности и коммерциализации технологий Татьяна Давыденко покинула занимаемый ею пост. Информацию подтвердили в пресс-службе вуза. Однако причину ухода прокомментировать не смогли, так как это """"конфиденциальная информация"""".""",Проректор ВГУ покинула пост по конфиденциальным причинам.,"""Проректор ВГУ по инновационной деятельности и коммерциализации технологий Татьяна Давыденко покинула занимаемый ею пост. Информацию подтвердили в пресс-службе вуза. Однако причину ухода прокомментировать не смогли, так как это """"конфиденциальная информация"""".""",Проректор стала ректором.,1,1,False,False,True,False,False,True,kept,39
1726,1765,0.9889,not_entailment,entailment,"""Отвечая на вопрос, Горан сказал, что в ходе проверки не использовались фотографии, сделанные экс-омбудсменом Ниной Карпачевой, поскольку они """"добыты не в установленном порядке"""". Также, по словам представителя ГПУ, не принималось во внимание экспертное заключение, предоставленное Карпачевой: """"Нельзя говорить, что это официальный какой-то документ, поскольку он составлен не уполномоченными на это специалистами"""".""",Экспертное заключение - это не официальный документ.,"""Отвечая на вопрос, Горан сказал, что в ходе проверки не использовались фотографии, сделанные экс-омбудсменом Ниной Карпачевой, поскольку они """"добыты не в установленном порядке"""". Также, по словам представителя ГПУ, не принималось во внимание экспертное заключение, предоставленное Карпачевой: """"Нельзя говорить, что это официальный какой-то документ, поскольку он составлен не уполномоченными на это специалистами"""".""",В ходе проверки использовались не все фотографии.,1,1,False,True,False,True,False,False,kept,46
924,1236,0.9887,entailment,not_entailment,"""И желательно, по его словам, быть энергичными в интернет-пространстве, поскольку """"Единой России"""" сложнее быть в Сети, чем другой политической силе, так как партия находится у власти: """"Вот вы сказали, что выходили к людям, сначала тяжело, критикуют, пар выпускают. У меня та же самая ситуация, когда подходишь. Радуются вначале, потому что видят людей знакомых, а потом говорят: у нас вот это плохо, это, это"""".""","""Партия """"Единая Россия"""" находится у власти.""","""И желательно, по его словам, быть энергичными в интернет-пространстве, поскольку """"Единой России"""" сложнее быть в Сети, чем другой политической силе, так как партия находится у власти: """"Вот вы сказали, что выходили к людям, сначала тяжело, критикуют, пар выпускают. У меня та же самая ситуация, когда подходишь. Радуются вначале, потому что видят людей знакомых, а потом говорят: у нас вот это плохо, это, это"""".""","Находящейся у власти партии проще быть в Интернете, чем любой другой.",1,1,False,False,True,True,False,False,kept,58
698,1698,0.9886,entailment,not_entailment,"""""""Будем участвовать в выборах (главы Химок - ИФ). Мы уже часть документов собрали, через несколько дней подадим на регистрацию и будем собирать подписи"""", - заявил он """"Интерфаксу"""" в понедельник. По его словам, у него есть несколько идей для предвыборной кампании: """"Например, все посты в правительстве будут занимать немцы, потому что наши чиновники все воруют"""".""",Предстоят выборы главы Химок.,"""""""Будем участвовать в выборах (главы Химок - ИФ). Мы уже часть документов собрали, через несколько дней подадим на регистрацию и будем собирать подписи"""", - заявил он """"Интерфаксу"""" в понедельник. По его словам, у него есть несколько идей для предвыборной кампании: """"Например, все посты в правительстве будут занимать немцы, потому что наши чиновники все воруют"""".""",Предстоят выборы главы республики.,2,2,True,False,True,True,False,True,removed_both,9
1424,1925,0.9885,entailment,not_entailment,"В результате у нас нашла коса на камень: люди, проводившие эти выборы, оказались похитрее и лишили возможности устроить большую песню и пляску вокруг этих самых выборов. Петербург во всем этом показал несколько примеров и несколько опасностей, которые могут быть. Потому что опасности есть: нам нужно спокойствие - посмотрите на весь мир, посмотрите на то, что происходит на Ближнем Востоке.",Выборы проводили хитрые люди.,"В результате у нас нашла коса на камень: люди, проводившие эти выборы, оказались похитрее и лишили возможности устроить большую песню и пляску вокруг этих самых выборов. Петербург во всем этом показал несколько примеров и несколько опасностей, которые могут быть. Потому что опасности есть: нам нужно спокойствие - посмотрите на весь мир, посмотрите на то, что происходит на Ближнем Востоке.",На Ближнем Востоке спокойно и безопасно.,1,0,True,False,False,False,False,False,kept,34
123,1060,0.9885,not_entailment,entailment,"В настоящее время производственная  мощность завода составляет 150 тысяч автомобилей в год, и при благоприятной тенденции продаж планируется до 2012 года увеличить производство до 200 тысяч автомашин. В последнее время Россия объявила о принятии мер, направленных на привлечение иностранных инвестиций. Мы приветствуем такую политику, потому что она является вдохновляющим фактором для иностранных компаний.",Мы не одобряем инвестиции из-за рубежа.,"В настоящее время производственная  мощность завода составляет 150 тысяч автомобилей в год, и при благоприятной тенденции продаж планируется до 2012 года увеличить производство до 200 тысяч автомашин. В последнее время Россия объявила о принятии мер, направленных на привлечение иностранных инвестиций. Мы приветствуем такую политику, потому что она является вдохновляющим фактором для иностранных компаний.",Завод производит 150 000 автомобилей в год.,0,1,False,False,False,False,False,True,kept,38
94,2181,0.9884,entailment,not_entailment,"Сотрудница поезда забыла предупредить людей, что поезд прибывает на станцию Алтайская. В итоге, когда поезд уже тронулся от перрона, проводник скомандовала пассажирам: прыгайте из вагона. - Она настояла на высадке людей из вагона после начала движения поезда, - сообщает Западно-Сибирское следственное управление на транспорте.",Проводница заставила пассажиров прыгать из вагона на ходу.,"Сотрудница поезда забыла предупредить людей, что поезд прибывает на станцию Алтайская. В итоге, когда поезд уже тронулся от перрона, проводник скомандовала пассажирам: прыгайте из вагона. - Она настояла на высадке людей из вагона после начала движения поезда, - сообщает Западно-Сибирское следственное управление на транспорте.",Проводница ненавидит людей.,0,1,False,False,False,False,False,True,kept,40
1071,1828,0.9884,entailment,not_entailment,"Предполагается, что он получил деньги за помощь в получении субсидий, выделяемых на закупку производственного оборудования в лизинг, одной из организаций, у которой в документах была завышена стоимость техники.","За что он получил деньги, окончательно не выяснено.","Предполагается, что он получил деньги за помощь в получении субсидий, выделяемых на закупку производственного оборудования в лизинг одной из организаций, у которой в документах была завышена стоимость техники.",Он помогал непременно получить субсидию.,1,0,True,False,False,False,False,False,kept,40
1502,2335,0.9883,not_entailment,entailment,"""Еще одно достоинство картины - это действительно высококлассные спецэффекты. После этого фильма вполне может статься, что голливудские продюсеры начнут задумываться о переносе производства в Болливуд, ведь, судя по всему, там можно делать боевики, которые в США стоят 100 миллионов, всего за 20. Возможно, такую цель и преследовали создатели """"Случайного доступа"""", потому что он действительно выглядит, как рекламный ролик.""","""В Болливуде снимают фильм """"Случайный доступ"""".""","""Еще одно достоинство картины - это действительно высококлассные спецэффекты. После этого фильма вполне может статься, что голливудские продюсеры начнут задумываться о переносе производства в Болливуд, ведь, судя по всему, там можно делать боевики, которые в США стоят 100 миллионов, всего за 20. Возможно, такую цель и преследовали создатели """"Случайного доступа"""", потому что он действительно выглядит, как рекламный ролик.""",В Болливуде сняли фильм с качественными спецэффектами.,1,2,True,False,False,True,True,False,removed_b,33
1938,2177,0.9882,entailment,not_entailment,"Прибывшие полицейские обнаружили, что неизвестный почти не оставил следов своего пребывания в доме.",Следов неизвестного в доме было мало.,"Прибывшие полицейские обнаружили, что неизвестный почти не оставил следов своего пребывания в доме.",Неизвестный не оставил следов своего пребывания в доме.,3,2,True,True,True,True,False,True,removed_both,40
904,1804,0.9881,entailment,not_entailment,"Как считают силовики, руководитель на протяжении трех месяцев не платил своим сотрудникам зарплату, различные пособия и иные выплаты, которые причитаются гражданам согласно закону.","Силовики предполагают, что сотрудники не получили от руководителя положенных выплат.","Как считают силовики, руководитель на протяжении трех месяцев не платил своим сотрудникам зарплату, различные пособия и иные выплаты, которые причитаются гражданам согласно закону.",Силовики винят в невыплатах руководителя.,0,0,False,False,False,False,False,False,kept,55
1574,1823,0.9881,not_entailment,entailment,"Инцидент произошел в Нижнекамске в ночь на субботу. В ЦРБ доставили 39-летнего мужчину с ножевым ранением в живот. Медики вызвали полицейских, так как было ясно, что на потерпевшего напали.",Мужчину ранили в голову.,"Инцидент произошел в Нижнекамске в ночь на субботу. В ЦРБ доставили 39-летнего мужчину с ножевым ранением в живот. Медики вызвали полицейских, так как было ясно, что на потерпевшего напали.",На потерпевшего напали.,2,1,True,False,True,False,False,True,removed_a,21
612,2270,0.9881,not_entailment,entailment,"Бывшие банкиры находятся в международном розыске. Адвокаты А.Бородина обжаловали это решение в кассационную и надзорную инстанцию. Решения были подтверждены, а в порядке надзора не рассмотрены, поскольку для этого не нашлось оснований.",Бывших банкиров нашли.,"Бывшие банкиры находятся в международном розыске. Адвокаты А.Бородина обжаловали это решение в кассационную и надзорную инстанцию. Решения были подтверждены, а в порядке надзора не рассмотрены, поскольку для этого не нашлось оснований.",Бывших банкиров объявили в международный розыск.,1,1,True,False,False,False,True,False,kept,29
894,1393,0.9881,not_entailment,entailment,"""Очевидцы сообщили """"Комсомольской правде"""", что выемка нужных следователям бумаг состоялась в сопровождении людей в масках.""",Люди в масках присутствовали при выемке писем.,"""Очевидцы сообщили """"Комсомольской правде"""", что выемка нужных следователям бумаг состоялась в сопровождении людей в масках.""",Люди в масках присутствовали при выемке бумаг.,1,0,True,False,False,False,False,False,kept,5
1825,2146,0.9881,entailment,not_entailment,"Догадки стражей порядка подтвердились. Как выяснилось, вор продал украденное. Свою вину он отрицать не стал и даже указал, кому он сбыл аппарат.","Вор продал аппарат и сказал, кому.","Догадки стражей порядка подтвердились. Как выяснилось, вор продал украденное. Свою вину он отрицать не стал и даже указал, кому он сбыл аппарат.",Стражи порядка ни о чем не догадались.,2,1,True,True,False,True,False,False,removed_a,29
120,1048,0.988,entailment,not_entailment,"Фото свидетельствуют, что авто, погребенные в снегу, встречаются в том числе и в центре, который, по идее, чистить должны были особенно тщательно.","В центре тоже есть машины, погребенные под снегом.","Фото свидетельствуют, что авто, погребенные в снегу, встречаются в том числе и в центре, который, по идее, чистить должны были особенно тщательно.",Центр чистят особенно тщательно.,1,0,True,False,False,False,False,False,kept,34
183,1365,0.988,entailment,not_entailment,"""""""Они не могут допустить, чтобы Продюсерским центром студии руководил по-настоящему деловой, экономически грамотный человек - при политике абсолютной непрозрачности всех решений такой человек очень невыгоден"""", - считает Сокуров. В минувшую пятницу стало известно, что Сокуров решил покинуть совет директоров """"Ленфильма"""" и направил министру культуры Мединскому соответствующее письмо. """"Я написал это письмо, потому что считаю нахождение в совете формальным"""".""","""Сокуров решил покинуть совет директоров """"Ленфильма"""".""","""""""Они не могут допустить, чтобы Продюсерским центром студии руководил по-настоящему деловой, экономически грамотный человек - при политике абсолютной непрозрачности всех решений такой человек очень невыгоден"""", - считает Сокуров. В минувшую пятницу стало известно, что Сокуров решил покинуть совет директоров """"Ленфильма"""" и направил министру культуры Мединскому соответствующее письмо. """"Я написал это письмо, потому что считаю нахождение в совете формальным"""".""","""Сокуров стал гендиректором """"Ленфильма"""".""",1,1,False,False,True,False,False,True,kept,19
916,1755,0.988,not_entailment,entailment,"В результате трамваи в обе стороны встали, и жители города были вынуждены добираться на работу либо пешком, либо с пересадками на автобусах.",Движение трамваев продолжалось по расписанию.,"В результате трамваи в обе стороны встали, и жители города были вынуждены добираться на работу либо пешком, либо с пересадками на автобусах.",Движение трамваев остановилось.,1,0,True,False,False,False,False,False,kept,21
1813,2104,0.9879,not_entailment,entailment,"Встреча состоится 27 декабря в 18.00 в отделе абонемента Алтайской краевой библиотеки. - О стихах Галины Колесниковой говорить легко и трудно. Легко – потому что это истинная поэзия, идущая от сердца к сердцу.",Встреча с Галиной Колесниковой пройдет у нее дома.,"Встреча состоится 27 декабря в 18.00 в отделе абонемента Алтайской краевой библиотеки. - О стихах Галины Колесниковой говорить легко и трудно. Легко – потому что это истинная поэзия, идущая от сердца к сердцу.",Встреча состоится вечером 27 декабря в библиотеке.,0,0,False,False,False,False,False,False,kept,35
737,1232,0.9878,entailment,not_entailment,"""""""У нас есть списки, как это ни печально, педагогов, которые допустили некую невнимательность. И совершенно детские потом объяснения: что-то у них со зрением случилось, что-то у них со слухом случилось"""", - заметил замглавы департамента. Он уточнил, что такие педагоги были либо наказаны, либо уволены, поскольку их действия """"не совместимы с педагогической деятельностью"""".""","""Замглавы департамента пожаловался на целые списки """"невнимательных"""" педагогов.""","""""""У нас есть списки, как это ни печально, педагогов, которые допустили некую невнимательность. И совершенно детские потом объяснения: что-то у них со зрением случилось, что-то у них со слухом случилось"""", - заметил замглавы департамента. Он уточнил, что такие педагоги были либо наказаны, либо уволены, поскольку их действия """"не совместимы с педагогической деятельностью"""".""",Замглавы департамента увольняет всех педагогов.,0,0,False,False,False,False,False,False,kept,40
313,2092,0.9878,not_entailment,entailment,"То есть в этой области у нас была большая экспертиза. Начали мы с России. Но очень быстро к нам пришли зарубежные компании, которые сказали, что хотят именно нас пригласить в инвесторы, потому что у нас есть экспертиза и обширные международные связи в облачной индустрии.",Мы не смогли выйти на уровень экспертизы в России и тем более за рубежом.,"То есть в этой области у нас была большая экспертиза. Начали мы с России. Но очень быстро к нам пришли зарубежные компании, которые сказали, что хотят именно нас пригласить в инвесторы, потому что у нас есть экспертиза и обширные международные связи в облачной индустрии.","У нас экспертиза, очень большая экспертиза.",1,1,False,False,True,False,False,True,kept,54
1265,1635,0.9878,entailment,not_entailment,"Пожарные приехали к дому в полдень, обнаружили очаг возгорания и начали тушить огонь.",Пожарные приехали на вызов.,"Пожарные приехали к дому в полдень, обнаружили очаг возгорания и начали тушить огонь.",Пожарные потушили пламя.,1,1,False,False,True,False,False,True,kept,13
400,2290,0.9878,entailment,not_entailment,"Это ДТП попало на запись авторегистратора одного из очевидцев, видео выложили в сеть (в группу «ЧП-Красноярск»). Как рассказали свидетели того, как все случилось, 75-летнего мужчину сбили, когда он переходил дорогу не по светофору, и не по переходу. Возможно, водитель автобуса его попросту не заметил, так как было уже совсем темно.",75-летний мужчина попал под автобус.,"Это ДТП попало на запись авторегистратора одного из очевидцев, видео выложили в сеть (в группу «ЧП-Красноярск»). Как рассказали свидетели того, как все случилось, 75-летнего мужчину сбили, когда он переходил дорогу не по светофору, и не по переходу. Возможно, водитель автобуса его попросту не заметил, так как было уже совсем темно.",Автобус сбил пенсионерку.,0,1,False,False,False,True,False,False,kept,29
370,877,0.9878,entailment,not_entailment,"Она рассказала, что в дверь ее комнаты в общежитии постучали.",У нее комната в общежитии.,"Она рассказала, что в дверь ее комнаты в общежитии постучали.",У нее две комнаты в общежитии.,1,2,False,False,True,True,False,True,removed_b,5
127,330,0.9878,not_entailment,entailment,"В Ульяновской области появится региональный закон «О технологической долине», который станет основополагающим в создании «умного региона».",В Ульяновской области готовят закон для переименования в «умный регион».,"В Ульяновской области появится региональный закон «О технологической долине», который станет основополагающим в создании «умного региона».",В Ульяновской области хотят создать «умный регион».,2,1,True,False,True,False,False,True,removed_a,26
661,904,0.9878,not_entailment,entailment,"Как считают силовики, руководитель на протяжении трех месяцев не платил своим сотрудникам зарплату, различные пособия и иные выплаты, которые причитаются гражданам согласно закону.","По закону гражданам не полагались выплаты, но по мнению силовиков, сотрудники их получали.","Как считают силовики, руководитель на протяжении трех месяцев не платил своим сотрудникам зарплату, различные пособия и иные выплаты, которые причитаются гражданам согласно закону.","Силовики предполагают, что сотрудники не получили от руководителя положенных выплат.",0,0,False,False,False,False,False,False,kept,71
410,1829,0.9877,not_entailment,entailment,"После этого мужчина развернулся и поспешно покинул здание вокзала. Стражам порядка такое поведение показалось подозрительным, и они задержали мужчину. При личном досмотре, выяснилось, что у него в нагрудном кармане лежат семь патронов.",Мужчина украл из здания вокзала семь патронов.,"После этого мужчина развернулся и поспешно покинул здание вокзала. Стражам порядка такое поведение показалось подозрительным, и они задержали мужчину. При личном досмотре, выяснилось, что у него в нагрудном кармане лежат семь патронов.",Мужчина поспешил покинуть вокзал.,2,1,True,False,True,False,False,True,removed_a,29
327,1066,0.9876,entailment,not_entailment,"О насилии жертва сообщила врачам, когда ей исполнилось 16 лет. Но норвежские медики не имели права передавать эту информацию в полицию или родителям, поскольку формально девочка уже считалась совершеннолетней.","Девочка сообщила норвежским медикам, что когда-то ее изнасиловали.","О насилии жертва сообщила врачам, когда ей исполнилось 16 лет. Но норвежские медики не имели права передавать эту информацию в полицию или родителям, поскольку формально девочка уже считалась совершеннолетней.","Норвежские медики получили право рассказывать, что их пациентку изнасиловали.",0,0,False,False,False,False,False,False,kept,48
1271,1595,0.9876,entailment,not_entailment,"""""""Это - финальный аккорд предвыборной кампании"""", - сказал В.Бурматов в четверг, которого цитирует сайт """"Единой России"""". По мнению депутата, митинг демонстрирует, что не только содержательная повестка дня, но и улица полностью перехвачена пропутинскими силами. """"И ни о каких оранжевых сценариях говорить уже просто не придется, потому что улица занята нами"""", - заявил парламентарий.""","По мнению депутата, повестка дня перехвачена путинскими силами.","""""""Это - финальный аккорд предвыборной кампании"""", - сказал В.Бурматов в четверг, которого цитирует сайт """"Единой России"""". По мнению депутата, митинг демонстрирует, что не только содержательная повестка дня, но и улица полностью перехвачена пропутинскими силами. """"И ни о каких оранжевых сценариях говорить уже просто не придется, потому что улица занята нами"""", - заявил парламентарий.""","""Сайт """"Единой России"""" цитирует неизвестного спикера.""",0,1,False,False,False,True,False,False,kept,53
48,1252,0.9875,entailment,not_entailment,"В среду, 9 ноября, глава ведомства Александр Нерадько сказал журналистам, что Росавиация готова отложить принятие решение об аннулировании лицензии дискаунтера на три месяца.",В среду Нерадько общался с журналистами.,"В среду, 9 ноября, глава ведомства Александр Нерадько сказал журналистам, что Росавиация готова отложить принятие решение об аннулировании лицензии дискаунтера на три месяца.",Росавиация спешит с аннулированием лицензии дискаунтера.,2,1,True,False,True,False,False,True,removed_a,46
597,2119,0.9875,entailment,not_entailment,"Врачи диагностировали у мужчины перелом плеча и травму тела, которые оцениваются как вред здоровью средней тяжести.",У мужчины сломано плечо.,"Врачи диагностировали у мужчины перелом плеча и травму тела, которые оцениваются как вред здоровью средней тяжести.",У мужчины восстановилось плечо.,3,1,True,True,True,False,False,True,removed_a,11
1146,1432,0.9875,not_entailment,entailment,"""Это, по данным Генпрокуратуры, является грубым нарушением инструкции, устанавливающей условия и основания объявления в международный розыск, утвержденной совместным приказом МВД, Минюста, ФСБ, ФСО, ФСКН и ФТС РФ. """"В связи с этим Генпрокуратура РФ направила на имя председателя СК РФ Александра Бастрыкина требование об устранении выявленных нарушений. Это сделано повторно, поскольку первое аналогичное требование, направленное ранее, выполнено не было"""", - говорится в пресс-релизе.""",Объявление в международный розыск сделано по инструкции.,"""Это, по данным Генпрокуратуры, является грубым нарушением инструкции, устанавливающей условия и основания объявления в международный розыск, утвержденной совместным приказом МВД, Минюста, ФСБ, ФСО, ФСКН и ФТС РФ. """"В связи с этим Генпрокуратура РФ направила на имя председателя СК РФ Александра Бастрыкина требование об устранении выявленных нарушений. Это сделано повторно, поскольку первое аналогичное требование, направленное ранее, выполнено не было"""", - говорится в пресс-релизе.""",Первое требование устранить выявленные нарушения выполнено не было.,1,0,True,False,False,False,False,False,kept,53
842,1398,0.9875,not_entailment,entailment,"""На вопрос, занимался ли задержанный канадский лейтенант шпионажем в пользу России, Г.Мамедов ответил, что """"не знает"""", так как """"не он возглавляет службу разведки"""". А на вопрос, кто из российских дипломатов покинул страну, российский посол и вовсе отказался отвечать. """"Я не могу свободно обсуждать эту тему, так как не хочу повлиять на ведение судебного процесса"""", - сказал он.""",Канадский лейтенант был шпионом США.,"""На вопрос, занимался ли задержанный канадский лейтенант шпионажем в пользу России, Г.Мамедов ответил, что """"не знает"""", так как """"не он возглавляет службу разведки"""". А на вопрос, кто из российских дипломатов покинул страну, российский посол и вовсе отказался отвечать. """"Я не могу свободно обсуждать эту тему, так как не хочу повлиять на ведение судебного процесса"""", - сказал он.""","Канадского лейтенанта подозревают в том, что он российский шпион.",0,1,False,False,False,True,False,False,kept,41
799,2249,0.9874,entailment,not_entailment,"Несмотря на то, что в Рождественскую ночь церковь не рекомендует употреблять много спиртного, у нас в стране давно повелось на этот праздник накрывать стол и отмечать его на полную.",В России давняя традиция отмечать Рождество накрытым столом и алкоголем.,"Несмотря на то, что в Рождественскую ночь церковь не рекомендует употреблять много спиртного, у нас в стране давно повелось на этот праздник накрывать стол и отмечать его на полную.",В России давняя традиция безалкогольного Рождества.,1,1,True,False,False,True,False,False,kept,38
1087,1312,0.9874,entailment,not_entailment,"Многочисленные коробки с бутылками выносят с торговых точек, разоблачая разные преступления. В отдельных случаях, продавцы попадаются на том, что у товара – поддельные акцизы. Бывает, что сама продукция является явно небезопасной.",Продавцы попадаются на разных преступлениях.,"Многочисленные коробки с бутылками выносят с торговых точек, разоблачая разные преступления. В отдельных случаях, продавцы попадаются на том, что у товара – поддельные акцизы. Бывает, что сама продукция является явно небезопасной.",Коробки с бутылками разоблачают преступления.,0,2,False,False,False,True,True,False,removed_b,27
7,2317,0.9873,not_entailment,entailment,"Работа личного состава будет усилена, наших сотрудников не отпускают в эти дни в отпуск, - отметил спикер.",В эти дни личный состав будет в отпуске.,"Работа личного состава будет усилена, наших сотрудников не отпускают в эти дни в отпуск, - отметил спикер.","По словам спикера, в эти дни личный состав будет усиленно трудиться.",0,1,False,False,False,True,False,False,kept,35
623,1749,0.9873,entailment,not_entailment,"Сыграло ли это событие роль в решении обвиняемого начать работать на иностранную разведку, пока не известно. Рассмотрение дела Дивенни по существу начнется 12 декабря. Поскольку речь идет о секретных материалах, часть процесса будет проходить в закрытом режиме.",Часть рассмотрения дела Дивенни будет проходить в закрытом режиме.,"Сыграло ли это событие роль в решении обвиняемого начать работать на иностранную разведку, пока не известно. Рассмотрение дела Дивенни по существу начнется 12 декабря. Поскольку речь идет о секретных материалах, часть процесса будет проходить в закрытом режиме.",Дивенни однозначно работал на иностранную разведку.,1,0,False,False,True,False,False,False,kept,55
675,1947,0.9873,not_entailment,entailment,"По его словам, для авиакомпаний распространена рекомендация не направлять на острова туристов, поскольку их безопасность не может быть гарантирована.",Острова безопасны для туристов.,"По его словам, для авиакомпаний распространена рекомендация не направлять на острова туристов, поскольку их безопасность не может быть гарантирована.",Острова опасны для туристов.,0,2,False,False,False,True,True,False,removed_b,3
656,664,0.9873,not_entailment,entailment,"Местные власти были вынуждены обратиться к жителям с опровержением информации, которую начали распространять в листовках.",Местные власти подтвердили информацию.,"Местные власти были вынуждены обратиться к жителям с опровержением информации, которую начали распространять в листовках.",Местные власти опровергли информацию.,1,1,True,False,False,True,False,False,kept,6
216,727,0.9872,not_entailment,entailment,"Похищенные деньги, как выяснилось, женщина успела потратить. Украшения вернули пенсионерке. По факту кражи в полиции завели уголовное дело, ведется расследование.",Женщина не стала красть у пенсионерки.,"Похищенные деньги, как выяснилось, женщина успела потратить. Украшения вернули пенсионерке. По факту кражи в полиции завели уголовное дело, ведется расследование.",Женщина сумела обокрасть пенсионерку.,0,0,False,False,False,False,False,False,kept,12
637,1775,0.9871,entailment,not_entailment,"""Но не одновременно. По ночам он участвует в пятиминутных ограблениях, строго ограничиваясь именно этим временем, не задерживаясь нигде и ни при каких условиях, не трогая деньги, и не соблюдая """"пацанские кодексы чести"""". Только потому что это его работа, а на такой работе он не дружит.""",Он грабит по ночам.,"""Но не одновременно. По ночам он участвует в пятиминутных ограблениях, строго ограничиваясь именно этим временем, не задерживаясь нигде и ни при каких условиях, не трогая деньги, и не соблюдая """"пацанские кодексы чести"""". Только потому что это его работа, а на такой работе он не дружит.""",Он планирует ограбления.,0,1,False,False,False,True,False,False,kept,16
266,2019,0.987,not_entailment,entailment,"Девушка рассказала, что неизвестный мужчина на виду у продавцов украл прямо с прилавка дорогой мобильный телефон и убежал.",Мобильник украли прямо из кармана.,"Девушка рассказала, что неизвестный мужчина на виду у продавцов украл прямо с прилавка дорогой мобильный телефон и убежал.",Девушка рассказала о дерзкой краже.,0,0,False,False,False,False,False,False,kept,28
1842,2245,0.9869,entailment,not_entailment,"«Министерство сегодня вызвало российского посла, чтобы повторить свой протест. Встречи между парламентариями – важная составляющая политических контактов», - приводятся слова главы МИД Бёрге Бренде. Он добавил, что отказ в визах вызывает сожаление, так как визит мог бы способствовать укреплению двусторонних отношений.",Визит мог бы способствовать укреплению двусторонних отношений.,"«Министерство сегодня вызвало российского посла, чтобы повторить свой протест. Встречи между парламентариями – важная составляющая политических контактов», - приводятся слова главы МИД Бёрге Бренде. Он добавил, что отказ в визах вызывает сожаление, так как визит мог бы способствовать укреплению двусторонних отношений.",Министерство впервые отказало российскому послу.,1,1,False,False,True,False,False,True,kept,49
910,1966,0.9868,entailment,not_entailment,"Общественный резонанс получил и традиционный Парад Памяти. -Этим парадом мы напомнили россиянам роль Самары в годы Великой Отечественной войны. Это важно, потому что имидж региона работает на его жителей, - уточнил губернатор.",Парад Памяти - традиционное мероприятие.,"Общественный резонанс получил и традиционный Парад Памяти. -Этим парадом мы напомнили россиянам роль Самары в годы Великой Отечественной войны. Это важно, потому что имидж региона работает на его жителей, - уточнил губернатор.",Имидж региона редко работает на его жителей.,2,1,True,False,True,False,False,True,removed_a,34
1097,1317,0.9868,entailment,not_entailment,"Косвенная связь есть. Она человек публичный, таскала меня с собой на все светские мероприятия. Когда все это закончилось, остался один футбол, и все стало лучше.","Все стало лучше, когда она перестала таскать меня на все светские мероприятия.","Косвенная связь есть. Она человек публичный, таскала меня с собой на все светские мероприятия. Когда все это закончилось, остался один футбол, и все стало лучше.",У меня не осталось даже футбола.,0,0,False,False,False,False,False,False,kept,60
1638,1775,0.9868,entailment,not_entailment,"""Но не одновременно. По ночам он участвует в пятиминутных ограблениях, строго ограничиваясь именно этим временем, не задерживаясь нигде и ни при каких условиях, не трогая деньги, и не соблюдая """"пацанские кодексы чести"""". Только потому что это его работа, а на такой работе он не дружит.""",Он - участник ограблений.,"""Но не одновременно. По ночам он участвует в пятиминутных ограблениях, строго ограничиваясь именно этим временем, не задерживаясь нигде и ни при каких условиях, не трогая деньги, и не соблюдая """"пацанские кодексы чести"""". Только потому что это его работа, а на такой работе он не дружит.""",Он планирует ограбления.,0,1,False,False,False,True,False,False,kept,11
436,533,0.9867,not_entailment,entailment,"От полученных повреждений он скончался на месте. Затем пенсионерка спрятала тело. Известно, что она сейчас нигде не работает и раньше уже имела проблемы с законом.",Пенсионерка прячет уже не первый труп.,"От полученных повреждений он скончался на месте. Затем пенсионерка спрятала тело. Известно, что она сейчас нигде не работает и раньше уже имела проблемы с законом.",Труп пожилая женщина сумела спрятать.,1,0,False,True,False,False,False,False,kept,32
211,673,0.9866,entailment,not_entailment,"""Он добавил, что машины, стоящие в заторах с включенными двигателями, наносят колоссальный ущерб экологии. В результате, по его словам, многие инвесторы начинают обходить стороной город, где невозможно в разумное время проехать из одного конца в другой. Таким образом, по его словам, складывается """"тревожная тенденция"""", так как через несколько лет могут произойти неприятные последствия инвестиционного спада, которые могут повлечь снижение личных доходов жителей города и сокращение доходов бюджета.""","Экология страдает от машин, стоящих в пробках с включенными двигателями.","""Он добавил, что машины, стоящие в заторах с включенными двигателями, наносят колоссальный ущерб экологии. В результате, по его словам, многие инвесторы начинают обходить стороной город, где невозможно в разумное время проехать из одного конца в другой. Таким образом, по его словам, складывается """"тревожная тенденция"""", так как через несколько лет могут произойти неприятные последствия инвестиционного спада, которые могут повлечь снижение личных доходов жителей города и сокращение доходов бюджета.""",Экологическая обстановка от пробок только улучшается.,0,0,False,False,False,False,False,False,kept,48
1401,2140,0.9866,not_entailment,entailment,"Как рассказали «Комсомольской правде» в пресс-службе ведомства, чаще всего люди погибали в огне из-за курения в пьяном виде.",Журналистам рассказали о причинах смерти в пьяном виде.,"Как рассказали «Комсомольской правде» в пресс-службе ведомства, чаще всего люди погибали в огне из-за курения в пьяном виде.","В пресс-службе ведомства рассказали о тех, кто погиб в пьяном виде.",0,0,False,False,False,False,False,False,kept,34
577,2131,0.9866,entailment,not_entailment,"""""""Если вернуться к теме смены власти в Петербурге, то что бы Вы хотели бы пожелать новому губернатору?"""" - """"Я думаю, что ему можно пожелать, по крайней мере, на первом этапе, чтобы все в городе объединились, помогая ему, что будет очень трудно, потому что грядет период выборов"""".""",Период выборов не за горами.,"""""""Если вернуться к теме смены власти в Петербурге, то что бы Вы хотели бы пожелать новому губернатору?"""" - """"Я думаю, что ему можно пожелать, по крайней мере, на первом этапе, чтобы все в городе объединились, помогая ему, что будет очень трудно, потому что грядет период выборов"""".""","Все в Петербурге объединятся ради помощи новому губернатору, но только на первом этапе.",1,1,True,False,False,True,False,False,kept,69
973,1646,0.9865,not_entailment,entailment,"Родительских прав мать не лишена. Пока. А в парадном девочка оказалась, потому что дома она мешала матери выпивать.",Дочь выпивала с мамой в парадном.,"Родительских прав мать не лишена. Пока. А в парадном девочка оказалась, потому что дома она мешала матери выпивать.",Пьяная мать выставила девочку в парадное.,0,2,False,False,False,True,True,False,removed_b,22
629,1079,0.9865,entailment,not_entailment,"Впрочем, водителя машины вскоре нашли. Им оказался 32-летний местный житель. Он сообщил, что скрылся с места аварии, потому что испугался.",32-летний местный житель испугался.,"Впрочем, водителя машины вскоре нашли. Им оказался 32-летний местный житель. Он сообщил, что скрылся с места аварии, потому что испугался.",Водитель машины убрался на месте аварии.,1,1,False,False,True,False,False,True,kept,31
495,1713,0.9864,not_entailment,entailment,"Сначала он начал кружить на лодке вокруг животного с тем, чтобы создать волну. После этого он избил лося веслом. В результате лось утонул, а злоумышленнику удалось вытащить тушу на берег.",Злоумышленник убил лося веслом.,"Сначала он начал кружить на лодке вокруг животного с тем, чтобы создать волну. После этого он избил лося веслом. В результате лось утонул, а злоумышленнику удалось вытащить тушу на берег.",Злодей утопил лося.,1,0,True,False,False,False,False,False,kept,19
112,1194,0.9864,entailment,not_entailment,"Во время праздничной церемонии в муниципалитете он заявил, что главными задачи для него является максимальное использование всех возможностей в области предпринимательства и экономического развития.",Праздничная церемония проходила в муниципалитете.,"Во время праздничной церемонии в муниципалитете он заявил, что главными задачи для него является максимальное использование всех возможностей в области предпринимательства и экономического развития.",Он сделал заявление по окончании праздничной церемонии.,1,2,False,False,True,True,False,True,removed_b,43
1010,1284,0.9863,not_entailment,entailment,"""Они требовали в том числе отменить незаконно введенный на предприятии ООО """"Рус-Инжиниринг"""", которое входит в """"РусАл"""" и обслуживает СУБР, скользящий график, а также повысить оклады. Ранее компания назвала действия участников акции незаконными, в том числе потому что """"шахта является объектом повышенной опасности и нахождение в ней без специальных нарядов категорически не допускается"""". По информации алюминиевой компании, сотрудники также нарушили законодательство, так как заранее не предупредили работодателя о проведении забастовки и не согласовали ее проведение.""",Скользящий график был введен согласно закону.,"""Они требовали в том числе отменить незаконно введенный на предприятии ООО """"Рус-Инжиниринг"""", которое входит в """"РусАл"""" и обслуживает СУБР, скользящий график, а также повысить оклады. Ранее компания назвала действия участников акции незаконными, в том числе потому что """"шахта является объектом повышенной опасности и нахождение в ней без специальных нарядов категорически не допускается"""". По информации алюминиевой компании, сотрудники также нарушили законодательство, так как заранее не предупредили работодателя о проведении забастовки и не согласовали ее проведение.""",Сотрудники бастуют.,0,0,False,False,False,False,False,False,kept,36
845,1860,0.9863,not_entailment,entailment,"Деньги поступят из федерального бюджета в рамках приоритетного проекта «Формирование комфортной городской среды», сообщают в Брянской городской администрации.",Проект «Формирование комфортной городской среды» не является приоритетным.,"Деньги поступят из федерального бюджета в рамках приоритетного проекта «Формирование комфортной городской среды», сообщают в Брянской городской администрации.",Из федерального бюджета выделят деньги.,1,1,False,False,True,False,False,True,kept,58
1656,1720,0.9862,not_entailment,entailment,"В суде установили, что у ООО «Бежицкие маршрутные такси» есть лицензия и два договора с администрацией на перевозку пассажиров по маршруту «улица Молокова – Бордовичский водозабор», - говорится на сайте арбитражного суда Брянской области.",У ООО «Бежицкие маршрутные такси» нет права возить пассажиров по улице Молокова.,"В суде установили, что у ООО «Бежицкие маршрутные такси» есть лицензия и два договора с администрацией на перевозку пассажиров по маршруту «улица Молокова – Бордовичский водозабор», - говорится на сайте арбитражного суда Брянской области.",ООО «Бежицкие маршрутные такси» действует в Брянской области.,1,1,True,False,False,False,False,True,kept,39
91,991,0.986,entailment,not_entailment,"Напомним, мужчина убил наркомана, ворвавшегося к нему в дом.","Наркоман погиб, ворвавшись в дом к мужчине.","Напомним, мужчина убил наркомана, ворвавшегося к нему в дом.",Мужчина ворвался в дом к наркоману.,0,0,False,False,False,False,False,False,kept,26
427,642,0.986,not_entailment,entailment,"Угрозы распространения огня на рядом стоящие постройки не было. Зато была информация о том, что внутри горящего сарая находятся животные.",Горел сарай со свиньями.,"Угрозы распространения огня на рядом стоящие постройки не было. Зато была информация о том, что внутри горящего сарая находятся животные.",Горел сарай с животными.,0,0,False,False,False,False,False,False,kept,7
446,1634,0.9859,entailment,not_entailment,"""""""Под амнистию обязательно должны попасть фигуранты """"болотного дела"""" и, само собой, фигуранты """"дела ЮКОСа"""" — сколько можно их там терзать"""", — сообщила она. Со своей стороны, адвокат Ходорковского Вадим Клювгант сказал """"Интерфаксу"""", что принятие решения об амнистии для его клиента будет зависеть от политической воли тех, кто на такое решение уполномочен. """"Я не уверен, что это будет единственный проект (амнистии), потому что ничего не мешает другим субъектам подготовить свой"""".""","""Обсуждается вопрос об амнистиях для фигурантов """"болотного дела"""" и """"дела ЮКОСа"""".""","""""""Под амнистию обязательно должны попасть фигуранты """"болотного дела"""" и, само собой, фигуранты """"дела ЮКОСа"""" — сколько можно их там терзать"""", — сообщила она. Со своей стороны, адвокат Ходорковского Вадим Клювгант сказал """"Интерфаксу"""", что принятие решения об амнистии для его клиента будет зависеть от политической воли тех, кто на такое решение уполномочен. """"Я не уверен, что это будет единственный проект (амнистии), потому что ничего не мешает другим субъектам подготовить свой"""".""",Вопрос с амнистией Ходорковского окончательно прояснился.,0,0,False,False,False,False,False,False,kept,60
33,366,0.9859,not_entailment,entailment,"Ряд тульских СМИ сообщают, что пенсионер умер своей смертью. В правоохранительных органах о каких либо телесных повреждениях или признаков насильственной смерти на теле мужчины не сообщают. Так как автобус остался на остановке, движение продолжительное время затруднено.",Пенсионера убили.,"Ряд тульских СМИ сообщают, что пенсионер умер своей смертью. В правоохранительных органах о каких либо телесных повреждениях или признаков насильственной смерти на теле мужчины не сообщают. Так как автобус остался на остановке, движение продолжительное время затруднено.",Пенсионер скончался.,1,0,True,False,False,False,False,False,kept,9
770,1945,0.9859,not_entailment,entailment,"Уже было 26 таких прибавлений. В последний раз координационная секунда была добавлена 30 июня 2015 года. Отмечается, что в будущем дополнительные секунды могут вводиться чаще, так как вращение Земли постепенно замедляется.","Вращение Земли то ускоряется, то замедляется.","Уже было 26 таких прибавлений. В последний раз координационная секунда была добавлена 30 июня 2015 года. Отмечается, что в будущем дополнительные секунды могут вводиться чаще, так как вращение Земли постепенно замедляется.",30 июня 2015 года прибавлена координационная секунда.,1,0,True,False,False,False,False,False,kept,45
12,1326,0.9858,not_entailment,entailment,"После праздников электрички области начнут циркулировать по новому расписанию, сообщают в Самарской пригородной пассажирской компании.",В Самарской области сохранится прежнее расписание электричек.,"""После праздников электрички области начнут циркулировать по новому расписанию, сообщают в Самарской пригородной пассажирской компании.""",После праздников электрички Самарской области перейдут на новое расписание.,0,1,False,False,False,True,False,False,kept,56
590,1383,0.9858,entailment,not_entailment,"""Его называют """"повелителем женских сердец"""", а песни, которые он исполняет, уже давно стали хитами.""",Он исполняет хиты.,"""Его называют """"повелителем женских сердец"""", а песни, которые он исполняет, уже давно стали хитами.""",Он сочиняет хиты.,0,1,False,False,False,True,False,False,kept,4
18,1258,0.9856,not_entailment,entailment,"Высоко сижу, далеко гляжу.",С высоты я вижу дальше всех.,"Высоко сижу, далеко гляжу.",С высоты я вижу далеко.,0,1,False,False,False,True,False,False,kept,7
653,868,0.9856,entailment,not_entailment,"""По мнению С.Еничери, это противоречит принципам, сформулированным в Коране. """"Дед Мороз прибирается в дома через окна или дымоходы. Если бы он был честным человеком, то проходил бы через двери, так как у нас так принято"""", - отметил имам.""",Имам назвал Деда Мороза нечестным человеком.,"""По мнению С.Еничери, это противоречит принципам, сформулированным в Коране. """"Дед Мороз прибирается в дома через окна или дымоходы. Если бы он был честным человеком, то проходил бы через двери, так как у нас так принято"""", - отметил имам.""","По мнению имама, поведение Деда Мороза соответствует принципам Корана.",0,2,False,False,False,True,True,False,removed_b,47
190,1856,0.9856,not_entailment,entailment,"По итогам поездки стало известно, что в ближайшем будущем оба предприятия обеспечат дополнительными заказами, а их работники смогут рассчитывать на повышение зарплат.",Итогом поездки стали плохие для работников и предприятий новости.,"По итогам поездки стало известно, что в ближайшем будущем оба предприятия обеспечат дополнительными заказами, а их работники смогут рассчитывать на повышение зарплат.",Итогом поездки стали хорошие для работников и предприятий новости.,0,1,False,False,False,True,False,False,kept,4
1123,1283,0.9855,not_entailment,entailment,"Как сообщила в понедельник газета Daily Telegraph, ожидается, что во вторник законопроект будет отправлен на окончательное согласование в нижнюю палату парламента. Никаких препятствий на пути к окончательному принятию законопроект не должен встретить, поскольку ранее палата общин уже одобрила его первоначальную версию подавляющим большинством голосов.",Газета рассказала о тёмном прошлом законопроекта.,"Как сообщила в понедельник газета Daily Telegraph, ожидается, что во вторник законопроект будет отправлен на окончательное согласование в нижнюю палату парламента. Никаких препятствий на пути к окончательному принятию законопроект не должен встретить, поскольку ранее палата общин уже одобрила его первоначальную версию подавляющим большинством голосов.",Daily Telegraph рассказала о предстоящей судьбе законопроекта.,2,1,True,False,True,False,False,True,removed_a,32
61,606,0.9854,entailment,not_entailment,"В отделение полиции обратился пациент больницы. Он объяснил, что вышел на несколько минут, а когда вернулся, не обнаружил в палате планшет и своего соседа. Как оказалось, пока мужчины не было, другой больной забрал планшет, связал несколько простыней и по ним сбежал через окно.",Пациента обокрали.,"В отделение полиции обратился пациент больницы. Он объяснил, что вышел на несколько минут, а когда вернулся, не обнаружил в палате планшет и своего соседа. Как оказалось, пока мужчины не было, другой больной забрал планшет, связал несколько простыней и по ним сбежал через окно.",У пациента есть еще один планшет.,1,1,True,False,False,False,False,True,kept,22
3,748,0.9854,entailment,not_entailment,"""Как говорится в сообщении, следствием была собрана достаточная доказательственная база для признания вины подозреваемого. Однако по результатам судебно-психиатрической экспертизы выяснилось, что в момент совершения преступлений он не осознавал фактический характер и общественную опасность своих действий и не мог руководить ими. """"Поскольку имеющееся у него психическое расстройство связано с возможностью причинения им иного существенного вреда либо с опасностью для себя или других лиц, суд признал необходимость в стационарном лечении"""", - отмечает прокуратура.""",Была проведена судебно-психиатрическая экспертиза.,"""Как говорится в сообщении, следствием была собрана достаточная доказательственная база для признания вины подозреваемого. Однако по результатам судебно-психиатрической экспертизы выяснилось, что в момент совершения преступлений он не осознавал фактический характер и общественную опасность своих действий и не мог руководить ими. """"Поскольку имеющееся у него психическое расстройство связано с возможностью причинения им иного существенного вреда либо с опасностью для себя или других лиц, суд признал необходимость в стационарном лечении"""", - отмечает прокуратура.""",Была отменена судебно-психиатрическая экспертиза.,1,1,False,False,True,False,False,True,kept,5
129,1660,0.9854,not_entailment,entailment,"Рождество Христово - время радости, и этой радостью хочется делиться со всеми, а особенно с теми, кто в ней нуждается: одинокими стариками, мамами, попавшими в трудную ситуацию, - рассказали в хабаровской епархии.",Рождество - время проблем.,"Рождество Христово - время радости, и этой радостью хочется делиться со всеми, а особенно с теми, кто в ней нуждается: одинокими стариками, мамами, попавшими в трудную ситуацию, - рассказали в хабаровской епархии.","В хабаровской епархии радостью хотят делиться со всеми, кто в ней нуждается.",1,0,True,False,False,False,False,False,kept,62
286,1123,0.9852,entailment,not_entailment,"Как сообщила в понедельник газета Daily Telegraph, ожидается, что во вторник законопроект будет отправлен на окончательное согласование в нижнюю палату парламента. Никаких препятствий на пути к окончательному принятию законопроект не должен встретить, поскольку ранее палата общин уже одобрила его первоначальную версию подавляющим большинством голосов.",Палата общин ранее согласовала его первоначальную версию подавляющим большинством голосов.,"Как сообщила в понедельник газета Daily Telegraph, ожидается, что во вторник законопроект будет отправлен на окончательное согласование в нижнюю палату парламента. Никаких препятствий на пути к окончательному принятию законопроект не должен встретить, поскольку ранее палата общин уже одобрила его первоначальную версию подавляющим большинством голосов.",Газета рассказала о тёмном прошлом законопроекта.,1,2,False,False,True,True,False,True,removed_b,65
904,1519,0.9852,entailment,not_entailment,"Как считают силовики, руководитель на протяжении трех месяцев не платил своим сотрудникам зарплату, различные пособия и иные выплаты, которые причитаются гражданам согласно закону.","Силовики предполагают, что сотрудники не получили от руководителя положенных выплат.","Как считают силовики, руководитель на протяжении трех месяцев не платил своим сотрудникам зарплату, различные пособия и иные выплаты, которые причитаются гражданам согласно закону.",Руководитель на протяжении трех месяцев не платил своим сотрудникам зарплату.,0,2,False,False,False,True,True,False,removed_b,63
1872,2243,0.9852,entailment,not_entailment,"По его словам, после ухода с поста президента он пока не собирается занимать какие-нибудь государственные должности, будет проводить больше времени с семьёй, но и насовсем уходить из политики тоже не намерен.","Бывший президент надеется, что будет проводить больше времени с семьёй.","По его словам, после ухода с поста президента он пока не собирается занимать какие-нибудь государственные должности, будет проводить больше времени с семьёй, но и насовсем уходить из политики тоже не намерен.","Бывший президент намерен уйти из политики насовсем, чтобы больше времени проводить с семьей.",1,3,False,False,True,True,True,True,removed_b,41
1551,1918,0.9852,entailment,not_entailment,"""""""Язык – это, совершенно точно, для иностранцев самая большая проблема. В Москве никто не говорит по-английски. Для меня это не было такой уж проблемой, так как я немного говорю по-русски"""".""",Иностранцам трудно в Москве - там не говорят по-английски.,"""""""Язык – это, совершенно точно, для иностранцев самая большая проблема. В Москве никто не говорит по-английски. Для меня это не было такой уж проблемой, так как я немного говорю по-русски"""".""",В Москве многие чисто говорят по-английски.,0,0,False,False,False,False,False,False,kept,30
1577,1794,0.9851,entailment,not_entailment,"На одной из остановок в автобус вошел мужчина, и на этом безмятежное путешествие для наших героинь закончилось.",Мужчина сел в автобус.,"На одной из остановок в автобус вошел мужчина, и на этом безмятежное путешествие для наших героинь закончилось.",Мужчина сошел с автобуса.,1,1,False,False,True,False,False,True,kept,4
1286,1843,0.9851,not_entailment,entailment,"Победу в гонке одержали норвежские спортсмены, тройку лучших замкнули немцы.",Норвежцы не смогли обойти немцев.,"Победу в гонке одержали норвежские спортсмены, тройку лучших замкнули немцы.",Норвежцы оказались лучшими гонщиками.,1,1,False,False,True,False,False,True,kept,23
238,2311,0.9851,entailment,not_entailment,"В сеть выложили ролик, как маршрутка улетела в сугроб, уходя от столкновения с легковушкой.",Маршрутка врезалась в сугроб.,"""В сеть выложили ролик, как маршрутка улетела в сугроб, уходя от столкновения с легковушкой.""",Маршрутка столкнулась с легковушкой в сугробе.,0,2,False,False,False,True,True,False,removed_b,24
237,1999,0.985,entailment,not_entailment,"Областной главк полиции сообщает о том, что в регионе проходит операция «Гражданин – Оружие».",Главк полиции сообщил об операции.,"Областной главк полиции сообщает о том, что в регионе проходит операция «Гражданин – Оружие».",Главк полиции сообщил об обнаружении оружия.,1,2,False,False,True,True,False,True,removed_b,14
872,1560,0.985,entailment,not_entailment,"""По данным источника """"Интерфакса"""" в авиадиспетчерской службе, лайнеру не хватает топлива, чтоб долететь до пункта назначения. """,У лайнера мало топлива.,"""По данным источника """"Интерфакса"""" в авиадиспетчерской службе, лайнеру не хватает топлива, чтоб долететь до пункта назначения. """,Лайнер полетит без топлива.,1,1,False,False,True,False,False,True,kept,14
694,1003,0.985,entailment,not_entailment,"К спасательной операции подключились силы Национальной гвардии США и дополнительные полицейские подразделения. На грузовиках они подвезли провиант и воду в районы у восточных склонов Скалистых гор, которые в данный момент оказались полностью блокированы в результате разлива рек. Работы осложняются, так как многие дороги оказались непроходимы из-за оползней, спровоцированных разливом воды.",Районы восточных склонов Скалистых гор блокированы наводнением.,"К спасательной операции подключились силы Национальной гвардии США и дополнительные полицейские подразделения. На грузовиках они подвезли провиант и воду в районы у восточных склонов Скалистых гор, которые в данный момент оказались полностью блокированы в результате разлива рек. Работы осложняются, так как многие дороги оказались непроходимы из-за оползней, спровоцированных разливом воды.",Национальная гвардия США пытается остановить разливы рек.,0,2,False,False,False,True,True,False,removed_b,49
1132,2271,0.9849,entailment,not_entailment,"В отделение полиции обратился пациент больницы. Он объяснил, что вышел на несколько минут, а когда вернулся, не обнаружил в палате планшет и своего соседа. Как оказалось, пока мужчины не было, другой больной забрал планшет, связал несколько простыней и по ним сбежал через окно.",Больной украл планшет соседа и сбежал через окно.,"В отделение полиции обратился пациент больницы. Он объяснил, что вышел на несколько минут, а когда вернулся, не обнаружил в палате планшет и своего соседа. Как оказалось, пока мужчины не было, другой больной забрал планшет, связал несколько простыней и по ним сбежал через окно.",Пациента наградили планшетом.,0,1,False,False,False,False,False,True,kept,39
322,1617,0.9848,not_entailment,entailment,"Следствие установило, что пара встречалась на протяжении последних двух лет.",Пара встречалась ровно два года.,"Следствие установило, что пара встречалась на протяжении последних двух лет.",Пара встречалась последнюю пару лет.,0,1,False,False,False,True,False,False,kept,15
1020,2271,0.9848,entailment,not_entailment,"В отделение полиции обратился пациент больницы. Он объяснил, что вышел на несколько минут, а когда вернулся, не обнаружил в палате планшет и своего соседа. Как оказалось, пока мужчины не было, другой больной забрал планшет, связал несколько простыней и по ним сбежал через окно.",У больного украли планшет.,"В отделение полиции обратился пациент больницы. Он объяснил, что вышел на несколько минут, а когда вернулся, не обнаружил в палате планшет и своего соседа. Как оказалось, пока мужчины не было, другой больной забрал планшет, связал несколько простыней и по ним сбежал через окно.",Пациента наградили планшетом.,0,1,False,False,False,False,False,True,kept,16
1120,1245,0.9847,entailment,not_entailment,"Коррекция высоты орбиты проводиться не будет, поскольку объект не представляет угрозы станции.",Объект не угрожает станции.,"Коррекция высоты орбиты проводиться не будет, поскольку объект не представляет угрозы станции.",Объекту скорректируют орбиту.,2,0,True,False,True,False,False,False,removed_a,19
480,679,0.9845,entailment,not_entailment,"Мужчина сначала задушил, а потом обокрал своего знакомого.",Мужчина обокрал задушенного.,"Мужчина сначала задушил, а потом обокрал своего знакомого.","Мужчина обокрал знакомого, а потом задушил его.",0,2,False,False,False,True,True,False,removed_b,23
1584,1815,0.9845,entailment,not_entailment,"""При этом он затруднился сообщить, сколько времени может продлиться это отстранение. Сам Губерниев заявил радиостанции """"Эхо Москвы"""", что его отстранение от ведения футбольных программ не повлияет на работу на телеканале. """"Очень сложно меня отстранить от футбольных матчей, потому что я на них редко работаю"""".""",Губерниева отстранили на неопределенное время.,"""При этом он затруднился сообщить, сколько времени может продлиться это отстранение. Сам Губерниев заявил радиостанции """"Эхо Москвы"""", что его отстранение от ведения футбольных программ не повлияет на работу на телеканале. """"Очень сложно меня отстранить от футбольных матчей, потому что я на них редко работаю"""".""",Губерниева отстранили на год.,1,2,False,False,True,True,False,True,removed_b,18
48,93,0.9845,entailment,not_entailment,"В среду, 9 ноября, глава ведомства Александр Нерадько сказал журналистам, что Росавиация готова отложить принятие решение об аннулировании лицензии дискаунтера на три месяца.",В среду Нерадько общался с журналистами.,"В среду, 9 ноября, глава ведомства Александр Нерадько сказал журналистам, что Росавиация готова отложить принятие решение об аннулировании лицензии дискаунтера на три месяца.",В среду Нерадько выгнал журналистов.,2,1,True,False,True,False,False,True,removed_a,11
193,447,0.9844,not_entailment,entailment,"Полицейским показалось, что парни похожи на тех, кого описывали в ориентировке, и они попытались задержать парней. Те, однако, вырвались, водитель ударил по газам. Машина рванула с места, и полицейские устроили за ней настоящую погоню.",Парни не сумели вырваться.,"Полицейским показалось, что парни похожи на тех, кого описывали в ориентировке, и они попытались задержать парней. Те, однако, вырвались, водитель ударил по газам. Машина рванула с места, и полицейские устроили за ней настоящую погоню.",Парни вырвались.,0,0,False,False,False,False,False,False,kept,13
801,1623,0.9843,not_entailment,entailment,"""""""Воздушные шары символизируют открытость и честность выборов, а их количество равно числу ТИКов в республике"""", - пояснил агентству поднесший спичку к чучелу, облив его перед этим жидкостью для разведения костров, правозащитник Эдвард Мурзин. Участники митинга, организованного одним из лидеров общественного движения """"Голос Уфы"""" Андреем Андреевым, прошли колонной с речевками и знаменами несколько кварталов к площади перед Русским драмтеатром. Полиция не перекрывала движение автотранспорта, поскольку колонна участников акции двигалась только по тротуарам.""",Честность и открытость выборов символизирует колонна с речевками.,"""""""Воздушные шары символизируют открытость и честность выборов, а их количество равно числу ТИКов в республике"""", - пояснил агентству поднесший спичку к чучелу, облив его перед этим жидкостью для разведения костров, правозащитник Эдвард Мурзин. Участники митинга, организованного одним из лидеров общественного движения """"Голос Уфы"""" Андреем Андреевым, прошли колонной с речевками и знаменами несколько кварталов к площади перед Русским драмтеатром. Полиция не перекрывала движение автотранспорта, поскольку колонна участников акции двигалась только по тротуарам.""",Правозащитник поджег чучело.,3,2,True,True,True,True,True,False,removed_both,54
235,550,0.9843,not_entailment,entailment,"""""""Есть отдельное правило для """"Эха Москвы"""", отдельное правило для """"Новой газеты"""", отдельное правило для New Times (журнал The New Times - ИФ). Почему? Потому что маленькая аудитория"""".""",Нет отдельных правил для разных редакций и изданий.,"""""""Есть отдельное правило для """"Эха Москвы"""", отдельное правило для """"Новой газеты"""", отдельное правило для New Times (журнал The New Times - ИФ). Почему? Потому что маленькая аудитория"""".""",Маленькая аудитория - причина появления отдельных правил.,0,0,False,False,False,False,False,False,kept,44
1096,1614,0.9843,entailment,not_entailment,"Фотографии процесса демонтажа уже появились в социальных сетях, и, комментируя их, горожане спрашивают: что же будет построено на этом месте?",Горожане комментируют фото демонтажа в соцсетях.,"Фотографии процесса демонтажа уже появились в социальных сетях, и, комментируя их, горожане спрашивают: что же будет построено на этом месте?",Горожане игнорируют фото демонтажа в соцсетях.,1,1,False,False,True,False,False,True,kept,7
750,1178,0.9842,not_entailment,entailment,"Сумма долга предприятия перевалила за два миллиона рублей, кроме того, работодатель не спешил выплачивать работникам компенсацию за задержку зарплат.",Долг предприятия полностью выплачен.,"Сумма долга предприятия перевалила за два миллиона рублей, кроме того, работодатель не спешил выплачивать работникам компенсацию за задержку зарплат.",Работодатель не спешил платить.,1,1,False,False,True,False,False,True,kept,30
15,208,0.9841,not_entailment,entailment,"Срок был продлен на два года, поскольку для обладателей патентов необходим переходный период для того, чтобы иметь возможность адаптироваться к деятельности в качестве индивидуальных предпринимателей.",Обладатели патентов уже адаптировались к деятельности в качестве индивидуальных предпринимателей.,"Срок был продлен на два года, поскольку для обладателей патентов необходим переходный период для того, чтобы иметь возможность адаптироваться к деятельности в качестве индивидуальных предпринимателей.",Срок продлили более чем на год.,1,0,True,False,False,False,False,False,kept,78
348,1827,0.9841,entailment,not_entailment,"Означает ли введение такой маркировки, что продукты с растительными добавками полностью исчезнут с прилавков наших магазинов?",Новая маркировка появится на продуктах.,"Означает ли введение такой маркировки, что продукты с растительными добавками полностью исчезнут с прилавков наших магазинов?",Новая маркировка появится на растениях.,0,0,False,False,False,False,False,False,kept,8
95,2287,0.984,not_entailment,entailment,"Животное пыталось выбраться, но сил уже не хватало. Девушки подбежали к проруби, начали подзывать собаку к себе. Когда она подплыла поближе, они вытащили ее из воды.",Собака купалась в проруби.,"Животное пыталось выбраться, но сил уже не хватало. Девушки подбежали к проруби, начали подзывать собаку к себе. Когда она подплыла поближе, они вытащили ее из воды.",Собака попала в прорубь.,0,0,False,False,False,False,False,False,kept,5
1122,1319,0.984,entailment,not_entailment,"Как сообщают в социальных сетях местные жители, на свет появилось одноглазое животное, напоминающее циклопа.",Местные жители обсуждают одноглазое животное в соцсетях.,"Как сообщают в социальных сетях местные жители, на свет появилось одноглазое животное, напоминающее циклопа.",Одноглазое животное самозародилось в соцсетях.,1,0,False,False,True,False,False,False,kept,35
1750,2260,0.9838,entailment,not_entailment,"""Это просто разная аудитория. За счет того, что в """"Спорт-Экспрессе"""" много хороших журналистов, у нас газета, по большому счету,  авторская. Потому что люди читают не только информацию, они читают, как это написано.""","""""""Спорт-Экспресс"""" - преимущественно авторская газета.""","""Это просто разная аудитория. За счет того, что в """"Спорт-Экспрессе"""" много хороших журналистов, у нас газета, по большому счету,  авторская. Потому что люди читают не только информацию, они читают, как это написано.""","Люди читают только информацию, а не как это написано.",1,0,False,True,False,False,False,False,kept,48
8,1342,0.9838,not_entailment,entailment,"Музей, расположенный в Королевских воротах, меняет экспозицию. На смену выставке, рассказывающей об истории ворот и их реставрации, придет «Аптека трех королей». Как рассказали в музее, посетители попадут в традиционный интерьер аптеки.",Музей закроется навсегда.,"Музей, расположенный в Королевских воротах, меняет экспозицию. На смену выставке, рассказывающей об истории ворот и их реставрации, придет «Аптека трех королей». Как рассказали в музее, посетители попадут в традиционный интерьер аптеки.",Экспозицию музея Королевских ворот ждут перемены.,1,1,False,False,True,False,False,True,kept,39
793,908,0.9836,entailment,not_entailment,"""""""Еще в четверг, 25 октября Леонид лично написал заявление в СКР с требованием возбудить дело по ст.126 (похищение) УК РФ. Я находился вместе с ним в изоляторе, и могу однозначно это подтвердить"""", - сказал Фейгин. По его словам, он передал заявление сотрудникам СИЗО, так как выносить какие-либо документы из изолятора запрещено.""",Фейгин рассказал о заявлении Леонида.,"""""""Еще в четверг, 25 октября Леонид лично написал заявление в СКР с требованием возбудить дело по ст.126 (похищение) УК РФ. Я находился вместе с ним в изоляторе, и могу однозначно это подтвердить"""", - сказал Фейгин. По его словам, он передал заявление сотрудникам СИЗО, так как выносить какие-либо документы из изолятора запрещено.""","Фейгин рассказал о том, что Леонид писал книгу о похищении.",0,1,False,False,False,True,False,False,kept,32
428,1608,0.9835,entailment,not_entailment,"Ведомство направило официальные письма руководителям отделов безопасности самоуправлений, в которых разъясняют их действия.",Ведомство направило разъяснительные письма.,"Ведомство направило официальные письма руководителям отделов безопасности самоуправлений, в которых разъясняют их действия.",Ведомство ждет письма.,0,1,False,False,False,True,False,False,kept,24
49,907,0.9835,entailment,not_entailment,"Только жители региона могут по-настоящему оценивать работу губернатора, а не журналисты, считает глава Мурманской области Марина Ковтун. Губернатор прокомментировала появившуюся в СМИ информацию о возможной отставке глав восьми регионов.","Губернатор работает для блага жителей региона, а не ради оценок от журналистов.","Только жители региона могут по-настоящему оценивать работу губернатора, а не журналисты, считает глава Мурманской области Марина Ковтун. Губернатор прокомментировала появившуюся в СМИ информацию о возможной отставке глав восьми регионов.",Главы восьми регионов ушли в отставку.,2,0,True,True,False,False,False,False,removed_a,59
876,917,0.9834,not_entailment,entailment,"Как рассказывают очевидцы, инцидент произошел около восьми утра. Всем пассажирам удалось вовремя покинуть салон. - Классным было утро, ничего не скажешь.",Пассажиры не стали покидать салон.,"Как рассказывают очевидцы, инцидент произошел около восьми утра. Всем пассажирам удалось вовремя покинуть салон. - Классным было утро, ничего не скажешь.",Пассажиры покинули салон.,1,2,False,False,True,True,False,True,removed_b,13
100,1566,0.9834,not_entailment,entailment,"""""""Но честно, объективно и по решению суда"""", - заявил Бастрыкин в интервью """"Интерфаксу"""". Отвечая на вопрос об обысках и вызове на допрос лидеров оппозиции, глава СКР подчеркнул, что они пока находятся в статусе свидетелей. """"Это совершенно нормальное состояние, потому что мы не имеем достаточных доказательств, чтобы перевести их хотя бы в статус подозреваемого либо обвиняемого"""".""","Как только появляются доказательства, свидетелей переводят в Москву.","""""""Но честно, объективно и по решению суда"""", - заявил Бастрыкин в интервью """"Интерфаксу"""". Отвечая на вопрос об обысках и вызове на допрос лидеров оппозиции, глава СКР подчеркнул, что они пока находятся в статусе свидетелей. """"Это совершенно нормальное состояние, потому что мы не имеем достаточных доказательств, чтобы перевести их хотя бы в статус подозреваемого либо обвиняемого"""".""","Как только появляются доказательства, свидетелей переводят в статус подозреваемых или обвиняемых.",0,2,False,False,False,True,True,False,removed_b,33
296,2125,0.9834,entailment,not_entailment,"""""""Знакомы ли Вы со своими новыми коллегами – Никитиным, Яблонским, Аветисяном?"""" - """"Да, со всем директорами мы пообщались, и, на мой взгляд, мы очень хорошо друг друга дополняем. Я вам честно скажу, что я бы не смог собрать команду лучше, потому что это тот случай, когда достоинства одних покрывают недостатки других"""".""",У каждого из директоров есть недостатки.,"""""""Знакомы ли Вы со своими новыми коллегами – Никитиным, Яблонским, Аветисяном?"""" - """"Да, со всем директорами мы пообщались, и, на мой взгляд, мы очень хорошо друг друга дополняем. Я вам честно скажу, что я бы не смог собрать команду лучше, потому что это тот случай, когда достоинства одних покрывают недостатки других"""".""",Команду лучше можно собрать где угодно.,1,1,False,True,False,True,False,False,kept,33
1288,1340,0.9834,not_entailment,entailment,"Мужчина сообщил, что к краже может быть причастна его собственная дочь, у которой был доступ к ключам от сейфа.",К краже причастна дочь мужчины.,"Мужчина сообщил, что к краже может быть причастна его собственная дочь, у которой был доступ к ключам от сейфа.",Сейф могла открыть дочь.,2,0,True,True,False,False,False,False,removed_a,25
1015,1465,0.9833,entailment,not_entailment,"""""""Ощущение такое, что ни у кого нет никакого аппетита на предмет внешнего вторжения. Даже иногда кажется, что они молятся, чтобы Россия и Китай продолжали блокировать санкцию на внешнее вторжение. Потому что как только санкция будет, они будут действовать, а там никто не готов действовать"""", - сказал Лавров, который после саммита Россия-ЕС пообщался с журналистами в самолете по пути в Москву.""",Санкции на внешнее вторжение еще нет.,"""""""Ощущение такое, что ни у кого нет никакого аппетита на предмет внешнего вторжения. Даже иногда кажется, что они молятся, чтобы Россия и Китай продолжали блокировать санкцию на внешнее вторжение. Потому что как только санкция будет, они будут действовать, а там никто не готов действовать"""", - сказал Лавров, который после саммита Россия-ЕС пообщался с журналистами в самолете по пути в Москву.""","Санкция на инопланетное вторжение то есть, то нет.",1,0,True,False,False,False,False,False,kept,19
953,1416,0.9832,not_entailment,entailment,"У женщины, которая почти два года терпела побои и унижения, сдали нервы.",Женщина многие годы терпела побои и унижения.,"У женщины, которая почти два года терпела побои и унижения, сдали нервы.",Женщину били и унижали два года.,2,1,True,True,False,True,False,False,removed_a,31
1964,2210,0.9832,entailment,not_entailment,"В Сомали в прошлом году было потрачено 120 млн. долларов, и мы кормили  более 1 млн. человек, так как там происходили и конфликты, и стихийные бедствия.","В Сомали происходили и конфликты, и стихийные бедствия.","В Сомали в прошлом году было потрачено 120 млн. долларов, и мы кормили  более 1 млн. человек, так как там происходили и конфликты, и стихийные бедствия.",Мы ездили в Сомали в прошлом году.,1,2,False,False,True,True,True,False,removed_b,40
45,1652,0.9832,not_entailment,entailment,"У троих участников драки диагностированы различные травмы. Что интересно, в полиции все они заявили, что претензий друг к другу не имеют.",Участники драки заявили друг на друга в полицию.,"У троих участников драки диагностированы различные травмы. Что интересно, в полиции все они заявили, что претензий друг к другу не имеют.",Участники драки остались довольны друг другом.,2,2,True,True,False,True,True,False,removed_both,23
399,684,0.9829,entailment,not_entailment,"""""""Я был рожден в тюрьме, где я не могу свободно выражать свое мировоззрение"""", - сказал он. """"Нападения носили превентивный характер, и поэтому я не признаю за собой уголовной вины"""", - сказал он, добавив: """"Я должен быть освобожден"""". По его словам, он повторил бы все снова, поскольку им двигало добро, а не зло.""","По его словам, им двигало добро, а не зло.","""""""Я был рожден в тюрьме, где я не могу свободно выражать свое мировоззрение"""", - сказал он. """"Нападения носили превентивный характер, и поэтому я не признаю за собой уголовной вины"""", - сказал он, добавив: """"Я должен быть освобожден"""". По его словам, он повторил бы все снова, поскольку им двигало добро, а не зло.""","Он уверен, что не заслуживает свободы.",0,0,False,False,False,False,False,False,kept,36
1609,1866,0.9829,entailment,not_entailment,"Осторожнее на этом участке, водители и пешеходы! Там уже каток. Трубы не выдержали, прорвало.",Вода из прорвавшихся труб замерзла.,"Осторожнее на этом участке, водители и пешеходы! Там уже каток. Трубы не выдержали, прорвало.",Вода из прорвавшихся труб испарилась.,2,0,True,True,False,False,False,False,removed_a,7
1539,2052,0.9829,entailment,not_entailment,"""Он также сравнил бывшего понтифика с капитаном круизного лайнера Costa Concordia Франческо Скеттино, который одним из первых покинул терпящий бедствие корабль. """"Бенедикт XVI отнюдь не новичок и прекрасно знал, на что идет. Он не настоящий папа римский, так как он покинул свою паству"""".""","""Папу римского назвали """"не настоящим"""".""","""Он также сравнил бывшего понтифика с капитаном круизного лайнера Costa Concordia Франческо Скеттино, который одним из первых покинул терпящий бедствие корабль. """"Бенедикт XVI отнюдь не новичок и прекрасно знал, на что идет. Он не настоящий папа римский, так как он покинул свою паству"""".""",Папа римский уехал в круиз на лайнере.,0,1,False,False,False,True,False,False,kept,26
657,1293,0.9829,not_entailment,entailment,"Как считают следователи, в течение трех лет она специально указывала в налоговой декларации цифры, которые были значительно ниже реальных.",Три года подряд она правильно заполняла налоговую декларацию.,"Как считают следователи, в течение трех лет она специально указывала в налоговой декларации цифры, которые были значительно ниже реальных.",Три года она фальсифицировала налоговые декларации.,0,2,False,False,False,True,True,False,removed_b,24
908,2035,0.9827,not_entailment,entailment,"""""""Еще в четверг, 25 октября Леонид лично написал заявление в СКР с требованием возбудить дело по ст.126 (похищение) УК РФ. Я находился вместе с ним в изоляторе, и могу однозначно это подтвердить"""", - сказал Фейгин. По его словам, он передал заявление сотрудникам СИЗО, так как выносить какие-либо документы из изолятора запрещено.""","Фейгин рассказал о том, что Леонид писал книгу о похищении.","""""""Еще в четверг, 25 октября Леонид лично написал заявление в СКР с требованием возбудить дело по ст.126 (похищение) УК РФ. Я находился вместе с ним в изоляторе, и могу однозначно это подтвердить"""", - сказал Фейгин. По его словам, он передал заявление сотрудникам СИЗО, так как выносить какие-либо документы из изолятора запрещено.""",Фейгин рассказал о просьбе Леонида возбудить дело о похищении.,1,0,True,False,False,False,False,False,kept,23
432,1998,0.9825,entailment,not_entailment,"""""""А я никогда не был на этом телеканале, не видел его"""", - сказал """"Интерфаксу"""" Говорухин в пятницу. Также в Твиттере есть высказывания якобы от имени режиссера про изменение состава директоров """"Эха Москвы"""". """"Это тоже бред, я не мог этого заявить, потому что считаю, что это самая талантливая радиостанция, хоть я во многом с ней не согласен, на мой взгляд, она не полезна делу, которым я занимаюсь"""".""",В Твиттере появились высказывания якобы от имени режиссера Говорухина.,"""""""А я никогда не был на этом телеканале, не видел его"""", - сказал """"Интерфаксу"""" Говорухин в пятницу. Также в Твиттере есть высказывания якобы от имени режиссера про изменение состава директоров """"Эха Москвы"""". """"Это тоже бред, я не мог этого заявить, потому что считаю, что это самая талантливая радиостанция, хоть я во многом с ней не согласен, на мой взгляд, она не полезна делу, которым я занимаюсь"""".""","""Говорухин не считает """"Эхо Москвы"""" талантливой радиостанцией.""",0,2,False,False,False,True,True,False,removed_b,59
541,1984,0.9825,entailment,not_entailment,"Мурманскую область в финале соревнования представляла 25-летняя Кристина Белова из Кандалакши. Северянка дошла до Топ-24 самых обаятельных девушек страны, успев поучаствовать в общем выходе и дефиле в купальниках.",Жюри соревнования видело Кристину Белову в купальнике.,"Мурманскую область в финале соревнования представляла 25-летняя Кристина Белова из Кандалакши. Северянка дошла до Топ-24 самых обаятельных девушек страны, успев поучаствовать в общем выходе и дефиле в купальниках.",Северянка на самом деле родилась в Сочи.,1,0,True,False,False,False,False,False,kept,40
159,1894,0.9825,entailment,not_entailment,"После того как клиент оформит подписку на сервис, он будет получать уведомления о наличии штрафов автоматически.",Клиент может подписаться на уведомления о штрафах.,"После того как клиент оформит подписку на сервис, он будет получать уведомления о наличии штрафов автоматически.",Клиент автоматически будет оштрафован.,1,1,False,False,True,True,False,False,kept,29
1516,2218,0.9824,not_entailment,entailment,"Я просто об этом даже не думаю, потому что если кто-то что-то захочет, никуда не спрячешься.",Я думаю только об этом.,"Я просто об этом даже не думаю, потому что если кто-то что-то захочет, никуда не спрячешься.",Я об этом не думаю.,1,1,False,False,True,False,False,True,kept,17
510,1367,0.9823,entailment,not_entailment,"Всё предельно прозрачно и не требует на первоначальном этапе никаких затрат. Также обращайте внимание на то, как давно работает компания и узнаваема ли в отрасли.",На первоначальном этапе удастся избежать затрат.,"Всё предельно прозрачно и не требует на первоначальном этапе никаких затрат. Также обращайте внимание на то, как давно работает компания и узнаваема ли в отрасли.",Компания работает в отрасли давно.,0,1,False,False,False,True,False,False,kept,37
376,1222,0.9822,not_entailment,entailment,"""""""Я полагаю, что наше послание достаточно четкое в СМИ. Те, кто сожалеет об этом, кто может получить урон, должны поговорить с американцами, чтобы те не совершили  глупость в отношении Ирана. Потому что то, что мы делаем, - это реакция на действия другой стороны"""".""","""""""На наши действия идет неадекватная реакция другой стороны"""".""","""""""Я полагаю, что наше послание достаточно четкое в СМИ. Те, кто сожалеет об этом, кто может получить урон, должны поговорить с американцами, чтобы те не совершили  глупость в отношении Ирана. Потому что то, что мы делаем, - это реакция на действия другой стороны"""".""","""""""Американцы могут совершить глупость в отношении Ирана"""".""",1,0,True,False,False,False,False,False,kept,51
1920,2296,0.9822,not_entailment,entailment,"Ноябрь и часть декабря удивили сильными морозами, но сейчас погода стабилизировалась и будет тепло.",Сейчас погода начнет удивлять еще больше.,"Ноябрь и часть декабря удивили сильными морозами, но сейчас погода стабилизировалась и будет тепло.",Теперь будет тепло.,1,2,False,False,True,True,False,True,removed_b,31
1752,2124,0.9822,not_entailment,entailment,"Они попытались остановить авто, но водитель проигнорировал их.",Они остановили авто.,"Они попытались остановить авто, но водитель проигнорировал их.",Они не смогли остановить машину.,1,2,True,False,False,True,True,False,removed_b,17
893,1068,0.9822,not_entailment,entailment,"""Она пройдет в центре Брянска 5 февраля. По словам пресс-секретаря главы брянской городской администрации Константина Касаминского, """"городские власти в проведении акции не отказали, в таких вещах никто не отказывает"""". """"Однако уведомление не было принято, поскольку не были соблюдены сроки"""".""",5 февраля в центре Брянска запретили проводить акцию.,"""Она пройдет в центре Брянска 5 февраля. По словам пресс-секретаря главы брянской городской администрации Константина Касаминского, """"городские власти в проведении акции не отказали, в таких вещах никто не отказывает"""". """"Однако уведомление не было принято, поскольку не были соблюдены сроки"""".""",В центре Брянска пройдет акция.,1,1,False,False,True,False,False,True,kept,26
832,1138,0.9818,entailment,not_entailment,"""По словам марксистов, они продолжат атаки против властей, поскольку те """"нарушают право турецких граждан на свободу мысли и совести"""".""",Марксисты уже организовывали атаки против властей.,"""По словам марксистов, они продолжат атаки против властей, поскольку те """"нарушают право турецких граждан на свободу мысли и совести"""".""",Марксисты выступают на стороне властей.,2,0,True,True,False,False,False,False,removed_a,25
144,1629,0.9818,entailment,not_entailment,"Многие уже привыкли, что синоптики не раз объявляли оранжевый уровень опасности летом и осенью.",Синоптики объявляли оранжевый уровень опасности не раз.,"Многие уже привыкли, что синоптики не раз объявляли оранжевый уровень опасности летом и осенью.",Летом и осенью опасность носит с собой оранжевый уровень.,0,0,False,False,False,False,False,False,kept,48
0,1165,0.9817,entailment,not_entailment,"""По его мнению, """"оргкомитет просто не сможет удержать людей, чтобы не выступить в центре Москвы"""". По словам Удальцова, предложение провести митинг на Манежной площади не нашло понимания у представителей городской администрации. """"Другие варианты мы не стали предлагать, поскольку это привело бы к эскалации конфликта"""", - сказал он.""","По словам Удальцова, городская администрация против митинга на Манежной площади.","""По его мнению, """"оргкомитет просто не сможет удержать людей, чтобы не выступить в центре Москвы"""". По словам Удальцова, предложение провести митинг на Манежной площади не нашло понимания у представителей городской администрации. """"Другие варианты мы не стали предлагать, поскольку это привело бы к эскалации конфликта"""", - сказал он.""","Удальцов сказал, что конфликт исчерпан.",0,1,False,False,False,True,False,False,kept,58
389,626,0.9816,not_entailment,entailment,"На заседании областного Совета при губернаторе по развитию физической культуры и спорта чиновники отметили, что прошедший год был для отрасли успешным.",Прошедший год был для отрасли лучшим.,"На заседании областного Совета при губернаторе по развитию физической культуры и спорта чиновники отметили, что прошедший год был для отрасли успешным.",Чиновники довольны итогами года.,3,2,True,True,True,True,False,True,removed_both,28
386,1469,0.9815,entailment,not_entailment,"Чиновники обещают, что все бригады будут функционировать в круглосуточном режиме «Повышенной готовности».","Есть вероятность, что все будет так, как обещали чиновники.","Чиновники обещают, что все бригады будут функционировать в круглосуточном режиме «Повышенной готовности».",Все бригады будут функционировать в круглосуточном режиме.,2,0,True,False,True,False,False,False,removed_a,50
906,1789,0.9814,not_entailment,entailment,"Инцидент произошел в квартире потерпевших, супруги сами пригласили туда грабителя для совместного застолья.",От скуки супруги пригласили грабителя.,"Инцидент произошел в квартире потерпевших, супруги сами пригласили туда грабителя для совместного застолья.",Супруги случайно пригласили грабителя.,1,1,True,False,False,True,False,False,kept,12
458,1044,0.9813,not_entailment,entailment,"""Адвокат обвиняемого в убийстве хозяина саратовской """"Тактики"""" после заседания в областном суде отметил, что его подзащитный не собирается обжаловать приговор.""","""Обвиняемый в убийстве владельца саратовской """"Тактики"""" собирается обжаловать приговор.""","""Адвокат обвиняемого в убийстве хозяина саратовской """"Тактики"""" после заседания в областном суде отметил, что его подзащитный не собирается обжаловать приговор.""",Подзащитный обвинялся в убийстве.,1,0,True,False,False,False,False,False,kept,74
1133,1940,0.9813,entailment,not_entailment,"""Сулейманов подчеркнул, что по тонкому льду нельзя ездить на таком примитивном средстве, как мотобуксировщик. Если снегоход еще может проскочить опасное место, то """"мотособака"""" тянет как якорь в любую полынью. - Но рыбаки и дачники активно используют эти машины, потому что стоят они недорого, просты в управлении - к примитивному мотору с ручкой цепляются любые сани.""","Сулейманов объяснил, чем мотобуксировщик опаснее снегохода.","""Сулейманов подчеркнул, что по тонкому льду нельзя ездить на таком примитивном средстве, как мотобуксировщик. Если снегоход еще может проскочить опасное место, то """"мотособака"""" тянет как якорь в любую полынью. - Но рыбаки и дачники активно используют эти машины, потому что стоят они недорого, просты в управлении - к примитивному мотору с ручкой цепляются любые сани.""",Мотобуксировщик специально создан для хождения по льду.,0,0,False,False,False,False,False,False,kept,51
1776,1912,0.9813,entailment,not_entailment,"""Представители правоохранительных органов и частных агенств посоветовали саратовцам в пресс-центре """"Комсомольская правда""""-Саратов соблюдать информационную осторожность - не болтать о своих новогодних планах со знакомыми, поскольку в их круг общения могут входить и воры. И не распространяться о праздничных настроениях на отдых в социальной сети. Поскольку этой информацией активно пользуются злоумышленники.""","Саратовцев попросили не рассказывать ворам, где будут в новогоднюю ночь.","""Представители правоохранительных органов и частных агенств посоветовали саратовцам в пресс-центре """"Комсомольская правда""""-Саратов соблюдать информационную осторожность - не болтать о своих новогодних планах со знакомыми, поскольку в их круг общения могут входить и воры. И не распространяться о праздничных настроениях на отдых в социальной сети. Поскольку этой информацией активно пользуются злоумышленники.""",В круг знакомых каждого жителя Саратова входят воры.,0,1,False,False,False,True,False,False,kept,57
1085,1200,0.9811,entailment,not_entailment,"""""""У нее были провалы в памяти - мозг защищает эти воспоминания"""", - сказала она. О насилии жертва сообщила врачам, когда ей исполнилось 16 лет. Но норвежские медики не имели права передавать эту информацию в полицию или родителям, поскольку формально девочка уже считалась совершеннолетней.""",У жертвы насилия проблемы с памятью.,"""""""У нее были провалы в памяти - мозг защищает эти воспоминания"""", - сказала она. О насилии жертва сообщила врачам, когда ей исполнилось 16 лет. Но норвежские медики не имели права передавать эту информацию в полицию или родителям, поскольку формально девочка уже считалась совершеннолетней.""",Жертва была изнасилована после 16-летия.,0,0,False,False,False,False,False,False,kept,27
251,700,0.9811,entailment,not_entailment,"По словам очевидцев, злоумышленников было около десятка, и они внезапно появились из-за памятника.",Очевидцы видели злоумышленников.,"По словам очевидцев, злоумышленников было около десятка, и они внезапно появились из-за памятника.",Очевидцы не видели злоумышленников.,1,1,False,False,True,False,False,True,kept,3
30,520,0.9811,not_entailment,entailment,"17-летняя петербурженка переходила железнодорожные пути в неположенном месте. И не заметила идущего поезда. Не слышала она и шума, поскольку была в наушниках.",17-летняя петербурженка осталась в живых.,"17-летняя петербурженка переходила железнодорожные пути в неположенном месте. И не заметила идущего поезда. Не слышала она и шума, поскольку была в наушниках.",17-летняя петербурженка была в наушниках.,1,1,False,False,True,False,False,True,kept,13
1261,1651,0.981,not_entailment,entailment,"""По его словам, в ней примет участие порядка 150 человек. """"Бюрократы не хотят прислушиваться к мнению общественности, которая выступает против уничтожения училища им. Гнесиных. Мы потребуем публично встретиться с нами в рамках """"круглого стола"""", чтобы разъяснить студентам и педагогам причины этого решения, потому что плюсов никто из них не видит, видят только минусы"""", - сказал Хромов.""","""Хромов отказывается провести """"круглый стол"""".""","""По его словам, в ней примет участие порядка 150 человек. """"Бюрократы не хотят прислушиваться к мнению общественности, которая выступает против уничтожения училища им. Гнесиных. Мы потребуем публично встретиться с нами в рамках """"круглого стола"""", чтобы разъяснить студентам и педагогам причины этого решения, потому что плюсов никто из них не видит, видят только минусы"""", - сказал Хромов.""",Общественность выступает против уничтожения училища им. Гнесиных.,1,0,True,False,False,False,False,False,kept,51
1128,2137,0.9809,not_entailment,entailment,"""Целый оружейный арсенал, на который вышли полицейские, вывел на след предполагаемых убийц.""",Полицейские организовали арсенал.,"""Целый оружейный арсенал, на который вышли полицейские, вывел на след предполагаемых убийц.""",Полицейские обнаружили арсенал.,2,1,True,False,True,False,False,True,removed_a,8
348,407,0.9809,entailment,not_entailment,"Означает ли введение такой маркировки, что продукты с растительными добавками полностью исчезнут с прилавков наших магазинов?",Новая маркировка появится на продуктах.,"Означает ли введение такой маркировки, что продукты с растительными добавками полностью исчезнут с прилавков наших магазинов?",Продукты с растительными добавками полностью исчезнут с прилавков наших магазинов.,0,1,False,False,False,True,False,False,kept,61
199,1032,0.9808,entailment,not_entailment,"Недавно стало известно, что в общественном транспорте столицы и областных городов подорожает проезд.",Новость о подорожании проезда появилась недавно.,"Недавно стало известно, что в общественном транспорте столицы и областных городов подорожает проезд.",Проезд подорожает только в общественном транспорте столицы.,0,0,False,False,False,False,False,False,kept,44
362,1301,0.9808,entailment,not_entailment,"""""""Соответственно, если мы идем под Москву, в московское подчинение, нам сказали, что у нас не будет общежития. А так как в Гнесинку стремятся со всей России, то приезжим просто негде будет жить"""", - заключил Михаил. Он, как и все мои респонденты, очень молод, но, судя по всему, принимать взрослые решения пришлось даже самым юным ученикам колледжа, если это вообще можно назвать решением, поскольку выбора у них как такового не было.""",Выбора у учеников колледжа не было.,"""""""Соответственно, если мы идем под Москву, в московское подчинение, нам сказали, что у нас не будет общежития. А так как в Гнесинку стремятся со всей России, то приезжим просто негде будет жить"""", - заключил Михаил. Он, как и все мои респонденты, очень молод, но, судя по всему, принимать взрослые решения пришлось даже самым юным ученикам колледжа, если это вообще можно назвать решением, поскольку выбора у них как такового не было.""",Гнесинка отдаст общежитие в региональное подчинение.,0,0,False,False,False,False,False,False,kept,41
92,227,0.9806,not_entailment,entailment,"Он начинил героином пять стрел, вооружился арбалетом и отправился исполнять задуманное.",В стрелах был яд.,"Он начинил героином пять стрел, вооружился арбалетом и отправился исполнять задуманное.",В стрелах был наркотик.,0,0,False,False,False,False,False,False,kept,8
263,1255,0.9805,not_entailment,entailment,"""По словам россиянина, перед ним стояла задача - финишировать впереди """"Форс Индии"""". """"Мы начали гонку на покрышках средней жесткости. И я старался отстоять свою позицию на старте, так как все в основном были на мягких шинах"""".""","""Россиянин финишировал впереди """"Форс Индии"""".""","""По словам россиянина, перед ним стояла задача - финишировать впереди """"Форс Индии"""". """"Мы начали гонку на покрышках средней жесткости. И я старался отстоять свою позицию на старте, так как все в основном были на мягких шинах"""".""",Соперники выступали преимущественно на мягких шинах.,1,1,True,False,False,True,False,False,kept,43
1455,1934,0.9804,entailment,not_entailment,"Губернатор осмотрел дома, куда заселят работников.",Губернатор осмотрел будущее жилье для работников.,"Губернатор осмотрел дома, куда заселят работников.",Губернатор осмотрел работников.,0,2,False,False,False,True,True,False,removed_b,18
82,589,0.9804,entailment,not_entailment,"Одна из новостей не может не радовать – часть заповедника, горный массив «Оглахты», в скором времени может получить статус объекта Всемирного наследия ЮНЕСКО. - Если это произойдет, это будет способствовать развитию туризма в Республике Хакасия на международном уровне, ведь туристы с большим интересом посещают объекты всемирного наследия, - отметил Игорь Егоров, заместитель директора по развитию туризма в заповеднике «Хакасский». Развитию экологического туризма в республике уделяют особое внимание, поскольку это повышает культуру отдыха туристов, сохраняет природу и историко-культурные объекты.","Развитие экологического туризма повышает культуру отдыха туристов, сохраняет природу и историко-культурные объекты.","Одна из новостей не может не радовать – часть заповедника, горный массив «Оглахты», в скором времени может получить статус объекта Всемирного наследия ЮНЕСКО. - Если это произойдет, это будет способствовать развитию туризма в Республике Хакасия на международном уровне, ведь туристы с большим интересом посещают объекты всемирного наследия, - отметил Игорь Егоров, заместитель директора по развитию туризма в заповеднике «Хакасский». Развитию экологического туризма в республике уделяют особое внимание, поскольку это повышает культуру отдыха туристов, сохраняет природу и историко-культурные объекты.",Горный массив «Оглахты» стал объектом Всемирного наследия ЮНЕСКО.,0,1,False,False,False,True,False,False,kept,95
605,2165,0.9804,not_entailment,entailment,"Для тех, кто эти новогодние каникулы проводит активно и бодро, библиотека имени Горького предлагает интеллектуальное развлечение – выставку декоративно-прикладного искусства и периодических изданий «Зимняя сказка».",Закончились новогодние каникулы.,"Для тех, кто эти новогодние каникулы проводит активно и бодро, библиотека имени Горького предлагает интеллектуальное развлечение – выставку декоративно-прикладного искусства и периодических изданий «Зимняя сказка».",Библиотека имени Горького считает выставку декоративно-прикладного искусства интеллектуальным развлечением.,1,0,True,False,False,False,False,False,kept,86
871,1675,0.9803,not_entailment,entailment,"""""""В первую очередь это гарнизонная служба и все, что с ней связано. Туда же хотим включить дисциплинарные батальоны и военную автоинспекцию"""", - заявил он в интервью """"Российской газете"""", которое будет опубликовано в среду. По словам министра, в первую очередь будет создана структура, которая будет готовить военных полицейских, поскольку они должны обладать юридическими знаниями и организаторскими способностями.""","""Министр забрал интервью у """"Российской газеты"""".""","""""""В первую очередь это гарнизонная служба и все, что с ней связано. Туда же хотим включить дисциплинарные батальоны и военную автоинспекцию"""", - заявил он в интервью """"Российской газете"""", которое будет опубликовано в среду. По словам министра, в первую очередь будет создана структура, которая будет готовить военных полицейских, поскольку они должны обладать юридическими знаниями и организаторскими способностями.""",Будет создана структура подготовки военных полицейских.,1,1,False,False,True,False,False,True,kept,49
1080,2264,0.9802,entailment,not_entailment,"7 января на личной странице бизнесмена в соцсети Facebook появилось сообщение, в котором говорилось, что он намерен добиваться проведения прокурорского расследования.","Предприниматель хочет, чтобы прокурор во всем разобрался.","7 января на личной странице бизнесмена в соцсети Facebook появилось сообщение, в котором говорилось, что он намерен добиваться проведения прокурорского расследования.",Сообщение появилось на странице бизнесмена в Facebook в ненастный день января.,3,1,True,True,True,False,False,True,removed_a,65
385,1630,0.9802,entailment,not_entailment,"Как выяснилось, женщина выпала из окна собственной квартиры.",Женщина упала из окна квартиры.,"Как выяснилось, женщина выпала из окна собственной квартиры.",Женщина выбросилась из окна.,1,2,False,False,True,True,True,False,removed_b,18
1113,2010,0.98,entailment,not_entailment,"Как сообщает Государственная инспекция труда, водитель подготавливал дежурный автомобиль.",Шофер готовил дежурный автомобиль.,"Как сообщает Государственная инспекция труда, водитель подготавливал дежурный автомобиль.",Водитель уже подготовил дежурный автомобиль.,2,2,True,False,True,True,False,True,removed_both,13
309,839,0.9799,not_entailment,entailment,"Сговариваются со всеми с кем можно. И те пишут как надо. Но поскольку спешат, ставят вопрос о мотиве, что делать нельзя согласно закону о судебных экспертизах.",Они действуют в соответствии с законом о судебных экспертизах.,"Сговариваются со всеми с кем можно. И те пишут как надо. Но поскольку спешат, ставят вопрос о мотиве, что делать нельзя согласно закону о судебных экспертизах.",Ставить вопрос о мотиве нельзя по закону о судебных экспертизах.,0,0,False,False,False,False,False,False,kept,29
247,1440,0.9798,entailment,not_entailment,"Не откладывать кару в долгий ящик решил уфимский пешеход, и прямо на месте наказал обидчика.",Уфимский пешеход покарал обидчика.,"Не откладывать кару в долгий ящик решил уфимский пешеход, и прямо на месте наказал обидчика.",Пешеход наказывает обидчиков в Уфе.,0,1,False,False,False,True,False,False,kept,25
287,797,0.9798,not_entailment,entailment,"Он обвинялся в убийстве жены, сообщается в пресс-службе областной прокуратуры.","Несомненно, он убил жену.","Он обвинялся в убийстве жены, сообщается в пресс-службе областной прокуратуры.",Его обвиняли в смерти супруги.,1,2,False,False,True,True,False,True,removed_b,24
914,2156,0.9797,entailment,not_entailment,Премьер-министр РФ Владимир Путин поручил правительству в течение недели проработать текст послания президента и представить ему соответствующие предложения по работе кабинета министров.,Путин дал правительству поручение.,Премьер-министр РФ Владимир Путин поручил правительству в течение недели проработать текст послания президента и представить ему соответствующие предложения по работе кабинета министров.,Путин избавил правительство от поручения.,1,1,False,False,True,False,False,True,kept,10
1144,1796,0.9796,entailment,not_entailment,"Новогодние герои приветствовали прохожих, поднимали настроение песнями и репликами, которые раздавались из динамика.",Новогодние несли радость прохожим.,"Новогодние герои приветствовали прохожих, поднимали настроение песнями и репликами, которые раздавались из динамика.",Новогодние герои портили настроение прохожим.,0,0,False,False,False,False,False,False,kept,18
134,1081,0.9796,not_entailment,entailment,"""""""Мы двигаемся вперед. Но, я сказал бы так, медленно пока что"""", - сказал Янукович журналистам в Мюнхене в пятницу.""",Янукович уехал из Мюнхена в четверг.,"""""""Мы двигаемся вперед. Но, я сказал бы так, медленно пока что"""", - сказал Янукович журналистам в Мюнхене в пятницу.""",В пятницу Янукович пообщался с журналистами в Мюнхене.,0,1,False,False,False,True,False,False,kept,35
707,2325,0.9795,entailment,not_entailment,"Производители молока подали в суд, который в итоге вынес решение.",Производители молока решили судиться.,"Производители молока подали в суд, который в итоге вынес решение.",Производители молока угостили суд.,1,2,False,False,True,True,False,True,removed_b,10
1464,1818,0.9794,not_entailment,entailment,"На коробках с пекинской капустой и яблоками находилась маркировка, указывающая страну происхождения - Польшу. Согласно этикеткам, наклеенным на коробки с грушами, продукция поступила из Гвинеи и пересекла границу Республики Беларусь, что является нарушением.",Этикетки на коробке с грушами подтвердили законность транспортировки.,"На коробках с пекинской капустой и яблоками находилась маркировка, указывающая страну происхождения - Польшу. Согласно этикеткам, наклеенным на коробки с грушами, продукция поступила из Гвинеи и пересекла границу Республики Беларусь, что является нарушением.",Пекинская капуста приехала из Польши.,1,0,False,True,False,False,False,False,kept,53
44,843,0.9794,not_entailment,entailment,"""Член Общественной палаты РФ, президент адвокатской палаты Москвы Генри Резник рекомендовал ЛГБТ-активисту обратиться в кассационный, а затем и Конституционный суд. """"Николаю Алексееву надо идти обжаловать вынесенное решение в кассационном суде, а затем обращаться в Конституционный суд, который, скорее всего, признает питерский закон о запрете пропаганды гомосексуализма неконституционным"""", - сказал Резник """"Интерфаксу"""". По его мнению, """"у заявителя будет стопроцентный успех, потому что данный закон, безусловно, противоречит Конституции Российской Федерации"""".""",Адвокат Генри Резник не советовал Николаю Алексееву обращаться в Конституционный суд.,"""ЛГБТ-активисту Николаю Алексееву, который был признан виновным в пропаганде гомосексуализма, стоит обратиться в Конституционный суд РФ, считает член Общественной палаты РФ, президент адвокатской палаты Москвы Генри Резник. """"Николаю Алексееву надо идти обжаловать вынесенное решение в кассационном суде, а затем обращаться в Конституционный суд, который, скорее всего, признает питерский закон о запрете пропаганды гомосексуализма неконституционным"""", - сказал Резник в пятницу """"Интерфаксу"""". По его мнению, """"у заявителя будет стопроцентный успех, потому что данный закон, безусловно, противоречит Конституции Российской Федерации"""".""","По мнению Резника, питерский закон о запрете пропаганды гомосексуализма противоречит Конституции Российской Федерации.",0,0,False,False,False,False,False,False,kept,265
811,1144,0.9794,not_entailment,entailment,"Новогодние герои приветствовали прохожих, поднимали настроение песнями и репликами, которые раздавались из динамика.",У новогодних героев отличная динамика.,"Новогодние герои приветствовали прохожих, поднимали настроение песнями и репликами, которые раздавались из динамика.",Новогодние несли радость прохожим.,1,0,True,False,False,False,False,False,kept,25
817,1156,0.9794,not_entailment,entailment,"Фотографии процесса демонтажа уже появились в социальных сетях, и, комментируя их, горожане спрашивают: что же будет построено на этом месте?",Горожане ежеминутно комментируют фотографии демонтажа.,"Фотографии процесса демонтажа уже появились в социальных сетях, и, комментируя их, горожане спрашивают: что же будет построено на этом месте?",Предыдущее строение на этом месте демонтируют.,1,1,False,False,True,False,True,False,kept,38
96,667,0.9792,not_entailment,entailment,"Я бы дал деньги на командировки, потому что спортивный журналист здесь сидеть не должен, он должен ездить.",У меня нет денег на командировки.,"Я бы дал деньги на командировки, потому что спортивный журналист здесь сидеть не должен, он должен ездить.",У меня есть деньги на командировки.,1,1,False,False,True,False,False,True,kept,5
570,809,0.9791,not_entailment,entailment,"Суд не стал рассматривать соответствующее ходатайство, поскольку оно было заявлено не в письменной форме.",Суд не смог разобрать ходатайство.,"Суд не стал рассматривать соответствующее ходатайство, поскольку оно было заявлено не в письменной форме.",Суд не рассмотрел ходатайство.,1,1,False,False,True,False,False,True,kept,12
542,815,0.979,not_entailment,entailment,"Пострадавший пробирался между вагонами состава, когда поезд начал движение.",Человек не пострадал.,"Пострадавший пробирался между вагонами состава, когда поезд начал движение.",Человек пострадал.,0,2,False,False,False,True,False,True,removed_b,3
498,769,0.9789,not_entailment,entailment,"""""""Это обыкновенная гнусная ложь, потому что я никакую коммерческую деятельность не веду, находясь на должности депутата, никаким отмыванием денег я не занимаюсь"""".""",Я отмываю только грязные деньги.,"""""""Это обыкновенная гнусная ложь, потому что я никакую коммерческую деятельность не веду, находясь на должности депутата, никаким отмыванием денег я не занимаюсь"""".""",Я нахожусь на должности депутата.,1,1,False,False,True,False,False,True,kept,27
787,827,0.9788,not_entailment,entailment,"""""""Мы в ежедневном формате с коллегами в Турции держим связь, никаких инцидентов нет, паник нет среди российских граждан и российских туристов. Абсолютно спокойная ситуация. Кончено, есть напряжение, потому что это крайне шокирующая новость"""".""",Российские туристы никогда не паникуют.,"""""""Мы в ежедневном формате с коллегами в Турции держим связь, никаких инцидентов нет, паник нет среди российских граждан и российских туристов. Абсолютно спокойная ситуация. Кончено, есть напряжение, потому что это крайне шокирующая новость"""".""",Новость оказалась крайне шокирующей.,1,1,False,False,True,False,False,True,kept,29
2082,2189,0.9788,entailment,not_entailment,"Напомним, трое слуг народа выдвинули инициативу отмены прямых выборов мэра.",Трое депутатов хотят отменить прямые выборы мэра.,"Напомним, трое слуг народа выдвинули инициативу отмены прямых выборов мэра.",Прямые выборы мэра отменили.,2,2,True,False,True,True,False,True,removed_both,38
529,1129,0.9787,not_entailment,entailment,"Вас ждет добрая и поучительная сказка о мире волшебства, где юные волшебники, попадая в сложные испытания, справляются со всеми выкрутасами мага страны мыльных пузырей и празднуют торжество добра, дружбы и справедливости!",Вас ждет маг из синих мыльных пузырей.,"Вас ждет добрая и поучительная сказка о мире волшебства, где юные волшебники, попадая в сложные испытания, справляются со всеми выкрутасами мага страны мыльных пузырей и празднуют торжество добра, дружбы и справедливости!",Вас ждет сказочная история.,1,0,True,False,False,False,False,False,kept,24
1567,1886,0.9786,not_entailment,entailment,"В противном случае отец ставил провинившихся на колени и читал им молитвы, а за более серьезные проступки избивал. Дети боялись идти домой после школы и часто приходили к маме на работу. Жена боялась сообщить об издевательствах мужа в полицию, поскольку он грозился убить ее.",Отец наказывал провинившихся работой в саду.,"В противном случае отец ставил провинившихся на колени и читал им молитвы, а за более серьезные проступки избивал. Дети боялись идти домой после школы и часто приходили к маме на работу. Жена боялась сообщить об издевательствах мужа в полицию, поскольку он грозился убить ее.",Отец наказывал провинившихся молитвами.,1,2,False,False,True,True,False,True,removed_b,11
1368,1647,0.9785,entailment,not_entailment,"Вообще-то, Владимир Владимирович, вот это слышать обидно и больно. Очень обидно и больно, действительно это так. Потому что именно вы стояли у истоков нашей партии, именно вы ее создавали.","Владимир Владимирович стоял у истоков нашей партии, создавал ее.","Вообще-то, Владимир Владимирович, вот это слышать обидно и больно. Очень обидно и больно, действительно это так. Потому что именно вы стояли у истоков нашей партии, именно вы ее создавали.",Владимир Владимирович не участвовал в создании нашей партии.,0,0,False,False,False,False,False,False,kept,31
694,1919,0.9783,entailment,not_entailment,"К спасательной операции подключились силы Национальной гвардии США и дополнительные полицейские подразделения. На грузовиках они подвезли провиант и воду в районы у восточных склонов Скалистых гор, которые в данный момент оказались полностью блокированы в результате разлива рек. Работы осложняются, так как многие дороги оказались непроходимы из-за оползней, спровоцированных разливом воды.",Районы восточных склонов Скалистых гор блокированы наводнением.,"К спасательной операции подключились силы Национальной гвардии США и дополнительные полицейские подразделения. На грузовиках они подвезли провиант и воду в районы у восточных склонов Скалистых гор, которые в данный момент оказались полностью блокированы в результате разлива рек. Работы осложняются, так как многие дороги оказались непроходимы из-за оползней, спровоцированных разливом воды.",В Европе наводнение.,0,1,False,False,False,False,False,True,kept,47
749,1781,0.9782,entailment,not_entailment,"Искренне разделяем Вашу боль и передаем слова сочувствия и поддержки Вам и Вашим родным. Примите наши искренние соболезнования. В эту горькую минуту разделяем Ваше горе, скорбим вместе с Вами.",Кто-то умер.,"Искренне разделяем Вашу боль и передаем слова сочувствия и поддержки Вам и Вашим родным. Примите наши искренние соболезнования. В эту горькую минуту разделяем Ваше горе, скорбим вместе с Вами.",Кто-то выздоровел.,2,0,True,True,False,False,False,False,removed_a,9
325,1815,0.978,entailment,not_entailment,"""При этом он затруднился сообщить, сколько времени может продлиться это отстранение. Сам Губерниев заявил радиостанции """"Эхо Москвы"""", что его отстранение от ведения футбольных программ не повлияет на работу на телеканале. """"Очень сложно меня отстранить от футбольных матчей, потому что я на них редко работаю"""".""",Губерниев отстранен от ведения программ о футболе.,"""При этом он затруднился сообщить, сколько времени может продлиться это отстранение. Сам Губерниев заявил радиостанции """"Эхо Москвы"""", что его отстранение от ведения футбольных программ не повлияет на работу на телеканале. """"Очень сложно меня отстранить от футбольных матчей, потому что я на них редко работаю"""".""",Губерниева отстранили на год.,1,2,False,False,True,True,False,True,removed_b,28
761,1122,0.978,not_entailment,entailment,"Как сообщают в социальных сетях местные жители, на свет появилось одноглазое животное, напоминающее циклопа.",Местные жители увидели рождение настоящего циклопа.,"Как сообщают в социальных сетях местные жители, на свет появилось одноглазое животное, напоминающее циклопа.",Местные жители обсуждают одноглазое животное в соцсетях.,1,1,False,False,True,False,False,True,kept,33
118,2280,0.978,not_entailment,entailment,"""После смерти Владимира Михайловича Кучмия, который возглавлял """"Спорт-Экспресс"""" с момента его основания и до 2009 года, прошло более двух лет, но новый главный редактор так и не назначен. Почему? - Потому что он слишком много для нас значит - это одно.""",Ровно два года назад Владимир Михайлович был жив.,"""После смерти Владимира Михайловича Кучмия, который возглавлял """"Спорт-Экспресс"""" с момента его основания и до 2009 года, прошло более двух лет, но новый главный редактор так и не назначен. Почему? - Потому что он слишком много для нас значит - это одно.""","""""""Спорт-Экспресс"""" больше двух лет работает без главного редактора.""",0,1,False,False,False,True,False,False,kept,59
44,568,0.9779,not_entailment,entailment,"""Член Общественной палаты РФ, президент адвокатской палаты Москвы Генри Резник рекомендовал ЛГБТ-активисту обратиться в кассационный, а затем и Конституционный суд. """"Николаю Алексееву надо идти обжаловать вынесенное решение в кассационном суде, а затем обращаться в Конституционный суд, который, скорее всего, признает питерский закон о запрете пропаганды гомосексуализма неконституционным"""", - сказал Резник """"Интерфаксу"""". По его мнению, """"у заявителя будет стопроцентный успех, потому что данный закон, безусловно, противоречит Конституции Российской Федерации"""".""",Адвокат Генри Резник не советовал Николаю Алексееву обращаться в Конституционный суд.,"""ЛГБТ-активисту Николаю Алексееву, который был признан виновным в пропаганде гомосексуализма, стоит обратиться в Конституционный суд РФ, считает член Общественной палаты РФ, президент адвокатской палаты Москвы Генри Резник. """"Николаю Алексееву надо идти обжаловать вынесенное решение в кассационном суде, а затем обращаться в Конституционный суд, который, скорее всего, признает питерский закон о запрете пропаганды гомосексуализма неконституционным"""", - сказал Резник в пятницу """"Интерфаксу"""". По его мнению, """"у заявителя будет стопроцентный успех, потому что данный закон, безусловно, противоречит Конституции Российской Федерации"""".""","Адвокат Генри Резник считает, что в Конституционном суде РФ ЛГБТ-активист успешно оспорит обвинение в пропаганде гомосексуализма.",0,0,False,False,False,False,False,False,kept,268
462,641,0.9779,entailment,not_entailment,"""""""Что же разместили на бампере, что на дверях, и какую проблему помогали решать таким образом?"""" Знатоки после минутного обсуждения предположили, что на бампере разместили подушку, а на задних дверях – матрас. Но это был неправильный ответ. Оказалось, что компания предложила размещать на переднем бампере видеокамеры, а изображения с них передавать на мониторы, установленные на задних дверях фуры.""",Знатоки неверно ответили на вопрос.,"""""""Что же разместили на бампере, что на дверях, и какую проблему помогали решать таким образом?"""" Знатоки после минутного обсуждения предположили, что на бампере разместили подушку, а на задних дверях – матрас. Но это был неправильный ответ. Оказалось, что компания предложила размещать на переднем бампере видеокамеры, а изображения с них передавать на мониторы, установленные на задних дверях фуры.""",Знатоки выиграли этот раунд.,1,0,True,False,False,False,False,False,kept,21
697,1869,0.9779,entailment,not_entailment,"""""""Я всегда мечтал играть за """"Барс"""", ничего не изменилось. Я счастлив быть здесь и даже не думаю об уходе. Я не просил о продлении контракта, потому что и так хочу здесь остаться"""".""","""Я хочу остаться в """"Барсе"""".""","""""""Я всегда мечтал играть за """"Барс"""", ничего не изменилось. Я счастлив быть здесь и даже не думаю об уходе. Я не просил о продлении контракта, потому что и так хочу здесь остаться"""".""","""Я устал играть за """"Барс"""".""",1,2,False,False,True,True,False,True,removed_b,13
401,1970,0.9778,entailment,not_entailment,"Предприниматели продолжают устанавливать незаконные постройки, однако власти города на примере Сенной площади уже доказали, что лучше не спорить и убрать свое добро самостоятельно.",Предприниматели иногда возводят строения незаконно.,"Предприниматели продолжают устанавливать незаконные постройки, однако власти города на примере Сенной площади уже доказали, что лучше не спорить и убрать свое добро самостоятельно.",Незаконные постройки устанавливать перестали.,2,0,True,True,False,False,False,False,removed_a,43
451,905,0.9778,entailment,not_entailment,"Здесь выросли несколько куч песка и гравия, которые на легковом авто объехать не представлялось возможным.",Кучи песка и гравия перегородили дорогу машине.,"Здесь выросли несколько куч песка и гравия, которые на легковом авто объехать не представлялось возможным.",Объехать кучи возможно на легковом авто.,2,1,True,True,False,True,False,False,removed_a,37
285,1323,0.9777,not_entailment,entailment,"Кроме того, он заявил, что ассоциация не может считаться независимой, потому что финансируется из-за рубежа.",Ассоциация независима.,"Кроме того, он заявил, что ассоциация не может считаться независимой, потому что финансируется из-за рубежа.","Он напомнил, что расходы ассоциации оплачиваются из-за рубежа.",0,0,False,False,False,False,False,False,kept,47
1033,1139,0.9777,entailment,not_entailment,"""""""Космодром """"Восточный"""" нам нужен, потому что мы приняли решение создать программу независимого доступа в космос"""".""",Мы за независимый доступ в космос.,"""""""Космодром """"Восточный"""" нам нужен, потому что мы приняли решение создать программу независимого доступа в космос"""".""","""Доступ в космос независим от космодрома """"Восточный"""".""",0,0,False,False,False,False,False,False,kept,37
1173,2007,0.9775,entailment,not_entailment,"""Есть еще нерешительная пара  -  экскурсовод и повар придорожного кафе, которым достается сюжет Пиросмани про миллион алых роз. Ну, и, наконец, героиня Анны Михалковой, без промаху продолжающая найденную ранее и успешно продолженную актрисой  в """"Кококо"""" комедийную расшифровку своего таланта. В """"Любви с акцентом"""" она бесстрашно отправляется в """"отпуск по зачатию"""", потому что дома уже совсем не получается.""","""В """"Любви с акцентом"""" у героини  Анны Михалковой совсем не получается зачать дома.""","""Есть еще нерешительная пара  -  экскурсовод и повар придорожного кафе, которым достается сюжет Пиросмани про миллион алых роз. Ну, и, наконец, героиня Анны Михалковой, без промаху продолжающая найденную ранее и успешно продолженную актрисой  в """"Кококо"""" комедийную расшифровку своего таланта. В """"Любви с акцентом"""" она бесстрашно отправляется в """"отпуск по зачатию"""", потому что дома уже совсем не получается.""",Экскурсовод и повар придорожного кафе весьма решительны.,0,2,False,False,False,True,True,False,removed_b,68
194,1540,0.9775,not_entailment,entailment,Таксист поблагодарил водителя трамвая за помощь.,Таксист водил трамвай.,Таксист поблагодарил водителя трамвая за помощь.,Водитель трамвая помог таксисту.,1,1,False,False,True,False,False,True,kept,26
771,790,0.9774,not_entailment,entailment,"""""""Министр Нургалиев начал реформу МВД. Я считаю, что кое-что получилось"""", - отметил Медведев. Тем не менее, он на своем посту не остался, потому что, по выражению премьера, """"пришла пора этот процесс возглавить новому человеку"""".""",Медведев раскритиковал Нургалиева.,"""""""Министр Нургалиев начал реформу МВД. Я считаю, что кое-что получилось"""", - отметил Медведев. Тем не менее, он на своем посту не остался, потому что, по выражению премьера, """"пришла пора этот процесс возглавить новому человеку"""".""",Министр Нургалиев ушел со своего поста.,1,1,True,False,False,True,False,False,kept,32
46,746,0.9773,not_entailment,entailment,"Все это может привести к осложнению оперативной обстановки на автомагистралях, которые проходят через Смоленскую область.",Оперативная обстановка на автомагистралях станет проще.,"Все это может привести к осложнению оперативной обстановки на автомагистралях, которые проходят через Смоленскую область.",Есть риск усложнения оперативной обстановки на автомагистралях.,0,2,False,False,False,True,False,True,removed_b,38
267,1958,0.9773,not_entailment,entailment,"""ЛГБТ-активисту Николаю Алексееву, который был признан виновным в пропаганде гомосексуализма, стоит обратиться в Конституционный суд РФ, считает член Общественной палаты РФ, президент адвокатской палаты Москвы Генри Резник. """"Николаю Алексееву надо идти обжаловать вынесенное решение в кассационном суде, а затем обращаться в Конституционный суд, который, скорее всего, признает питерский закон о запрете пропаганды гомосексуализма неконституционным"""", - сказал Резник в пятницу """"Интерфаксу"""". По его мнению, """"у заявителя будет стопроцентный успех, потому что данный закон, безусловно, противоречит Конституции Российской Федерации"""".""",Адвокат Генри Резник снял с ЛГБТ-активиста обвинения в пропаганде гомосексуализма.,"""Член Общественной палаты РФ, президент адвокатской палаты Москвы Генри Резник рекомендовал ЛГБТ-активисту обратиться в кассационный, а затем и Конституционный суд. """"Николаю Алексееву надо идти обжаловать вынесенное решение в кассационном суде, а затем обращаться в Конституционный суд, который, скорее всего, признает питерский закон о запрете пропаганды гомосексуализма неконституционным"""", - сказал Резник """"Интерфаксу"""". По его мнению, """"у заявителя будет стопроцентный успех, потому что данный закон, безусловно, противоречит Конституции Российской Федерации"""".""","Генри Резник сказал, куда обращаться Николаю Алексееву.",1,0,True,False,False,False,False,False,kept,237
474,1269,0.9771,not_entailment,entailment,"За несколько лет сумма накопилась огромная, но должник не спешил платить.",Сумма копилась веками.,"За несколько лет сумма накопилась огромная, но должник не спешил платить.",Сумма копилась несколько лет.,2,1,True,False,True,False,False,True,removed_a,11
971,2200,0.9769,not_entailment,entailment,"Оказалось, пока ее не было, в доме орудовали воры.",Воры обошли стороной ее дом.,"Оказалось, пока ее не было, в доме орудовали воры.",Воры похозяйничали в ее доме.,0,1,False,False,False,True,False,False,kept,15
158,791,0.9768,not_entailment,entailment,"В Кировской области увеличилось количество коррупционных преступлений, вместе с тем выросла и средняя сумма взятки.",Средняя сумма взятки увеличилась повсеместно.,"В Кировской области увеличилось количество коррупционных преступлений, вместе с тем выросла и средняя сумма взятки.",Коррупция в Кировской области на подъеме.,0,1,False,False,False,True,False,False,kept,34
678,2329,0.9767,entailment,not_entailment,Учредителем центра стала Государственная канцелярия.,Государственная канцелярия выступила в качестве учредителя.,Учредителем центра стала Государственная канцелярия.,Государственная канцелярия учредила несколько центров.,0,0,False,False,False,False,False,False,kept,24
1388,1774,0.9767,entailment,not_entailment,"""""""Не вижу смысла увеличивать число статей Уголовного кодекса, так как там уже есть меры уголовной ответственности в отношении лиц, которые пропагандируют сепаратизм"""".""","Есть меры уголовной ответственности в отношении тех, кто пропагандирует сепаратизм.","""""""Не вижу смысла увеличивать число статей Уголовного кодекса, так как там уже есть меры уголовной ответственности в отношении лиц, которые пропагандируют сепаратизм"""".""",В Уголовном кодексе нужна еще одна статья.,0,0,False,False,False,False,False,False,kept,58
1335,1895,0.9765,entailment,not_entailment,"Мужчина окунулся в бассейн, где у него прихватило сердце.",В бассейне у мужчины стало плохо с сердцем.,"Мужчина окунулся в бассейн, где у него прихватило сердце.","Когда мужчина окунался, у него остановилось сердце.",3,3,True,True,True,True,True,True,removed_both,34
879,1297,0.9763,not_entailment,entailment,"""Миноритарий банка Алексей Навальный заявил тогда, что покупка буровых установок была совершена по завышенной цене и через офшор, собственники или бенефициары которого не известны. """"Я не понимаю, почему весь набсовет ничего не делает (чтобы расследовать сделку). Вы пособники этой кражи, потому что вы получаете деньги, чтобы защищать наши интересы"""".""",Навальный обвинил наблюдательный совет в убийстве.,"""Миноритарий банка Алексей Навальный заявил тогда, что покупка буровых установок была совершена по завышенной цене и через офшор, собственники или бенефициары которого не известны. """"Я не понимаю, почему весь набсовет ничего не делает (чтобы расследовать сделку). Вы пособники этой кражи, потому что вы получаете деньги, чтобы защищать наши интересы"""".""",Навальный обвинил наблюдательный совет в бездействии.,1,3,False,False,True,True,True,True,removed_b,7
1214,2296,0.9761,not_entailment,entailment,"Ноябрь и часть декабря удивили сильными морозами, но сейчас погода стабилизировалась и будет тепло.","Теперь будет жарко, как летом.","Ноябрь и часть декабря удивили сильными морозами, но сейчас погода стабилизировалась и будет тепло.",Теперь будет тепло.,1,2,False,False,True,True,False,True,removed_b,14
2113,2233,0.976,entailment,not_entailment,"Но после того, как первый корпус уронили, его решили заменить вторым.",Первый корпус уронили.,"Но после того, как первый корпус уронили, его решили заменить вторым.",Первый корпус утопили.,1,1,False,False,True,False,False,True,kept,2
640,1158,0.976,not_entailment,entailment,"В воскресенье в Липецкой области потеплеет, сообщают синоптики.",В воскресенье в Липецкой области точно потеплеет.,"В воскресенье в Липецкой области потеплеет, сообщают синоптики.",Синоптики обещали потепление.,1,2,False,False,True,True,False,True,removed_b,34
617,1512,0.9759,entailment,not_entailment,"Между тем в кредитной организации заверили, что проблемы возникли с «незначительным» числом устройств самообслуживания (УС).",В кредитной организации приуменьшили масштаб проблемы.,"Между тем в кредитной организации заверили, что проблемы возникли с «незначительным» числом устройств самообслуживания (УС).",Проблемы возникли с одним из устройств самообслуживания (УС).,2,1,True,True,False,True,False,False,removed_a,52
247,579,0.9759,entailment,not_entailment,"Не откладывать кару в долгий ящик решил уфимский пешеход, и прямо на месте наказал обидчика.",Уфимский пешеход покарал обидчика.,"Не откладывать кару в долгий ящик решил уфимский пешеход, и прямо на месте наказал обидчика.",Пешеход обижает всю Уфу.,0,0,False,False,False,False,False,False,kept,24
913,1792,0.9758,not_entailment,entailment,"Мужчины распивали алкоголь и вдруг поругались. Словами дело не ограничилось. Один из собутыльников схватил кухонный нож и ударил своего соперника. После этого, как ни в чем не бывало он просто ушел из помещения.",Мужчины поругались в процессе работы.,"Мужчины распивали алкоголь и вдруг поругались. Словами дело не ограничилось. Один из собутыльников схватил кухонный нож и ударил своего соперника. После этого, как ни в чем не бывало он просто ушел из помещения.",Перебранка закончилась ударом кухонного ножа.,1,0,True,False,False,False,False,False,kept,35
982,2334,0.9758,not_entailment,entailment,"В четверг, 15 декабря в полицию Екатеринбурга за помощью обратились родители 10-летнего Кости Захаровского. Утром он ушел в школу, а домой так и не вернулся. На телефонные звонки мальчик ответить не мог, так как сотовый был не активен.",В Екатеринбурге нашелся мальчик.,"В четверг, 15 декабря в полицию Екатеринбурга за помощью обратились родители 10-летнего Кости Захаровского. Утром он ушел в школу, а домой так и не вернулся. На телефонные звонки мальчик ответить не мог, так как сотовый был не активен.",10-летний Коля Захаровский не вернулся домой из школы.,2,1,True,False,True,False,False,True,removed_a,42
1725,2266,0.9757,not_entailment,entailment,"Он добавил, что согласно оперативно-розыскным данным, Глуховцев собирался 15 апреля скрыться за пределы РФ, но был задержан. Прокуратура поддержала доводы следствия и попросила суд арестовать фигуранта. Трое потерпевших также призвали суд изолировать обвиняемого, так как они опасаются за свою жизнь.",Фигуранта задержали при попытке купить пистолет.,"Он добавил, что согласно оперативно-розыскным данным, Глуховцев собирался 15 апреля скрыться за пределы РФ, но был задержан. Прокуратура поддержала доводы следствия и попросила суд арестовать фигуранта. Трое потерпевших также призвали суд изолировать обвиняемого, так как они опасаются за свою жизнь.",Потерпевшие опасаются за свою жизнь и требуют ареста обвиняемого.,0,0,False,False,False,False,False,False,kept,51
1727,1816,0.9756,entailment,not_entailment,"В него вошли не только существующие военные конфликты в мире, но и те, которые, по мнению издания, могут возникнуть в новом году.",В новом году издание ожидает новых конфликтов.,"В него вошли не только существующие военные конфликты в мире, но и те, которые, по мнению издания, могут возникнуть в новом году.",В новом году возникнут несущестующие военные конфликты.,1,0,True,False,False,False,False,False,kept,25
61,2271,0.9755,entailment,not_entailment,"В отделение полиции обратился пациент больницы. Он объяснил, что вышел на несколько минут, а когда вернулся, не обнаружил в палате планшет и своего соседа. Как оказалось, пока мужчины не было, другой больной забрал планшет, связал несколько простыней и по ним сбежал через окно.",Пациента обокрали.,"В отделение полиции обратился пациент больницы. Он объяснил, что вышел на несколько минут, а когда вернулся, не обнаружил в палате планшет и своего соседа. Как оказалось, пока мужчины не было, другой больной забрал планшет, связал несколько простыней и по ним сбежал через окно.",Пациента наградили планшетом.,1,1,True,False,False,False,False,True,kept,16
558,949,0.9755,not_entailment,entailment,"Я здесь все взорву! – такую фразу часто можно услышать в захватывающих боевиках. Но вряд ли кто-то обрадуется, когда такое прозвучит от неизвестного человека в обычной жизни.","""Кто-то обрадуется, услышав фразу """"Я здесь все взорву!"""" от неизвестного человека в обычной жизни.""","Я здесь все взорву! – такую фразу часто можно услышать в захватывающих боевиках. Но вряд ли кто-то обрадуется, когда такое прозвучит от неизвестного человека в обычной жизни.","""В боевиках нередко угрожают """"все здесь взорвать"""".""",2,2,True,True,False,True,True,False,removed_both,79
6,1191,0.9755,not_entailment,entailment,"Девушка работала в павильоне торгового центра, где продавала косметику и парфюмерию.",Девушка продавала ткани в торговом центре.,"Девушка работала в павильоне торгового центра, где продавала косметику и парфюмерию.",Девушка продавала парфюм в торговом центре.,2,1,True,False,True,False,False,True,removed_a,6
429,1951,0.9753,entailment,not_entailment,"Мужчины знали, что у бизнесмена всегда при себе имеются деньги.","Мужчины знали, что бизнесмен носит с собою деньги.","Мужчины знали, что у бизнесмена всегда при себе имеются деньги.",У бизнесмена при себе всегда имеются деньги и драгоценности.,1,1,True,False,False,True,False,False,kept,46
43,1565,0.9751,entailment,not_entailment,"Полицейские обнаружили точку, где торговали контрафактным алкоголем.","Полицейские нашли, где преступники торговали контрафактным алкоголем.","Полицейские обнаружили точку, где торговали контрафактным алкоголем.",Полицейские пресекли торговлю фальшивым спиртным.,0,0,False,False,False,False,False,False,kept,37
644,2062,0.9751,entailment,not_entailment,"Как пояснили в пресс-службе городской администрации, в качестве конкурентного преимущества представители бизнеса предлагают использовать технологию «сложения потенциалов», состоящую в создании замкнутых циклов из отдельных разрозненных экономических цепочек.",Представители бизнеса предлагают использовать технологию «сложения потенциалов» в качестве конкурентного преимущества.,"Как пояснили в пресс-службе городской администрации, в качестве конкурентного преимущества представители бизнеса предлагают использовать технологию «сложения потенциалов», состоящую в создании замкнутых циклов из отдельных разрозненных экономических цепочек.",Представители бизнеса ушли из городской администрации ни с чем.,1,0,False,False,True,False,False,False,kept,77
848,1641,0.9751,not_entailment,entailment,"Как оказалось, его убил человек, которому он должен был денег.",Убийство никак не связано с деньгами.,"Как оказалось, его убил человек, которому он должен был денег.",Убийство связано с деньгами.,0,0,False,False,False,False,False,False,kept,9
807,1715,0.9751,not_entailment,entailment,"""Береговой в суде пожаловался на противоправные действия и угрозы со стороны друзей Агафонова. """"После инцидента 15 августа 2011 г. ко мне приезжал молодой человек со стороны Агафонова, он требовал видеозапись с камер наблюдения, - рассказал он. По его словам, угрожавший обещал """"всем устроить, так как побили хорошего человека"""".""",Береговой жаловался на качество видеозаписи.,"""""""После инцидента 15 августа 2011 г. ко мне приезжал молодой человек со стороны Агафонова, он требовал видеозапись с камер наблюдения"""", - рассказал он. По его словам, угрожавший обещал """"всем устроить, так как побили хорошего человека"""". """"Я отказал, так как это могут требовать только правоохранительные органы"""", - сообщил Береговой.""","Береговой рассказал, как с него требовали видеозапись.",2,1,True,False,True,False,False,True,removed_a,216
1066,1162,0.9749,not_entailment,entailment,"О насилии жертва сообщила врачам, когда ей исполнилось 16 лет. Но норвежские медики не имели права передавать эту информацию в полицию или родителям, поскольку формально девочка уже считалась совершеннолетней.","Норвежские медики получили право рассказывать, что их пациентку изнасиловали.","О насилии жертва сообщила врачам, когда ей исполнилось 16 лет. Но норвежские медики не имели права передавать эту информацию в полицию или родителям, поскольку формально девочка уже считалась совершеннолетней.","Девочка ждала до 16 лет, чтобы сообщить о насилии.",0,1,False,False,False,True,False,False,kept,53
1972,2328,0.9749,not_entailment,entailment,"Очевидцы сообщили, что загорелись домашние вещи в одной из квартир.","Очевидцы рассказали, чем закончился пожар.","Очевидцы сообщили, что загорелись домашние вещи в одной из квартир.",Очевидцы рассказали об источнике пожара.,1,0,True,False,False,False,False,False,kept,13
1274,2103,0.9746,entailment,not_entailment,"Там горожане могут купить хвойные деревья и лапник, пишет пресс-служба администрации.","В пресс-службе администрации планируют, что горожане будут покупать там хвойные деревья и лапник.","На них горожане могут купить хвойные деревья и лапник, пишет пресс-служба администрации.",Горожане купили хвойные деревья и лапник.,1,2,False,False,True,True,False,True,removed_b,65
221,1991,0.9746,not_entailment,entailment,"""""""Это решение можно было принять и раньше. Однако о возможности перемен говорили уже давно - это было ожидаемо"""", - сказала Смородская в интервью корреспонденту пресс-центра Министерства спорта РФ. """"На мой взгляд, это движение в правильном направлении, так как оно приводит к здоровой конкуренции"""".""",Смородская осуждает выбранное направление движения.,"""""""Это решение можно было принять и раньше. Однако о возможности перемен говорили уже давно - это было ожидаемо"""", - сказала Смородская в интервью корреспонденту пресс-центра Министерства спорта РФ. """"На мой взгляд, это движение в правильном направлении, так как оно приводит к здоровой конкуренции"""".""",Перемен ждали давно.,1,0,True,False,False,False,False,False,kept,40
746,1350,0.9745,entailment,not_entailment,"Все это может привести к осложнению оперативной обстановки на автомагистралях, которые проходят через Смоленскую область.",Есть риск усложнения оперативной обстановки на автомагистралях.,"Все это может привести к осложнению оперативной обстановки на автомагистралях, которые проходят через Смоленскую область.","На автомагистралях, проходящих через Смоленскую область, сейчас сложная оперативная обстановка.",2,1,True,False,True,True,False,False,removed_a,73
444,2150,0.9744,not_entailment,entailment,"Эвакуировать никого не пришлось, в заведении был выходной.","Был выходной, эвакуировали только сотрудников.","Эвакуировать никого не пришлось, в заведении был выходной.","Был выходной, эвакуировать было некого.",0,1,False,False,False,True,False,False,kept,15
682,1379,0.9742,not_entailment,entailment,"Поэтому они направились в круглосуточный магазин. Но продавец отказалась продать им пиво, так как было слишком поздно. Пока один приятель уговаривал женщину, подозреваемый открыл холодильник и забрал бутылку.",Было слишком поздно для продажи хлеба.,"Поэтому они направились в круглосуточный магазин. Но продавец отказалась продать им пиво, так как было слишком поздно. Пока один приятель уговаривал женщину, подозреваемый открыл холодильник и забрал бутылку.",Второй приятель украл бутылку.,0,1,False,False,False,True,False,False,kept,30
465,1549,0.9738,not_entailment,entailment,"Руки подсудимого были забинтованы и находились не за спиной, как это положено, а спереди. По просьбе мужчины наручники не зажали максимально плотно. Как только украинец был доставлен в суд, наручники сняли.",Подсудимый хотел стать украинцем.,"Руки подсудимого были забинтованы и находились не за спиной, как это положено, а спереди. По просьбе мужчины наручники не зажали максимально плотно. Как только украинец был доставлен в суд, наручники сняли.",Подсудимый был украинцем.,1,2,False,False,True,True,False,True,removed_b,10
1287,1343,0.9737,entailment,not_entailment,"Он отметил, что благоприятная ситуация складывается, потому что быстро срабатывают аварийные бригады, создан необходимый запас резервной техники и топлива.",Необходимый запас резервной техники и топлива уже создан.,"Он отметил, что благоприятная ситуация складывается, потому что быстро срабатывают аварийные бригады, создан необходимый запас резервной техники и топлива.","Он не нашел причин для того, чтобы сложилась благоприятная ситуация.",1,1,False,False,True,False,False,True,kept,55
95,800,0.9735,not_entailment,entailment,"Животное пыталось выбраться, но сил уже не хватало. Девушки подбежали к проруби, начали подзывать собаку к себе. Когда она подплыла поближе, они вытащили ее из воды.",Собака купалась в проруби.,"Животное пыталось выбраться, но сил уже не хватало. Девушки подбежали к проруби, начали подзывать собаку к себе. Когда она подплыла поближе, они вытащили ее из воды.",Девушки спасли собаку из проруби.,0,0,False,False,False,False,False,False,kept,18
997,1092,0.9735,not_entailment,entailment,"""""""Я надеюсь, они услышат. Это касается премий, доходов.... Нужно понимать, в какой стране мы живем, и не раздражать людей"""", - подчеркнул президент. Позже он добавил: """"То, что пресса """"пощипывает"""" представителей крупного бизнеса и чиновников - это хорошо"""".""","""Президент расстроен, что пресса """"пощипывает"""" чиновников и представителей крупного бизнеса.""","""""""Я надеюсь, они услышат. Это касается премий, доходов.... Нужно понимать, в какой стране мы живем, и не раздражать людей"""", - подчеркнул президент. Позже он добавил: """"То, что пресса """"пощипывает"""" представителей крупного бизнеса и чиновников - это хорошо"""".""",Президент предложил не раздражать людей.,2,0,True,True,False,False,False,False,removed_a,70
540,1948,0.9729,not_entailment,entailment,"Они ведь, как известно, и коня на скаку остановят, в горящую избу войдут, а по желанию и в армию отправятся.",Они уже отправились в армию.,"Они ведь, как известно, и коня на скаку остановят, в горящую избу войдут, а по желанию и в армию отправятся.","Известно, что они останавливают коней на скаку.",0,1,False,False,False,True,False,False,kept,35
641,1058,0.9729,not_entailment,entailment,"""""""Что же разместили на бампере, что на дверях, и какую проблему помогали решать таким образом?"""" Знатоки после минутного обсуждения предположили, что на бампере разместили подушку, а на задних дверях – матрас. Но это был неправильный ответ. Оказалось, что компания предложила размещать на переднем бампере видеокамеры, а изображения с них передавать на мониторы, установленные на задних дверях фуры.""",Знатоки выиграли этот раунд.,"Что же разместили на бампере, что на дверях, и какую проблему помогали решать таким образом?» Знатоки после минутного обсуждения предположили, что на бампере разместили подушку, а на задних дверях – матрас. Но это был неправильный ответ. Оказалось, что компания предложила размещать на переднем бампере видеокамеры, а изображения с них передавать на мониторы, установленные на задних дверях фуры.",Знатоки не догадались.,0,1,False,False,False,True,False,False,kept,23
1620,2153,0.9729,not_entailment,entailment,"Кризис стоит рассматривать как хорошую возможность, потому что если остров объединится, то у него появится больший экономический потенциал.",Кризис обязательно рассмотреть как признак полного краха.,"Кризис стоит рассматривать как хорошую возможность, потому что если остров объединится, то у него появится больший экономический потенциал.",Кризис можно рассматривать как положительную возможность.,0,0,False,False,False,False,False,False,kept,34
1461,1848,0.9727,not_entailment,entailment,"Теперь водителям не обязательно будет сразу оплачивать расходы на эвакуацию, и, как следствие, предъявлять документ об оплате также теперь не требуется.","Водители будут оплачивать эвакуацию постепенно, в рассрочку.","Теперь водителям не обязательно будет сразу оплачивать расходы на эвакуацию, и, как следствие, предъявлять документ об оплате также теперь не требуется.",Раньше водители должны были сразу оплатить эвакуацию.,0,0,False,False,False,False,False,False,kept,49
1185,1516,0.9727,entailment,not_entailment,"Я просто об этом даже не думаю, потому что если кто-то что-то захочет, никуда не спрячешься.",Спрятаться не удастся.,"Я просто об этом даже не думаю, потому что если кто-то что-то захочет, никуда не спрячешься.",Я думаю только об этом.,1,1,False,False,True,False,False,True,kept,19
1602,2241,0.9724,entailment,not_entailment,"Подсудимый, в свою очередь, в последнем слове, предоставленном ему судьей, попросил у родственников погибших и потерпевших прощения.",Подсудимый выступал в свою очередь.,"Подсудимый, в свою очередь, в последнем слове, предоставленном ему судьей, попросил у родственников погибших и потерпевших прощения.",Подсудимый выступал вне очереди.,1,1,False,False,True,False,False,True,kept,6
766,1021,0.9721,entailment,not_entailment,"Дело возвращено для устранения препятствий его рассмотрения судом, так как в обвинительном заключении были нарушены права потерпевшего.",В обвинительном заключении были нарушены права потерпевшего.,"Дело возвращено для устранения препятствий его рассмотрения судом, так как в обвинительном заключении были нарушены права потерпевшего.",Дело закрыли.,1,1,False,False,True,False,False,True,kept,49
565,1880,0.9721,not_entailment,entailment,"Как сообщил источник в правоохранительных органах, начальник полиции уже подал рапорт о своем увольнении.",Источник сообщил о местонахождении начальника полиции.,"Как сообщил источник в правоохранительных органах, начальник полиции уже подал рапорт о своем увольнении.",Источник сообщил о решении начальника полиции.,3,1,True,True,True,False,False,True,removed_a,10
746,932,0.9719,entailment,not_entailment,"Все это может привести к осложнению оперативной обстановки на автомагистралях, которые проходят через Смоленскую область.",Есть риск усложнения оперативной обстановки на автомагистралях.,"Все это может привести к осложнению оперативной обстановки на автомагистралях, которые проходят через Смоленскую область.","На автомагистралях, проходящих через Смоленскую область, сейчас простая оперативная обстановка.",2,0,True,False,True,False,False,False,removed_a,74
867,2024,0.9718,entailment,not_entailment,"Циклон уходит в океан, там растворяется.",Циклон рассеивается над океаном.,"Циклон уходит в океан, там растворяется.",Циклон обретает новые силы над океаном.,2,0,True,True,False,False,False,False,removed_a,14
471,2257,0.9715,entailment,not_entailment,"""""""Сегодня это незаконная торговля, потому что это не является товаром для продажи"""".""",Это не товар для продажи.,"""""""Сегодня это незаконная торговля, потому что это не является товаром для продажи"""".""",Сегодня этот товар продается законно.,1,1,False,False,True,False,False,True,kept,24
1086,1382,0.9714,entailment,not_entailment,"""Как сообщили «Комсомольской правде» в пресс-службе музея, выставка получила название """"Добрые друзья детства"""".""","""О названии выставки """"Комсомольская правда"""" узнала у пресс-службы музея.""","Как сообщили «Комсомольской правде» в пресс-службе музея, выставка получила название «Добрые друзья детства».",Выставке не дали название.,1,1,False,False,True,False,False,True,kept,66
344,1876,0.9714,entailment,not_entailment,"Сорокалетнего мужчину задержали прямо в подъезде, в тот момент, когда он выходил из лифта.",Сорокалетний мужчина выходил из лифта.,"Сорокалетнего мужчину задержали прямо в подъезде, в тот момент, когда он выходил из лифта.",Сорокалетнего мужчину не поймали.,1,1,False,False,True,False,False,True,kept,18
543,2247,0.9713,not_entailment,entailment,"При этом использоваться мог только один из них, поскольку второй был недостроенным.",Второй окончательно достроили.,"При этом использоваться мог только один из них, поскольку второй был недостроенным.","Один был достроен, второй нет.",0,1,False,False,False,True,False,False,kept,26
611,1921,0.971,not_entailment,entailment,"Состояние алкогольного опьянения было доказано. А вот водительское удостоверение он предъявить не смог. Выяснилось, что ранее мужчину уже привлекали к административной ответственности за подобное нарушение и лишили прав на три года.",Права пьяный водитель оставил дома.,"Состояние алкогольного опьянения было доказано. А вот водительское удостоверение он предъявить не смог. Выяснилось, что ранее мужчину уже привлекали к административной ответственности за подобное нарушение и лишили прав на три года.",Прав у пьяного водителя не было.,0,1,False,False,False,True,False,False,kept,16
121,1292,0.9709,not_entailment,entailment,"В документах было указанно, что в контейнере находится пряжа.",В контейнере и правда находилась именно пряжа.,"В документах было указанно, что в контейнере находится пряжа.","По документам, в контейнере должна была быть пряжа.",1,1,False,False,True,False,False,True,kept,36
1156,1614,0.9706,entailment,not_entailment,"Фотографии процесса демонтажа уже появились в социальных сетях, и, комментируя их, горожане спрашивают: что же будет построено на этом месте?",Предыдущее строение на этом месте демонтируют.,"Фотографии процесса демонтажа уже появились в социальных сетях, и, комментируя их, горожане спрашивают: что же будет построено на этом месте?",Горожане игнорируют фото демонтажа в соцсетях.,1,1,False,True,False,False,False,True,kept,38
797,1739,0.9705,entailment,not_entailment,"Он обвинялся в убийстве жены, сообщается в пресс-службе областной прокуратуры.",Его обвиняли в смерти супруги.,"Он обвинялся в убийстве жены, сообщается в пресс-службе областной прокуратуры.",Он не мог убить жену.,2,1,True,False,True,False,False,True,removed_a,23
1572,1664,0.9705,entailment,not_entailment,"Ипотека в структуре их кредитных портфелей достигла трети к концу прошлого года, что является историческим максимумом.",Треть их кредитных портфелей составила ипотека.,"Ипотека в структуре их кредитных портфелей достигла трети к концу прошлого года, что является историческим максимумом.",Ипотека не достигла исторического максимума в кредитных портфелях.,1,1,False,False,True,False,False,True,kept,49
365,1687,0.9705,not_entailment,entailment,"Большинством голосов депутаты признали главу государства оставившим свой пост, поскольку посчитали, что он не исполняет свои обязанности.",Глава государства разогнал депутатов.,"Большинством голосов депутаты признали главу государства оставившим свой пост, поскольку посчитали, что он не исполняет свои обязанности.",Депутаты проголосовали.,0,0,False,False,False,False,False,False,kept,28
1147,1857,0.9704,entailment,not_entailment,"Такие победы просто так не даются. У нас уже не было выбора, мы выходили с одной целью, с одной задачей – выиграть.",Мы выиграли.,"Такие победы просто так не даются. У нас уже не было выбора, мы выходили с одной целью, с одной задачей – выиграть.",Мы проиграли.,1,0,True,False,False,False,False,False,kept,3
807,2294,0.9702,not_entailment,entailment,"""Береговой в суде пожаловался на противоправные действия и угрозы со стороны друзей Агафонова. """"После инцидента 15 августа 2011 г. ко мне приезжал молодой человек со стороны Агафонова, он требовал видеозапись с камер наблюдения, - рассказал он. По его словам, угрожавший обещал """"всем устроить, так как побили хорошего человека"""".""",Береговой жаловался на качество видеозаписи.,"""""""После инцидента 15 августа 2011 г. ко мне приезжал молодой человек со стороны Агафонова, он требовал видеозапись с камер наблюдения"""", - рассказал он. По его словам, угрожавший обещал """"всем устроить, так как побили хорошего человека"""". """"Я отказал, так как это могут требовать только правоохранительные органы"""", - сообщил Береговой.""",Береговой не отдал запись молодому человеку.,2,3,True,False,True,True,True,True,removed_both,213
21,1078,0.97,not_entailment,entailment,"Как рассказали «Комсомольской правде» в пресс-службе администрации города, на том участке наконец появился светофор.",Светофор исчез.,"Как рассказали «Комсомольской правде» в пресс-службе администрации города, на том участке наконец появился светофор.",Светофор установлен.,0,2,False,False,False,True,False,True,removed_b,8
21,1571,0.9697,not_entailment,entailment,"Как рассказали «Комсомольской правде» в пресс-службе администрации города, на том участке наконец появился светофор.",Светофор исчез.,"Как рассказали «Комсомольской правде» в пресс-службе администрации города, на том участке наконец появился светофор.",Светофора ждали долго.,0,2,False,False,False,True,False,True,removed_b,11
745,1454,0.9696,not_entailment,entailment,"Правда, некоторые даже не подозревают, что на них что-то висит.",На всех что-то висит.,"Правда, некоторые даже не подозревают, что на них что-то висит.",Некоторые подозревают что на них что-то висит.,0,0,False,False,False,False,False,False,kept,28
505,1121,0.9695,entailment,not_entailment,"По итогам конкурса будет принято решение о предоставлении данных пляжных территорий претендентам, которые предоставили наилучшие условия благоустройства.","Конкурс покажет, кому достанутся пляжи.","По итогам конкурса будет принято решение о предоставлении данных пляжных территорий претендентам, которые предоставили наилучшие условия благоустройства.",Пляжные территории не достанутся претендентам.,0,0,False,False,False,False,False,False,kept,31
217,276,0.9693,entailment,not_entailment,"Таким образом, он решил отомстить фермеру, за то, что стал фигурантом уголовного дела, украв у него козу.","Украл у фермера козу, попался и решил за это отомстить.","Таким образом, он решил отомстить фермеру, за то, что стал фигурантом уголовного дела, украв у него козу.",На него завели административное дело.,0,0,False,False,False,False,False,False,kept,43
393,1693,0.969,entailment,not_entailment,"""Верзилов отметил, что его жена в целом удовлетворительно оценивает условия, в которых сейчас находится. """"Она говорит, что достаточно мало видела, поскольку больница большая, но в целом она удовлетворена отношением сотрудников, наличием нормального оборудования"""".""",Верзилов рассказал о впечатлениях жены от больницы.,"""Верзилов отметил, что его жена в целом удовлетворительно оценивает условия, в которых сейчас находится. """"Она говорит, что достаточно мало видела, поскольку больница большая, но в целом она удовлетворена отношением сотрудников, наличием нормального оборудования"""".""",Жена Верзилова построила больницу.,1,2,False,False,True,True,False,True,removed_b,34
385,1310,0.9686,entailment,not_entailment,"Как выяснилось, женщина выпала из окна собственной квартиры.",Женщина упала из окна квартиры.,"Как выяснилось, женщина выпала из окна собственной квартиры.",Женщину выбросили из окна.,1,1,False,False,True,True,False,False,kept,18
1795,1897,0.9686,entailment,not_entailment,"О произошедшем правоохранителям сообщил 40-летний хозяин машины. В содеянном полицейские заподозрили 35-летнего местного жителя. Однако задержать его не удалось, потому что мужчина скрылся.",Подозреваемый скрылся.,"О произошедшем правоохранителям сообщил 40-летний хозяин машины. В содеянном полицейские заподозрили 35-летнего местного жителя. Однако задержать его не удалось, потому что мужчина скрылся.",Подозреваемому пятнадцать лет.,0,0,False,False,False,False,False,False,kept,16
635,2114,0.9685,entailment,not_entailment,"Если раньше редакции только гадали, сколько человек реально читают газету, какой у них возраст и какие темы нравятся больше всего, то сейчас все изменилось.","Теперь редакции могут не только гадать, сколько человек реально читают газету, какой у них возраст и какие темы нравятся больше всего.","Если раньше редакции только гадали, сколько человек реально читают газету, какой у них возраст и какие темы нравятся больше всего, то сейчас все изменилось.",Раньше редакциям жилось лучше.,2,1,True,False,True,False,False,True,removed_a,114
429,2014,0.9685,entailment,not_entailment,"Мужчины знали, что у бизнесмена всегда при себе имеются деньги.","Мужчины знали, что бизнесмен носит с собою деньги.","Мужчины знали, что у бизнесмена всегда при себе имеются деньги.","Мужчинам кто-то сказал, что у бизнесмена всегда имеются при себе деньги.",1,0,True,False,False,False,False,False,kept,35
542,1100,0.9684,not_entailment,entailment,"Пострадавший пробирался между вагонами состава, когда поезд начал движение.",Человек не пострадал.,"Пострадавший пробирался между вагонами состава, когда поезд начал движение.",Пострадавший пробирался между вагонами поезда.,0,1,False,False,False,False,False,True,kept,38
262,365,0.9681,entailment,not_entailment,"Большинством голосов депутаты признали главу государства оставившим свой пост, поскольку посчитали, что он не исполняет свои обязанности.","Депутаты посчитали, что глава государства своих обязанностей не выполняет.","Большинством голосов депутаты признали главу государства оставившим свой пост, поскольку посчитали, что он не исполняет свои обязанности.",Глава государства разогнал депутатов.,0,0,False,False,False,False,False,False,kept,51
1154,2336,0.9673,entailment,not_entailment,"""Но в принципе, считаю, нам неизбежно придется когда-то отказываться и от некоторых из проинвестированных проектов. Потому что особенно по высокотехнологичным проектам рано или поздно может возникать очень коварная менеджерская альтернатива. Все понимают, что проект """"не пошел"""", но поскольку в него уже вложены средства, очень страшно назвать кошку - кошкой.""","""От """"мертвого"""" проекта трудно отказаться, когда в него уже вложены деньги.""","""Но в принципе, считаю, нам неизбежно придется когда-то отказываться и от некоторых из проинвестированных проектов. Потому что особенно по высокотехнологичным проектам рано или поздно может возникать очень коварная менеджерская альтернатива. Все понимают, что проект """"не пошел"""", но поскольку в него уже вложены средства, очень страшно назвать кошку - кошкой.""",Мы сохраним все проекты.,0,0,False,False,False,False,False,False,kept,65
1239,1831,0.967,entailment,not_entailment,"Так как у мужчины не было постоянного заработка, ему пришлось взять кредит в банке.",Мужчина взял кредит в банке.,"Так как у мужчины не было постоянного заработка, ему пришлось взять кредит в банке.",Мужчина взял два кредита в банке.,2,1,False,True,True,False,False,True,removed_a,5
1766,2082,0.9669,not_entailment,entailment,"Напомним, трое слуг народа выдвинули инициативу отмены прямых выборов мэра.",Трое депутатов сняли мэра с должности.,"Напомним, трое слуг народа выдвинули инициативу отмены прямых выборов мэра.",Трое депутатов хотят отменить прямые выборы мэра.,0,2,False,False,False,True,False,True,removed_b,28
1604,1763,0.9667,entailment,not_entailment,"Все улицы, которые будут переименованы, находятся на окраинах города.",Улицы в центре пока переименованы не будут.,"Все улицы, которые будут переименованы, находятся на окраинах города.",Также будет переименована одна центральная улица.,1,0,True,False,False,False,False,False,kept,36
4,214,0.9665,not_entailment,entailment,"Это должно дать свой результат - поголовье птиц станет в два раза больше, считают специалисты.",Специалисты пересчитают поголовье птиц другим способом.,"Это должно дать свой результат - поголовье птиц станет в два раза больше, считают специалисты.","Специалисты верят, что птиц будет больше.",1,1,False,False,True,False,False,True,kept,28
1234,2004,0.9663,not_entailment,entailment,"Стало известно, где собираются отмечать праздник Крещения Господня первые лица региона.",Первые лица региона не отмечают Крещение.,"Стало известно, где собираются отмечать праздник Крещения Господня первые лица региона.",Первые лица региона отметят Крещение.,1,2,False,False,True,True,False,True,removed_b,6
96,1103,0.9658,not_entailment,entailment,"Я бы дал деньги на командировки, потому что спортивный журналист здесь сидеть не должен, он должен ездить.",У меня нет денег на командировки.,"Я бы дал деньги на командировки, потому что спортивный журналист здесь сидеть не должен, он должен ездить.","Спортивный журналист должен ездить, а не сидеть.",1,2,False,False,True,True,False,True,removed_b,37
599,1857,0.9658,entailment,not_entailment,"Такие победы просто так не даются. У нас уже не было выбора, мы выходили с одной целью, с одной задачей – выиграть.","Мы победили, потому что у нас не было выбора.","Такие победы просто так не даются. У нас уже не было выбора, мы выходили с одной целью, с одной задачей – выиграть.",Мы проиграли.,0,0,False,False,False,False,False,False,kept,37
2062,2261,0.9656,not_entailment,entailment,"Как пояснили в пресс-службе городской администрации, в качестве конкурентного преимущества представители бизнеса предлагают использовать технологию «сложения потенциалов», состоящую в создании замкнутых циклов из отдельных разрозненных экономических цепочек.",Представители бизнеса ушли из городской администрации ни с чем.,"Как пояснили в пресс-службе городской администрации, в качестве конкурентного преимущества представители бизнеса предлагают использовать технологию «сложения потенциалов», состоящую в создании замкнутых циклов из отдельных разрозненных экономических цепочек.",«Сложение потенциалов» - это создание замкнутых циклов из отдельных разрозненных экономических цепочек.,0,1,False,False,False,False,False,True,kept,78
17,968,0.9647,not_entailment,entailment,"""У болельщиков ярославского футбольного клуба """"Шинник"""" - радость: можно будет сходить и посмотреть, как тренируется любимая команда.""",Ярославских болельщиков пустят на тренировки детской сборной.,"""У болельщиков ярославского футбольного клуба """"Шинник"""" - радость: можно будет сходить и посмотреть, как тренируется любимая команда.""",Ярославских болельщиков пустят на тренировки.,0,1,False,False,False,True,False,False,kept,16
242,503,0.9646,entailment,not_entailment,"Получить деньги он не успел, был задержан.",Он так и не подержал в руках деньги.,"Получить деньги он не успел, был задержан.",Он получил деньги и попался.,2,0,True,True,False,False,False,False,removed_a,26
450,1576,0.9646,not_entailment,entailment,"По версии следствия, он ворвался в офис и угрожал работникам ножом.","Следствие предполагает, что в офисе работал человек с ножом.","По версии следствия, он ворвался в офис и угрожал работникам ножом.",У следствия есть версия нападения на офис.,0,0,False,False,False,False,False,False,kept,42
1,4,0.9644,entailment,not_entailment,"Это должно дать свой результат - поголовье птиц станет в два раза больше, считают специалисты.",Специалисты планируют рост поголовья птиц.,"Это должно дать свой результат - поголовье птиц станет в два раза больше, считают специалисты.",Специалисты пересчитают поголовье птиц другим способом.,1,1,False,False,True,False,False,True,kept,28
53,643,0.9644,entailment,not_entailment,"Техника была наготове, но приступить к расчистке дороги она не могла из-за скопившегося на ней транспорта. Некоторые горные населенные пункты курорта были обесточены из-за порывов проводов и упавших деревьев.",Дело было на курорте.,"Техника была наготове, но приступить к расчистке дороги она не могла из-за скопившегося на ней транспорта. Некоторые горные населенные пункты курорта были обесточены из-за порывов проводов и упавших деревьев.",Дело было в столице.,0,0,False,False,False,False,False,False,kept,8
78,854,0.9639,entailment,not_entailment,"В метро люди, не задумываясь, заявляют о том, что у них или у их друзей в сумке находится взрывное устройство.",В метро люди заявляют о взрывном устройстве.,"В метро люди, не задумываясь, заявляют о том, что у них или у их друзей в сумке находится взрывное устройство.",В метро люди разыгрывают знакомых.,1,1,False,False,True,False,False,True,kept,24
1499,1625,0.9635,entailment,not_entailment,"Женщина успела закрыться в подсобном помещении, откуда вызвала полицию.",Женщина спряталась в подсобке.,"Женщина успела закрыться в подсобном помещении, откуда вызвала полицию.",Полиция сидела в подсобном помещении.,3,2,True,True,True,True,False,True,removed_both,26
534,2292,0.9626,entailment,not_entailment,"На вопрос классного руководителя о причинах их появления мальчик ответил, что подрался со старшим братом.",У мальчика были синяки или ссадины.,"На вопрос классного руководителя о причинах их появления мальчик ответил, что подрался со старшим братом.",Мальчик подрался.,3,2,True,True,True,True,False,True,removed_both,25
153,567,0.9626,entailment,not_entailment,"Как выяснилось, надзорное ведомство провело проверку сведений, содержащихся в представлении мирового судьи о наличии у девушки медицинских противопоказаний для управления транспортными средствами.","Судья сделал представление о том, что девушке по медицинским противопоказаниям нельзя управлять машиной.","Как выяснилось, надзорное ведомство провело проверку сведений, содержащихся в представлении мирового судьи о наличии у девушки медицинских противопоказаний для управления транспортными средствами.",Надзорное ведомство не проверило сведения.,0,0,False,False,False,False,False,False,kept,81
389,1022,0.9621,not_entailment,entailment,"На заседании областного Совета при губернаторе по развитию физической культуры и спорта чиновники отметили, что прошедший год был для отрасли успешным.",Прошедший год был для отрасли лучшим.,"На заседании областного Совета при губернаторе по развитию физической культуры и спорта чиновники отметили, что прошедший год был для отрасли успешным.",В областном Совете при губернаторе прошло заседание по развитию физической культуры и спорта.,3,1,True,True,True,False,False,True,removed_a,74
1490,2068,0.9618,entailment,not_entailment,"Разговорившись с одноклассницей, мужчина узнал, что та хотела бы перебраться поближе к морю.",Одноклассница мечтала жить у моря.,"Разговорившись с одноклассницей, мужчина узнал, что та хотела бы перебраться поближе к морю.",Одноклассница перебралась поближе к морю.,2,0,True,True,False,False,False,False,removed_a,15
1417,1936,0.9612,not_entailment,entailment,"Женщина сообщила, что стала жертвой обмана.","Жертва обмана сообщила, что стала женщиной.","Женщина сообщила, что стала жертвой обмана.",Женщина пожаловалась на обман.,2,1,True,True,False,False,False,True,removed_a,31
534,2248,0.9605,entailment,not_entailment,"На вопрос классного руководителя о причинах их появления мальчик ответил, что подрался со старшим братом.",У мальчика были синяки или ссадины.,"На вопрос классного руководителя о причинах их появления мальчик ответил, что подрался со старшим братом.",Мальчик подрался со старшим братом.,3,2,True,True,True,True,False,True,removed_both,26
1241,1602,0.9603,not_entailment,entailment,"Подсудимый, в свою очередь, в последнем слове, предоставленном ему судьей, попросил у родственников погибших и потерпевших прощения.",Подсудимому не дали права на последнее слово.,"Подсудимый, в свою очередь, в последнем слове, предоставленном ему судьей, попросил у родственников погибших и потерпевших прощения.",Подсудимый выступал в свою очередь.,1,1,False,False,True,False,False,True,kept,29
1480,1770,0.9603,entailment,not_entailment,"Женщина настаивала на том, чтобы мужчину лишили родительских прав.",Женщина хотела лишить мужчину родительских прав.,"Женщина настаивала на том, чтобы мужчину лишили родительских прав.",Женщина хотела лишить мужчину водительских прав.,0,1,False,False,False,True,False,False,kept,1
1171,1320,0.9603,entailment,not_entailment,"В регионе будут колебания атмосферного давления, которые спровоцируют головные боли и боли в области сердца.",Метеозависимым в регионе придется несладко.,"В регионе будут колебания атмосферного давления, которые спровоцируют головные боли и боли в области сердца.",У всех жителей региона будут головные боли и боли в области сердца.,2,0,True,True,False,False,False,False,removed_a,51
2065,2130,0.9601,entailment,not_entailment,"Против мужчины, который во вторник угрожал ножом водителю медицинского транспорта, возбудили уголовное дело.",Во вторник мужчина угрожал ножом водителю медицинского транспорта.,"Против мужчины, который во вторник угрожал ножом водителю медицинского транспорта, возбудили уголовное дело.",Мужчина угрожал ножом водителю трамвая.,1,1,False,False,True,False,False,True,kept,32
848,935,0.9601,not_entailment,entailment,"Как оказалось, его убил человек, которому он должен был денег.",Убийство никак не связано с деньгами.,"Как оказалось, его убил человек, которому он должен был денег.","Выяснилось, кто его убил.",0,0,False,False,False,False,False,False,kept,29
414,883,0.9591,not_entailment,entailment,"Она рассказала, что поймала на дороге машину, чтобы поехать на работу.",Она не хотела на работу.,"Она рассказала, что поймала на дороге машину, чтобы поехать на работу.",Она хотела поехать на работу.,1,2,False,False,True,True,False,True,removed_b,10
1781,1835,0.9579,not_entailment,entailment,"Искренне разделяем Вашу боль и передаем слова сочувствия и поддержки Вам и Вашим родным. Примите наши искренние соболезнования. В эту горькую минуту разделяем Ваше горе, скорбим вместе с Вами.",Кто-то выздоровел.,"Искренне разделяем Вашу боль и передаем слова сочувствия и поддержки Вам и Вашим родным. Примите наши искренние соболезнования. В эту горькую минуту разделяем Ваше горе, скорбим вместе с Вами.",Эта минута является горькой и скорбной.,0,0,False,False,False,False,False,False,kept,31
643,1083,0.9577,not_entailment,entailment,"Техника была наготове, но приступить к расчистке дороги она не могла из-за скопившегося на ней транспорта. Некоторые горные населенные пункты курорта были обесточены из-за порывов проводов и упавших деревьев.",Дело было в столице.,"Техника была наготове, но приступить к расчистке дороги она не могла из-за скопившегося на ней транспорта. Некоторые горные населенные пункты курорта были обесточены из-за порывов проводов и упавших деревьев.",Скопившийся транспорт мешал расчистить дорогу.,0,0,False,False,False,False,False,False,kept,38
87,1322,0.9567,entailment,not_entailment,"Они искали места, где незаконно продают выпивку.",Они искали места незаконной продажи спиртного.,"Они искали места, где незаконно продают выпивку.",Они искали места незаконной продажи сигарет.,1,2,False,False,True,True,False,True,removed_b,7
555,794,0.9555,not_entailment,entailment,"Промышленные предприятия, организации и учреждения создали новые новогодние композиции и украсили деревья.","Все промышленные предприятия, организации и учреждения закрываются на Новый год.","Промышленные предприятия, организации и учреждения создали новые новогодние композиции и украсили деревья.",Предприятия и организации готовятся к Новому году.,0,1,False,False,False,True,False,False,kept,46
175,562,0.9547,not_entailment,entailment,"Вину женщина признала частично признала. Мотивом к совершению преступлений была ревность. Похищенные вещи обвиняемая считала своими, так как они были куплены на ее деньги, - рассказали в пресс-службе областной прокуратуры.",Женщина украла сердце.,"Вину женщина признала частично признала. Мотивом к совершению преступлений была ревность. Похищенные вещи обвиняемая считала своими, так как они были куплены на ее деньги, - рассказали в пресс-службе областной прокуратуры.",Обвиняемая признала часть вины.,1,1,False,False,True,False,False,True,kept,22
1148,1179,0.9541,not_entailment,entailment,"Было видно, что мужчина умер не своей смертью.",Мужчина умер чужой смертью.,"Было видно, что мужчина умер не своей смертью.","По мужчине видно, что ему помогли умереть.",0,0,False,False,False,False,False,False,kept,26
875,1151,0.9534,not_entailment,entailment,"Теперь об отсутствии таблички напоминают только куски осыпавшейся побелки на полу. – Им пришлось исправить, подбелить стену по краям, – отмечают в музее. – Потому что вырывали «с мясом», была дыра.",На полу планетария - побелка.,"Теперь об отсутствии таблички напоминают только куски осыпавшейся побелки на полу. – Им пришлось исправить, подбелить стену по краям, – отмечают в музее. – Потому что вырывали «с мясом», была дыра.",На полу музея - побелка.,1,2,False,False,True,True,False,True,removed_b,8
77,1745,0.9518,entailment,not_entailment,"Как рассказали «Комсомольской правде» в пресс-службе, одним из вопросов стало рассмотрение показателей бюджета города.","В пресс-службе отметили, что показатели городского бюджета попали на рассмотрение.","Как рассказали «Комсомольской правде» в пресс-службе, одним из вопросов стало рассмотрение показателей бюджета города.","В пресс-службе отметили, что у города нет бюджета.",0,1,False,False,False,True,False,False,kept,38
175,2049,0.9502,not_entailment,entailment,"Вину женщина признала частично признала. Мотивом к совершению преступлений была ревность. Похищенные вещи обвиняемая считала своими, так как они были куплены на ее деньги, - рассказали в пресс-службе областной прокуратуры.",Женщина украла сердце.,"Вину женщина признала частично признала. Мотивом к совершению преступлений была ревность. Похищенные вещи обвиняемая считала своими, так как они были куплены на ее деньги, - рассказали в пресс-службе областной прокуратуры.",Женщина украла вещи.,1,1,False,False,True,False,False,True,kept,5
1336,1386,0.9502,entailment,not_entailment,"Всех пострадавших медики доставили в ближайшую больницу. Областной главк полиции сообщает, что водители находились в трезвом состоянии. По факту дорожного инцидента проводится проверка, после которой примут соответствующее процессуальное решение.",Пострадавшие попали в ближайшую клинику.,"«Скорая помощь» доставила их в больницу, после оказания необходимой помощи медики приняли решение об их госпитализации. Оба водителя были трезвыми. Региональный главк полиции сообщает, что по факту дорожного инцидента проводится проверка, по результатам которой будет принято процессуальное решение.",Водителей госпитализировали из-за трезвости.,1,1,False,False,True,True,False,False,kept,205
