premise,hypothesis,label,reason,votes
"Девушка работала в павильоне торгового центра, где продавала косметику и парфюмерию.",Девушка продавала ткани в торговом центре.,not_entailment,diff_target_confirmed,2
"Преступник ударил в живот сначала одну сестру, потом вторую, после чего зачем-то повел младшую в неизвестном направлении. На улице девушка стала говорить, что ей плохо. Тогда парень разбил окно в одном из домов, затащил ее туда, но, услышав, что кто-то идет, сбежал.",На улице девушке стало плохо.,not_entailment,diff_target_confirmed,3
"У троих участников драки диагностированы различные травмы. Что интересно, в полиции все они заявили, что претензий друг к другу не имеют.",Участники драки заявили друг на друга в полицию.,not_entailment,diff_target_confirmed,2
"В среду, 9 ноября, глава ведомства Александр Нерадько сказал журналистам, что Росавиация готова отложить принятие решение об аннулировании лицензии дискаунтера на три месяца.",В среду Нерадько общался с журналистами.,entailment,diff_target_confirmed,2
"Только жители региона могут по-настоящему оценивать работу губернатора, а не журналисты, считает глава Мурманской области Марина Ковтун. Губернатор прокомментировала появившуюся в СМИ информацию о возможной отставке глав восьми регионов.","Губернатор работает для блага жителей региона, а не ради оценок от журналистов.",entailment,diff_target_confirmed,2
"Прошу подойти ответственно к этому вопросу. Поставить галочку и забыть — не выйдет. Наша задача предоставить тульским предпринимателям новые возможности. Что губернатор сказал про медицину, читайте здесь.",Вопрос требует ответственного подхода.,entailment,diff_target_confirmed,2
"""""""И это не огульное заявление, а информация, основанная на адекватных научных исследованиях. Но это не значит, что мы снимаем контроль, наоборот. Мы продолжаем наблюдения и усиливаем эту работу, поскольку это может проявиться через несколько лет"""", - сообщил тогда врач.""",Врач пообещал снять наблюдение.,not_entailment,diff_target_confirmed,2
"Судебные журналисты у нас были хорошо подготовлены, с хорошим языком, игравшие важную роль в развитии судебной системы. Если вы специализируетесь на земле, ничего в этом зазорного нет. Ваш вопрос крайне важен, потому что вопрос земли - это вопрос социальной справедливости.",Вы специализируетесь на земле.,not_entailment,diff_target_confirmed,3
"Прокурор просит огласить показания ключаря храма Христа Спасителя Михаила Рязанцева. По его словам, сам свидетель не может явиться в суд, потому что находится в командировке.",Свидетелем был прокурор.,not_entailment,diff_target_confirmed,2
"Видел я его в тот вечер при задержании: спокойный, как удав, сидел в машине. Теперь дурачком решил прикинуться? В магазине было несколько покупателей, ищу очевидцев, вдруг это следствию поможет.",Ищу покупателей.,not_entailment,diff_target_confirmed,2
"Во время праздничной церемонии в муниципалитете он заявил, что главными задачи для него является максимальное использование всех возможностей в области предпринимательства и экономического развития.",Он сделал заявление в муниципалитете.,entailment,same_target_duplicate,1
"В Ульяновской области появится региональный закон «О технологической долине», который станет основополагающим в создании «умного региона».",В Ульяновской области готовят закон для переименования в «умный регион».,not_entailment,diff_target_confirmed,2
"Как рассказывает в одной из социальных сетей очевидец происшествия, бабушка выходила из автобуса №41, когда его двери неожиданно захлопнулись, и нога пенсионерки оказалась в капкане.",Автобус №41 защемил бабушкину ногу.,entailment,diff_target_confirmed,2
"Обе купюры оказались поддельными. - По данным фактам проводятся проверки, - заверили в полиции. Стражи порядка также напоминают, что в случае, если к вам в руки попала фальшивая купюра, нужно сразу же обратиться в полицию.",Две купюры кто-то подделал.,entailment,diff_target_confirmed,2
"Преступник ударил в живот сначала одну сестру, потом вторую, после чего зачем-то повел младшую в неизвестном направлении. На улице девушка стала говорить, что ей плохо. Тогда парень разбил окно в одном из домов, затащил ее туда, но, услышав, что кто-то идет, сбежал.",Преступник ударил сестер по очереди.,entailment,diff_target_confirmed,2
"""""""Это серьезная прибавка"""", - сказал журналистам в пятницу экс-глава Минфина, который приехал на конференцию в Женеву по приглашению Паскаля Лами. """"Больше сможем производить, больше рабочих мест и инвестиций. Потому что сможем торговать на других рынках более свободно, можем расширять производства более смело"""", - отметил он.""",Экс-глава Минфина рад перспективам расширения производства и торговли.,entailment,same_target_duplicate,0
"По следам, оставленным на месте преступления, было установлено, что налетчиком является 38-летний ранее судимый мужчина. Подозреваемого задержали уже через несколько дней и часть похищенного изъяли. Он рассказал полицейским, что сознательно пошел на ограбление.","По следам было видно, что налетчика судили ранее.",not_entailment,diff_target_confirmed,2
"Это должно дать свой результат - поголовье птиц станет в два раза больше, считают специалисты.","Специалисты верят, что птиц будет больше.",entailment,same_target_duplicate,1
"Как сообщает пресс-служба городской администрации, ремонтная бригада производит замену задвижки в камере, принадлежащей «Т Плюс» в районе стадиона «Динамо».","""Как минимум одна из камер в районе стадиона """"Динамо"""" принадлежит """"Т Плюс"""".""",entailment,diff_target_confirmed,2
"Соревнования прошли в бескомпромиссной борьбе, но в этот день случилось более знаковое событие, которое затмило все остальные.",События были бескомпромиссными,not_entailment,diff_target_confirmed,3
"Сначала необходимо законсервировать здание, просушить - здесь полно воды, провести экспертизу и понять, сколько это будет стоить, и начинать ремонт.",В здании недостаточно воды.,not_entailment,diff_target_confirmed,2
"""""""На машине Айрата  Мардеева с целью улучшения развесовки мы поменяли расположение топливного бака - поставили его вдоль рамы и максимально сместили назад. Также  изменили настройки топливной аппаратуры двигателя, для уменьшения дымности, которая будет очень тщательно контролироваться на предстоящем  Дакаре. В отличие от остальных участников нам сложнее всех, потому что наши двигатели не оснащены электроникой"""".""",Двигатели остальных участников оснащены электроникой.,entailment,same_target_duplicate,0
"Получить деньги он не успел, был задержан.",Он так и не подержал в руках деньги.,entailment,diff_target_confirmed,2
"""Голкипер """"Барыса"""" и сборной Казахастана Алексей Иванов заявил, что после полутора недель сборов в астанинской команде ему указали на дверь. """"Барыс"""" разорвал со мной контракт без объяснения причин. Поскольку это было сделано в одностороннем порядке, мне теперь должны выплатить компенсацию"""".""","""""""Барыс"""" выгнал Алексея Иванова.""",entailment,same_target_duplicate,1
"""ЛГБТ-активисту Николаю Алексееву, который был признан виновным в пропаганде гомосексуализма, стоит обратиться в Конституционный суд РФ, считает член Общественной палаты РФ, президент адвокатской палаты Москвы Генри Резник. """"Николаю Алексееву надо идти обжаловать вынесенное решение в кассационном суде, а затем обращаться в Конституционный суд, который, скорее всего, признает питерский закон о запрете пропаганды гомосексуализма неконституционным"""", - сказал Резник в пятницу """"Интерфаксу"""". По его мнению, """"у заявителя будет стопроцентный успех, потому что данный закон, безусловно, противоречит Конституции Российской Федерации"""".""",Адвокат Генри Резник снял с ЛГБТ-активиста обвинения в пропаганде гомосексуализма.,not_entailment,same_target_duplicate,1
"Будучи нетрезвым, он не справился с управлением. Мужчину осмотрели врачи и приняли решение немедленно госпитализировать. Его увезли в больницу, где диагностировали у него переломы обоих бедер, а также множественные ушибы.",Мужчина сломал себе оба бедра и поэтому не справился с управлением.,not_entailment,same_target_duplicate,0
"""""""Система аккредитации - это ключевой инструмент допуска на рынок. Мы сейчас готовим закон об аккредитации, который весной хотим внести в Госдуму"""", - сказала она. """"Этот закон очень важен, потому что он будет предусматривать переход на международные стандарты аккредитации"""", - сказала она.""",Она сказала о бесполезности закона.,not_entailment,diff_target_confirmed,2
"""""""Пишу сюда, потому что надоело отвечать одно и то же: никто ко мне не обращался"""".""",Я устал отвечать одно и то же.,entailment,same_target_duplicate,0
"""""""От своих действий я не отказываюсь, я стрелял, но, видит Бог, ничьей смерти я не хотел. Я просто хотел предотвратить нападение на меня, - сказал Черкесов. - Я ходатайствовал о суде присяжных, потому что хотел, чтобы меня судил народ"""".""","Черкесов утверждает, что не хотел ничьей смерти.",entailment,diff_target_confirmed,2
"Мужчина опубликовал в Интернете музыкальные записи, которые имели экстремистский подтекст.",Мужчина опубликовал музыкальные записи в Сети с экстремистским подтекстом.,not_entailment,diff_target_confirmed,3
"Видел я его в тот вечер при задержании: спокойный, как удав, сидел в машине. Теперь дурачком решил прикинуться? В магазине было несколько покупателей, ищу очевидцев, вдруг это следствию поможет.",Я нашел очевидцев.,not_entailment,same_target_duplicate,1
"Чиновники обещают, что все бригады будут функционировать в круглосуточном режиме «Повышенной готовности».","Есть вероятность, что все будет так, как обещали чиновники.",entailment,diff_target_confirmed,2
"""Возраст людей определить не смог. Их лица были закрыты капюшонами, - рассказал журналисту """"Комсомольской правды""""-Саратов один из автолюбителей, проезжавших на мосту. - Со стороны обоих городов образовалась пробка, так как прибывшие машины спасателей и полиции перегородили полосу движения.""",Люди прятали лица под капюшонами.,entailment,diff_target_confirmed,3
"На заседании областного Совета при губернаторе по развитию физической культуры и спорта чиновники отметили, что прошедший год был для отрасли успешным.",Прошедший год был для отрасли лучшим.,not_entailment,diff_target_confirmed,3
"Предприниматели продолжают устанавливать незаконные постройки, однако власти города на примере Сенной площади уже доказали, что лучше не спорить и убрать свое добро самостоятельно.",Предприниматели иногда возводят строения незаконно.,entailment,diff_target_confirmed,2
"После этого мужчина развернулся и поспешно покинул здание вокзала. Стражам порядка такое поведение показалось подозрительным, и они задержали мужчину. При личном досмотре, выяснилось, что у него в нагрудном кармане лежат семь патронов.",Мужчина украл из здания вокзала семь патронов.,not_entailment,diff_target_confirmed,2
"Видимо, ему стало скучно в незнакомом городе, и он решил развлечься. Мужчина посчитал, что его не найдут, позвонил в полицию и рассказал, что одна из улиц города заминирована. - Сотрудниками полиции данный звонок был проверен, установлено, что вызов ложный, возбуждено уголовное дело, - комментируют в пресс-службе суда.",Одна из улиц города была заминирована.,not_entailment,diff_target_confirmed,2
"""""""Я попросил их продолжать работу и не снижать темпов, крайне противно было"""", — посетовал глава президентской администрации. """"Ну, терпел. Я не подавал виду, потому что я понимал, что если я начну подавать вид, это приведет к настороженности и попытке замести следы"""", — добавил он.""","Глава президентской администрации признался, что ему было крайне противно не снижать темпов.",not_entailment,diff_target_confirmed,2
"""""""Думаю, нужно будет смотреть в каждом конкретном случае, так как не любое здание годится в качестве жилого дома"""", - заявил Шаронов в интервью """"Российской газете"""", которое будет опубликовано во вторник.""","""Шаронов взял интервью у редактора """"Российской газеты""""""",not_entailment,diff_target_confirmed,2
"После того как клиент оформит подписку на сервис, он будет получать уведомления о наличии штрафов автоматически.",Клиент может подписаться на автоматическую оплату штрафов.,not_entailment,diff_target_confirmed,2
"В одной из комнат он нашел икону, которую забрал с собой, чтобы продать. Но затем передумал и вместо того, чтобы продать ее на рынке, отнес икону в один из храмов. Настоятель, которому мужчина предложил похищенное за символическую плату, отказался забирать икону.",Настоятель храма не купил икону.,not_entailment,same_target_duplicate,0
"Мероприятие прошло без инцидентов. По итогам акции был составлен административный протокол, так как количество участников превысило заявленное число.",Акция прошла без нарушений.,not_entailment,diff_target_confirmed,3
"Здесь выросли несколько куч песка и гравия, которые на легковом авто объехать не представлялось возможным.",Кучи песка и гравия перегородили дорогу машине.,entailment,diff_target_confirmed,2
"Преступник ударил в живот сначала одну сестру, потом вторую, после чего зачем-то повел младшую в неизвестном направлении. На улице девушка стала говорить, что ей плохо. Тогда парень разбил окно в одном из домов, затащил ее туда, но, услышав, что кто-то идет, сбежал.",Преступник ударил обеих сестер в одно и то же место.,entailment,diff_target_confirmed,2
"""С ним было сложно работать, но всегда интересно"""", - добавила она. Отвечая на вопрос, какие изменения могут произойти в эти дни с уходом Кудрина с поста министра финансов, Набиуллина заявила, что """"политика и приоритеты политики определяются президентом, правительством, и мы будем их реализовывать"""". """"Но, наверное, какие-то возможны изменения, потому что уходит фигура такого масштаба"""", - сказала министр.""","Набиуллина отметила, что с уходом Кудрина изменений не будет.",not_entailment,diff_target_confirmed,2
"""Была установлена личность подозреваемого - 27-летнего мужчины. По словам задержанного, он был давно влюблен в жену убитого и различными способами добивался ее внимания. """"Так как женщина не хотела с ним общаться, он решил похитить ее мужа"""", - говорится в сообщении.""",27-летний мужчина похищен.,not_entailment,diff_target_confirmed,2
"За несколько лет сумма накопилась огромная, но должник не спешил платить.",Сумма копилась веками.,not_entailment,diff_target_confirmed,2
"""""""Мы видели значительное количество очень посредственных команд на Чемпионате Европы во Франции, а здесь ещё почти что на треть возрастёт количество команд, которые не будут в своём составе иметь футболистов высокого международного класса», — цитирует Колоскова радиостанция «Говорит Москва». Помимо этого, возрастёт нагрузка «на выдающихся футболистов, которых в мире единицы», считает эксперт. Это произойдет, так как новый регламент значительно сокращает перерывы между играми в финальном турнире.""",Новый регламент немного уменьшает перерывы между играми в финальном турнире.,not_entailment,diff_target_confirmed,2
"""По мнению министра, """"говорить о том, что мы прямо сейчас продали им что-то новенькое, и это новенькое используется против демонстрантов, просто нечестно"""". Он также подчеркнул, что Россия поставляет вооружение по контрактам, которые не являются секретом и предполагают покупку Сирией, прежде всего, противовоздушных оборонительных средств, """"которые могут потребоваться только в случае внешней агрессии против сирийского государства"""". """"Мы оправдываться не собираемся, потому что мы ничего не нарушали"""".""",Военные контракты предполагают поставку из России в Сирию противовоздушных оборонительных средств.,entailment,diff_target_confirmed,2
"Вместе с ними пропали также юбилейные медали, памятные и нагрудные знаки, грамоты. Очень хочется надеяться, что бабушка просто забыла, куда в последний раз положила награды — и они в конце концов найдутся. Но все может быть: мало ли, награды и правда могли похитить.","Бабушка забыла, куда дела награды.",not_entailment,diff_target_confirmed,2
"2 августа пьяные приятели, шагая по грунтовке, увидели оставленную без присмотра «Ниву». Ребята искали кого-нибудь, чтобы вытащить застрявший неподалеку автомобиль своей подруги, но ждать или искать хозяина внедорожника не стали: просто разбили стекло.",Неподалеку застрял автомобиль их подруги.,entailment,same_target_duplicate,1
"Со страницы его друга в социальной сети пришло сообщение с просьбой перевести пять тысяч рублей. Отзывчивый приятель выполнил просьбу, а потом перезвонил, чтобы поинтересоваться, как дела у попавшего в беду. Тот заверил, что понятия не имеет, о каких деньгах идёт речь.",Отзывчивый приятель получил пять тысяч рублей.,not_entailment,diff_target_confirmed,2
"Как утверждает сама Якуб, она познакомилась с бывшим главой МВФ летом 2012 г. — после окончания скандала вокруг ареста ДСК по обвинению в изнасиловании горничной нью-йоркского отеля Sofitel Нафиссату Диалло. Уголовное дело тогда развалилось, поскольку обвинение не смогло доказать достоверность показаний потерпевшей.",Показания потерпевшей были достоверны.,not_entailment,same_target_duplicate,1
"Когда силовики стали досматривать автомобиль, то обнаружили в нем подозрительный пакет с порошком внутри, который был отправлен на экспертизу.",Автомобиль был отправлен на экспертизу.,not_entailment,diff_target_confirmed,3
"По следам, оставленным на месте преступления, было установлено, что налетчиком является 38-летний ранее судимый мужчина. Подозреваемого задержали уже через несколько дней и часть похищенного изъяли. Он рассказал полицейским, что сознательно пошел на ограбление.",Налетчика судили и раньше.,entailment,diff_target_confirmed,2
"""Легендарную """"Ладью"""" также ждет реставрация. Кроме того, будет отремонтирован амфитеатр. Его планируют делать по индивидуальному заказу из натурального гранита, что сильно увеличит стоимость проекта.""",Амфитеатр из гранита сильно увеличит стоимость проекта.,entailment,same_target_duplicate,0
"На вопрос классного руководителя о причинах их появления мальчик ответил, что подрался со старшим братом.",У мальчика были синяки или ссадины.,entailment,diff_target_confirmed,3
"Поэтому в последний год мужчина частенько избивал свою жену. В страхе она бежала к участковому, писала на него заявление. А потом супруги мирились, и женщина забирала свое заявление назад.",Мужчина бил свою жену.,not_entailment,same_target_duplicate,0
"Об этом на своей странице в Facebook сообщил один из сотрудников университета. - Весь профессорско-преподавательский состав мужского пола не зависимо от возраста и званий должен получить эти справки. Это странно, потому что отдел кадров сам не может запросить этот документ, а он, судя по всему, нужен для будущей аккредитации.",Отдел кадров свалил проблему получения справок на преподавателей.,entailment,same_target_duplicate,1
"Я здесь все взорву! – такую фразу часто можно услышать в захватывающих боевиках. Но вряд ли кто-то обрадуется, когда такое прозвучит от неизвестного человека в обычной жизни.","""Кто-то обрадуется, услышав фразу """"Я здесь все взорву!"""" от неизвестного человека в обычной жизни.""",not_entailment,diff_target_confirmed,2
"Прокурор просит огласить показания ключаря храма Христа Спасителя Михаила Рязанцева. По его словам, сам свидетель не может явиться в суд, потому что находится в командировке.",Свидетелем был ключарь.,entailment,diff_target_confirmed,2
"Как сообщил источник в правоохранительных органах, начальник полиции уже подал рапорт о своем увольнении.",Источник сообщил о местонахождении начальника полиции.,not_entailment,diff_target_confirmed,3
"Полицейские поймали похитителя сосен, который прославился благодаря видео.",Похититель сосен прославился благодаря видео.,entailment,same_target_duplicate,1
"Врачи диагностировали у мужчины перелом плеча и травму тела, которые оцениваются как вред здоровью средней тяжести.",У мужчины сломано плечо.,entailment,diff_target_confirmed,3
"""""""А я никогда не был на этом телеканале, не видел его"""", - сказал """"Интерфаксу"""" Говорухин в пятницу. Также в Твиттере есть высказывания якобы от имени режиссера про изменение состава директоров """"Эха Москвы"""". """"Это тоже бред, я не мог этого заявить, потому что считаю, что это самая талантливая радиостанция, хоть я во многом с ней не согласен, на мой взгляд, она не полезна делу, которым я занимаюсь"""".""","""Говорухин назвал """"Эхо Москвы"""" самой талантливой радиостанцией.""",entailment,same_target_duplicate,0
"""Начиная от магазина """"Крейсер"""", скопилась крупная пробка, так как троллейбусы объехать затор не могут.""",Пробка была незначительной.,not_entailment,diff_target_confirmed,2
"Между тем в кредитной организации заверили, что проблемы возникли с «незначительным» числом устройств самообслуживания (УС).",В кредитной организации приуменьшили масштаб проблемы.,entailment,diff_target_confirmed,2
"На заседании областного Совета при губернаторе по развитию физической культуры и спорта чиновники отметили, что прошедший год был для отрасли успешным.",Чиновники довольны итогами года.,entailment,diff_target_confirmed,2
"""""""В зависимости от того, какое решение будет принято премьером, президентом, я буду принимать решение, откликаться. Хотя я сказал, что, наверное, на их месте я бы учел первое соображение, а именно, что необходима определенная рокировка, и попробовал бы поставить каких-то новых людей"""", - заявил Фурсенко в онлайн-интервью """"Газете.ru"""". По его словам, он остается """"долгожителем"""" среди министров образования и науки разных стран - и западных, и восточных, и южных, однако """"на таких постах так долго не живут"""", поскольку это """"направление, которое требует постоянных изменений"""".""",Фурсенко пообещал не принимать решения без учета мнений премьера и президента.,entailment,same_target_duplicate,2
"Если раньше редакции только гадали, сколько человек реально читают газету, какой у них возраст и какие темы нравятся больше всего, то сейчас все изменилось.","Теперь редакции могут не только гадать, сколько человек реально читают газету, какой у них возраст и какие темы нравятся больше всего.",entailment,diff_target_confirmed,2
"""""""Только что сообщили, что он скончался в реанимации"""", - сказал собеседник агентства. Как добавили в пресс-службе, шестиклассник обычно сидел за предпоследней партой, откуда он и направился к классному окну. """"Никто не успел понять, как он смог выпрыгнуть, потому что в школе стоят стеклопакеты"""".""",Шестиклассник выпрыгнул из окна и погиб.,entailment,same_target_duplicate,0
"Сам хозяин давно не появлялся на участке, ему позвонили соседи, обнаружив в его доме вскрытую дверь. Мужчина написал заявление в полицию, возбудили уголовное дело, и начался розыск преступников. Когда злоумышленников задержали, они признались в остальных преступлениях.",Соседи починили дверь.,not_entailment,same_target_duplicate,0
"Группа вооруженных до зубов бандитов обстреляла здание прокуратуры мексиканского штата Кинтана-Роо в курортном городе Канкун, убиты как минимум три человека, еще несколько ранены. Как сообщает местное издание Excelsior, преступники подъехали на мотоциклах и открыли огонь по зданию, охрана прокуратуры вступила с ними в перестрелку. Из-за стрельбы пожарным пришлось срочно эвакуировать людей из расположенного рядом магазина, потому что шальная пуля попала в цистерну с газом, была опасность взрыва.",В Канкуне разрушено здание прокуратуры.,not_entailment,diff_target_confirmed,2
"""В Сухуми взорван внедорожник, припаркованный недалеко от жилого дома по ул.Когония, сообщил """"Интерфаксу"""" начальник УВД города Гарри Аршба. По словам собеседника агентства, взрыв произошел около 12:30 в субботу. В результате взрыва никто не пострадал, так как в автомобиле никого не было.""",В Сухуми взлетел на воздух внедорожник.,entailment,diff_target_confirmed,2
"""Выйдя за территорию митинга, я с удивлением обнаружил, что, несмотря на то, что начался он всего 40 минут назад, многие уже расходятся - поток людей уверенно двигался вдоль Кутузовского проспекта в сторону станции """"Парк Победы"""", которая, к слову, была до завершения мероприятия закрыта на вход. Впечатлениями от митинга пришедшие делились неохотно. Одна женщина с георгиевской ленточкой сообщила, что ей все понравилось, поскольку """"был чай"""".""",Народ с митинга уверенно расходился.,entailment,diff_target_confirmed,2
"Мужчина сначала задушил, а потом обокрал своего знакомого.","Мужчина обокрал знакомого, а потом задушил его.",not_entailment,diff_target_confirmed,2
"""""""В случае явки потерпевших на судебное заседание они будут иметь возможность задавать вопросы присяжным, выяснять интересующие их обстоятельства, заявлять ходатайства точно также в закрытом режиме, как это делалось на стадии отбора присяжных"""", - пояснила представитель Мосгорсуда. Она отметила также, что суд не мог откладывать процесс отбора коллегии присяжных до бесконечности. """"При всем уважении к чувствам потерпевших суд не мог затягивать процесс отбора присяжных, поскольку приходилось работать с десятками кандидатов"""", - заявила она, добавив, что и прежде в практике судов бывали случаи, когда по тому или иному делу проходили десятки потерпевших, и они не имели возможности участвовать в начале в стадии отбора присяжных.""",Суд мог откладывать процесс отбора коллегии присяжных до бесконечности.,not_entailment,diff_target_confirmed,2
"""Фильм """"Невинность мусульман"""", удаленный из социальной сети """"ВКонтакте"""", больше не появится на ресурсе, но там останутся ролики о нем. """"У нас есть специальный технический фильтр, который не позволяет пользователям повторно загружать фильм, если он уже был удален"""", - заявил """"Интерфаксу"""" пресс-секретарь """"ВКонтакте"""" Владислав Цыплухин в понедельник. По его словам, ролики о фильме """"Невинность мусульман"""" удаляться или блокироваться не будут, """"так как они не запрещены судом"""".""","""Фильм """"Невинность мусульман"""" и ролики о нем не запрещены судом.""",not_entailment,diff_target_confirmed,2
"Он находится недалеко от дома, где жил подросток. Согласно предварительной версии, юноша покончил с собой. Напомним, ранее по факту пропажи подростка возбудили уголовное дело по статье «Убийство».",Дело об убийстве подростка может стать делом о самоубийстве.,entailment,same_target_duplicate,1
"""""""Будем участвовать в выборах (главы Химок - ИФ). Мы уже часть документов собрали, через несколько дней подадим на регистрацию и будем собирать подписи"""", - заявил он """"Интерфаксу"""" в понедельник. По его словам, у него есть несколько идей для предвыборной кампании: """"Например, все посты в правительстве будут занимать немцы, потому что наши чиновники все воруют"""".""",Предстоят выборы главы Химок.,entailment,diff_target_confirmed,2
"""В доме никого кроме подсудимого - сожителя матери приятеля - не оказалось. Мужчина предложил выпить, а мальчик не отказался. Попойка продолжалась, пока подросток не """"вырубился"""" прямо в доме друга.""",Сожитель матери приятеля угостил мальчика семечками.,not_entailment,same_target_duplicate,0
"Мужчина опубликовал в Интернете музыкальные записи, которые имели экстремистский подтекст.",Мужчина распространил музыкальные записи с экстремистским подтекстом.,entailment,diff_target_confirmed,2
"Уголовное дело в отношении парня возбудили после того, как неравнодушные граждане пожаловались на него в полицию.",На парня завели уголовное дело.,entailment,diff_target_confirmed,3
"""""""Это очень важно, что тысячи людей сейчас заявляют о своем желании быть наблюдателями. Это значит, что процесс наблюдения будет вестись не только Советом Европы, БДИПЧ. Это важно, потому что они нам помогут"""", - сказал он.""",Совет Европы будет наблюдать.,entailment,same_target_duplicate,1
"""Этот неожиданный для всех, кто знает творчество Виктора Косаковского, фильм продолжает в чем-то идею и настроение его бедняцкой картины """"Тише!"""" Только """"Тише!"""" он снимал из окна собственной квартиры, потому что на нормальный фильм денег не было.""","""Косаковский снял """"Тише!"""" из самолета.""",not_entailment,same_target_duplicate,1
"Все это может привести к осложнению оперативной обстановки на автомагистралях, которые проходят через Смоленскую область.",Есть риск усложнения оперативной обстановки на автомагистралях.,entailment,diff_target_confirmed,2
"Искренне разделяем Вашу боль и передаем слова сочувствия и поддержки Вам и Вашим родным. Примите наши искренние соболезнования. В эту горькую минуту разделяем Ваше горе, скорбим вместе с Вами.",Кто-то умер.,entailment,diff_target_confirmed,2
"""Внедорожник Toyota Land с российскими номерами двигался в сторону границы, когда на него с второстепенной дороги выскочила """"Волга"""". Для джипа, ехавшего на высокой скорости, было достаточно небольшого удара, чтобы вылететь в кювет. Видимо, водитель и пассажир внедорожника были не пристегнуты, так как вылетели через лобовое окно и погибли мгновенно.""","""Водитель и пассажир """"Волги"""" вылетели через лобовое окно и погибли мгновенно.""",not_entailment,diff_target_confirmed,2
"Перед новогодними праздниками, а точнее - 26 и 27 декабря - планируется массовое отключение света. В списке много домов, расположенных в центральной части донской столицы. Специалисты просят отнестись к вынужденной мере с пониманием, так как будут проводиться профилактические работы, направленные на исключение аварийных ситуаций.",За несколько дней до новогодних праздников в ряде домов Ростова-на-Дону отключат свет для проведения профилактических работ.,entailment,same_target_duplicate,0
"""""""Википедия"""" пишет, что это был период избирательной президентской кампании в России, а Макфол тогда занимался изучением избирательных технологий. Как писал один из коллег Макфола, он поначалу хотел отклонить приглашение Коржакова, который в то время входил в предвыборный штаб Ельцина. Однако приятель посоветовал ему принять приглашение, поскольку последствия отказа были бы намного хуже.""",Коржаков входил в предвыборный штаб Ельцина.,entailment,diff_target_confirmed,2
"Он обвинялся в убийстве жены, сообщается в пресс-службе областной прокуратуры.",Его обвиняли в смерти супруги.,entailment,diff_target_confirmed,2
"""""""Воздушные шары символизируют открытость и честность выборов, а их количество равно числу ТИКов в республике"""", - пояснил агентству поднесший спичку к чучелу, облив его перед этим жидкостью для разведения костров, правозащитник Эдвард Мурзин. Участники митинга, организованного одним из лидеров общественного движения """"Голос Уфы"""" Андреем Андреевым, прошли колонной с речевками и знаменами несколько кварталов к площади перед Русским драмтеатром. Полиция не перекрывала движение автотранспорта, поскольку колонна участников акции двигалась только по тротуарам.""",Честность и открытость выборов символизирует колонна с речевками.,not_entailment,diff_target_confirmed,3
"""Такое было в практике бывшего Советского Союза и ничего предосудительного я здесь не вижу, если мы не хотим довести это дело до конфликтов"""", - заявил глава правительства. О соперниках на выборах: Путин указал, что бизнесмен Михаил Прохоров - последовательный человек, и, выдвигая свою кандидатуру на президентские выборы, он действует в рамках закона. """"Не хочу сказать, что желаю ему успеха, потому что я тоже собираюсь выдвигать свою кандидатуру, но уверен, что это будет достойный, сильный конкурент"""", - заявил премьер в ходе """"прямой линии"""".""",Путин высказал своё мнение о Михаиле Прохорове.,entailment,same_target_duplicate,0
"В Нижегородской области выясняют причины крупного пожара, в результате которого сгорел дом и пострадал подросток.",В Нижегородской области сгорел подросток.,not_entailment,diff_target_confirmed,3
"""Береговой в суде пожаловался на противоправные действия и угрозы со стороны друзей Агафонова. """"После инцидента 15 августа 2011 г. ко мне приезжал молодой человек со стороны Агафонова, он требовал видеозапись с камер наблюдения, - рассказал он. По его словам, угрожавший обещал """"всем устроить, так как побили хорошего человека"""".""",Береговой жаловался на качество видеозаписи.,not_entailment,diff_target_confirmed,2
"Они стажировались на крупных событиях регионального проекта «Моя территория», где выступали в качестве модераторов рабочих групп.",Они стажировались как модераторы.,entailment,same_target_duplicate,1
"Пострадавший пробирался между вагонами состава, когда поезд начал движение.",Человек пострадал.,entailment,diff_target_confirmed,2
"Как рассказали в пресс-службе УМВД по Липецкой области, потерпевший арендовал помещения под свой бизнес в одном из торговых центров в Липецке. После того, как арендатор повысил стоимость аренды, он съехал и остался должен определенную сумму денег. Бизнесмен попросил отсрочить выплату, так как возникли проблемы в бизнесе.",Потерпевший был арендатором.,entailment,same_target_duplicate,1
"Поскольку митинг являлся несанкционированным, сотрудники полиции потребовали прекратить его проведение.",Сотрудники полиции требовали прекратить несанкционированный митинг.,entailment,same_target_duplicate,0
"""По словам марксистов, они продолжат атаки против властей, поскольку те """"нарушают право турецких граждан на свободу мысли и совести"""".""",Марксисты уже организовывали атаки против властей.,entailment,diff_target_confirmed,2
"""Как рассказали """"Комсомольской правде"""" в пресс-службе комитета культуры южной столицы Псковской области, все трое учатся в Образцовом художественном коллективе Театра детской песни """"Летний дождь"""".""","""В Образцовом художественном коллективе Театра детской песни """"Летний дождь"""" всего три ученика.""",not_entailment,same_target_duplicate,1
"""ЛГБТ-активисту Николаю Алексееву, который был признан виновным в пропаганде гомосексуализма, стоит обратиться в Конституционный суд РФ, считает член Общественной палаты РФ, президент адвокатской палаты Москвы Генри Резник. """"Николаю Алексееву надо идти обжаловать вынесенное решение в кассационном суде, а затем обращаться в Конституционный суд, который, скорее всего, признает питерский закон о запрете пропаганды гомосексуализма неконституционным"""", - сказал Резник в пятницу """"Интерфаксу"""". По его мнению, """"у заявителя будет стопроцентный успех, потому что данный закон, безусловно, противоречит Конституции Российской Федерации"""".""","По мнению Резника, питерский закон о запрете пропаганды гомосексуализма противоречит Конституции Российской Федерации.",entailment,same_target_duplicate,0
"Как говорится в сообщении, примерно в 16.20 мск на пульт дежурной части МВД по РСО-Алания поступил анонимный звонок. Звонивший мужчина сообщил, что рынок заминирован. Поскольку он не назвал, на каком именно рынке, якобы, заложено взрывное устройство, правоохранительные органы приступили к эвакуации граждан со всех рынков города.","Мужчина забыл сказать, какой рынок заминировал.",not_entailment,same_target_duplicate,0
"Темы, которые сегодня активно обсуждают делегаты съезда - «Экономика роста и благосостояния», «Здоровое будущее», «Социальная политика», «Умная сила и культурное лидерство», «Качество государства», «Аграрная сверхдержава», «Быть хозяином в собственном доме». Делегаты из Пензенской области работают на всех площадках. Им есть что сказать по каждой из обозначенных на съезде тем, поскольку среди них есть врачи, учителя, общественные деятели и политики со стажем.",Делегаты из Пензенской области успевают поучаствовать в обсуждении на всех площадках.,entailment,same_target_duplicate,1
"Новый пассажир оказался участковым уполномоченным. Опытным взглядом полицейский осмотрел соседей по салону и в двух женских лицах уловил знакомые черты. Он видел их раньше — в ориентировке на розыск, женщин подозревали в совершении карманных краж.",Участковый узнал всех в салоне.,not_entailment,same_target_duplicate,0
"""По словам президента, во всем мире референдумы используются достаточно редко, потому что сложна процедура их организации, а последствия референдумов зачастую могут привести к расколу общества. Но по некоторым вопросам, по его мнению, обязательно нужно узнать точку зрения большинства населения страны. """"Сделать это с использованием существующих технологий очень сложно, потому что это дорого и неэффективно"""".""","По мнению президента, по ряду вопросов обязательно нужно узнать точку зрения половины населения страны.",not_entailment,same_target_duplicate,2
"Он сообщил, что после митинга были задержаны, как минимум, четыре человека. Среди них член КПРФ и помощник депутата Госдумы. Как сообщили агентству в пресс-службе правительства Самарской области, уведомление, поданное организаторами митинга, не было рассмотрено, так как было составлено с ошибками.",Митинг завершился.,entailment,diff_target_confirmed,2
"Циклон уходит в океан, там растворяется.",Циклон рассеивается над океаном.,entailment,diff_target_confirmed,2
"""По мнению С.Еничери, это противоречит принципам, сформулированным в Коране. """"Дед Мороз прибирается в дома через окна или дымоходы. Если бы он был честным человеком, то проходил бы через двери, так как у нас так принято"""", - отметил имам.""","По мнению имама, поведение Деда Мороза соответствует принципам Корана.",not_entailment,diff_target_confirmed,2
"Она рассказала, что в дверь ее комнаты в общежитии постучали.",У нее две комнаты в общежитии.,not_entailment,diff_target_confirmed,2
Выяснять отношения подшофе – одна из самых ужасных и опасных привычек многих людей. Почему опасных? Да потому что именно в таком состоянии большинство не контролируют своих эмоции и в порыве ярости могут пойти на что угодно.,У людей нет опасных привычек.,not_entailment,diff_target_confirmed,2
"Она рассказала, что поймала на дороге машину, чтобы поехать на работу.",Она хотела поехать на работу.,entailment,diff_target_confirmed,2
"""Утренние заплывы в  городском пруду тестостеронного """"бондовского"""" энтузиазма и жизнелюбия Джорджу Смайлу никак не прибавляют. Он возвращается на свой диван ровно для того, чтобы услышать стук в дверь, который для отставленного сотрудника разведки вряд ли может стать галлюцинацией или сном. Потому что """"бывших"""", как водится, в этой среде, не разводят.""",По утрам Джордж Смайл плавает в городском пруду.,entailment,same_target_duplicate,0
"Общественный резонанс получил и традиционный Парад Памяти. -Этим парадом мы напомнили россиянам роль Самары в годы Великой Отечественной войны. Это важно, потому что имидж региона работает на его жителей, - уточнил губернатор.",Парад Памяти - традиционное мероприятие.,entailment,diff_target_confirmed,2
"Как рассказывают очевидцы, инцидент произошел около восьми утра. Всем пассажирам удалось вовремя покинуть салон. - Классным было утро, ничего не скажешь.",Пассажиры покинули салон.,entailment,diff_target_confirmed,2
"""Сергей Удальцов своей вины не признал, он заявил, что все обвинения в его адрес незаконны. """"Я считаю, что обвинения мне предъявлены незаконно, потому что я был задержан до официального завершения митинга, в 21:55. Соответственно претензии о том, что планировалось шествие, несостоятельны, так как любые действия должны оцениваться по факту совершения, а не по предположению"""".""",Сергея Удальцова задержали после митинга.,not_entailment,same_target_duplicate,1
"""И желательно, по его словам, быть энергичными в интернет-пространстве, поскольку """"Единой России"""" сложнее быть в Сети, чем другой политической силе, так как партия находится у власти: """"Вот вы сказали, что выходили к людям, сначала тяжело, критикуют, пар выпускают. У меня та же самая ситуация, когда подходишь. Радуются вначале, потому что видят людей знакомых, а потом говорят: у нас вот это плохо, это, это"""".""","""Партия """"Единая Россия"""" находится у власти.""",entailment,same_target_duplicate,1
"Шествие в Москве, по словам источника, близкого к ФНПР, стартует, как и прежде, от Белорусского вокзала и увенчается митингом у мэрии Москвы с выступлениями лидеров страны.",Шествие станет венцом митинга.,not_entailment,diff_target_confirmed,2
"Все это может привести к осложнению оперативной обстановки на автомагистралях, которые проходят через Смоленскую область.","На автомагистралях, проходящих через Смоленскую область, сейчас простая оперативная обстановка.",not_entailment,same_target_duplicate,0
"Приставам не удалось застать его на месте. Дверь открыла супруга. В комнате судебный пристав обнаружил металлический сейф, в котором хранилось огнестрельное оружие.",Жена открыла приставу сейф и долго показывала оружие.,not_entailment,same_target_duplicate,1
"Организаторы подготовили новогодние подарки, конкурсы и угощения. Также горожанам представят китайскую комедию «Дорога с приключениями». Она расскажет о владельце фирмы по производству игрушек, который спешит домой, чтобы встретить Новый Год с семьей.",Горожане увидят китайскую комедию.,entailment,same_target_duplicate,1
"Я здесь все взорву! – такую фразу часто можно услышать в захватывающих боевиках. Но вряд ли кто-то обрадуется, когда такое прозвучит от неизвестного человека в обычной жизни.","""В боевиках нередко угрожают """"все здесь взорвать"""".""",entailment,diff_target_confirmed,2
"У женщины, которая почти два года терпела побои и унижения, сдали нервы.",Женщина многие годы терпела побои и унижения.,not_entailment,diff_target_confirmed,2
"Сначала он позвонил в ГИБДД, чтобы эту машину эвакуировали, но те отказались, так как на авто не было номеров, а поэтому установить его владельца невозможно. После этого рассерженный северянин и сообщил в полицию о бомбе, - пояснила начальник пресс-службы.",На машине не было номеров.,entailment,same_target_duplicate,2
"Сначала он начал кружить на лодке вокруг животного с тем, чтобы создать волну. После этого он избил лося веслом. В результате лось утонул, а злоумышленнику удалось вытащить тушу на берег.","Злодей катался вокруг лося на лодке, пока тот не утопился от горя.",not_entailment,same_target_duplicate,0
"В четверг, 15 декабря в полицию Екатеринбурга за помощью обратились родители 10-летнего Кости Захаровского. Утром он ушел в школу, а домой так и не вернулся. На телефонные звонки мальчик ответить не мог, так как сотовый был не активен.",В Екатеринбурге нашелся мальчик.,not_entailment,diff_target_confirmed,2
"Как сообщили в правительстве области, на ней можно будет купить товары местных производителей.",В правительстве области можно будет приобрести товары местных производителей.,not_entailment,diff_target_confirmed,3
"Я сегодня первый раз вышла. Когда волна недовольства только начинала подниматься, я как-то равнодушно к этому отнеслась. Тогда муж сказал, что хочет пойти на Болотную - даже пыталась его отговорить, так как очень испугалась, что его могут замести.",Я отговорила мужа.,not_entailment,diff_target_confirmed,2
"Но как говорят в Брянской городской администрации, при повторной проверке проверяющие уже не нашли нарушений. - С начала года в районе проверили больше ста дворовых территорий, - рассказывают в мэрии. - Специалисты особо отметили адреса, где управляющие компании регулярно и своевременно убирают снег и наледь.",К повторной проверке управляющие компании подготовились лучше.,entailment,diff_target_confirmed,2
"Пассажиры жалуются на то, что отсутствуют последние рейсы, в салонах грязь и холод, водители курят, не покидая салона, и проезжают мимо остановок, экипажи не помогают инвалидам попасть в салон.",Пассажиры хвалят последние рейсы.,not_entailment,diff_target_confirmed,2
"Однако, в ходе прокурорской проверки выяснилось, что на самом деле педагог не занимался с подопечным, его обучали только специалисты из лицея №1, за которым был закреплен мальчик. - После вмешательства педагог вернул незаконно полученный заработок. Заместителю директора интерната, который не проконтролировал исполнение обязанностей специалистом, объявлен выговор, - рассказали в пресс-службе республиканской прокуратуры.",Педагог лишь изредка занимался с мальчиком.,not_entailment,same_target_duplicate,0
"""""""Я надеюсь, они услышат. Это касается премий, доходов.... Нужно понимать, в какой стране мы живем, и не раздражать людей"""", - подчеркнул президент. Позже он добавил: """"То, что пресса """"пощипывает"""" представителей крупного бизнеса и чиновников - это хорошо"""".""","""Президент расстроен, что пресса """"пощипывает"""" чиновников и представителей крупного бизнеса.""",not_entailment,diff_target_confirmed,2
"Метрополитен Екатеринбурга разместил на сайте госзакупок запрос на кредит в 150 миллионов рублей. Напомним, что ранее руководство подземки неоднократно заявляло, что метро работает в убыток, а цена жетона намного ниже себестоимости поездки.",В Екатеринбурге есть метро.,entailment,diff_target_confirmed,2
"К спасательной операции подключились силы Национальной гвардии США и дополнительные полицейские подразделения. На грузовиках они подвезли провиант и воду в районы у восточных склонов Скалистых гор, которые в данный момент оказались полностью блокированы в результате разлива рек. Работы осложняются, так как многие дороги оказались непроходимы из-за оползней, спровоцированных разливом воды.",Национальная гвардия США пытается остановить разливы рек.,not_entailment,diff_target_confirmed,2
"Ситуация по заболеваемости гриппом и острыми респираторными вирусными инфекциями оценивается как напряженная, наблюдаются сезонный рост заболеваемости.",Заболеваемость гриппом не растет в этом сезоне.,not_entailment,same_target_duplicate,0
"Обе купюры оказались поддельными. - По данным фактам проводятся проверки, - заверили в полиции. Стражи порядка также напоминают, что в случае, если к вам в руки попала фальшивая купюра, нужно сразу же обратиться в полицию.",Две купюры оказались поддельными.,entailment,same_target_duplicate,1
"""Они требовали в том числе отменить незаконно введенный на предприятии ООО """"Рус-Инжиниринг"""", которое входит в """"РусАл"""" и обслуживает СУБР, скользящий график, а также повысить оклады. Ранее компания назвала действия участников акции незаконными, в том числе потому что """"шахта является объектом повышенной опасности и нахождение в ней без специальных нарядов категорически не допускается"""". По информации алюминиевой компании, сотрудники также нарушили законодательство, так как заранее не предупредили работодателя о проведении забастовки и не согласовали ее проведение.""",Скользящий график был введен согласно закону.,not_entailment,same_target_duplicate,0
"В первом периоде преимущество было на стороне наших хоккеистов, однако вратарь хозяев играл безупречно.",В первом периоде наши хоккеисты играли лучше вратаря хозяев.,not_entailment,same_target_duplicate,1
"В отделение полиции обратился пациент больницы. Он объяснил, что вышел на несколько минут, а когда вернулся, не обнаружил в палате планшет и своего соседа. Как оказалось, пока мужчины не было, другой больной забрал планшет, связал несколько простыней и по ним сбежал через окно.",У больного украли планшет.,entailment,same_target_duplicate,0
"На заседании областного Совета при губернаторе по развитию физической культуры и спорта чиновники отметили, что прошедший год был для отрасли успешным.",В областном Совете при губернаторе прошло заседание по развитию физической культуры и спорта.,entailment,same_target_duplicate,1
"""В Сухуми взорван внедорожник, припаркованный недалеко от жилого дома по ул.Когония, сообщил """"Интерфаксу"""" начальник УВД города Гарри Аршба. По словам собеседника агентства, взрыв произошел около 12:30 в субботу. В результате взрыва никто не пострадал, так как в автомобиле никого не было.""",В Сухуми взлетел на воздух жилой дом.,not_entailment,diff_target_confirmed,2
"""Следователи ознакомили лидера националистического движения """"Русские"""" Дмитрия Демушкина с проведенными экспертизами, одна из которых заключила, что в его прошлогоднем интервью, из-за которого было возбуждено одно из уголовных дел, отсутствует элемент разжигания межнациональной розни.""",Одно из интервью националиста не разжигало межнациональную рознь.,entailment,diff_target_confirmed,2
"""По словам очевидцев, их было как минимум три. Сотрудник министерства рассказал местной газете Postimees, что сидя у себя в кабинете на первом этаже услышал стрельбу, после чего быстро закрыл двери и покинул здание через окно. """"Что там сейчас происходит, не знаю, так как не нахожусь в здании"""".""",Сотрудник министерства выбрался из здания через окно.,entailment,same_target_duplicate,1
"Однако через полчаса правоохранители задержали его. Мужчина признал вину. Рассказал, что зашел в квартиру, потому что она была открыта.",На задержание мужчины ушло полчаса.,entailment,same_target_duplicate,0
"Напомним, на него завели уголовное дело, заподозрив в халатности.",Его заподозрили в халатности.,entailment,same_target_duplicate,1
"""Астахов отметил, что в ситуации разбираются вирусологи и инфекционисты. Главная задача - локализовать распространение вируса. """"Потому что уже несколько версий существует, в том числе - что это внесенный вирус, привезенный кем-то из-за границы"""".""","Это внесенный вирус, привезенный кем-то из-за границы.",not_entailment,diff_target_confirmed,2
"Что же разместили на бампере, что на дверях, и какую проблему помогали решать таким образом?» Знатоки после минутного обсуждения предположили, что на бампере разместили подушку, а на задних дверях – матрас. Но это был неправильный ответ. Оказалось, что компания предложила размещать на переднем бампере видеокамеры, а изображения с них передавать на мониторы, установленные на задних дверях фуры.",Знатоки не догадались.,entailment,same_target_duplicate,1
"Сотни военнослужащих из Катара принимали участие в военных операциях на стороне ливийских оппозиционеров, сообщил в среду журналистам командующий Генеральным штабом катарских Вооруженных сил Хамад бен Али Аттыйя. По его словам, оппозиционеры нуждались в такой поддержке, поскольку большинство из них составляли гражданские люди, никогда не имевшие дело с военной наукой.",Сотни военослужащих Катара воевали за ливийских оппозиционеров.,entailment,diff_target_confirmed,2
"В Нижегородской области выясняют причины крупного пожара, в результате которого сгорел дом и пострадал подросток.",В Нижегородской области пострадал подросток.,entailment,diff_target_confirmed,2
"Соревнования прошли в бескомпромиссной борьбе, но в этот день случилось более знаковое событие, которое затмило все остальные.",Борьба была бескомпромиссной.,entailment,diff_target_confirmed,2
"Как рассказали «Комсомольской правде» в пресс-службе администрации города, на том участке наконец появился светофор.",Светофор установлен.,entailment,diff_target_confirmed,2
"7 января на личной странице бизнесмена в соцсети Facebook появилось сообщение, в котором говорилось, что он намерен добиваться проведения прокурорского расследования.","Предприниматель хочет, чтобы прокурор во всем разобрался.",entailment,diff_target_confirmed,3
"Техника была наготове, но приступить к расчистке дороги она не могла из-за скопившегося на ней транспорта. Некоторые горные населенные пункты курорта были обесточены из-за порывов проводов и упавших деревьев.",Скопившийся транспорт мешал расчистить дорогу.,entailment,same_target_duplicate,0
"""По мнению С.Еничери, это противоречит принципам, сформулированным в Коране. """"Дед Мороз прибирается в дома через окна или дымоходы. Если бы он был честным человеком, то проходил бы через двери, так как у нас так принято"""", - отметил имам.""","По мнению имама, поведение Деда Мороза противоречит принципам Корана.",entailment,same_target_duplicate,0
"""""""Сегодня поисковая операция была прекращена, так как она стала слишком опасной"""", - сказал он на условиях анонимности.""",Поисковая операция продолжаться не будет.,entailment,same_target_duplicate,1
"Пострадавший пробирался между вагонами состава, когда поезд начал движение.",Пострадавший пробирался между вагонами поезда.,entailment,same_target_duplicate,1
"Я бы дал деньги на командировки, потому что спортивный журналист здесь сидеть не должен, он должен ездить.","Спортивный журналист должен ездить, а не сидеть.",entailment,diff_target_confirmed,2
"""""""В настоящее время есть видеозаписи, где видно, что я сопротивление полиции не оказывал и вообще мое задержание проводили совсем другие люди, а не те сотрудники ОВД Измайлово, которым сказали написать рапорт и затем допросили в суде"""", - сказал он. Накануне в суде Навальный отрицал свою вину. """"Я пытался пройти к метро """"Кузнецкий мост"""", так как вход в метро """"Чистые пруды"""" был перегружен, а нас было много"""".""",Навальный был виновен.,not_entailment,same_target_duplicate,0
"Как сообщает Государственная инспекция труда, водитель подготавливал дежурный автомобиль.",Шофер готовил дежурный автомобиль.,entailment,diff_target_confirmed,2
"В пресс-службе ведомства сообщили, что в течение декады в муниципалитетах пройдут профилактические мероприятия.",Десять дней в муниципалитетах будут идти профилактические мероприятия.,entailment,same_target_duplicate,2
"""17:50. В толпе машут букетиками белых цветов. 17:48. Теперь из кузова фургона выступает Андрей Нечаев, защитник Белого дома и министр в кабинете Егора Гайдара. """"Мы сами отдали свободу, потому что расслабились"""", - признает он.""",У Андрея Нечаева был букет из белых цветов.,not_entailment,same_target_duplicate,1
"Коррекция высоты орбиты проводиться не будет, поскольку объект не представляет угрозы станции.",Объект не угрожает станции.,entailment,diff_target_confirmed,2
"Как сообщила в понедельник газета Daily Telegraph, ожидается, что во вторник законопроект будет отправлен на окончательное согласование в нижнюю палату парламента. Никаких препятствий на пути к окончательному принятию законопроект не должен встретить, поскольку ранее палата общин уже одобрила его первоначальную версию подавляющим большинством голосов.",Газета рассказала о тёмном прошлом законопроекта.,not_entailment,diff_target_confirmed,2
"Третий месяц зимы тоже не готовит особых климатических сюрпризов. Среднемесячная температура и количество осадков будет соответствовать традиционным для нашего региона значениям. Весна ожидается ранней, но может продлиться дольше обычного.",Весна продлится дольше обычного.,not_entailment,diff_target_confirmed,2
"""Целый оружейный арсенал, на который вышли полицейские, вывел на след предполагаемых убийц.""",Полицейские организовали арсенал.,not_entailment,diff_target_confirmed,2
"В отделение полиции обратился пациент больницы. Он объяснил, что вышел на несколько минут, а когда вернулся, не обнаружил в палате планшет и своего соседа. Как оказалось, пока мужчины не было, другой больной забрал планшет, связал несколько простыней и по ним сбежал через окно.",Больной украл планшет соседа и сбежал через окно.,entailment,same_target_duplicate,0
"""Как сообщалось, 15 шахтеров в понедельник 3 сентября отработали положенную смену - с 08:00 до 16:00, а по окончании смены не поднялись с горизонта минус 860 метров. Они требовали в том числе отменить незаконно введенный на предприятии ООО """"Рус-Инжиниринг"""", которое входит в """"РусАл"""" и обслуживает СУБР, скользящий график, а также повысить оклады. Ранее компания назвала действия участников акции незаконными, в том числе потому что """"шахта является объектом повышенной опасности и нахождение в ней без специальных нарядов категорически не допускается"""".""",Шахтеры протестуют в шахте.,entailment,same_target_duplicate,1
"По данным следствия, в июне прошлого года в подъезде одного из домов по улице Отрадной обвиняемый избил свою бывшую супругу и сломал ей палец.",Обвиняемый сломал руку бывшей супруге.,not_entailment,diff_target_confirmed,3
"Такие победы просто так не даются. У нас уже не было выбора, мы выходили с одной целью, с одной задачей – выиграть.",Мы выиграли.,entailment,same_target_duplicate,1
"Теперь об отсутствии таблички напоминают только куски осыпавшейся побелки на полу. – Им пришлось исправить, подбелить стену по краям, – отмечают в музее. – Потому что вырывали «с мясом», была дыра.",На полу музея - побелка.,entailment,diff_target_confirmed,2
"Фотографии процесса демонтажа уже появились в социальных сетях, и, комментируя их, горожане спрашивают: что же будет построено на этом месте?",Предыдущее строение на этом месте демонтируют.,entailment,same_target_duplicate,1
"В воскресенье в Липецкой области потеплеет, сообщают синоптики.",Синоптики обещали потепление.,entailment,diff_target_confirmed,2
"О насилии жертва сообщила врачам, когда ей исполнилось 16 лет. Но норвежские медики не имели права передавать эту информацию в полицию или родителям, поскольку формально девочка уже считалась совершеннолетней.","Девочка ждала до 16 лет, чтобы сообщить о насилии.",entailment,same_target_duplicate,1
"Деревянный черенок от метлы стал причиной преступления, которое унесло жизнь пенсионера.",Черенок от метлы унес жизнь пенсионера.,not_entailment,diff_target_confirmed,3
"Водитель успел выскочить из автобуса, который начал медленно тонуть. Помочь ему в этот момент было некому. Владельцу оставалось только с грустью наблюдать, как тонет его имущество.",Водитель выпрыгнул из горящего автобуса.,not_entailment,same_target_duplicate,1
"В регионе будут колебания атмосферного давления, которые спровоцируют головные боли и боли в области сердца.",Метеозависимым в регионе придется несладко.,entailment,diff_target_confirmed,2
"Задать свой вопрос или оставить жалобу смогут все желающие, рассказали «Комсомольской правде»-Красноярск в городской администрации.",Желающих жаловаться будет много.,not_entailment,diff_target_confirmed,2
"Во время праздничной церемонии в муниципалитете он заявил, что главными задачи для него является максимальное использование всех возможностей в области предпринимательства и экономического развития.",Он сделал заявление по окончании праздничной церемонии.,not_entailment,diff_target_confirmed,2
"Как сообщили «Комсомольской правде» в пресс-службе музея, выставка получила название «Добрые друзья детства».",Выставке придумали название.,entailment,same_target_duplicate,1
"Ураганный шквал, который обрушился в среду на город, попортил нервы северянам.",Шквал расстроил северян.,entailment,same_target_duplicate,1
"В аналогичном опросе, проведенном в марте 2010 г., за новую дисциплину высказалось 63% респондентов. В ноябре правительство утвердило план эксперимента, предусматривавшего преподавание основ религий и светской этики в 19 субъектах федерации. Осенью прошлого года Московский патриархат высказался за преподавание религиозных дисциплин не только в четвертом и пятом классах, но и на всех этапах школьного обучения, поскольку двух полугодий для усвоения материала недостаточно.",В прошлом году Московский патриархат высказался за преподавание религиозных дисциплин на всех этапах школьного обучения.,entailment,same_target_duplicate,1
"Власти Москвы планируют выйти на бездефицитный бюджет через пять лет, сообщается в материалах департамента финансов Москвы, представленными заммэра города Андреем Шароновым на пресс-конференции. Согласно прогнозу, в 2016 г. профицит бюджета столицы составит 15,5 млрд рублей.",Через пять лет у Москвы точно будет бездефицитный бюджет.,not_entailment,same_target_duplicate,0
"Они не знают обидчиков. - По словам потерпевших, накануне около четырех часов дня на них напали трое неизвестных подростков и избили. По данному факту проводится проверка, - рассказывает источник в правоохранительных органах.","Потерпевшие уверяют, что нападавших было трое.",entailment,same_target_duplicate,1
"""""""Пишу сюда, потому что надоело отвечать одно и то же: никто ко мне не обращался"""".""",Я отвечаю одно и то же.,entailment,same_target_duplicate,0
"Аркадий завоевал медаль за профессионализм в компетенции «Гостиничный сервис (ресепшн)». — Необходимо было выстроить приоритеты: какую задачу решать первой, какую — последней. Это было очень тяжело, но и очень интересно, потому что ситуации по легенде были максимально приближены к жизни.",Аркадий получил медаль за работу на ресепшн.,entailment,same_target_duplicate,1
Учредителем центра стала Государственная канцелярия.,Государственная канцелярия выступила перед учредителем.,not_entailment,diff_target_confirmed,2
"Об этом вечером во вторник, 17 января, сообщила пресс-служба Спасательного департамента, отметив, что немецкую противотанковую мину Tellermine 42 обнаружили в на улице Кеэвисе в ходе земляных работ. Спасатели эвакуировали жителей окрестных домов, офисов и складских помещений. Уничтожать мину на месте не стали, поскольку это угрожало повреждению трассы трубопровода.",В ходе земляных работ нашли воду.,not_entailment,diff_target_confirmed,2
"Работа личного состава будет усилена, наших сотрудников не отпускают в эти дни в отпуск, - отметил спикер.","По словам спикера, в эти дни личный состав отправится на отдых.",not_entailment,same_target_duplicate,1
"Разозлившись, хозяин квартиры схватил нож и ударил им гостя в грудь и живот. От травм мужчина скончался на месте. Предприимчивый мужчина решил спрятать труп убитого, поэтому он его расчленил и прикрыл одеялом.",Хозяин квартиры убил гостя ножом и одеялом.,not_entailment,same_target_duplicate,2
"""""""Система аккредитации - это ключевой инструмент допуска на рынок. Мы сейчас готовим закон об аккредитации, который весной хотим внести в Госдуму"""", - сказала она. """"Этот закон очень важен, потому что он будет предусматривать переход на международные стандарты аккредитации"""", - сказала она.""",Она ждет весну.,entailment,diff_target_confirmed,2
"Он был уверен, что в процессе был допущен ряд процедурных нарушений.",Он был уверен в процессе.,not_entailment,same_target_duplicate,2
"Трое молодых людей, из числа ранее судимых, совершили 23 кражи из гаражей и дачных участков. Вначале, они при помощи топора разобрали крышу пристроя к магазину поселка Железнодорожный, проникли на склад продуктов и собрались вынести бутылки с пивом и подсолнечным маслом, несколько пачек пряников, печенье, вермишель и наборы карамели. Однако увести награбленное они не смогли, так как их спугнула охрана.",Четверых преступников спугнула охрана.,not_entailment,diff_target_confirmed,2
"Так как у мужчины не было постоянного заработка, ему пришлось взять кредит в банке.",Мужчина взял кредит в банке.,entailment,diff_target_confirmed,2
"""Совет директоров состоялся, он прошел в заочной форме, но протокол пока не подписан, заявил """"Интерфаксу"""" в пятницу вечером президент ОСК Роман Троценко. В акционерных обществах с госучастием остались еще два высокопоставленных чиновника. Правда, их позицию легко объяснить, поскольку независимых председателей в этих компаниях представить сложно.""",Совет директоров только что начался.,not_entailment,same_target_duplicate,0
"В среду, 9 ноября, глава ведомства Александр Нерадько сказал журналистам, что Росавиация готова отложить принятие решение об аннулировании лицензии дискаунтера на три месяца.",Росавиация спешит с аннулированием лицензии дискаунтера.,not_entailment,same_target_duplicate,1
"Мужчина, который ранее не раз был судим, на улице напал на подростка.",Мужчину уже судили за нападение на подростка.,not_entailment,same_target_duplicate,1
"Соотношение скорости встречного автомобиля и его машины… От этого получился сильный удар. Если кто-то читал когда-то физику, то думаю, люди поймут. Звонит очень много людей на его номер и на мой, кто знает.",Мне звонит много людей.,entailment,same_target_duplicate,1
"""Она до сих пор остается единственным человеком, у которого есть к нему доступ. Мне кажется, это человек, чья репутация абсолютно безупречна, гарантированна, никто не посмеет ее упрекнуть в каких-нибудь злоупотреблениях"""", - указал, в свою очередь Пархоменко в интервью телеканалу """"Дождь"""". Он отметил с иронией, что был бы рад, если бы эта проверка привела к судебному разбирательству, так как тогда бы пришлось вызвать в суд всех, кто переводил деньги, а таковых, по его словам, сотни тысяч человек.""",Ее трудно упрекнуть в злоупотреблениях.,entailment,same_target_duplicate,1
"Сделали горку для ребятишек, каток. Но залить своими силами смогли только горку. Никто не хочет помочь нам заливать, а ведь мы стараемся сделать хоть что-то.",Залить горку своими силами не получилось.,not_entailment,diff_target_confirmed,2
"""Изменения в структуре МВД происходят непросто, но альтернативы им нет, заявил президент России Дмитрий Медведев на встрече с личным составом отдела МВД по Академическому району Москвы в связи с профессиональным праздником сотрудников органов внутренних дел. """"МВД должно быть эффективным, мобильным, сильным ведомством, не расхлябанным, а способным решать задачи, которые стоят во всем мире перед правоохранительными структурами, полицией, другими службами МВД"""", - подчеркнул президент. """"Я уверен, что у нас все получится, потому что преобразования назрели"""", - сказал он.""","Медведев верит, что преобразования назрели.",entailment,same_target_duplicate,0
"Он сообщил, что после митинга были задержаны, как минимум, четыре человека. Среди них член КПРФ и помощник депутата Госдумы. Как сообщили агентству в пресс-службе правительства Самарской области, уведомление, поданное организаторами митинга, не было рассмотрено, так как было составлено с ошибками.",Организаторы митинга допустили ошибки в уведомлении.,entailment,same_target_duplicate,0
"Как сообщила в понедельник газета Daily Telegraph, ожидается, что во вторник законопроект будет отправлен на окончательное согласование в нижнюю палату парламента. Никаких препятствий на пути к окончательному принятию законопроект не должен встретить, поскольку ранее палата общин уже одобрила его первоначальную версию подавляющим большинством голосов.",Daily Telegraph рассказала о предстоящей судьбе законопроекта.,entailment,same_target_duplicate,1
"Мужчина сообщил, что к краже может быть причастна его собственная дочь, у которой был доступ к ключам от сейфа.",К краже причастна дочь мужчины.,not_entailment,diff_target_confirmed,2
"Со страницы его друга в социальной сети пришло сообщение с просьбой перевести пять тысяч рублей. Отзывчивый приятель выполнил просьбу, а потом перезвонил, чтобы поинтересоваться, как дела у попавшего в беду. Тот заверил, что понятия не имеет, о каких деньгах идёт речь.",Отзывчивость обошлась приятелю в пять тысяч рублей.,entailment,same_target_duplicate,0
"Картер заявил, что успешность своей политики российский лидер определяет по степени дискомфорта, который он якобы создает в остальном мире.",Картер высказался о мерках успеха в экономической политике.,not_entailment,same_target_duplicate,0
"Как считают следователи, в течение трех лет она специально указывала в налоговой декларации цифры, которые были значительно ниже реальных.",Три года она фальсифицировала налоговые декларации.,entailment,diff_target_confirmed,2
"В сентябре утвердили схему размещения щитов, по которым пройдут электронные торги.",Схема размещения щитов утвержена.,entailment,same_target_duplicate,2
"""Миноритарий банка Алексей Навальный заявил тогда, что покупка буровых установок была совершена по завышенной цене и через офшор, собственники или бенефициары которого не известны. """"Я не понимаю, почему весь набсовет ничего не делает (чтобы расследовать сделку). Вы пособники этой кражи, потому что вы получаете деньги, чтобы защищать наши интересы"""".""",Навальный обвинил наблюдательный совет в бездействии.,entailment,diff_target_confirmed,3
"""Его кандидатуру предложил губернатор Тульской области Владимир Груздев, Медведев ее поддержал. """"Михаил Анатольевич, вы как к этой идее относитесь? Потому что на такие позиции нельзя приходить просто потому, что тебя назвали в присутствии президента"""".""",Медведев и Груздев сошлись во мнении относительно кандидатуры.,entailment,same_target_duplicate,1
"Преступная группа, осужденная этим летом, смогла вывести из Фонда более миллиарда рублей. 4 августа суд приговорил фигурантов данного дела к срокам от трех до шести с половиной лет лишения свободы. Процесс проходил в особом порядке, поскольку все подсудимые признали свою вину.",Все подсудимые признали себя виновными.,entailment,same_target_duplicate,1
"""Выйдя за территорию митинга, я с удивлением обнаружил, что, несмотря на то, что начался он всего 40 минут назад, многие уже расходятся - поток людей уверенно двигался вдоль Кутузовского проспекта в сторону станции """"Парк Победы"""", которая, к слову, была до завершения мероприятия закрыта на вход. Впечатлениями от митинга пришедшие делились неохотно. Одна женщина с георгиевской ленточкой сообщила, что ей все понравилось, поскольку """"был чай"""".""",Народ уверенно сходился на митинг.,not_entailment,same_target_duplicate,0
"""В начале недели московский межрегиональный транспортный прокурор Владимир Тюльков рассказал """"Интерфаксу"""", что на данный момент зафиксировано около 70-ти случаев ослепления пилотов лазерными указками. Но по его мнению сложность этой ситуации связана в частности с отсутствием нормативной базы по противодействию вышеуказанным проявлениям, поскольку лазерные указки продаются свободно.""","Нормативной базы, способной защитить пилотов от лазерной указки, пока нет.",entailment,same_target_duplicate,0
"Многочисленные коробки с бутылками выносят с торговых точек, разоблачая разные преступления. В отдельных случаях, продавцы попадаются на том, что у товара – поддельные акцизы. Бывает, что сама продукция является явно небезопасной.",Коробки с бутылками разоблачают преступления.,not_entailment,diff_target_confirmed,2
"Косвенная связь есть. Она человек публичный, таскала меня с собой на все светские мероприятия. Когда все это закончилось, остался один футбол, и все стало лучше.",У меня не осталось даже футбола.,not_entailment,same_target_duplicate,0
"Как сообщают в социальных сетях местные жители, на свет появилось одноглазое животное, напоминающее циклопа.",Одноглазое животное самозародилось в соцсетях.,not_entailment,same_target_duplicate,0
"Они искали места, где незаконно продают выпивку.",Они искали места незаконной продажи сигарет.,not_entailment,diff_target_confirmed,2
"Мужчина окунулся в бассейн, где у него прихватило сердце.",В бассейне у мужчины стало плохо с сердцем.,entailment,diff_target_confirmed,3
"""Есть еще нерешительная пара  -  экскурсовод и повар придорожного кафе, которым достается сюжет Пиросмани про миллион алых роз. Ну, и, наконец, героиня Анны Михалковой, без промаху продолжающая найденную ранее и успешно продолженную актрисой  в """"Кококо"""" комедийную расшифровку своего таланта. В """"Любви с акцентом"""" она бесстрашно отправляется в """"отпуск по зачатию"""", потому что дома уже совсем не получается.""",Экскурсовод и повар придорожного кафе не особо решительны.,entailment,same_target_duplicate,1
"Все это может привести к осложнению оперативной обстановки на автомагистралях, которые проходят через Смоленскую область.","На автомагистралях, проходящих через Смоленскую область, сейчас сложная оперативная обстановка.",not_entailment,same_target_duplicate,1
"Удар пришелся в грудную клетку. Женщина сама вызвала мужу скорую и полицию. Мужчину госпитализировали, но медики не смогли спасти ему жизнь.",Медики  спасли мужчине жизнь.,not_entailment,same_target_duplicate,3
"Ежедневно в плотины поступает всё больше и больше воды, что не может не радовать.","Вчера в плотины поступало не так много воды, как сегодня.",entailment,same_target_duplicate,2
"""О какой именно авиабазе идет речь, собеседник агентства не уточнил. Между тем посольство РФ в Кабуле не располагает информацией о том, что опасно сблизившийся с российским авиалайнером самолет принадлежит дислоцированным в Афганистане иностранным военным. Пресс-атташе российской дипмиссии Степан Аникеев заявил, что посольство не намерено самостоятельно обращаться к афганским властям или командованию МССБ за разъяснениями относительно этого инцидента. """"Мы точно не будем этого делать, потому что это — частная компания, и это ее дело"""".""",Опасно сблизившийся с российским авиалайнером самолет принадлежит дислоцированным в Афганистане иностранным военным.,not_entailment,same_target_duplicate,2
"Модельер не явился за заседание суда, чтобы избежать встречи с журналистами и не попасть в объективы камер. Адвокаты обвиняемого ранее заявили о том, что Гальяно потерял над собой контроль из-за злоупотребления алкоголем и поэтому нагрубил посетителям. Один из адвокатов сказал, что его подзащитный не помнит, что происходило в баре, так как он был болен.",Гальяно отсутствовал на заседании суда.,entailment,diff_target_confirmed,2
"Выяснилось, что женщина ехала в такси вместе со своим новым знакомым. По дороге между ними произошел конфликт. Мужчина, воспользовавшись моментом, когда машина остановится на светофоре, схватил сумку женщины и сбежал из автомобиля.",Мужчина ехал в такси с женской сумкой.,not_entailment,same_target_duplicate,1
"Ранее также были арестованы предполагаемый лидер преступной группы, ранее судимый 52-летний Андрей Вишневский, Олег Новак и Владимир Попов. Следователь в обоснование своего ходатайства в суде заявил, что, находясь на свободе, подозреваемые могут скрыться. А поскольку не установлены все участники преступной группы, то они также могут оказать давление на свидетелей и попытаться воспрепятствовать расследованию по делу.",Не установлены все участники преступной группы.,entailment,same_target_duplicate,1
"""Как сообщил Кобзев агентству """"Интерфакс"""" во вторник, сам Навальный также ожидает, что приговор будет обвинительным, """"он в этом уверен"""". При этом Кобзев отметил, что каким будет обвинительный приговор - условным или реальным - ни он, ни Навальный судить не берутся. """"Поскольку здесь явно решение будет приниматься не судьей, то и предполагать очень трудно"""".""",Навальный ожидает приговора.,entailment,same_target_duplicate,1
"""""""Не вижу смысла увеличивать число статей Уголовного кодекса, так как там уже есть меры уголовной ответственности в отношении лиц, которые пропагандируют сепаратизм"""".""","Есть меры уголовной ответственности в отношении тех, кто пропагандирует сепаратизм.",entailment,same_target_duplicate,0
"Сельский врач предложил ей таблетки, но она попросила сделать ей инъекцию антибиотика. Со слов доктора, он убедился, что в ампуле действительно антибиотик, и сделал укол. Самочувствие женщины резко ухудшилось, и она умерла.","Сельский врач предложил ей таблетки, но она предпочла умереть.",not_entailment,diff_target_confirmed,2
"Двое мужчин и две женщины выпивали, когда одному из них, недавно освободившемуся из мест лишения свободы, захотелось любви и тепла. С недвусмысленным предложением он обратился к одной из участниц застолья, однако та отказала в близости. Обидевшись, мужчина схватил нож и решил всех «проучить».",Пьяный мужчина схватил нож.,entailment,same_target_duplicate,0
"Обнаруженные предметы направлены для проведения экспертизы. Если эксперты признают их культурными ценностями, то в отношении гражданина будет возбуждено административное дело по факту недекларирования. Поскольку для ввоза их пассажир был бы обязан заполнить декларацию на товары с указанием перемещаемых через границу раритетов.",Пассажир пытался ввезти предметы без декларации.,entailment,same_target_duplicate,1
"""Бывший глава полиции ранее подтвердил, что он перешел на сторону мятежников. """"Я объявляю, что дезертировал из армии и присоединяюсь к народной революции"""", - говорится в видеообращении, распространенном этим военным. Он пояснил, что принял такое решение, так как сирийская армия уничтожает мирных жителей вместо того, чтобы защищать их.""",Бывший глава полиции встал на сторону народной революции.,entailment,same_target_duplicate,1
"Петербургские полицейские вчера в Невском районе города задержали мошенника, который за свои преступления находился в межгосударственном розыске.",Вчера мошенник попал в межгосударственный розыск.,not_entailment,same_target_duplicate,1
"""Трое пострадавших были доставлены в больницу с ожогами разной степени тяжести. """"От полученных телесных повреждений подозреваемый скончался в больнице. Девушка и парень находятся в лечебном учреждении, где им оказывается необходимая медицинская помощь"""".""","Трое попали в больницу с ожогами, двое выжили.",entailment,same_target_duplicate,0
"Женщина сообщила, что стала жертвой обмана.","Жертва обмана сообщила, что стала женщиной.",not_entailment,diff_target_confirmed,2
"Свои поступки женщина объяснила тем, что муж бросил бы ее, если бы она родила ему много детей. К 2006 г. в семье уже росли два ребенка. Личность осужденной сохранена в тайне, поскольку разглашение этой информации противоречит немецкой системе правосудия.",Женщина нашла способ не рожать слишком много детей.,entailment,same_target_duplicate,2
"Прошу подойти ответственно к этому вопросу. Поставить галочку и забыть — не выйдет. Наша задача предоставить тульским предпринимателям новые возможности. Что губернатор сказал про медицину, читайте здесь.",Прошу поставить галочку и забыть.,not_entailment,diff_target_confirmed,2
"Учащийся политехнического техникума, находясь в состоянии алкогольного опьянения, избил, а затем ограбил прохожего. В итоге потерпевший получил многочисленные ушибы и перелом носа, а также лишился пяти тысяч рублей. Как выяснилось позже, подросток, совершивший разбойное нападение, уже имел условный срок по предыдущему приговору.","Ограбленный отделался многочисленными ушибами, переломом носа и потерей пяти тысяч рублей.",entailment,same_target_duplicate,0
"Но также в кражу попали украшения, которые он ей не дарил. Свою вину в совершенном преступлении мужчина признал и раскаялся в содеянном. Похищенные украшения он выдал следствию, ущерб полностью возместил.",Мужчина вернул ей похищенные украшения.,not_entailment,same_target_duplicate,0
"Разработчик видеоигр индийского происхождения Шекхар, живущий в Лондоне, пытается привить своему десятилетнему сыну Пратику доброту и мудрость, которыми сам обладает в достаточном количестве. Сын же помешан на всем, что связано с технологиями, и в частности на видеоиграх, и отвлекаться на подобную чепуху не желает. Единственное чего он хочет, так это получить игру с непобедимым злодеем, потому что достиг уже такого уровня профессионализма в играх, что все остальное ему кажется скучным и неинтересным.",Сын разработчика видеоигр хочет получить игру с непобедимым злодеем.,entailment,same_target_duplicate,0
"Передачу помещений школ спортивным секциям городские власти хотят сделать правилом, так как в администрацию постоянно обращаются различные спортивные секции, которые не могут найти средства на аренду залов.",Не все спортивные секции могут найти деньги на аренду залов.,entailment,same_target_duplicate,2
"Судебные журналисты у нас были хорошо подготовлены, с хорошим языком, игравшие важную роль в развитии судебной системы. Если вы специализируетесь на земле, ничего в этом зазорного нет. Ваш вопрос крайне важен, потому что вопрос земли - это вопрос социальной справедливости.",Вы не специализируетесь на земле.,not_entailment,same_target_duplicate,1
"Не откладывать кару в долгий ящик решил уфимский пешеход, и прямо на месте наказал обидчика.",Пешеход наказывает обидчиков в Уфе.,not_entailment,same_target_duplicate,1
"Съезд является важным политическим событием в жизни страны. Наши делегаты получили прекрасную возможность высказать свою позицию. Они поделились опытом работы своих первичных отделений, выказали предложения по усовершенствованию нормативно-правовой базы во всех сферах, задали вопросы руководителям министерств,  ведомств,  модераторам площадок.",Наши делегаты усовершенствовали нормативно-правовую базу во всех сферах.,not_entailment,diff_target_confirmed,2
"""""""Знакомы ли Вы со своими новыми коллегами – Никитиным, Яблонским, Аветисяном?"""" - """"Да, со всем директорами мы пообщались, и, на мой взгляд, мы очень хорошо друг друга дополняем. Я вам честно скажу, что я бы не смог собрать команду лучше, потому что это тот случай, когда достоинства одних покрывают недостатки других"""".""",Команду лучше собрать трудно.,entailment,same_target_duplicate,0
"Обнаруженные предметы направлены для проведения экспертизы. Если эксперты признают их культурными ценностями, то в отношении гражданина будет возбуждено административное дело по факту недекларирования. Поскольку для ввоза их пассажир был бы обязан заполнить декларацию на товары с указанием перемещаемых через границу раритетов.",Обнаружены задекларированные предметы.,not_entailment,diff_target_confirmed,2
"Авария произошла на ровном месте, машина будто поскользнулась на снежной дороге и оказалась на крыше.",Машина перевернулась.,entailment,same_target_duplicate,1
"Как сообщили в правительстве области, на ней можно будет купить товары местных производителей.",Товары местных производителей можно будет приобрести.,entailment,same_target_duplicate,1
"Но мир не без добрых людей. Нашелся меценат, который взял все расходы на себя. Мы сейчас не говорим о технической составляющей: соответствуют ли шарики и гирлянды тому, что мы прописывали в документации, - пояснил чиновник.","Шарики и гирлянды точно такие, как было прописано в документации.",not_entailment,same_target_duplicate,0
"""""""Нам надо совместно проводить жесткую политику: этого не должно быть, мы не должны травить людей. На нашей стороне это карается жестко — это уголовно наказуемое деяние"""", — сказал он. Русый отметил, что если белорусские специалисты выявляют на рынке фальсифицированное продовольствие, тут же сообщают российским коллегам, потому что должна быть """"немедленная реакция"""".""","Белорусы не хотят, чтобы люди травились.",entailment,same_target_duplicate,0
"То, что трасса здесь сложная, было известно в прошлом году. Она с того времени не изменилась, но погодные условия внесли коррективы. Я шел с запасом, так как знал, что на финишном круге будет непросто.",Эта трасса достаточно проста.,not_entailment,diff_target_confirmed,2
"Разговорившись с одноклассницей, мужчина узнал, что та хотела бы перебраться поближе к морю.",Одноклассница мечтала жить у моря.,entailment,diff_target_confirmed,2
"Сыграло ли это событие роль в решении обвиняемого начать работать на иностранную разведку, пока не известно. Рассмотрение дела Дивенни по существу начнется 12 декабря. Поскольку речь идет о секретных материалах, часть процесса будет проходить в закрытом режиме.",Дивенни мог работать на иностранную разведку.,entailment,diff_target_confirmed,2
"Женщина успела закрыться в подсобном помещении, откуда вызвала полицию.",Женщина спряталась в подсобке.,entailment,diff_target_confirmed,3
"""На """"те же грабли"""" мужчина встал, когда во второй раз сел за руль в пьяном виде.""",Ранее мужчина не садился за руль в пьяном виде.,not_entailment,same_target_duplicate,0
"«Мясо конины, обрезки с голов, мясо не прошедшее ветеринарную лабораторию, вместо мяса здоровой туши говядины! В столовых помещениях при варке этого мяса стоит ужасная вонь! Кладовщики и рабочие боятся жаловаться, так как их сразу уволят!», - говорится в сообщении.",Мясо воняет при варке.,entailment,same_target_duplicate,1
"По предварительным данным, водитель иномарки не справился с управлением и вылетел на встречную полосу.",Иномарка вылетела на встречную полосу.,entailment,same_target_duplicate,1
"Убедившись, что хозяев нет дома, парни проникли в жилище и вынесли оттуда ценные вещи: два телевизора, два пылесоса, горные лыжи, монитор, системный блок - всего на сумму более 56 тысяч. Вычислить молодых воров удалось по горячим следам. Парни признались, что пошли на преступление, потому что нуждались в деньгах.",Пожилые воры не украли бы лыжи.,not_entailment,same_target_duplicate,0
"Сотрудница поезда забыла предупредить людей, что поезд прибывает на станцию Алтайская. В итоге, когда поезд уже тронулся от перрона, проводник скомандовала пассажирам: прыгайте из вагона. - Она настояла на высадке людей из вагона после начала движения поезда, - сообщает Западно-Сибирское следственное управление на транспорте.",Проводница забыла сказать пассажирам о станции.,entailment,same_target_duplicate,0
"Женщина сообщила, что стала жертвой обмана.",Женщина пожаловалась на жертву.,not_entailment,diff_target_confirmed,3
"Как считают силовики, руководитель на протяжении трех месяцев не платил своим сотрудникам зарплату, различные пособия и иные выплаты, которые причитаются гражданам согласно закону.",Руководитель на протяжении трех месяцев не платил своим сотрудникам зарплату.,not_entailment,diff_target_confirmed,2
"Даже в летние месяцы, когда традиционно экспорт электроэнергии растет, тенденцию не удалось остановить.",Летом экспорт электроэнергии обычно увеличивается.,not_entailment,same_target_duplicate,0
"Я сегодня первый раз вышла. Когда волна недовольства только начинала подниматься, я как-то равнодушно к этому отнеслась. Тогда муж сказал, что хочет пойти на Болотную - даже пыталась его отговорить, так как очень испугалась, что его могут замести.",Я пыталась отговорить мужа.,entailment,same_target_duplicate,0
"Реставраторы саратовского театра, который спустя четыре года после пожара наконец распахнул свои двери, поделились деталями своей работы.",Реставраторы рассказали о пожаре.,not_entailment,diff_target_confirmed,2
"""Эти средства выделены в рамках """"программы экстренного предоставления ликвидности"""" (emergency liquidity assistance, ELA), которая ранее стала спасением для финансовой системы Ирландии и теперь оказалась еще более важной для Греции. Полный контроль над ELA осуществляет европейский Центробанк (ЕЦБ), что дает ему полномочия решать судьбы государств, пишет FT. ЕЦБ очень неохотно предоставляет информацию о средствах, выделенных из ELA, не сообщая, кому и когда выдаются кредиты. """"Вы не станете говорить лишнего в экстренной ситуации, поскольку это может привести к ухудшению ситуации.""",Европейский Центробанк решает судьбы государств.,entailment,same_target_duplicate,0
"Руки подсудимого были забинтованы и находились не за спиной, как это положено, а спереди. По просьбе мужчины наручники не зажали максимально плотно. Как только украинец был доставлен в суд, наручники сняли.",Подсудимый был украинцем.,entailment,diff_target_confirmed,2
"Мероприятие прошло без инцидентов. По итогам акции был составлен административный протокол, так как количество участников превысило заявленное число.",Количество участников превысило заявленное число.,entailment,same_target_duplicate,1
"26 июня прошлого года обвиняемый вломился в дом к 59-летнему соседу в селе Виняево Арзамасского района и жестоко избил его до полусмерти. Мужчина не смог оправиться от травм и через месяц скончался в больнице. В октябре злоумышленник был задержан. Он признал свою вину лишь частично и рассказал, что конфликт с соседом произошел из-за щенка.",В результате конфликта двух соседей остался в живых только один.,entailment,diff_target_confirmed,2
"""""""Но честно, объективно и по решению суда"""", - заявил Бастрыкин в интервью """"Интерфаксу"""". Отвечая на вопрос об обысках и вызове на допрос лидеров оппозиции, глава СКР подчеркнул, что они пока находятся в статусе свидетелей. """"Это совершенно нормальное состояние, потому что мы не имеем достаточных доказательств, чтобы перевести их хотя бы в статус подозреваемого либо обвиняемого"""".""","Как только появляются доказательства, свидетелей переводят в статус подозреваемых или обвиняемых.",entailment,diff_target_confirmed,2
"Аргументом данного решения стало то, что мэр не может выдавать подобные распоряжения. Согласно распоряжению мэра, должно было быть приобретено до 50 единиц, но денег хватало только на 30. Эти автобусы нужно было купить еще несколько лет назад. Так как у всех автобусов, имеющихся в наличии, истек срок эксплуатации.",В городе эксплуатировались только просроченные автобусы.,entailment,same_target_duplicate,2
"Как рассказали «Комсомольской правде» в пресс-службе администрации города, на том участке наконец появился светофор.",Светофора ждали долго.,entailment,diff_target_confirmed,2
"Инцидент произошел в Нижнекамске в ночь на субботу. В ЦРБ доставили 39-летнего мужчину с ножевым ранением в живот. Медики вызвали полицейских, так как было ясно, что на потерпевшего напали.",Мужчину ранили в голову.,not_entailment,diff_target_confirmed,2
"""А вот один из фаворитов гонки среди грузовиков Алеш Лапрайс выбыл из борьбы за победные места на """"Шелковом пути"""". В самом разгаре специального участка  у него сломалась машина, и он вынужден был попроситься на асфальт. """"У нас сломался один из электрических вентиляторов, мы вынуждены были остановиться, так как вся система охлаждения полетела"""".""",Система охлаждения не выдержала гонки.,entailment,same_target_duplicate,0
"27 декабря в полицию обратилась жительница Димитровграда, которая сообщила, что стала жертвой мошенников. Она рассказала полицейским, что ей позвонил якобы сотрудник банка. Он сообщил, что, поскольку женщина является их постоянным клиентом, ей положена компенсация.",Сотрудник банка пообещал женщине компенсацию.,not_entailment,same_target_duplicate,1
"""При этом он затруднился сообщить, сколько времени может продлиться это отстранение. Сам Губерниев заявил радиостанции """"Эхо Москвы"""", что его отстранение от ведения футбольных программ не повлияет на работу на телеканале. """"Очень сложно меня отстранить от футбольных матчей, потому что я на них редко работаю"""".""",Губерниева отстранили на неопределенное время.,entailment,same_target_duplicate,1
"У женщины, которая почти два года терпела побои и унижения, сдали нервы.",Женщина больше года терпела побои и унижения.,entailment,same_target_duplicate,0
"Мне очень жаль, если мои слова восприняли как оскорбление юбилея русского хоккея. Я глубоко уважаю ваш хоккей и хочу поздравить его со знаменательной датой. Русский хоккей всегда занимал одну из главных ролей в мире, и я хочу, чтобы у него было столь же светлое будущее.",Я не хотел оскорбить русский хоккей.,entailment,same_target_duplicate,1
"Она сообщила, что ее сын подвергся избиениям со стороны других воспитанников. Его также облили кипятком. Мать утверждает, что в учреждении процветает дедовщина.",В учреждении процветает дедовщина.,not_entailment,diff_target_confirmed,3
"В Кирове в полицию обратилась 63-летняя женщина, поскольку у нее из дома пропали ювелирные украшения. Браслет, три кольца и серьги пенсионерка оценила в 18 тысяч рублей. Точную дату пропажи украшений женщина не могла сказать, поскольку давно не проверяла место, где хранила золото, но она точно знала, что никто дверь в ее квартиру не взламывал, а значит вор был среди тех, кого пускали в гости.",У пенсионерки пропало золото.,entailment,same_target_duplicate,1
"Осторожнее на этом участке, водители и пешеходы! Там уже каток. Трубы не выдержали, прорвало.",Вода из прорвавшихся труб замерзла.,entailment,diff_target_confirmed,2
"В одном из СМИ появилась история о восьмилетней школьнице, корторую в мороз 30 января выставил из салона маршрутного автобуса водитель. Причина в том, что у девочки в качестве оплаты был электронный проездной, вот только у водителя не оказалось с собой валидатора. Поскольку наличных денег у малышки не было, ее и попросили покинуть салон.","В СМИ появилась история о школьнице, у которой не было налички, и ее выставили из автобуса на мороз.",entailment,same_target_duplicate,0
"Фотографии процесса демонтажа уже появились в социальных сетях, и, комментируя их, горожане спрашивают: что же будет построено на этом месте?",Горожане игнорируют фото демонтажа в соцсетях.,not_entailment,same_target_duplicate,1
"Разбив оконное стекло, преступник проник в помещение бани и вынес оттуда два электрических чайника и фонарь на общую сумму более 3500 рублей. По подозрению в совершении преступления был задержан 41-летний безработный, ранее уже привлекавшийся к уголовной ответственности. Задержанный пояснил, что в баню залез, потому что не было свидетелей, а похищенной техникой собирался пользоваться сам.",Вор проник в баню через окно.,entailment,same_target_duplicate,1
"""Президент РФ Дмитрий Медведев отметил, что стоимость новой радиолокационной станции в Калининграде существенно ниже, чем стоимость станций, которые строились в Советском Союзе. """"Стоимость строительства этой станции, не раскрывая каких-то цифр, она существенно ниже, чем аналогичные станции, которые строились в советские времена, включая действующие станции"""", - сказал президент РФ на совещании с Вооруженными силами РФ. Он подчеркнул, что это немаловажный вопрос, поскольку экономия средств - """"всегда крайне актуальная задача для министерства обороны"""".""","Президент сказал, что на строительстве новой радиолокационной станции удастся сэкономить деньги.",entailment,same_target_duplicate,1
"""""""Воздушные шары символизируют открытость и честность выборов, а их количество равно числу ТИКов в республике"""", - пояснил агентству поднесший спичку к чучелу, облив его перед этим жидкостью для разведения костров, правозащитник Эдвард Мурзин. Участники митинга, организованного одним из лидеров общественного движения """"Голос Уфы"""" Андреем Андреевым, прошли колонной с речевками и знаменами несколько кварталов к площади перед Русским драмтеатром. Полиция не перекрывала движение автотранспорта, поскольку колонна участников акции двигалась только по тротуарам.""",Правозащитник поджег чучело.,entailment,diff_target_confirmed,2
"Женщина успела закрыться в подсобном помещении, откуда вызвала полицию.",Полиция сидела в подсобном помещении.,not_entailment,diff_target_confirmed,2
"Как выяснилось, женщина выпала из окна собственной квартиры.",Женщина выбросилась из окна.,not_entailment,diff_target_confirmed,2
"Их усилиями героями рекламы сайта бесплатных объявлений стали офицеры Северного флота. Сюжет ролика незамысловат и даже напоминает те, что сейчас крутят по нашему телевидению. Два рыбака сидят с удочками и решают, что им делать с холодильником, который находится тут же, в лодке на середине озера.",Рыбаки утопят в реке холодильник.,not_entailment,same_target_duplicate,1
"""Как сообщает МВД по Республике Татарстан, 19 февраля в отдел полиции """"Япеево"""" УМВД России по городу Казани был сопровожден для дачи показаний мужчина, подозреваемый в совершении кражи денег. При доставлении в отдел манера поведения и речь подозреваемого вызвали предположение, что он находится в состоянии наркотического опьянения. Так как состояние подозреваемого не позволяло его опросить, ему была вручена повестка с указанием времени прибытия в отдел полиции.""",Мужчина подозревается в краже денег.,entailment,diff_target_confirmed,2
"""Но не одновременно. По ночам он участвует в пятиминутных ограблениях, строго ограничиваясь именно этим временем, не задерживаясь нигде и ни при каких условиях, не трогая деньги, и не соблюдая """"пацанские кодексы чести"""". Только потому что это его работа, а на такой работе он не дружит.""",Он - участник ограблений.,entailment,same_target_duplicate,0
"Как оказалось, его убил человек, которому он должен был денег.",Убийство связано с деньгами.,entailment,same_target_duplicate,0
"""""""И когда я узнал, какие там результаты в моей Москве, просто сегодня не мог не прийти"""", - отметил он. Чуть дальше стояла группа молодых людей с плакатами в виде """"диалогов"""" и надписью: """"Свобода выбора"""", """"Свобода должна быть не только в Facebook"""". """"Мы здесь, потому что мы против того, чтобы за нас кто-то что-то решал, хотим честности, справедливости, и чтобы нас услышали"""".""",У молодых людей были флаги.,not_entailment,diff_target_confirmed,2
"Об этом «Комсомольской правде»-Красноярск сообщили в пресс-службе краевого следственного комитета. Как доказали следствие и суд, эта женщина, используя свое служебное положение, устроила на работу учителями четверых своих знакомых. Но фактически те не работали, а их зарплату снимала с карт сама директор.",Женщина получала зарплату за четырех неработающих учителей.,entailment,same_target_duplicate,1
"Родительских прав мать не лишена. Пока. А в парадном девочка оказалась, потому что дома она мешала матери выпивать.",Пьяная мать выставила девочку в парадное.,entailment,diff_target_confirmed,2
"Прокуратура поддержала ходатайство следователей и мужчину арестовали на два месяца. В ходе судебного заседания стали известны подробности преступления. Мотивом убийства, как выяснилось, стала ревность.",Мужчина убил из ревности.,entailment,same_target_duplicate,2
"У троих участников драки диагностированы различные травмы. Что интересно, в полиции все они заявили, что претензий друг к другу не имеют.",Участники драки остались довольны друг другом.,entailment,diff_target_confirmed,2
"Двое мужчин и две женщины выпивали, когда одному из них, недавно освободившемуся из мест лишения свободы, захотелось любви и тепла. С недвусмысленным предложением он обратился к одной из участниц застолья, однако та отказала в близости. Обидевшись, мужчина схватил нож и решил всех «проучить».",Пьяное застолье продолжилось поножовщиной.,entailment,same_target_duplicate,1
"Пассажир попросил убрать бутылку, но замечание разозлило выпивающих. Один из них стал вести себя очень агрессивно. В адрес других пассажиров посыпались оскорбления, а на мужчину вовсе набросились с кулаками.",Пассажир попросил убрать бутылку и нарвался на кулаки.,entailment,same_target_duplicate,0
"Отец вышел на балкон и дверь внезапно захлопнулась. Благо, телефон мужчина взял с собой. Он вызвал спасателей, которые благополучно попали в квартиру и освободили родителя, а также успокоили перепуганного четырехлетнего мальчика.",Малыш остался дома один.,entailment,diff_target_confirmed,2
"Женщину доставили в больницу, за ее жизнь сейчас борются врачи.",Женщину спасли врачи.,not_entailment,diff_target_confirmed,3
"""""""Насколько мне известно, они мало чем отличаются от рекомендаций, которые давали специалисты из нашей страны, которые давали консультации по неврологии и нейрохирургии"""", - сообщила Моисеенко. Она, однако, уклонилась от ответа на вопрос можно ли говорить о том, что диагноз немецких врачей совпадает с диагнозом, который ранее поставили украинские медики. """"Я не могу обсуждать этот вопрос, потому что это предварительные выводы.""",Специалисты по неврологии и нейрохирургии воздержались от рекомендаций.,not_entailment,same_target_duplicate,0
"Подозреваемый признал вину и пояснил, что в ту ночь им с приятелем очень хотелось выпить. Поэтому они направились в круглосуточный магазин. Но продавец отказалась продать им пиво, так как было слишком поздно.",Подозреваемый с приятелем выпили в круглосуточном магазине.,not_entailment,same_target_duplicate,1
"Большинством голосов депутаты признали главу государства оставившим свой пост, поскольку посчитали, что он не исполняет свои обязанности.",Депутаты проголосовали.,entailment,same_target_duplicate,0
"""Верзилов отметил, что его жена в целом удовлетворительно оценивает условия, в которых сейчас находится. """"Она говорит, что достаточно мало видела, поскольку больница большая, но в целом она удовлетворена отношением сотрудников, наличием нормального оборудования"""".""",Жена Верзилова построила больницу.,not_entailment,diff_target_confirmed,2
"Он представился агентом московской фирмы и предложил двум женщинам высокие должности с хорошим окладом. Но за трудоустройство нужно было внести взнос. Получив требуемую сумму, он подписал фиктивные трудовые договоры с потенциальными сотрудницами и был таков.",Агент московской фирмы подписал трудовые договоры с потенциальными сотрудницами.,not_entailment,same_target_duplicate,2
"В Ульяновскую область пришли снегопады, и в ближайшие дни, по сообщениям синоптиков, погода только ухудшится: к осадкам присоединятся резкое понижение температуры, метели и гололедица. Ульяновские госавтоинспекторы настоятельно советуют водителям воздержаться от поездок по области на личных автомобилях. Если вам все же придется выехать, то стоит придерживаться некоторых правил: быть внимательными на дорогах, так как видимость может ухудшиться, проявлять бдительность около остановок общественного транспорта и на «зебрах», не превышать скорость, тормозить заранее.",Ульяновскую область ждет хорошая погода.,not_entailment,diff_target_confirmed,2
"""""""Будем участвовать в выборах (главы Химок - ИФ). Мы уже часть документов собрали, через несколько дней подадим на регистрацию и будем собирать подписи"""", - заявил он """"Интерфаксу"""" в понедельник. По его словам, у него есть несколько идей для предвыборной кампании: """"Например, все посты в правительстве будут занимать немцы, потому что наши чиновники все воруют"""".""",Предстоят выборы главы республики.,not_entailment,diff_target_confirmed,2
"Молодого человека, который явно только-только употребил наркотическое вещество, обнаружили в подъезде одного из домов.",Молодой человек явно был под кайфом.,entailment,same_target_duplicate,3
"""""""В нашей группе компаний идея объединенного чемпионата даже не обсуждалась. Может, где-то в курилке. Только я об этом не ведаю, поскольку не курю"""".""",Я курю только в курилке.,not_entailment,diff_target_confirmed,2
"Также родственники погибшего под колесами мужчины требуют компенсации морального вреда. Всего они запросили 2 млн рублей. Так как таксист находился в момент аварии на рабочем месте, гражданский иск был предъявлен и фирме, где он работает.",Сервису такси предъявили иск за сбитого мужчину.,entailment,same_target_duplicate,0
"Игроки хорошие, индивидуумы хорошие, а не сложилось. Президент предпринимала максимальные усилия, направленные на то, чтобы, найти лучшее, что есть на рынке. Мы не все могли купить, потому что бюджет клуба не всех позволял приобрести.","Президент нашла лучшее, что есть на рынке.",not_entailment,diff_target_confirmed,2
"Молюсь за обоих. Просто хочу обнять своего сына, а прав он или виноват - пусть скажет следствие. Хочется сказать всем оскорбляющим милицию: опомнитесь, милиционеры - это не безликие роботы в форме.",Кто-то оскорбил сына.,not_entailment,diff_target_confirmed,2
"Модельер не явился за заседание суда, чтобы избежать встречи с журналистами и не попасть в объективы камер. Адвокаты обвиняемого ранее заявили о том, что Гальяно потерял над собой контроль из-за злоупотребления алкоголем и поэтому нагрубил посетителям. Один из адвокатов сказал, что его подзащитный не помнит, что происходило в баре, так как он был болен.","Гальяно не помнит, что происходило в баре.",not_entailment,diff_target_confirmed,3
"""""""После инцидента 15 августа 2011 г. ко мне приезжал молодой человек со стороны Агафонова, он требовал видеозапись с камер наблюдения"""", - рассказал он. По его словам, угрожавший обещал """"всем устроить, так как побили хорошего человека"""". """"Я отказал, так как это могут требовать только правоохранительные органы"""", - сообщил Береговой.""","Береговой рассказал, как с него требовали видеозапись.",entailment,same_target_duplicate,1
"В суде установили, что у ООО «Бежицкие маршрутные такси» есть лицензия и два договора с администрацией на перевозку пассажиров по маршруту «улица Молокова – Бордовичский водозабор», - говорится на сайте арбитражного суда Брянской области.",ООО «Бежицкие маршрутные такси» действует в Брянской области.,entailment,same_target_duplicate,1
"Четыре года назад он вышел на пенсию. Устроился на место поспокойнее - дворником в ижевскую школу. Тогда и не думал, что именно здесь он, декоратор по образованию, найдет свое призвание.",У него было образование декоратора.,entailment,same_target_duplicate,0
"""Вот так мурманский кот остался без опеки перед 20-летием. Старика передали волонтерам, которые нашли у него тяжелую хворь. - Врачи называют эту болезнь """"дорогой в никуда"""", потому что лечению она не поддается.""",Мурманский кот стар.,entailment,same_target_duplicate,0
"Он рассказал, что договорился с так называемым генеральным директором строительной фирмы о выполнении ряда работ. Клиент заявил, что строители должны были пробурить у него на участке скважину и построить дом. Однако получив деньги, представитель фирмы перестал отвечать на звонки и больше не появлялся.",Пострадавший пожаловался на директора строительной фирмы.,entailment,same_target_duplicate,0
"Он обвинялся в убийстве жены, сообщается в пресс-службе областной прокуратуры.",Он не мог убить жену.,not_entailment,same_target_duplicate,1
"По данным следствия, в июне прошлого года в подъезде одного из домов по улице Отрадной обвиняемый избил свою бывшую супругу и сломал ей палец.",Обвиняемый сломал палец бывшей супруге.,entailment,diff_target_confirmed,3
"""Краснодарский краевой суд в понедельник принял решение о рассмотрении уголовного дела банды Сергея Цапка из станицы Кущевская с участием коллегии присяжных, сообщила адвокат потерпевших Екатерина Романова. """"Судом вынесено решение о рассмотрении дела с участием присяжных"""", - сказала адвокат журналистам. Она отметила, что защита потерпевшей стороны поддерживает это решение, поскольку """"это всегда лишние глаза"""".""",Банду Цапка будут судить судом присяжных.,entailment,same_target_duplicate,1
"""Как именно - остается загадкой следствия. В правоохранительных органах рассказывают лишь о малой части тех мероприятий, что проводятся по уголовному делу. Как стало известно """"Комсомолке"""", ориентировки с приметами девушки вскоре после ее исчезновения полицейские разослали в соседние регионы.""",Следствие проводит все мероприятия открыто.,not_entailment,same_target_duplicate,0
"Среди этих товаров есть зубные щетки и паста, их якобы не хватает. Позавчера я минут десять выбирала самую мягкую зубную щетку, а вот зубной пасты для чувствительных десен действительно не хватает. В некоторых кафе перестали подавать воду, потому что закончилась, в других все также приносят бесплатный стакан воды.",Во всех кафе стали подавать воду.,not_entailment,same_target_duplicate,1
"Обнаружив пропажу, он сразу позвонил в полицию. Полицейские опросили соседей. Оказалось, что старшая по дому видела, как с утра из подъезда выходил подозрительный парень с креслом.",Очевидцем оказалась старшая по дому.,entailment,same_target_duplicate,0
"Как установили стражи порядка, злоумышленники действовали по заранее разработанной схеме. На сайте бесплатных объявлений подбирали предложение о продаже недвижимости или авто. Звонили продавцу, предлагали предоплату.",Злоумышленники были продавцами.,not_entailment,same_target_duplicate,1
"Теперь водителям не обязательно будет сразу оплачивать расходы на эвакуацию, и, как следствие, предъявлять документ об оплате также теперь не требуется.",Раньше водители должны были сами эвакуировать свой транспорт.,not_entailment,same_target_duplicate,0
"""На вопрос, занимался ли задержанный канадский лейтенант шпионажем в пользу России, Г.Мамедов ответил, что """"не знает"""", так как """"не он возглавляет службу разведки"""". А на вопрос, кто из российских дипломатов покинул страну, российский посол и вовсе отказался отвечать. """"Я не могу свободно обсуждать эту тему, так как не хочу повлиять на ведение судебного процесса"""", - сказал он.""",Задержанный канадский лейтенант занимался шпионажем в пользу России.,not_entailment,diff_target_confirmed,2
"Но когда злоумышленник пришел к себе домой, то понял, что потерял свой телефон, вырывая сумку из рук пенсионерки.",Злоумышленник оставил свой телефон пенсионерке.,not_entailment,same_target_duplicate,0
"Обыскивая подозреваемую, оперативники вскрыли костыль, которым женщина пользуется из-за повреждения бедра.",Подозреваемая повредила бедро костылем.,not_entailment,same_target_duplicate,1
"Я себе оправдания не ищу, но это стало толчком к моему будущему. Если бы застал измену, я бы, может, вообще по-другому поступил. Каждый человек по-своему переживает: кто-то легко прочувствовал все и забыл, кто-то болезненно.",Мне не нужны оправдания для себя.,entailment,diff_target_confirmed,2
"Мужчина зарегистрировал их у себя по месту жительства, но не предоставил им фактических мест для проживания.",Мужчина поселил их у себя.,not_entailment,same_target_duplicate,1
"""""""Википедия"""" пишет, что это был период избирательной президентской кампании в России, а Макфол тогда занимался изучением избирательных технологий. Как писал один из коллег Макфола, он поначалу хотел отклонить приглашение Коржакова, который в то время входил в предвыборный штаб Ельцина. Однако приятель посоветовал ему принять приглашение, поскольку последствия отказа были бы намного хуже.""",Коржаков входил в предвыборный штаб Макфола.,not_entailment,diff_target_confirmed,3
"Исследователи отмечают, что такое развитие ситуации может во много раз увеличить в море содержание ртути.","Если ситуация будет развиваться в том же направлении, в море станет больше ртути.",entailment,diff_target_confirmed,2
"Новогодние герои приветствовали прохожих, поднимали настроение песнями и репликами, которые раздавались из динамика.",Новогодние герои портили настроение прохожим.,not_entailment,same_target_duplicate,0
"В конце года итоги подводят все службы. Не исключение и комитет природных ресурсов. Они посчитали количество рейдов и то, сколько удалось взыскать с нарушителей.",Конец года - время подведения итогов для всех служб.,entailment,same_target_duplicate,0
"Как считают силовики, руководитель на протяжении трех месяцев не платил своим сотрудникам зарплату, различные пособия и иные выплаты, которые причитаются гражданам согласно закону.",Силовики винят в невыплатах руководителя.,not_entailment,same_target_duplicate,0
"Соседи семьи не остались равнодушными и обратились в полицию. Оперативники оказались на месте происшествия как раз в тот момент, когда испуганная мать выбежала на улицу. - Подозреваемого задержали и доставили в дежурную часть, где он сознался в содеянном, нож был изъят.",Оружием подозреваемого был нож.,entailment,same_target_duplicate,0
"Как сообщает прокуратура Ульяновской области, в тот день мужчина поругался с отцом. Причиной ссоры стало то, что сын не работал и постоянно пил. Мужчина стал избивать отца руками, и от полученных травм тот скончался на месте происшествия.",В ссоре сын убил отца.,entailment,same_target_duplicate,0
"В каждом районе были созданы мобильные группы, в которые вошли сотрудники администраций и полицейские.",В районах гостят мобильные группы.,not_entailment,same_target_duplicate,1
"""При этом он затруднился сообщить, сколько времени может продлиться это отстранение. Сам Губерниев заявил радиостанции """"Эхо Москвы"""", что его отстранение от ведения футбольных программ не повлияет на работу на телеканале. """"Очень сложно меня отстранить от футбольных матчей, потому что я на них редко работаю"""".""",Губерниева отстранили на год.,not_entailment,diff_target_confirmed,2
"Так как вёл себя он не как самый трезвый участник дорожного движения, то полицейские провели медицинское освидетельствование. Оно показало, что в крови задержанного действительно был алкоголь. Позже выяснилось, что меньше года назад мужчину уже штрафовали за подобное нарушение.",Участник дорожного движения был сильно пьян.,not_entailment,same_target_duplicate,0
"Во время обыска в квартире подозреваемого полицейские обнаружили нож, а также похищенную сумку. Известно, что нападавший ранее судим за кражу, угон и мошенничество, а освободился из мест лишения свободы в ноябре прошлого года. По его словам, его мучили угрызения совести, поэтому он явился к стражам порядка.",До ноября прошлого года подозреваемый был на свободе.,not_entailment,same_target_duplicate,0
"В противном случае карантин продлят. Стоит отметить, что первые шесть школьных коллективов региональное управление Роспотребнадзора отправило домой, лечиться, еще 12 декабря. Назвать дату, когда все воронежские школы заработают в прежнем режиме, нельзя, так как занятия в них приостановили в разное время.",В школах Воронежа продолжается карантин.,entailment,same_target_duplicate,1
"Догадки стражей порядка подтвердились. Как выяснилось, вор продал украденное. Свою вину он отрицать не стал и даже указал, кому он сбыл аппарат.","Вор продал аппарат и сказал, кому.",entailment,diff_target_confirmed,2
"Означает ли введение такой маркировки, что продукты с растительными добавками полностью исчезнут с прилавков наших магазинов?",Новая маркировка появится на растениях.,not_entailment,same_target_duplicate,0
"Предполагается, что он получил деньги за помощь в получении субсидий, выделяемых на закупку производственного оборудования в лизинг одной из организаций, у которой в документах была завышена стоимость техники.",Он помогал непременно получить субсидию.,not_entailment,same_target_duplicate,0
"Была опасность остаться без главного новогоднего символа. Но мир не без добрых людей. Нашелся меценат, который взял все расходы на себя.",Остались без главного новогоднего символа.,not_entailment,same_target_duplicate,1
"Искренне разделяем Вашу боль и передаем слова сочувствия и поддержки Вам и Вашим родным. Примите наши искренние соболезнования. В эту горькую минуту разделяем Ваше горе, скорбим вместе с Вами.",Эта минута является горькой и скорбной.,entailment,same_target_duplicate,0
"""По его словам, три вагона сошли с колеи по одной оси на грузовой ветке в районе Белоострова. """"Пострадавших и технологических разрушений нет. Задержек в следовании поездов тоже, поскольку по этой линии пассажирские составы не ходят"""", - сказал собеседник.""",Ничего не случилось только на железной дороге в районе Белоострова.,not_entailment,same_target_duplicate,0
"Состояние алкогольного опьянения было доказано. А вот водительское удостоверение он предъявить не смог. Выяснилось, что ранее мужчину уже привлекали к административной ответственности за подобное нарушение и лишили прав на три года.",Пьяный мужчина не смог достать водительское удостоверение.,not_entailment,same_target_duplicate,0
"И хотя первая неделя января приходится на нерабочие и праздничные дни, ее доставка будет идти по графику.",Доставка пройдет согласно графику.,entailment,same_target_duplicate,1
"По традиции мы отмечаем их в семейном кругу. Желаем родным и близким людям счастья. Провожая уходящий год, каждый из нас вспоминает его яркие моменты, надеется на добрые перемены и мечтает о будущем.",В уходящем году не было ярких моментов.,not_entailment,same_target_duplicate,0
"Их стоит запускать в подъезды, офисы и магазины. Желательно также кормить животных. Собаки, а тем более кошки не смогут на улице пережить холод, когда температура воздуха опускается ниже -30 градусов.","Домашние животные не смогут на улице пережить холод, когда температура воздуха опускается ниже -30 градусов.",entailment,same_target_duplicate,1
Далее было вынесено постановление о взыскании исполнительского сбора. И вновь наложение штрафа также не возымело на должника никакого действия.,На должника наложили штраф.,not_entailment,same_target_duplicate,2
"В ходе расследования были установлены и задержаны пятеро подозреваемых в преступлении - жители Куйбышевского и Кировского районов Самары. Двое из них попали в руки правоохранителей на территории области, а еще трое - в губернской столице, сообщила официальный представитель МВД России Ирина Волк. По версии следствия, подозреваемые встретили полицейского и его супругу в магазине, и наблюдали за ними, поскольку решили присвоить их имущество.",Подозреваемые решили отдать свое имущество полицейским.,not_entailment,diff_target_confirmed,2
"""""""Скорее всего, это была проверочная закладка с целью изучения действий оперативных служб в подобных ситуациях"""", - предположил источник. Однако, как сообщил позже журналистам начальник ГУ МВД по Москве Владимир Колокольцев, угроза взрыва была ложной, просто """"гражданин оставил свою машину и ушел по своим делам"""". """"Было основание полагать, что эта машина несет угрозу, так как на заднем сиденье была бочка с краской, - сказал он.""",Машина несла угрозу.,not_entailment,same_target_duplicate,1
"""""""Я всегда мечтал играть за """"Барс"""", ничего не изменилось. Я счастлив быть здесь и даже не думаю об уходе. Я не просил о продлении контракта, потому что и так хочу здесь остаться"""".""","""Я устал играть за """"Барс"""".""",not_entailment,diff_target_confirmed,2
"Он пожаловался, что ему разбили машину.","Он похвалился, что его машину разбили.",not_entailment,same_target_duplicate,0
"Чиновники обещают, что все бригады будут функционировать в круглосуточном режиме «Повышенной готовности».","Все будет именно так, как обещали чиновники.",not_entailment,same_target_duplicate,1
"Водителя легкового автомобиля госпитализировали в реанимационное отделение районной больницы. У него взяли кровь на анализ. Отметим, что место происшествия очагом аварийности не является.",После произошедшего водитель попал в реанимацию.,entailment,same_target_duplicate,1
"В противном случае отец ставил провинившихся на колени и читал им молитвы, а за более серьезные проступки избивал. Дети боялись идти домой после школы и часто приходили к маме на работу. Жена боялась сообщить об издевательствах мужа в полицию, поскольку он грозился убить ее.",Отец наказывал провинившихся молитвами.,entailment,diff_target_confirmed,2
"""Ведь по какой причине он вообще взялся за этот фильм? Все говорит о том, что не по причине интереса к творчеству молодых художников, а по причине скандальности темы. И именно это сыграло злую шутку с фильмом """"Завтра"""", потому что он получился не достаточно скандальным, и уже точно не заслужившим внимания как произведение киноискусства.""",Фильм о молодых художниках получился недостаточно скандальным.,entailment,same_target_duplicate,0
"""Как заявляли в октябре представители нигерийских властей, судно зашло в территориальные воды Нигерии без разрешения, тем самым нарушив местное законодательство. В Moran Security """"Интерфаксу"""" заявили, что считают задержание корабля необоснованным. """"Мы считаем этот арест необоснованным, потому что о заходе судна в порт было известно заранее"""".""",Судно вошло в акваторию Нигерии.,entailment,same_target_duplicate,1
"После того как клиент оформит подписку на сервис, он будет получать уведомления о наличии штрафов автоматически.",Клиент автоматически будет оштрафован.,not_entailment,same_target_duplicate,1
"Мужчина окунулся в бассейн, где у него прихватило сердце.","Когда мужчина окунался, у него остановилось сердце.",not_entailment,diff_target_confirmed,3
"Сироты наши герои потому, что люди убили их родителей. А другие люди нашли умиравших детенышей и выходили их, чтобы потом отпустить на волю. Это дрессировка наоборот, потому что целью ее является не вырастить друга и помощника, но вместо этого сделать шимпанзе или слона пригодным для жизни в дикой природе, не дать ему привязаться к человеку и загону.",Родителей этих детенышей убили люди.,entailment,same_target_duplicate,0
"""В свою очередь глава комитета по обороне и безопасности Виктор Озеров не сомневается, что сокращение числа """"мигалок"""" повлияет положительно на безопасность движения в стране. По его мнению, это решение Путина будет иметь два важных последствия. """"С политической точки зрения это будет иметь несомненный положительный эффект, поскольку, согласно опросам общественного мнения, именно развязное поведение на дорогах водителей с """"мигалками"""" вызывает раздражение у окружающих, и чем меньше будет """"мигалок"""" на дорогах, тем больше уважения будет вызывать наша власть, тем более понятной она будет для населения.""","""По мнению Озерова, на дорогах столько """"мигалок"""", что население перестает понимать власть и уважать ее.""",entailment,same_target_duplicate,0
"Наполитано подтвердил, что отставка Берлускони ожидается после принятия парламентом Италии пакета антикризисных мер.",Парламент Италии готовится принять пакет антикризисных мер.,entailment,same_target_duplicate,1
"Русофобия, которая была в тренде последние несколько лет — проиграла! По одной простой причине. Потому что ее пытались выдать за глобальную мировую проблему.",Русофобия стала глобальной проблемой.,not_entailment,same_target_duplicate,0
"Прежде чем обратиться в суд за разделом имущества, супруги могут самостоятельно договориться. В этом случае оформляется соглашение о разделе общего имущества супругов. Данный вариант является более предпочтительным, поскольку супруги, в том числе и бывшие, сами определяют имущество, которое достанется каждому из них в результате раздела.","Супруги, в том числе и бывшие, сами определяют имущество, которое достанется каждому из них в результате раздела.",entailment,same_target_duplicate,0
"Сыщики заметили, что почерк всех преступлений был одинаковый, поэтому легко напрашивался вывод, что это сделал один и тот же человек.",Сыщики нашли общие черты в манере совершения этих преступлений.,entailment,same_target_duplicate,1
"В первом периоде преимущество было на стороне наших хоккеистов, однако вратарь хозяев играл безупречно.",Вратарь хозяев был на стороне наших хоккеистов.,not_entailment,same_target_duplicate,2
"К спасательной операции подключились силы Национальной гвардии США и дополнительные полицейские подразделения. На грузовиках они подвезли провиант и воду в районы у восточных склонов Скалистых гор, которые в данный момент оказались полностью блокированы в результате разлива рек. Работы осложняются, так как многие дороги оказались непроходимы из-за оползней, спровоцированных разливом воды.",В Европе наводнение.,not_entailment,same_target_duplicate,1
"Ноябрь и часть декабря удивили сильными морозами, но сейчас погода стабилизировалась и будет тепло.",Сейчас погода начнет удивлять еще больше.,not_entailment,same_target_duplicate,1
"Поскольку предприятие добровольно погасить свою задолженность не спешило, пристав наложил запрет на регистрационные действия в отношении недвижимости фирмы.",Пристав нашел выход из ситуации.,entailment,same_target_duplicate,2
"""""""Я тоже хотел продолжения. Но правила есть правила"""", - заявил Кличко-старший на пресс-конференции после боя, состоявшегося ночью в воскресенье в Москве. """"Рад, что отстоял титул, но, к сожалению, не так, как хотелось бы"""".""","Кличко сказал, что хотел продолжения.",entailment,same_target_duplicate,1
"""Думаю, что большинство желающих стать депутатами от нашей партии уже выразили это желание на этапе праймериз. Предварительные выборы, кстати, оказались очень эффективной процедурой. Потому что у человека появляется возможность не только выразить свое желание стать депутатом, но и проверить себя, что называется, """"в поле"""".""",Предварительные выборы оказались эффективной процедурой.,entailment,same_target_duplicate,1
"Губернатор осмотрел дома, куда заселят работников.",Губернатор осмотрел работников.,not_entailment,diff_target_confirmed,2
"В день президентских выборов американские избиратели отдают свои голоса выборщикам, которые назначаются партийными съездами на уровне штатов, их количество определяется числу представителей каждого штата в конгрессе (сенате и палате представителей). Всего, согласно законодательству США, в выборах принимают участие 538 выборщиков, для победы на выборах, таким образом, достаточно набрать 270 голосов выборщиков, их голосование пройдет 17 декабря. Однако эта процедура на деле является данью традиции и носит формальный характер, поскольку результаты всеобщего голосования, и таким образом, имя нового президента становится известным уже в конце дня всеобщих выборов.",538 выборщиков организуют всенародные выборы в США.,not_entailment,diff_target_confirmed,2
"Прибывшие полицейские обнаружили, что неизвестный почти не оставил следов своего пребывания в доме.",Следов неизвестного в доме было мало.,entailment,diff_target_confirmed,3
"По его словам, для авиакомпаний распространена рекомендация не направлять на острова туристов, поскольку их безопасность не может быть гарантирована.",Острова опасны для туристов.,entailment,diff_target_confirmed,2
"Но дискуссия по этому поводу может стать бесплодной, поскольку в принятом недавно техрегламенте Таможенного союза на зерно функция контроля качества зерна со стороны государства не предусмотрена.",Новый техрегламент Таможенного союза на зерно упустил вопрос о контроле качества зерна государством.,entailment,same_target_duplicate,0
"""Член Общественной палаты РФ, президент адвокатской палаты Москвы Генри Резник рекомендовал ЛГБТ-активисту обратиться в кассационный, а затем и Конституционный суд. """"Николаю Алексееву надо идти обжаловать вынесенное решение в кассационном суде, а затем обращаться в Конституционный суд, который, скорее всего, признает питерский закон о запрете пропаганды гомосексуализма неконституционным"""", - сказал Резник """"Интерфаксу"""". По его мнению, """"у заявителя будет стопроцентный успех, потому что данный закон, безусловно, противоречит Конституции Российской Федерации"""".""","Генри Резник сказал, куда обращаться Николаю Алексееву.",entailment,same_target_duplicate,0
"«Соответствующие российские ведомства занимаются этой темой, это не вопрос президента», - заявил Песков.",Песков сделал заявление.,entailment,same_target_duplicate,0
"Мужчина был пьяный, и ему взбрело в голову дать сыну попробовать пенного. Мать была против, но она не смогла остановить мужа. Она прибежала за помощью к соседке, а та вызвала полицию.",Мать побежала за помощью к соседке.,entailment,same_target_duplicate,0
"В Сомали в прошлом году было потрачено 120 млн. долларов, и мы кормили  более 1 млн. человек, так как там происходили и конфликты, и стихийные бедствия.","В Сомали происходили и конфликты, и стихийные бедствия.",entailment,same_target_duplicate,1
"""""""Все три птицы чувствуют себя хорошо, ведут себя спокойно и уверенно, - сообщают в Ленинградском зоопарке. - Самки и самец расположились в соседних вольерах, но между ними проложили небольшой проход. Места там хватит, чтобы самки могли пройти, а вот самец уже не поместится"""".""",В Ленинградском зоопарке три птицы этого вида.,entailment,same_target_duplicate,1
"Общественный резонанс получил и традиционный Парад Памяти. -Этим парадом мы напомнили россиянам роль Самары в годы Великой Отечественной войны. Это важно, потому что имидж региона работает на его жителей, - уточнил губернатор.",Имидж региона редко работает на его жителей.,not_entailment,same_target_duplicate,1
"Как реализовываются возможности края по производству строительных материалов из местного сырья? - Вообще темпы строительства жилья всегда являются объективным индикатором социально-экономического развития региона. Потому что этот сектор, как вал двигателя, раскручивает десятки других отраслей экономики.",Хорошо развитый сектор строительства тормозит десятки других отраслей экономики.,not_entailment,same_target_duplicate,1
"""По словам Касима Джамаля Сулеймана, руководителя правительственной комиссии по расследованию произошедшего, все """"мученики"""" были выходцами из """"мирных семей, которые никогда не участвовали в вооруженной борьбе с государством"""". """"Они были не согласны с вооруженными группировками, это подтверждает, что у последних был интерес и цель для убийств"""", - сказал Сулейман, добавив, что все погибшие умерли от пуль и """"острых предметов"""", а не от артиллерии. Он также отметил, что правительственные войска не входили в Хулу во время бойни, поскольку пострадавшие районы находятся вдали от их позиций.""","""У """"мучеников"""" были пули и острые предметы.""",not_entailment,diff_target_confirmed,2
"""Руководству РГТЭУ предстоит в максимально сжатые сроки провести реорганизационные мероприятия и дать возможность студентам и преподавателям полноценно учиться и работать в одном из ведущих экономических вузов страны"""", - сказал Ливанов. Студенты РГТЭУ бастовали две ночи подряд - с 18 по 20 декабря против того, что их вуз попал в список вузов с признаками неэффективности. Забастовка была прекращена, поскольку у студентов появилась надежда, что с ситуацией разберутся в руководстве государства.""","Студенты РГТЭУ две ночи подряд бастовали против того, что их вуз попал в список вузов с признаками неэффективности.",entailment,same_target_duplicate,1
"Водителю отомстили моментально. Мусорными пакетами закидали крышу, капот авто, а также повесили один мешок на дворник, расположенной на заднем стекле. И, надо сказать, пользователи поддержали тех, кто наказал водителя.",Водителя наказали мусорными пакетами.,entailment,same_target_duplicate,1
"Супруги поссорились, и мужчина попытался убить жену.","Мужчина попытался убить жену, с которой помирился.",not_entailment,same_target_duplicate,1
"""""""Это решение можно было принять и раньше. Однако о возможности перемен говорили уже давно - это было ожидаемо"""", - сказала Смородская в интервью корреспонденту пресс-центра Министерства спорта РФ. """"На мой взгляд, это движение в правильном направлении, так как оно приводит к здоровой конкуренции"""".""",Перемен ждали давно.,entailment,same_target_duplicate,0
"О том, что в коробке из-под смеси обитают жуки, женщина даже не догадывалась.",Женщина завела новых жуков.,not_entailment,same_target_duplicate,0
"""""""А я никогда не был на этом телеканале, не видел его"""", - сказал """"Интерфаксу"""" Говорухин в пятницу. Также в Твиттере есть высказывания якобы от имени режиссера про изменение состава директоров """"Эха Москвы"""". """"Это тоже бред, я не мог этого заявить, потому что считаю, что это самая талантливая радиостанция, хоть я во многом с ней не согласен, на мой взгляд, она не полезна делу, которым я занимаюсь"""".""","""Говорухин не считает """"Эхо Москвы"""" талантливой радиостанцией.""",not_entailment,diff_target_confirmed,2
"Областной главк полиции сообщает о том, что в регионе проходит операция «Гражданин – Оружие».",Главк полиции сообщил об обнаружении оружия.,not_entailment,diff_target_confirmed,2
"""""""Я надеюсь, они услышат. Это касается премий, доходов.... Нужно понимать, в какой стране мы живем, и не раздражать людей"""", - подчеркнул президент. Позже он добавил: """"То, что пресса """"пощипывает"""" представителей крупного бизнеса и чиновников - это хорошо"""".""","""Президент доволен, что пресса """"пощипывает"""" чиновников и представителей крупного бизнеса.""",entailment,same_target_duplicate,0
"Стало известно, где собираются отмечать праздник Крещения Господня первые лица региона.",Первые лица региона отметят Крещение.,entailment,diff_target_confirmed,2
"""Есть еще нерешительная пара  -  экскурсовод и повар придорожного кафе, которым достается сюжет Пиросмани про миллион алых роз. Ну, и, наконец, героиня Анны Михалковой, без промаху продолжающая найденную ранее и успешно продолженную актрисой  в """"Кококо"""" комедийную расшифровку своего таланта. В """"Любви с акцентом"""" она бесстрашно отправляется в """"отпуск по зачатию"""", потому что дома уже совсем не получается.""",Экскурсовод и повар придорожного кафе весьма решительны.,not_entailment,diff_target_confirmed,2
"Огонь удалось потушить через восемь минут. Есть пострадавший. Также одна часть дома сгорела, вторая выгорела.",Вторая часть дома выгорела.,entailment,same_target_duplicate,1
"Как сообщает Государственная инспекция труда, водитель подготавливал дежурный автомобиль.",Водитель уже подготовил дежурный автомобиль.,not_entailment,diff_target_confirmed,2
"Почти при входе в помещении бытовки горел строительный мусор. В дальнем углу здания огнеборцы заметили 52-летнего мужчину. Самостоятельно покинуть горящее помещение пострадавший не мог, так как был сильно пьян.",Пьяному было 52 года.,entailment,same_target_duplicate,0
"Мужчины знали, что у бизнесмена всегда при себе имеются деньги.","Мужчинам кто-то сказал, что у бизнесмена всегда имеются при себе деньги.",not_entailment,same_target_duplicate,0
"""По его мнению, """"оргкомитет просто не сможет удержать людей, чтобы не выступить в центре Москвы"""". По словам Удальцова, предложение провести митинг на Манежной площади не нашло понимания у представителей городской администрации. """"Другие варианты мы не стали предлагать, поскольку это привело бы к эскалации конфликта"""", - сказал он.""","Удальцов рассказал, что они не стали усиливать конфликт новыми предложениями.",entailment,same_target_duplicate,0
"Как сообщают очевидцы в социальных сетях, в Новом городе на пересечении проспектов Ленинского Комсомола и Ульяновского лоб в лоб столкнулись две легковушки.",Легковушки столкнулись задними бамперами.,not_entailment,same_target_duplicate,0
"В одном из интернет-магазинов она заказывала продукты. Спустя пару дней после получения товара ей позвонил неизвестный, который представился сотрудником отдела обслуживания клиентов интернет-магазина и поинтересовался качеством купленного товара. Женщина ответила, что продукты ей не понравились.",Женщина заказывала продукты в соседнем городе.,not_entailment,diff_target_confirmed,2
"Автор сообщения утверждал, что трое парней, в том числе и водитель, были пьяные.",Автор сообщения не был пьян.,not_entailment,same_target_duplicate,0
"""""""Это серьезная прибавка"""", - сказал журналистам в пятницу экс-министр финансов, который приехал на министерскую конференцию ВТО в Женеву по приглашению руководителя организации Паскаля Лами. """"Больше сможем производить, больше рабочих мест и инвестиций. Потому что сможем торговать на других рынках более свободно, можем расширять производства более смело"""", - отметил он.""",Экс-министр финансов поделился оптимистичным прогнозом с журналистами.,entailment,same_target_duplicate,0
"""В момент совершения преступления был одет во все черное. """"Его приметы: был одет в синюю куртку фирмы """"Найк"""", серые спортивные штаны, черную вязаную шапку, волосы до плеч"""", - отмечает пресс-служба ведомства. Сотрудники полиции просят горожан не выходить на улицу, так как в городе проходит спецоперация.""",В городе проходит спецоперация.,entailment,same_target_duplicate,1
"Для этого они изучили запросы, которые делали все эти дни жители Дона.",Они изучили ответы жителей Дона.,not_entailment,same_target_duplicate,1
"""""""Еще в четверг, 25 октября Леонид лично написал заявление в СКР с требованием возбудить дело по ст.126 (похищение) УК РФ. Я находился вместе с ним в изоляторе, и могу однозначно это подтвердить"""", - сказал Фейгин. По его словам, он передал заявление сотрудникам СИЗО, так как выносить какие-либо документы из изолятора запрещено.""",Фейгин рассказал о просьбе Леонида возбудить дело о похищении.,entailment,same_target_duplicate,0
"Была угроза того, что огонь перекинется на соседние дома.",Огонь угрожал перекинуться на соседние дома.,entailment,same_target_duplicate,1
"""Он добавил, что поскольку письмо было оформлено с нарушениями, оно отправлено заявителю для устранения """"недостатков"""".""",Письмо было оформлено с нарушениями.,entailment,same_target_duplicate,1
"Однако жилеты были надеты не на всех людей, чьи тела на данный момент удалось обнаружить.",Все тела были одеты в жилеты.,not_entailment,same_target_duplicate,1
"Вину женщина признала частично признала. Мотивом к совершению преступлений была ревность. Похищенные вещи обвиняемая считала своими, так как они были куплены на ее деньги, - рассказали в пресс-службе областной прокуратуры.",Женщина украла вещи.,entailment,same_target_duplicate,1
"""Трудовые мигранты - и проблема, и надежда России, заявил президент России Дмитрий Медведев в субботу в ходе общения с региональными журналистами. По его словам, для некоторых городов мигранты """"это действительно большая проблема, особенно для относительно небольших городов, где поток мигрантов может просто разрушить трудовой баланс, и за этим нужно следить"""". ""","Медведев не нашел слов, говоря о мигрантах.",not_entailment,diff_target_confirmed,2
"Близкими к новому главе государства являются фигуры, которых он знает не со вчерашнего дня и кому он может доверять.",У нового главы государства нет близких фигур.,not_entailment,same_target_duplicate,0
"Замоскворецкий суд Москвы постановил провести комплексную экспертизу по делу против чемпиона мира по боевому самбо Расула Мирзаева, который нанес 19-летнему Ивану Агафонову удар, ставший смертельным. Вопрос о проведении новой экспертизы был поставлен председательствующим на процессе судьей. Сторона потерпевших согласилась с необходимостью провести новое исследование, поскольку увидела противоречия в предыдущих.",Чемпион мира по боевому самбо Расул Мирзаев нанес 19-летнему Ивану Агафонову смертельный удар.,entailment,same_target_duplicate,1
"В тетрадке, где он вел записи, парень делал и зарисовки, в частности изображал орудия охоты.",Парень писал и рисовал.,entailment,same_target_duplicate,0
"В ограблении кафе на Ладожском вокзале пострадала несовершеннолетняя девушка, которая была здесь на стажировке.",Стажерка пострадала во время ограбления.,entailment,same_target_duplicate,1
"Когда на место приехали сотрудники полиции, они составили описание со слов свидетельницы.",Полицейские составили описание со слов свидетельницы.,entailment,same_target_duplicate,1
"""""""Мы занимались школьным интернетом, теперь пришла пора позаниматься интернетом в общежитиях высших учебных заведений"""", - заявил Д.Медведев в четверг на совещании по вопросам социального положения студентов. Президент проводит совещание на базе Российского университета дружбы народов, где, по его словам, в учебных корпусах и общежитиях интернет есть, """"но так - далеко не везде"""".""",В вузах ограничат использование интернета.,not_entailment,same_target_duplicate,0
"""Ей позвонил человек, представился сотрудником Пенсионного фонда и предложил подключить ей услугу """"Мобильный банк"""".""","""Сотрудник Пенсионного фонда подключил ей услугу """"Мобильный банк"""".""",not_entailment,same_target_duplicate,0
"Напомним, трое слуг народа выдвинули инициативу отмены прямых выборов мэра.",Трое депутатов хотят отменить прямые выборы мэра.,entailment,diff_target_confirmed,2
"О стихах Галины Колесниковой говорить легко и трудно. Легко – потому что это истинная поэзия, идущая от сердца к сердцу. Трудно – потому что автор особенный, пребывающий в поэтической зрелости.","Галина Колесникова - автор особенный, пребывающий в поэтической зрелости.",entailment,same_target_duplicate,1
"На них горожане могут купить хвойные деревья и лапник, пишет пресс-служба администрации.",Горожане купили хвойные деревья и лапник.,not_entailment,diff_target_confirmed,2
"Экспертиза также подтвердила, что права ненастоящие. Впоследствии водитель признался, что приобрел удостоверение через интернет в Туле несколько лет назад. Раньше предъявлять документ полицейским ему не приходилось, так как за руль он садится крайне редко.",Фальшивым правам было несколько лет.,entailment,same_target_duplicate,2
"""Парламентское большинство не считает необходимым проводить специальное расследование в Госдуме в связи с ситуацией вокруг помощника депутата-эсера Ильи Пономарева - Леонида Развозжаева, который утверждает, что в отношении него применялись пытки после задержания. """"В нашей стране есть орган - Генеральная прокуратура, которая занимается подобными расследованиями"""", - сказал журналистам в среду руководитель фракции """"Единая Россия"""" в Госдуме Андрей Воробьев. По его словам, парламентское большинство не будет инициировать такого рода расследование, так как считает, что соответствующие ведомства в состоянии сами ответить на все вопросы, возникающие вокруг данной ситуации и дать исчерпывающую информацию.""","""Руководитель фракции """"Единая Россия"""" сказал, что парламентское большинство инициирует расследование насчет предполагаемых пыток помощника депутата после задержания.""",not_entailment,diff_target_confirmed,2
"""Придавило ногу мужчине 1968 года рождения. Сотрудники аварийно-спасательной службы Мурманской области оказали ему помощь и передали работникам скорой, - поведала """"КП"""" пресс-секретарь регионального МЧС Наталья Козырева. Скорее всего, пострадавший северянин остался жив, так как данные о нем не поступали в следственный комитет.""",Северянина передали полицейским.,not_entailment,same_target_duplicate,1
"Министр отметил, что вопрос сейчас стоит в другом. - Должна вестись системная работа с женщиной и семьей. И я считаю, что уговоры женщин сохранить плод – это, конечно, не репродуктивное насилие, - подчеркнул министр.",Уговоры – это не насилие.,entailment,same_target_duplicate,1
"""Боксер Денис Лебедев не исключил, что в команде Александра Поветкина есть предатель, который мог «подсыпать» ему допинг. Напомним, ранее стало известно, что перед боем за титул """"временного"""" чемпиона мира по версии Всемирного боксерского совета (WBC) с канадцем Бермейном Стиверном в допинг-пробе россиянина был обнаружен запрещенный препарат остарин. В результате бой был отменен, так как соперник отказался его проводить.""",Поветкина точно предали.,not_entailment,same_target_duplicate,0
"Королева Великобритании Елизавета II одобрила принятый ранее парламентом законопроект о легализации однополых браков, сообщают в среду местные СМИ. Таким образом, этот нормативный акт вступил в законную силу. Ожидается, что первые однополые браки будут заключены не ранее следующего лета, так как властям страны необходимо разрешить ряд бюрократических вопросов, связанных с регистрацией таких союзов.",Власти Великобритании уже регистрируют первые однополые браки.,not_entailment,same_target_duplicate,0
"Они попытались остановить авто, но водитель проигнорировал их.",Они не смогли остановить машину.,entailment,diff_target_confirmed,2
"Умирающая девушка успела рассказать, что ее ударил ножом их собутыльник за то, что она его оскорбила, а потом быстро убежал. Сотрудница котельной вызвала полицию и «скорую». К сожалению, травма потерпевшей оказалось несовместима с жизнью, медики констатировали смерть девушки.",Девушка выжила.,not_entailment,same_target_duplicate,0
"""Была установлена личность подозреваемого - 27-летнего мужчины. По словам задержанного, он был давно влюблен в жену убитого и различными способами добивался ее внимания. """"Так как женщина не хотела с ним общаться, он решил похитить ее мужа"""", - говорится в сообщении.""",27-летний мужчина задержан.,entailment,same_target_duplicate,0
"Всех пострадавших медики доставили в ближайшую больницу. Областной главк полиции сообщает, что водители находились в трезвом состоянии. По факту дорожного инцидента проводится проверка, после которой примут соответствующее процессуальное решение.",Пострадавшие попали в новую клинику.,not_entailment,same_target_duplicate,1
"В одной из комнат он нашел икону, которую забрал с собой, чтобы продать.",Он продал комнату.,not_entailment,same_target_duplicate,0
"Косвенная связь есть. Она человек публичный, таскала меня с собой на все светские мероприятия. Когда все это закончилось, остался один футбол, и все стало лучше.",Футбол у меня остался.,entailment,same_target_duplicate,1
"""Драка между водителем и остановившим его инспектором ДПС произошла накануне вечером на северо-западе Москвы, рассказал в воскресенье """"Интерфаксу"""" источник в правоохранительных органах. По его словам, в субботу около 23:00 в Первом Тушинском проезде 47-летний капитан дорожной инспекции остановил автомашину Opel за нарушение правил дорожного движения. От управлявшего ею москвича, рассказал собеседник агентства, чувствовался запах спиртного, и офицер предложил водителю пройти освидетельствование в наркологическом диспансере, однако тот отказался. Так как отказ от освидетельствования является правонарушением, за которое предусмотрено лишение прав, то инспектор начал составлять протокол - и в этот момент, как утверждает источник, москвич с кулаками набросился на офицера.""",Водитель набросился на инспектора ДПС.,entailment,same_target_duplicate,0
"Догадки стражей порядка подтвердились. Как выяснилось, вор продал украденное. Свою вину он отрицать не стал и даже указал, кому он сбыл аппарат.",Стражи порядка ни о чем не догадались.,not_entailment,same_target_duplicate,1
"""""""Немцова повезли в его дом, где уже полчаса идет обыск"""", - сказал """"Интерфаксу"""" адвокат оппозиционера Вадим Прохоров. Немцов явился на допрос около полутора часов назад. Накануне следователям не удалось попасть к оппозиционеру домой, поскольку его самого там не было.""",Немцов прибыл на допрос ровно полтора часа назад.,not_entailment,same_target_duplicate,1
"Стражи порядка на дорогах решили остановить иномарку, чтобы проверить документы водителя. Так как вёл себя он не как самый трезвый участник дорожного движения, то полицейские провели медицинское освидетельствование. Оно показало, что в крови задержанного действительно был алкоголь.",В крови задержанного алкоголь не обнаружили.,not_entailment,same_target_duplicate,0
"Каждый год в этой сфере происходят изменения, поскольку деятельность нотариусов тесно связана с общим повышением правового уровня в государстве.",В нотариальной сфере каждый год что-то меняется.,entailment,same_target_duplicate,0
"""""""Следственные органы СК России по Республике Татарстан приняли решение отменить меру пресечения в отношении семерых подозреваемых в убийстве заместителя муфтия духовного управления мусульман Татарстана Валиуллы Якупова, а также в покушении на убийство муфтия республики Илдуса Файзова. К ним применена мера процессуального принуждения - с подозреваемых отобрано обязательство о явке"""", - говорится в сообщении пресс-службы, размещенном на сайте СКР в четверг. В нем отмечается, что такое решение было принято следователями, так как подозреваемыми были проведены все необходимые следственные действия.""",Следственные органы СК России по Республике Татарстан заключили подозреваемых под стражу.,not_entailment,same_target_duplicate,1
"«Девятка» получила значительные повреждения. С места происшествия «скорая» увезла в больницу четырех человек. В настоящее время устанавливается, пассажиры и водители каких машин конкретно пострадали.",После происшествия четверо попали в больницу.,entailment,same_target_duplicate,0
"Уголовное дело в отношении парня возбудили после того, как неравнодушные граждане пожаловались на него в полицию.",На неравнодушных граждан завели уголовное дело.,not_entailment,diff_target_confirmed,3
"После розыгрыша углового Натхо навесил на Маркано, но тот попал в каркас ворот. В итоге Навас был первым на подборе и закончил начатое партнером - 1:0. Датчане на это ответить никак не могли, потому что были заняты обороной.",Навас забил гол.,entailment,same_target_duplicate,0
"Один из вернувшихся в Нидерланды из Донбасса журналистов заявил, что голландская полиция конфисковала у него и его коллеги материалы по крушению MH17. По словам Стефана Бека, правоохранители забрали не только телефон, ноутбук и камеру, но и предметы, найденные на месте падения малайзийского Boeing 777-200. Как отметил журналист, в голландской прокуратуре объяснили это тем, что сами не могут собрать подобный материал, поскольку в регионе, где произошло крушение, «слишком опасно».","Голландская полиция присвоила вещественные доказательства, собранные журналистом.",entailment,diff_target_confirmed,2
"Прибывшие полицейские обнаружили, что неизвестный почти не оставил следов своего пребывания в доме.",Неизвестный не оставил следов своего пребывания в доме.,not_entailment,diff_target_confirmed,2
"Концерт стал знаменателен и тем, что во время выступления певица презентовала свой новый альбом.",У певицы отменяется следующий концерт.,not_entailment,same_target_duplicate,1
"Трагедия произошла из-за того, что водитель машины забыл закрыть дверь.",Водитель машины не закрыл дверь.,entailment,same_target_duplicate,2
"На этих территориях ввели ограничения по перевозке птицы, кормов и добавок. Сейчас в муниципалитете ведется вакцинация птиц. Вскоре специалисты возьмут анализ крови пернатых, которым противовирусные прививки делали в октябре прошлого года.","В октябре прошлого года птиц вакцинировали, в этом только берут анализ крови.",not_entailment,same_target_duplicate,0
"Напомним, трое слуг народа выдвинули инициативу отмены прямых выборов мэра.",Прямые выборы мэра отменили.,not_entailment,diff_target_confirmed,2
"Он воспользовался тем, что владелец машины отлучился, оставив ключи, и решил покататься. В этот момент на заднем сидении находилась пассажирка. Преступник находился в состоянии сильного алкогольного опьянения, по этой причине и не справился с управлением.",Мужчина угнал машину вместе с пассажиркой.,entailment,diff_target_confirmed,2
"По следам, оставленным на месте преступления, было установлено, что налетчиком является 38-летний ранее судимый мужчина. Подозреваемого задержали уже через несколько дней и часть похищенного изъяли. Он рассказал полицейским, что сознательно пошел на ограбление.",По следам установили личность налетчика.,entailment,same_target_duplicate,0
"Календари охватывают период ожидания Рождества Христова, который длится около четырех недель.",Календари охватывают примерно двухмесячный период.,not_entailment,same_target_duplicate,0
"Дом по адресу Ленина  63а является нежилым. Во многом благодаря этому обошлось без жертв. У здания два этажа: из кирпича и дерева. В результате пожара сгорели крыша и пристрой, обгоревшими оказались потолок, стены изнутри и снаружи, пол.",По адресу Ленина  63а сгорел жилой дом.,not_entailment,same_target_duplicate,1
"У троих участников драки диагностированы различные травмы. Что интересно, в полиции все они заявили, что претензий друг к другу не имеют.",Участники драки недовольны друг другом.,not_entailment,same_target_duplicate,0
"62-летний электромонтер спустился вниз на веревке, ему стало плохо, он упал. Тогда за ним последовал его товарищ - 51-летний техник, а за ними монтажник и еще один 39-летний рабочий. Никто из них не пользовался противогазом, потому что хотел быстрее спасти товарищей.",Четыре работника спускались по веревке.,entailment,same_target_duplicate,1
"В дежурную часть отдела полиции Пролетарского района поступило сообщение о том, что на одной из улиц города неизвестный похитил у гражданина мобильный телефон, - рассказали в правоохранительных органах.",В дежурную часть сообщили о краже телефона.,entailment,same_target_duplicate,1
"Специалисты трудовой инспекции провели внеплановую проверку на заводе и выяснили, что предприятие действительно имеет большие долги по зарплате.",Завод не полностью выплатил зарплату.,entailment,diff_target_confirmed,2
"В Сомали в прошлом году было потрачено 120 млн. долларов, и мы кормили  более 1 млн. человек, так как там происходили и конфликты, и стихийные бедствия.",Мы ездили в Сомали в прошлом году.,not_entailment,diff_target_confirmed,2
"Я просто об этом даже не думаю, потому что если кто-то что-то захочет, никуда не спрячешься.",Я об этом не думаю.,entailment,same_target_duplicate,1
"""""""Законопроект, безусловно, полезный и крайне своевременный, поскольку блокировать следует не только порнографические сайты, но и ресурсы экстремистской направленности"""".""","Блокировать следует и сайты, и ресурсы.",not_entailment,same_target_duplicate,1
"Женщины были привлечены к административной ответственности и получили штраф - по 3 тысячи рублей каждая, - сообщили в пресс-службе областного суда. Также с нижегородок взыскана стоимость грибов из расчета 600 рублей за 1 кг.",С нижегородки взыскали стоимость грибов.,entailment,same_target_duplicate,1
"Но она не поверила ему, так как слышала о мошенниках.",Она засомневалась.,entailment,same_target_duplicate,3
"Парни, как выяснилось, ушли из дома во Владимирской области, не поставив в известность родителей.",Парни ушли из дома без спроса.,entailment,same_target_duplicate,2
"Параллельно рабочие вели монтаж балок на уже готовые опоры. Таким образом, в настоящий момент смонтирована 21 балка, осталось еще 14 балок, – сообщил генеральный директор Примавтодор Дмитрий Горлов. Старый мост строители разобрали, поскольку он был в аварийном состоянии.",Рабочие строят новый мост.,not_entailment,same_target_duplicate,0
"Обе купюры оказались поддельными. - По данным фактам проводятся проверки, - заверили в полиции. Стражи порядка также напоминают, что в случае, если к вам в руки попала фальшивая купюра, нужно сразу же обратиться в полицию.",Стражи порядка нашли фальшивую купюру.,not_entailment,diff_target_confirmed,3
"Проект детского сада участвует в программе по субсидированию строительства детских дошкольных учреждений, поэтому финансироваться строительство, вероятно, будет из федерального бюджета.",Финансироваться строительство будет только из федерального бюджета.,not_entailment,same_target_duplicate,0
"Сейчас эта история готовится стать достоянием общественности. Свою проверку проводит следственный комитет. Как рассказали в пресс-службе ведомства, с поставщиками и подрядчиками руководство завода рассчитывалось.",История еще не стала достоянием общественности.,entailment,diff_target_confirmed,2
"По его словам, после ухода с поста президента он пока не собирается занимать какие-нибудь государственные должности, будет проводить больше времени с семьёй, но и насовсем уходить из политики тоже не намерен.","Бывший президент намерен уйти из политики насовсем, чтобы больше времени проводить с семьей.",not_entailment,diff_target_confirmed,3
"Женщину доставили в больницу, за ее жизнь сейчас борются врачи.",Женщину спасают врачи.,entailment,diff_target_confirmed,3
"На вопрос классного руководителя о причинах их появления мальчик ответил, что подрался со старшим братом.",Мальчик подрался со старшим братом.,not_entailment,diff_target_confirmed,2
"""Он добавил, что машины, стоящие в заторах с включенными двигателями, наносят колоссальный ущерб экологии. В результате, по его словам, многие инвесторы начинают обходить стороной город, где невозможно в разумное время проехать из одного конца в другой. Таким образом, по его словам, складывается """"тревожная тенденция"""", так как через несколько лет могут произойти неприятные последствия инвестиционного спада, которые могут повлечь снижение личных доходов жителей города и сокращение доходов бюджета.""",Пробки в городе отпугивают инвесторов.,entailment,same_target_duplicate,1
"Деньги у девушки пропали, когда она ехала в такси.","Когда девушка вышла из такси, денег не было.",entailment,same_target_duplicate,1
"""Это просто разная аудитория. За счет того, что в """"Спорт-Экспрессе"""" много хороших журналистов, у нас газета, по большому счету,  авторская. Потому что люди читают не только информацию, они читают, как это написано.""","Люди читают только информацию, а не как это написано.",not_entailment,same_target_duplicate,0
"Как пояснили в пресс-службе городской администрации, в качестве конкурентного преимущества представители бизнеса предлагают использовать технологию «сложения потенциалов», состоящую в создании замкнутых циклов из отдельных разрозненных экономических цепочек.",«Сложение потенциалов» - это создание замкнутых циклов из отдельных разрозненных экономических цепочек.,entailment,same_target_duplicate,1
"Как констатируют в областной полиции, проблема пьянства за рулем продолжает оставаться для Еврейской автономии актуальной.",В Еврейской автономии никогда не водят пьяными.,not_entailment,same_target_duplicate,0
"В отделение полиции обратился пациент больницы. Он объяснил, что вышел на несколько минут, а когда вернулся, не обнаружил в палате планшет и своего соседа. Как оказалось, пока мужчины не было, другой больной забрал планшет, связал несколько простыней и по ним сбежал через окно.",Пациента наградили планшетом.,not_entailment,same_target_duplicate,1
"В настоящее время производственная  мощность завода составляет 150 тысяч автомобилей в год, и при благоприятной тенденции продаж планируется до 2012 года увеличить производство до 200 тысяч автомашин. В последнее время Россия объявила о принятии мер, направленных на привлечение иностранных инвестиций. Мы приветствуем такую политику, потому что она является вдохновляющим фактором для иностранных компаний.",Мы приветствуем политику привлечения инвестиций из-за рубежа.,entailment,same_target_duplicate,0
"""Правозащитники предлагают сократить область применения в России понятия """"экстремистская деятельность"""" и отказаться от списка запрещенной экстремистской литературы. """"Должно быть резко сокращено применение понятия """"экстремистская деятельность"""", кроме случаев самих насильственных преступлений, призывов к насильственным преступлениям, либо организованной деятельности, связанной с насильственными преступлениями"""", - заявил на пресс-конференции в центральном офисе """"Интерфакса"""" в среду директор информационно-аналитического центра """"Сова"""" Александр Верховский. Он также предложил отказаться от федерального списка запрещенных экстремистских материалов, так как он, по мнению правозащитника, """"не работает"""".""","""Правозащитники недовольны слишком широкой областью применения в России понятия """"экстремистская деятельность"""". """,entailment,diff_target_confirmed,2
"В Ростовской области спасатели обнародовали количество жителей, которые окунулись на Крещение.",В Ростовской области подсчитали утонувших на Крещение.,not_entailment,diff_target_confirmed,2
"Однако тот попытался нанести одному из хоругвеносцев удар, и был задержан полицией. Православные активисты не пускают людей с белыми лентами оппозиции к входу в Храм Христа Спасителя. Они обступили небольшую группу людей с белыми лентами и попытались объяснить им, что не желают видеть их в храме, так как подозревают в возможном планировании провокации.",Православные активисты не дают людям с белыми лентами оппозиции пройти ко входу в Храм Христа Спасителя.,entailment,same_target_duplicate,1
"""У болельщиков ярославского футбольного клуба """"Шинник"""" - радость: можно будет сходить и посмотреть, как тренируется любимая команда.""","""Ярославских болельщиков пустят на тренировки """"Шинника"""".""",entailment,same_target_duplicate,1
"Животное пыталось выбраться, но сил уже не хватало. Девушки подбежали к проруби, начали подзывать собаку к себе. Когда она подплыла поближе, они вытащили ее из воды.",Собака попала в прорубь.,entailment,same_target_duplicate,0
"Он отметил, что он ожидает также разъяснение от министерства образования и науки РФ, которое является оператором по договору об усыновлении, из которого Россия вышла.",Россия вышла из договора по усыновлению.,entailment,same_target_duplicate,0
"В экстренные службы поступило сообщение о взрывных устройствах в зданиях Ленинградского, Ярославского и Казанского вокзала. «Поступила информация об угрозе взрыва сразу на двух столичных вокзалах: Ярославском и Казанском. По предварительным данным, причиной проверки стал анонимный звонок», - рассказал представитель экстренных служб.",Анонимный звонок предупредил об аварии на вокзале.,not_entailment,same_target_duplicate,1
"На вопрос классного руководителя о причинах их появления мальчик ответил, что подрался со старшим братом.",Мальчик подрался.,not_entailment,diff_target_confirmed,2
"""""""После инцидента 15 августа 2011 г. ко мне приезжал молодой человек со стороны Агафонова, он требовал видеозапись с камер наблюдения"""", - рассказал он. По его словам, угрожавший обещал """"всем устроить, так как побили хорошего человека"""". """"Я отказал, так как это могут требовать только правоохранительные органы"""", - сообщил Береговой.""",Береговой не отдал запись молодому человеку.,entailment,diff_target_confirmed,3
"Срок был продлен на два года, поскольку для обладателей патентов необходим переходный период для того, чтобы иметь возможность адаптироваться к деятельности в качестве индивидуальных предпринимателей.",Обладатели патентов сейчас адаптируются к деятельности в качестве индивидуальных предпринимателей.,entailment,same_target_duplicate,0
"Ноябрь и часть декабря удивили сильными морозами, но сейчас погода стабилизировалась и будет тепло.",Теперь будет тепло.,entailment,diff_target_confirmed,2
"Пока ехала «скорая», очевидцы пытались оказать пенсионерке помощь.","""Очевидцы в """"скорой"""" пытались помочь женщине.""",not_entailment,same_target_duplicate,1
"В одном из интернет-магазинов она заказывала продукты. Спустя пару дней после получения товара ей позвонил неизвестный, который представился сотрудником отдела обслуживания клиентов интернет-магазина и поинтересовался качеством купленного товара. Женщина ответила, что продукты ей не понравились.",Женщина заказывала продукты в Сети.,entailment,diff_target_confirmed,2
"В квартире на 2 этаже находился 70-летний хозяин, когда неожиданно раздался громкий хлопок и погас свет. Оказавшись на кухне, мужчина увидел огонь. После попытки самостоятельно потушить пламя хозяин попытался выйти наружу, потому что из-за дыма стало нечем дышать.",На кухне сушился хлопок.,not_entailment,diff_target_confirmed,2
"""Также ребята, в рамках акции """"Студенческий десант"""", узнали о комплексе """"Безопасный город"""", и задали стражам порядка вопросы.""",Ребята задали вопросы.,entailment,same_target_duplicate,1
"Они поделились опытом работы своих первичных отделений, выказали предложения по усовершенствованию нормативно-правовой базы во всех сферах, задали вопросы руководителям министерств, ведомств, модераторам площадок. Я уверен, что они после съезда обязательно поделятся со своими коллегами своими впечатлениями от услышанного здесь. Сегодня на площадке, где я был - «Качество государства», как раз говорили про те требования, которые касаются совершенствования нашего законодательства на региональном и федеральном уровнях.","""Сегодня я был """"Качеством государства"""".""",not_entailment,same_target_duplicate,1
"Среди похищенной продукции компании Apple - по два планшета второго и третьего поколений и один четвертого. Общая стоимость украденной техники составляет не менее $3 тыс., отмечает издание. По данным полиции, пропажа была замечена только сейчас, поскольку сотрудники центра вышли на работу после череды праздничных дней.",После праздников в центре недосчитались пяти планшетов Apple.,entailment,same_target_duplicate,2
"С такими словами он выступил на заседании коллегии Минобороны. «Можно с уверенностью сказать: мы сегодня сильнее любого потенциального агрессора», - сказал Путин. При этом он призвал военное ведомство не расслабляться, поскольку при малейшей оплошности угроза может застать врасплох.",Путин призвал военное ведомство расслабиться.,not_entailment,diff_target_confirmed,2
"Представители активной молодежи Саратовской области на пресс-конференции в «КП»-Саратов затронули важные темы для студенчества и молодежи. Говоря о развитии студенческого сообщества, региональный куратор ассоциации студенческих коммуникаций «Кампус» Дмитрий Горбунов подчеркнул, что их сообщество впервые появилось в регионе в этом году.",На пресс-конференции побывали представители активной молодежи.,entailment,same_target_duplicate,1
"""В сеть выложили ролик, как маршрутка улетела в сугроб, уходя от столкновения с легковушкой.""",Маршрутка столкнулась с легковушкой в сугробе.,not_entailment,diff_target_confirmed,2
"В 2.07 огонь был локализован, а в 2.16 ликвидирован. Здание полностью осталось без крыши и серьезно обгорело, как внутри, так и снаружи. Но так как блок был хозяйственным, при пожаре никто не пострадал.",Между локализацией и ликвидацией огня прошло 9 минут.,entailment,same_target_duplicate,0
"Производители молока подали в суд, который в итоге вынес решение.",Производители молока угостили суд.,not_entailment,diff_target_confirmed,2
"""Сам Удальцов заявлял, что врачи действуют под давлением полицейских. """"Власти избрали тактику поддержания у меня минимального жизненного уровня. В этих условиях я вынужден продолжать голодовку, поскольку никакой вины за собой не вижу"""", - сообщил он.""",Удальцов продолжает голодовку.,entailment,same_target_duplicate,0
"Навас пробил с острого угла, вратарь забрал мяч. Роналду очень красиво упал, а потом так же красиво встал. Потому что никакого нарушения и не было.",Роналду упал и встал.,entailment,same_target_duplicate,0
Учредителем центра стала Государственная канцелярия.,Государственная канцелярия учредила несколько центров.,not_entailment,same_target_duplicate,0
"Также родственники погибшего под колесами мужчины требуют компенсации морального вреда. Всего они запросили 2 млн рублей. Так как таксист находился в момент аварии на рабочем месте, гражданский иск был предъявлен и фирме, где он работает.",Сервису такси предъявили иск за невежливых таксистов.,not_entailment,diff_target_confirmed,2
"""Еще одно достоинство картины - это действительно высококлассные спецэффекты. После этого фильма вполне может статься, что голливудские продюсеры начнут задумываться о переносе производства в Болливуд, ведь, судя по всему, там можно делать боевики, которые в США стоят 100 миллионов, всего за 20. Возможно, такую цель и преследовали создатели """"Случайного доступа"""", потому что он действительно выглядит, как рекламный ролик.""",В Болливуде сняли фильм с качественными спецэффектами.,entailment,diff_target_confirmed,2
