premise,hypothesis,label,methods,n_methods
"Девушка работала в павильоне торгового центра, где продавала косметику и парфюмерию.",Девушка продавала ткани в торговом центре.,not_entailment,"cleanlab, ds2",2
"В городе Ветлуга Нижегородской области на пожаре погибла пенсионерка. По данным регионального ГУ МЧС, частный дом на улице Урицкого загорелся во втором часу ночи. Поскольку все спали, пожар заметили поздно, драгоценное время было упущено.",Все спали и не видели пожара.,entailment,"cleanlab, datamaps",2
"Преступник ударил в живот сначала одну сестру, потом вторую, после чего зачем-то повел младшую в неизвестном направлении. На улице девушка стала говорить, что ей плохо. Тогда парень разбил окно в одном из домов, затащил ее туда, но, услышав, что кто-то идет, сбежал.",На улице девушке стало плохо.,not_entailment,"cleanlab, datamaps, ds2",3
"В четверг, 29 декабря, Черемушкинский суд Москвы принял решение об аресте 17-летнего парня, которого обвиняют в убийстве своего 10-летнего брата . Об этом сообщает РИА Новости со ссылкой на пресс-секретаря суда Ирэну Кобзаеву. Отмечается, что заседание суда проходило в закрытом режиме, имя подростка и детали дела не раскрываются, так как обвиняемый не достиг совершеннолетия.",Парень мог убить брата.,entailment,"cleanlab, datamaps, ds2",3
"За время работы ее посетили свыше тысячи человек, сообщает министерство здравоохранения.",Посетителей было больше тысячи.,entailment,"cleanlab, ds2",2
"Девочка рассказала обо всем матери, и та заявила в полицию. Возбуждено уголовное дело. Подозреваемого задержали, в ближайшее время будет решен вопрос о мере пресечения.",Против матери возбуждено уголовное дело.,not_entailment,"cleanlab, datamaps",2
"У троих участников драки диагностированы различные травмы. Что интересно, в полиции все они заявили, что претензий друг к другу не имеют.",Участники драки заявили друг на друга в полицию.,not_entailment,"cleanlab, datamaps",2
"В среду, 9 ноября, глава ведомства Александр Нерадько сказал журналистам, что Росавиация готова отложить принятие решение об аннулировании лицензии дискаунтера на три месяца.",В среду Нерадько общался с журналистами.,entailment,"cleanlab, ds2",2
"Только жители региона могут по-настоящему оценивать работу губернатора, а не журналисты, считает глава Мурманской области Марина Ковтун. Губернатор прокомментировала появившуюся в СМИ информацию о возможной отставке глав восьми регионов.","Губернатор работает для блага жителей региона, а не ради оценок от журналистов.",entailment,"cleanlab, datamaps",2
"""""""Лимузин сломался, так как он был ошибочно заправлен не тем типом топлива"""", - говорится в сообщении.""",В сообщении сказано о плохом качестве топлива.,not_entailment,"cleanlab, ds2",2
"""Как отмечается в сообщении, данная информация опубликована на странице """"Обращение за визой США"""", а также при входе в консульский отдел посольства. Как ранее разъяснили в посольстве США, при обращении за визой на сайте  заявители видят объявление, в котором говорится: """"Пожалуйста, примите во внимание: не разрешается проносить (а) электронные устройства (за исключением мобильного телефона, размеры которого не превышают 3см X 13см Х 6см); (б) предметы, которые могут быть использованы как оружие; (с) большие сумки, включая портфели, рюкзаки, чемоданы, спортивные сумки и т.п. Поскольку сотрудники посольства не принимают на хранение такие предметы, их владельцам может быть запрещен вход в здание Посольства"""".""",В Посольство США с планшетом не пройдешь.,entailment,"cleanlab, datamaps",2
"Прошу подойти ответственно к этому вопросу. Поставить галочку и забыть — не выйдет. Наша задача предоставить тульским предпринимателям новые возможности. Что губернатор сказал про медицину, читайте здесь.",Вопрос требует ответственного подхода.,entailment,"cleanlab, ds2",2
"Как рассказали «Комсомольской правде» в пресс-службе администрации региона, собравшиеся обсудили реализацию государственной политики по физкультуре и спорту.",Собравшиеся осудили реализацию государственной политики по физкультуре и спорту.,not_entailment,"cleanlab, ds2",2
"""""""И это не огульное заявление, а информация, основанная на адекватных научных исследованиях. Но это не значит, что мы снимаем контроль, наоборот. Мы продолжаем наблюдения и усиливаем эту работу, поскольку это может проявиться через несколько лет"""", - сообщил тогда врач.""",Врач пообещал снять наблюдение.,not_entailment,"cleanlab, datamaps",2
"Судебные журналисты у нас были хорошо подготовлены, с хорошим языком, игравшие важную роль в развитии судебной системы. Если вы специализируетесь на земле, ничего в этом зазорного нет. Ваш вопрос крайне важен, потому что вопрос земли - это вопрос социальной справедливости.",Вы специализируетесь на земле.,not_entailment,"cleanlab, datamaps, ds2",3
"Удар пришелся в грудную клетку. Женщина сама вызвала мужу скорую и полицию. Мужчину госпитализировали, но медики не смогли спасти ему жизнь.",Медики вызвали полицию.,not_entailment,"cleanlab, datamaps, ds2",3
"Прокурор просит огласить показания ключаря храма Христа Спасителя Михаила Рязанцева. По его словам, сам свидетель не может явиться в суд, потому что находится в командировке.",Свидетелем был прокурор.,not_entailment,"cleanlab, ds2",2
"Видел я его в тот вечер при задержании: спокойный, как удав, сидел в машине. Теперь дурачком решил прикинуться? В магазине было несколько покупателей, ищу очевидцев, вдруг это следствию поможет.",Ищу покупателей.,not_entailment,"cleanlab, datamaps",2
"В Ульяновской области появится региональный закон «О технологической долине», который станет основополагающим в создании «умного региона».",В Ульяновской области готовят закон для переименования в «умный регион».,not_entailment,"cleanlab, ds2",2
"Как рассказывает в одной из социальных сетей очевидец происшествия, бабушка выходила из автобуса №41, когда его двери неожиданно захлопнулись, и нога пенсионерки оказалась в капкане.",Автобус №41 защемил бабушкину ногу.,entailment,"cleanlab, datamaps",2
"Напомним, на него завели уголовное дело, заподозрив в халатности.",На него завели уголовное дело.,entailment,"datamaps, ds2",2
"Однако через полчаса правоохранители задержали его. Мужчина признал вину. Рассказал, что зашел в квартиру, потому что она была открыта.","Возможно, квартира действительно была открыта.",entailment,"cleanlab, datamaps",2
"Обе купюры оказались поддельными. - По данным фактам проводятся проверки, - заверили в полиции. Стражи порядка также напоминают, что в случае, если к вам в руки попала фальшивая купюра, нужно сразу же обратиться в полицию.",Две купюры кто-то подделал.,entailment,"cleanlab, ds2",2
"Все, что доступно простым жителям города в магазинах, можно запускать и взрывать прямо во дворе своего дома, не боясь быть задержанным. Главное - не нарушать условия использоваться, указанные на упаковке. Уголовная ответственность может наступить лишь в случае, если салют нанес ущерб окружающим.","За запуск и взрывы салютов во дворе своего дома полиция не накажет, если нет пострадавших и ущерба.",entailment,"cleanlab, ds2",2
"Кадры, на которые попали два тигра, распространились в социальных сетях Приморского края.",Два тигра распространились в социальных сетях Приморского края.,not_entailment,"cleanlab, datamaps",2
"Известно, что девушка отдыхала в кафе и употребляла там алкогольные напитки. Вдруг она потеряла сознание. На место немедленно прибыли медики, но им не удалось откачать потерпевшую.",Девушка выпивала в кафе.,entailment,"cleanlab, ds2",2
"Может, это один из этапов нового способа мошенничества? Был в полиции, написал заявление. Что-то мне подсказывает, что не найдут они его.",Полиция приняла заявление.,entailment,"cleanlab, ds2",2
"Преступник ударил в живот сначала одну сестру, потом вторую, после чего зачем-то повел младшую в неизвестном направлении. На улице девушка стала говорить, что ей плохо. Тогда парень разбил окно в одном из домов, затащил ее туда, но, услышав, что кто-то идет, сбежал.",Преступник ударил сестер по очереди.,entailment,"cleanlab, ds2",2
"Он позвонил со своего мобильного на номер единой экстренной службы 112 и сообщил о заминировании «Сити – Парка «Град». Спасателям пришлось эвакуировать всех посетителей ТЦ. После рассмотрения полиция отказала в возбуждении уголовного дела, так как мальчик не достиг возраста уголовной ответственности.",Мальчик заминировал ТЦ.,not_entailment,"cleanlab, datamaps, ds2",3
"По следам, оставленным на месте преступления, было установлено, что налетчиком является 38-летний ранее судимый мужчина. Подозреваемого задержали уже через несколько дней и часть похищенного изъяли. Он рассказал полицейским, что сознательно пошел на ограбление.","По следам было видно, что налетчика судили ранее.",not_entailment,"cleanlab, ds2",2
"Как сообщает пресс-служба городской администрации, ремонтная бригада производит замену задвижки в камере, принадлежащей «Т Плюс» в районе стадиона «Динамо».","""Как минимум одна из камер в районе стадиона """"Динамо"""" принадлежит """"Т Плюс"""".""",entailment,"cleanlab, datamaps",2
"Соревнования прошли в бескомпромиссной борьбе, но в этот день случилось более знаковое событие, которое затмило все остальные.",События были бескомпромиссными,not_entailment,"cleanlab, datamaps, ds2",3
"Сначала необходимо законсервировать здание, просушить - здесь полно воды, провести экспертизу и понять, сколько это будет стоить, и начинать ремонт.",В здании недостаточно воды.,not_entailment,"cleanlab, ds2",2
"Получить деньги он не успел, был задержан.",Он так и не подержал в руках деньги.,entailment,"cleanlab, datamaps",2
"Тогда к стражам правопорядка обратился пенсионер, поскольку у него из дома пропала крупная сумма денег.",У пенсионера в доме раньше была крупная сумма денег.,entailment,"cleanlab, ds2",2
"Авария произошла на ровном месте, машина будто поскользнулась на снежной дороге и оказалась на крыше.",Машина попала в аварию.,entailment,"cleanlab, ds2",2
"""Три участницы панк-группы Pussy Riot, приговоренные судом к двум годам лишения свободы за акцию в храме Христа спасителя, получили то, что хотели, заявил президент РФ Владимир Путин в специальном фильме программы """"Центральное телевидение"""" на НТВ в воскресенье. """"На самом деле правильно, что их арестовали, и правильно сделали, что суд у нас такое решение принял. Потому что нельзя подрывать основы морали, нравственности, разрушать страну"""".""",Суд принял решение отпустить на 2 года участниц группы Pussy Riot.,not_entailment,"cleanlab, ds2",2
"""""""И если через три года у меня будет шанс не только принять участие в выборах, но и выиграть, я такой возможности не исключаю"""", - отметил он. Что же касается оппозиции и активных протестов, то их бизнесмен и политик считает более непродуктивными. """"Что касается участия в протестах, я в них участия лично принимать не буду, потому что я не вижу позитивной повестки"""", - сказал он.""",Бизнесмен и политик планирует принять участие в протестах.,not_entailment,"cleanlab, datamaps",2
"""""""Система аккредитации - это ключевой инструмент допуска на рынок. Мы сейчас готовим закон об аккредитации, который весной хотим внести в Госдуму"""", - сказала она. """"Этот закон очень важен, потому что он будет предусматривать переход на международные стандарты аккредитации"""", - сказала она.""",Она сказала о бесполезности закона.,not_entailment,"cleanlab, ds2",2
"Когда мужчине стало плохо, дежурившие спасатели поспешили на помощь.",Мужчине стало плохо не из-за спасателей.,entailment,"cleanlab, datamaps",2
"В декабре минувшего года в надзорный орган пришел мужчина, который больше года скрывался от правосудия.",Мужчина сам пришел в надзорный орган.,entailment,"cleanlab, datamaps",2
"""""""От своих действий я не отказываюсь, я стрелял, но, видит Бог, ничьей смерти я не хотел. Я просто хотел предотвратить нападение на меня, - сказал Черкесов. - Я ходатайствовал о суде присяжных, потому что хотел, чтобы меня судил народ"""".""","Черкесов утверждает, что не хотел ничьей смерти.",entailment,"cleanlab, datamaps",2
"Сборка уникального аттракциона шла такими темпами, что конструкция быстро обрела очертания громадного колеса.",Уникальный аттракцион собрали быстро.,entailment,"cleanlab, ds2",2
"Полиция ведет расследование, в то время как отчаявшийся отец малышек угрожает врачам расправой.",Отчаявшийся отец малышек расправился с врачами.,not_entailment,"cleanlab, ds2",2
"Мужчина опубликовал в Интернете музыкальные записи, которые имели экстремистский подтекст.",Мужчина опубликовал музыкальные записи в Сети с экстремистским подтекстом.,not_entailment,"cleanlab, datamaps, ds2",3
"Чиновники обещают, что все бригады будут функционировать в круглосуточном режиме «Повышенной готовности».","Есть вероятность, что все будет так, как обещали чиновники.",entailment,"cleanlab, ds2",2
"""Возраст людей определить не смог. Их лица были закрыты капюшонами, - рассказал журналисту """"Комсомольской правды""""-Саратов один из автолюбителей, проезжавших на мосту. - Со стороны обоих городов образовалась пробка, так как прибывшие машины спасателей и полиции перегородили полосу движения.""",Люди прятали лица под капюшонами.,entailment,"cleanlab, datamaps, ds2",3
"На заседании областного Совета при губернаторе по развитию физической культуры и спорта чиновники отметили, что прошедший год был для отрасли успешным.",Прошедший год был для отрасли лучшим.,not_entailment,"cleanlab, datamaps, ds2",3
"Предприниматели продолжают устанавливать незаконные постройки, однако власти города на примере Сенной площади уже доказали, что лучше не спорить и убрать свое добро самостоятельно.",Предприниматели иногда возводят строения незаконно.,entailment,"cleanlab, datamaps",2
"""""""Я просто хотела попробовать покрытие, хотела выступить на чемпионате России и провериться - у меня было мало стартов в этом сезоне. Я то болела, то ногу лечила, поэтому не могла сделать столько стартов, сколько мы планировали с тренером. Здесь я хочу просто попрыгать в удовольствие, так как норматив у меня есть"""".""","Мы с тренером планировали меньше стартов, чем я сделала в этом сезоне.",not_entailment,"cleanlab, datamaps",2
"""Эта реплика пришлась не по душе экс-министру финансов Алексею Кудрину, который сказал журналистам, что """"это отношение к протесту неверное, я с таким отношением не согласен, потому что сотни тысяч людей не вышли бы (на митинги за деньги - ИФ)"""". Впрочем, сам В.Путин, несмотря на возросшую политическую активность бывшего соратника по правительству, по-прежнему считает его другом и членом своей команды, которому еще найдется место в строю. В общем и целом, по словам премьера, протесты в рамках закона полезны, потому что не дают чиновникам расслабиться (""""потому что власть далеко не всегда правильно себя ведет и адекватно отвечает на вызовы времени""""), но уклон в сторону """"цветных революций"""" недопустим (""""позволить себя втянуть в какие-то схемы по дестабилизации общества, вот это, мне кажется, неправильно"""").""",Кудрину реплика понравилась.,not_entailment,"cleanlab, datamaps",2
"После этого мужчина развернулся и поспешно покинул здание вокзала. Стражам порядка такое поведение показалось подозрительным, и они задержали мужчину. При личном досмотре, выяснилось, что у него в нагрудном кармане лежат семь патронов.",Мужчина украл из здания вокзала семь патронов.,not_entailment,"cleanlab, ds2",2
"По традиции мы отмечаем их в семейном кругу. Желаем родным и близким людям счастья. Провожая уходящий год, каждый из нас вспоминает его яркие моменты, надеется на добрые перемены и мечтает о будущем.",Каждый из нас мечтает о будущем в семейном кругу.,not_entailment,"cleanlab, datamaps",2
"Видимо, ему стало скучно в незнакомом городе, и он решил развлечься. Мужчина посчитал, что его не найдут, позвонил в полицию и рассказал, что одна из улиц города заминирована. - Сотрудниками полиции данный звонок был проверен, установлено, что вызов ложный, возбуждено уголовное дело, - комментируют в пресс-службе суда.",Одна из улиц города была заминирована.,not_entailment,"cleanlab, ds2",2
"""""""Я попросил их продолжать работу и не снижать темпов, крайне противно было"""", — посетовал глава президентской администрации. """"Ну, терпел. Я не подавал виду, потому что я понимал, что если я начну подавать вид, это приведет к настороженности и попытке замести следы"""", — добавил он.""","Глава президентской администрации признался, что ему было крайне противно не снижать темпов.",not_entailment,"cleanlab, datamaps",2
"""""""Думаю, нужно будет смотреть в каждом конкретном случае, так как не любое здание годится в качестве жилого дома"""", - заявил Шаронов в интервью """"Российской газете"""", которое будет опубликовано во вторник.""","""Шаронов взял интервью у редактора """"Российской газеты""""""",not_entailment,"cleanlab, ds2",2
"После того как клиент оформит подписку на сервис, он будет получать уведомления о наличии штрафов автоматически.",Клиент может подписаться на автоматическую оплату штрафов.,not_entailment,"cleanlab, ds2",2
"Мероприятие прошло без инцидентов. По итогам акции был составлен административный протокол, так как количество участников превысило заявленное число.",Акция прошла без нарушений.,not_entailment,"cleanlab, datamaps, ds2",3
"Здесь выросли несколько куч песка и гравия, которые на легковом авто объехать не представлялось возможным.",Кучи песка и гравия перегородили дорогу машине.,entailment,"cleanlab, datamaps",2
"12 декабря междуреченский городской суд вынес приговор за четыре мошенничества с чужими квартирами, которые совершил 32-летний мужчина.",32-летний мужчина мошенничал на рынке жилья.,entailment,"cleanlab, datamaps",2
"Преступник ударил в живот сначала одну сестру, потом вторую, после чего зачем-то повел младшую в неизвестном направлении. На улице девушка стала говорить, что ей плохо. Тогда парень разбил окно в одном из домов, затащил ее туда, но, услышав, что кто-то идет, сбежал.",Преступник ударил обеих сестер в одно и то же место.,entailment,"cleanlab, ds2",2
"""С ним было сложно работать, но всегда интересно"""", - добавила она. Отвечая на вопрос, какие изменения могут произойти в эти дни с уходом Кудрина с поста министра финансов, Набиуллина заявила, что """"политика и приоритеты политики определяются президентом, правительством, и мы будем их реализовывать"""". """"Но, наверное, какие-то возможны изменения, потому что уходит фигура такого масштаба"""", - сказала министр.""","Набиуллина отметила, что с уходом Кудрина изменений не будет.",not_entailment,"cleanlab, datamaps",2
"""Была установлена личность подозреваемого - 27-летнего мужчины. По словам задержанного, он был давно влюблен в жену убитого и различными способами добивался ее внимания. """"Так как женщина не хотела с ним общаться, он решил похитить ее мужа"""", - говорится в сообщении.""",27-летний мужчина похищен.,not_entailment,"cleanlab, datamaps",2
"Сегодня к экономии средств активно подключаются муниципальные образования, поскольку имеется республиканская поддержка.",Республика поддерживает экономию образования.,not_entailment,"cleanlab, datamaps",2
"За несколько лет сумма накопилась огромная, но должник не спешил платить.",Сумма копилась веками.,not_entailment,"cleanlab, ds2",2
"""""""Мы видели значительное количество очень посредственных команд на Чемпионате Европы во Франции, а здесь ещё почти что на треть возрастёт количество команд, которые не будут в своём составе иметь футболистов высокого международного класса», — цитирует Колоскова радиостанция «Говорит Москва». Помимо этого, возрастёт нагрузка «на выдающихся футболистов, которых в мире единицы», считает эксперт. Это произойдет, так как новый регламент значительно сокращает перерывы между играми в финальном турнире.""",Новый регламент немного уменьшает перерывы между играми в финальном турнире.,not_entailment,"cleanlab, datamaps",2
"""По мнению министра, """"говорить о том, что мы прямо сейчас продали им что-то новенькое, и это новенькое используется против демонстрантов, просто нечестно"""". Он также подчеркнул, что Россия поставляет вооружение по контрактам, которые не являются секретом и предполагают покупку Сирией, прежде всего, противовоздушных оборонительных средств, """"которые могут потребоваться только в случае внешней агрессии против сирийского государства"""". """"Мы оправдываться не собираемся, потому что мы ничего не нарушали"""".""",Военные контракты предполагают поставку из России в Сирию противовоздушных оборонительных средств.,entailment,"cleanlab, datamaps",2
"Экстренные и коммунальные службы города перешли на круглосуточный режим работы. Автомобилистов просят не выезжать без необходимости, особенно без зимней резины. В ближайшие дни морозы на курорте ослабнут, к конце недели столбики не будут опускаться ниже ноля, сообщают синоптики.",Морозы вот-вот ослабнут.,entailment,"cleanlab, ds2",2
"Вместе с ними пропали также юбилейные медали, памятные и нагрудные знаки, грамоты. Очень хочется надеяться, что бабушка просто забыла, куда в последний раз положила награды — и они в конце концов найдутся. Но все может быть: мало ли, награды и правда могли похитить.","Бабушка забыла, куда дела награды.",not_entailment,"cleanlab, datamaps",2
"Учащийся политехнического техникума, находясь в состоянии алкогольного опьянения, избил, а затем ограбил прохожего. В итоге потерпевший получил многочисленные ушибы и перелом носа, а также лишился пяти тысяч рублей. Как выяснилось позже, подросток, совершивший разбойное нападение, уже имел условный срок по предыдущему приговору.","Подросток оказался не просто преступником, а преступником-рецидивистом.",entailment,"cleanlab, datamaps",2
"Со страницы его друга в социальной сети пришло сообщение с просьбой перевести пять тысяч рублей. Отзывчивый приятель выполнил просьбу, а потом перезвонил, чтобы поинтересоваться, как дела у попавшего в беду. Тот заверил, что понятия не имеет, о каких деньгах идёт речь.",Отзывчивый приятель получил пять тысяч рублей.,not_entailment,"cleanlab, datamaps",2
"Когда силовики стали досматривать автомобиль, то обнаружили в нем подозрительный пакет с порошком внутри, который был отправлен на экспертизу.",Автомобиль был отправлен на экспертизу.,not_entailment,"cleanlab, datamaps, ds2",3
"По следам, оставленным на месте преступления, было установлено, что налетчиком является 38-летний ранее судимый мужчина. Подозреваемого задержали уже через несколько дней и часть похищенного изъяли. Он рассказал полицейским, что сознательно пошел на ограбление.",Налетчика судили и раньше.,entailment,"cleanlab, ds2",2
"Как сообщает региональная прокуратура, в 2016 году обвиняемый обманным путем приобрел здание неэксплуатируемой котельной, расположенной в Автозаводском районе и находящейся на балансе администрации. После этого мошенник за 1 млн рублей продал здание своим знакомым предпринимателям, которые открыли там столовую. Покупатели не заметили подвоха, поскольку у нечистого на руку продавца были все документы.",Мошенник запасся всеми документами.,entailment,"cleanlab, datamaps",2
"На вопрос классного руководителя о причинах их появления мальчик ответил, что подрался со старшим братом.",У мальчика были синяки или ссадины.,entailment,"cleanlab, datamaps, ds2",3
"Он сделал это только после того, как его лишили водительских прав, сообщает пресс-служба краевого управления Федеральной службы судебных приставов.",Он всё-таки сделал это.,entailment,"cleanlab, datamaps",2
"""Он добавил, что поскольку письмо было оформлено с нарушениями, оно отправлено заявителю для устранения """"недостатков"""".""",Письмо вернулось к заявителю.,entailment,"cleanlab, ds2",2
"Я здесь все взорву! – такую фразу часто можно услышать в захватывающих боевиках. Но вряд ли кто-то обрадуется, когда такое прозвучит от неизвестного человека в обычной жизни.","""Кто-то обрадуется, услышав фразу """"Я здесь все взорву!"""" от неизвестного человека в обычной жизни.""",not_entailment,"cleanlab, datamaps",2
"Прокурор просит огласить показания ключаря храма Христа Спасителя Михаила Рязанцева. По его словам, сам свидетель не может явиться в суд, потому что находится в командировке.",Свидетелем был ключарь.,entailment,"cleanlab, ds2",2
"Как сообщил источник в правоохранительных органах, начальник полиции уже подал рапорт о своем увольнении.",Источник сообщил о местонахождении начальника полиции.,not_entailment,"cleanlab, datamaps, ds2",3
"В дежурную часть отдела полиции Пролетарского района поступило сообщение о том, что на одной из улиц города неизвестный похитил у гражданина мобильный телефон, - рассказали в правоохранительных органах.",Неизвестный отжал у гражданина мобильник.,entailment,"cleanlab, ds2",2
"Любишь рыбку ловить, люби и штрафы платить.",Рыбная ловля может стать причиной штрафа.,entailment,"cleanlab, datamaps",2
"Медицинская помощь понадобилась не четырем, как сообщали ранее, а шести женщинам.","""""""Скорая помощь"""" потребовалась шести женщинам.""",not_entailment,"cleanlab, datamaps",2
"Врачи диагностировали у мужчины перелом плеча и травму тела, которые оцениваются как вред здоровью средней тяжести.",У мужчины сломано плечо.,entailment,"cleanlab, datamaps, ds2",3
"В решении суда отмечается, что действия журналистки вызвали «негодование и возмущение» в обществе.",Решение суда касалось оценки действий общества журналисткой.,not_entailment,"cleanlab, datamaps",2
"""Начиная от магазина """"Крейсер"""", скопилась крупная пробка, так как троллейбусы объехать затор не могут.""",Пробка была незначительной.,not_entailment,"cleanlab, ds2",2
"Между тем в кредитной организации заверили, что проблемы возникли с «незначительным» числом устройств самообслуживания (УС).",В кредитной организации приуменьшили масштаб проблемы.,entailment,"cleanlab, datamaps",2
"На заседании областного Совета при губернаторе по развитию физической культуры и спорта чиновники отметили, что прошедший год был для отрасли успешным.",Чиновники довольны итогами года.,entailment,"cleanlab, ds2",2
"""""""В зависимости от того, какое решение будет принято премьером, президентом, я буду принимать решение, откликаться. Хотя я сказал, что, наверное, на их месте я бы учел первое соображение, а именно, что необходима определенная рокировка, и попробовал бы поставить каких-то новых людей"""", - заявил Фурсенко в онлайн-интервью """"Газете.ru"""". По его словам, он остается """"долгожителем"""" среди министров образования и науки разных стран - и западных, и восточных, и южных, однако """"на таких постах так долго не живут"""", поскольку это """"направление, которое требует постоянных изменений"""".""",Фурсенко пообещал не принимать решения без учета мнений премьера и президента.,entailment,"cleanlab, ds2",2
"Если раньше редакции только гадали, сколько человек реально читают газету, какой у них возраст и какие темы нравятся больше всего, то сейчас все изменилось.","Теперь редакции могут не только гадать, сколько человек реально читают газету, какой у них возраст и какие темы нравятся больше всего.",entailment,"cleanlab, ds2",2
"Жители неоднократно жаловались в полицию, но им было отказано в розыске коллекторов.",Полиция отказалась разыскивать коллекторов.,entailment,"cleanlab, ds2",2
"Группа вооруженных до зубов бандитов обстреляла здание прокуратуры мексиканского штата Кинтана-Роо в курортном городе Канкун, убиты как минимум три человека, еще несколько ранены. Как сообщает местное издание Excelsior, преступники подъехали на мотоциклах и открыли огонь по зданию, охрана прокуратуры вступила с ними в перестрелку. Из-за стрельбы пожарным пришлось срочно эвакуировать людей из расположенного рядом магазина, потому что шальная пуля попала в цистерну с газом, была опасность взрыва.",В Канкуне разрушено здание прокуратуры.,not_entailment,"cleanlab, ds2",2
"""В Сухуми взорван внедорожник, припаркованный недалеко от жилого дома по ул.Когония, сообщил """"Интерфаксу"""" начальник УВД города Гарри Аршба. По словам собеседника агентства, взрыв произошел около 12:30 в субботу. В результате взрыва никто не пострадал, так как в автомобиле никого не было.""",В Сухуми взлетел на воздух внедорожник.,entailment,"cleanlab, ds2",2
"""Выйдя за территорию митинга, я с удивлением обнаружил, что, несмотря на то, что начался он всего 40 минут назад, многие уже расходятся - поток людей уверенно двигался вдоль Кутузовского проспекта в сторону станции """"Парк Победы"""", которая, к слову, была до завершения мероприятия закрыта на вход. Впечатлениями от митинга пришедшие делились неохотно. Одна женщина с георгиевской ленточкой сообщила, что ей все понравилось, поскольку """"был чай"""".""",Народ с митинга уверенно расходился.,entailment,"cleanlab, datamaps",2
"История мужчины не нова - сел за руль в пьяном виде, был остановлен полицией, лишен водительских прав и оштрафован, - штраф в установленное время не заплатил.",Пьяный водитель опоздал с выплатой штрафа.,entailment,"cleanlab, datamaps",2
"Мужчина сначала задушил, а потом обокрал своего знакомого.","Мужчина обокрал знакомого, а потом задушил его.",not_entailment,"cleanlab, datamaps",2
"""""""В случае явки потерпевших на судебное заседание они будут иметь возможность задавать вопросы присяжным, выяснять интересующие их обстоятельства, заявлять ходатайства точно также в закрытом режиме, как это делалось на стадии отбора присяжных"""", - пояснила представитель Мосгорсуда. Она отметила также, что суд не мог откладывать процесс отбора коллегии присяжных до бесконечности. """"При всем уважении к чувствам потерпевших суд не мог затягивать процесс отбора присяжных, поскольку приходилось работать с десятками кандидатов"""", - заявила она, добавив, что и прежде в практике судов бывали случаи, когда по тому или иному делу проходили десятки потерпевших, и они не имели возможности участвовать в начале в стадии отбора присяжных.""",Суд мог откладывать процесс отбора коллегии присяжных до бесконечности.,not_entailment,"cleanlab, datamaps",2
"""Фильм """"Невинность мусульман"""", удаленный из социальной сети """"ВКонтакте"""", больше не появится на ресурсе, но там останутся ролики о нем. """"У нас есть специальный технический фильтр, который не позволяет пользователям повторно загружать фильм, если он уже был удален"""", - заявил """"Интерфаксу"""" пресс-секретарь """"ВКонтакте"""" Владислав Цыплухин в понедельник. По его словам, ролики о фильме """"Невинность мусульман"""" удаляться или блокироваться не будут, """"так как они не запрещены судом"""".""","""Фильм """"Невинность мусульман"""" и ролики о нем не запрещены судом.""",not_entailment,"cleanlab, datamaps",2
"""""""Будем участвовать в выборах (главы Химок - ИФ). Мы уже часть документов собрали, через несколько дней подадим на регистрацию и будем собирать подписи"""", - заявил он """"Интерфаксу"""" в понедельник. По его словам, у него есть несколько идей для предвыборной кампании: """"Например, все посты в правительстве будут занимать немцы, потому что наши чиновники все воруют"""".""",Предстоят выборы главы Химок.,entailment,"cleanlab, ds2",2
"Причиной этому стал звонок от неизвестного мужчины, который сообщил в полицию о нахождении в здании бомбы.",Неизвестный мужчина позвонил в полицию и сообщил о звонке.,not_entailment,"cleanlab, datamaps, ds2",3
"Замоскворецкий суд Москвы постановил провести комплексную экспертизу по делу против чемпиона мира по боевому самбо Расула Мирзаева, который нанес 19-летнему Ивану Агафонову удар, ставший смертельным. Вопрос о проведении новой экспертизы был поставлен председательствующим на процессе судьей. Сторона потерпевших согласилась с необходимостью провести новое исследование, поскольку увидела противоречия в предыдущих.",Чемпион мира по боевому самбо убил Ивана Агафонова одним ударом.,entailment,"cleanlab, ds2",2
"Он уже пришел в сознание. Спорт есть спорт – случилось перенапряжение, поскольку была очень жесткая борьба. Про судейство говорить бессмысленно, поскольку ничего не изменишь.",Он уже в сознании.,entailment,"cleanlab, ds2",2
"Мужчина опубликовал в Интернете музыкальные записи, которые имели экстремистский подтекст.",Мужчина распространил музыкальные записи с экстремистским подтекстом.,entailment,"cleanlab, ds2",2
"Сегодня к экономии средств активно подключаются муниципальные образования, поскольку имеется республиканская поддержка.",Экономией средств занимается все больше территорий.,entailment,"cleanlab, datamaps",2
"Уголовное дело в отношении парня возбудили после того, как неравнодушные граждане пожаловались на него в полицию.",На парня завели уголовное дело.,entailment,"cleanlab, datamaps, ds2",3
"""""""Ласточки"""" засыпает снегом, они ржавеют и гниют, но в какой-то мере это правильное решение.""","""""""Ласточки"""" гниют от снега.""",not_entailment,"cleanlab, datamaps, ds2",3
"Все это может привести к осложнению оперативной обстановки на автомагистралях, которые проходят через Смоленскую область.",Есть риск усложнения оперативной обстановки на автомагистралях.,entailment,"cleanlab, ds2",2
"Искренне разделяем Вашу боль и передаем слова сочувствия и поддержки Вам и Вашим родным. Примите наши искренние соболезнования. В эту горькую минуту разделяем Ваше горе, скорбим вместе с Вами.",Кто-то умер.,entailment,"cleanlab, datamaps",2
"То снегом запорошит, то на улицах появятся сказочные герои.","Случаются и снежная пороша, и явления сказочных персонажей.",entailment,"cleanlab, datamaps",2
"Вдруг раздался выстрел: водитель рухнул на снег, пролилась кровь. Раненный скончался на месте. Неизвестный, а может их было несколько, застрелил мужчину.",Водителя застрелили несколько неизвестных.,not_entailment,"cleanlab, datamaps",2
"Как рассказали «Комсомольской правде» в пресс-службе регионально прокуратуры, мужчину подозревают в хищении крупной суммы денег.",Мужчину подозревают в отравительстве.,not_entailment,"cleanlab, ds2",2
"Они не знают обидчиков. - По словам потерпевших, накануне около четырех часов дня на них напали трое неизвестных подростков и избили. По данному факту проводится проверка, - рассказывает источник в правоохранительных органах.",Потерпевшие обвиняют трех подростков.,entailment,"cleanlab, ds2",2
"""""""Насколько мне известно, они мало чем отличаются от рекомендаций, которые давали специалисты из нашей страны, которые давали консультации по неврологии и нейрохирургии"""", - сообщила Моисеенко. Она, однако, уклонилась от ответа на вопрос можно ли говорить о том, что диагноз немецких врачей совпадает с диагнозом, который ранее поставили украинские медики. """"Я не могу обсуждать этот вопрос, потому что это предварительные выводы.""","Диагноз немецких врачей совпадает с диагнозом, который ранее поставили украинские медики.",not_entailment,"cleanlab, datamaps",2
"""Внедорожник Toyota Land с российскими номерами двигался в сторону границы, когда на него с второстепенной дороги выскочила """"Волга"""". Для джипа, ехавшего на высокой скорости, было достаточно небольшого удара, чтобы вылететь в кювет. Видимо, водитель и пассажир внедорожника были не пристегнуты, так как вылетели через лобовое окно и погибли мгновенно.""","""Водитель и пассажир """"Волги"""" вылетели через лобовое окно и погибли мгновенно.""",not_entailment,"cleanlab, datamaps",2
"""Полицейские возбудили уголовное дело по статье """"Кража"""" и принялись искать вора. В итоге мужчину задержали сотрудники уголовного розыска. Оказалось, что """"дальний родственник"""" ранее уже привлекался к уголовной ответственности за мошенничество.""","""Вора задержал """"дальний родственник"""".""",not_entailment,"cleanlab, datamaps",2
"""""""Википедия"""" пишет, что это был период избирательной президентской кампании в России, а Макфол тогда занимался изучением избирательных технологий. Как писал один из коллег Макфола, он поначалу хотел отклонить приглашение Коржакова, который в то время входил в предвыборный штаб Ельцина. Однако приятель посоветовал ему принять приглашение, поскольку последствия отказа были бы намного хуже.""",Коржаков входил в предвыборный штаб Ельцина.,entailment,"datamaps, ds2",2
"Он обвинялся в убийстве жены, сообщается в пресс-службе областной прокуратуры.",Его обвиняли в смерти супруги.,entailment,"cleanlab, ds2",2
"""""""Воздушные шары символизируют открытость и честность выборов, а их количество равно числу ТИКов в республике"""", - пояснил агентству поднесший спичку к чучелу, облив его перед этим жидкостью для разведения костров, правозащитник Эдвард Мурзин. Участники митинга, организованного одним из лидеров общественного движения """"Голос Уфы"""" Андреем Андреевым, прошли колонной с речевками и знаменами несколько кварталов к площади перед Русским драмтеатром. Полиция не перекрывала движение автотранспорта, поскольку колонна участников акции двигалась только по тротуарам.""",Честность и открытость выборов символизирует колонна с речевками.,not_entailment,"cleanlab, datamaps, ds2",3
"В Нижегородской области выясняют причины крупного пожара, в результате которого сгорел дом и пострадал подросток.",В Нижегородской области сгорел подросток.,not_entailment,"cleanlab, datamaps, ds2",3
"""Береговой в суде пожаловался на противоправные действия и угрозы со стороны друзей Агафонова. """"После инцидента 15 августа 2011 г. ко мне приезжал молодой человек со стороны Агафонова, он требовал видеозапись с камер наблюдения, - рассказал он. По его словам, угрожавший обещал """"всем устроить, так как побили хорошего человека"""".""",Береговой жаловался на качество видеозаписи.,not_entailment,"cleanlab, ds2",2
"Пострадавший пробирался между вагонами состава, когда поезд начал движение.",Человек пострадал.,entailment,"cleanlab, ds2",2
"""По словам марксистов, они продолжат атаки против властей, поскольку те """"нарушают право турецких граждан на свободу мысли и совести"""".""",Марксисты уже организовывали атаки против властей.,entailment,"cleanlab, datamaps",2
"Когда на место приехали сотрудники полиции, они составили описание со слов свидетельницы.",Свидетельница помогла составить описание.,entailment,"cleanlab, ds2",2
"Соотношение скорости встречного автомобиля и его машины… От этого получился сильный удар. Если кто-то читал когда-то физику, то думаю, люди поймут. Звонит очень много людей на его номер и на мой, кто знает.",Его машина и встречный автомобиль столкнулись.,entailment,"cleanlab, ds2",2
"Деньги кто-то перевел на другую карту. Сделали запрос в банк и быстро нашли мошенника. Тут и выяснилось, что пострадавший сам накликал на себя беду, когда указывал свой номер в банке.",Мошенником оказался пострадавший.,not_entailment,"cleanlab, datamaps",2
"""По словам президента, во всем мире референдумы используются достаточно редко, потому что сложна процедура их организации, а последствия референдумов зачастую могут привести к расколу общества. Но по некоторым вопросам, по его мнению, обязательно нужно узнать точку зрения большинства населения страны. """"Сделать это с использованием существующих технологий очень сложно, потому что это дорого и неэффективно"""".""","По мнению президента, по ряду вопросов обязательно нужно узнать точку зрения половины населения страны.",not_entailment,"cleanlab, datamaps",2
"Он сообщил, что после митинга были задержаны, как минимум, четыре человека. Среди них член КПРФ и помощник депутата Госдумы. Как сообщили агентству в пресс-службе правительства Самарской области, уведомление, поданное организаторами митинга, не было рассмотрено, так как было составлено с ошибками.",Митинг завершился.,entailment,"cleanlab, datamaps",2
Водители грузовых автомобилей простаивают в очереди по нескольку суток из-за медленного таможенного оформления товаров в связи с недостатком кадров у таможни.,На таможне слишком мало сотрудников.,entailment,"cleanlab, datamaps, ds2",3
"Циклон уходит в океан, там растворяется.",Циклон рассеивается над океаном.,entailment,"cleanlab, datamaps",2
"""По мнению С.Еничери, это противоречит принципам, сформулированным в Коране. """"Дед Мороз прибирается в дома через окна или дымоходы. Если бы он был честным человеком, то проходил бы через двери, так как у нас так принято"""", - отметил имам.""","По мнению имама, поведение Деда Мороза соответствует принципам Корана.",not_entailment,"cleanlab, datamaps",2
"Во время обыска в квартире подозреваемого полицейские обнаружили нож, а также похищенную сумку. Известно, что нападавший ранее судим за кражу, угон и мошенничество, а освободился из мест лишения свободы в ноябре прошлого года. По его словам, его мучили угрызения совести, поэтому он явился к стражам порядка.",Угон явился к стражам порядка.,not_entailment,"cleanlab, datamaps",2
"Она рассказала, что в дверь ее комнаты в общежитии постучали.",У нее две комнаты в общежитии.,not_entailment,"cleanlab, ds2",2
Выяснять отношения подшофе – одна из самых ужасных и опасных привычек многих людей. Почему опасных? Да потому что именно в таком состоянии большинство не контролируют своих эмоции и в порыве ярости могут пойти на что угодно.,У людей нет опасных привычек.,not_entailment,"cleanlab, ds2",2
"Она рассказала, что поймала на дороге машину, чтобы поехать на работу.",Она хотела поехать на работу.,entailment,"cleanlab, ds2",2
"Свои поступки женщина объяснила тем, что муж бросил бы ее, если бы она родила ему много детей. К 2006 г. в семье уже росли два ребенка. Личность осужденной сохранена в тайне, поскольку разглашение этой информации противоречит немецкой системе правосудия.",Муж не любил много детей.,entailment,"cleanlab, datamaps, ds2",3
"""Члены президентского совета отметили, что это не первое определение КС, указывающее судам, что Уголовный кодекс не предусматривает признание вины обязательным для решения об УДО. Однако такой вывод можно сделать из нормы Уголовно-исполнительного кодекса, где указано, что """"администрация должна представить документы на осужденного, выразить свою позицию о том, что ему не нужно больше отбывать наказание, поскольку он признал вину, раскаялся, возместил ущерб"""", отметила Морщакова. """"Это """"поскольку"""" и заставляет суды считать, что они вправе отказать на таком основании"""", - сказал член президентского совета.""",Члены президентского совета отметили Новый год.,not_entailment,"cleanlab, ds2",2
"Общественный резонанс получил и традиционный Парад Памяти. -Этим парадом мы напомнили россиянам роль Самары в годы Великой Отечественной войны. Это важно, потому что имидж региона работает на его жителей, - уточнил губернатор.",Парад Памяти - традиционное мероприятие.,entailment,"cleanlab, ds2",2
"Как рассказывают очевидцы, инцидент произошел около восьми утра. Всем пассажирам удалось вовремя покинуть салон. - Классным было утро, ничего не скажешь.",Пассажиры покинули салон.,entailment,"cleanlab, ds2",2
"Шествие в Москве, по словам источника, близкого к ФНПР, стартует, как и прежде, от Белорусского вокзала и увенчается митингом у мэрии Москвы с выступлениями лидеров страны.",Шествие станет венцом митинга.,not_entailment,"cleanlab, datamaps",2
"Изначально он попал в поле зрения полиции, так как был в нетрезвом состоянии.","Полиция заметила его, так как он был нетрезв.",entailment,"cleanlab, ds2",2
"С наступлением зимы вопрос качества теплоснабжения выходит на первый план в сфере предоставления жилищно-коммунальных услуг. По каким причинам температура воздуха в квартире может не соответствовать санитарным нормам? И какую работу проводят работники жилищно-коммунального хозяйства, чтобы жильцы обслуживаемых домов чувствовали себя комфортно в квартирах на протяжении всего отопительного периода?",Жильцы обслуживаемых домов чувствуют себя комфортно в квартирах на протяжении всего отопительного периода.,not_entailment,"cleanlab, ds2",2
"Я здесь все взорву! – такую фразу часто можно услышать в захватывающих боевиках. Но вряд ли кто-то обрадуется, когда такое прозвучит от неизвестного человека в обычной жизни.","""В боевиках нередко угрожают """"все здесь взорвать"""".""",entailment,"cleanlab, datamaps",2
"""Новый полигон отличается повышенной сложностью и увеличенным количеством препятствий, сообщает """"Федеральное агентство новостей"""".""",Новый полигон сложнее многих.,entailment,"cleanlab, ds2",2
"Он выпил с хозяином, вышел во двор, увидел велосипед и стащил его. Вскоре мужчину задержали. - Велосипед стоил пять тысяч рублей, поэтому нанесенный ущерб был признан значительным.",Он вышел во двор и украл выпивку.,not_entailment,"cleanlab, datamaps",2
"У женщины, которая почти два года терпела побои и унижения, сдали нервы.",Женщина многие годы терпела побои и унижения.,not_entailment,"cleanlab, datamaps",2
"Чтобы хозяйка ноутбука не заметила пропажу, он подложил ей в сумку книги по кулинарии.",Ноутбук был украден.,entailment,"cleanlab, ds2",2
"Женщина несколько дней искала пропажу, а потом обратилась в полицию.",Женщина несколько дней обращалась в полицию.,not_entailment,"cleanlab, datamaps, ds2",3
"Сначала он позвонил в ГИБДД, чтобы эту машину эвакуировали, но те отказались, так как на авто не было номеров, а поэтому установить его владельца невозможно. После этого рассерженный северянин и сообщил в полицию о бомбе, - пояснила начальник пресс-службы.",На машине не было номеров.,entailment,"cleanlab, ds2",2
"Их стоит запускать в подъезды, офисы и магазины. Желательно также кормить животных. Собаки, а тем более кошки не смогут на улице пережить холод, когда температура воздуха опускается ниже -30 градусов.",В холода животных желательно кормить и пускать в подъезды и магазины.,entailment,"cleanlab, ds2",2
"Это будет первый опыт. И, думаю, он будет успешным. Впоследствии постараемся, чтобы этот объект был передан собственнику, который сможет его отреставрировать и использовать по назначению.",Объект был передан собственнику.,not_entailment,"cleanlab, datamaps",2
"В четверг, 15 декабря в полицию Екатеринбурга за помощью обратились родители 10-летнего Кости Захаровского. Утром он ушел в школу, а домой так и не вернулся. На телефонные звонки мальчик ответить не мог, так как сотовый был не активен.",В Екатеринбурге нашелся мальчик.,not_entailment,"cleanlab, ds2",2
"Как сообщили в правительстве области, на ней можно будет купить товары местных производителей.",В правительстве области можно будет приобрести товары местных производителей.,not_entailment,"cleanlab, datamaps, ds2",3
"Я сегодня первый раз вышла. Когда волна недовольства только начинала подниматься, я как-то равнодушно к этому отнеслась. Тогда муж сказал, что хочет пойти на Болотную - даже пыталась его отговорить, так как очень испугалась, что его могут замести.",Я отговорила мужа.,not_entailment,"cleanlab, datamaps",2
"Но как говорят в Брянской городской администрации, при повторной проверке проверяющие уже не нашли нарушений. - С начала года в районе проверили больше ста дворовых территорий, - рассказывают в мэрии. - Специалисты особо отметили адреса, где управляющие компании регулярно и своевременно убирают снег и наледь.",К повторной проверке управляющие компании подготовились лучше.,entailment,"cleanlab, datamaps",2
"Пассажиры жалуются на то, что отсутствуют последние рейсы, в салонах грязь и холод, водители курят, не покидая салона, и проезжают мимо остановок, экипажи не помогают инвалидам попасть в салон.",Пассажиры хвалят последние рейсы.,not_entailment,"cleanlab, ds2",2
"""""""Я надеюсь, они услышат. Это касается премий, доходов.... Нужно понимать, в какой стране мы живем, и не раздражать людей"""", - подчеркнул президент. Позже он добавил: """"То, что пресса """"пощипывает"""" представителей крупного бизнеса и чиновников - это хорошо"""".""","""Президент расстроен, что пресса """"пощипывает"""" чиновников и представителей крупного бизнеса.""",not_entailment,"cleanlab, datamaps",2
"Метрополитен Екатеринбурга разместил на сайте госзакупок запрос на кредит в 150 миллионов рублей. Напомним, что ранее руководство подземки неоднократно заявляло, что метро работает в убыток, а цена жетона намного ниже себестоимости поездки.",В Екатеринбурге есть метро.,entailment,"cleanlab, ds2",2
"Приехавшие на место стражи порядка выяснили, что женщина пригласила своего знакомого помочь ей по хозяйству. Мужчина пришел и в какой-то момент остался один - хозяйка вышла в соседнюю комнату. Гость в этом доме бывал не раз и даже знал, где пенсионерка хранит свои сбережения.",Хозяйка была на пенсии.,entailment,"cleanlab, datamaps",2
"Если первый блин вышел комом, то второй точно удался.",Кто-то точно совершил как минимум две попытки.,entailment,"cleanlab, datamaps, ds2",3
"К спасательной операции подключились силы Национальной гвардии США и дополнительные полицейские подразделения. На грузовиках они подвезли провиант и воду в районы у восточных склонов Скалистых гор, которые в данный момент оказались полностью блокированы в результате разлива рек. Работы осложняются, так как многие дороги оказались непроходимы из-за оползней, спровоцированных разливом воды.",Национальная гвардия США пытается остановить разливы рек.,not_entailment,"cleanlab, datamaps",2
"Четыре года назад он вышел на пенсию. Устроился на место поспокойнее - дворником в ижевскую школу. Тогда и не думал, что именно здесь он, декоратор по образованию, найдет свое призвание.",Пенсионер работал дворником.,entailment,"cleanlab, datamaps",2
"В пресс-службе ведомства сообщили, что в течение декады в муниципалитетах пройдут профилактические мероприятия.",Муниципалитеты будут заняты профилактическими мероприятиями.,entailment,"cleanlab, ds2",2
"Как выяснилось, причиной аварии на станции стало обрушение крыши в районе пятой турбины: рухнувшая кровля повредила трубы газопровода, от этого и произошел взрыв.",Пятая турбина рухнула на трубы газопровода.,not_entailment,"cleanlab, datamaps",2
"""В Сухуми взорван внедорожник, припаркованный недалеко от жилого дома по ул.Когония, сообщил """"Интерфаксу"""" начальник УВД города Гарри Аршба. По словам собеседника агентства, взрыв произошел около 12:30 в субботу. В результате взрыва никто не пострадал, так как в автомобиле никого не было.""",В Сухуми взлетел на воздух жилой дом.,not_entailment,"cleanlab, ds2",2
"""Следователи ознакомили лидера националистического движения """"Русские"""" Дмитрия Демушкина с проведенными экспертизами, одна из которых заключила, что в его прошлогоднем интервью, из-за которого было возбуждено одно из уголовных дел, отсутствует элемент разжигания межнациональной розни.""",Одно из интервью националиста не разжигало межнациональную рознь.,entailment,"cleanlab, datamaps",2
"Снег с крыши ни разу за зиму не скидывали, и вот лавины снега начали падать, там даже ограждения вырвало, - комментирует автор фото. - Ладно, машины, а если бы это были люди… Однако мнения комментаторов разделились. Одни жалеют пострадавших автовладельцев, которые оставили свои автомобили в непосредственной близости возле дома.",Крышу не чистили всю зиму.,entailment,"cleanlab, datamaps, ds2",3
"""Астахов отметил, что в ситуации разбираются вирусологи и инфекционисты. Главная задача - локализовать распространение вируса. """"Потому что уже несколько версий существует, в том числе - что это внесенный вирус, привезенный кем-то из-за границы"""".""","Это внесенный вирус, привезенный кем-то из-за границы.",not_entailment,"cleanlab, datamaps",2
"Сотни военнослужащих из Катара принимали участие в военных операциях на стороне ливийских оппозиционеров, сообщил в среду журналистам командующий Генеральным штабом катарских Вооруженных сил Хамад бен Али Аттыйя. По его словам, оппозиционеры нуждались в такой поддержке, поскольку большинство из них составляли гражданские люди, никогда не имевшие дело с военной наукой.",Сотни военослужащих Катара воевали за ливийских оппозиционеров.,entailment,"datamaps, ds2",2
"Спустя время парень беспрепятственно открыл машину и угнал ее. Потом разобрал и продал детали. Новому владельцу вернули оставшуюся часть автомобиля, а на молодого человека завели уголовное дело.","Молодой человек разобрал машину, а затем угнал детали.",not_entailment,"cleanlab, datamaps",2
"В Нижегородской области выясняют причины крупного пожара, в результате которого сгорел дом и пострадал подросток.",В Нижегородской области пострадал подросток.,entailment,"datamaps, ds2",2
"Соревнования прошли в бескомпромиссной борьбе, но в этот день случилось более знаковое событие, которое затмило все остальные.",Борьба была бескомпромиссной.,entailment,"cleanlab, ds2",2
"В одной из комнат он нашел икону, которую забрал с собой, чтобы продать.",Он искал в комнате икону.,not_entailment,"cleanlab, datamaps",2
"Как рассказали «Комсомольской правде» в пресс-службе администрации города, на том участке наконец появился светофор.",Светофор установлен.,entailment,"cleanlab, ds2",2
"7 января на личной странице бизнесмена в соцсети Facebook появилось сообщение, в котором говорилось, что он намерен добиваться проведения прокурорского расследования.","Предприниматель хочет, чтобы прокурор во всем разобрался.",entailment,"cleanlab, datamaps, ds2",3
"Я бы дал деньги на командировки, потому что спортивный журналист здесь сидеть не должен, он должен ездить.","Спортивный журналист должен ездить, а не сидеть.",entailment,"cleanlab, ds2",2
"Как сообщает Государственная инспекция труда, водитель подготавливал дежурный автомобиль.",Шофер готовил дежурный автомобиль.,entailment,"cleanlab, ds2",2
"В пресс-службе ведомства сообщили, что в течение декады в муниципалитетах пройдут профилактические мероприятия.",Десять дней в муниципалитетах будут идти профилактические мероприятия.,entailment,"cleanlab, ds2",2
"Коррекция высоты орбиты проводиться не будет, поскольку объект не представляет угрозы станции.",Объект не угрожает станции.,entailment,"cleanlab, ds2",2
"Как сообщила в понедельник газета Daily Telegraph, ожидается, что во вторник законопроект будет отправлен на окончательное согласование в нижнюю палату парламента. Никаких препятствий на пути к окончательному принятию законопроект не должен встретить, поскольку ранее палата общин уже одобрила его первоначальную версию подавляющим большинством голосов.",Газета рассказала о тёмном прошлом законопроекта.,not_entailment,"cleanlab, ds2",2
"Третий месяц зимы тоже не готовит особых климатических сюрпризов. Среднемесячная температура и количество осадков будет соответствовать традиционным для нашего региона значениям. Весна ожидается ранней, но может продлиться дольше обычного.",Весна продлится дольше обычного.,not_entailment,"cleanlab, datamaps",2
"""Целый оружейный арсенал, на который вышли полицейские, вывел на след предполагаемых убийц.""",Полицейские организовали арсенал.,not_entailment,"cleanlab, ds2",2
"Подробности случившегося не сообщаются. Известно, что о произошедшем в полицию сообщила мать девочки, правда, пришла она в отделение на неделю позже. Она рассказала, что преступник каким-то образом проник к ним в дом и совершил надругательство над дочерью.",Подробности случившегося полиция не знает.,not_entailment,"cleanlab, datamaps",2
"По данным следствия, в июне прошлого года в подъезде одного из домов по улице Отрадной обвиняемый избил свою бывшую супругу и сломал ей палец.",Обвиняемый сломал руку бывшей супруге.,not_entailment,"cleanlab, datamaps, ds2",3
"Это предполагает законопроект о фонде субсидирования предприятий, которые создают новые рабочие места, рассмотренный комиссией по сельскому хозяйству и пищевой промышленности и предложенный парламенту.","Парламент рассмотрел законопроект о фонде субсидирования предприятий, которые создают новые рабочие места.",not_entailment,"cleanlab, datamaps",2
"Теперь об отсутствии таблички напоминают только куски осыпавшейся побелки на полу. – Им пришлось исправить, подбелить стену по краям, – отмечают в музее. – Потому что вырывали «с мясом», была дыра.",На полу музея - побелка.,entailment,"cleanlab, ds2",2
"В воскресенье в Липецкой области потеплеет, сообщают синоптики.",Синоптики обещали потепление.,entailment,"cleanlab, ds2",2
"Деревянный черенок от метлы стал причиной преступления, которое унесло жизнь пенсионера.",Черенок от метлы унес жизнь пенсионера.,not_entailment,"cleanlab, datamaps, ds2",3
"""По мнению главного экономиста Альфа-банка Наталии Орловой, у Кудрина не получилось сделать бюджет источником экономического роста с помощью инвестиций. """"Не думаю, что это колоссальный провал, так как всегда считалось, что бюджетная политика - не самый подходящий инструмент для инвестиций"""".""",Бюджетная политика - едва ли не самый подходящий инструмент для инвестиций.,not_entailment,"cleanlab, datamaps",2
"В регионе будут колебания атмосферного давления, которые спровоцируют головные боли и боли в области сердца.",Метеозависимым в регионе придется несладко.,entailment,"cleanlab, datamaps",2
"""Сам Удальцов заявлял, что врачи действуют под давлением полицейских. """"Власти избрали тактику поддержания у меня минимального жизненного уровня. В этих условиях я вынужден продолжать голодовку, поскольку никакой вины за собой не вижу"""", - сообщил он.""",Удальцов отказывается от еды.,entailment,"cleanlab, datamaps",2
"Поначалу он надеялся, что с мальчиком ничего страшного не произошло. Но малышу было все хуже. «Скорую» вызвали только около двух часов ночи, спустя несколько часов после того, как мальчик упал и получил травмы.",С мальчиком ничего страшного не произошло.,not_entailment,"cleanlab, ds2",2
"Задать свой вопрос или оставить жалобу смогут все желающие, рассказали «Комсомольской правде»-Красноярск в городской администрации.",Желающих жаловаться будет много.,not_entailment,"cleanlab, ds2",2
"Их номер про друга крокодила Гены рассмешил и зрителей, и жюри шоу. Своеобразие дуэта и оригинальные шутки позволили Антону и Алине пройти в финал программы, где ребята смогут побороться за главный приз – семь миллионов рублей. К слову, ранее дуэт не смог пройти на полуфинал, так как члены жюри не оценили их шуток.",Антон и Алина поставили номер про друга крокодила Гены.,entailment,"cleanlab, ds2",2
"Михаил Федорович предупредил, что на дорогах очень скользко. Так что, отправляясь в гости, сапоги на «шпильках» и «лабутены» лучше взять с собой, а до гостей добираться в устойчивой обуви. Можно взять с собой в дорогу и праздничные свечки и бенгальские огни, потому что видимость будет плохой — мощная облачность накроет всю область, и придется встречать праздник при свете фонарей и салютов, а не ярких новогодних звезд.","""В сапогах на """"шпильках"""" и """"лабутенах"""" на дорогах будет не так скользко.""",not_entailment,"cleanlab, datamaps",2
"Во время праздничной церемонии в муниципалитете он заявил, что главными задачи для него является максимальное использование всех возможностей в области предпринимательства и экономического развития.",Он сделал заявление по окончании праздничной церемонии.,not_entailment,"cleanlab, ds2",2
"Строение было небольшое и пожар потушили в считанные минуты. Однако, огонь успел уничтожить крышу и повредить стены. На пожаре никто не пострадал, сейчас специалисты устанавливают точную причину возгорания.",Маленькое строение быстро потушили.,entailment,"cleanlab, ds2",2
Учредителем центра стала Государственная канцелярия.,Государственная канцелярия выступила перед учредителем.,not_entailment,"cleanlab, datamaps",2
"Об этом вечером во вторник, 17 января, сообщила пресс-служба Спасательного департамента, отметив, что немецкую противотанковую мину Tellermine 42 обнаружили в на улице Кеэвисе в ходе земляных работ. Спасатели эвакуировали жителей окрестных домов, офисов и складских помещений. Уничтожать мину на месте не стали, поскольку это угрожало повреждению трассы трубопровода.",В ходе земляных работ нашли воду.,not_entailment,"cleanlab, ds2",2
"В продуктовом магазине на улице Суворова продают подозрительно дешевый алкоголь. Силовики провели контрольную закупку и выяснили, что алкоголь в павильоне продавали без специальной лицензии.",Дешевый алкоголь оказался нелицензированным.,entailment,"cleanlab, datamaps",2
"Разозлившись, хозяин квартиры схватил нож и ударил им гостя в грудь и живот. От травм мужчина скончался на месте. Предприимчивый мужчина решил спрятать труп убитого, поэтому он его расчленил и прикрыл одеялом.",Хозяин квартиры убил гостя ножом и одеялом.,not_entailment,"cleanlab, datamaps",2
"""Оно должно сохранять некоторые бренды, должно сохранять некоторые символы, из которых, опять-таки, составляется уникальность этого города, этого государства. Поэтому """"Ленфильм"""" должен быть сохранен именно как государственный центр – он может быть меньше, чем сейчас, допустим, но он может стать каким-то инкубатором, где выращивают великих режиссеров, а они потом, их ученики могут работать в разных других местах. Я думаю, что предложенный вариант не очень удачный, потому что то, как он выглядит сейчас – это обыкновенная приватизация, это новая волна приватизации.""","""""""Ленфильм"""" может стать инкубатором великих брендов.""",not_entailment,"cleanlab, datamaps",2
"""""""Система аккредитации - это ключевой инструмент допуска на рынок. Мы сейчас готовим закон об аккредитации, который весной хотим внести в Госдуму"""", - сказала она. """"Этот закон очень важен, потому что он будет предусматривать переход на международные стандарты аккредитации"""", - сказала она.""",Она ждет весну.,entailment,"cleanlab, ds2",2
"Он был уверен, что в процессе был допущен ряд процедурных нарушений.",Он был уверен в процессе.,not_entailment,"cleanlab, datamaps",2
"Трое молодых людей, из числа ранее судимых, совершили 23 кражи из гаражей и дачных участков. Вначале, они при помощи топора разобрали крышу пристроя к магазину поселка Железнодорожный, проникли на склад продуктов и собрались вынести бутылки с пивом и подсолнечным маслом, несколько пачек пряников, печенье, вермишель и наборы карамели. Однако увести награбленное они не смогли, так как их спугнула охрана.",Четверых преступников спугнула охрана.,not_entailment,"cleanlab, datamaps",2
"Так как у мужчины не было постоянного заработка, ему пришлось взять кредит в банке.",Мужчина взял кредит в банке.,entailment,"datamaps, ds2",2
"Сделали горку для ребятишек, каток. Но залить своими силами смогли только горку. Никто не хочет помочь нам заливать, а ведь мы стараемся сделать хоть что-то.",Залить горку своими силами не получилось.,not_entailment,"cleanlab, datamaps",2
"В октябре ее закрывали на ремонт: в правой части центрального блока здания усилили каркас стальными канатами, укрепили и усилили фундамент, завершили восстановление поврежденной отделки.",Поврежденную отделку полностью восстановили.,entailment,"cleanlab, datamaps",2
"Мужчина сообщил, что к краже может быть причастна его собственная дочь, у которой был доступ к ключам от сейфа.",К краже причастна дочь мужчины.,not_entailment,"cleanlab, datamaps",2
"Как считают следователи, в течение трех лет она специально указывала в налоговой декларации цифры, которые были значительно ниже реальных.",Три года она фальсифицировала налоговые декларации.,entailment,"cleanlab, datamaps",2
"В сентябре утвердили схему размещения щитов, по которым пройдут электронные торги.",Схема размещения щитов утвержена.,entailment,"cleanlab, ds2",2
"""Миноритарий банка Алексей Навальный заявил тогда, что покупка буровых установок была совершена по завышенной цене и через офшор, собственники или бенефициары которого не известны. """"Я не понимаю, почему весь набсовет ничего не делает (чтобы расследовать сделку). Вы пособники этой кражи, потому что вы получаете деньги, чтобы защищать наши интересы"""".""",Навальный обвинил наблюдательный совет в бездействии.,entailment,"cleanlab, datamaps, ds2",3
"Он присутствовал на мероприятии не в качестве гостя, а выступил в роли циркового артиста.","Он приехал не гостить, а выступать.",entailment,"cleanlab, datamaps",2
"Региональный главк полиции сообщает, что закон не соблюдали в павильоне, расположенном на улице Революционной в областном центре.",В павильоне соблюдали закон.,not_entailment,"cleanlab, datamaps, ds2",3
"«У меня простые принципы подбора людей в команду: порядочность и компетентность. Кто-то на новой должности справляется и продолжает работать, кто-то уходит, а кто-то показывает максимальную эффективность и переходит на решение других, более сложных задач. Так будет происходить и впредь, потому что команда должна работать эффективно», – подчеркнул глава региона.","Глава региона рассказал, что ценит умеренность и аккуратность.",not_entailment,"cleanlab, ds2",2
"Назначена судебно-медицинская экспертиза. По результатам проверки будет ясно, возбуждать ли уголовное дело. Также в ведомстве отметили, что это не первый случай, когда в квартире случился пожар.",Уголовное дело еще не возбуждено.,entailment,"cleanlab, datamaps, ds2",3
"Многочисленные коробки с бутылками выносят с торговых точек, разоблачая разные преступления. В отдельных случаях, продавцы попадаются на том, что у товара – поддельные акцизы. Бывает, что сама продукция является явно небезопасной.",Коробки с бутылками разоблачают преступления.,not_entailment,"cleanlab, datamaps",2
"Доктора пытались реанимировать мальчика, но полученные им травмы оказались несовместимыми с жизнью.",Мальчик не выжил.,entailment,"cleanlab, datamaps",2
"Она сообщила об этом двум своим приятелям. Они изучили распорядок дня бизнесмена и напали на него на улице. Злоумышленники вывезли его за пределы города, отобрали деньги, убили.",Бизнесмена убили за пределами города.,entailment,"cleanlab, datamaps",2
"Они искали места, где незаконно продают выпивку.",Они искали места незаконной продажи сигарет.,not_entailment,"cleanlab, ds2",2
"Мужчина окунулся в бассейн, где у него прихватило сердце.",В бассейне у мужчины стало плохо с сердцем.,entailment,"cleanlab, datamaps, ds2",3
"Об этом «Комсомольской правде»-Красноярск сообщили в пресс-службе краевого следственного комитета. Как доказали следствие и суд, эта женщина, используя свое служебное положение, устроила на работу учителями четверых своих знакомых. Но фактически те не работали, а их зарплату снимала с карт сама директор.",Женщина совершила подлог.,entailment,"cleanlab, datamaps",2
"Удар пришелся в грудную клетку. Женщина сама вызвала мужу скорую и полицию. Мужчину госпитализировали, но медики не смогли спасти ему жизнь.",Медики  спасли мужчине жизнь.,not_entailment,"cleanlab, datamaps, ds2",3
"Ежедневно в плотины поступает всё больше и больше воды, что не может не радовать.","Вчера в плотины поступало не так много воды, как сегодня.",entailment,"cleanlab, ds2",2
"""О какой именно авиабазе идет речь, собеседник агентства не уточнил. Между тем посольство РФ в Кабуле не располагает информацией о том, что опасно сблизившийся с российским авиалайнером самолет принадлежит дислоцированным в Афганистане иностранным военным. Пресс-атташе российской дипмиссии Степан Аникеев заявил, что посольство не намерено самостоятельно обращаться к афганским властям или командованию МССБ за разъяснениями относительно этого инцидента. """"Мы точно не будем этого делать, потому что это — частная компания, и это ее дело"""".""",Опасно сблизившийся с российским авиалайнером самолет принадлежит дислоцированным в Афганистане иностранным военным.,not_entailment,"cleanlab, datamaps",2
"Модельер не явился за заседание суда, чтобы избежать встречи с журналистами и не попасть в объективы камер. Адвокаты обвиняемого ранее заявили о том, что Гальяно потерял над собой контроль из-за злоупотребления алкоголем и поэтому нагрубил посетителям. Один из адвокатов сказал, что его подзащитный не помнит, что происходило в баре, так как он был болен.",Гальяно отсутствовал на заседании суда.,entailment,"cleanlab, ds2",2
"Оказалось, злоумышленник проник в дом, пока хозяин отсутствовал — с середины декабря его не было.",Злоумышленник проник в пустой дом.,entailment,"cleanlab, datamaps",2
"Ожидается, что перед судом выступит руководитель группы гособвинения Виктор Антипов, который предложит наказание подсудимым.",Подсудимые смогут выбрать себе наказание.,not_entailment,"cleanlab, ds2",2
"Распространившееся пламя дошло до масляного радиатора, который взорвался. Погибли двое детей, одному из которых два года и восемь месяцев, а второму нет и года. Жители, ставшие свидетелями пожара, сначала говорили о взрыве газового баллона, так как хлопок был достаточно мощным.",Взрыв масляного радиатора был причиной пожара.,not_entailment,"cleanlab, datamaps",2
"Сельский врач предложил ей таблетки, но она попросила сделать ей инъекцию антибиотика. Со слов доктора, он убедился, что в ампуле действительно антибиотик, и сделал укол. Самочувствие женщины резко ухудшилось, и она умерла.","Сельский врач предложил ей таблетки, но она предпочла умереть.",not_entailment,"cleanlab, datamaps",2
"Сначала все футболисты ульяновской команды прошли медицинское обследование, после чего отправились на тренировочный сбор.",Врачи проверили здоровье футболистов.,entailment,"cleanlab, datamaps",2
"Женщина сообщила, что стала жертвой обмана.","Жертва обмана сообщила, что стала женщиной.",not_entailment,"cleanlab, datamaps",2
"Свои поступки женщина объяснила тем, что муж бросил бы ее, если бы она родила ему много детей. К 2006 г. в семье уже росли два ребенка. Личность осужденной сохранена в тайне, поскольку разглашение этой информации противоречит немецкой системе правосудия.",Женщина нашла способ не рожать слишком много детей.,entailment,"cleanlab, ds2",2
"Прошу подойти ответственно к этому вопросу. Поставить галочку и забыть — не выйдет. Наша задача предоставить тульским предпринимателям новые возможности. Что губернатор сказал про медицину, читайте здесь.",Прошу поставить галочку и забыть.,not_entailment,"cleanlab, datamaps",2
"В ходе разбирательств выяснилось, что данное транспортное средство числится в угоне.",Транспортное средство угнали в ходе разбирательства.,not_entailment,"cleanlab, datamaps",2
"Передачу помещений школ спортивным секциям городские власти хотят сделать правилом, так как в администрацию постоянно обращаются различные спортивные секции, которые не могут найти средства на аренду залов.",Не все спортивные секции могут найти деньги на аренду залов.,entailment,"cleanlab, ds2",2
"Женщине он заявил, что якобы с ней хотели расправиться некие криминальные авторитеты, но он решил с ними все вопросы. За это просил вознаграждение. Женщина обратилась в полицию, и сотрудники уголовного розыска установили личность вымогателя.",С женщиной хотели расправиться некие криминальные авторитеты.,not_entailment,"cleanlab, datamaps",2
"Сделал он это на лестничной клетке в доме, в котором он проживает.",Он проживает в многоквартирном доме.,entailment,"cleanlab, datamaps, ds2",3
"Съезд является важным политическим событием в жизни страны. Наши делегаты получили прекрасную возможность высказать свою позицию. Они поделились опытом работы своих первичных отделений, выказали предложения по усовершенствованию нормативно-правовой базы во всех сферах, задали вопросы руководителям министерств,  ведомств,  модераторам площадок.",Наши делегаты усовершенствовали нормативно-правовую базу во всех сферах.,not_entailment,"cleanlab, ds2",2
"Дело в том, что ранее он уже попадался на употреблении запрещенных препаратов. Кроме того, появилась информация, что у мужчины было диагностировано психическое расстройство. Стоит отметить, что полиция сразу задержала подозреваемого: его схватили прямо на месте преступления.",Подозреваемый ранее употреблял запрещенные препараты.,entailment,"cleanlab, ds2",2
"Обнаруженные предметы направлены для проведения экспертизы. Если эксперты признают их культурными ценностями, то в отношении гражданина будет возбуждено административное дело по факту недекларирования. Поскольку для ввоза их пассажир был бы обязан заполнить декларацию на товары с указанием перемещаемых через границу раритетов.",Обнаружены задекларированные предметы.,not_entailment,"cleanlab, datamaps",2
"То, что трасса здесь сложная, было известно в прошлом году. Она с того времени не изменилась, но погодные условия внесли коррективы. Я шел с запасом, так как знал, что на финишном круге будет непросто.",Эта трасса достаточно проста.,not_entailment,"cleanlab, ds2",2
"Хозяйка, услышав шум, проснулась и спугнула вора.","Хозяйка проснулась, чтобы спугнуть вора.",not_entailment,"cleanlab, datamaps",2
"Разговорившись с одноклассницей, мужчина узнал, что та хотела бы перебраться поближе к морю.",Одноклассница мечтала жить у моря.,entailment,"cleanlab, datamaps",2
"Главное управление МЧС России по Ярославской области выложило на своем сайте предупреждение о гололедице на дорогах региона. И призвало жителей быть предельно аккуратными и внимательными. - Пешеходам необходимо переходить дороги только в установленных местах, так как тормозной путь автомобилей значительно удлиняется.",МЧС призывает к вежливости.,not_entailment,"cleanlab, ds2",2
"Сыграло ли это событие роль в решении обвиняемого начать работать на иностранную разведку, пока не известно. Рассмотрение дела Дивенни по существу начнется 12 декабря. Поскольку речь идет о секретных материалах, часть процесса будет проходить в закрытом режиме.",Дивенни мог работать на иностранную разведку.,entailment,"cleanlab, datamaps",2
"""Были проблемы с Тверской областью при запуске """"Сапсана"""", я вам докладывал. Все пригородные поезда, которые существовали, были восстановлены. Сегодня снимаются только те пригородные поезда, которые по решению региона являются необязательными, потому что регионы сегодня должны финансировать убытки, которые возникают при использовании пригородных перевозок.""","""Запуск """"Сапсана"""" потребовал ввести новые пригородные поезда в Тверской области, и начались проблемы.""",not_entailment,"cleanlab, datamaps",2
"Он прогулялся между рядов, затем схватил с полки бутылку недорогого коньяка.",Он пришел погулять между рядов.,not_entailment,"datamaps, ds2",2
"Женщина успела закрыться в подсобном помещении, откуда вызвала полицию.",Женщина спряталась в подсобке.,entailment,"cleanlab, datamaps, ds2",3
"После этого преступник скрылся, а женщина вызвала полицию.",Женщина обратилась за помощью в полицию.,entailment,"cleanlab, datamaps, ds2",3
"Женщина сообщила, что стала жертвой обмана.",Женщина пожаловалась на жертву.,not_entailment,"cleanlab, datamaps, ds2",3
"Как считают силовики, руководитель на протяжении трех месяцев не платил своим сотрудникам зарплату, различные пособия и иные выплаты, которые причитаются гражданам согласно закону.",Руководитель на протяжении трех месяцев не платил своим сотрудникам зарплату.,not_entailment,"cleanlab, datamaps",2
"""Как сообщил корреспондент """"Интерфакса"""", из метро """"Китай-город"""" двигалась большим потоком толпа, некоторые организованными группами, состоящими в основном из молодых людей. В одной из таких групп мужчины спрашивали друг у друга, куда им идти, и им ответили - на Ильинку, дом 5. Одна из шедших в сторону Гостиного двора женщина кому-то говорила по телефону о том, что она почти на месте и идет в конце, потому что с ней много людей.""",Корреспондент подробно рассказал о движении толпы.,entailment,"cleanlab, ds2",2
"Реставраторы саратовского театра, который спустя четыре года после пожара наконец распахнул свои двери, поделились деталями своей работы.",Реставраторы рассказали о пожаре.,not_entailment,"cleanlab, datamaps",2
"Как выяснилось, на ее компьютер при переходе на один из Интернет-сайтов установилось вирусное программное обеспечение.",Ее компьютер словил вирус.,entailment,"cleanlab, datamaps",2
"Руки подсудимого были забинтованы и находились не за спиной, как это положено, а спереди. По просьбе мужчины наручники не зажали максимально плотно. Как только украинец был доставлен в суд, наручники сняли.",Подсудимый был украинцем.,entailment,"cleanlab, ds2",2
"26 июня прошлого года обвиняемый вломился в дом к 59-летнему соседу в селе Виняево Арзамасского района и жестоко избил его до полусмерти. Мужчина не смог оправиться от травм и через месяц скончался в больнице. В октябре злоумышленник был задержан. Он признал свою вину лишь частично и рассказал, что конфликт с соседом произошел из-за щенка.",В результате конфликта двух соседей остался в живых только один.,entailment,"cleanlab, datamaps",2
"Напомним, акция «Полицейский Дед Мороз» проходит по всей стране.",Акция «Полицейский Дед Мороз» проходит в трех странах.,not_entailment,"cleanlab, ds2",2
"""""""Но честно, объективно и по решению суда"""", - заявил Бастрыкин в интервью """"Интерфаксу"""". Отвечая на вопрос об обысках и вызове на допрос лидеров оппозиции, глава СКР подчеркнул, что они пока находятся в статусе свидетелей. """"Это совершенно нормальное состояние, потому что мы не имеем достаточных доказательств, чтобы перевести их хотя бы в статус подозреваемого либо обвиняемого"""".""","Как только появляются доказательства, свидетелей переводят в статус подозреваемых или обвиняемых.",entailment,"cleanlab, datamaps",2
"Аргументом данного решения стало то, что мэр не может выдавать подобные распоряжения. Согласно распоряжению мэра, должно было быть приобретено до 50 единиц, но денег хватало только на 30. Эти автобусы нужно было купить еще несколько лет назад. Так как у всех автобусов, имеющихся в наличии, истек срок эксплуатации.",В городе эксплуатировались только просроченные автобусы.,entailment,"cleanlab, datamaps",2
"Как рассказали «Комсомольской правде» в пресс-службе администрации города, на том участке наконец появился светофор.",Светофора ждали долго.,entailment,"cleanlab, ds2",2
"Инцидент произошел в Нижнекамске в ночь на субботу. В ЦРБ доставили 39-летнего мужчину с ножевым ранением в живот. Медики вызвали полицейских, так как было ясно, что на потерпевшего напали.",Мужчину ранили в голову.,not_entailment,"cleanlab, ds2",2
"""Чтобы мать не расстраивалась, он ей позвонил и """"успокоил"""", честно обо всем рассказав.""","Скорее всего, мать все же расстроилась.",entailment,"cleanlab, datamaps",2
"Она сообщила, что ее сын подвергся избиениям со стороны других воспитанников. Его также облили кипятком. Мать утверждает, что в учреждении процветает дедовщина.",В учреждении процветает дедовщина.,not_entailment,"cleanlab, datamaps, ds2",3
"Осторожнее на этом участке, водители и пешеходы! Там уже каток. Трубы не выдержали, прорвало.",Вода из прорвавшихся труб замерзла.,entailment,"cleanlab, datamaps",2
"""""""Воздушные шары символизируют открытость и честность выборов, а их количество равно числу ТИКов в республике"""", - пояснил агентству поднесший спичку к чучелу, облив его перед этим жидкостью для разведения костров, правозащитник Эдвард Мурзин. Участники митинга, организованного одним из лидеров общественного движения """"Голос Уфы"""" Андреем Андреевым, прошли колонной с речевками и знаменами несколько кварталов к площади перед Русским драмтеатром. Полиция не перекрывала движение автотранспорта, поскольку колонна участников акции двигалась только по тротуарам.""",Правозащитник поджег чучело.,entailment,"cleanlab, datamaps",2
"Женщина успела закрыться в подсобном помещении, откуда вызвала полицию.",Полиция сидела в подсобном помещении.,not_entailment,"cleanlab, ds2",2
"Как выяснилось, женщина выпала из окна собственной квартиры.",Женщина выбросилась из окна.,not_entailment,"cleanlab, datamaps",2
"""Как сообщает МВД по Республике Татарстан, 19 февраля в отдел полиции """"Япеево"""" УМВД России по городу Казани был сопровожден для дачи показаний мужчина, подозреваемый в совершении кражи денег. При доставлении в отдел манера поведения и речь подозреваемого вызвали предположение, что он находится в состоянии наркотического опьянения. Так как состояние подозреваемого не позволяло его опросить, ему была вручена повестка с указанием времени прибытия в отдел полиции.""",Мужчина подозревается в краже денег.,entailment,"cleanlab, ds2",2
"Представители активной молодежи Саратовской области на пресс-конференции в «КП»-Саратов затронули важные темы для студенчества и молодежи. Говоря о развитии студенческого сообщества, региональный куратор ассоциации студенческих коммуникаций «Кампус» Дмитрий Горбунов подчеркнул, что их сообщество впервые появилось в регионе в этом году.",Студенческому сообществу Саратова меньше года.,entailment,"cleanlab, ds2",2
"""""""И когда я узнал, какие там результаты в моей Москве, просто сегодня не мог не прийти"""", - отметил он. Чуть дальше стояла группа молодых людей с плакатами в виде """"диалогов"""" и надписью: """"Свобода выбора"""", """"Свобода должна быть не только в Facebook"""". """"Мы здесь, потому что мы против того, чтобы за нас кто-то что-то решал, хотим честности, справедливости, и чтобы нас услышали"""".""",У молодых людей были флаги.,not_entailment,"cleanlab, ds2",2
"Родительских прав мать не лишена. Пока. А в парадном девочка оказалась, потому что дома она мешала матери выпивать.",Пьяная мать выставила девочку в парадное.,entailment,"cleanlab, datamaps",2
"Прокуратура поддержала ходатайство следователей и мужчину арестовали на два месяца. В ходе судебного заседания стали известны подробности преступления. Мотивом убийства, как выяснилось, стала ревность.",Мужчина убил из ревности.,entailment,"cleanlab, ds2",2
"У троих участников драки диагностированы различные травмы. Что интересно, в полиции все они заявили, что претензий друг к другу не имеют.",Участники драки остались довольны друг другом.,entailment,"cleanlab, datamaps",2
"Мужчина был пьяный, и ему взбрело в голову дать сыну попробовать пенного. Мать была против, но она не смогла остановить мужа. Она прибежала за помощью к соседке, а та вызвала полицию.",Мужчина напоил сына пивом.,entailment,"cleanlab, datamaps",2
"Умирающая девушка успела рассказать, что ее ударил ножом их собутыльник за то, что она его оскорбила, а потом быстро убежал. Сотрудница котельной вызвала полицию и «скорую». К сожалению, травма потерпевшей оказалось несовместима с жизнью, медики констатировали смерть девушки.",Умирающая девушка оскорбила собутыльника.,not_entailment,"cleanlab, datamaps",2
"Дорожную обстановку сегодня осложнили погодные условия. Всю ночь и утро валил снег, трассу не успели почистить. По предварительным данным, сначала дорогу не поделили две легковушки, затем в них въехала «Газель».",Пять машин попали в аварию.,not_entailment,"cleanlab, ds2",2
"Отец вышел на балкон и дверь внезапно захлопнулась. Благо, телефон мужчина взял с собой. Он вызвал спасателей, которые благополучно попали в квартиру и освободили родителя, а также успокоили перепуганного четырехлетнего мальчика.",Малыш остался дома один.,entailment,"cleanlab, datamaps",2
"Женщину доставили в больницу, за ее жизнь сейчас борются врачи.",Женщину спасли врачи.,not_entailment,"cleanlab, datamaps, ds2",3
"""Верзилов отметил, что его жена в целом удовлетворительно оценивает условия, в которых сейчас находится. """"Она говорит, что достаточно мало видела, поскольку больница большая, но в целом она удовлетворена отношением сотрудников, наличием нормального оборудования"""".""",Жена Верзилова построила больницу.,not_entailment,"cleanlab, ds2",2
"Он представился агентом московской фирмы и предложил двум женщинам высокие должности с хорошим окладом. Но за трудоустройство нужно было внести взнос. Получив требуемую сумму, он подписал фиктивные трудовые договоры с потенциальными сотрудницами и был таков.",Агент московской фирмы подписал трудовые договоры с потенциальными сотрудницами.,not_entailment,"cleanlab, datamaps",2
"В Ульяновскую область пришли снегопады, и в ближайшие дни, по сообщениям синоптиков, погода только ухудшится: к осадкам присоединятся резкое понижение температуры, метели и гололедица. Ульяновские госавтоинспекторы настоятельно советуют водителям воздержаться от поездок по области на личных автомобилях. Если вам все же придется выехать, то стоит придерживаться некоторых правил: быть внимательными на дорогах, так как видимость может ухудшиться, проявлять бдительность около остановок общественного транспорта и на «зебрах», не превышать скорость, тормозить заранее.",Ульяновскую область ждет хорошая погода.,not_entailment,"cleanlab, ds2",2
"""""""Будем участвовать в выборах (главы Химок - ИФ). Мы уже часть документов собрали, через несколько дней подадим на регистрацию и будем собирать подписи"""", - заявил он """"Интерфаксу"""" в понедельник. По его словам, у него есть несколько идей для предвыборной кампании: """"Например, все посты в правительстве будут занимать немцы, потому что наши чиновники все воруют"""".""",Предстоят выборы главы республики.,not_entailment,"cleanlab, ds2",2
"Молодого человека, который явно только-только употребил наркотическое вещество, обнаружили в подъезде одного из домов.",Молодой человек явно был под кайфом.,entailment,"cleanlab, datamaps, ds2",3
"Они и решили выяснить, кто же из них лучше всех поет.",Кто-то из них лучше всех поет.,entailment,"cleanlab, ds2",2
"Он рассказал, что к нему в гости пришли его знакомая вместе с подругой и ее сыном.",Он рассказал о четырех гостях.,not_entailment,"cleanlab, ds2",2
"""""""В нашей группе компаний идея объединенного чемпионата даже не обсуждалась. Может, где-то в курилке. Только я об этом не ведаю, поскольку не курю"""".""",Я курю только в курилке.,not_entailment,"cleanlab, ds2",2
"Игроки хорошие, индивидуумы хорошие, а не сложилось. Президент предпринимала максимальные усилия, направленные на то, чтобы, найти лучшее, что есть на рынке. Мы не все могли купить, потому что бюджет клуба не всех позволял приобрести.","Президент нашла лучшее, что есть на рынке.",not_entailment,"cleanlab, datamaps",2
"Молюсь за обоих. Просто хочу обнять своего сына, а прав он или виноват - пусть скажет следствие. Хочется сказать всем оскорбляющим милицию: опомнитесь, милиционеры - это не безликие роботы в форме.",Кто-то оскорбил сына.,not_entailment,"cleanlab, datamaps",2
"Модельер не явился за заседание суда, чтобы избежать встречи с журналистами и не попасть в объективы камер. Адвокаты обвиняемого ранее заявили о том, что Гальяно потерял над собой контроль из-за злоупотребления алкоголем и поэтому нагрубил посетителям. Один из адвокатов сказал, что его подзащитный не помнит, что происходило в баре, так как он был болен.","Гальяно не помнит, что происходило в баре.",not_entailment,"cleanlab, datamaps, ds2",3
"Суд установил, что каждый из подсудимых, действуя в сговоре с другими, выполнял отведенную ему роль в группе.",Подсудимые действовали сообща.,entailment,"cleanlab, datamaps",2
"С новогодней красавицы уже сняли звезду и игрушки, а также начали демонтировать низ искусственного дерева.",Новогоднюю красавицу раздели.,entailment,"cleanlab, datamaps",2
"По данным следствия, в июне прошлого года в подъезде одного из домов по улице Отрадной обвиняемый избил свою бывшую супругу и сломал ей палец.",Обвиняемый сломал палец бывшей супруге.,entailment,"cleanlab, datamaps, ds2",3
"""На вопрос, занимался ли задержанный канадский лейтенант шпионажем в пользу России, Г.Мамедов ответил, что """"не знает"""", так как """"не он возглавляет службу разведки"""". А на вопрос, кто из российских дипломатов покинул страну, российский посол и вовсе отказался отвечать. """"Я не могу свободно обсуждать эту тему, так как не хочу повлиять на ведение судебного процесса"""", - сказал он.""",Задержанный канадский лейтенант занимался шпионажем в пользу России.,not_entailment,"cleanlab, datamaps",2
"Я себе оправдания не ищу, но это стало толчком к моему будущему. Если бы застал измену, я бы, может, вообще по-другому поступил. Каждый человек по-своему переживает: кто-то легко прочувствовал все и забыл, кто-то болезненно.",Мне не нужны оправдания для себя.,entailment,"cleanlab, datamaps",2
"По предварительным данным, смерть наступила в результате отравления продуктами горения, а причиной возгорания явилось неосторожное обращение с огнем во время курения в состоянии алкогольного опьянения, - говорится в сообщении.",В результате пожара погибло шесть человек.,not_entailment,"cleanlab, datamaps, ds2",3
"""""""Википедия"""" пишет, что это был период избирательной президентской кампании в России, а Макфол тогда занимался изучением избирательных технологий. Как писал один из коллег Макфола, он поначалу хотел отклонить приглашение Коржакова, который в то время входил в предвыборный штаб Ельцина. Однако приятель посоветовал ему принять приглашение, поскольку последствия отказа были бы намного хуже.""",Коржаков входил в предвыборный штаб Макфола.,not_entailment,"cleanlab, datamaps, ds2",3
"Исследователи отмечают, что такое развитие ситуации может во много раз увеличить в море содержание ртути.","Если ситуация будет развиваться в том же направлении, в море станет больше ртути.",entailment,"cleanlab, ds2",2
"""Количество участников акции протеста """"Захвати Уолл-стрит"""", которые на протяжении нескольких недель не покидают небольшой парк недалеко от Уолл-стрит, превысило 600 человек, сообщает в пятницу британская газета Guardian. Полиция приказала демонстрантам покинуть парк, чтобы в нем можно было провести уборку, необходимую из-за продолжительного пребывания здесь палаточного городка и связанной с этим антисанитарии. Однако демонстранты не собираются выполнять требование полиции, поскольку считают его отговоркой для разгона акции протеста.""",Демонстранты подчинились требованиям полиции.,not_entailment,"cleanlab, ds2",2
"На место происшествия тут же выехали сотрудники полиции, однако вскоре выяснилось, что что заявление ложное.",Обещанного происшествия не было.,entailment,"cleanlab, datamaps, ds2",3
"""При этом он затруднился сообщить, сколько времени может продлиться это отстранение. Сам Губерниев заявил радиостанции """"Эхо Москвы"""", что его отстранение от ведения футбольных программ не повлияет на работу на телеканале. """"Очень сложно меня отстранить от футбольных матчей, потому что я на них редко работаю"""".""",Губерниева отстранили на год.,not_entailment,"cleanlab, ds2",2
"Догадки стражей порядка подтвердились. Как выяснилось, вор продал украденное. Свою вину он отрицать не стал и даже указал, кому он сбыл аппарат.","Вор продал аппарат и сказал, кому.",entailment,"cleanlab, datamaps",2
"Организацией данной акции для малышей, которые остались без родительской заботы, занимается профсоюзный комитет студентов ТОГУ, - рассказали в пресс-центре ТОГУ.",Это акция для ребят из детского сада.,not_entailment,"cleanlab, ds2",2
Далее было вынесено постановление о взыскании исполнительского сбора. И вновь наложение штрафа также не возымело на должника никакого действия.,На должника наложили штраф.,not_entailment,"cleanlab, datamaps",2
"В ходе расследования были установлены и задержаны пятеро подозреваемых в преступлении - жители Куйбышевского и Кировского районов Самары. Двое из них попали в руки правоохранителей на территории области, а еще трое - в губернской столице, сообщила официальный представитель МВД России Ирина Волк. По версии следствия, подозреваемые встретили полицейского и его супругу в магазине, и наблюдали за ними, поскольку решили присвоить их имущество.",Подозреваемые решили отдать свое имущество полицейским.,not_entailment,"cleanlab, ds2",2
"Была угроза того, что огонь перекинется на соседние дома.",Огонь мог перейти на стоящие рядом дома.,entailment,"cleanlab, datamaps, ds2",3
"""""""Я всегда мечтал играть за """"Барс"""", ничего не изменилось. Я счастлив быть здесь и даже не думаю об уходе. Я не просил о продлении контракта, потому что и так хочу здесь остаться"""".""","""Я устал играть за """"Барс"""".""",not_entailment,"cleanlab, ds2",2
"Экспертиза также подтвердила, что права ненастоящие. Впоследствии водитель признался, что приобрел удостоверение через интернет в Туле несколько лет назад. Раньше предъявлять документ полицейским ему не приходилось, так как за руль он садится крайне редко.",Экспертиза признала права фальшивыми.,entailment,"cleanlab, ds2",2
"""""""Я тоже хотел продолжения. Но правила есть правила"""", - заявил Кличко-старший на пресс-конференции после боя, состоявшегося ночью в воскресенье в Москве. """"Рад, что отстоял титул, но, к сожалению, не так, как хотелось бы"""".""",Правила помешали Кличко насладиться продолжением.,entailment,"cleanlab, ds2",2
"В противном случае отец ставил провинившихся на колени и читал им молитвы, а за более серьезные проступки избивал. Дети боялись идти домой после школы и часто приходили к маме на работу. Жена боялась сообщить об издевательствах мужа в полицию, поскольку он грозился убить ее.",Отец наказывал провинившихся молитвами.,entailment,"cleanlab, ds2",2
"Министр по вопросам Brexit Дэвид Дэвис призвал коллег-депутатов не вставлять палки в колеса премьер-министру и закончить рассмотрение как можно более оперативно, чтобы начать переговоры до конца марта этого года, передает ТАСС.",По вопросам Brexit есть отдельный специальный министр.,entailment,"cleanlab, datamaps, ds2",3
"Мужчина окунулся в бассейн, где у него прихватило сердце.","Когда мужчина окунался, у него остановилось сердце.",not_entailment,"cleanlab, datamaps, ds2",3
"Вот только когда вечеринка завершилась, девушка обнаружила, что ее дорогой мобильный телефон пропал.","Во время вечеринки девушка обнаружила, что ее дорогой мобильный телефон исчез.",not_entailment,"cleanlab, datamaps",2
"Когда внедорожник тронулся, то без труда вырвал бензоколонку с корнем.",Внедорожник поехал.,entailment,"cleanlab, datamaps, ds2",3
"И в одном из местных магазинов силовики наткнулись на контрафактную водку, на которой были поддельные акцизные марки.",Акцизные марки подделывали водку.,not_entailment,"cleanlab, datamaps",2
"В первом периоде преимущество было на стороне наших хоккеистов, однако вратарь хозяев играл безупречно.",Вратарь хозяев был на стороне наших хоккеистов.,not_entailment,"cleanlab, datamaps",2
"Поскольку предприятие добровольно погасить свою задолженность не спешило, пристав наложил запрет на регистрационные действия в отношении недвижимости фирмы.",Пристав нашел выход из ситуации.,entailment,"cleanlab, datamaps",2
"Губернатор осмотрел дома, куда заселят работников.",Губернатор осмотрел работников.,not_entailment,"cleanlab, datamaps",2
"В день президентских выборов американские избиратели отдают свои голоса выборщикам, которые назначаются партийными съездами на уровне штатов, их количество определяется числу представителей каждого штата в конгрессе (сенате и палате представителей). Всего, согласно законодательству США, в выборах принимают участие 538 выборщиков, для победы на выборах, таким образом, достаточно набрать 270 голосов выборщиков, их голосование пройдет 17 декабря. Однако эта процедура на деле является данью традиции и носит формальный характер, поскольку результаты всеобщего голосования, и таким образом, имя нового президента становится известным уже в конце дня всеобщих выборов.",538 выборщиков организуют всенародные выборы в США.,not_entailment,"cleanlab, ds2",2
"Прибывшие полицейские обнаружили, что неизвестный почти не оставил следов своего пребывания в доме.",Следов неизвестного в доме было мало.,entailment,"cleanlab, datamaps, ds2",3
"Пострадавшая оценила ущерб в три тысячи рублей. Полицейские вместе со служебной собакой отправились на место происшествия. Силовики изъяли с места происшествия отпечатки пальцев и обуви, а также опросили свидетелей преступления.",Ущерб оценен в 3000 рублей.,entailment,"cleanlab, datamaps",2
"По его словам, для авиакомпаний распространена рекомендация не направлять на острова туристов, поскольку их безопасность не может быть гарантирована.",Острова опасны для туристов.,entailment,"cleanlab, datamaps",2
"Как сообщает официальный сайт правительства региона, участниками турнира стали семь команд.",В турнире будут участвовать спортсмены из правительства региона.,not_entailment,"cleanlab, ds2",2
"""По словам Касима Джамаля Сулеймана, руководителя правительственной комиссии по расследованию произошедшего, все """"мученики"""" были выходцами из """"мирных семей, которые никогда не участвовали в вооруженной борьбе с государством"""". """"Они были не согласны с вооруженными группировками, это подтверждает, что у последних был интерес и цель для убийств"""", - сказал Сулейман, добавив, что все погибшие умерли от пуль и """"острых предметов"""", а не от артиллерии. Он также отметил, что правительственные войска не входили в Хулу во время бойни, поскольку пострадавшие районы находятся вдали от их позиций.""","""У """"мучеников"""" были пули и острые предметы.""",not_entailment,"cleanlab, ds2",2
"Отметил День защитника отечества, называется.",День защитника отечества не вызвал приятных эмоций.,entailment,"cleanlab, datamaps",2
"""""""А я никогда не был на этом телеканале, не видел его"""", - сказал """"Интерфаксу"""" Говорухин в пятницу. Также в Твиттере есть высказывания якобы от имени режиссера про изменение состава директоров """"Эха Москвы"""". """"Это тоже бред, я не мог этого заявить, потому что считаю, что это самая талантливая радиостанция, хоть я во многом с ней не согласен, на мой взгляд, она не полезна делу, которым я занимаюсь"""".""","""Говорухин не считает """"Эхо Москвы"""" талантливой радиостанцией.""",not_entailment,"cleanlab, datamaps",2
"Областной главк полиции сообщает о том, что в регионе проходит операция «Гражданин – Оружие».",Главк полиции сообщил об обнаружении оружия.,not_entailment,"cleanlab, ds2",2
"Стало известно, где собираются отмечать праздник Крещения Господня первые лица региона.",Первые лица региона отметят Крещение.,entailment,"cleanlab, ds2",2
"""Есть еще нерешительная пара  -  экскурсовод и повар придорожного кафе, которым достается сюжет Пиросмани про миллион алых роз. Ну, и, наконец, героиня Анны Михалковой, без промаху продолжающая найденную ранее и успешно продолженную актрисой  в """"Кококо"""" комедийную расшифровку своего таланта. В """"Любви с акцентом"""" она бесстрашно отправляется в """"отпуск по зачатию"""", потому что дома уже совсем не получается.""",Экскурсовод и повар придорожного кафе весьма решительны.,not_entailment,"cleanlab, datamaps",2
"Как сообщает Государственная инспекция труда, водитель подготавливал дежурный автомобиль.",Водитель уже подготовил дежурный автомобиль.,not_entailment,"cleanlab, ds2",2
"На него завели уголовное дело, - рассказали «Комсомольской правде»-Саратов в областной прокуратуре.",На него завели уголовное дело в «Комсомольской правде»-Саратов.,not_entailment,"cleanlab, datamaps, ds2",3
"В одном из интернет-магазинов она заказывала продукты. Спустя пару дней после получения товара ей позвонил неизвестный, который представился сотрудником отдела обслуживания клиентов интернет-магазина и поинтересовался качеством купленного товара. Женщина ответила, что продукты ей не понравились.",Женщина заказывала продукты в соседнем городе.,not_entailment,"cleanlab, ds2",2
"Речь в ней идет о нарушении правил дорожного движения, которое по неосторожности водителя повлекло смерть двух и более человек.",По неосторожности водителя погибли двое.,not_entailment,"cleanlab, ds2",2
"""Трудовые мигранты - и проблема, и надежда России, заявил президент России Дмитрий Медведев в субботу в ходе общения с региональными журналистами. По его словам, для некоторых городов мигранты """"это действительно большая проблема, особенно для относительно небольших городов, где поток мигрантов может просто разрушить трудовой баланс, и за этим нужно следить"""". ""","Медведев не нашел слов, говоря о мигрантах.",not_entailment,"cleanlab, ds2",2
"Начало моды на такие трубки — конец правления Екатерины II (90-е годы XVIII века). Предположительно коллекция принадлежала одному из работников склада, во время пожара в 20-е или 30-е годы прошлого века ее засыпало землей. Сами вещи не пострадали, так как были закалены в печи.",При Екатерине II такие трубки засыпали землей.,not_entailment,"cleanlab, datamaps",2
"Недавно здесь, у пересечения с улицей Трудовой, построили многоквартирный дом, а за конструкцией в виде парусника «прячется» детская площадка.",На Трудовой улице построили многоквартирный дом.,not_entailment,"cleanlab, ds2",2
На Ура_губу в этом году приехало 15 человек.,На Ура_губу в следующем году приедет 15 человек.,not_entailment,"cleanlab, datamaps, ds2",3
"Напомним, трое слуг народа выдвинули инициативу отмены прямых выборов мэра.",Трое депутатов хотят отменить прямые выборы мэра.,entailment,"cleanlab, ds2",2
"В дежурную часть полиции поступило сообщение из продуктового магазина по улице Мира о том, что покупатель украл товар из торгового зала и скрылся.",Покупатель оказался воришкой.,entailment,"cleanlab, ds2",2
"""Экспорт иранской нефти составляет 2,280 млн баррелей в сутки. Между тем, в воскресенье министр нефтяной промышленности Исламской республики Ростам Гасеми заявил журналистам, что Иран готов противостоять нефтяному эмбарго, введенному Евросоюзом. """"Введение нашими врагами санкций не является проблемой, они не возымеют никакого эффекта, поскольку правительство приняло необходимые меры и полностью готово к противодействию"""", - сообщил он.""","Из Ирана вывозят 2,280 млн баррелей нефти в сутки.",entailment,"cleanlab, ds2",2
"На них горожане могут купить хвойные деревья и лапник, пишет пресс-служба администрации.",Горожане купили хвойные деревья и лапник.,not_entailment,"cleanlab, ds2",2
"Экспертиза также подтвердила, что права ненастоящие. Впоследствии водитель признался, что приобрел удостоверение через интернет в Туле несколько лет назад. Раньше предъявлять документ полицейским ему не приходилось, так как за руль он садится крайне редко.",Фальшивым правам было несколько лет.,entailment,"cleanlab, ds2",2
"""Парламентское большинство не считает необходимым проводить специальное расследование в Госдуме в связи с ситуацией вокруг помощника депутата-эсера Ильи Пономарева - Леонида Развозжаева, который утверждает, что в отношении него применялись пытки после задержания. """"В нашей стране есть орган - Генеральная прокуратура, которая занимается подобными расследованиями"""", - сказал журналистам в среду руководитель фракции """"Единая Россия"""" в Госдуме Андрей Воробьев. По его словам, парламентское большинство не будет инициировать такого рода расследование, так как считает, что соответствующие ведомства в состоянии сами ответить на все вопросы, возникающие вокруг данной ситуации и дать исчерпывающую информацию.""","""Руководитель фракции """"Единая Россия"""" сказал, что парламентское большинство инициирует расследование насчет предполагаемых пыток помощника депутата после задержания.""",not_entailment,"cleanlab, datamaps",2
"Они попытались остановить авто, но водитель проигнорировал их.",Они не смогли остановить машину.,entailment,"cleanlab, datamaps",2
"И мы договорились о том, что необходимо вернуть хорошие отношения между нашими странами, которые имеют очень древние корни и были очень крепкими раньше. Наша поездка проходит под девизом возвращения и укрепления прежних отношений между нашими странами. Мы будем обсуждать взаимное сотрудничество и укрепление политических отношений между нашими странами, а также укрепление экономических отношений между нашими странами, поскольку между нами уже существуют отношения экономического характера.",Мы постепенно возвращаем хорошие отношения между нашими странами.,entailment,"cleanlab, ds2",2
"Напомним, в нем приняли участие сразу пять команд из Мурманской Лиги.",В Мурманской Лиге пять команд.,not_entailment,"cleanlab, datamaps, ds2",3
"""По словам Охлобыстина, он не знал, что среди людей, называющих себя организаторами """"Русского марша"""", есть разногласия. """"Я был дезинформирован, основывался на сообщениях прессы и своих подписчиков в Твиттере и не знал, что организаторов """"Русского марша"""" несколько и что между ними есть разногласия. Это очень плохо, потому что здравые патриотические силы должны работать на объединение, а не заниматься ссорами внутри себя"""".""",Охлобыстин осуждает ссоры между патриотами.,entailment,"cleanlab, datamaps",2
"Уголовное дело в отношении парня возбудили после того, как неравнодушные граждане пожаловались на него в полицию.",На неравнодушных граждан завели уголовное дело.,not_entailment,"cleanlab, datamaps, ds2",3
"Сначала зрители могут наблюдать картину, как посреди комнаты маленькая девочка играет со своими игрушками, а за ее действиями наблюдает кукла.",Сначала зрителям показывают картину.,not_entailment,"cleanlab, datamaps",2
"Один из вернувшихся в Нидерланды из Донбасса журналистов заявил, что голландская полиция конфисковала у него и его коллеги материалы по крушению MH17. По словам Стефана Бека, правоохранители забрали не только телефон, ноутбук и камеру, но и предметы, найденные на месте падения малайзийского Boeing 777-200. Как отметил журналист, в голландской прокуратуре объяснили это тем, что сами не могут собрать подобный материал, поскольку в регионе, где произошло крушение, «слишком опасно».","Голландская полиция присвоила вещественные доказательства, собранные журналистом.",entailment,"cleanlab, datamaps",2
"Прибывшие полицейские обнаружили, что неизвестный почти не оставил следов своего пребывания в доме.",Неизвестный не оставил следов своего пребывания в доме.,not_entailment,"cleanlab, ds2",2
"""""""Решение носит символический характер, так как взыскать компенсацию практически невозможно"""", - отмечается в сообщении.""",Взыскать компенсацию не получится.,entailment,"cleanlab, datamaps, ds2",3
"От полученных травм пенсионерка умерла. Затем он вышел в подъезд, стал вести себя агрессивно и стучаться в другие квартиры. Соседка потерпевшей по телефону вызвала полицейских, которые застали злоумышленника на месте преступления.",Злоумышленник нанес пенсионерке травмы в подъезде.,not_entailment,"cleanlab, datamaps",2
"Трагедия произошла из-за того, что водитель машины забыл закрыть дверь.",Водитель машины не закрыл дверь.,entailment,"datamaps, ds2",2
"Напомним, трое слуг народа выдвинули инициативу отмены прямых выборов мэра.",Прямые выборы мэра отменили.,not_entailment,"cleanlab, ds2",2
"Он воспользовался тем, что владелец машины отлучился, оставив ключи, и решил покататься. В этот момент на заднем сидении находилась пассажирка. Преступник находился в состоянии сильного алкогольного опьянения, по этой причине и не справился с управлением.",Мужчина угнал машину вместе с пассажиркой.,entailment,"cleanlab, datamaps",2
"Практически сразу после новогодних праздников они вновь принялись за дело, а значит жди автомобилист «сюрпризов» в виде перекрытых дорог.",Автомобилист ждет сюрпризов.,not_entailment,"cleanlab, ds2",2
"Специалисты трудовой инспекции провели внеплановую проверку на заводе и выяснили, что предприятие действительно имеет большие долги по зарплате.",Завод не полностью выплатил зарплату.,entailment,"cleanlab, datamaps",2
"В Сомали в прошлом году было потрачено 120 млн. долларов, и мы кормили  более 1 млн. человек, так как там происходили и конфликты, и стихийные бедствия.",Мы ездили в Сомали в прошлом году.,not_entailment,"cleanlab, datamaps",2
"Но она не поверила ему, так как слышала о мошенниках.",Она засомневалась.,entailment,"cleanlab, datamaps, ds2",3
"""Еще двое экс-полицейских """"Дальнего"""" уже осуждены на 2 и 2,5 года лишения свободы в колонии-поселении, дело одного приостановлено ввиду его болезни. Судебный процесс стартовал 6 июня, рассмотрение дела по существу должно было состояться 13 июня, но из-за неявки защитника одного из обвиняемых было перенесено на 23 июля. Заседания проходят в закрытом режиме, поскольку, как посчитал суд, открытое разбирательство """"может привести к разглашению сведений, унижающих честь и человеческое достоинство потерпевших, причинить ущерб общепринятым в человеческом обществе нормам морали и нравственности, шокировать общественность"""".""",Заседания суда идут в закрытом режиме.,entailment,"cleanlab, ds2",2
"Парни, как выяснилось, ушли из дома во Владимирской области, не поставив в известность родителей.",Парни ушли из дома без спроса.,entailment,"cleanlab, datamaps",2
"Обе купюры оказались поддельными. - По данным фактам проводятся проверки, - заверили в полиции. Стражи порядка также напоминают, что в случае, если к вам в руки попала фальшивая купюра, нужно сразу же обратиться в полицию.",Стражи порядка нашли фальшивую купюру.,not_entailment,"cleanlab, datamaps, ds2",3
"Сейчас эта история готовится стать достоянием общественности. Свою проверку проводит следственный комитет. Как рассказали в пресс-службе ведомства, с поставщиками и подрядчиками руководство завода рассчитывалось.",История еще не стала достоянием общественности.,entailment,"cleanlab, datamaps",2
"По его словам, после ухода с поста президента он пока не собирается занимать какие-нибудь государственные должности, будет проводить больше времени с семьёй, но и насовсем уходить из политики тоже не намерен.","Бывший президент намерен уйти из политики насовсем, чтобы больше времени проводить с семьей.",not_entailment,"cleanlab, datamaps, ds2",3
"Женщину доставили в больницу, за ее жизнь сейчас борются врачи.",Женщину спасают врачи.,entailment,"cleanlab, datamaps, ds2",3
"На вопрос классного руководителя о причинах их появления мальчик ответил, что подрался со старшим братом.",Мальчик подрался со старшим братом.,not_entailment,"cleanlab, ds2",2
"Сейчас самарские льготники (многодетные семьи, ветераны, малоимущие и прочие социально незащищенные граждане) получают единовременную денежную выплату не зависимо от того, сколько денег они тратят на коммунальные услуги и оплачивают ли они их.","Многодетные семьи, ветераны и малоимущие социально не защищены.",entailment,"cleanlab, datamaps, ds2",3
"""Правозащитники предлагают сократить область применения в России понятия """"экстремистская деятельность"""" и отказаться от списка запрещенной экстремистской литературы. """"Должно быть резко сокращено применение понятия """"экстремистская деятельность"""", кроме случаев самих насильственных преступлений, призывов к насильственным преступлениям, либо организованной деятельности, связанной с насильственными преступлениями"""", - заявил на пресс-конференции в центральном офисе """"Интерфакса"""" в среду директор информационно-аналитического центра """"Сова"""" Александр Верховский. Он также предложил отказаться от федерального списка запрещенных экстремистских материалов, так как он, по мнению правозащитника, """"не работает"""".""","""Правозащитники недовольны слишком широкой областью применения в России понятия """"экстремистская деятельность"""". """,entailment,"cleanlab, datamaps",2
"В Ростовской области спасатели обнародовали количество жителей, которые окунулись на Крещение.",В Ростовской области подсчитали утонувших на Крещение.,not_entailment,"cleanlab, datamaps",2
"На вопрос классного руководителя о причинах их появления мальчик ответил, что подрался со старшим братом.",Мальчик подрался.,not_entailment,"cleanlab, ds2",2
"""""""После инцидента 15 августа 2011 г. ко мне приезжал молодой человек со стороны Агафонова, он требовал видеозапись с камер наблюдения"""", - рассказал он. По его словам, угрожавший обещал """"всем устроить, так как побили хорошего человека"""". """"Я отказал, так как это могут требовать только правоохранительные органы"""", - сообщил Береговой.""",Береговой не отдал запись молодому человеку.,entailment,"cleanlab, datamaps, ds2",3
"Ноябрь и часть декабря удивили сильными морозами, но сейчас погода стабилизировалась и будет тепло.",Теперь будет тепло.,entailment,"cleanlab, ds2",2
"Тверские полицейские сумели по горячим следам задержать мужчину, которого подозревают в покушении на убийство.",Тверские полицейские задержали подозреваемого.,not_entailment,"cleanlab, datamaps",2
"Внутри помещение имеет эксклюзивный дизайн. На ценных породах дерева вырезаны русалки, корабли, космос. Добавляют антураж и скелеты с открытой пастью, которые, кажется, вот-вот нападут.",Скелеты добавляют дизайна.,not_entailment,"cleanlab, datamaps",2
"В одном из интернет-магазинов она заказывала продукты. Спустя пару дней после получения товара ей позвонил неизвестный, который представился сотрудником отдела обслуживания клиентов интернет-магазина и поинтересовался качеством купленного товара. Женщина ответила, что продукты ей не понравились.",Женщина заказывала продукты в Сети.,entailment,"cleanlab, ds2",2
"В квартире на 2 этаже находился 70-летний хозяин, когда неожиданно раздался громкий хлопок и погас свет. Оказавшись на кухне, мужчина увидел огонь. После попытки самостоятельно потушить пламя хозяин попытался выйти наружу, потому что из-за дыма стало нечем дышать.",На кухне сушился хлопок.,not_entailment,"cleanlab, ds2",2
"Среди похищенной продукции компании Apple - по два планшета второго и третьего поколений и один четвертого. Общая стоимость украденной техники составляет не менее $3 тыс., отмечает издание. По данным полиции, пропажа была замечена только сейчас, поскольку сотрудники центра вышли на работу после череды праздничных дней.",После праздников в центре недосчитались пяти планшетов Apple.,entailment,"cleanlab, ds2",2
"С такими словами он выступил на заседании коллегии Минобороны. «Можно с уверенностью сказать: мы сегодня сильнее любого потенциального агрессора», - сказал Путин. При этом он призвал военное ведомство не расслабляться, поскольку при малейшей оплошности угроза может застать врасплох.",Путин призвал военное ведомство расслабиться.,not_entailment,"cleanlab, datamaps",2
"""В сеть выложили ролик, как маршрутка улетела в сугроб, уходя от столкновения с легковушкой.""",Маршрутка столкнулась с легковушкой в сугробе.,not_entailment,"cleanlab, datamaps",2
"Мужчина быстро собрался, однако в сгустившемся уж мраке не смог сориентироваться и в итоге заблудился в густых зарослях камыша.",Мужчина плохо ориентировался во мраке.,entailment,"cleanlab, datamaps",2
"Производители молока подали в суд, который в итоге вынес решение.",Производители молока угостили суд.,not_entailment,"cleanlab, ds2",2
"И поэтому особенно радует, что наверху о них не забывают.",Наверху не забыли о них.,entailment,"cleanlab, ds2",2
"Также родственники погибшего под колесами мужчины требуют компенсации морального вреда. Всего они запросили 2 млн рублей. Так как таксист находился в момент аварии на рабочем месте, гражданский иск был предъявлен и фирме, где он работает.",Сервису такси предъявили иск за невежливых таксистов.,not_entailment,"cleanlab, ds2",2
"""Еще одно достоинство картины - это действительно высококлассные спецэффекты. После этого фильма вполне может статься, что голливудские продюсеры начнут задумываться о переносе производства в Болливуд, ведь, судя по всему, там можно делать боевики, которые в США стоят 100 миллионов, всего за 20. Возможно, такую цель и преследовали создатели """"Случайного доступа"""", потому что он действительно выглядит, как рекламный ролик.""",В Болливуде сняли фильм с качественными спецэффектами.,entailment,"cleanlab, datamaps",2
