premise,hypothesis,label,methods,n_methods
"Это должно дать свой результат - поголовье птиц станет в два раза больше, считают специалисты.",Специалисты планируют рост поголовья птиц.,entailment,ds2,1
"""Радио """"Эхо Москвы"""" сообщило в субботу, что в Москве разгорается скандал, в центре которого оказались дети-аутисты - их отказались пускать вместе с другими посетителями в океанариум на Дмитровском шоссе. """"Сейчас эта новость активно обсуждается в Интернете. В самом заведении признают, что попали в сложную ситуацию, но объясняют отказ тем, что некоторые посетители не хотят видеть рядом с собой инвалидов, так как это вызывает у них жалость"""".""",Детей-аутистов не пропустили на представление океанариума.,entailment,cleanlab,1
"""Как говорится в сообщении, следствием была собрана достаточная доказательственная база для признания вины подозреваемого. Однако по результатам судебно-психиатрической экспертизы выяснилось, что в момент совершения преступлений он не осознавал фактический характер и общественную опасность своих действий и не мог руководить ими. """"Поскольку имеющееся у него психическое расстройство связано с возможностью причинения им иного существенного вреда либо с опасностью для себя или других лиц, суд признал необходимость в стационарном лечении"""", - отмечает прокуратура.""",Была проведена судебно-психиатрическая экспертиза.,entailment,ds2,1
"Это должно дать свой результат - поголовье птиц станет в два раза больше, считают специалисты.",Специалисты пересчитают поголовье птиц другим способом.,not_entailment,ds2,1
"Когда прибыли пожарные, дом был полностью охвачен огнем. Спасатели обнаружили в комнате на полу сильно обгоревшее тело мужчины. Известно, что мужчина нигде не работал, накануне употреблял спиртные напитки.",Тело мужчины слегка обгорело.,not_entailment,cleanlab,1
"Девушка работала в павильоне торгового центра, где продавала косметику и парфюмерию.",Девушка продавала ткани в торговом центре.,not_entailment,"cleanlab, ds2",2
"Музей, расположенный в Королевских воротах, меняет экспозицию. На смену выставке, рассказывающей об истории ворот и их реставрации, придет «Аптека трех королей». Как рассказали в музее, посетители попадут в традиционный интерьер аптеки.",Музей закроется навсегда.,not_entailment,ds2,1
"И хотя первая неделя января приходится на нерабочие и праздничные дни, ее доставка будет идти по графику.",Доставка пройдет согласно графика.,entailment,ds2,1
"""""""Дай бог им здоровья"""", - добавил он. """"Но я предпочитаю меньше обращать на это внимания. Потому что, если придавать этому слишком много значения, это начнёт влиять на принятие решений"""".""",Он пожелал им здоровья.,entailment,ds2,1
"В экстренные службы поступило сообщение о взрывных устройствах в зданиях Ленинградского, Ярославского и Казанского вокзала. «Поступила информация об угрозе взрыва сразу на двух столичных вокзалах: Ярославском и Казанском. По предварительным данным, причиной проверки стал анонимный звонок», - рассказал представитель экстренных служб.",На площади Трех вокзалов в Москве прогремел взрыв.,not_entailment,cleanlab,1
"В городе Ветлуга Нижегородской области на пожаре погибла пенсионерка. По данным регионального ГУ МЧС, частный дом на улице Урицкого загорелся во втором часу ночи. Поскольку все спали, пожар заметили поздно, драгоценное время было упущено.",Все спали и не видели пожара.,entailment,"cleanlab, datamaps",2
"Срок был продлен на два года, поскольку для обладателей патентов необходим переходный период для того, чтобы иметь возможность адаптироваться к деятельности в качестве индивидуальных предпринимателей.",Обладатели патентов уже адаптировались к деятельности в качестве индивидуальных предпринимателей.,not_entailment,cleanlab,1
"""С июня по 15 августа 34-летняя жительница Красный Кута растила младенца в доме без воды, света и тепла, ставя под угрозу жизнь и здоровье своего грудничка. - Оставляла его одного в квартире, - рассказали """"Комсомольской правде""""-Саратов в областной прокуратуре. - Проверка показала, что в доме условия проживания были крайне неудовлетворительные, поскольку там не было водоснабжения, газоснабжения, электроснабжения.""",Младенец рос без света и воды.,entailment,cleanlab,1
"Раненный скончался в больнице. Обвиняемый сбежал и у сыщиков не осталось никаких зацепок, кто бы мог быть убийцей. Два года пытались найти подозреваемых, но тщетно и дело закрыли.",Раненый выжил.,not_entailment,cleanlab,1
"Обнаружив пропажу, он сразу позвонил в полицию. Полицейские опросили соседей. Оказалось, что старшая по дому видела, как с утра из подъезда выходил подозрительный парень с креслом.",Утром подозрительный парень вынес из подъезда кресло.,entailment,cleanlab,1
"Взысканием долга занимались судебные приставы. Накануне в Центральный отдел пришли двое мужчин. Сказали, что представляют интересы кредитора.",Взысканием долга были озадачены судебные приставы.,entailment,cleanlab,1
"Метрополитен Екатеринбурга разместил на сайте госзакупок запрос на кредит в 150 миллионов рублей. Напомним, что ранее руководство подземки неоднократно заявляло, что метро работает в убыток, а цена жетона намного ниже себестоимости поездки.",Метро не работает в убыток.,not_entailment,ds2,1
"""Выйдя за территорию митинга, я с удивлением обнаружил, что, несмотря на то, что начался он всего 40 минут назад, многие уже расходятся - поток людей уверенно двигался вдоль Кутузовского проспекта в сторону станции """"Парк Победы"""", которая, к слову, была до завершения мероприятия закрыта на вход. Впечатлениями от митинга пришедшие делились неохотно. Одна женщина с георгиевской ленточкой сообщила, что ей все понравилось, поскольку """"был чай"""".""",Участники митинга охотно делились впечатлениями.,not_entailment,cleanlab,1
"Работники ведомства искали фрукты и овощи, которые попали на территорию Российской Федерации, несмотря на то, что их ввоз запрещен согласно ответным российским экономическим мерам.",Ввоз на территорию Российской Федерации фруктов и овощей запрещен согласно ответным российским экономическим мерам.,not_entailment,cleanlab,1
"Преступник ударил в живот сначала одну сестру, потом вторую, после чего зачем-то повел младшую в неизвестном направлении. На улице девушка стала говорить, что ей плохо. Тогда парень разбил окно в одном из домов, затащил ее туда, но, услышав, что кто-то идет, сбежал.",На улице девушке стало плохо.,not_entailment,"cleanlab, datamaps, ds2",3
"Видимо, ему стало скучно в незнакомом городе, и он решил развлечься. Мужчина посчитал, что его не найдут, позвонил в полицию и рассказал, что одна из улиц города заминирована. - Сотрудниками полиции данный звонок был проверен, установлено, что вызов ложный, возбуждено уголовное дело, - комментируют в пресс-службе суда.",Мужчина позвонил в полицию.,entailment,ds2,1
"Аркадий завоевал медаль за профессионализм в компетенции «Гостиничный сервис (ресепшн)». — Необходимо было выстроить приоритеты: какую задачу решать первой, какую — последней. Это было очень тяжело, но и очень интересно, потому что ситуации по легенде были максимально приближены к жизни.",Аркадий заслужил медаль.,entailment,ds2,1
"17-летняя петербурженка переходила железнодорожные пути в неположенном месте. И не заметила идущего поезда. Не слышала она и шума, поскольку была в наушниках.",17-летняя петербурженка осталась в живых.,not_entailment,ds2,1
"В четверг, 29 декабря, Черемушкинский суд Москвы принял решение об аресте 17-летнего парня, которого обвиняют в убийстве своего 10-летнего брата . Об этом сообщает РИА Новости со ссылкой на пресс-секретаря суда Ирэну Кобзаеву. Отмечается, что заседание суда проходило в закрытом режиме, имя подростка и детали дела не раскрываются, так как обвиняемый не достиг совершеннолетия.",Парень мог убить брата.,entailment,"cleanlab, datamaps, ds2",3
"Ряд тульских СМИ сообщают, что пенсионер умер своей смертью. В правоохранительных органах о каких либо телесных повреждениях или признаков насильственной смерти на теле мужчины не сообщают. Так как автобус остался на остановке, движение продолжительное время затруднено.",Пенсионера убили.,not_entailment,cleanlab,1
"За время работы ее посетили свыше тысячи человек, сообщает министерство здравоохранения.",Посетителей было больше тысячи.,entailment,"cleanlab, ds2",2
"Однако тот попытался нанести одному из хоругвеносцев удар, и был задержан полицией. Православные активисты не пускают людей с белыми лентами оппозиции к входу в Храм Христа Спасителя. Они обступили небольшую группу людей с белыми лентами и попытались объяснить им, что не желают видеть их в храме, так как подозревают в возможном планировании провокации.",Православные активисты приглашают людей с белыми лентами оппозиции в Храм Христа Спасителя.,not_entailment,cleanlab,1
"Девочка рассказала обо всем матери, и та заявила в полицию. Возбуждено уголовное дело. Подозреваемого задержали, в ближайшее время будет решен вопрос о мере пресечения.",Против матери возбуждено уголовное дело.,not_entailment,"cleanlab, datamaps",2
"У троих участников драки диагностированы различные травмы. Что интересно, в полиции все они заявили, что претензий друг к другу не имеют.",Участники драки заявили друг на друга в полицию.,not_entailment,"cleanlab, datamaps",2
"В среду, 9 ноября, глава ведомства Александр Нерадько сказал журналистам, что Росавиация готова отложить принятие решение об аннулировании лицензии дискаунтера на три месяца.",В среду Нерадько общался с журналистами.,entailment,"cleanlab, ds2",2
"Только жители региона могут по-настоящему оценивать работу губернатора, а не журналисты, считает глава Мурманской области Марина Ковтун. Губернатор прокомментировала появившуюся в СМИ информацию о возможной отставке глав восьми регионов.","Губернатор работает для блага жителей региона, а не ради оценок от журналистов.",entailment,"cleanlab, datamaps",2
"Вместе мы многого добились. В Пензенской области собран рекордный урожай, сохранены темпы промышленного роста, реализованы крупные инвестиционные проекты. Мы смогли найти решение многих актуальных социальных задач – в здравоохранении, образовании, культуре и спорте и сделать значительный задел на будущее!",Урожай в Пензенской области рекордный!,entailment,ds2,1
"Будучи нетрезвым, он не справился с управлением. Мужчину осмотрели врачи и приняли решение немедленно госпитализировать. Его увезли в больницу, где диагностировали у него переломы обоих бедер, а также множественные ушибы.",Мужчина осмотрел докторов.,not_entailment,cleanlab,1
"""""""Лимузин сломался, так как он был ошибочно заправлен не тем типом топлива"""", - говорится в сообщении.""",В сообщении сказано о плохом качестве топлива.,not_entailment,"cleanlab, ds2",2
"""Как отмечается в сообщении, данная информация опубликована на странице """"Обращение за визой США"""", а также при входе в консульский отдел посольства. Как ранее разъяснили в посольстве США, при обращении за визой на сайте  заявители видят объявление, в котором говорится: """"Пожалуйста, примите во внимание: не разрешается проносить (а) электронные устройства (за исключением мобильного телефона, размеры которого не превышают 3см X 13см Х 6см); (б) предметы, которые могут быть использованы как оружие; (с) большие сумки, включая портфели, рюкзаки, чемоданы, спортивные сумки и т.п. Поскольку сотрудники посольства не принимают на хранение такие предметы, их владельцам может быть запрещен вход в здание Посольства"""".""",В Посольство США с планшетом не пройдешь.,entailment,"cleanlab, datamaps",2
"62-летний электромонтер спустился вниз на веревке, ему стало плохо, он упал. Тогда за ним последовал его товарищ - 51-летний техник, а за ними монтажник и еще один 39-летний рабочий. Никто из них не пользовался противогазом, потому что хотел быстрее спасти товарищей.",Четверо спустились один за другим.,entailment,cleanlab,1
"""Его кандидатуру предложил губернатор Тульской области Владимир Груздев, Медведев ее поддержал. """"Михаил Анатольевич, вы как к этой идее относитесь? Потому что на такие позиции нельзя приходить просто потому, что тебя назвали в присутствии президента"""".""",Медведев поддержал кандидатуру.,entailment,ds2,1
"Прошу подойти ответственно к этому вопросу. Поставить галочку и забыть — не выйдет. Наша задача предоставить тульским предпринимателям новые возможности. Что губернатор сказал про медицину, читайте здесь.",Вопрос требует ответственного подхода.,entailment,"cleanlab, ds2",2
"В отделение полиции обратился пациент больницы. Он объяснил, что вышел на несколько минут, а когда вернулся, не обнаружил в палате планшет и своего соседа. Как оказалось, пока мужчины не было, другой больной забрал планшет, связал несколько простыней и по ним сбежал через окно.",Пациента обокрали.,entailment,cleanlab,1
"""""""Я говорил это и раньше: НХЛ - это лига игроков. Если профсоюз и хоккеисты хотят играть на Олимпиадах, мы должны им разрешить. Думаю, это будет благом для лиги, но здесь есть повод для обсуждения, так как на переговорах о коллективном соглашении этот вопрос не поднимался"""".""",НХЛ - это лига игроков.,entailment,ds2,1
"""Отпраздновавший на прошлой неделе 60-летний юбилей президент России Владимир Путин в интервью телеканалу НТВ заявил, что считает приговор Pussy Riot """"правильным"""".""",На той неделе Путин праздновал 60-летний юбилей.,entailment,ds2,1
"По информации правоохранительных органов, конфликт случился на дороге во Всеволожском районе, клирик вступил в перепалку и нанес травмы двум женщинам, с которыми не поделил дорогу. 6 сентября протодиакон Сергий Фрунза предпринял очередную попытку извиниться перед женщинами. Очередную, потому что он и его матушка уже несколько раз ходили извиняться.",Клирик и матушка ходили извиняться перед женщинами по очереди.,not_entailment,cleanlab,1
"При вынесении решения судья учла положительные характеристики обвиняемого, наличие у него малолетней больной дочери, а также то, что он не сможет влиять на свидетелей, поскольку не имеет доступа в исправительную колонию №6.",Малолетняя дочь обвиняемого больна.,entailment,cleanlab,1
"В ходе проверки нашли дома с наледью и сосульками на крышах. Информацию о них передали коммунальщикам. Во избежание несчастных случаев спасатели рекомендуют гражданам быть осторожней, а коммунальщикам – оперативней, при выходе из зданий советуют смотреть на крыши и, по возможности, обходить края зданий.",Сосульки больше не станут причиной несчастных случаев.,not_entailment,ds2,1
"Полицейские поймали похитителя сосен, который прославился благодаря видео.",Полицейские задержали похитителя сосен.,entailment,ds2,1
"Сотни военнослужащих из Катара принимали участие в военных операциях на стороне ливийских оппозиционеров, сообщил в среду журналистам командующий Генеральным штабом катарских Вооруженных сил Хамад бен Али Аттыйя. По его словам, оппозиционеры нуждались в такой поддержке, поскольку большинство из них составляли гражданские люди, никогда не имевшие дело с военной наукой.","Большинство оппозиционеров - гражданские люди, никогда не имевшие дело с военной наукой.",entailment,ds2,1
"""Как рассказали """"Комсомольской правде"""" в пресс-службе комитета культуры южной столицы Псковской области, все трое учатся в Образцовом художественном коллективе Театра детской песни """"Летний дождь"""".""",Все трое учатся в интернате.,not_entailment,ds2,1
"В метро люди, не задумываясь, заявляют о том, что у них или у их друзей в сумке находится взрывное устройство.",В метро люди заявляют о взрывном устройстве.,entailment,ds2,1
"Вот это и есть возвращение статуса великой державы, только по новым правилам.",Это возвращение прежнего статуса по новым правилам.,entailment,cleanlab,1
"Как рассказали «Комсомольской правде» в пресс-службе администрации региона, собравшиеся обсудили реализацию государственной политики по физкультуре и спорту.",Собравшиеся осудили реализацию государственной политики по физкультуре и спорту.,not_entailment,"cleanlab, ds2",2
"""Сам Мавроди поспешил опровергнуть это предположение. """"Заявляю официально, что мне ничего неизвестно об участии судебных приставов в системе МММ-2011. Возможно, они и участвуют, поскольку участие у нас анонимное, но мне про это неизвестно"""".""",Мавроди подтвердил предположение.,not_entailment,cleanlab,1
"""""""И это не огульное заявление, а информация, основанная на адекватных научных исследованиях. Но это не значит, что мы снимаем контроль, наоборот. Мы продолжаем наблюдения и усиливаем эту работу, поскольку это может проявиться через несколько лет"""", - сообщил тогда врач.""",Врач пообещал снять наблюдение.,not_entailment,"cleanlab, datamaps",2
"Они искали места, где незаконно продают выпивку.",Они искали места незаконной продажи спиртного.,entailment,ds2,1
"Подросток был срочно госпитализирован. Сейчас он находится в реанимации, за его жизнь борются врачи. По факту произошедшего проводится проверка, устанавливаются все обстоятельства трагичного инцидента.",В трагичном инциденте пострадал подросток.,entailment,ds2,1
"Судебные журналисты у нас были хорошо подготовлены, с хорошим языком, игравшие важную роль в развитии судебной системы. Если вы специализируетесь на земле, ничего в этом зазорного нет. Ваш вопрос крайне важен, потому что вопрос земли - это вопрос социальной справедливости.",Вы специализируетесь на земле.,not_entailment,"cleanlab, datamaps, ds2",3
"В среду, 9 ноября, глава ведомства Александр Нерадько сказал журналистам, что Росавиация готова отложить принятие решение об аннулировании лицензии дискаунтера на три месяца.",В среду Нерадько выгнал журналистов.,not_entailment,ds2,1
"Я бы дал деньги на командировки, потому что спортивный журналист здесь сидеть не должен, он должен ездить.",У меня нет денег на командировки.,not_entailment,ds2,1
"Виновная сторона будет возмещать убытки родственникам, поскольку они готовили похороны, которые пришлось перенести.",Виновники заплатят родственникам.,entailment,ds2,1
"Браконьеров поймали с поличным сотрудники полиции. Суд рассмотрел это дело в особом порядке. Мужчины полностью признали свою вину, раскаялись и возместили материальный ущерб водным биологическим ресурсам региона.",Браконьеров решили не задерживать.,not_entailment,ds2,1
"Сейчас проект проходит рассмотрение, и, если все сложится удачно, специалистов начнут готовить уже в следующем учебном году.",Специалистов непременно начнут готовить в следующем учебном году.,not_entailment,cleanlab,1
"Оказалось, что вор сделал заказ в интернет-магазине с мобильного устройства.",Вор украл в магазине мобильное устройство.,not_entailment,cleanlab,1
"Помещение оборудовали проектором, экраном и компьютером. Раньше обучение проходило в учебном центре. Это было не очень удобно, поскольку центр находится в удалении от цеха.","Помещение для отдыха оборудовали проектором, экраном и компьютером.",not_entailment,cleanlab,1
"Удар пришелся в грудную клетку. Женщина сама вызвала мужу скорую и полицию. Мужчину госпитализировали, но медики не смогли спасти ему жизнь.",Медики вызвали полицию.,not_entailment,"cleanlab, datamaps, ds2",3
"Во время праздничной церемонии в муниципалитете он заявил, что главными задачи для него является максимальное использование всех возможностей в области предпринимательства и экономического развития.",Праздничная церемония проходила в муниципалитете.,entailment,ds2,1
"Прокурор просит огласить показания ключаря храма Христа Спасителя Михаила Рязанцева. По его словам, сам свидетель не может явиться в суд, потому что находится в командировке.",Свидетелем был прокурор.,not_entailment,"cleanlab, ds2",2
"Поскольку предприятие добровольно погасить свою задолженность не спешило, пристав наложил запрет на регистрационные действия в отношении недвижимости фирмы.",Предприятие не погасило задолженность вовремя.,entailment,cleanlab,1
"Видел я его в тот вечер при задержании: спокойный, как удав, сидел в машине. Теперь дурачком решил прикинуться? В магазине было несколько покупателей, ищу очевидцев, вдруг это следствию поможет.",Ищу покупателей.,not_entailment,"cleanlab, datamaps",2
"Во время праздничной церемонии в муниципалитете он заявил, что главными задачи для него является максимальное использование всех возможностей в области предпринимательства и экономического развития.",Он сделал заявление в муниципалитете.,entailment,ds2,1
"Фото свидетельствуют, что авто, погребенные в снегу, встречаются в том числе и в центре, который, по идее, чистить должны были особенно тщательно.","В центре тоже есть машины, погребенные под снегом.",entailment,cleanlab,1
"В документах было указанно, что в контейнере находится пряжа.",В контейнере и правда находилась именно пряжа.,not_entailment,ds2,1
"""Как заявляли в октябре представители нигерийских властей, судно зашло в территориальные воды Нигерии без разрешения, тем самым нарушив местное законодательство. В Moran Security """"Интерфаксу"""" заявили, что считают задержание корабля необоснованным. """"Мы считаем этот арест необоснованным, потому что о заходе судна в порт было известно заранее"""".""",В территориальных водах Нигерии задержан корабль.,entailment,ds2,1
"Большинство из мелких преступлений просто не регистрируются, так как работники магазинов предпочитают не вызывать полицию.",Работники магазинов раскрывают мелкие преступления.,not_entailment,cleanlab,1
"В Ульяновской области появится региональный закон «О технологической долине», который станет основополагающим в создании «умного региона».",В Ульяновской области готовят закон для переименования в «умный регион».,not_entailment,"cleanlab, ds2",2
"Парень пытался убежать, но не смог, а позже всю ночь боялся показаться дома. Скорую вызывали уже родители, а врач позвонил следователям. Потерпевший перенес несколько операций на внутренних органах, но остался жив.",Парень не смог убежать и умер.,not_entailment,cleanlab,1
"Рождество Христово - время радости, и этой радостью хочется делиться со всеми, а особенно с теми, кто в ней нуждается: одинокими стариками, мамами, попавшими в трудную ситуацию, - рассказали в хабаровской епархии.",Рождество - время проблем.,not_entailment,cleanlab,1
"В Липецкой области ищут серийного вора и мошенника, который гастролирует по регионам.",Серийный вор и мошенник гастролирует по регионам.,entailment,ds2,1
"Сейчас я чувствую себя красивее, чем когда-либо, я подарила жизнь.",Раньше я чувствовала себя не такой красивой.,entailment,cleanlab,1
"""По его словам, три вагона сошли с колеи по одной оси на грузовой ветке в районе Белоострова. """"Пострадавших и технологических разрушений нет. Задержек в следовании поездов тоже, поскольку по этой линии пассажирские составы не ходят"""", - сказал собеседник.""",Железнодорожной катастрофы удалось избежать.,not_entailment,cleanlab,1
"Как рассказывает в одной из социальных сетей очевидец происшествия, бабушка выходила из автобуса №41, когда его двери неожиданно захлопнулись, и нога пенсионерки оказалась в капкане.",Автобус №41 защемил бабушкину ногу.,entailment,"cleanlab, datamaps",2
"Также родственники погибшего под колесами мужчины требуют компенсации морального вреда. Всего они запросили 2 млн рублей. Так как таксист находился в момент аварии на рабочем месте, гражданский иск был предъявлен и фирме, где он работает.",Родственники погибшего требуют денег.,entailment,ds2,1
"""Оппозиционер Алексей Навальный заявил, что будет продолжать с соратниками протестную активность. """"Мы будем выходить сюда столько раз, сколько потребуется"""", - сказал Навальный, выступая в понедельник на митинге оппозиции на Болотной площади. При этом, как заявил оппозиционер, он ничего не боится, потому что знает, за что борется.""","Навальный заявил, что ничего не боится, потому что знает, за что борется.",entailment,ds2,1
"Напомним, на него завели уголовное дело, заподозрив в халатности.",На него завели уголовное дело.,entailment,"datamaps, ds2",2
"Однако через полчаса правоохранители задержали его. Мужчина признал вину. Рассказал, что зашел в квартиру, потому что она была открыта.","Возможно, квартира действительно была открыта.",entailment,"cleanlab, datamaps",2
"""""""Пишу сюда, потому что надоело отвечать одно и то же: никто ко мне не обращался"""".""",Никто ко мне не обращался.,entailment,ds2,1
"Обе купюры оказались поддельными. - По данным фактам проводятся проверки, - заверили в полиции. Стражи порядка также напоминают, что в случае, если к вам в руки попала фальшивая купюра, нужно сразу же обратиться в полицию.",Две купюры кто-то подделал.,entailment,"cleanlab, ds2",2
"Новый пассажир оказался участковым уполномоченным. Опытным взглядом полицейский осмотрел соседей по салону и в двух женских лицах уловил знакомые черты. Он видел их раньше — в ориентировке на розыск, женщин подозревали в совершении карманных краж.",Женщины совершали карманные кражи.,not_entailment,cleanlab,1
"Я бежал в первой группе, было тяжело. Четвертой было полегче. Тем не менее, я очень не доволен результатом, так как много проиграл соперникам.",Я был не лучшим бегуном.,entailment,cleanlab,1
"Все, что доступно простым жителям города в магазинах, можно запускать и взрывать прямо во дворе своего дома, не боясь быть задержанным. Главное - не нарушать условия использоваться, указанные на упаковке. Уголовная ответственность может наступить лишь в случае, если салют нанес ущерб окружающим.","За запуск и взрывы салютов во дворе своего дома полиция не накажет, если нет пострадавших и ущерба.",entailment,"cleanlab, ds2",2
"После того как клиент оформит подписку на сервис, он будет получать уведомления о наличии штрафов автоматически.",Клиент может подписаться на уведомления о штрафах.,entailment,ds2,1
"Кадры, на которые попали два тигра, распространились в социальных сетях Приморского края.",Два тигра распространились в социальных сетях Приморского края.,not_entailment,"cleanlab, datamaps",2
"""По данным полиции, на расчетный счет этих организаций было перечислено около 93,3 млн рублей, """"однако реального участия в страховом и инженерном обеспечении строительства объектов подрядчики не принимали, так как предусмотренные контрактами услуги ранее были выполнены другими фирмами"""". ""","Организации получили почти 100 млн рублей за работы, произведенные другими компаниями.",entailment,cleanlab,1
"Известно, что девушка отдыхала в кафе и употребляла там алкогольные напитки. Вдруг она потеряла сознание. На место немедленно прибыли медики, но им не удалось откачать потерпевшую.",Девушка выпивала в кафе.,entailment,"cleanlab, ds2",2
"""5 апреля Московская областная дума единогласно поддержала кандидатуру. В эфире """"Русской службы новостей"""" Шойгу, в свою очередь, заявил, что внес на рассмотрение руководства РФ несколько предложений по кандидатурам на пост главы МЧС, не раскрывая СМИ персоны.""",Шойгу не раскрыл СМИ личность кандидатов на пост главы МЧС.,entailment,cleanlab,1
"Правящая коалиция и кабинет министров вряд ли к нему прислушаются. «Со стороны правительства никогда шаги по уменьшению финансирования программ русского вещания не обсуждались. Наоборот, шла речь, как его можно было бы увеличить», - отметил глава государства.",Глава государства говорил о возможном расширении финансирования русского вещания.,entailment,cleanlab,1
"Ранее также были арестованы предполагаемый лидер преступной группы, ранее судимый 52-летний Андрей Вишневский, Олег Новак и Владимир Попов.",Предполагаемому лидеру группировки 52 года.,entailment,ds2,1
"Может, это один из этапов нового способа мошенничества? Был в полиции, написал заявление. Что-то мне подсказывает, что не найдут они его.",Полиция приняла заявление.,entailment,"cleanlab, ds2",2
"Преступник ударил в живот сначала одну сестру, потом вторую, после чего зачем-то повел младшую в неизвестном направлении. На улице девушка стала говорить, что ей плохо. Тогда парень разбил окно в одном из домов, затащил ее туда, но, услышав, что кто-то идет, сбежал.",Преступник ударил сестер по очереди.,entailment,"cleanlab, ds2",2
"Лежал там лишь пакетик с порошком. Но мужчина обрадовался находке больше, чем всем сокровищам Земли. Потому что жаждал дозы.",Мужчина жаждал дозы.,entailment,ds2,1
"""Она до сих пор остается единственным человеком, у которого есть к нему доступ. Мне кажется, это человек, чья репутация абсолютно безупречна, гарантированна, никто не посмеет ее упрекнуть в каких-нибудь злоупотреблениях"""", - указал, в свою очередь Пархоменко в интервью телеканалу """"Дождь"""". Он отметил с иронией, что был бы рад, если бы эта проверка привела к судебному разбирательству, так как тогда бы пришлось вызвать в суд всех, кто переводил деньги, а таковых, по его словам, сотни тысяч человек.""","""Пархоменко дал интервью телеканалу """"Дождь"""".""",entailment,ds2,1
"Вину женщина признала частично признала. Мотивом к совершению преступлений была ревность. Похищенные вещи обвиняемая считала своими, так как они были куплены на ее деньги, - рассказали в пресс-службе областной прокуратуры.",Женщина украла сердце.,not_entailment,ds2,1
"Разве они могли встречаться и общаться со мной, если бы грязь, которая на меня выливается, была правдой? Это черный пиар, и нечистые на руку люди делают это для того, чтобы облить меня грязью. Грязь ко мне не прилипает, она просто отпадает, потому что я никакого отношения к этим фактам не имею.","Грязь, которая на меня выливается, - ложь.",entailment,cleanlab,1
"Среди арестованных оказался и гражданин Узбекистана. Абдуназим Атабоев по решению суда останется под стражей до 20 сентября. Заседание проходило с участием переводчика, поскольку подозреваемый практически не владеет русским языком.",Гражданин Узбекистана обошелся без переводчика.,not_entailment,cleanlab,1
"Животные замурованы в клетках – их только время от времени кормят, поят и никогда не выводят на солнечный свет.",Животные не выходят на солнечный свет.,entailment,cleanlab,1
"Эти чувства невольно всплывают, так как поле игры сильнее контроля самого игрока. Маски, блоки, зажимы раскрываются и проявляются, обескураживая человека. Игра устанавливает порядок, и сама является порядком.",Игроков обескураживает красота игрового поля.,not_entailment,cleanlab,1
"""В начале недели московский межрегиональный транспортный прокурор Владимир Тюльков рассказал """"Интерфаксу"""", что на данный момент зафиксировано около 70-ти случаев ослепления пилотов лазерными указками. Но по его мнению сложность этой ситуации связана в частности с отсутствием нормативной базы по противодействию вышеуказанным проявлениям, поскольку лазерные указки продаются свободно.""",Пилоты слепнут от лазерных указок.,entailment,cleanlab,1
"Он позвонил со своего мобильного на номер единой экстренной службы 112 и сообщил о заминировании «Сити – Парка «Град». Спасателям пришлось эвакуировать всех посетителей ТЦ. После рассмотрения полиция отказала в возбуждении уголовного дела, так как мальчик не достиг возраста уголовной ответственности.",Мальчик заминировал ТЦ.,not_entailment,"cleanlab, datamaps, ds2",3
"""""""Они не могут допустить, чтобы Продюсерским центром студии руководил по-настоящему деловой, экономически грамотный человек - при политике абсолютной непрозрачности всех решений такой человек очень невыгоден"""", - считает Сокуров. В минувшую пятницу стало известно, что Сокуров решил покинуть совет директоров """"Ленфильма"""" и направил министру культуры Мединскому соответствующее письмо. """"Я написал это письмо, потому что считаю нахождение в совете формальным"""".""","""Сокуров решил покинуть совет директоров """"Ленфильма"""".""",entailment,ds2,1
"Организаторы подготовили новогодние подарки, конкурсы и угощения. Также горожанам представят китайскую комедию «Дорога с приключениями». Она расскажет о владельце фирмы по производству игрушек, который спешит домой, чтобы встретить Новый Год с семьей.","Горожан ждут подарки, конкурсы и комедия.",entailment,ds2,1
"По следам, оставленным на месте преступления, было установлено, что налетчиком является 38-летний ранее судимый мужчина. Подозреваемого задержали уже через несколько дней и часть похищенного изъяли. Он рассказал полицейским, что сознательно пошел на ограбление.","По следам было видно, что налетчика судили ранее.",not_entailment,"cleanlab, ds2",2
"""""""Я вместе с другими адвокатами с 13:00 нахожусь у СИЗО """"Лефортово"""" и пытаюсь пройти к своему доверителю Развозжаеву. Некоторое время назад к нам вышел заместитель начальника изолятора, который сообщил, что созвонился со следователем и тот дал ему указание не пускать к Развозжаеву адвокатов, так как они не допущены к делу"""", - сообщила """"Интерфаксу"""" защитница Виолетта Волкова. По ее словам, это абсолютно незаконно, так как в материалах дела есть ее ордер.""","""""""Интерфакс"""" пообщался с Виолеттой Волковой.""",entailment,ds2,1
"Как сообщает ОПС судов общей юрисдикции Нижегородской области, во время пожарной проверки в декабре прошлого года на рынке было выявлено почти полсотни таких нарушений. ЗАО был выписан штраф на сумму 150 тысяч рублей. Однако руководство рынка с этой суммой не согласилось и обратилось в суд с просьбой уменьшить штраф, поскольку после проверки принимаются все меры для устранения выявленных нарушений.",Пожарная проверка на рынке нашла почти 50 нарушений.,entailment,ds2,1
Таксист поблагодарил водителя трамвая за помощь.,Таксист водил трамвай.,not_entailment,ds2,1
"Это является тяжким вредом здоровью. После этого на подозреваемого завели уголовное дело. Полицейским удалось узнать, что мобильник он сдал в местный ломбард, а сам уехал за пределы области.",Составлен административный протокол.,not_entailment,ds2,1
"Сведения о том, что запрет на посещение соцсетей мог стать причиной трагедии, не подтвердились. Напомним, что тело мальчика в доме обнаружил отец.",Запрет на посещение соцсетей стал причиной трагедии.,not_entailment,cleanlab,1
"Затем машину откинуло на полосу встречного движения на Isuzu Forward. - В результате аварии водитель автомобиля Nissan Tino и его два пассажира, среди которых была малолетняя девочка, от полученных травм скончались на месте происшествия, - сообщили «КП-Владивосток» в прокуратуре Приморского края. Суд слушался в особом порядке так как обвиняемый полностью признал свою вину.",В аварии погибли трое.,entailment,cleanlab,1
"Саудовская Аравия сообщила ВОЗ, по крайней мере, о двух случаях заражения медработников в результате контакта с пациентами. Однако точно сказать, каким образом происходит передача,  ученые пока не могут. Вероятно, вирус передается только при очень тесном контакте, так как случаи заражения от человека к человеку происходили пока только в узком кругу: между членами семей и между больными и медицинскими работниками.",Вирус передается только при очень тесном контакте.,not_entailment,cleanlab,1
"Темы, которые сегодня активно обсуждают делегаты съезда - «Экономика роста и благосостояния», «Здоровое будущее», «Социальная политика», «Умная сила и культурное лидерство», «Качество государства», «Аграрная сверхдержава», «Быть хозяином в собственном доме». Делегаты из Пензенской области работают на всех площадках. Им есть что сказать по каждой из обозначенных на съезде тем, поскольку среди них есть врачи, учителя, общественные деятели и политики со стажем.",Делегаты из Пензенской области обсуждают все темы на закрытых площадках.,not_entailment,cleanlab,1
"Это должно дать свой результат - поголовье птиц станет в два раза больше, считают специалисты.","Специалисты верят, что птиц будет больше.",entailment,ds2,1
"Как рассказали в краевой полиции, еще летом прошлого года молодой человек за денежное вознаграждение осуществил фиктивную постановку на учет шести иностранных граждан, указав в месте пребывания свой дом. В действительности граждане в этом жилом помещении не проживали. Обвиняемый объяснил, что решился на преступление, так как не имел постоянно работы и нуждался в деньгах.",Парень осуществил фиктивную постановку иностранцев на учет.,entailment,ds2,1
"""""""Сегодня поисковая операция была прекращена, так как она стала слишком опасной"""", - сказал он на условиях анонимности.""",Поисковая операция стала слишком опасной.,entailment,ds2,1
"Как сообщает пресс-служба городской администрации, ремонтная бригада производит замену задвижки в камере, принадлежащей «Т Плюс» в районе стадиона «Динамо».","""Как минимум одна из камер в районе стадиона """"Динамо"""" принадлежит """"Т Плюс"""".""",entailment,"cleanlab, datamaps",2
"Соревнования прошли в бескомпромиссной борьбе, но в этот день случилось более знаковое событие, которое затмило все остальные.",События были бескомпромиссными,not_entailment,"cleanlab, datamaps, ds2",3
"""""""Это решение можно было принять и раньше. Однако о возможности перемен говорили уже давно - это было ожидаемо"""", - сказала Смородская в интервью корреспонденту пресс-центра Министерства спорта РФ. """"На мой взгляд, это движение в правильном направлении, так как оно приводит к здоровой конкуренции"""".""",Смородская осуждает выбранное направление движения.,not_entailment,cleanlab,1
"Как сообщалось, в среду и четверг Наполитано провел консультации с лидерами представленных в парламенте партий, чтобы выяснить, готовы ли они договориться. На недавних парламентских выборах больше всего голосов набрала Демократическая партия. Однако она не может без помощи других партий управлять страной, так как не обладает большинством в сенате.",Наполитано два дня консультировал политиков по всем вопросам.,not_entailment,ds2,1
"Как сообщили в правительстве области, на ней можно будет купить товары местных производителей.","В правительстве области сообщили, где можно будет приобрести товары местных производителей.",entailment,ds2,1
"Сначала необходимо законсервировать здание, просушить - здесь полно воды, провести экспертизу и понять, сколько это будет стоить, и начинать ремонт.",В здании недостаточно воды.,not_entailment,"cleanlab, ds2",2
"""Начиная от магазина """"Крейсер"""", скопилась крупная пробка, так как троллейбусы объехать затор не могут.""",Пробка была большой.,entailment,ds2,1
"""Четвертого июля ракету планируется вывезти на стартовый комплекс и запустить с космическим аппаратом связи Sirius 5 (SES-5) в 22:23 мск 7 июля. Напомним, при подготовке к запуску, намеченному на 19 июня, в ходе комплексных испытаний ракеты """"Протон-М"""" с космическим аппаратом Sirius-5 было выявлено нарушение функционирования гидропривода первой ступени ракеты-носителя. Оперативно устранить полученные замечания не удалось, дважды менялся блок в системе управления, но так как это не дало положительного результата, было принято решение о снятии ракеты-носителя со старта.""",Полученные замечания быстро устранить не вышло.,entailment,cleanlab,1
"В ограблении кафе на Ладожском вокзале пострадала несовершеннолетняя девушка, которая была здесь на стажировке.",Кафе на Ладожском вокзале ограбили.,entailment,ds2,1
"Областной главк полиции сообщает о том, что в регионе проходит операция «Гражданин – Оружие».",Главк полиции сообщил об операции.,entailment,ds2,1
"Получить деньги он не успел, был задержан.",Он так и не подержал в руках деньги.,entailment,"cleanlab, datamaps",2
"""О какой именно авиабазе идет речь, собеседник агентства не уточнил. Между тем посольство РФ в Кабуле не располагает информацией о том, что опасно сблизившийся с российским авиалайнером самолет принадлежит дислоцированным в Афганистане иностранным военным. Пресс-атташе российской дипмиссии Степан Аникеев заявил, что посольство не намерено самостоятельно обращаться к афганским властям или командованию МССБ за разъяснениями относительно этого инцидента. """"Мы точно не будем этого делать, потому что это — частная компания, и это ее дело"""".""",Военный самолет опасно сблизился с боевым вертолетом.,not_entailment,cleanlab,1
"Тогда к стражам правопорядка обратился пенсионер, поскольку у него из дома пропала крупная сумма денег.",У пенсионера в доме раньше была крупная сумма денег.,entailment,"cleanlab, ds2",2
"У водителя накопилось неоплаченных штрафов ГИБДД на общую сумму более 186 тысяч рублей. Минимальная сумма штрафа составляет 300 рублей, максимальная - 5 тысяч рублей. Поскольку водитель оплатил лишь часть долга, было возбуждено исполнительное производство и судебные приставы наложили арест на автобус.",Приставы забрали у мужика автобус.,entailment,cleanlab,1
"Авария произошла на ровном месте, машина будто поскользнулась на снежной дороге и оказалась на крыше.",Машина попала в аварию.,entailment,"cleanlab, ds2",2
"По словам очевидцев, злоумышленников было около десятка, и они внезапно появились из-за памятника.",Очевидцы видели злоумышленников.,entailment,ds2,1
"""Голкипер """"Барыса"""" и сборной Казахастана Алексей Иванов заявил, что после полутора недель сборов в астанинской команде ему указали на дверь. """"Барыс"""" разорвал со мной контракт без объяснения причин. Поскольку это было сделано в одностороннем порядке, мне теперь должны выплатить компенсацию"""".""","""""""Барыс"""" выгнал Алексея Иванова.""",entailment,cleanlab,1
"Тем, кто посетит избу новогоднего волшебника, предлагают сфотографироваться с ним и загадать желание.",Новогодний волшебник живет в избе.,entailment,cleanlab,1
"Оказалось, вспыхнула однокомнатная квартира.",Однокомнатные квартиры часто вспыхивают.,not_entailment,ds2,1
"Его тут же осмотрели медики, оказали первую помощь, но от госпитализации он отказался. Пожар удалось быстро локализовать, огонь не успел перекинуться на соседние дома. Сейчас специалистам предстоит установить, что стало причиной возгорания.",Огонь перешел на соседние дома.,not_entailment,ds2,1
"В селе Доброе Липецкой области в огороде местной жительницы сотрудники полиции раскопали труп неизвестного человека, который уже превратился в скелет.",В огороде вырос труп.,not_entailment,cleanlab,1
"Самки и самец расположились в соседних вольерах, но между ними проложили небольшой проход. Места там хватит, чтобы самки могли пройти, а вот самец уже не поместится. Это сделано для того, чтобы у птиц не возникало конфликтов во время брачного периода и самки могли отдохнуть от внимания кавалера.",У птиц не бывает конфликтов.,not_entailment,cleanlab,1
"""""""Это очень важно, что тысячи людей сейчас заявляют о своем желании быть наблюдателями. Это значит, что процесс наблюдения будет вестись не только Советом Европы, БДИПЧ. Это важно, потому что они нам помогут"""", - сказал он.""",Тысячи людей стремятся в наблюдатели.,entailment,ds2,1
"Он хотел купить через интернет лодочный мотор, а попался на аферистов.",Он купил через интернет аферистов.,not_entailment,cleanlab,1
"""По словам россиянина, перед ним стояла задача - финишировать впереди """"Форс Индии"""". """"Мы начали гонку на покрышках средней жесткости. И я старался отстоять свою позицию на старте, так как все в основном были на мягких шинах"""".""","""Россиянин финишировал впереди """"Форс Индии"""".""",not_entailment,cleanlab,1
"""""""Им будет предоставлено, уже сейчас вопрос решен, жилье"""", - сказал В.Голубев. """"Основная часть работ, несомненно, это остекление, некоторые виды ремонта и наведение порядка, может быть, уже в дворовых территориях. Потому что есть места, которые залиты маслом"""", - рассказал губернатор.""","Губернатор подтвердил, что пятна масла с дворовых территорий удалены.",not_entailment,cleanlab,1
"""ЛГБТ-активисту Николаю Алексееву, который был признан виновным в пропаганде гомосексуализма, стоит обратиться в Конституционный суд РФ, считает член Общественной палаты РФ, президент адвокатской палаты Москвы Генри Резник. """"Николаю Алексееву надо идти обжаловать вынесенное решение в кассационном суде, а затем обращаться в Конституционный суд, который, скорее всего, признает питерский закон о запрете пропаганды гомосексуализма неконституционным"""", - сказал Резник в пятницу """"Интерфаксу"""". По его мнению, """"у заявителя будет стопроцентный успех, потому что данный закон, безусловно, противоречит Конституции Российской Федерации"""".""",Адвокат Генри Резник снял с ЛГБТ-активиста обвинения в пропаганде гомосексуализма.,not_entailment,cleanlab,1
"""Три участницы панк-группы Pussy Riot, приговоренные судом к двум годам лишения свободы за акцию в храме Христа спасителя, получили то, что хотели, заявил президент РФ Владимир Путин в специальном фильме программы """"Центральное телевидение"""" на НТВ в воскресенье. """"На самом деле правильно, что их арестовали, и правильно сделали, что суд у нас такое решение принял. Потому что нельзя подрывать основы морали, нравственности, разрушать страну"""".""",Суд принял решение отпустить на 2 года участниц группы Pussy Riot.,not_entailment,"cleanlab, ds2",2
"""Угроза взрыва на Комсомольской площади перед Ярославским вокзалом оказалась ложной. Как сообщил журналистам начальник ГУ МВД по Москве Владимир Колокольцев, """"гражданин оставил свою машину и ушел по своим делам"""". """"Было основание полагать, что эта машина несет угрозу, так как на заднем сиденье была бочка с краской"""", - сказал он.""",Бочка с краской представляла угрозу.,not_entailment,cleanlab,1
"""""""И если через три года у меня будет шанс не только принять участие в выборах, но и выиграть, я такой возможности не исключаю"""", - отметил он. Что же касается оппозиции и активных протестов, то их бизнесмен и политик считает более непродуктивными. """"Что касается участия в протестах, я в них участия лично принимать не буду, потому что я не вижу позитивной повестки"""", - сказал он.""",Бизнесмен и политик планирует принять участие в протестах.,not_entailment,"cleanlab, datamaps",2
"Четыре сотрудника получили травмы различной степени тяжести, одного даже пришлось госпитализировать.",Четыре сотрудника травмированы.,entailment,ds2,1
"Молюсь за обоих. Просто хочу обнять своего сына, а прав он или виноват - пусть скажет следствие. Хочется сказать всем оскорбляющим милицию: опомнитесь, милиционеры - это не безликие роботы в форме.",Кто-то оскорбил милицию.,entailment,cleanlab,1
"Как сообщает пресс-служба учреждения, влюбленные смогут пройти по одному билету, если признаются в своих чувствах в присутствии кассира.",Влюбленные должны признаться в своих чувствах к кассиру.,not_entailment,cleanlab,1
"Парни, как выяснилось, ушли из дома во Владимирской области, не поставив в известность родителей.",Парни ушли тайком от родителей.,entailment,cleanlab,1
"Улицы частично оказались затоплены, но в ночь отключать тепло в жилых домах не стали.",Улицы совсем затопило.,not_entailment,cleanlab,1
"Как сообщила в понедельник газета Daily Telegraph, ожидается, что во вторник законопроект будет отправлен на окончательное согласование в нижнюю палату парламента. Никаких препятствий на пути к окончательному принятию законопроект не должен встретить, поскольку ранее палата общин уже одобрила его первоначальную версию подавляющим большинством голосов.",Палата общин ранее согласовала его первоначальную версию подавляющим большинством голосов.,entailment,ds2,1
"Он обвинялся в убийстве жены, сообщается в пресс-службе областной прокуратуры.","Несомненно, он убил жену.",not_entailment,ds2,1
"Пенсионерка рассказала, что ее ограбили.",Пенсионерка сообщила об ограблении.,entailment,ds2,1
"Оно было заброшенным, что там произошло - неизвестно.",Там что-то произошло.,not_entailment,cleanlab,1
"Кроме того, власти Грузии подписали на добровольной основе соглашения  о взаимопонимании, которые тоже полностью выполняют. Что касается отношений непосредственно с представителями грузинской власти, вы знаете, что наша миссия является миссией нейтральной и независимой от грузинских властей, но мы пытаемся, стремимся к тому, чтобы иметь наилучшие отношения со всеми участниками Женевских переговоров. Но, конечно, мы придаем большее внимание отношениям с грузинскими властями, так как были приглашены грузинским государством, и мы находимся на грузинской территории.",Власти Грузии полностью выполняют подписанные соглашения о взаимопонимании.,entailment,ds2,1
"""""""Знакомы ли Вы со своими новыми коллегами – Никитиным, Яблонским, Аветисяном?"""" - """"Да, со всем директорами мы пообщались, и, на мой взгляд, мы очень хорошо друг друга дополняем. Я вам честно скажу, что я бы не смог собрать команду лучше, потому что это тот случай, когда достоинства одних покрывают недостатки других"""".""",У каждого из директоров есть недостатки.,entailment,datamaps,1
"""""""Система аккредитации - это ключевой инструмент допуска на рынок. Мы сейчас готовим закон об аккредитации, который весной хотим внести в Госдуму"""", - сказала она. """"Этот закон очень важен, потому что он будет предусматривать переход на международные стандарты аккредитации"""", - сказала она.""",Она сказала о бесполезности закона.,not_entailment,"cleanlab, ds2",2
"Вместе с ними пропали также юбилейные медали, памятные и нагрудные знаки, грамоты. Очень хочется надеяться, что бабушка просто забыла, куда в последний раз положила награды — и они в конце концов найдутся. Но все может быть: мало ли, награды и правда могли похитить.",Бабушка не может найти награды.,entailment,datamaps,1
"Экстренные службы проводят спасательные работы с четверга без перерыва. По прибытии они обнаружили двоих мужчин – очевидцев трагедии. Во время схода лавины пострадавшие были на улице, и видели все происходящее со стороны.","Очевидцы были в здании, когда сошла лавина.",not_entailment,cleanlab,1
"""Оказалось, здесь не брезговали тухлыми продуктами. - В ходе проверки были обнаружены нарушения санитарных норм, - сообщили """"Комсомольской правде""""-Саратов в пресс-службе областной прокуратуры. - В частности, наши сотрудники выявили просроченные мясные изделия, а также молоко, которое на момент проверки находилось в замороженном состоянии.""",Здесь были тухлые продукты.,entailment,cleanlab,1
"Когда мужчине стало плохо, дежурившие спасатели поспешили на помощь.",Мужчине стало плохо не из-за спасателей.,entailment,"cleanlab, datamaps",2
"Спасатели, к счастью, знали, что надо делать: они позвонили в воронежский Центр помощи диким животным, где часто выхаживают больных птиц. Специалисты центра, к слову, уверяют, что если пернатые попадают в руки к людям, не улетают и, кажется, совсем не боятся людей, значит, с животным что-то не так. Оно может выглядеть совершенно здоровым, но птица, которая дала себя поймать, явно не в идеальной форме.",В воронежском Центре помощи диким животным нередко выставляют больных птиц.,not_entailment,cleanlab,1
Учреждениям культуры рекомендовано отменить или перенести на другое время развлекательные мероприятия. Мероприятия просветительского характера начнутся с минуты молчания по погибшим в авиакатастрофе.,Объявлен траур.,entailment,cleanlab,1
"С 1 февраля 2017 года в многофункциональных центрах можно будет получить общегражданские паспорта, автомобильные права и загранпаспорта старого образца. В скором времени в МФЦ планируется начать выдавать и загранпаспорта нового образца. Нововведение должно значительно упростить жизнь россиян, так как теперь не придется отстаивать длинные очереди или по нескольку дней ждать своей записи.",Длинные очереди останутся в прошлом.,entailment,cleanlab,1
"В Ростове вынесли приговор хозяину продуктового магазина, который сбывал левый алкоголь, отлично зная о его сомнительном происхождении. - Являясь индивидуальным предпринимателем, приобрел в целях дальнейшего сбыта два ящика водки, не имеющей сопроводительной документации, подтверждающей ее происхождение, качество и безопасность для жизни и здоровья человека, - сообщили официальную версию в СУ СК России по Ростовской области. Но сбыть водку ему не удалось, так как вмешались сотрудники правоохранительных органов.",Сотрудники правоохранительных органов не дали ростовчанину сбыть левый алкоголь.,entailment,datamaps,1
"То есть в этой области у нас была большая экспертиза. Начали мы с России. Но очень быстро к нам пришли зарубежные компании, которые сказали, что хотят именно нас пригласить в инвесторы, потому что у нас есть экспертиза и обширные международные связи в облачной индустрии.",Мы не смогли выйти на уровень экспертизы в России и тем более за рубежом.,not_entailment,ds2,1
"Как стало известно, никто не пострадал.",Пострадали многие.,not_entailment,cleanlab,1
"Я и так всегда крайний, - ответил глава администрации. - Отношусь уже ко всему спокойно. Я на данный момент понимаю, что взял на себя большую ношу, но мы за два года сделали достаточно.",Глава администрации удовлетворен результатами двух лет работы.,entailment,datamaps,1
"""В Сухуми взорван внедорожник, припаркованный недалеко от жилого дома по ул.Когония, сообщил """"Интерфаксу"""" начальник УВД города Гарри Аршба. По словам собеседника агентства, взрыв произошел около 12:30 в субботу. В результате взрыва никто не пострадал, так как в автомобиле никого не было.""",У жилого дома в Сухуми взорвался пустой внедорожник.,entailment,ds2,1
"Об этом на своей странице в Facebook сообщил один из сотрудников университета. - Весь профессорско-преподавательский состав мужского пола не зависимо от возраста и званий должен получить эти справки. Это странно, потому что отдел кадров сам не может запросить этот документ, а он, судя по всему, нужен для будущей аккредитации.",Всех мужчин-профессоров в университете заставили самих бегать за справками.,entailment,cleanlab,1
"В декабре минувшего года в надзорный орган пришел мужчина, который больше года скрывался от правосудия.",Мужчина сам пришел в надзорный орган.,entailment,"cleanlab, datamaps",2
"В сентябре утвердили схему размещения щитов, по которым пройдут электронные торги.",По щитам пройдут электронные торги.,entailment,ds2,1
"""При этом он затруднился сообщить, сколько времени может продлиться это отстранение. Сам Губерниев заявил радиостанции """"Эхо Москвы"""", что его отстранение от ведения футбольных программ не повлияет на работу на телеканале. """"Очень сложно меня отстранить от футбольных матчей, потому что я на них редко работаю"""".""",Губерниев отстранен от ведения программ о футболе.,entailment,ds2,1
"15 сентября 2012 г. во второй половине дня в сквере на пл. Свободы при проведении несанкционированного администрацией Нижнего Новгорода митинга сотрудники ОМОН УТ МВД России по ПФО охраняли общественный порядок. Так как публичное мероприятие не было согласовано, полицейские требовали, чтобы собравшиеся разошлись.","Полицейские требовали, чтобы собравшиеся разошлись.",entailment,ds2,1
"2 августа пьяные приятели, шагая по грунтовке, увидели оставленную без присмотра «Ниву». Ребята искали кого-нибудь, чтобы вытащить застрявший неподалеку автомобиль своей подруги, но ждать или искать хозяина внедорожника не стали: просто разбили стекло.",Стекло ребята разбили.,entailment,ds2,1
"В Ульяновской области появится региональный закон «О технологической долине», который станет основополагающим в создании «умного региона».",В Ульяновской области хотят создать «умный регион».,entailment,ds2,1
"Общественный резонанс получил и традиционный Парад Памяти. -Этим парадом мы напомнили россиянам роль Самары в годы Великой Отечественной войны. Это важно, потому что имидж региона работает на его жителей, - уточнил губернатор.",Парад Памяти - новое мероприятие.,not_entailment,ds2,1
"Наполитано подтвердил, что отставка Берлускони ожидается после принятия парламентом Италии пакета антикризисных мер.",Ожидается отставка Берлускони.,entailment,ds2,1
"Ежедневно в плотины поступает всё больше и больше воды, что не может не радовать.",Вода поступает в плотины.,entailment,ds2,1
"Как стало известно, женщина воровала в автобусах либо на остановках транспорта.",Женщина совершала кражи в автобусах либо на остановках транспорта.,entailment,ds2,1
"Сорокалетнего мужчину задержали прямо в подъезде, в тот момент, когда он выходил из лифта.",Сорокалетний мужчина выходил из лифта.,entailment,ds2,1
"""""""От своих действий я не отказываюсь, я стрелял, но, видит Бог, ничьей смерти я не хотел. Я просто хотел предотвратить нападение на меня, - сказал Черкесов. - Я ходатайствовал о суде присяжных, потому что хотел, чтобы меня судил народ"""".""","Черкесов утверждает, что не хотел ничьей смерти.",entailment,"cleanlab, datamaps",2
"Врачи поставили ей диагноз: «алкогольное опьянение». Данным фактом заинтересовалась областная прокуратура. - В настоящее время проводится проверка, выясняются подробности происшествия, а также при каких обстоятельствах был приобретен алкогольный напиток.",Врачи диагностировали алкогольное опьянение.,entailment,ds2,1
"""""""Росатом"""" рассматривает возможность строительства новых энергоблоков на АЭС """"Бушер"""" в Иране, иранская сторона уже высказывала подобное предложение, сообщил глава """"Росатома"""" Сергей Кириенко. """"Мы прорабатываем, соответствующее поручение у нас есть. Поскольку строительство именно атомных энергоблоков не вызывает сомнения у международного сообщества, никаким образом не относится к вопросам чувствительным, поэтому это возможно.""",Строительство атомных энергоблоков не смущает международное сообщество.,entailment,cleanlab,1
"Сборка уникального аттракциона шла такими темпами, что конструкция быстро обрела очертания громадного колеса.",Уникальный аттракцион собрали быстро.,entailment,"cleanlab, ds2",2
"Полиция ведет расследование, в то время как отчаявшийся отец малышек угрожает врачам расправой.",Отчаявшийся отец малышек расправился с врачами.,not_entailment,"cleanlab, ds2",2
"""Уголовное дело возбуждено в связи с крушением самолета Ан-12 в Магаданской области, сообщил официальный представитель Следственного комитета РФ Владимир Маркин. """"Дело возбуждено по статье 263 УК РФ (нарушение правил полетов и подготовки к ним)"""", - сказал Маркин """"Интерфаксу"""" во вторник. По его словам, информация о гибели экипажа и пассажиров судна является предварительной, """"поскольку их тела пока не обнаружены"""".""",Ан-12 куплен для нужд Магаданской области.,not_entailment,ds2,1
"Мужчина опубликовал в Интернете музыкальные записи, которые имели экстремистский подтекст.",Мужчина опубликовал музыкальные записи в Сети с экстремистским подтекстом.,not_entailment,"cleanlab, datamaps, ds2",3
"Она рассказала, что в дверь ее комнаты в общежитии постучали.",У нее комната в общежитии.,entailment,ds2,1
"""Сергей Удальцов своей вины не признал, он заявил, что все обвинения в его адрес незаконны. """"Я считаю, что обвинения мне предъявлены незаконно, потому что я был задержан до официального завершения митинга, в 21:55. Соответственно претензии о том, что планировалось шествие, несостоятельны, так как любые действия должны оцениваться по факту совершения, а не по предположению"""".""",Сергея Удальцова задержали во время шествия.,not_entailment,cleanlab,1
"Видел я его в тот вечер при задержании: спокойный, как удав, сидел в машине. Теперь дурачком решил прикинуться? В магазине было несколько покупателей, ищу очевидцев, вдруг это следствию поможет.",Я нашел очевидцев.,not_entailment,cleanlab,1
"""""""Я полагаю, что наше послание достаточно четкое в СМИ. Те, кто сожалеет об этом, кто может получить урон, должны поговорить с американцами, чтобы те не совершили  глупость в отношении Ирана. Потому что то, что мы делаем, - это реакция на действия другой стороны"""".""","""""""На наши действия идет неадекватная реакция другой стороны"""".""",not_entailment,cleanlab,1
"В управляющей компании зря надеются, что подобные действия могут пройти безнаказанно.",Подобные действия могут пройти безнаказанно.,not_entailment,cleanlab,1
"Ходатайство о продлении заявила адвокат задержанной, отметив, что следствием не были предоставлены документы, характеризующие личность задержанной.",Адвокат задержанной отметила просчёт в работе следствия.,entailment,cleanlab,1
"В одной из комнат он нашел икону, которую забрал с собой, чтобы продать. Но затем передумал и вместо того, чтобы продать ее на рынке, отнес икону в один из храмов. Настоятель, которому мужчина предложил похищенное за символическую плату, отказался забирать икону.",Похититель продал икону в храм.,not_entailment,cleanlab,1
"Вы имеете в виду выборы любого уровня? - Да, я считаю, что выборы любого уровня, кроме выборов президента. Потому что прямые выборы президентов – это одно.",Разговор касается выборов.,entailment,ds2,1
"""Около 200 человек эвакуированы из корпуса факультета биологии МГУ в связи с пожаром в подвальном помещении, сообщили """"Интерфаксу"""" в ГУ МЧС России по Москве. """"Пожарные прибыли по адресу: Воробьевы горы, 1 строение 12, где горит трансформаторная подстанция в подвале биологического факультета МГУ"""", - сказал представитель управления. По его словам, тушение осложнено, так как напряжение пока не отключено.""",Полностью сгорел подвал биофака МГУ.,not_entailment,cleanlab,1
"Он проводит невидимую грань между настоящим и будущим. В эти минуты все мы подводим главные итоги года, вспоминаем самые важные события. В эти мгновения мы с волнением ждем добрых перемен.",В эти минуты все мы подводим друг друга.,not_entailment,cleanlab,1
"Как выяснилось, женщина выпала из окна собственной квартиры.",Женщина упала из окна квартиры.,entailment,ds2,1
"Чиновники обещают, что все бригады будут функционировать в круглосуточном режиме «Повышенной готовности».","Есть вероятность, что все будет так, как обещали чиновники.",entailment,"cleanlab, ds2",2
"""Возраст людей определить не смог. Их лица были закрыты капюшонами, - рассказал журналисту """"Комсомольской правды""""-Саратов один из автолюбителей, проезжавших на мосту. - Со стороны обоих городов образовалась пробка, так как прибывшие машины спасателей и полиции перегородили полосу движения.""",Люди прятали лица под капюшонами.,entailment,"cleanlab, datamaps, ds2",3
"На заседании областного Совета при губернаторе по развитию физической культуры и спорта чиновники отметили, что прошедший год был для отрасли успешным.",Прошедший год был для отрасли лучшим.,not_entailment,"cleanlab, datamaps, ds2",3
"Конечно, с мешком подарков. Инспекторы останавливали водителей и проверяли их по базам на наличие административных нарушений. Если в течение года водитель был дисциплинированным, ничего не нарушал, получал подарок от Деда Мороза.",Инспекторы принимали подарки.,not_entailment,cleanlab,1
"""Верзилов отметил, что его жена в целом удовлетворительно оценивает условия, в которых сейчас находится. """"Она говорит, что достаточно мало видела, поскольку больница большая, но в целом она удовлетворена отношением сотрудников, наличием нормального оборудования"""".""",Верзилов рассказал о впечатлениях жены от больницы.,entailment,ds2,1
"Но из-за сложного материального положения он не смог вернуть деньги. Вскоре, ему стали звонить коллекторы, они требовали вернуть долг. Звонки не прекращались долгое время, а потом звонить стали на телефон его мамы.",Коллекторы перестали звонить ему.,not_entailment,cleanlab,1
"Российские законодатели напомнили, что российские сироты не окажутся в однополых британских семьях, поскольку это запрещает недавно принятый в России закон.",Недавно принятый в России закон не позволит британским однополым парам воспитывать российских сирот.,entailment,cleanlab,1
"Изначально сообщалось, что хищная птица больше никогда не сможет летать и проведет всю жизнь в неволе. Однако сотрудники центра решили не мириться с обстоятельствами и дать ястребу шанс вновь взмыть в небо. - Ястребу, спасенному военными, решили попробовать спасти крыло, наш хирург собрал косточки и теперь будем надеяться, что у птицы присутствует большое желание жить, - сообщили работники приюта.",Ястреба спасли школьницы.,not_entailment,cleanlab,1
"Предприниматели продолжают устанавливать незаконные постройки, однако власти города на примере Сенной площади уже доказали, что лучше не спорить и убрать свое добро самостоятельно.",Предприниматели иногда возводят строения незаконно.,entailment,"cleanlab, datamaps",2
"""""""Я просто хотела попробовать покрытие, хотела выступить на чемпионате России и провериться - у меня было мало стартов в этом сезоне. Я то болела, то ногу лечила, поэтому не могла сделать столько стартов, сколько мы планировали с тренером. Здесь я хочу просто попрыгать в удовольствие, так как норматив у меня есть"""".""","Мы с тренером планировали меньше стартов, чем я сделала в этом сезоне.",not_entailment,"cleanlab, datamaps",2
"Означает ли введение такой маркировки, что продукты с растительными добавками полностью исчезнут с прилавков наших магазинов?",Продукты с растительными добавками полностью исчезнут с прилавков наших магазинов.,not_entailment,cleanlab,1
"""Эта реплика пришлась не по душе экс-министру финансов Алексею Кудрину, который сказал журналистам, что """"это отношение к протесту неверное, я с таким отношением не согласен, потому что сотни тысяч людей не вышли бы (на митинги за деньги - ИФ)"""". Впрочем, сам В.Путин, несмотря на возросшую политическую активность бывшего соратника по правительству, по-прежнему считает его другом и членом своей команды, которому еще найдется место в строю. В общем и целом, по словам премьера, протесты в рамках закона полезны, потому что не дают чиновникам расслабиться (""""потому что власть далеко не всегда правильно себя ведет и адекватно отвечает на вызовы времени""""), но уклон в сторону """"цветных революций"""" недопустим (""""позволить себя втянуть в какие-то схемы по дестабилизации общества, вот это, мне кажется, неправильно"""").""",Кудрину реплика понравилась.,not_entailment,"cleanlab, datamaps",2
"После этого мужчина развернулся и поспешно покинул здание вокзала. Стражам порядка такое поведение показалось подозрительным, и они задержали мужчину. При личном досмотре, выяснилось, что у него в нагрудном кармане лежат семь патронов.",Мужчина украл из здания вокзала семь патронов.,not_entailment,"cleanlab, ds2",2
"Она рассказала, что поймала на дороге машину, чтобы поехать на работу.",Она не хотела на работу.,not_entailment,ds2,1
"В Ульяновскую область пришли снегопады, и в ближайшие дни, по сообщениям синоптиков, погода только ухудшится: к осадкам присоединятся резкое понижение температуры, метели и гололедица. Ульяновские госавтоинспекторы настоятельно советуют водителям воздержаться от поездок по области на личных автомобилях. Если вам все же придется выехать, то стоит придерживаться некоторых правил: быть внимательными на дорогах, так как видимость может ухудшиться, проявлять бдительность около остановок общественного транспорта и на «зебрах», не превышать скорость, тормозить заранее.",Ульяновскую область ждет ухудшение погоды.,entailment,ds2,1
"Двоих преступников, которые похищали фары с дорогих машин, задержали иркутские полицейские.",Иркутские полицейские нашли все украденные фары с дорогих машин.,not_entailment,cleanlab,1
"""Вот так мурманский кот остался без опеки перед 20-летием. Старика передали волонтерам, которые нашли у него тяжелую хворь. - Врачи называют эту болезнь """"дорогой в никуда"""", потому что лечению она не поддается.""",Мурманский кот неизлечимо болен.,entailment,cleanlab,1
"И все эти люди размещали в интернете объявления о том, что их питомцы потерялись. На объявление откликался мужчина. Он говорил, что вернет любимца хозяину.",Мужчина украл всех потерявшихся питомцев.,not_entailment,ds2,1
"""""""Мы, к сожалению, не слышали каких-то заявлений, связанных с этим судебным процессом, и особо за ним не следим, честно говоря"""".""",Судебный процесс закончился.,not_entailment,ds2,1
"Подробности преступления рассказали в Следственном комитете по Кировской области. Известно, что пенсионерка работала на местного предпринимателя - принимала ягоды и грибы, которые собирали местные жители, а потом отправляла их на продажу. Ее односельчанин знал, что у женщины с собой крупная сумма денег, а поскольку сам он нигде не работал, решил ее ограбить.",Пенсионерка работала на приемке ягод и грибов.,entailment,ds2,1
"По традиции мы отмечаем их в семейном кругу. Желаем родным и близким людям счастья. Провожая уходящий год, каждый из нас вспоминает его яркие моменты, надеется на добрые перемены и мечтает о будущем.",Каждый из нас мечтает о будущем в семейном кругу.,not_entailment,"cleanlab, datamaps",2
"Молодого человека, который явно только-только употребил наркотическое вещество, обнаружили в подъезде одного из домов.","Молодой человек, употребивший наркотик, был обнаружен в подъезде одного из домов.",entailment,ds2,1
"""Боксер Денис Лебедев не исключил, что в команде Александра Поветкина есть предатель, который мог «подсыпать» ему допинг. Напомним, ранее стало известно, что перед боем за титул """"временного"""" чемпиона мира по версии Всемирного боксерского совета (WBC) с канадцем Бермейном Стиверном в допинг-пробе россиянина был обнаружен запрещенный препарат остарин. В результате бой был отменен, так как соперник отказался его проводить.""",Поветкина могли предать.,entailment,cleanlab,1
"Мужчины знали, что у бизнесмена всегда при себе имеются деньги.","Мужчины знали, что бизнесмен носит с собою деньги.",entailment,cleanlab,1
"Приятная новость для тех, кто задумывался об ипотеке, но по разным причинам пока не решался: банковский сектор чутко реагирует на ситуацию и старается предлагать более широкие возможности для клиентов.",Есть плохая новость.,not_entailment,cleanlab,1
"Видимо, ему стало скучно в незнакомом городе, и он решил развлечься. Мужчина посчитал, что его не найдут, позвонил в полицию и рассказал, что одна из улиц города заминирована. - Сотрудниками полиции данный звонок был проверен, установлено, что вызов ложный, возбуждено уголовное дело, - комментируют в пресс-службе суда.",Одна из улиц города была заминирована.,not_entailment,"cleanlab, ds2",2
"Он предложил знакомому помочь устроить его сына в вуз за кругленькую сумму, но все оказалось обманом.",Он обманул знакомого.,entailment,datamaps,1
"""""""Я попросил их продолжать работу и не снижать темпов, крайне противно было"""", — посетовал глава президентской администрации. """"Ну, терпел. Я не подавал виду, потому что я понимал, что если я начну подавать вид, это приведет к настороженности и попытке замести следы"""", — добавил он.""","Глава президентской администрации признался, что ему было крайне противно не снижать темпов.",not_entailment,"cleanlab, datamaps",2
"От полученных повреждений он скончался на месте. Затем пенсионерка спрятала тело. Известно, что она сейчас нигде не работает и раньше уже имела проблемы с законом.",Пенсионерка прячет уже не первый труп.,not_entailment,datamaps,1
"""""""Думаю, нужно будет смотреть в каждом конкретном случае, так как не любое здание годится в качестве жилого дома"""", - заявил Шаронов в интервью """"Российской газете"""", которое будет опубликовано во вторник.""","""Шаронов взял интервью у редактора """"Российской газеты""""""",not_entailment,"cleanlab, ds2",2
"После того как клиент оформит подписку на сервис, он будет получать уведомления о наличии штрафов автоматически.",Клиент может подписаться на автоматическую оплату штрафов.,not_entailment,"cleanlab, ds2",2
"В комнате горела мебель и вещи. Площадь пожара оказалась невелика – всего один квадратный метр. Однако и этого оказалось достаточно, чтобы пострадали люди.",В комнате горела лампа.,not_entailment,ds2,1
"Съезд является важным политическим событием в жизни страны. Наши делегаты получили прекрасную возможность высказать свою позицию. Они поделились опытом работы своих первичных отделений, выказали предложения по усовершенствованию нормативно-правовой базы во всех сферах, задали вопросы руководителям министерств,  ведомств,  модераторам площадок.",Наши делегаты поделились опытом работы своих первичных отделений.,entailment,ds2,1
"Мероприятие прошло без инцидентов. По итогам акции был составлен административный протокол, так как количество участников превысило заявленное число.",Акция прошла без нарушений.,not_entailment,"cleanlab, datamaps, ds2",3
"Здесь выросли несколько куч песка и гравия, которые на легковом авто объехать не представлялось возможным.",Кучи песка и гравия перегородили дорогу машине.,entailment,"cleanlab, datamaps",2
"После застолья гость не захотел уходить с пустыми руками. Он взял с кухни нож и, угрожая им, потребовал отдать все деньги и ценные вещи. Напуганный хозяин рассказал мужчине, где лежат деньги и ювелирные украшения.",Гость ограбил хозяина.,entailment,ds2,1
"Дело в том, что женщина имела хорошие связи среди приставов, и эти деньги она должна была передать судебным исполнителям, чтобы те закрыли глаза на долги.",Женщина отказывалась воспользоваться связями.,not_entailment,ds2,1
"В ноябре того же года прошел суд. Стрелявшему дали восемь лет колонии строгого режима по статье за сбыт наркотиков. – Мужчина во всем сознался, поэтому его личность и детали преступления тщательно рассмотрели.",Мужчина сознался.,not_entailment,cleanlab,1
"""Адвокат обвиняемого в убийстве хозяина саратовской """"Тактики"""" после заседания в областном суде отметил, что его подзащитный не собирается обжаловать приговор.""","""Обвиняемый в убийстве владельца саратовской """"Тактики"""" собирается обжаловать приговор.""",not_entailment,cleanlab,1
"12 декабря междуреченский городской суд вынес приговор за четыре мошенничества с чужими квартирами, которые совершил 32-летний мужчина.",32-летний мужчина мошенничал на рынке жилья.,entailment,"cleanlab, datamaps",2
"Преступник ударил в живот сначала одну сестру, потом вторую, после чего зачем-то повел младшую в неизвестном направлении. На улице девушка стала говорить, что ей плохо. Тогда парень разбил окно в одном из домов, затащил ее туда, но, услышав, что кто-то идет, сбежал.",Преступник ударил обеих сестер в одно и то же место.,entailment,"cleanlab, ds2",2
"""""""Что же разместили на бампере, что на дверях, и какую проблему помогали решать таким образом?"""" Знатоки после минутного обсуждения предположили, что на бампере разместили подушку, а на задних дверях – матрас. Но это был неправильный ответ. Оказалось, что компания предложила размещать на переднем бампере видеокамеры, а изображения с них передавать на мониторы, установленные на задних дверях фуры.""",Знатоки неверно ответили на вопрос.,entailment,cleanlab,1
"Как сказал он на пресс-конференции в четверг, так как не удалось запустить существующую систему пожаротушения, воду подавали через водные помпы высокого давления с нулевого уровня.","Система пожаротушения существует, но не работает.",entailment,cleanlab,1
"Руки подсудимого были забинтованы и находились не за спиной, как это положено, а спереди. По просьбе мужчины наручники не зажали максимально плотно. Как только украинец был доставлен в суд, наручники сняли.",Подсудимый хотел стать украинцем.,not_entailment,ds2,1
"""С ним было сложно работать, но всегда интересно"""", - добавила она. Отвечая на вопрос, какие изменения могут произойти в эти дни с уходом Кудрина с поста министра финансов, Набиуллина заявила, что """"политика и приоритеты политики определяются президентом, правительством, и мы будем их реализовывать"""". """"Но, наверное, какие-то возможны изменения, потому что уходит фигура такого масштаба"""", - сказала министр.""","Набиуллина отметила, что с уходом Кудрина изменений не будет.",not_entailment,"cleanlab, datamaps",2
"""Была установлена личность подозреваемого - 27-летнего мужчины. По словам задержанного, он был давно влюблен в жену убитого и различными способами добивался ее внимания. """"Так как женщина не хотела с ним общаться, он решил похитить ее мужа"""", - говорится в сообщении.""",27-летний мужчина похищен.,not_entailment,"cleanlab, datamaps",2
"Сегодня к экономии средств активно подключаются муниципальные образования, поскольку имеется республиканская поддержка.",Республика поддерживает экономию образования.,not_entailment,"cleanlab, datamaps",2
"""""""Сегодня это незаконная торговля, потому что это не является товаром для продажи"""".""",Это не товар для продажи.,entailment,ds2,1
"Витебские таможенники изъяли лекарство, в котором содержится опасное психотропное вещество.",Витебская таможня изъяла опасное лекарство.,entailment,ds2,1
"За несколько лет сумма накопилась огромная, но должник не спешил платить.",Сумма копилась веками.,not_entailment,"cleanlab, ds2",2
"""""""Мы видели значительное количество очень посредственных команд на Чемпионате Европы во Франции, а здесь ещё почти что на треть возрастёт количество команд, которые не будут в своём составе иметь футболистов высокого международного класса», — цитирует Колоскова радиостанция «Говорит Москва». Помимо этого, возрастёт нагрузка «на выдающихся футболистов, которых в мире единицы», считает эксперт. Это произойдет, так как новый регламент значительно сокращает перерывы между играми в финальном турнире.""",Новый регламент немного уменьшает перерывы между играми в финальном турнире.,not_entailment,"cleanlab, datamaps",2
"Предприимчивый, но не работающий 29-летний ковдорчанин, съезжая со съемной квартиры, решил прихватить оттуда еще и половину вещей, принадлежащих хозяевам. - По словам потерпевшей, из ее квартиры в Полярном переулке пропала бытовая техника и мебель на общую сумму в 81 тысячу рублей, - рассказали в пресс-службе УМВД по Мурманской области. - Так как квартиру никто не взламывал, в преступлении заподозрили мужчину, который арендовал квартиру у владелицы.",Ковдорчанин съехал с квартиры вместе со всеми вещами хозяев.,not_entailment,ds2,1
"""""""Путин третьего президентского срока - это лидер, который спустя полгода после выборов не знает, на кого он будет опираться. Он не знает, какую именно программу предложить. Он медлит, поскольку опасается оттолкнуть от себя силы, которые могут ему понадобиться для опоры"""".""",Путин третьего президентского срока не так решителен и быстр.,entailment,cleanlab,1
"""По мнению министра, """"говорить о том, что мы прямо сейчас продали им что-то новенькое, и это новенькое используется против демонстрантов, просто нечестно"""". Он также подчеркнул, что Россия поставляет вооружение по контрактам, которые не являются секретом и предполагают покупку Сирией, прежде всего, противовоздушных оборонительных средств, """"которые могут потребоваться только в случае внешней агрессии против сирийского государства"""". """"Мы оправдываться не собираемся, потому что мы ничего не нарушали"""".""",Военные контракты предполагают поставку из России в Сирию противовоздушных оборонительных средств.,entailment,"cleanlab, datamaps",2
"Экстренные и коммунальные службы города перешли на круглосуточный режим работы. Автомобилистов просят не выезжать без необходимости, особенно без зимней резины. В ближайшие дни морозы на курорте ослабнут, к конце недели столбики не будут опускаться ниже ноля, сообщают синоптики.",Морозы вот-вот ослабнут.,entailment,"cleanlab, ds2",2
"Всего существует две теории. Так, дело может быть в психологическом эффекте. Якобы люди, посещающие больницу, чаще задумываются о здоровье и следят за собой.",Теорий существует множество.,not_entailment,datamaps,1
"Как сообщили в региональном министерстве образования, в состязаниях примут участие спортсмены спортивных и туристских клубов, образовательных организаций области.",В состязании примут участие спортсмены различных организаций.,entailment,ds2,1
"Подробности преступления рассказали в Следственном комитете по Кировской области. Известно, что пенсионерка работала на местного предпринимателя - принимала ягоды и грибы, которые собирали местные жители, а потом отправляла их на продажу. Ее односельчанин знал, что у женщины с собой крупная сумма денег, а поскольку сам он нигде не работал, решил ее ограбить.",Пенсионерка сушила грибы.,not_entailment,ds2,1
"Грабитель поджидал своих жертв и, угрожая им пистолетом, отбирал у них все деньги и ценные вещи.",У грабителя был пистолет.,entailment,ds2,1
"Вместе с ними пропали также юбилейные медали, памятные и нагрудные знаки, грамоты. Очень хочется надеяться, что бабушка просто забыла, куда в последний раз положила награды — и они в конце концов найдутся. Но все может быть: мало ли, награды и правда могли похитить.","Бабушка забыла, куда дела награды.",not_entailment,"cleanlab, datamaps",2
"Женщины были привлечены к административной ответственности и получили штраф - по 3 тысячи рублей каждая, - сообщили в пресс-службе областного суда. Также с нижегородок взыскана стоимость грибов из расчета 600 рублей за 1 кг.",Женщины заплатили по 3 тысячи рублей каждая.,entailment,ds2,1
"2 августа пьяные приятели, шагая по грунтовке, увидели оставленную без присмотра «Ниву». Ребята искали кого-нибудь, чтобы вытащить застрявший неподалеку автомобиль своей подруги, но ждать или искать хозяина внедорожника не стали: просто разбили стекло.",Неподалеку застрял автомобиль их подруги.,entailment,ds2,1
"Учащийся политехнического техникума, находясь в состоянии алкогольного опьянения, избил, а затем ограбил прохожего. В итоге потерпевший получил многочисленные ушибы и перелом носа, а также лишился пяти тысяч рублей. Как выяснилось позже, подросток, совершивший разбойное нападение, уже имел условный срок по предыдущему приговору.","Подросток оказался не просто преступником, а преступником-рецидивистом.",entailment,"cleanlab, datamaps",2
"Сначала он начал кружить на лодке вокруг животного с тем, чтобы создать волну. После этого он избил лося веслом. В результате лось утонул, а злоумышленнику удалось вытащить тушу на берег.",Злоумышленник убил лося веслом.,not_entailment,cleanlab,1
"""""""Несмотря на активное противодействие норвежских властей, справедливость в отношении Ирины Бергсет и Саши восторжествовала"""", - сказал адвокат. Младший сын Бергсет, который не имеет российского гражданства, по-прежнему остается в Норвегии. Вернуть его матери вряд ли удастся, поскольку он не имеет российского гражданства.""",Младший сын Бергсет - не гражданин РФ.,entailment,cleanlab,1
"""""""Это обыкновенная гнусная ложь, потому что я никакую коммерческую деятельность не веду, находясь на должности депутата, никаким отмыванием денег я не занимаюсь"""".""",Я отмываю только грязные деньги.,not_entailment,ds2,1
"""""""Система аккредитации - это ключевой инструмент допуска на рынок. Мы сейчас готовим закон об аккредитации, который весной хотим внести в Госдуму"""", - сказала она. """"Этот закон очень важен, потому что он будет предусматривать переход на международные стандарты аккредитации"""", - сказала она.""",Она сказала о важности закона.,entailment,ds2,1
"Он находится недалеко от дома, где жил подросток. Согласно предварительной версии, юноша покончил с собой. Напомним, ранее по факту пропажи подростка возбудили уголовное дело по статье «Убийство».",Юноша мертв.,entailment,cleanlab,1
"Сегодня состоялось предварительное заседание по резонансному делу, но в закрытом режиме - прессу не пустили в зал суда.",Журналисты попали в зал суда.,not_entailment,cleanlab,1
"""Председатель """"Справедливой России"""" Николай Левичев не считает свой результат, достигнутый на выборах мэра Москвы, провальным. """"Провальной кампанию я не считаю, провальной она была бы, если б мы не участвовали"""", - сказал Левичев на пресс-конференции в центральном офисе """"Интерфакса"""" в понедельник. Он не считает, что выборы были честными, поскольку """"борьба велась в неравных условиях"""".""",Левичев признал свой результат на выборах провальным.,not_entailment,cleanlab,1
"Со страницы его друга в социальной сети пришло сообщение с просьбой перевести пять тысяч рублей. Отзывчивый приятель выполнил просьбу, а потом перезвонил, чтобы поинтересоваться, как дела у попавшего в беду. Тот заверил, что понятия не имеет, о каких деньгах идёт речь.",Отзывчивый приятель получил пять тысяч рублей.,not_entailment,"cleanlab, datamaps",2
"В большинстве случаев, сделать это невозможно из-за припаркованных или вовсе брошенных автомобилей. Помимо проблем с уборкой и содержанием дорог, возникают трудности у водителей: зачастую автолюбители не могут разъехаться. Если эффективность схемы даст желаемый результат, ее применят к участкам центральных и других улицах, где есть аналогичные проблемы.",Брошенные машины помогают убирать дороги.,not_entailment,ds2,1
"Как рассказали в пресс-службе УМВД по Липецкой области, потерпевший арендовал помещения под свой бизнес в одном из торговых центров в Липецке. После того, как арендатор повысил стоимость аренды, он съехал и остался должен определенную сумму денег. Бизнесмен попросил отсрочить выплату, так как возникли проблемы в бизнесе.",У предпринимателя возникли проблемы в бизнесе.,entailment,ds2,1
"На территории грузового двора разъезда Александровский они заметили мужчину, который пытался похитить составную часть тормозного механизма железнодорожного вагона.",Мужчина пытался починить вагон.,not_entailment,cleanlab,1
"Согласно заявлению Кипрской организации по туризму (КОТ), остров является идеальным местом для велосипедного спорта, поскольку здесь благоприятные погодные условия, соответствующий рельеф местности, качественное дорожное покрытие и относительно небольшие расстояния.",Кипр подходит для синоптиков.,not_entailment,ds2,1
"Как утверждает сама Якуб, она познакомилась с бывшим главой МВФ летом 2012 г. — после окончания скандала вокруг ареста ДСК по обвинению в изнасиловании горничной нью-йоркского отеля Sofitel Нафиссату Диалло. Уголовное дело тогда развалилось, поскольку обвинение не смогло доказать достоверность показаний потерпевшей.",Показания потерпевшей были достоверны.,not_entailment,cleanlab,1
"Когда силовики стали досматривать автомобиль, то обнаружили в нем подозрительный пакет с порошком внутри, который был отправлен на экспертизу.",Автомобиль был отправлен на экспертизу.,not_entailment,"cleanlab, datamaps, ds2",3
"""Минкомсвязи РФ запустило сайт интернет-трансляций процедур голосования и подсчета голосов на выборах президента РФ с избирательных участков. """"Запуск сайта в тестовом режиме за месяц до проведения выборов осуществлен, в том числе, для того чтобы определить модель угроз - подготовиться к отражению хакерских атак, включая DDoS-атаки, - заявил журналистам в пятницу заместитель министра связи и массовых коммуникаций Илья Массух. - В первую очередь, к отражению последних, поскольку создаваемая в рамках данного проекта сеть - выделенная и в значительной степени защищена от хакеров"""".""",Сайт запустили в тестовом режиме за месяц до выборов.,entailment,ds2,1
"17-летняя петербурженка переходила железнодорожные пути в неположенном месте. И не заметила идущего поезда. Не слышала она и шума, поскольку была в наушниках.",17-летняя петербурженка была в наушниках.,entailment,ds2,1
"Ваня нашел кое-как место в Ясногорске. У него были смены - по 29 часов. Он детей практически не видел. Неурядицы в семье начались, потому что они оба очень сильно уставали - и морально, и физически, денег постоянно не хватало.",Вася спал по 29 часов.,not_entailment,ds2,1
"Их усилиями героями рекламы сайта бесплатных объявлений стали офицеры Северного флота. Сюжет ролика незамысловат и даже напоминает те, что сейчас крутят по нашему телевидению. Два рыбака сидят с удочками и решают, что им делать с холодильником, который находится тут же, в лодке на середине озера.",У рыбаков в лодке телевизор.,not_entailment,ds2,1
"По следам, оставленным на месте преступления, было установлено, что налетчиком является 38-летний ранее судимый мужчина. Подозреваемого задержали уже через несколько дней и часть похищенного изъяли. Он рассказал полицейским, что сознательно пошел на ограбление.",Налетчика судили и раньше.,entailment,"cleanlab, ds2",2
"Как сообщает региональная прокуратура, в 2016 году обвиняемый обманным путем приобрел здание неэксплуатируемой котельной, расположенной в Автозаводском районе и находящейся на балансе администрации. После этого мошенник за 1 млн рублей продал здание своим знакомым предпринимателям, которые открыли там столовую. Покупатели не заметили подвоха, поскольку у нечистого на руку продавца были все документы.",Мошенник запасся всеми документами.,entailment,"cleanlab, datamaps",2
"Вас ждет добрая и поучительная сказка о мире волшебства, где юные волшебники, попадая в сложные испытания, справляются со всеми выкрутасами мага страны мыльных пузырей и празднуют торжество добра, дружбы и справедливости!",Вас ждет маг из синих мыльных пузырей.,not_entailment,cleanlab,1
"Они стажировались на крупных событиях регионального проекта «Моя территория», где выступали в качестве модераторов рабочих групп.",Они выступали в качестве модераторов рабочих групп.,entailment,ds2,1
"Спасатели рассказали, что точки находятся в режиме постоянной готовности и в случае необходимости быстро окажут помощь пострадавшим.",Пострадавшие получат помощь.,entailment,ds2,1
"На вопрос классного руководителя о причинах их появления мальчик ответил, что подрался со старшим братом.",У мальчика были синяки или ссадины.,entailment,"cleanlab, datamaps, ds2",3
"Судно прибывает в сочинский порт за 7 часов. В то же время, билет на самолет до Сочи в летнее время стоит 3 тысячи, а время в пути – чуть меньше часа.",Билет на самолет до Сочи летом стоит 3 тысячи.,entailment,ds2,1
"Он сделал это только после того, как его лишили водительских прав, сообщает пресс-служба краевого управления Федеральной службы судебных приставов.",Он всё-таки сделал это.,entailment,"cleanlab, datamaps",2
"Мурманскую область в финале соревнования представляла 25-летняя Кристина Белова из Кандалакши. Северянка дошла до Топ-24 самых обаятельных девушек страны, успев поучаствовать в общем выходе и дефиле в купальниках.",Жюри соревнования видело Кристину Белову в купальнике.,entailment,cleanlab,1
"Об этом на своей странице в Facebook сообщил один из сотрудников университета. - Весь профессорско-преподавательский состав мужского пола не зависимо от возраста и званий должен получить эти справки. Это странно, потому что отдел кадров сам не может запросить этот документ, а он, судя по всему, нужен для будущей аккредитации.",Отдел кадров свалил проблему получения справок на преподавателей.,entailment,cleanlab,1
"В какой-то момент между ними возникла ссора, и тогда он несколько раз ударил ножом собутыльника. От полученных ранений потерпевший скончался на месте происшествия. - Во время допроса злоумышленник так и не смог вспомнить причину ссоры, поскольку был сильно пьян.",Потерпевший скончался еще до ссоры.,not_entailment,cleanlab,1
"Когда силовики стали досматривать автомобиль, то обнаружили в нем подозрительный пакет с порошком внутри, который был отправлен на экспертизу.",Пакет с порошком нашли в автомобиле.,entailment,ds2,1
"Спасатели рекомендуют гражданам соблюдать правила пожарной безопасности. Они обращают внимание людей на соблюдение правил эксплуатации печей, и просят гасить огонь на ночь. Рекомендуется проветривать помещения, в которых находятся отопительные системы, чтобы избежать опасности отравления продуктами горения.","Спасатели не рекомендуют проветривать комнаты, где находятся отопительные системы.",not_entailment,cleanlab,1
"В пятницу, 23 декабря, стало известно, что бывшую украинскую летчицу Надежду Савченко, осужденную в России за убийство двух журналистов и помилованную президентом, исключили из комитета Верховной рады по вопросам национальной безопасности и обороны. По словам депутата от фракции «Народный фронт» Андрея Тетерука, комитет единогласно поддержал исключение экс-военнослужащей из своего состава. Теперь же это решение должен поддержать парламент, однако это произойдет уже после Нового года, так как Рада в пятницу завершила свое последнее пленарное заседание в текущем году.",Савченко стала членом комитета Верховной рады.,not_entailment,cleanlab,1
"""Он добавил, что поскольку письмо было оформлено с нарушениями, оно отправлено заявителю для устранения """"недостатков"""".""",Письмо вернулось к заявителю.,entailment,"cleanlab, ds2",2
"Я здесь все взорву! – такую фразу часто можно услышать в захватывающих боевиках. Но вряд ли кто-то обрадуется, когда такое прозвучит от неизвестного человека в обычной жизни.","""Кто-то обрадуется, услышав фразу """"Я здесь все взорву!"""" от неизвестного человека в обычной жизни.""",not_entailment,"cleanlab, datamaps",2
"""В доме никого кроме подсудимого - сожителя матери приятеля - не оказалось. Мужчина предложил выпить, а мальчик не отказался. Попойка продолжалась, пока подросток не """"вырубился"""" прямо в доме друга.""",Приятель матери не смог напоить подростка.,not_entailment,cleanlab,1
"Вину женщина признала частично признала. Мотивом к совершению преступлений была ревность. Похищенные вещи обвиняемая считала своими, так как они были куплены на ее деньги, - рассказали в пресс-службе областной прокуратуры.",Обвиняемая признала часть вины.,entailment,ds2,1
"Прокурор просит огласить показания ключаря храма Христа Спасителя Михаила Рязанцева. По его словам, сам свидетель не может явиться в суд, потому что находится в командировке.",Свидетелем был ключарь.,entailment,"cleanlab, ds2",2
"Как сообщил источник в правоохранительных органах, начальник полиции уже подал рапорт о своем увольнении.",Источник сообщил о местонахождении начальника полиции.,not_entailment,"cleanlab, datamaps, ds2",3
"Разбив оконное стекло, преступник проник в помещение бани и вынес оттуда два электрических чайника и фонарь на общую сумму более 3500 рублей. По подозрению в совершении преступления был задержан 41-летний безработный, ранее уже привлекавшийся к уголовной ответственности. Задержанный пояснил, что в баню залез, потому что не было свидетелей, а похищенной техникой собирался пользоваться сам.",В бане было не меньше двух чайников.,entailment,ds2,1
"Суд не стал рассматривать соответствующее ходатайство, поскольку оно было заявлено не в письменной форме.",Суд не смог разобрать ходатайство.,not_entailment,ds2,1
"""""""В зависимости от того, какое решение будет принято премьером, президентом, я буду принимать решение, откликаться. Хотя я сказал, что, наверное, на их месте я бы учел первое соображение, а именно, что необходима определенная рокировка, и попробовал бы поставить каких-то новых людей"""", - заявил Фурсенко в онлайн-интервью """"Газете.ru"""". По его словам, он остается """"долгожителем"""" среди министров образования и науки разных стран - и западных, и восточных, и южных, однако """"на таких постах так долго не живут"""", поскольку это """"направление, которое требует постоянных изменений"""".""",Фурсенко пообещал откликнуться на решения премьера и президента.,entailment,ds2,1
"В дежурную часть отдела полиции Пролетарского района поступило сообщение о том, что на одной из улиц города неизвестный похитил у гражданина мобильный телефон, - рассказали в правоохранительных органах.",Неизвестный отжал у гражданина мобильник.,entailment,"cleanlab, ds2",2
"""""""В настоящее время есть видеозаписи, где видно, что я сопротивление полиции не оказывал и вообще мое задержание проводили совсем другие люди, а не те сотрудники ОВД Измайлово, которым сказали написать рапорт и затем допросили в суде"""", - сказал он. Накануне в суде Навальный отрицал свою вину. """"Я пытался пройти к метро """"Кузнецкий мост"""", так как вход в метро """"Чистые пруды"""" был перегружен, а нас было много"""".""","Навальный сказал, что сопротивлялся полиции.",not_entailment,cleanlab,1
"По мнению зоозащитников, из-за такого поступка «ненужной опасности подверглись посетители торгового центра, нахождение животных в котором запрещено. Также, налицо жестокое обращение с животным, которое подвергается стрессу и медикаментозному воздействию». В самом же цирке такую практику назвали вполне обычной, так как животных с детства приучают к общению с людьми и именно поэтому выводят в общественные места.",Зоозащитники и цирк придерживаются противоположных взглядов на такой поступок.,entailment,cleanlab,1
"Правящая коалиция и кабинет министров вряд ли к нему прислушаются. «Со стороны правительства никогда шаги по уменьшению финансирования программ русского вещания не обсуждались. Наоборот, шла речь, как его можно было бы увеличить», - отметил глава государства.",Финансирование программ русского вещания увеличат.,not_entailment,cleanlab,1
"""""""Если вернуться к теме смены власти в Петербурге, то что бы Вы хотели бы пожелать новому губернатору?"""" - """"Я думаю, что ему можно пожелать, по крайней мере, на первом этапе, чтобы все в городе объединились, помогая ему, что будет очень трудно, потому что грядет период выборов"""".""",Период выборов не за горами.,entailment,cleanlab,1
"""По словам очевидцев, их было как минимум три. Сотрудник министерства рассказал местной газете Postimees, что сидя у себя в кабинете на первом этаже услышал стрельбу, после чего быстро закрыл двери и покинул здание через окно. """"Что там сейчас происходит, не знаю, так как не нахожусь в здании"""".""",Сотрудник министерства слышал стрельбу.,entailment,ds2,1
"""Для проведения досрочных выборов мэра Москвы потребуется отставка действующего градоначальника Сергея Собянина, заявил спикер Мосгордумы Владимир Платонов журналистам после собрания Общественной палаты в Москве, на котором Собянин объявил о намерении участвовать в досрочных выборах. """"Должны быть сложены полномочия действующего мэра"""", - сказал Платонов.""","Собянин сможет участвовать в досрочных выборах, если уйдет в отставку.",entailment,cleanlab,1
"Несколько дней назад мужчине позвонил незнакомец и, узнав, что пенсионер когда-то приобретал биологические добавки, предложил получить компенсацию.",Пенсионер продавал биодобавки.,not_entailment,ds2,1
"Любишь рыбку ловить, люби и штрафы платить.",Рыбная ловля может стать причиной штрафа.,entailment,"cleanlab, datamaps",2
"Медицинская помощь понадобилась не четырем, как сообщали ранее, а шести женщинам.","""""""Скорая помощь"""" потребовалась шести женщинам.""",not_entailment,"cleanlab, datamaps",2
"По имеющимся данным, это произошло в пятницу, когда судно с пиратами, несмотря на предупредительные выстрелы, не подчинилось требованию остановиться. Британские морские пехотинцы на быстроходных катерах приблизились к судну, поднялись на его борт и арестовали пиратов, которые были вооружены пулеметами и гранатометами. Пираты, судя по всему, решили сдаться без боя, так как силы оказались неравными.",У пиратов были гранатометы.,entailment,ds2,1
"Количество осадков будет выше нормы, снегопады будут сменяться метелями.",Снегопадов и метелей будет совсем мало.,not_entailment,cleanlab,1
"Одна из новостей не может не радовать – часть заповедника, горный массив «Оглахты», в скором времени может получить статус объекта Всемирного наследия ЮНЕСКО. - Если это произойдет, это будет способствовать развитию туризма в Республике Хакасия на международном уровне, ведь туристы с большим интересом посещают объекты всемирного наследия, - отметил Игорь Егоров, заместитель директора по развитию туризма в заповеднике «Хакасский». Развитию экологического туризма в республике уделяют особое внимание, поскольку это повышает культуру отдыха туристов, сохраняет природу и историко-культурные объекты.",Горный массив «Оглахты» стал объектом Всемирного наследия ЮНЕСКО.,not_entailment,cleanlab,1
"Полицейские поймали похитителя сосен, который прославился благодаря видео.",Похититель сосен прославился благодаря видео.,entailment,ds2,1
"То, что трасса здесь сложная, было известно в прошлом году. Она с того времени не изменилась, но погодные условия внесли коррективы. Я шел с запасом, так как знал, что на финишном круге будет непросто.",Эта трасса сложна.,entailment,ds2,1
"Врачи диагностировали у мужчины перелом плеча и травму тела, которые оцениваются как вред здоровью средней тяжести.",У мужчины сломано плечо.,entailment,"cleanlab, datamaps, ds2",3
"Он был уверен, что в процессе был допущен ряд процедурных нарушений.",В процессе был допущен ряд процедурных нарушений.,not_entailment,cleanlab,1
"""Адвокаты обвиняемых попросили оправдать их по статье 105 УК РФ (убийство), сообщает корреспондент """"Интерфакса"""" из зала суда. Защитник Шкапцовой Владимир Емельянов настаивает на том, что его подзащитная виновата в заведомо ложном доносе и оставлении в опасности, но не в убийстве. Он в очередной раз обратился с просьбой к суду не лишать обвиняемую свободы, поскольку она """"фактически помогла раскрыть преступление, любила дочь и хорошо к ней относилась"""".""",Защитник хочет снять с обвиняемой обвинение в убийстве.,entailment,cleanlab,1
"Обвиняемый считает вердикт суда несправедливым, так как, по его мнению, часть ответственности за проведенные финансовые махинации должен понести сам банк.",Обвиняемый не согласен с вердиктом.,entailment,cleanlab,1
"Для тех, кто эти новогодние каникулы проводит активно и бодро, библиотека имени Горького предлагает интеллектуальное развлечение – выставку декоративно-прикладного искусства и периодических изданий «Зимняя сказка».",Закончились новогодние каникулы.,not_entailment,cleanlab,1
"В отделение полиции обратился пациент больницы. Он объяснил, что вышел на несколько минут, а когда вернулся, не обнаружил в палате планшет и своего соседа. Как оказалось, пока мужчины не было, другой больной забрал планшет, связал несколько простыней и по ним сбежал через окно.",У пациента есть еще один планшет.,not_entailment,ds2,1
"Он рассказал, что договорился с так называемым генеральным директором строительной фирмы о выполнении ряда работ. Клиент заявил, что строители должны были пробурить у него на участке скважину и построить дом. Однако получив деньги, представитель фирмы перестал отвечать на звонки и больше не появлялся.",После получения денег представитель фирмы исчез.,entailment,datamaps,1
"Соревнования между командами, в составе которых есть представители самых разных национальностей, уже не первый раз проходят в нашем городе, и с каждым годом собирают все больше участников.",Это интернациональные соревнования.,entailment,cleanlab,1
"Бывшие банкиры находятся в международном розыске. Адвокаты А.Бородина обжаловали это решение в кассационную и надзорную инстанцию. Решения были подтверждены, а в порядке надзора не рассмотрены, поскольку для этого не нашлось оснований.",Бывших банкиров нашли.,not_entailment,cleanlab,1
"В решении суда отмечается, что действия журналистки вызвали «негодование и возмущение» в обществе.",Решение суда касалось оценки действий общества журналисткой.,not_entailment,"cleanlab, datamaps",2
"""Начиная от магазина """"Крейсер"""", скопилась крупная пробка, так как троллейбусы объехать затор не могут.""",Пробка была незначительной.,not_entailment,"cleanlab, ds2",2
"Между тем в кредитной организации заверили, что проблемы возникли с «незначительным» числом устройств самообслуживания (УС).",В кредитной организации приуменьшили масштаб проблемы.,entailment,"cleanlab, datamaps",2
"""В свою очередь, глава комиссии Общественной палаты по вопросам безопасности граждан и контролю за деятельностью правоохранительных органов адвокат Анатолий Кучерена заявил """"Интерфаксу"""", что его комиссия берет на контроль ситуацию связанную с конфликтом между СК России и """"Новой газетой"""". Чуть позже тот же Сергей Муратов сообщил, что Сергей Соколов покинул Россию по соображениям безопасности. """"Но мы очень надеемся, что случившееся будет урегулировано, и он, конечно, вернется в страну, поскольку русское счастье - жить и работать на Родине"""", - добавил главный редактор """"Новой газеты"""".""","""Главред """"Новой газеты"""" рассказал о русской доле.""",not_entailment,cleanlab,1
"""""""Их невозможно привлечь к ответственности, но это именно так"""", - заявил Медведев во вторник на встрече с активом регионального отделения партии """"Единая Россия"""". """"Это должно остаться в анналах нашей истории, чтобы никогда этого не повторилось. Потому что война со своим народом это тягчайшее преступление"""", - добавил он.""",Медведев считает войну со своим народом преступной.,entailment,datamaps,1
"Сыграло ли это событие роль в решении обвиняемого начать работать на иностранную разведку, пока не известно. Рассмотрение дела Дивенни по существу начнется 12 декабря. Поскольку речь идет о секретных материалах, часть процесса будет проходить в закрытом режиме.",Часть рассмотрения дела Дивенни будет проходить в закрытом режиме.,entailment,ds2,1
"Королева Великобритании Елизавета II одобрила принятый ранее парламентом законопроект о легализации однополых браков, сообщают в среду местные СМИ. Таким образом, этот нормативный акт вступил в законную силу. Ожидается, что первые однополые браки будут заключены не ранее следующего лета, так как властям страны необходимо разрешить ряд бюрократических вопросов, связанных с регистрацией таких союзов.",Английская королева легализовала однополые браки.,entailment,cleanlab,1
"Преступная группа, осужденная этим летом, смогла вывести из Фонда более миллиарда рублей. 4 августа суд приговорил фигурантов данного дела к срокам от трех до шести с половиной лет лишения свободы. Процесс проходил в особом порядке, поскольку все подсудимые признали свою вину.",Все подсудимые признали свою вину.,entailment,ds2,1
"На заседании областного Совета при губернаторе по развитию физической культуры и спорта чиновники отметили, что прошедший год был для отрасли успешным.",Чиновники довольны итогами года.,entailment,"cleanlab, ds2",2
"""Как сообщил Кобзев агентству """"Интерфакс"""" во вторник, сам Навальный также ожидает, что приговор будет обвинительным, """"он в этом уверен"""". При этом Кобзев отметил, что каким будет обвинительный приговор - условным или реальным - ни он, ни Навальный судить не берутся. """"Поскольку здесь явно решение будет приниматься не судьей, то и предполагать очень трудно"""".""",Решение об обвинительном приговоре будет приниматься не судьей.,entailment,ds2,1
"Впрочем, водителя машины вскоре нашли. Им оказался 32-летний местный житель. Он сообщил, что скрылся с места аварии, потому что испугался.",32-летний местный житель испугался.,entailment,ds2,1
"Сотрудники городского управления потребительского рынка провели рейд по торговым точкам, где нелегально продают новогодние деревья.",Во всех торговых точках нелегально продают новогодние елки.,not_entailment,ds2,1
"""""""В зависимости от того, какое решение будет принято премьером, президентом, я буду принимать решение, откликаться. Хотя я сказал, что, наверное, на их месте я бы учел первое соображение, а именно, что необходима определенная рокировка, и попробовал бы поставить каких-то новых людей"""", - заявил Фурсенко в онлайн-интервью """"Газете.ru"""". По его словам, он остается """"долгожителем"""" среди министров образования и науки разных стран - и западных, и восточных, и южных, однако """"на таких постах так долго не живут"""", поскольку это """"направление, которое требует постоянных изменений"""".""",Фурсенко пообещал не принимать решения без учета мнений премьера и президента.,entailment,"cleanlab, ds2",2
"На этом везение не закончилось. - Вышестоящий прокурор принес апелляционное представление на приговор суда. Наказание было названо чрезмерно суровым, - сообщают в пресс-службе прокуратуры по Мурманской области.",Подсудимым явно везло.,entailment,cleanlab,1
"Если раньше редакции только гадали, сколько человек реально читают газету, какой у них возраст и какие темы нравятся больше всего, то сейчас все изменилось.","Теперь редакции могут не только гадать, сколько человек реально читают газету, какой у них возраст и какие темы нравятся больше всего.",entailment,"cleanlab, ds2",2
"Темы, которые сегодня активно обсуждают делегаты съезда - «Экономика роста и благосостояния», «Здоровое будущее», «Социальная политика», «Умная сила и культурное лидерство», «Качество государства», «Аграрная сверхдержава», «Быть хозяином в собственном доме». Делегаты из Пензенской области работают на всех площадках. Им есть что сказать по каждой из обозначенных на съезде тем, поскольку среди них есть врачи, учителя, общественные деятели и политики со стажем.",Делегаты из Пензенской области обсуждают все темы на разных площадках.,entailment,cleanlab,1
"Жители неоднократно жаловались в полицию, но им было отказано в розыске коллекторов.",Полиция отказалась разыскивать коллекторов.,entailment,"cleanlab, ds2",2
"В воскресенье в Липецкой области потеплеет, сообщают синоптики.",В воскресенье в Липецкой области точно потеплеет.,not_entailment,ds2,1
"Как пояснили в пресс-службе городской администрации, в качестве конкурентного преимущества представители бизнеса предлагают использовать технологию «сложения потенциалов», состоящую в создании замкнутых циклов из отдельных разрозненных экономических цепочек.",Представители бизнеса предлагают использовать технологию «сложения потенциалов» в качестве конкурентного преимущества.,entailment,ds2,1
"""Московский областной суд вынес приговор тренеру по плаванию, чей подопечный скончался после тренировки в бассейне.""",Тренировка в бассейне закончилась смертью.,entailment,datamaps,1
"Три торговые точки посетили рабочая группа партийного проекта «Народный контроль» и сотрудники управления муниципального заказа и торговли администрации Пуровского района. Как сообщает пресс-служба администрации Пуровского района, основные нарушения, которые были выявлены, - неправильное оформление ценников, отсутствие документов на выпечку, отсутствие маркировки на животноводческой продукции. Предприниматели пообещали исправиться, а контролеры вновь прийти с проверкой на данные объекты.","""""""Народный контроль"""" проверял торговые точки на предмет нарушений.""",entailment,ds2,1
"Он направлялся из города Сергиева Посада в Санкт-Петербург, с туристической группой в количестве 41 человека, в том числе там был один ребёнок. На место происшествия отправились отделение пожарно-спасательной части №13, экипаж ДПС и бригада скорой помощи. Пассажиры автобуса не пострадали, так как спасатели прибыли оперативно и доставили их в ближайший гостиничный комплекс.",В составе туристической группы был 1 ребенок.,entailment,ds2,1
"Местные власти были вынуждены обратиться к жителям с опровержением информации, которую начали распространять в листовках.",Местные власти подтвердили информацию.,not_entailment,cleanlab,1
"Группа вооруженных до зубов бандитов обстреляла здание прокуратуры мексиканского штата Кинтана-Роо в курортном городе Канкун, убиты как минимум три человека, еще несколько ранены. Как сообщает местное издание Excelsior, преступники подъехали на мотоциклах и открыли огонь по зданию, охрана прокуратуры вступила с ними в перестрелку. Из-за стрельбы пожарным пришлось срочно эвакуировать людей из расположенного рядом магазина, потому что шальная пуля попала в цистерну с газом, была опасность взрыва.",В Канкуне разрушено здание прокуратуры.,not_entailment,"cleanlab, ds2",2
"Сотни военнослужащих из Катара принимали участие в военных операциях на стороне ливийских оппозиционеров, сообщил в среду журналистам командующий Генеральным штабом катарских Вооруженных сил Хамад бен Али Аттыйя. По его словам, оппозиционеры нуждались в такой поддержке, поскольку большинство из них составляли гражданские люди, никогда не имевшие дело с военной наукой.",Сотни военослужащих Катара воевали против ливийских оппозиционеров.,not_entailment,cleanlab,1
"Местные власти были вынуждены обратиться к жителям с опровержением информации, которую начали распространять в листовках.",Местные власти опровергли информацию.,entailment,cleanlab,1
"""26-летний житель Советского района Ставропольского края обвиняется в покушении на изнасилование несовершеннолетней. Как сообщили """"Комсомольской правде на Северном КАвказе"""" в пресс-службе СУ СК по СК, 22 июля прошлого года мужчина пришел в одну из торговых точек Георгиевска, где 16-летняя девочка подменяла продавца. Подозреваемый сначала ударил свою жертву по лицу, потом попытался изнасиловать, но не смог, так как на крики девочки прибежали прохожие.""",Мужчина попытался изнасиловать девушку в подсобке.,not_entailment,cleanlab,1
"Перед новогодними праздниками, а точнее - 26 и 27 декабря - планируется массовое отключение света. В списке много домов, расположенных в центральной части донской столицы. Специалисты просят отнестись к вынужденной мере с пониманием, так как будут проводиться профилактические работы, направленные на исключение аварийных ситуаций.",Перед новогодними праздниками в ряде домов донской столицы не будет света.,entailment,cleanlab,1
"Я бы дал деньги на командировки, потому что спортивный журналист здесь сидеть не должен, он должен ездить.",У меня есть деньги на командировки.,entailment,ds2,1
"""В Сухуми взорван внедорожник, припаркованный недалеко от жилого дома по ул.Когония, сообщил """"Интерфаксу"""" начальник УВД города Гарри Аршба. По словам собеседника агентства, взрыв произошел около 12:30 в субботу. В результате взрыва никто не пострадал, так как в автомобиле никого не было.""",В Сухуми взлетел на воздух внедорожник.,entailment,"cleanlab, ds2",2
"""Выйдя за территорию митинга, я с удивлением обнаружил, что, несмотря на то, что начался он всего 40 минут назад, многие уже расходятся - поток людей уверенно двигался вдоль Кутузовского проспекта в сторону станции """"Парк Победы"""", которая, к слову, была до завершения мероприятия закрыта на вход. Впечатлениями от митинга пришедшие делились неохотно. Одна женщина с георгиевской ленточкой сообщила, что ей все понравилось, поскольку """"был чай"""".""",Народ с митинга уверенно расходился.,entailment,"cleanlab, datamaps",2
"История мужчины не нова - сел за руль в пьяном виде, был остановлен полицией, лишен водительских прав и оштрафован, - штраф в установленное время не заплатил.",Пьяный водитель опоздал с выплатой штрафа.,entailment,"cleanlab, datamaps",2
"""""""Это решение можно было принять и раньше. Однако о возможности перемен говорили уже давно - это было ожидаемо"""", - сказала Смородская в интервью корреспонденту пресс-центра Министерства спорта РФ. """"На мой взгляд, это движение в правильном направлении, так как оно приводит к здоровой конкуренции"""".""",Смородская одобряет выбранное направление движения.,entailment,cleanlab,1
"Количество аварий, которые произошли по вине пьяных водителей или тех, кто находился в состоянии наркотического опьянения, остается на высоком уровне.","Аварий по вине пьяных водителей или тех, кто находился в состоянии наркотического опьянения, почти нет.",not_entailment,cleanlab,1
"Мужчина сначала задушил, а потом обокрал своего знакомого.","Мужчина обокрал знакомого, а потом задушил его.",not_entailment,"cleanlab, datamaps",2
"Однако, в ходе прокурорской проверки выяснилось, что на самом деле педагог не занимался с подопечным, его обучали только специалисты из лицея №1, за которым был закреплен мальчик. - После вмешательства педагог вернул незаконно полученный заработок. Заместителю директора интерната, который не проконтролировал исполнение обязанностей специалистом, объявлен выговор, - рассказали в пресс-службе республиканской прокуратуры.",Прокурор не занимался с подопечным.,not_entailment,cleanlab,1
"Мужчина опубликовал в Интернете музыкальные записи, которые имели экстремистский подтекст.",Музыкальные записи имели экстремистский подтекст.,entailment,ds2,1
"""""""В случае явки потерпевших на судебное заседание они будут иметь возможность задавать вопросы присяжным, выяснять интересующие их обстоятельства, заявлять ходатайства точно также в закрытом режиме, как это делалось на стадии отбора присяжных"""", - пояснила представитель Мосгорсуда. Она отметила также, что суд не мог откладывать процесс отбора коллегии присяжных до бесконечности. """"При всем уважении к чувствам потерпевших суд не мог затягивать процесс отбора присяжных, поскольку приходилось работать с десятками кандидатов"""", - заявила она, добавив, что и прежде в практике судов бывали случаи, когда по тому или иному делу проходили десятки потерпевших, и они не имели возможности участвовать в начале в стадии отбора присяжных.""",Суд мог откладывать процесс отбора коллегии присяжных до бесконечности.,not_entailment,"cleanlab, datamaps",2
"""Адвокат участницы группы Pussy Riot Марии Алехиной заявил отвод судье Таганского суда Наталье Коноваловой. Как передает корреспондент """"Интерфакса"""", на рассмотрении ходатайства следствия об ограничении сроков ознакомления с материалами дела Алехиной и ее защиты, адвокат Николай Полозов высказал свое недоверие суду. Адвокат заявил отвод председательствующей по данному делу, поскольку она вынесла уже два аналогичных решения не в пользу наших подзащитных.""",В Таганском суде разбирают дело участницы группы Pussy Riot Марии Алехиной.,entailment,ds2,1
"""Фильм """"Невинность мусульман"""", удаленный из социальной сети """"ВКонтакте"""", больше не появится на ресурсе, но там останутся ролики о нем. """"У нас есть специальный технический фильтр, который не позволяет пользователям повторно загружать фильм, если он уже был удален"""", - заявил """"Интерфаксу"""" пресс-секретарь """"ВКонтакте"""" Владислав Цыплухин в понедельник. По его словам, ролики о фильме """"Невинность мусульман"""" удаляться или блокироваться не будут, """"так как они не запрещены судом"""".""","""Фильм """"Невинность мусульман"""" и ролики о нем не запрещены судом.""",not_entailment,"cleanlab, datamaps",2
"Он находится недалеко от дома, где жил подросток. Согласно предварительной версии, юноша покончил с собой. Напомним, ранее по факту пропажи подростка возбудили уголовное дело по статье «Убийство».",Дело об убийстве подростка может стать делом о самоубийстве.,entailment,cleanlab,1
"Но мир не без добрых людей. Нашелся меценат, который взял все расходы на себя. Мы сейчас не говорим о технической составляющей: соответствуют ли шарики и гирлянды тому, что мы прописывали в документации, - пояснил чиновник.",Меценат взял часть расходов на себя.,not_entailment,cleanlab,1
"""""""Я всегда мечтал играть за """"Барс"""", ничего не изменилось. Я счастлив быть здесь и даже не думаю об уходе. Я не просил о продлении контракта, потому что и так хочу здесь остаться"""".""","""Я хочу остаться в """"Барсе"""".""",entailment,ds2,1
"""""""Будем участвовать в выборах (главы Химок - ИФ). Мы уже часть документов собрали, через несколько дней подадим на регистрацию и будем собирать подписи"""", - заявил он """"Интерфаксу"""" в понедельник. По его словам, у него есть несколько идей для предвыборной кампании: """"Например, все посты в правительстве будут занимать немцы, потому что наши чиновники все воруют"""".""",Предстоят выборы главы Химок.,entailment,"cleanlab, ds2",2
"По словам очевидцев, злоумышленников было около десятка, и они внезапно появились из-за памятника.",Очевидцы не видели злоумышленников.,not_entailment,ds2,1
"За несколько минут пламя пожара охватило крышу, а затем огонь перекинулся на другие постройки.",За несколько минут пожар охватил крышу.,entailment,ds2,1
"Тут ведь запросто можно ноги переломать! Соседям, похоже, все равно, все давно привыкли, что управляющая компания ничего не делает. Я ни разу не видела дворника и не знаю, есть ли он вообще.",Дворника нет вообще.,not_entailment,ds2,1
"Трагедия произошла из-за того, что водитель машины забыл закрыть дверь.",Водитель машины оставил дверь открытой.,entailment,ds2,1
"Причиной этому стал звонок от неизвестного мужчины, который сообщил в полицию о нахождении в здании бомбы.",Неизвестный мужчина позвонил в полицию и сообщил о звонке.,not_entailment,"cleanlab, datamaps, ds2",3
"«Скорбим вместе со всей страной...», говорится в сообщении команды.",Команда скорбит со всей страной.,entailment,ds2,1
"Производители молока подали в суд, который в итоге вынес решение.",Производители молока решили судиться.,entailment,ds2,1
"Замоскворецкий суд Москвы постановил провести комплексную экспертизу по делу против чемпиона мира по боевому самбо Расула Мирзаева, который нанес 19-летнему Ивану Агафонову удар, ставший смертельным. Вопрос о проведении новой экспертизы был поставлен председательствующим на процессе судьей. Сторона потерпевших согласилась с необходимостью провести новое исследование, поскольку увидела противоречия в предыдущих.",Чемпион мира по боевому самбо убил Ивана Агафонова одним ударом.,entailment,"cleanlab, ds2",2
"Он уже пришел в сознание. Спорт есть спорт – случилось перенапряжение, поскольку была очень жесткая борьба. Про судейство говорить бессмысленно, поскольку ничего не изменишь.",Он уже в сознании.,entailment,"cleanlab, ds2",2
"Мужчина опубликовал в Интернете музыкальные записи, которые имели экстремистский подтекст.",Мужчина распространил музыкальные записи с экстремистским подтекстом.,entailment,"cleanlab, ds2",2
"Сегодня к экономии средств активно подключаются муниципальные образования, поскольку имеется республиканская поддержка.",Экономией средств занимается все больше территорий.,entailment,"cleanlab, datamaps",2
"""На парламентских выборах в Польше наблюдается низкая явка избирателей, сообщают в миссии CIS-EMO в воскресенье. """"На 14 часов общеевропейского времени в Польше проголосовало 23 процента избирателей"""", - заявляют наблюдатели. Однако это не окажет влияния на признание выборов, поскольку в польском избирательном законодательстве отсутствует порог явки, отмечают в миссии.""",Большинство польских избирателей проигнорировали выборы.,entailment,cleanlab,1
"""""""Есть опасение, что будет дана запретительная установка, что будет сложнее договариваться, и последнее решение мэрии по акции 4 февраля это подтверждает"""", - сказал Удальцов. Оппозиционер надеется на компромиссное разрешение ситуации, поскольку """"в противном случае, судя по тому, что пишут в Интернете желающие принять участие в шествии, ситуация может выйти из-под контроля ее организаторов, начнет развиваться стихийно, и вчера мы об этом заместителю мэра сказали"""".""",Последнее решение мэрии по акции 4 февраля обещает трудности в будущих переговорах.,entailment,cleanlab,1
"Передачу помещений школ спортивным секциям городские власти хотят сделать правилом, так как в администрацию постоянно обращаются различные спортивные секции, которые не могут найти средства на аренду залов.",Некоторые спортивные секции не могут найти средства на аренду залов.,entailment,ds2,1
"Уголовное дело в отношении парня возбудили после того, как неравнодушные граждане пожаловались на него в полицию.",На парня завели уголовное дело.,entailment,"cleanlab, datamaps, ds2",3
"Сначала он позвонил в ГИБДД, чтобы эту машину эвакуировали, но те отказались, так как на авто не было номеров, а поэтому установить его владельца невозможно. После этого рассерженный северянин и сообщил в полицию о бомбе, - пояснила начальник пресс-службы.","Северянин сделал ложный звонок о бомбе, чтобы эвакуировать машину.",entailment,ds2,1
"Управление Федеральной почтовой связи Калининградской области выплатило клиентке денежный перевод, который работник одного из отделений украл, подделав подпись женщины в документе.",Почта изъяла у клиентки украденные деньги.,not_entailment,cleanlab,1
"На реке в Новосибирской области погиб мужчина, который упал со снегохода.",Мужчина упал со снегохода на озере.,not_entailment,ds2,1
"Власти города убедительно просят жителей переходя на экономный режим своего отопления соблюдать правила использования газовых приборов. Обязательно следить за тем, чтобы они были исправными. Особенно это касается тех домовладельцев, которые используют газовые баллоны.",Власти города экономно используют газовые баллоны.,not_entailment,cleanlab,1
"""""""Это очень важно, что тысячи людей сейчас заявляют о своем желании быть наблюдателями. Это значит, что процесс наблюдения будет вестись не только Советом Европы, БДИПЧ. Это важно, потому что они нам помогут"""", - сказал он.""",Совет Европы будет наблюдать.,entailment,ds2,1
"Третий месяц зимы тоже не готовит особых климатических сюрпризов. Среднемесячная температура и количество осадков будет соответствовать традиционным для нашего региона значениям. Весна ожидается ранней, но может продлиться дольше обычного.","Ожидается, что весна начнется рано.",entailment,cleanlab,1
"""""""Поэтому я просто хочу также защитить наших дальнейших спортсменов, потому что сейчас на меня напали, в следующий раз нападут на более, может быть, слабого какого-то спортсмена, но который защищает честь и достоинство нашей страны"""", - продолжил спортсмен. Плющенко подозревает, что """"это какой-то был заказ со стороны неких тренеров и конкуренции"""". """"Да, мне сейчас тяжело, потому что проделана была большая и сложная операция"""".""","Плющенко подозревает, что нападение на него было случайным.",not_entailment,cleanlab,1
"Хозяин авто рассказал оперативникам, что приехал на машине в гости к знакомому.",Оперативники пообщались с хозяином машины.,entailment,ds2,1
"""Отказ свой суд объяснил тем, что """"если есть адвокат, то допрашивать само лицо, обвиняемое в совершении преступлений, нет смысла"""". Сердюк уверен, что такой подход нарушает права его подзащитного, передает ТАСС. В этой связи адвокат заявил об отводе судьи, поскольку ее """"отказ в ходатайстве защиты провести такие допросы свидетельствует о ее нежелании устанавливать истину"""".""",Сердюк доволен решением суда.,not_entailment,cleanlab,1
"""Военнослужащие ВМС Израиля в субботу высадились на судно """"Эстель"""", перевозившее активистов в сектор Газа, передает агентство АФП. Источник в израильском военном командовании сообщил агентству, что военные захватили контроль над судном. По его словам, в ходе этой операции силу применять не пришлось, так как никто из активистов не стал оказывать сопротивление.""",Активисты отчаянно сопротивлялись военным.,not_entailment,ds2,1
"""Этот неожиданный для всех, кто знает творчество Виктора Косаковского, фильм продолжает в чем-то идею и настроение его бедняцкой картины """"Тише!"""" Только """"Тише!"""" он снимал из окна собственной квартиры, потому что на нормальный фильм денег не было.""","""Косаковский снял """"Тише!"""" из самолета.""",not_entailment,cleanlab,1
"""""""Ласточки"""" засыпает снегом, они ржавеют и гниют, но в какой-то мере это правильное решение.""","""""""Ласточки"""" гниют от снега.""",not_entailment,"cleanlab, datamaps, ds2",3
"По предварительным данным, водитель иномарки не справился с управлением и вылетел на встречную полосу.",Произошло ДТП.,entailment,ds2,1
"""""""От своих действий я не отказываюсь, я стрелял, но, видит Бог, ничьей смерти я не хотел. Я просто хотел предотвратить нападение на меня, - сказал Черкесов. - Я ходатайствовал о суде присяжных, потому что хотел, чтобы меня судил народ"""".""",Черкесов не хотел ничьей смерти.,not_entailment,cleanlab,1
"Исследователи отмечают, что такое развитие ситуации может во много раз увеличить в море содержание ртути.",В море будет больше ртути.,not_entailment,ds2,1
"Все это может привести к осложнению оперативной обстановки на автомагистралях, которые проходят через Смоленскую область.",Есть риск усложнения оперативной обстановки на автомагистралях.,entailment,"cleanlab, ds2",2
"Он пожаловался, что ему разбили машину.",Его машину разбили.,not_entailment,cleanlab,1
"""Как говорится в сообщении, следствием была собрана достаточная доказательственная база для признания вины подозреваемого. Однако по результатам судебно-психиатрической экспертизы выяснилось, что в момент совершения преступлений он не осознавал фактический характер и общественную опасность своих действий и не мог руководить ими. """"Поскольку имеющееся у него психическое расстройство связано с возможностью причинения им иного существенного вреда либо с опасностью для себя или других лиц, суд признал необходимость в стационарном лечении"""", - отмечает прокуратура.""",Была отменена судебно-психиатрическая экспертиза.,not_entailment,ds2,1
"Искренне разделяем Вашу боль и передаем слова сочувствия и поддержки Вам и Вашим родным. Примите наши искренние соболезнования. В эту горькую минуту разделяем Ваше горе, скорбим вместе с Вами.",Кто-то умер.,entailment,"cleanlab, datamaps",2
"Сумма долга предприятия перевалила за два миллиона рублей, кроме того, работодатель не спешил выплачивать работникам компенсацию за задержку зарплат.",Долг предприятия полностью выплачен.,not_entailment,ds2,1
"""По ее словам, суд согласился с доводами следствия, что Воротников уклоняется от участия в расследовании, не является на допросы. Кроме того, в отношении него было возбуждено второе уголовное дело. """"Мы будем обжаловать, потому что следователь указал на суде, что Воротников не является по вызовам в рамках второго дела"""".""",Воротников не является на допросы.,entailment,ds2,1
"То снегом запорошит, то на улицах появятся сказочные герои.","Случаются и снежная пороша, и явления сказочных персонажей.",entailment,"cleanlab, datamaps",2
"В каждом районе были созданы мобильные группы, в которые вошли сотрудники администраций и полицейские.",В состав групп вошли сотрудники администраций и наименее мобильные полицейские.,not_entailment,cleanlab,1
"Ранее в допинг-пробе боксера обнаружили запрещенный препарат остарин. «Мое мнение - это некомпетентность людей, которые работают с Александром Поветкиным, из чьих рук он получил этот препарат», - заявил Хрюнов Радио «Комсомольская правда». Он добавил, что считает произошедшее «ужасом», поскольку раньше спортсмен не употреблял допинг.",В допинг-пробе Поветкина нашли остарин.,entailment,ds2,1
"С тех пор мужчина пытается вернуть свои деньги. Он обратился в банк с заявлением о проведенных без его разрешения операциях и возврате денежных средств, однако банк ему денег не вернул, ссылаясь на то, что он нарушил условия договора и сообщил свой пин-код третьим лицам. Поскольку денежные сбережения были застрахованы, мужчина обратился в страховую компанию, но и там ему отказали.",У мужчины увели деньги со счета.,entailment,datamaps,1
"""""""Каким образом, скажите мне, действия адвокатов могут вызвать неправосудное судебное решение?"""" - задался вопросом адвокат. По его мнению, """"это дело не требовало глубин, потому что сама конструкция обвинения не соответствовала действиям подсудимых: в них был состав административного правонарушения, а не уголовного"""".""",Адвокат согласен с подходом обвинения.,not_entailment,cleanlab,1
"Вдруг раздался выстрел: водитель рухнул на снег, пролилась кровь. Раненный скончался на месте. Неизвестный, а может их было несколько, застрелил мужчину.",Водителя застрелили несколько неизвестных.,not_entailment,"cleanlab, datamaps",2
"Как сообщают в социальных сетях местные жители, на свет появилось одноглазое животное, напоминающее циклопа.",Местные жители увидели рождение настоящего циклопа.,not_entailment,ds2,1
"""В ходе встречи с участниками акции прокурор разъяснил им причины, по которым было отказано в проведении митинга. """"Когда они пришли подавать заявление, то не указали в нем ответственного за порядок, время проведения акции и численность участников, поэтому им было отказано. Никого из пришедших на площадь привлекать к ответственности не будут, так как собрались всего несколько человек, так что можно сказать, что никакой акции протеста и не было"""", - подчеркнул он.""",Прокурор согласился встретиться с участниками.,entailment,ds2,1
"Свидетели утверждают, что открытие станции спровоцировало давку в вестибюле. По факту случившегося проводится проверка. В полиции считают, что плафон могли разбить хулиганы.",Плафон разбит.,entailment,cleanlab,1
"Дело возвращено для устранения препятствий его рассмотрения судом, так как в обвинительном заключении были нарушены права потерпевшего.",В обвинительном заключении были нарушены права потерпевшего.,entailment,ds2,1
"Как рассказали «Комсомольской правде» в пресс-службе регионально прокуратуры, мужчину подозревают в хищении крупной суммы денег.",Мужчину подозревают в отравительстве.,not_entailment,"cleanlab, ds2",2
"""""""Это обыкновенная гнусная ложь, потому что я никакую коммерческую деятельность не веду, находясь на должности депутата, никаким отмыванием денег я не занимаюсь"""".""",Я нахожусь на должности депутата.,entailment,ds2,1
"Уже было 26 таких прибавлений. В последний раз координационная секунда была добавлена 30 июня 2015 года. Отмечается, что в будущем дополнительные секунды могут вводиться чаще, так как вращение Земли постепенно замедляется.","Вращение Земли то ускоряется, то замедляется.",not_entailment,cleanlab,1
"""""""Министр Нургалиев начал реформу МВД. Я считаю, что кое-что получилось"""", - отметил Медведев. Тем не менее, он на своем посту не остался, потому что, по выражению премьера, """"пришла пора этот процесс возглавить новому человеку"""".""",Медведев раскритиковал Нургалиева.,not_entailment,cleanlab,1
"Пока пристав-исполнитель опрашивала пожилую хозяйку, ее коллега прошелся по квартире. В кладовке висела зимняя одежда – старые шубы, пальто. Именно эти вещи и привлекли пристава, потому что одежда подрагивала, словно кто-то за ней прятался.",Одежда была мокрой.,not_entailment,ds2,1
"Они поделились опытом работы своих первичных отделений, выказали предложения по усовершенствованию нормативно-правовой базы во всех сферах, задали вопросы руководителям министерств, ведомств, модераторам площадок. Я уверен, что они после съезда обязательно поделятся со своими коллегами своими впечатлениями от услышанного здесь. Сегодня на площадке, где я был - «Качество государства», как раз говорили про те требования, которые касаются совершенствования нашего законодательства на региональном и федеральном уровнях.",Они после съезда обязательно поделятся со своими коллегами своими впечатлениями от услышанного здесь.,not_entailment,cleanlab,1
"Пьяный мужчина, желая выяснить отношения со своей соседкой, проживающей этажом выше, постучал в ее дверь. Хозяйка открыла, а непрошеный гость против ее воли ворвался в квартиру и устроил скандал. Он высказывал претензии по поводу того, что соседка громко топала, мешая спокойно жить его семье.","Пьяный сосед пришел сказать, что женщина громко стучит в дверь.",not_entailment,cleanlab,1
"""Приговор суда о мере наказания подсудимого должен быть объявлен позднее в пятницу. Сам он в суде заявил: """"Даже если вы мне не верите, я сожалею о содеянном. Я хотел представить вам мои извинения, потому что это последний раз, когда я могу выступить"""".""",Приговор объявят в пятницу.,entailment,ds2,1
"Ураганный шквал, который обрушился в среду на город, попортил нервы северянам.",Нервы у северян теперь попорчены.,entailment,cleanlab,1
"Они не знают обидчиков. - По словам потерпевших, накануне около четырех часов дня на них напали трое неизвестных подростков и избили. По данному факту проводится проверка, - рассказывает источник в правоохранительных органах.",Потерпевшие обвиняют трех подростков.,entailment,"cleanlab, ds2",2
"Большинство застрявших в пробках водителей жаловались на неубранные дороги. В выходные в городе не прекращался снегопад и, похоже, городские власти вновь оказались к этому не готовы. Впрочем, если верить заявлениям чиновников, они сделали все, что смогли.",Водители застряли в пробках.,entailment,ds2,1
"""""""Насколько мне известно, они мало чем отличаются от рекомендаций, которые давали специалисты из нашей страны, которые давали консультации по неврологии и нейрохирургии"""", - сообщила Моисеенко. Она, однако, уклонилась от ответа на вопрос можно ли говорить о том, что диагноз немецких врачей совпадает с диагнозом, который ранее поставили украинские медики. """"Я не могу обсуждать этот вопрос, потому что это предварительные выводы.""","Диагноз немецких врачей совпадает с диагнозом, который ранее поставили украинские медики.",not_entailment,"cleanlab, datamaps",2
"""Внедорожник Toyota Land с российскими номерами двигался в сторону границы, когда на него с второстепенной дороги выскочила """"Волга"""". Для джипа, ехавшего на высокой скорости, было достаточно небольшого удара, чтобы вылететь в кювет. Видимо, водитель и пассажир внедорожника были не пристегнуты, так как вылетели через лобовое окно и погибли мгновенно.""","""Водитель и пассажир """"Волги"""" вылетели через лобовое окно и погибли мгновенно.""",not_entailment,"cleanlab, datamaps",2
"""Полицейские возбудили уголовное дело по статье """"Кража"""" и принялись искать вора. В итоге мужчину задержали сотрудники уголовного розыска. Оказалось, что """"дальний родственник"""" ранее уже привлекался к уголовной ответственности за мошенничество.""","""Вора задержал """"дальний родственник"""".""",not_entailment,"cleanlab, datamaps",2
"Сотрудники городского управления потребительского рынка провели рейд по торговым точкам, где нелегально продают новогодние деревья.",По нелегальным точкам продажи елок проведен специальный рейд.,entailment,ds2,1
"""""""Мы в ежедневном формате с коллегами в Турции держим связь, никаких инцидентов нет, паник нет среди российских граждан и российских туристов. Абсолютно спокойная ситуация. Кончено, есть напряжение, потому что это крайне шокирующая новость"""".""",Российские туристы никогда не паникуют.,not_entailment,ds2,1
"Среди этих товаров есть зубные щетки и паста, их якобы не хватает. Позавчера я минут десять выбирала самую мягкую зубную щетку, а вот зубной пасты для чувствительных десен действительно не хватает. В некоторых кафе перестали подавать воду, потому что закончилась, в других все также приносят бесплатный стакан воды.",Во всех кафе перестали подавать воду.,not_entailment,cleanlab,1
"""По словам Касима Джамаля Сулеймана, руководителя правительственной комиссии по расследованию произошедшего, все """"мученики"""" были выходцами из """"мирных семей, которые никогда не участвовали в вооруженной борьбе с государством"""". """"Они были не согласны с вооруженными группировками, это подтверждает, что у последних был интерес и цель для убийств"""", - сказал Сулейман, добавив, что все погибшие умерли от пуль и """"острых предметов"""", а не от артиллерии. Он также отметил, что правительственные войска не входили в Хулу во время бойни, поскольку пострадавшие районы находятся вдали от их позиций.""","""Касим Джамаль Сулейман назвал погибших """"мучениками"""".""",entailment,ds2,1
"""""""Министр Нургалиев начал реформу МВД. Я считаю, что кое-что получилось"""", - отметил Медведев. Тем не менее, он на своем посту не остался, потому что, по выражению премьера, """"пришла пора этот процесс возглавить новому человеку"""".""",Министр Нургалиев ушел со своего поста.,entailment,cleanlab,1
"В Кировской области увеличилось количество коррупционных преступлений, вместе с тем выросла и средняя сумма взятки.",Коррупция в Кировской области на подъеме.,entailment,cleanlab,1
"Промышленные предприятия, организации и учреждения создали новые новогодние композиции и украсили деревья.",Предприятия и организации готовятся к Новому году.,entailment,cleanlab,1
"""""""Википедия"""" пишет, что это был период избирательной президентской кампании в России, а Макфол тогда занимался изучением избирательных технологий. Как писал один из коллег Макфола, он поначалу хотел отклонить приглашение Коржакова, который в то время входил в предвыборный штаб Ельцина. Однако приятель посоветовал ему принять приглашение, поскольку последствия отказа были бы намного хуже.""",Коржаков входил в предвыборный штаб Ельцина.,entailment,"datamaps, ds2",2
"Он обвинялся в убийстве жены, сообщается в пресс-службе областной прокуратуры.",Его обвиняли в смерти супруги.,entailment,"cleanlab, ds2",2
"Между тем не исключено, что водитель совершил наезд умышленно. После инцидента стражи порядка задержали его. По словам очевидцев, мужчина, находившийся за рулем, вел машину весьма странным образом, при этом, врезавшись в толпу, он даже не попытался затормозить.",Мужчина врезался на машине в толпу неумышленно.,not_entailment,cleanlab,1
"Несмотря на то, что в Рождественскую ночь церковь не рекомендует употреблять много спиртного, у нас в стране давно повелось на этот праздник накрывать стол и отмечать его на полную.",В России давняя традиция отмечать Рождество накрытым столом и алкоголем.,entailment,cleanlab,1
"""""""Воздушные шары символизируют открытость и честность выборов, а их количество равно числу ТИКов в республике"""", - пояснил агентству поднесший спичку к чучелу, облив его перед этим жидкостью для разведения костров, правозащитник Эдвард Мурзин. Участники митинга, организованного одним из лидеров общественного движения """"Голос Уфы"""" Андреем Андреевым, прошли колонной с речевками и знаменами несколько кварталов к площади перед Русским драмтеатром. Полиция не перекрывала движение автотранспорта, поскольку колонна участников акции двигалась только по тротуарам.""",Честность и открытость выборов символизирует колонна с речевками.,not_entailment,"cleanlab, datamaps, ds2",3
"""Проректор ВГУ по инновационной деятельности и коммерциализации технологий Татьяна Давыденко покинула занимаемый ею пост. Информацию подтвердили в пресс-службе вуза. Однако причину ухода прокомментировать не смогли, так как это """"конфиденциальная информация"""".""",Проректор ВГУ покинула пост по конфиденциальным причинам.,entailment,ds2,1
"Псковская область получит из федерального бюджета больше пяти миллионов рублей, которые потратят на подготовку к проведению единого государственного экзамена.",Псковская область получит деньги из федерального бюджета.,entailment,ds2,1
"В Нижегородской области выясняют причины крупного пожара, в результате которого сгорел дом и пострадал подросток.",В Нижегородской области сгорел подросток.,not_entailment,"cleanlab, datamaps, ds2",3
"""Береговой в суде пожаловался на противоправные действия и угрозы со стороны друзей Агафонова. """"После инцидента 15 августа 2011 г. ко мне приезжал молодой человек со стороны Агафонова, он требовал видеозапись с камер наблюдения, - рассказал он. По его словам, угрожавший обещал """"всем устроить, так как побили хорошего человека"""".""",Береговой жаловался на качество видеозаписи.,not_entailment,"cleanlab, ds2",2
"Суд не стал рассматривать соответствующее ходатайство, поскольку оно было заявлено не в письменной форме.",Суд не рассмотрел ходатайство.,entailment,ds2,1
"Новогодние герои приветствовали прохожих, поднимали настроение песнями и репликами, которые раздавались из динамика.",У новогодних героев отличная динамика.,not_entailment,cleanlab,1
"В Кемеровском Гидрометцентре уточнили, что помимо ветра, на улице будет также идти снег, мокрый снег, местами сильный. Поэтому на дорогах ожидаются снежные занос и гололедица. Спасатели предупредили, что в такую погоду, лучше отказаться от поездок на дальние расстояния, а если все же ехать необходимо, то соблюдать большую осторожность. Пешеходам также нужно быть очень внимательными, так как из-за мокрого снега, возрастает риск его схода с крыш зданий и сооружений.",На пешеходов может упасть снег с крыши.,entailment,cleanlab,1
"""Однако отсутствие на форуме нового вице-премьера, который предпочел Рио-де-Жанейро Санкт-Петербургу, и бурная активность вице-премьера бывшего - нынешнего президента """"Роснефти"""" Игоря Сечина, центральной фигуры непрекращающихся встреч с иностранными инвесторами, прояснили, кто тут главный. """,Сечин был центральной фигурой встреч с иностранными инвесторами.,entailment,cleanlab,1
"Они стажировались на крупных событиях регионального проекта «Моя территория», где выступали в качестве модераторов рабочих групп.",Они стажировались как модераторы.,entailment,ds2,1
"Пострадавший пробирался между вагонами состава, когда поезд начал движение.",Человек пострадал.,entailment,"cleanlab, ds2",2
"Фотографии процесса демонтажа уже появились в социальных сетях, и, комментируя их, горожане спрашивают: что же будет построено на этом месте?",Горожане ежеминутно комментируют фотографии демонтажа.,not_entailment,ds2,1
"Спасатели вынули в 15.40 дня из полыньи тело утонувшего пожилого человека. - Мужчина провалился под лед на снегоходе, - рассказал «Комсомольской правде»-Саратов начальник областной службы спасения Юрий Юрин. - Транспортное средство осталось пока в воде, на берег его мы не извлекали, поскольку ждем указаний следователей.",Пожилой человек ехал по льду на снегоходе.,entailment,ds2,1
"Преступление удалось раскрыть в кратчайшие сроки благодаря тому, что пострадавшая сразу сообщила о случившемся в полицию. На помощь женщине оперативный дежурный направил ближайший патрульный экипаж. Отрабатывая дворы, прилегающие к месту происшествия, полицейские увидели молодого человека, приметы которого совпадали с описанием грабителя, и задержали его.",Грабителя задержали в соседнем дворе.,entailment,cleanlab,1
"Как рассказали в пресс-службе УМВД по Липецкой области, потерпевший арендовал помещения под свой бизнес в одном из торговых центров в Липецке. После того, как арендатор повысил стоимость аренды, он съехал и остался должен определенную сумму денег. Бизнесмен попросил отсрочить выплату, так как возникли проблемы в бизнесе.",Потерпевший был арендатором.,entailment,ds2,1
"""""""Мы в ежедневном формате с коллегами в Турции держим связь, никаких инцидентов нет, паник нет среди российских граждан и российских туристов. Абсолютно спокойная ситуация. Кончено, есть напряжение, потому что это крайне шокирующая новость"""".""",Новость оказалась крайне шокирующей.,entailment,ds2,1
"Представители Церкви и Исполкомов, исходя из целесообразности, примут совместное решение о проведении крещенских купаний, а также известят МЧС о сроках их проведения. В местах с купелями обеспечивать безопасность должны будут спасатели, полицейские и медики.","В местах с купелями обеспечивать безопасность должны будут спасатели, полицейские и медики.",entailment,ds2,1
"""По мнению министра, """"говорить о том, что мы прямо сейчас продали им что-то новенькое, и это новенькое используется против демонстрантов, просто нечестно"""". Он также подчеркнул, что Россия поставляет вооружение по контрактам, которые не являются секретом и предполагают покупку Сирией, прежде всего, противовоздушных оборонительных средств, """"которые могут потребоваться только в случае внешней агрессии против сирийского государства"""". """"Мы оправдываться не собираемся, потому что мы ничего не нарушали"""".""",Военные контракты предполагают поставку из Сирии в Россию противовоздушных оборонительных средств.,not_entailment,cleanlab,1
"""По словам марксистов, они продолжат атаки против властей, поскольку те """"нарушают право турецких граждан на свободу мысли и совести"""".""",Марксисты уже организовывали атаки против властей.,entailment,"cleanlab, datamaps",2
"Когда на место приехали сотрудники полиции, они составили описание со слов свидетельницы.",Свидетельница помогла составить описание.,entailment,"cleanlab, ds2",2
"Соотношение скорости встречного автомобиля и его машины… От этого получился сильный удар. Если кто-то читал когда-то физику, то думаю, люди поймут. Звонит очень много людей на его номер и на мой, кто знает.",Его машина и встречный автомобиль столкнулись.,entailment,"cleanlab, ds2",2
"""Как рассказали """"Комсомольской правде"""" в пресс-службе комитета культуры южной столицы Псковской области, все трое учатся в Образцовом художественном коллективе Театра детской песни """"Летний дождь"""".""","""В Образцовом художественном коллективе Театра детской песни """"Летний дождь"""" всего три ученика.""",not_entailment,ds2,1
"Со страницы его друга в социальной сети пришло сообщение с просьбой перевести пять тысяч рублей. Отзывчивый приятель выполнил просьбу, а потом перезвонил, чтобы поинтересоваться, как дела у попавшего в беду. Тот заверил, что понятия не имеет, о каких деньгах идёт речь.",Отзывчивый приятель лишился денег.,entailment,datamaps,1
"Деньги кто-то перевел на другую карту. Сделали запрос в банк и быстро нашли мошенника. Тут и выяснилось, что пострадавший сам накликал на себя беду, когда указывал свой номер в банке.",Мошенником оказался пострадавший.,not_entailment,"cleanlab, datamaps",2
"Со стороны пр. Ленина городок обрамляют ледяные горы и деревья с подсветкой. От заливки катка пришлось отказать, так как площадь с уклоном.",По всему городу есть деревья с подсветкой.,not_entailment,ds2,1
"Деньги поступят из федерального бюджета в рамках приоритетного проекта «Формирование комфортной городской среды», сообщают в Брянской городской администрации.",Проект «Формирование комфортной городской среды» не является приоритетным.,not_entailment,ds2,1
"""""""Все три птицы чувствуют себя хорошо, ведут себя спокойно и уверенно, - сообщают в Ленинградском зоопарке. - Самки и самец расположились в соседних вольерах, но между ними проложили небольшой проход. Места там хватит, чтобы самки могли пройти, а вот самец уже не поместится"""".""",Самец не помещается в проход.,entailment,ds2,1
"Темы, которые сегодня активно обсуждают делегаты съезда - «Экономика роста и благосостояния», «Здоровое будущее», «Социальная политика», «Умная сила и культурное лидерство», «Качество государства», «Аграрная сверхдержава», «Быть хозяином в собственном доме». Делегаты из Пензенской области работают на всех площадках. Им есть что сказать по каждой из обозначенных на съезде тем, поскольку среди них есть врачи, учителя, общественные деятели и политики со стажем.",Делегаты из Пензенской области успевают поучаствовать в обсуждении на всех площадках.,entailment,cleanlab,1
"В метро люди, не задумываясь, заявляют о том, что у них или у их друзей в сумке находится взрывное устройство.",В метро люди разыгрывают знакомых.,not_entailment,ds2,1
"При этом один из блоков аммиачно-холодильной установки располагается в здании, которое продано. И с марта 2014 года Вологодский хладокомбинат эксплуатирует опасный объект на арендуемых площадях. Прокуратура решила, что дальнейшая эксплуатация этого опасного производственного объекта невозможна, потому что это реально угрожает жизни и безопасности людей, может причинить вред окружающей среде, а также нанести ущерб имуществу граждан и организаций.","Вологодский хладокомбинат перестал угрожать жизни и безопасности людей, окружающей среде и имуществу граждан и организаций.",not_entailment,cleanlab,1
"""По словам президента, во всем мире референдумы используются достаточно редко, потому что сложна процедура их организации, а последствия референдумов зачастую могут привести к расколу общества. Но по некоторым вопросам, по его мнению, обязательно нужно узнать точку зрения большинства населения страны. """"Сделать это с использованием существующих технологий очень сложно, потому что это дорого и неэффективно"""".""","По мнению президента, по ряду вопросов обязательно нужно узнать точку зрения половины населения страны.",not_entailment,"cleanlab, datamaps",2
"Он сообщил, что после митинга были задержаны, как минимум, четыре человека. Среди них член КПРФ и помощник депутата Госдумы. Как сообщили агентству в пресс-службе правительства Самарской области, уведомление, поданное организаторами митинга, не было рассмотрено, так как было составлено с ошибками.",Митинг завершился.,entailment,"cleanlab, datamaps",2
Водители грузовых автомобилей простаивают в очереди по нескольку суток из-за медленного таможенного оформления товаров в связи с недостатком кадров у таможни.,На таможне слишком мало сотрудников.,entailment,"cleanlab, datamaps, ds2",3
"В ходе разбирательств выяснилось, что данное транспортное средство числится в угоне.","Оказалось, что самолет угнан.",not_entailment,cleanlab,1
"Паром, совершавший рейс из Занзибара, с более 600 пассажирами на борту потерпел крушение у берегов Танзании, сообщает британская телерадиокорпорация Би-Би-Си. По данным местной полиции, около 260 пассажиров были спасены, остальные числятся пропавшими без вести. Точное число пропавших установить не удается, поскольку паром, по словам очевидцев, был переполнен.",С парома спасли примерно 260 пассажиров.,entailment,ds2,1
"Циклон уходит в океан, там растворяется.",Циклон рассеивается над океаном.,entailment,"cleanlab, datamaps",2
"""По мнению С.Еничери, это противоречит принципам, сформулированным в Коране. """"Дед Мороз прибирается в дома через окна или дымоходы. Если бы он был честным человеком, то проходил бы через двери, так как у нас так принято"""", - отметил имам.""","По мнению имама, поведение Деда Мороза соответствует принципам Корана.",not_entailment,"cleanlab, datamaps",2
"Вероятно, злоумышленник взял вещи, которые лежали ближе всего к открытой входной двери.","Несомненно, злоумышленник взял именно те вещи, которые лежали ближе всего к открытой входной двери.",not_entailment,datamaps,1
"Во время обыска в квартире подозреваемого полицейские обнаружили нож, а также похищенную сумку. Известно, что нападавший ранее судим за кражу, угон и мошенничество, а освободился из мест лишения свободы в ноябре прошлого года. По его словам, его мучили угрызения совести, поэтому он явился к стражам порядка.",Угон явился к стражам порядка.,not_entailment,"cleanlab, datamaps",2
"""""""В первую очередь это гарнизонная служба и все, что с ней связано. Туда же хотим включить дисциплинарные батальоны и военную автоинспекцию"""", - заявил он в интервью """"Российской газете"""", которое будет опубликовано в среду. По словам министра, в первую очередь будет создана структура, которая будет готовить военных полицейских, поскольку они должны обладать юридическими знаниями и организаторскими способностями.""","""Министр забрал интервью у """"Российской газеты"""".""",not_entailment,ds2,1
"""По данным источника """"Интерфакса"""" в авиадиспетчерской службе, лайнеру не хватает топлива, чтоб долететь до пункта назначения. """,У лайнера мало топлива.,entailment,ds2,1
"Подросток хорошо знал хозяина квартиры, поскольку тот жил недалеко от дома родителей и являлся приятелем отца.",Хозяин квартиры был знакомцем отца подростка.,entailment,cleanlab,1
"Теперь об отсутствии таблички напоминают только куски осыпавшейся побелки на полу. – Им пришлось исправить, подбелить стену по краям, – отмечают в музее. – Потому что вырывали «с мясом», была дыра.",На полу планетария - побелка.,not_entailment,ds2,1
"Как рассказывают очевидцы, инцидент произошел около восьми утра. Всем пассажирам удалось вовремя покинуть салон. - Классным было утро, ничего не скажешь.",Пассажиры не стали покидать салон.,not_entailment,ds2,1
"Она рассказала, что в дверь ее комнаты в общежитии постучали.",У нее две комнаты в общежитии.,not_entailment,"cleanlab, ds2",2
Выяснять отношения подшофе – одна из самых ужасных и опасных привычек многих людей. Почему опасных? Да потому что именно в таком состоянии большинство не контролируют своих эмоции и в порыве ярости могут пойти на что угодно.,У людей нет опасных привычек.,not_entailment,"cleanlab, ds2",2
"""Миноритарий банка Алексей Навальный заявил тогда, что покупка буровых установок была совершена по завышенной цене и через офшор, собственники или бенефициары которого не известны. """"Я не понимаю, почему весь набсовет ничего не делает (чтобы расследовать сделку). Вы пособники этой кражи, потому что вы получаете деньги, чтобы защищать наши интересы"""".""",Навальный обвинил наблюдательный совет в убийстве.,not_entailment,ds2,1
"""В настоящее время активно обсуждаются предложения о создании в РФ новых структур, которые могли бы заняться привлечением инвестиций на Дальний Восток и заменить """"дочку"""" ВЭБа - Фонд развития Дальнего Востока. Как вы относитесь к такого рода предложениям?""",Фонд развития Дальнего Востока заменят новыми структурами.,not_entailment,cleanlab,1
"Она рассказала, что поймала на дороге машину, чтобы поехать на работу.",Она хотела поехать на работу.,entailment,"cleanlab, ds2",2
"По словам президента, налог один из самых низких в мире. Средства с этого налога поступают в казну и распределяются на социальные нужды. Что касается сборов – я знаю, что происходит, но не знаю этого в деталях.","Средства, собранные с помощью этого налога, идут на социальные нужды.",entailment,ds2,1
"""""""В магазинах очереди"""", - рассказала агентству одна из очевидцев, приехавших из Краснодара. Пожилая женщина рассказала, что когда началось наводнение, в доме кроме нее были только двухлетний внук, кошка и собака. Она их подняла на крышу сарая, а сама туда забираться не стала, поскольку побоялась обрушения.""",Пожилая женщина пострадала от наводнения.,entailment,ds2,1
"15 сентября 2012 г. во второй половине дня в сквере на пл. Свободы при проведении несанкционированного администрацией Нижнего Новгорода митинга сотрудники ОМОН УТ МВД России по ПФО охраняли общественный порядок. Так как публичное мероприятие не было согласовано, полицейские требовали, чтобы собравшиеся разошлись.",Полицейские разгоняли собравшихся силой.,not_entailment,ds2,1
"Свои поступки женщина объяснила тем, что муж бросил бы ее, если бы она родила ему много детей. К 2006 г. в семье уже росли два ребенка. Личность осужденной сохранена в тайне, поскольку разглашение этой информации противоречит немецкой системе правосудия.",Муж не любил много детей.,entailment,"cleanlab, datamaps, ds2",3
"""Члены президентского совета отметили, что это не первое определение КС, указывающее судам, что Уголовный кодекс не предусматривает признание вины обязательным для решения об УДО. Однако такой вывод можно сделать из нормы Уголовно-исполнительного кодекса, где указано, что """"администрация должна представить документы на осужденного, выразить свою позицию о том, что ему не нужно больше отбывать наказание, поскольку он признал вину, раскаялся, возместил ущерб"""", отметила Морщакова. """"Это """"поскольку"""" и заставляет суды считать, что они вправе отказать на таком основании"""", - сказал член президентского совета.""",Члены президентского совета отметили Новый год.,not_entailment,"cleanlab, ds2",2
"""Она пройдет в центре Брянска 5 февраля. По словам пресс-секретаря главы брянской городской администрации Константина Касаминского, """"городские власти в проведении акции не отказали, в таких вещах никто не отказывает"""". """"Однако уведомление не было принято, поскольку не были соблюдены сроки"""".""",5 февраля в центре Брянска запретили проводить акцию.,not_entailment,ds2,1
"""Очевидцы сообщили """"Комсомольской правде"""", что выемка нужных следователям бумаг состоялась в сопровождении людей в масках.""",Люди в масках присутствовали при выемке писем.,not_entailment,cleanlab,1
"В течение этой недели на проекте Всероссийского конкурса юных талантов «Синяя птица» проходит голосование за участников, чтобы те вышли в финал.",Юные таланты уже вышли в финал.,not_entailment,ds2,1
"""""""В нашей группе компаний идея объединенного чемпионата даже не обсуждалась. Может, где-то в курилке. Только я об этом не ведаю, поскольку не курю"""".""",Я не курю.,entailment,ds2,1
"Он привлек полицию тем, что заметно нервничал.",Он был хладнокровен.,not_entailment,ds2,1
"""По его словам, сотрудники уголовного розыска ОМВД по району Крюково совместно с сотрудниками службы банковской безопасности провели проверку и выяснили, что деньги пропадали дважды, и оба раза материально ответственным лицом была один и тот же кассир-операционист - 48-летняя жительница Зеленограда. """"На первой же беседе с оперативниками женщина призналась, что просто забрала из кассы деньги, так как оказалось в очень сложной жизненной ситуации и должна выплачивать несколько кредитов"""", - сообщили в полиции.""",Оба раза деньги пропадали в один и тот же день недели.,not_entailment,ds2,1
"""Отказ свой суд объяснил тем, что """"если есть адвокат, то допрашивать само лицо, обвиняемое в совершении преступлений, нет смысла"""". Сердюк уверен, что такой подход нарушает права его подзащитного, передает ТАСС. В этой связи адвокат заявил об отводе судьи, поскольку ее """"отказ в ходатайстве защиты провести такие допросы свидетельствует о ее нежелании устанавливать истину"""".""",Сердюк недоволен решением суда.,entailment,cleanlab,1
"Здесь выросли несколько куч песка и гравия, которые на легковом авто объехать не представлялось возможным.",Объехать кучи возможно на легковом авто.,not_entailment,cleanlab,1
"Инцидент произошел в квартире потерпевших, супруги сами пригласили туда грабителя для совместного застолья.",От скуки супруги пригласили грабителя.,not_entailment,cleanlab,1
"""""""Еще в четверг, 25 октября Леонид лично написал заявление в СКР с требованием возбудить дело по ст.126 (похищение) УК РФ. Я находился вместе с ним в изоляторе, и могу однозначно это подтвердить"""", - сказал Фейгин. По его словам, он передал заявление сотрудникам СИЗО, так как выносить какие-либо документы из изолятора запрещено.""","Фейгин рассказал о том, что Леонид писал книгу о похищении.",not_entailment,cleanlab,1
"""Как сообщили """"Комсомольской правде на Северном Кавказе"""" в краевом управлении ГИБДД, около полудня на улице Трудовая беременная женщина за рулем """"Додж Караван"""" выбрала небезопасную скорость, не справилась с управлением, столкнулась с """"Киа Спектра"""", которая ехала по встречке, а потом врезалась в бетонный забор. В результате аварии 38-летняя местная жительница погибла на месте от полученных травм. Вполне вероятно, что сопутствующей причиной аварии стала неопытность, так как права она получила всего полгода назад.""",Беременная женщина снесла бетонный забор.,not_entailment,cleanlab,1
"Общественный резонанс получил и традиционный Парад Памяти. -Этим парадом мы напомнили россиянам роль Самары в годы Великой Отечественной войны. Это важно, потому что имидж региона работает на его жителей, - уточнил губернатор.",Парад Памяти - традиционное мероприятие.,entailment,"cleanlab, ds2",2
"""Как отметила пресс-служба собора, молебен означает """"начало нового президентского срока благодаря молитве, чтениям и музыкальным выступлениям"""".""","Пресс-служба собора не объяснила, что означает молебен.",not_entailment,cleanlab,1
"Мужчины распивали алкоголь и вдруг поругались. Словами дело не ограничилось. Один из собутыльников схватил кухонный нож и ударил своего соперника. После этого, как ни в чем не бывало он просто ушел из помещения.",Мужчины поругались в процессе работы.,not_entailment,cleanlab,1
Премьер-министр РФ Владимир Путин поручил правительству в течение недели проработать текст послания президента и представить ему соответствующие предложения по работе кабинета министров.,Путин дал правительству поручение.,entailment,ds2,1
"В результате трамваи в обе стороны встали, и жители города были вынуждены добираться на работу либо пешком, либо с пересадками на автобусах.",Движение трамваев продолжалось по расписанию.,not_entailment,cleanlab,1
"Как рассказывают очевидцы, инцидент произошел около восьми утра. Всем пассажирам удалось вовремя покинуть салон. - Классным было утро, ничего не скажешь.",Пассажиры покинули салон.,entailment,"cleanlab, ds2",2
На Ура_губу в этом году приехало 15 человек.,Люди не приехали на Ура_губу.,not_entailment,ds2,1
"Судебные журналисты у нас были хорошо подготовлены, с хорошим языком, игравшие важную роль в развитии судебной системы. Если вы специализируетесь на земле, ничего в этом зазорного нет. Ваш вопрос крайне важен, потому что вопрос земли - это вопрос социальной справедливости.",Вопрос земли - это вопрос социальной справедливости.,entailment,ds2,1
"""Сергей Удальцов своей вины не признал, он заявил, что все обвинения в его адрес незаконны. """"Я считаю, что обвинения мне предъявлены незаконно, потому что я был задержан до официального завершения митинга, в 21:55. Соответственно претензии о том, что планировалось шествие, несостоятельны, так как любые действия должны оцениваться по факту совершения, а не по предположению"""".""",Сергея Удальцова задержали после митинга.,not_entailment,cleanlab,1
"""И желательно, по его словам, быть энергичными в интернет-пространстве, поскольку """"Единой России"""" сложнее быть в Сети, чем другой политической силе, так как партия находится у власти: """"Вот вы сказали, что выходили к людям, сначала тяжело, критикуют, пар выпускают. У меня та же самая ситуация, когда подходишь. Радуются вначале, потому что видят людей знакомых, а потом говорят: у нас вот это плохо, это, это"""".""","""Партия """"Единая Россия"""" находится у власти.""",entailment,ds2,1
"Как сообщают очевидцы в социальных сетях, в Новом городе на пересечении проспектов Ленинского Комсомола и Ульяновского лоб в лоб столкнулись две легковушки.",В соцсетях сообщается о столкновении трех грузовиков.,not_entailment,cleanlab,1
"Представитель внешнеполитического ведомства отметил, что злоумышленника задержали местные власти.",Злоумышленник напуган.,not_entailment,ds2,1
"Предполагается, что погибшие мужчина и женщина находились в близких отношениях, однако имели разные фамилии. На место происшествия незамедлительно прибыла и аварийная служба. Поскольку причиной смерти пары стало отравление химическими веществами, весь шестой этаж отеля эвакуировали в целях предосторожности.","Погибли двое, а эвакуировали весь этаж.",entailment,ds2,1
"Шествие в Москве, по словам источника, близкого к ФНПР, стартует, как и прежде, от Белорусского вокзала и увенчается митингом у мэрии Москвы с выступлениями лидеров страны.",Шествие станет венцом митинга.,not_entailment,"cleanlab, datamaps",2
"Родительских прав мать не лишена. Пока. А в парадном девочка оказалась, потому что дома она мешала матери выпивать.",Дочь мешала маме пить.,entailment,cleanlab,1
"Это подтвердилось во время прокурорской проверки, основанием для которой стало обращение местной жительницы.",Состоялась прокурорская проверка.,entailment,ds2,1
"По ходу движения машинист пытался набрать скорость, но состав как будто не слушался.",Машинист не мог справиться с составом.,entailment,cleanlab,1
"""Думаю, что большинство желающих стать депутатами от нашей партии уже выразили это желание на этапе праймериз. Предварительные выборы, кстати, оказались очень эффективной процедурой. Потому что у человека появляется возможность не только выразить свое желание стать депутатом, но и проверить себя, что называется, """"в поле"""".""",Предварительные выборы дают кандидату возможность выехать в поле.,not_entailment,cleanlab,1
"Приставам не удалось застать его на месте. Дверь открыла супруга. В комнате судебный пристав обнаружил металлический сейф, в котором хранилось огнестрельное оружие.",Жена открыла приставу сейф и долго показывала оружие.,not_entailment,cleanlab,1
"""В момент совершения преступления был одет во все черное. """"Его приметы: был одет в синюю куртку фирмы """"Найк"""", серые спортивные штаны, черную вязаную шапку, волосы до плеч"""", - отмечает пресс-служба ведомства. Сотрудники полиции просят горожан не выходить на улицу, так как в городе проходит спецоперация.""",В городе идет спецоперация.,entailment,ds2,1
"Изначально он попал в поле зрения полиции, так как был в нетрезвом состоянии.","Полиция заметила его, так как он был нетрезв.",entailment,"cleanlab, ds2",2
"""Боксер Денис Лебедев не исключил, что в команде Александра Поветкина есть предатель, который мог «подсыпать» ему допинг. Напомним, ранее стало известно, что перед боем за титул """"временного"""" чемпиона мира по версии Всемирного боксерского совета (WBC) с канадцем Бермейном Стиверном в допинг-пробе россиянина был обнаружен запрещенный препарат остарин. В результате бой был отменен, так как соперник отказался его проводить.""",Поветкину подсыпали допинг.,not_entailment,cleanlab,1
"С наступлением зимы вопрос качества теплоснабжения выходит на первый план в сфере предоставления жилищно-коммунальных услуг. По каким причинам температура воздуха в квартире может не соответствовать санитарным нормам? И какую работу проводят работники жилищно-коммунального хозяйства, чтобы жильцы обслуживаемых домов чувствовали себя комфортно в квартирах на протяжении всего отопительного периода?",Жильцы обслуживаемых домов чувствуют себя комфортно в квартирах на протяжении всего отопительного периода.,not_entailment,"cleanlab, ds2",2
"Организаторы подготовили новогодние подарки, конкурсы и угощения. Также горожанам представят китайскую комедию «Дорога с приключениями». Она расскажет о владельце фирмы по производству игрушек, который спешит домой, чтобы встретить Новый Год с семьей.",Горожане увидят китайскую комедию.,entailment,ds2,1
"Я здесь все взорву! – такую фразу часто можно услышать в захватывающих боевиках. Но вряд ли кто-то обрадуется, когда такое прозвучит от неизвестного человека в обычной жизни.","""В боевиках нередко угрожают """"все здесь взорвать"""".""",entailment,"cleanlab, datamaps",2
"""Новый полигон отличается повышенной сложностью и увеличенным количеством препятствий, сообщает """"Федеральное агентство новостей"""".""",Новый полигон сложнее многих.,entailment,"cleanlab, ds2",2
"Он выпил с хозяином, вышел во двор, увидел велосипед и стащил его. Вскоре мужчину задержали. - Велосипед стоил пять тысяч рублей, поэтому нанесенный ущерб был признан значительным.",Он вышел во двор и украл выпивку.,not_entailment,"cleanlab, datamaps",2
"Задержанный во всем признался. Несмотря на свой юный возраст, он уже имеет криминальный опыт. Как сообщили в ведомстве, несовершеннолетний в прошлом году получил условный срок на один год за кражу.",Несовершеннолетний задержанный старался набрать криминальный опыт.,not_entailment,cleanlab,1
"У женщины, которая почти два года терпела побои и унижения, сдали нервы.",Женщина многие годы терпела побои и унижения.,not_entailment,"cleanlab, datamaps",2
"""Очевидцы: в Саратове подростки обстреляли трамвай. """"Я как обычно ехала домой из школы, - сообщила юная саратовчанка. - До дома оставалась одна остановка. На ней обычно трамвай стоит подольше, потому что кондуктор и водитель сменяются"""".""",Юная саратовчанка рассказала подробности.,entailment,ds2,1
"Чтобы хозяйка ноутбука не заметила пропажу, он подложил ей в сумку книги по кулинарии.",Ноутбук был украден.,entailment,"cleanlab, ds2",2
"Женщина несколько дней искала пропажу, а потом обратилась в полицию.",Женщина несколько дней обращалась в полицию.,not_entailment,"cleanlab, datamaps, ds2",3
"Это является тяжким вредом здоровью. После этого на подозреваемого завели уголовное дело. Полицейским удалось узнать, что мобильник он сдал в местный ломбард, а сам уехал за пределы области.",Завели уголовное дело.,entailment,ds2,1
"Чуть позже собралась домой и жена – но когда она шла по улице, знакомый ее догнал, ударил и изнасиловал. Свою вину злоумышленник полностью признал. Установлено, что раньше он судим не был, нигде не работает.",Знакомый изнасиловал женщину на улице.,entailment,datamaps,1
"Важно, чтобы построенные в Сочи олимпийские объекты не стали памятниками Олимпиаде. Нужно, чтобы их эксплуатация продолжилась после ее окончания. Сегодня понятно, что часть из них будет переоборудована, так как вне Олимпиады городу, например, не нужно столько катков.",В Сочи не строили олимпийских объектов.,not_entailment,cleanlab,1
"Как выяснилось, ситуация не устраивает не только рядовых горожан, но и представителей власти.","Ситуация не нравится и рядовым горожанам, и представителям власти.",entailment,cleanlab,1
"""Однако она подчеркнула, что композиция нужна действительно хорошая. """"Все будет зависеть от песни. В том, что он споет ее гениально, я не сомневаюсь"""".""",Певцу нужна хорошая песня.,entailment,ds2,1
"Сначала он позвонил в ГИБДД, чтобы эту машину эвакуировали, но те отказались, так как на авто не было номеров, а поэтому установить его владельца невозможно. После этого рассерженный северянин и сообщил в полицию о бомбе, - пояснила начальник пресс-службы.",На машине не было номеров.,entailment,"cleanlab, ds2",2
"Женщина попросила личным заявлением освободить ее от должности главы министерства государственного имущества республики по собственному желанию, что и было сделано в течении нескольких минут.",Женщина написала заявление об уходе.,entailment,cleanlab,1
"""У болельщиков ярославского футбольного клуба """"Шинник"""" - радость: можно будет сходить и посмотреть, как тренируется любимая команда.""",Ярославских болельщиков пустят на тренировки.,entailment,cleanlab,1
"""Сделка по продаже 80% ОАО """"Распадская"""" может не состояться в этом году, сообщил журналистам источник, знакомый с ходом переговоров. """"Есть вероятность, что сделка не состоится. Есть вопрос с ценой, поскольку здесь существует сильное расхождение"""", - сказал он.""","""Ведутся переговоры по полной продаже ОАО """"Распадская"""".""",not_entailment,cleanlab,1
"Их стоит запускать в подъезды, офисы и магазины. Желательно также кормить животных. Собаки, а тем более кошки не смогут на улице пережить холод, когда температура воздуха опускается ниже -30 градусов.",В холода животных желательно кормить и пускать в подъезды и магазины.,entailment,"cleanlab, ds2",2
"Это будет первый опыт. И, думаю, он будет успешным. Впоследствии постараемся, чтобы этот объект был передан собственнику, который сможет его отреставрировать и использовать по назначению.",Объект был передан собственнику.,not_entailment,"cleanlab, datamaps",2
"Она сообщила, что ее сын подвергся избиениям со стороны других воспитанников. Его также облили кипятком. Мать утверждает, что в учреждении процветает дедовщина.",Ее сына облили кипятком.,entailment,ds2,1
"В четверг, 15 декабря в полицию Екатеринбурга за помощью обратились родители 10-летнего Кости Захаровского. Утром он ушел в школу, а домой так и не вернулся. На телефонные звонки мальчик ответить не мог, так как сотовый был не активен.",В Екатеринбурге нашелся мальчик.,not_entailment,"cleanlab, ds2",2
"""Они требовали в том числе отменить незаконно введенный на предприятии ООО """"Рус-Инжиниринг"""", которое входит в """"РусАл"""" и обслуживает СУБР, скользящий график, а также повысить оклады. Ранее компания назвала действия участников акции незаконными, в том числе потому что """"шахта является объектом повышенной опасности и нахождение в ней без специальных нарядов категорически не допускается"""". По информации алюминиевой компании, сотрудники также нарушили законодательство, так как заранее не предупредили работодателя о проведении забастовки и не согласовали ее проведение.""",Руководство бастует.,not_entailment,cleanlab,1
"Как сообщили в правительстве области, на ней можно будет купить товары местных производителей.",В правительстве области можно будет приобрести товары местных производителей.,not_entailment,"cleanlab, datamaps, ds2",3
"Я сегодня первый раз вышла. Когда волна недовольства только начинала подниматься, я как-то равнодушно к этому отнеслась. Тогда муж сказал, что хочет пойти на Болотную - даже пыталась его отговорить, так как очень испугалась, что его могут замести.",Я отговорила мужа.,not_entailment,"cleanlab, datamaps",2
"Ежегодно свыше 400 жителей сельской местности погибают в Индии в результате столкновений с дикими слонами, сообщает министерство окружающей среды. Согласно данным ведомства, к началу 2012 года слоновье поголовье в Индии достигло 28 тысяч, при этом прирост за последние 15 лет составил 2 тысячи. Эта хорошая новость, однако, вызывает у чиновников не только радость, но и тревогу, поскольку растущие слоновьи семьи в поисках пропитания вынуждены совершать набеги на крестьянские угодья, отвоеванные у джунглей.",Слоновьи семьи разоряют крестьянские угодья.,entailment,cleanlab,1
"Но как говорят в Брянской городской администрации, при повторной проверке проверяющие уже не нашли нарушений. - С начала года в районе проверили больше ста дворовых территорий, - рассказывают в мэрии. - Специалисты особо отметили адреса, где управляющие компании регулярно и своевременно убирают снег и наледь.",К повторной проверке управляющие компании подготовились лучше.,entailment,"cleanlab, datamaps",2
"Пассажиры жалуются на то, что отсутствуют последние рейсы, в салонах грязь и холод, водители курят, не покидая салона, и проезжают мимо остановок, экипажи не помогают инвалидам попасть в салон.",Пассажиры хвалят последние рейсы.,not_entailment,"cleanlab, ds2",2
"""В итоге ранее судимого за угон северянина задержали во время встречи с клиентом. - Мужчина пояснил, что газовый пистолет марки """"МЦРГ-1"""" приобрел случайно несколько лет назад. Он решил продать оружие, так как нуждается в деньгах.""",Ранее северянина судили за кражу.,not_entailment,cleanlab,1
"""""""Я надеюсь, они услышат. Это касается премий, доходов.... Нужно понимать, в какой стране мы живем, и не раздражать людей"""", - подчеркнул президент. Позже он добавил: """"То, что пресса """"пощипывает"""" представителей крупного бизнеса и чиновников - это хорошо"""".""","""Президент расстроен, что пресса """"пощипывает"""" чиновников и представителей крупного бизнеса.""",not_entailment,"cleanlab, datamaps",2
"Метрополитен Екатеринбурга разместил на сайте госзакупок запрос на кредит в 150 миллионов рублей. Напомним, что ранее руководство подземки неоднократно заявляло, что метро работает в убыток, а цена жетона намного ниже себестоимости поездки.",В Екатеринбурге есть метро.,entailment,"cleanlab, ds2",2
"Приехавшие на место стражи порядка выяснили, что женщина пригласила своего знакомого помочь ей по хозяйству. Мужчина пришел и в какой-то момент остался один - хозяйка вышла в соседнюю комнату. Гость в этом доме бывал не раз и даже знал, где пенсионерка хранит свои сбережения.",Хозяйка была на пенсии.,entailment,"cleanlab, datamaps",2
"Если первый блин вышел комом, то второй точно удался.",Кто-то точно совершил как минимум две попытки.,entailment,"cleanlab, datamaps, ds2",3
"Один из покупателей решил утащить товар с прилавка. И это ему, к сожалению, удалось. Вынес мужчина спиртные напитки. Отрабатывая территорию прилегающего района стражи порядка задержали подозреваемого и изъяли у него перечисленный продавцом товар, исчезнувший из магазина.",Товар исчез из магазина сам собой.,not_entailment,ds2,1
"К спасательной операции подключились силы Национальной гвардии США и дополнительные полицейские подразделения. На грузовиках они подвезли провиант и воду в районы у восточных склонов Скалистых гор, которые в данный момент оказались полностью блокированы в результате разлива рек. Работы осложняются, так как многие дороги оказались непроходимы из-за оползней, спровоцированных разливом воды.",Национальная гвардия США пытается остановить разливы рек.,not_entailment,"cleanlab, datamaps",2
"Их усилиями героями рекламы сайта бесплатных объявлений стали офицеры Северного флота. Сюжет ролика незамысловат и даже напоминает те, что сейчас крутят по нашему телевидению. Два рыбака сидят с удочками и решают, что им делать с холодильником, который находится тут же, в лодке на середине озера.",У рыбаков в лодке холодильник.,entailment,ds2,1
"""В момент совершения преступления был одет во все черное. """"Его приметы: был одет в синюю куртку фирмы """"Найк"""", серые спортивные штаны, черную вязаную шапку, волосы до плеч"""", - отмечает пресс-служба ведомства. Сотрудники полиции просят горожан не выходить на улицу, так как в городе проходит спецоперация.""",В городе действуют врачи.,not_entailment,ds2,1
"Обе купюры оказались поддельными. - По данным фактам проводятся проверки, - заверили в полиции. Стражи порядка также напоминают, что в случае, если к вам в руки попала фальшивая купюра, нужно сразу же обратиться в полицию.",Две купюры оказались поддельными.,entailment,ds2,1
"Четыре года назад он вышел на пенсию. Устроился на место поспокойнее - дворником в ижевскую школу. Тогда и не думал, что именно здесь он, декоратор по образованию, найдет свое призвание.",Пенсионер работал дворником.,entailment,"cleanlab, datamaps",2
"В первом периоде преимущество было на стороне наших хоккеистов, однако вратарь хозяев играл безупречно.",В первом периоде наши хоккеисты играли лучше вратаря хозяев.,not_entailment,cleanlab,1
"При этом он заметил, что девушка отказалась назвать какие-либо свои данные. Между тем в суде девушка заявила, что ее зовут Екатерина Самуцевич, она зарегистрирована в Москве. Девушка передала паспорт судье, этом пояснив, что документы при задержании не предъявляла, так как не могла их найти.","Суд выяснил, что девушку зовут Лена.",not_entailment,cleanlab,1
"""Коллектив вуза принял решение подать иски в суды о защите чести и достоинства института, подать заявление в прокуратуру с просьбой проверить процедуру мониторинга эффективности вузов и провести """"протестный митинг против политики министерства образования"""". Студенты РГТЭУ ранее бастовали две ночи подряд - с 18 по 20 декабря против того, что их институт попал в список вузов с признаками неэффективности. Забастовка была прекращена, поскольку у студентов появилась надежда, что с ситуацией разберутся в руководстве государства.""",Студенты РГТЭУ бастовали две ночи подряд.,entailment,ds2,1
"""""""Ощущение такое, что ни у кого нет никакого аппетита на предмет внешнего вторжения. Даже иногда кажется, что они молятся, чтобы Россия и Китай продолжали блокировать санкцию на внешнее вторжение. Потому что как только санкция будет, они будут действовать, а там никто не готов действовать"""", - сказал Лавров, который после саммита Россия-ЕС пообщался с журналистами в самолете по пути в Москву.""",Санкции на внешнее вторжение еще нет.,entailment,cleanlab,1
"Таким образом, правящая коалиция получит большинство в обеих палатах, так как она уже занимает большинство мест в нижней палате.",Правящая коалиция может получить большинство в обеих палатах.,entailment,ds2,1
"В пресс-службе ведомства сообщили, что в течение декады в муниципалитетах пройдут профилактические мероприятия.",Муниципалитеты будут заняты профилактическими мероприятиями.,entailment,"cleanlab, ds2",2
"Регион присоединится к Всероссийской акции «Студенческий десант». Данная акция стала уже традиционной и пройдет в четвертый раз. В течение нескольких дней учащиеся средних и высших образовательных учреждений будут посещать разные подразделения полиции, познакомятся с работой стражей порядка.",Студентов пустят посмотреть работу полицейских.,entailment,ds2,1
"Сироты наши герои потому, что люди убили их родителей. А другие люди нашли умиравших детенышей и выходили их, чтобы потом отпустить на волю. Это дрессировка наоборот, потому что целью ее является не вырастить друга и помощника, но вместо этого сделать шимпанзе или слона пригодным для жизни в дикой природе, не дать ему привязаться к человеку и загону.",Родителей этих детенышей убили звери.,not_entailment,cleanlab,1
"Дело возвращено для устранения препятствий его рассмотрения судом, так как в обвинительном заключении были нарушены права потерпевшего.",Дело закрыли.,not_entailment,ds2,1
"На заседании областного Совета при губернаторе по развитию физической культуры и спорта чиновники отметили, что прошедший год был для отрасли успешным.",В областном Совете при губернаторе прошло заседание по развитию физической культуры и спорта.,entailment,ds2,1
"Как выяснилось, причиной аварии на станции стало обрушение крыши в районе пятой турбины: рухнувшая кровля повредила трубы газопровода, от этого и произошел взрыв.",Пятая турбина рухнула на трубы газопровода.,not_entailment,"cleanlab, datamaps",2
"Упавшая на газон девушка выжила, но получила тяжелые травмы. Осознав, что он натворил, мужчина скрылся, но позже добровольно явился в следственные органы. При этом свою вину подсудимый вину не признал, пояснив, что его жена сама выпрыгнула в окно, поскольку была склонна к суициду.",Газон нанес девушке тяжелые травмы.,not_entailment,cleanlab,1
"""Трудовые мигранты - и проблема, и надежда России, заявил президент России Дмитрий Медведев в субботу в ходе общения с региональными журналистами. По его словам, для некоторых городов мигранты """"это действительно большая проблема, особенно для относительно небольших городов, где поток мигрантов может просто разрушить трудовой баланс, и за этим нужно следить"""". ""","Медведев назвал мигрантов надеждой РФ, но и ее проблемой.",entailment,ds2,1
"""В Сухуми взорван внедорожник, припаркованный недалеко от жилого дома по ул.Когония, сообщил """"Интерфаксу"""" начальник УВД города Гарри Аршба. По словам собеседника агентства, взрыв произошел около 12:30 в субботу. В результате взрыва никто не пострадал, так как в автомобиле никого не было.""",В Сухуми взлетел на воздух жилой дом.,not_entailment,"cleanlab, ds2",2
"""Максим, 5,5 лет: """"В Москве мне нравится наш дом. А не нравится библиотека, потому что там все постоянно задерживаются"""".""",Максим пожаловался на библиотеку.,entailment,cleanlab,1
"В деревне Дайон в кантоне Вале на юге Швейцарии местный житель открыл стрельбу по прохожим, убив трех человек и ранив еще двоих, сообщает британская телерадиокорпорация Би-Би-Си. Полиция арестовала стрелявшего. При задержании он получил огнестрельное ранение, поскольку стал угрожать полицейским оружием.",Швейцарец стрелял по прохожим.,entailment,ds2,1
"Огонь удалось потушить через восемь минут. Есть пострадавший. Также одна часть дома сгорела, вторая выгорела.",Огонь тушили восемь минут.,entailment,ds2,1
"""Следователи ознакомили лидера националистического движения """"Русские"""" Дмитрия Демушкина с проведенными экспертизами, одна из которых заключила, что в его прошлогоднем интервью, из-за которого было возбуждено одно из уголовных дел, отсутствует элемент разжигания межнациональной розни.""",Одно из интервью националиста не разжигало межнациональную рознь.,entailment,"cleanlab, datamaps",2
"В дальнейшем система электронного доступа будет развиваться. Электронные замки предполагается поставить и на другие кабинеты. Правда, вероятнее всего, это будут модели попроще – которые открываются магнитной картой.",Электронных замков станет больше.,entailment,cleanlab,1
"Я сегодня первый раз вышла. Когда волна недовольства только начинала подниматься, я как-то равнодушно к этому отнеслась. Тогда муж сказал, что хочет пойти на Болотную - даже пыталась его отговорить, так как очень испугалась, что его могут замести.",Муж хотел пойти на Болотную.,entailment,ds2,1
"""По словам очевидцев, их было как минимум три. Сотрудник министерства рассказал местной газете Postimees, что сидя у себя в кабинете на первом этаже услышал стрельбу, после чего быстро закрыл двери и покинул здание через окно. """"Что там сейчас происходит, не знаю, так как не нахожусь в здании"""".""",Сотрудник министерства выбрался из здания через окно.,entailment,ds2,1
"Напомним, на него завели уголовное дело, заподозрив в халатности.",Его заподозрили в халатности.,entailment,ds2,1
"Свое поведение задержанный пытался объяснить тем, что ранее одна из собак его покусала.",Когда-то задержанный пострадал от укусов собаки.,entailment,cleanlab,1
"Снег с крыши ни разу за зиму не скидывали, и вот лавины снега начали падать, там даже ограждения вырвало, - комментирует автор фото. - Ладно, машины, а если бы это были люди… Однако мнения комментаторов разделились. Одни жалеют пострадавших автовладельцев, которые оставили свои автомобили в непосредственной близости возле дома.",Крышу не чистили всю зиму.,entailment,"cleanlab, datamaps, ds2",3
"""Астахов отметил, что в ситуации разбираются вирусологи и инфекционисты. Главная задача - локализовать распространение вируса. """"Потому что уже несколько версий существует, в том числе - что это внесенный вирус, привезенный кем-то из-за границы"""".""","Это внесенный вирус, привезенный кем-то из-за границы.",not_entailment,"cleanlab, datamaps",2
"Что же разместили на бампере, что на дверях, и какую проблему помогали решать таким образом?» Знатоки после минутного обсуждения предположили, что на бампере разместили подушку, а на задних дверях – матрас. Но это был неправильный ответ. Оказалось, что компания предложила размещать на переднем бампере видеокамеры, а изображения с них передавать на мониторы, установленные на задних дверях фуры.",Знатоки не догадались.,entailment,cleanlab,1
"Сотни военнослужащих из Катара принимали участие в военных операциях на стороне ливийских оппозиционеров, сообщил в среду журналистам командующий Генеральным штабом катарских Вооруженных сил Хамад бен Али Аттыйя. По его словам, оппозиционеры нуждались в такой поддержке, поскольку большинство из них составляли гражданские люди, никогда не имевшие дело с военной наукой.",Сотни военослужащих Катара воевали за ливийских оппозиционеров.,entailment,"datamaps, ds2",2
"В настоящее время производственная  мощность завода составляет 150 тысяч автомобилей в год, и при благоприятной тенденции продаж планируется до 2012 года увеличить производство до 200 тысяч автомашин. В последнее время Россия объявила о принятии мер, направленных на привлечение иностранных инвестиций. Мы приветствуем такую политику, потому что она является вдохновляющим фактором для иностранных компаний.",Завод производит 150 000 автомобилей в год.,entailment,ds2,1
"Как сообщает прокуратура Ульяновской области, в тот день мужчина поругался с отцом. Причиной ссоры стало то, что сын не работал и постоянно пил. Мужчина стал избивать отца руками, и от полученных травм тот скончался на месте происшествия.",Пьяный сын убил отца.,entailment,cleanlab,1
"Спустя время парень беспрепятственно открыл машину и угнал ее. Потом разобрал и продал детали. Новому владельцу вернули оставшуюся часть автомобиля, а на молодого человека завели уголовное дело.","Молодой человек разобрал машину, а затем угнал детали.",not_entailment,"cleanlab, datamaps",2
"В Нижегородской области выясняют причины крупного пожара, в результате которого сгорел дом и пострадал подросток.",В Нижегородской области пострадал подросток.,entailment,"datamaps, ds2",2
"Прогулочная зона дала трещину, ее часть поползла в сторону моря.",С прогулочной зоной что-то не так.,entailment,cleanlab,1
"""Она пройдет в центре Брянска 5 февраля. По словам пресс-секретаря главы брянской городской администрации Константина Касаминского, """"городские власти в проведении акции не отказали, в таких вещах никто не отказывает"""". """"Однако уведомление не было принято, поскольку не были соблюдены сроки"""".""",В центре Брянска пройдет акция.,entailment,ds2,1
"Я не выступал, потому что очень сложная организация.",Организация сложна.,entailment,ds2,1
"Соревнования прошли в бескомпромиссной борьбе, но в этот день случилось более знаковое событие, которое затмило все остальные.",Борьба была бескомпромиссной.,entailment,"cleanlab, ds2",2
"Предполагается, что он получил деньги за помощь в получении субсидий, выделяемых на закупку производственного оборудования в лизинг, одной из организаций, у которой в документах была завышена стоимость техники.","За что он получил деньги, окончательно не выяснено.",entailment,cleanlab,1
"Автор поста написал в комментарии, что прорвалась канализация.",Автор поста написал про канализацию.,entailment,ds2,1
"В одной из комнат он нашел икону, которую забрал с собой, чтобы продать.",Он искал в комнате икону.,not_entailment,"cleanlab, datamaps",2
"Гость же пропал вместе с электроинструментами, фотоаппаратом и другими ценными вещами общей стоимостью 56 тысяч рублей. По факту возбудили уголовное дело, а подозреваемого объявили в розыск. На поиски ушло несколько суток, так как мужчина не имел постоянного места жительства и не общался с родными.",Мужчина унес фотоаппарат и электроинструменты.,entailment,cleanlab,1
"""Следствие рассматривает несколько версий преступления, в том числе и связанное с ее профессиональной деятельностью. """"В числе основных версий следователи рассматривают убийство на бытовой почве, а также в связи с профессиональной деятельностью одной из погибших"""", - сообщила руководитель СУ СКР по Тульской области Татьяна Сергеева журналистам во вторник. Предполагается, что убитая семья могла знать убийцу, так как дверь квартиры была закрыта с внешней стороны.""",Убита целая семья.,entailment,ds2,1
"Как рассказали «Комсомольской правде» в пресс-службе администрации города, на том участке наконец появился светофор.",Светофор установлен.,entailment,"cleanlab, ds2",2
"Впрочем, водителя машины вскоре нашли. Им оказался 32-летний местный житель. Он сообщил, что скрылся с места аварии, потому что испугался.",Водитель машины убрался на месте аварии.,not_entailment,ds2,1
"7 января на личной странице бизнесмена в соцсети Facebook появилось сообщение, в котором говорилось, что он намерен добиваться проведения прокурорского расследования.","Предприниматель хочет, чтобы прокурор во всем разобрался.",entailment,"cleanlab, datamaps, ds2",3
"""""""Мы двигаемся вперед. Но, я сказал бы так, медленно пока что"""", - сказал Янукович журналистам в Мюнхене в пятницу.""",В пятницу Янукович пообщался с журналистами в Мюнхене.,entailment,cleanlab,1
"Представитель авиаперевозчика заявил, что из 293 рейсов были отменены 104, из которых 75 - внутренние. Это уже четвертая забастовка пилотов за последний месяц. Как и в случае с предыдущими забастовками, особых неудобств пассажиры не испытали, так как они либо смогли воспользоваться другими рейсами, либо им было предложено перенести дату вылета.",Пассажиры испытали массу неудобств.,not_entailment,cleanlab,1
"""Как сообщили «Комсомольской правде» в пресс-службе музея, выставка получила название """"Добрые друзья детства"""".""","""О названии выставки """"Комсомольская правда"""" узнала у пресс-службы музея.""",entailment,ds2,1
"""Береговой в суде пожаловался на противоправные действия и угрозы со стороны друзей Агафонова. """"После инцидента 15 августа 2011 г. ко мне приезжал молодой человек со стороны Агафонова, он требовал видеозапись с камер наблюдения, - рассказал он. По его словам, угрожавший обещал """"всем устроить, так как побили хорошего человека"""".""",Береговой жаловался в суде на друзей Агафонова.,entailment,ds2,1
"Прошу подойти ответственно к этому вопросу. Поставить галочку и забыть — не выйдет. Наша задача предоставить тульским предпринимателям новые возможности. Что губернатор сказал про медицину, читайте здесь.",Вопрос требует второго подхода.,not_entailment,ds2,1
"""""""Сегодня поисковая операция была прекращена, так как она стала слишком опасной"""", - сказал он на условиях анонимности.""",Поисковая операция продолжаться не будет.,entailment,cleanlab,1
"Как сообщили в Дальневосточном следственном управлении на транспорте, двое из них обвиняются в получении взятки, третий - в посредничестве во взяточничестве.",Все три обвинения связаны со взятками.,entailment,cleanlab,1
"Фотографии процесса демонтажа уже появились в социальных сетях, и, комментируя их, горожане спрашивают: что же будет построено на этом месте?",Горожане комментируют фото демонтажа в соцсетях.,entailment,ds2,1
"Врачи поставили ей диагноз: «алкогольное опьянение». Данным фактом заинтересовалась областная прокуратура. - В настоящее время проводится проверка, выясняются подробности происшествия, а также при каких обстоятельствах был приобретен алкогольный напиток.",Врачи испытали алкогольное опьянение.,not_entailment,ds2,1
"Пострадавший пробирался между вагонами состава, когда поезд начал движение.",Пострадавший пробирался между вагонами поезда.,entailment,ds2,1
"Я не выступал, потому что очень сложная организация.",Таинственная организация заставила меня подписать отказ от выступления.,not_entailment,ds2,1
"""Возраст людей определить не смог. Их лица были закрыты капюшонами, - рассказал журналисту """"Комсомольской правды""""-Саратов один из автолюбителей, проезжавших на мосту. - Со стороны обоих городов образовалась пробка, так как прибывшие машины спасателей и полиции перегородили полосу движения.""",Люди целиком прятались под капюшонами.,not_entailment,ds2,1
"Я бы дал деньги на командировки, потому что спортивный журналист здесь сидеть не должен, он должен ездить.","Спортивный журналист должен ездить, а не сидеть.",entailment,"cleanlab, ds2",2
"""Изменения в структуре МВД происходят непросто, но альтернативы им нет, заявил президент России Дмитрий Медведев на встрече с личным составом отдела МВД по Академическому району Москвы в связи с профессиональным праздником сотрудников органов внутренних дел. """"МВД должно быть эффективным, мобильным, сильным ведомством, не расхлябанным, а способным решать задачи, которые стоят во всем мире перед правоохранительными структурами, полицией, другими службами МВД"""", - подчеркнул президент. """"Я уверен, что у нас все получится, потому что преобразования назрели"""", - сказал он.""",Структура МВД меняется.,entailment,cleanlab,1
"""Мировой участок Басманного суда Москвы назначил административный арест гражданскому активисту Вадиму Дергачеву за субботнюю акцию у Следственного комитета России. """"Суд назначил Дергачеву наказание в виде 10 суток ареста по статье 19.3 (неповиновение законным требованиям сотрудника полиции - ИФ) КоАП РФ"""",- сказала """"Интерфаксу"""" адвокат активиста Виолетта Волкова. Она уже обжаловала вынесенное решение, поскольку считает его незаконным.""",Активиста приговорили к аресту на 10 суток.,entailment,cleanlab,1
"Синоптики обещают: морозы, вновь нагрянувшие в Ульяновскую область, совсем скоро отступят, и к концу рабочей недели в регионе заметно потеплеет.",В Ульяновской области заметно потеплеет.,not_entailment,cleanlab,1
"Сначала состязались талисманы Восточной и Западной конференций, а потом фавориты сошлись в финале.",Талисманы дрались.,not_entailment,ds2,1
"Водителя легкового автомобиля госпитализировали в реанимационное отделение районной больницы. У него взяли кровь на анализ. Отметим, что место происшествия очагом аварийности не является.",У водителя легковушки взяли кровь на анализ.,entailment,ds2,1
"Как сообщает Государственная инспекция труда, водитель подготавливал дежурный автомобиль.",Шофер готовил дежурный автомобиль.,entailment,"cleanlab, ds2",2
"В ведомстве поясняют, что работа должника связана с ремонтом и диагностикой автомобилей и не подразумевает необходимость управления транспортным средством.",Должнику не нужны права.,entailment,cleanlab,1
"В пресс-службе ведомства сообщили, что в течение декады в муниципалитетах пройдут профилактические мероприятия.",Десять дней в муниципалитетах будут идти профилактические мероприятия.,entailment,"cleanlab, ds2",2
"""17:50. В толпе машут букетиками белых цветов. 17:48. Теперь из кузова фургона выступает Андрей Нечаев, защитник Белого дома и министр в кабинете Егора Гайдара. """"Мы сами отдали свободу, потому что расслабились"""", - признает он.""",У Андрея Нечаева был букет из белых цветов.,not_entailment,datamaps,1
"Коррекция высоты орбиты проводиться не будет, поскольку объект не представляет угрозы станции.",Объект не угрожает станции.,entailment,"cleanlab, ds2",2
"Как сообщают в социальных сетях местные жители, на свет появилось одноглазое животное, напоминающее циклопа.",Местные жители обсуждают одноглазое животное в соцсетях.,entailment,ds2,1
"Как сообщила в понедельник газета Daily Telegraph, ожидается, что во вторник законопроект будет отправлен на окончательное согласование в нижнюю палату парламента. Никаких препятствий на пути к окончательному принятию законопроект не должен встретить, поскольку ранее палата общин уже одобрила его первоначальную версию подавляющим большинством голосов.",Газета рассказала о тёмном прошлом законопроекта.,not_entailment,"cleanlab, ds2",2
"Министр внутренних дел Румяна Бычварова объявила, что на днях у Болгарии появится возможность осуществлять такую проверку всех въезжающих и выезжающих из страны, какой нет ни в какой другой европейской стране. Новая система контроля стала возможной, благодаря соглашению с США. Министр отказалась сообщить подробности, так как речь идет о конфиденциальной информации, и лишь уточнила, что повышается уровень безопасности и проверок.",Министр не сообщила подробности.,entailment,ds2,1
"Женщину обвиняли в том, что она фиктивно ставила на учет иностранцев, регистрируя их в своей квартире. Как сообщили в облпрокуратуре, фактически она не собиралась предоставлять им жилье. Во время судебного процесса женщина свою вину признала, раскаялась и пояснила, что шла на преступления, поскольку ей требовались деньги.",Женщина раскаялась.,entailment,ds2,1
"Власти Москвы планируют выйти на бездефицитный бюджет через пять лет, сообщается в материалах департамента финансов Москвы, представленными заммэра города Андреем Шароновым на пресс-конференции. Согласно прогнозу, в 2016 г. профицит бюджета столицы составит 15,5 млрд рублей.",В Москве прогнозируется дефицит бюджета.,not_entailment,cleanlab,1
"Третий месяц зимы тоже не готовит особых климатических сюрпризов. Среднемесячная температура и количество осадков будет соответствовать традиционным для нашего региона значениям. Весна ожидается ранней, но может продлиться дольше обычного.",Весна продлится дольше обычного.,not_entailment,"cleanlab, datamaps",2
"""Целый оружейный арсенал, на который вышли полицейские, вывел на след предполагаемых убийц.""",Полицейские организовали арсенал.,not_entailment,"cleanlab, ds2",2
"""По его словам, в результате падения обломков, по предварительным данным, никто не пострадал. """"Людей в тех местах находиться не должно было"""", - сказал собеседник агентства. Он также отметил: """"Мы со своей стороны не будем отправлять туда наших специалистов, поскольку не обладаем соответствующими средствами индивидуальной защиты.""",Обломки не падали.,not_entailment,cleanlab,1
"Подробности случившегося не сообщаются. Известно, что о произошедшем в полицию сообщила мать девочки, правда, пришла она в отделение на неделю позже. Она рассказала, что преступник каким-то образом проник к ним в дом и совершил надругательство над дочерью.",Подробности случившегося полиция не знает.,not_entailment,"cleanlab, datamaps",2
"Что мы хотим делать дальше? У нас три основных направления: первое - это до 1 июля внедрить СМЭВ во всех субъектах и муниципалитетах. Это нам будет проще сделать, так как в каждом субъекте есть представительства федеральных территориальных органов, а они уже реализовали электронное взаимодействие.",У нас есть только три направления для дальнейших действий.,not_entailment,cleanlab,1
"""Как сообщалось, 15 шахтеров в понедельник 3 сентября отработали положенную смену - с 08:00 до 16:00, а по окончании смены не поднялись с горизонта минус 860 метров. Они требовали в том числе отменить незаконно введенный на предприятии ООО """"Рус-Инжиниринг"""", которое входит в """"РусАл"""" и обслуживает СУБР, скользящий график, а также повысить оклады. Ранее компания назвала действия участников акции незаконными, в том числе потому что """"шахта является объектом повышенной опасности и нахождение в ней без специальных нарядов категорически не допускается"""".""",Шахтеры протестуют в шахте.,entailment,cleanlab,1
"Как сообщает пресс-служба ведомства, в новом документе сохранили транспортную систему.",Транспортная система сохранилась и в новом документе.,entailment,cleanlab,1
"""Президент России Владимир Путин поздравил членов команды """"КАМАЗ-Мастер"""" с завоеванием трех призовых мест на  прошедшем в январе ралли """"Дакар"""". """"Я вас поздравляю с этим, безусловно, серьезным результатом. Хочу пожелать, чтобы вы всегда, так как вы умеете делать, могли концентрироваться и добиваться победы"""", - сказал он на встрече с представителями команды во вторник.""","""Президент России Владимир Путин встретился с представителями команды """"КАМАЗ-Мастер"""" во вторник.""",entailment,ds2,1
"По данным следствия, в июне прошлого года в подъезде одного из домов по улице Отрадной обвиняемый избил свою бывшую супругу и сломал ей палец.",Обвиняемый сломал руку бывшей супруге.,not_entailment,"cleanlab, datamaps, ds2",3
"Дом по адресу Ленина  63а является нежилым. Во многом благодаря этому обошлось без жертв. У здания два этажа: из кирпича и дерева. В результате пожара сгорели крыша и пристрой, обгоревшими оказались потолок, стены изнутри и снаружи, пол.",Дом по адресу Ленина  63а подожгли.,not_entailment,cleanlab,1
"Это предполагает законопроект о фонде субсидирования предприятий, которые создают новые рабочие места, рассмотренный комиссией по сельскому хозяйству и пищевой промышленности и предложенный парламенту.","Парламент рассмотрел законопроект о фонде субсидирования предприятий, которые создают новые рабочие места.",not_entailment,"cleanlab, datamaps",2
"""Это, по данным Генпрокуратуры, является грубым нарушением инструкции, устанавливающей условия и основания объявления в международный розыск, утвержденной совместным приказом МВД, Минюста, ФСБ, ФСО, ФСКН и ФТС РФ. """"В связи с этим Генпрокуратура РФ направила на имя председателя СК РФ Александра Бастрыкина требование об устранении выявленных нарушений. Это сделано повторно, поскольку первое аналогичное требование, направленное ранее, выполнено не было"""", - говорится в пресс-релизе.""",Объявление в международный розыск сделано по инструкции.,not_entailment,cleanlab,1
"Такие победы просто так не даются. У нас уже не было выбора, мы выходили с одной целью, с одной задачей – выиграть.",Мы выиграли.,entailment,cleanlab,1
"От имени коллектива следственного управления Следственного комитета Российской Федерации по Тульской области и от себя лично поздравляю Вас с Новым годом и Рождеством Христовым! Новый год и Рождество – праздники волшебства, всеми любимые и ожидаемые! Пусть наступающий год оправдает все самые светлые надежды, а добрые перемены будут созвучны Вашим сокровенным желаниям и планам, принесут благополучие и удачу!",Наступающий год оправдает все самые светлые надежды!,not_entailment,cleanlab,1
"Дело из 8 томов рассматривала 7 дней выездная коллегия Приволжского окружного военного суда. Большинство заседаний были закрытыми. Об этом ходатайствовала прокуратура, так как некоторые эксперты со стороны обвинения боялись угроз в случае дачи показаний в суде.",Все заседания были открытыми.,not_entailment,cleanlab,1
"Теперь об отсутствии таблички напоминают только куски осыпавшейся побелки на полу. – Им пришлось исправить, подбелить стену по краям, – отмечают в музее. – Потому что вырывали «с мясом», была дыра.",На полу музея - побелка.,entailment,"cleanlab, ds2",2
"Сделали горку для ребятишек, каток. Но залить своими силами смогли только горку. Никто не хочет помочь нам заливать, а ведь мы стараемся сделать хоть что-то.",Каток залили своими силами.,not_entailment,cleanlab,1
"Преступники выбрали своей целью отделение на Ленинском проспекте, дом 93. Ближе к полуночи неизвестные грабители отжали входную дверь банка, проникли в помещение филиала и выкрали оттуда сейф, рассказывает источник в правоохранительных органах ФБА «Экономика сегодня». Поскольку банк охраняемый, и в нем установлена сигнализация, оперативная группа оказалась действительно оперативной и прибыла на место уже через восемь минут после сигнала.",Преступники подменили сейф в банке.,not_entailment,ds2,1
"Фотографии процесса демонтажа уже появились в социальных сетях, и, комментируя их, горожане спрашивают: что же будет построено на этом месте?",Предыдущее строение на этом месте демонтируют.,entailment,datamaps,1
"Преступление удалось раскрыть в кратчайшие сроки благодаря тому, что пострадавшая сразу сообщила о случившемся в полицию. На помощь женщине оперативный дежурный направил ближайший патрульный экипаж. Отрабатывая дворы, прилегающие к месту происшествия, полицейские увидели молодого человека, приметы которого совпадали с описанием грабителя, и задержали его.",Молодого человека задержали по наитию.,not_entailment,cleanlab,1
"В воскресенье в Липецкой области потеплеет, сообщают синоптики.",Синоптики обещали потепление.,entailment,"cleanlab, ds2",2
"Но она не поверила ему, так как слышала о мошенниках.",Она слышала о мошенниках.,entailment,ds2,1
"Между тем, другие уверяют, что стекло было целым. Возможно, мужчина выпал из двери. - Муж ехал по главной, ГАЗ не уступил дорогу.",Стекло точно было целым.,not_entailment,ds2,1
"О насилии жертва сообщила врачам, когда ей исполнилось 16 лет. Но норвежские медики не имели права передавать эту информацию в полицию или родителям, поскольку формально девочка уже считалась совершеннолетней.","Девочка ждала до 16 лет, чтобы сообщить о насилии.",entailment,cleanlab,1
"Деревянный черенок от метлы стал причиной преступления, которое унесло жизнь пенсионера.",Черенок от метлы унес жизнь пенсионера.,not_entailment,"cleanlab, datamaps, ds2",3
"""По мнению главного экономиста Альфа-банка Наталии Орловой, у Кудрина не получилось сделать бюджет источником экономического роста с помощью инвестиций. """"Не думаю, что это колоссальный провал, так как всегда считалось, что бюджетная политика - не самый подходящий инструмент для инвестиций"""".""",Бюджетная политика - едва ли не самый подходящий инструмент для инвестиций.,not_entailment,"cleanlab, datamaps",2
"""По его мнению, """"оргкомитет просто не сможет удержать людей, чтобы не выступить в центре Москвы"""". По словам Удальцова, предложение провести митинг на Манежной площади не нашло понимания у представителей городской администрации. """"Другие варианты мы не стали предлагать, поскольку это привело бы к эскалации конфликта"""", - сказал он.""","Удальцов сказал, что конфликт исчерпан.",not_entailment,cleanlab,1
"По данным источника агентства, именно в одной из последних двух машин находился освобожденный во вторник спортсмен. Он находится под усиленной охраной и будет вывезен в безопасное место. Это сделано во избежание каких-либо инцидентов, так как у здания суда скопилось несколько десятков человек, в основном - противников такого приговора.",Спортсмена плохо охраняют.,not_entailment,ds2,1
"Водитель успел выскочить из автобуса, который начал медленно тонуть. Помочь ему в этот момент было некому. Владельцу оставалось только с грустью наблюдать, как тонет его имущество.",Водитель выпрыгнул из горящего автобуса.,not_entailment,cleanlab,1
"В регионе будут колебания атмосферного давления, которые спровоцируют головные боли и боли в области сердца.",Метеозависимым в регионе придется несладко.,entailment,"cleanlab, datamaps",2
"Концерт стал знаменателен и тем, что во время выступления певица презентовала свой новый альбом.",Во время концертов певица всегда презентует свои новые альбомы.,not_entailment,ds2,1
"""Сам Удальцов заявлял, что врачи действуют под давлением полицейских. """"Власти избрали тактику поддержания у меня минимального жизненного уровня. В этих условиях я вынужден продолжать голодовку, поскольку никакой вины за собой не вижу"""", - сообщил он.""",Удальцов отказывается от еды.,entailment,"cleanlab, datamaps",2
"""Как рассказали """"Комсомольской правде"""" в пресс-службе комитета культуры южной столицы Псковской области, все трое учатся в Образцовом художественном коллективе Театра детской песни """"Летний дождь"""".""",Все трое учатся в образцовом художественном коллективе.,entailment,ds2,1
"Поначалу он надеялся, что с мальчиком ничего страшного не произошло. Но малышу было все хуже. «Скорую» вызвали только около двух часов ночи, спустя несколько часов после того, как мальчик упал и получил травмы.",С мальчиком ничего страшного не произошло.,not_entailment,"cleanlab, ds2",2
"Сумма долга предприятия перевалила за два миллиона рублей, кроме того, работодатель не спешил выплачивать работникам компенсацию за задержку зарплат.",Работодатель не спешил платить.,entailment,ds2,1
"Причины пожара устанавливаются сотрудниками экстренных служб. Напомним, накануне в Северной столице тушили крупный пожар в квартире многоэтажного дома. Огонь бушевал на балконе, жильцу пришлось прятаться от пламени на соседнем балконе.",Причины пожара пока неизвестны.,entailment,ds2,1
"""Правозащитники предлагают сократить область применения в России понятия """"экстремистская деятельность"""" и отказаться от списка запрещенной экстремистской литературы. """"Должно быть резко сокращено применение понятия """"экстремистская деятельность"""", кроме случаев самих насильственных преступлений, призывов к насильственным преступлениям, либо организованной деятельности, связанной с насильственными преступлениями"""", - заявил на пресс-конференции в центральном офисе """"Интерфакса"""" в среду директор информационно-аналитического центра """"Сова"""" Александр Верховский. Он также предложил отказаться от федерального списка запрещенных экстремистских материалов, так как он, по мнению правозащитника, """"не работает"""".""","""Правозащитники недовольны слишком узкой областью применения в России понятия """"экстремистская деятельность"""". """,not_entailment,cleanlab,1
"Всех пострадавших медики доставили в ближайшую больницу. Областной главк полиции сообщает, что водители находились в трезвом состоянии. По факту дорожного инцидента проводится проверка, после которой примут соответствующее процессуальное решение.","Главк полиции удивлен, что все водители были трезвыми.",not_entailment,ds2,1
"Автобус, когда подъехал к одной из остановок, загорелся.",При приближении к остановкам автобусы обычно загораются.,not_entailment,ds2,1
"Задать свой вопрос или оставить жалобу смогут все желающие, рассказали «Комсомольской правде»-Красноярск в городской администрации.",Желающих жаловаться будет много.,not_entailment,"cleanlab, ds2",2
"Я просто об этом даже не думаю, потому что если кто-то что-то захочет, никуда не спрячешься.",Спрятаться не удастся.,entailment,ds2,1
"""""""На требование остановиться водитель иномарки не отреагировал, а наоборот, увеличил скорость, поочередно задев две машины и чуть не сбив женщину с ребенком, переходивших дорогу"""", - сказал представитель пресс-службы. Инспекторы ГИБДД начали преследование, пытаясь прижать автомобиль к обочине, однако его водитель ударил патрульную машину. Сотрудники полиции приняли решение о применении оружия для остановки автомобиля, создававшего большую опасность для окружающих, однако сначала не смогли этого сделать, так как вокруг находились жилые дома, большое количество автомобилей на дороге и пешеходов на улице.""",Большое количество автомобилей на дороге и пешеходов на улице не позволило полицейским стрелять в преследуемую иномарку.,entailment,ds2,1
"Как сообщают очевидцы в социальных сетях, мужчина врезался в стоящий автомобиль.",Автомобиль сбил мужчину.,not_entailment,cleanlab,1
"Их номер про друга крокодила Гены рассмешил и зрителей, и жюри шоу. Своеобразие дуэта и оригинальные шутки позволили Антону и Алине пройти в финал программы, где ребята смогут побороться за главный приз – семь миллионов рублей. К слову, ранее дуэт не смог пройти на полуфинал, так как члены жюри не оценили их шуток.",Антон и Алина поставили номер про друга крокодила Гены.,entailment,"cleanlab, ds2",2
"Девушка работала в павильоне торгового центра, где продавала косметику и парфюмерию.",Девушка продавала парфюм в торговом центре.,entailment,ds2,1
"Михаил Федорович предупредил, что на дорогах очень скользко. Так что, отправляясь в гости, сапоги на «шпильках» и «лабутены» лучше взять с собой, а до гостей добираться в устойчивой обуви. Можно взять с собой в дорогу и праздничные свечки и бенгальские огни, потому что видимость будет плохой — мощная облачность накроет всю область, и придется встречать праздник при свете фонарей и салютов, а не ярких новогодних звезд.","""В сапогах на """"шпильках"""" и """"лабутенах"""" на дорогах будет не так скользко.""",not_entailment,"cleanlab, datamaps",2
"Во время праздничной церемонии в муниципалитете он заявил, что главными задачи для него является максимальное использование всех возможностей в области предпринимательства и экономического развития.",Он сделал заявление по окончании праздничной церемонии.,not_entailment,"cleanlab, ds2",2
"Как сообщили «Комсомольской правде» в пресс-службе музея, выставка получила название «Добрые друзья детства».",Выставке придумали название.,entailment,ds2,1
"Ураганный шквал, который обрушился в среду на город, попортил нервы северянам.",Шквал расстроил северян.,entailment,cleanlab,1
"""Бывший глава полиции ранее подтвердил, что он перешел на сторону мятежников. """"Я объявляю, что дезертировал из армии и присоединяюсь к народной революции"""", - говорится в видеообращении, распространенном этим военным. Он пояснил, что принял такое решение, так как сирийская армия уничтожает мирных жителей вместо того, чтобы защищать их.""","Сирийская армия уничтожает мирных жителей вместо того, чтобы защищать их.",entailment,ds2,1
"В аналогичном опросе, проведенном в марте 2010 г., за новую дисциплину высказалось 63% респондентов. В ноябре правительство утвердило план эксперимента, предусматривавшего преподавание основ религий и светской этики в 19 субъектах федерации. Осенью прошлого года Московский патриархат высказался за преподавание религиозных дисциплин не только в четвертом и пятом классах, но и на всех этапах школьного обучения, поскольку двух полугодий для усвоения материала недостаточно.",В прошлом году Московский патриархат высказался за преподавание религиозных дисциплин на всех этапах школьного обучения.,entailment,cleanlab,1
"Они не знают обидчиков. - По словам потерпевших, накануне около четырех часов дня на них напали трое неизвестных подростков и избили. По данному факту проводится проверка, - рассказывает источник в правоохранительных органах.","Потерпевшие уверяют, что нападавших было трое.",entailment,ds2,1
"Строение было небольшое и пожар потушили в считанные минуты. Однако, огонь успел уничтожить крышу и повредить стены. На пожаре никто не пострадал, сейчас специалисты устанавливают точную причину возгорания.",Маленькое строение быстро потушили.,entailment,"cleanlab, ds2",2
"Аркадий завоевал медаль за профессионализм в компетенции «Гостиничный сервис (ресепшн)». — Необходимо было выстроить приоритеты: какую задачу решать первой, какую — последней. Это было очень тяжело, но и очень интересно, потому что ситуации по легенде были максимально приближены к жизни.",Аркадий получил медаль за работу на ресепшн.,entailment,ds2,1
"Владельцем ружья оказался 50-летний кандалакшанин. Двустволку он получил в наследство. О краже он не стал сообщать, потому что испугался наказания.",У кандалакшанина украли наследную двустволку.,entailment,ds2,1
"Ноябрь и часть декабря удивили сильными морозами, но сейчас погода стабилизировалась и будет тепло.","Теперь будет жарко, как летом.",not_entailment,ds2,1
Учредителем центра стала Государственная канцелярия.,Государственная канцелярия выступила перед учредителем.,not_entailment,"cleanlab, datamaps",2
"Об этом вечером во вторник, 17 января, сообщила пресс-служба Спасательного департамента, отметив, что немецкую противотанковую мину Tellermine 42 обнаружили в на улице Кеэвисе в ходе земляных работ. Спасатели эвакуировали жителей окрестных домов, офисов и складских помещений. Уничтожать мину на месте не стали, поскольку это угрожало повреждению трассы трубопровода.",В ходе земляных работ нашли воду.,not_entailment,"cleanlab, ds2",2
"В продуктовом магазине на улице Суворова продают подозрительно дешевый алкоголь. Силовики провели контрольную закупку и выяснили, что алкоголь в павильоне продавали без специальной лицензии.",Дешевый алкоголь оказался нелицензированным.,entailment,"cleanlab, datamaps",2
"Малыш, которому исполнилось всего один месяц от роду, скончался от острого отравления алкоголем. Как выяснилось в ходе доследственной проверки, вечером накануне гибели ребенка мать захотела выпить спиртного. Муж не мог ее остановить, потому что в это время был на работе.",Мать не успела выпить спиртного.,not_entailment,cleanlab,1
"Работа личного состава будет усилена, наших сотрудников не отпускают в эти дни в отпуск, - отметил спикер.","По словам спикера, в эти дни личный состав отправится на отдых.",not_entailment,cleanlab,1
"""""""Воздушные шары символизируют открытость и честность выборов, а их количество равно числу ТИКов в республике"""", - пояснил агентству поднесший спичку к чучелу, облив его перед этим жидкостью для разведения костров, правозащитник Эдвард Мурзин. Участники митинга, организованного одним из лидеров общественного движения """"Голос Уфы"""" Андреем Андреевым, прошли колонной с речевками и знаменами несколько кварталов к площади перед Русским драмтеатром. Полиция не перекрывала движение автотранспорта, поскольку колонна участников акции двигалась только по тротуарам.""",Честность и открытость выборов символизируют воздушные шары.,entailment,ds2,1
"Разозлившись, хозяин квартиры схватил нож и ударил им гостя в грудь и живот. От травм мужчина скончался на месте. Предприимчивый мужчина решил спрятать труп убитого, поэтому он его расчленил и прикрыл одеялом.",Хозяин квартиры убил гостя ножом и одеялом.,not_entailment,"cleanlab, datamaps",2
"""Оно должно сохранять некоторые бренды, должно сохранять некоторые символы, из которых, опять-таки, составляется уникальность этого города, этого государства. Поэтому """"Ленфильм"""" должен быть сохранен именно как государственный центр – он может быть меньше, чем сейчас, допустим, но он может стать каким-то инкубатором, где выращивают великих режиссеров, а они потом, их ученики могут работать в разных других местах. Я думаю, что предложенный вариант не очень удачный, потому что то, как он выглядит сейчас – это обыкновенная приватизация, это новая волна приватизации.""","""""""Ленфильм"""" может стать инкубатором великих брендов.""",not_entailment,"cleanlab, datamaps",2
"Так как техника одновременно идет колонной сразу по нескольким полосам, власти города призывают водителей с понимаем отнестись к временным неудобствам и не мешать работе коммунальщиков.","""Власти города просят у водителей """"понять и не мешать"""".""",entailment,ds2,1
"""""""Система аккредитации - это ключевой инструмент допуска на рынок. Мы сейчас готовим закон об аккредитации, который весной хотим внести в Госдуму"""", - сказала она. """"Этот закон очень важен, потому что он будет предусматривать переход на международные стандарты аккредитации"""", - сказала она.""",Она ждет весну.,entailment,"cleanlab, ds2",2
"Он был уверен, что в процессе был допущен ряд процедурных нарушений.",Он был уверен в процессе.,not_entailment,"cleanlab, datamaps",2
"Стало известно, где собираются отмечать праздник Крещения Господня первые лица региона.",Первые лица региона не отмечают Крещение.,not_entailment,ds2,1
"""И желательно, по его словам, быть энергичными в интернет-пространстве, поскольку """"Единой России"""" сложнее быть в Сети, чем другой политической силе, так как партия находится у власти: """"Вот вы сказали, что выходили к людям, сначала тяжело, критикуют, пар выпускают. У меня та же самая ситуация, когда подходишь. Радуются вначале, потому что видят людей знакомых, а потом говорят: у нас вот это плохо, это, это"""".""","Находящейся у власти партии проще быть в Интернете, чем любой другой.",not_entailment,cleanlab,1
"Трое молодых людей, из числа ранее судимых, совершили 23 кражи из гаражей и дачных участков. Вначале, они при помощи топора разобрали крышу пристроя к магазину поселка Железнодорожный, проникли на склад продуктов и собрались вынести бутылки с пивом и подсолнечным маслом, несколько пачек пряников, печенье, вермишель и наборы карамели. Однако увести награбленное они не смогли, так как их спугнула охрана.",Четверых преступников спугнула охрана.,not_entailment,"cleanlab, datamaps",2
"Так как у мужчины не было постоянного заработка, ему пришлось взять кредит в банке.",Мужчина взял кредит в банке.,entailment,"datamaps, ds2",2
"Чиновники хотят купить для очистки магистралей 16 машин. Директор управления дорожного хозяйства и благоустройства Владимир Казимиров отметил, что кроме самосвалов и снегопогрузчиков закупят и две единицы мини-техники специально для содержания улиц Чокана Валеханова и Ленина. Также в управлении отметили: техники не хватает для уборки снега, потому что она постоянно ломается.",Чиновники хотят приобрести самосвалы и снегопогрузчики.,entailment,ds2,1
"Подсудимый, в свою очередь, в последнем слове, предоставленном ему судьей, попросил у родственников погибших и потерпевших прощения.",Подсудимому не дали права на последнее слово.,not_entailment,ds2,1
"Прокуратура поддержала ходатайство следователей и мужчину арестовали на два месяца. В ходе судебного заседания стали известны подробности преступления. Мотивом убийства, как выяснилось, стала ревность.",Подробности преступления удалось выяснить.,entailment,ds2,1
"17 декабря в Белгороде на улице Привольная произошла семейная драма. По версии следствия, младший брат не впустил старшего в его же квартиру. Мужчина не открыл дверь, потому что устал от постоянных пьянок своего родственника, однако вышел на лестничную клетку, чтобы поговорить с ним.",В Белгороде произошла драматическая история с участием братьев следователя.,not_entailment,cleanlab,1
"""Президент РФ Дмитрий Медведев отметил, что стоимость новой радиолокационной станции в Калининграде существенно ниже, чем стоимость станций, которые строились в Советском Союзе. """"Стоимость строительства этой станции, не раскрывая каких-то цифр, она существенно ниже, чем аналогичные станции, которые строились в советские времена, включая действующие станции"""", - сказал президент РФ на совещании с Вооруженными силами РФ. Он подчеркнул, что это немаловажный вопрос, поскольку экономия средств - """"всегда крайне актуальная задача для министерства обороны"""".""",Дмитрий Медведев поднял тему стоимости новой радиолокационной станции в Калининграде на совещании с Вооруженными силами РФ.,entailment,ds2,1
"В среду, 9 ноября, глава ведомства Александр Нерадько сказал журналистам, что Росавиация готова отложить принятие решение об аннулировании лицензии дискаунтера на три месяца.",Росавиация спешит с аннулированием лицензии дискаунтера.,not_entailment,ds2,1
"Мужчина, который ранее не раз был судим, на улице напал на подростка.",Мужчину уже судили за нападение на подростка.,not_entailment,ds2,1
"""По словам россиянина, перед ним стояла задача - финишировать впереди """"Форс Индии"""". """"Мы начали гонку на покрышках средней жесткости. И я старался отстоять свою позицию на старте, так как все в основном были на мягких шинах"""".""",Соперники выступали преимущественно на мягких шинах.,entailment,cleanlab,1
"Соотношение скорости встречного автомобиля и его машины… От этого получился сильный удар. Если кто-то читал когда-то физику, то думаю, люди поймут. Звонит очень много людей на его номер и на мой, кто знает.",Мне звонит много людей.,entailment,ds2,1
"Высоко сижу, далеко гляжу.",С высоты я вижу далеко.,entailment,cleanlab,1
"""Она до сих пор остается единственным человеком, у которого есть к нему доступ. Мне кажется, это человек, чья репутация абсолютно безупречна, гарантированна, никто не посмеет ее упрекнуть в каких-нибудь злоупотреблениях"""", - указал, в свою очередь Пархоменко в интервью телеканалу """"Дождь"""". Он отметил с иронией, что был бы рад, если бы эта проверка привела к судебному разбирательству, так как тогда бы пришлось вызвать в суд всех, кто переводил деньги, а таковых, по его словам, сотни тысяч человек.""",Ее трудно упрекнуть в злоупотреблениях.,entailment,ds2,1
"Ее признали виновной в крупном мошенничестве, которое она совершила с использованием своего служебного положения.",Она совершила мелкое мошенничество.,not_entailment,ds2,1
"""По его словам, в ней примет участие порядка 150 человек. """"Бюрократы не хотят прислушиваться к мнению общественности, которая выступает против уничтожения училища им. Гнесиных. Мы потребуем публично встретиться с нами в рамках """"круглого стола"""", чтобы разъяснить студентам и педагогам причины этого решения, потому что плюсов никто из них не видит, видят только минусы"""", - сказал Хромов.""","""Хромов отказывается провести """"круглый стол"""".""",not_entailment,cleanlab,1
"Громкое уголовное дело, обвиняемым по которому проходит высокопоставленный полицейский из Белгородской области, на днях было передано в суд.",Дело полицейского передано в суд.,entailment,datamaps,1
"""Как сообщает пресс-служба министерства, вызов связан с делом вокруг попытки банкротства Cartu Bank. Сама Кобалия заявила перед тем, как войти в здание МВД, что получила SMS-сообщение с просьбой явиться в министерство для дачи показании в качестве свидетеля. """"Я сразу же решила прийти на допрос, так как готова сотрудничать со следствием"""", - сказала она, выразив надежду на то, что беседа не продолжится долго, так как она на пятом месяце беременности.""",Кобалия на пятом месяце беременности.,entailment,ds2,1
"Пожарные приехали к дому в полдень, обнаружили очаг возгорания и начали тушить огонь.",Пожарные приехали на вызов.,entailment,ds2,1
"""Ей позвонил человек, представился сотрудником Пенсионного фонда и предложил подключить ей услугу """"Мобильный банк"""".""",Ей позвонил сотрудник Пенсионного фонда.,not_entailment,cleanlab,1
"В управлении пояснили, что рассмотрение дела отложено, так как комиссия антимонопольного органа запросила у сторон дополнительные документы по делу.",Дело будет рассмотрено позже.,entailment,cleanlab,1
"Минимальные травмы получил водитель автомобиля. Он смог самостоятельно выбраться из машины и наблюдал за происходящим со стороны. По предварительной версии, водитель потерял управление автомобилем, поскольку выбрал небезопасную скорость движения.",Водитель получил значительные травмы.,not_entailment,cleanlab,1
"За несколько лет сумма накопилась огромная, но должник не спешил платить.",Сумма копилась несколько лет.,entailment,ds2,1
"Там горожане могут купить хвойные деревья и лапник, пишет пресс-служба администрации.","В пресс-службе администрации планируют, что горожане будут покупать там хвойные деревья и лапник.",entailment,ds2,1
"В тетрадке, где он вел записи, парень делал и зарисовки, в частности изображал орудия охоты.",Парень рисовал оружие.,entailment,cleanlab,1
"Сделали горку для ребятишек, каток. Но залить своими силами смогли только горку. Никто не хочет помочь нам заливать, а ведь мы стараемся сделать хоть что-то.",Залить горку своими силами не получилось.,not_entailment,"cleanlab, datamaps",2
"И уже не в первый раз. Как выяснилось, раньше мужчина уже привлекался к административной ответственности и был лишен прав. Так как нарушение стало повторным, на пьяного водителя возбудили уголовное дело.",Водитель был под мухой не в первый раз.,entailment,cleanlab,1
"Как сообщила в понедельник газета Daily Telegraph, ожидается, что во вторник законопроект будет отправлен на окончательное согласование в нижнюю палату парламента. Никаких препятствий на пути к окончательному принятию законопроект не должен встретить, поскольку ранее палата общин уже одобрила его первоначальную версию подавляющим большинством голосов.",Daily Telegraph рассказала о предстоящей судьбе законопроекта.,entailment,ds2,1
"В октябре ее закрывали на ремонт: в правой части центрального блока здания усилили каркас стальными канатами, укрепили и усилили фундамент, завершили восстановление поврежденной отделки.",Поврежденную отделку полностью восстановили.,entailment,"cleanlab, datamaps",2
"Победу в гонке одержали норвежские спортсмены, тройку лучших замкнули немцы.",Норвежцы не смогли обойти немцев.,not_entailment,ds2,1
"Он отметил, что благоприятная ситуация складывается, потому что быстро срабатывают аварийные бригады, создан необходимый запас резервной техники и топлива.",Необходимый запас резервной техники и топлива уже создан.,entailment,ds2,1
"Мужчина сообщил, что к краже может быть причастна его собственная дочь, у которой был доступ к ключам от сейфа.",К краже причастна дочь мужчины.,not_entailment,"cleanlab, datamaps",2
"В документах было указанно, что в контейнере находится пряжа.","По документам, в контейнере должна была быть пряжа.",entailment,ds2,1
"Как считают следователи, в течение трех лет она специально указывала в налоговой декларации цифры, которые были значительно ниже реальных.",Три года она фальсифицировала налоговые декларации.,entailment,"cleanlab, datamaps",2
"В сентябре утвердили схему размещения щитов, по которым пройдут электронные торги.",Схема размещения щитов утвержена.,entailment,"cleanlab, ds2",2
"""Миноритарий банка Алексей Навальный заявил тогда, что покупка буровых установок была совершена по завышенной цене и через офшор, собственники или бенефициары которого не известны. """"Я не понимаю, почему весь набсовет ничего не делает (чтобы расследовать сделку). Вы пособники этой кражи, потому что вы получаете деньги, чтобы защищать наши интересы"""".""",Навальный обвинил наблюдательный совет в бездействии.,entailment,"cleanlab, datamaps, ds2",3
"Он присутствовал на мероприятии не в качестве гостя, а выступил в роли циркового артиста.","Он приехал не гостить, а выступать.",entailment,"cleanlab, datamaps",2
"Некоторые говорили, что видели Лиану в Уфе, якобы она там работает, но эти слухи не подтвердились. Тем временем, в деревне у пропавшей остался семилетний сынишка. Сейчас мальчика воспитывает бабушка. Родственники не теряют надежды, что девушка вернется домой – живая и здоровая.",Сыну Лианы 7 лет.,entailment,cleanlab,1
"Региональный главк полиции сообщает, что закон не соблюдали в павильоне, расположенном на улице Революционной в областном центре.",В павильоне соблюдали закон.,not_entailment,"cleanlab, datamaps, ds2",3
"""Его кандидатуру предложил губернатор Тульской области Владимир Груздев, Медведев ее поддержал. """"Михаил Анатольевич, вы как к этой идее относитесь? Потому что на такие позиции нельзя приходить просто потому, что тебя назвали в присутствии президента"""".""",Медведев и Груздев сошлись во мнении относительно кандидатуры.,entailment,ds2,1
"Преступная группа, осужденная этим летом, смогла вывести из Фонда более миллиарда рублей. 4 августа суд приговорил фигурантов данного дела к срокам от трех до шести с половиной лет лишения свободы. Процесс проходил в особом порядке, поскольку все подсудимые признали свою вину.",Все подсудимые признали себя виновными.,entailment,ds2,1
"«У меня простые принципы подбора людей в команду: порядочность и компетентность. Кто-то на новой должности справляется и продолжает работать, кто-то уходит, а кто-то показывает максимальную эффективность и переходит на решение других, более сложных задач. Так будет происходить и впредь, потому что команда должна работать эффективно», – подчеркнул глава региона.","Глава региона рассказал, что ценит умеренность и аккуратность.",not_entailment,"cleanlab, ds2",2
"Назначена судебно-медицинская экспертиза. По результатам проверки будет ясно, возбуждать ли уголовное дело. Также в ведомстве отметили, что это не первый случай, когда в квартире случился пожар.",Уголовное дело еще не возбуждено.,entailment,"cleanlab, datamaps, ds2",3
"Как выяснилось, женщина выпала из окна собственной квартиры.",Женщину выбросили из окна.,not_entailment,cleanlab,1
"Как выяснилось, конфликт разгорелся на почве ревности.",Ревность подожгла почву.,not_entailment,ds2,1
"Многочисленные коробки с бутылками выносят с торговых точек, разоблачая разные преступления. В отдельных случаях, продавцы попадаются на том, что у товара – поддельные акцизы. Бывает, что сама продукция является явно небезопасной.",Коробки с бутылками разоблачают преступления.,not_entailment,"cleanlab, datamaps",2
"Доктора пытались реанимировать мальчика, но полученные им травмы оказались несовместимыми с жизнью.",Мальчик не выжил.,entailment,"cleanlab, datamaps",2
"Она сообщила об этом двум своим приятелям. Они изучили распорядок дня бизнесмена и напали на него на улице. Злоумышленники вывезли его за пределы города, отобрали деньги, убили.",Бизнесмена убили за пределами города.,entailment,"cleanlab, datamaps",2
"Они искали места, где незаконно продают выпивку.",Они искали места незаконной продажи сигарет.,not_entailment,"cleanlab, ds2",2
"""Премьер-министр Украины Николай Азаров не советует никому издеваться над украинскими судами. Комментируя арест экс-премьера Юлии Тимошенко, Н.Азаров сказал: """"Я там (в Печерском райсуде Киева - ИФ) был вчера и своими глазами убедился, как издевались над судом. Я никому не советую издеваться над судом, потому что суд - одна из основ нашего государства"""".""","Премьер-министр напомнил, что Печерский райсуд Киева - одна из основ государства.",not_entailment,cleanlab,1
"""После праздников электрички области начнут циркулировать по новому расписанию, сообщают в Самарской пригородной пассажирской компании.""",После праздников электрички Самарской области перейдут на новое расписание.,entailment,cleanlab,1
"""Без донорского сердца шансов у пациента не было - тяжелая кардиомиопатия очень скоро привела бы к гибели. В краевой больнице подчеркивают: донорское сердце они получили от коллег из СКЦ ФМБА России: """"Благодаря координации больниц, оперативной работе всех служб, донорскому сердцу, доставленному в ККБ всего лишь за 1,5 часа, в отделении кардиореанимации сидит и с тоской смотрит на дверь крупный красивый мужик. Ему хочется домой, потому что там, впереди - целая жизнь"""".""",Пациент бы умер без донорского сердца.,entailment,cleanlab,1
"""Как сообщает МВД по Республике Татарстан, 19 февраля в отдел полиции """"Япеево"""" УМВД России по городу Казани был сопровожден для дачи показаний мужчина, подозреваемый в совершении кражи денег. При доставлении в отдел манера поведения и речь подозреваемого вызвали предположение, что он находится в состоянии наркотического опьянения. Так как состояние подозреваемого не позволяло его опросить, ему была вручена повестка с указанием времени прибытия в отдел полиции.""",Мужчина был в невменяемом состоянии и для опроса не годился.,entailment,cleanlab,1
"""""""Разработана проектная документация по замене эскалаторов на станциях """"Рижская"""", """"Новослободская"""", """"Смоленская"""" Арбатской-Покровской линии и """"Спортивная"""". Работы на этих станциях планируется начать в этом году"""", - рассказал первый замначальника метро Роман Цуканов. По его словам, две из четырех станций - """"Рижская"""" и """"Смоленская"""" - будут закрыты для пассажиров на время ремонта, поскольку они имеют по одному вестибюлю.""","""""""Рижскую"""" закроют от пассажиров.""",not_entailment,cleanlab,1
"Мужчина окунулся в бассейн, где у него прихватило сердце.",В бассейне у мужчины стало плохо с сердцем.,entailment,"cleanlab, datamaps, ds2",3
"Всех пострадавших медики доставили в ближайшую больницу. Областной главк полиции сообщает, что водители находились в трезвом состоянии. По факту дорожного инцидента проводится проверка, после которой примут соответствующее процессуальное решение.",Пострадавшие попали в ближайшую клинику.,entailment,ds2,1
"""Есть еще нерешительная пара  -  экскурсовод и повар придорожного кафе, которым достается сюжет Пиросмани про миллион алых роз. Ну, и, наконец, героиня Анны Михалковой, без промаху продолжающая найденную ранее и успешно продолженную актрисой  в """"Кококо"""" комедийную расшифровку своего таланта. В """"Любви с акцентом"""" она бесстрашно отправляется в """"отпуск по зачатию"""", потому что дома уже совсем не получается.""",Экскурсовод и повар придорожного кафе не особо решительны.,entailment,cleanlab,1
"Когда стражи порядка задержали двух мужчин, выяснилось - они совсем не местные.",Полицейские задержали мужчин.,entailment,ds2,1
"Музей, расположенный в Королевских воротах, меняет экспозицию. На смену выставке, рассказывающей об истории ворот и их реставрации, придет «Аптека трех королей». Как рассказали в музее, посетители попадут в традиционный интерьер аптеки.",Экспозицию музея Королевских ворот ждут перемены.,entailment,ds2,1
"Он отметил, что благоприятная ситуация складывается, потому что быстро срабатывают аварийные бригады, создан необходимый запас резервной техники и топлива.","Он не нашел причин для того, чтобы сложилась благоприятная ситуация.",not_entailment,ds2,1
"""""""Это наши русские часы, недорогие часы с гербом - маленькие, аккуратные часы"""", - процитировал патриарха В.Соловьев, делясь в эфире радио """"Вести FM"""" впечатлениями о встрече с ним. По словам Соловьева, когда предстоятель увидел ту фотографию, он очень удивился. """"Потому что, когда мы надеваем одеяние для службы, часы невозможно надеть, невозможно носить часы"""".""","В.Соловьев процитировал слова патриарха о том, что тот носит недорогие русские часы с гербом.",entailment,ds2,1
"Об этом «Комсомольской правде»-Красноярск сообщили в пресс-службе краевого следственного комитета. Как доказали следствие и суд, эта женщина, используя свое служебное положение, устроила на работу учителями четверых своих знакомых. Но фактически те не работали, а их зарплату снимала с карт сама директор.",Женщина совершила подлог.,entailment,"cleanlab, datamaps",2
"Он рассказал о том, как изменятся тарифы по сбору, вывозу и утилизации коммунальных отходов на территории округа.","Тарифы по сбору, вывозу и утилизации коммунальных отходов на территории округа увеличатся втрое.",not_entailment,cleanlab,1
"""""""Следственные органы СК России по Республике Татарстан приняли решение отменить меру пресечения в отношении семерых подозреваемых в убийстве заместителя муфтия духовного управления мусульман Татарстана Валиуллы Якупова, а также в покушении на убийство муфтия республики Илдуса Файзова. К ним применена мера процессуального принуждения - с подозреваемых отобрано обязательство о явке"""", - говорится в сообщении пресс-службы, размещенном на сайте СКР в четверг. В нем отмечается, что такое решение было принято следователями, так как подозреваемыми были проведены все необходимые следственные действия.""",В убийстве муфтия подозреваются 7 человек.,not_entailment,cleanlab,1
"Все это может привести к осложнению оперативной обстановки на автомагистралях, которые проходят через Смоленскую область.","На автомагистралях, проходящих через Смоленскую область, сейчас сложная оперативная обстановка.",not_entailment,cleanlab,1
"""Президент РФ Дмитрий Медведев заявляет о необходимости выработки критериев, которые позволят привлекать к юридической ответственности лиц за призывы к насилию в Интернете. То есть, пояснил глава государства, за суждения привлекать к ответственности нельзя, """"но если это уже призыв к какому-либо насилию - власть надо употреблять"""". """"Потому что, если из Интернета или социальных сетей льются призывы идти и резать кого-то - нельзя говорить о свободе Интернета"""".""",Медведев хочет привлекать к ответственности за дискуссии в Интернете.,not_entailment,cleanlab,1
"По версии следствия, в начале ноября прошлого года судебный пристав-исполнитель при посредничестве своего знакомого - специалиста УФССП по РО потребовали от гражданина денежные средства за незаконное прекращение исполнительного производства и снятие арестов с имущества и счетов должника, - рассказали в СУ СК России по Ростовской области. Деньги они не успели получить, так как вмешались сотрудники правоохранительных органов.",Судебный пристав-исполнитель и специалист УФССП по РО получили взятку.,not_entailment,cleanlab,1
"Удар пришелся в грудную клетку. Женщина сама вызвала мужу скорую и полицию. Мужчину госпитализировали, но медики не смогли спасти ему жизнь.",Медики  спасли мужчине жизнь.,not_entailment,"cleanlab, datamaps, ds2",3
"Ежедневно в плотины поступает всё больше и больше воды, что не может не радовать.","Вчера в плотины поступало не так много воды, как сегодня.",entailment,"cleanlab, ds2",2
"Банкротство было громким - банком в Новокузнецке пользовались не только многие частные лица, но и бюджетные организации, в том числе администрация города. На первом же заседании подсудимый попытался отвести весь состав суда – под предлогом того, что судьи также были вкладчиками «НМБ» и поэтому могут предвзято к нему отнестись. Однако в ходатайстве было отказано, так как подобных обстоятельств не установлено.",Cудьи также были вкладчиками «НМБ».,not_entailment,cleanlab,1
"""О какой именно авиабазе идет речь, собеседник агентства не уточнил. Между тем посольство РФ в Кабуле не располагает информацией о том, что опасно сблизившийся с российским авиалайнером самолет принадлежит дислоцированным в Афганистане иностранным военным. Пресс-атташе российской дипмиссии Степан Аникеев заявил, что посольство не намерено самостоятельно обращаться к афганским властям или командованию МССБ за разъяснениями относительно этого инцидента. """"Мы точно не будем этого делать, потому что это — частная компания, и это ее дело"""".""",Опасно сблизившийся с российским авиалайнером самолет принадлежит дислоцированным в Афганистане иностранным военным.,not_entailment,"cleanlab, datamaps",2
"Сначала необходимо законсервировать здание, просушить - здесь полно воды, провести экспертизу и понять, сколько это будет стоить, и начинать ремонт.",В здании полно воды.,entailment,ds2,1
"Лежал там лишь пакетик с порошком. Но мужчина обрадовался находке больше, чем всем сокровищам Земли. Потому что жаждал дозы.",Мужчина радовался всем сокровищам Земли почти так же сильно.,not_entailment,ds2,1
"Прибывшие на место спасатели выяснили, что загорелась частная баня.",Спасатели прибыли к горящей бане.,entailment,ds2,1
"""""""Они не могут допустить, чтобы Продюсерским центром студии руководил по-настоящему деловой, экономически грамотный человек - при политике абсолютной непрозрачности всех решений такой человек очень невыгоден"""", - считает Сокуров. В минувшую пятницу стало известно, что Сокуров решил покинуть совет директоров """"Ленфильма"""" и направил министру культуры Мединскому соответствующее письмо. """"Я написал это письмо, потому что считаю нахождение в совете формальным"""".""","""Сокуров стал гендиректором """"Ленфильма"""".""",not_entailment,ds2,1
"Модельер не явился за заседание суда, чтобы избежать встречи с журналистами и не попасть в объективы камер. Адвокаты обвиняемого ранее заявили о том, что Гальяно потерял над собой контроль из-за злоупотребления алкоголем и поэтому нагрубил посетителям. Один из адвокатов сказал, что его подзащитный не помнит, что происходило в баре, так как он был болен.",Гальяно отсутствовал на заседании суда.,entailment,"cleanlab, ds2",2
"Всё предельно прозрачно и не требует на первоначальном этапе никаких затрат. Также обращайте внимание на то, как давно работает компания и узнаваема ли в отрасли.",Компания работает в отрасли давно.,not_entailment,cleanlab,1
"""""""Если эти документы там есть, то, скорее всего, для передачи в Арбитражый суд Тюменской области эти документы будут изыматься. Либо они, либо копии будут заверяться прямо на месте в офисе"""", - уточнил он. """"Компания злоупотребляет нашими правами, потому что несколько раз пристав выносил постановление, обязывающее компанию предоставить документы, но компания не реагировала на них никаким образом"""".""",Компания проигнорировала одно из постановлений пристава.,not_entailment,cleanlab,1
"Оказалось, злоумышленник проник в дом, пока хозяин отсутствовал — с середины декабря его не было.",Злоумышленник проник в пустой дом.,entailment,"cleanlab, datamaps",2
"Выяснилось, что женщина ехала в такси вместе со своим новым знакомым. По дороге между ними произошел конфликт. Мужчина, воспользовавшись моментом, когда машина остановится на светофоре, схватил сумку женщины и сбежал из автомобиля.",Мужчина ехал в такси с женской сумкой.,not_entailment,cleanlab,1
"""В среду, 9 ноября, глава ведомства Александр Нерадько сказал журналистам, что Росавиация готова отложить принятие решение об аннулировании лицензии дискаунтера на три месяца. """"Может быть, те, кто этот проект (""""Авианову"""" - ИФ) инициировали, может быть, у них изменятся планы. Потому что проект сам по себе очень привлекателен для людей из-за низких тарифов"""".""",Проект привлекателен для людей из-за низких тарифов.,entailment,ds2,1
"Иностранному бизнесу было бы выгодно активно инвестировать в экономику России. Об этом заявил министр экономического развития страны Максим Орешкин. Он отметил, что сейчас самое подходящее время вложений, поскольку экономика вновь поднимается.",Экономика вновь поднимается.,entailment,ds2,1
"Ранее также были арестованы предполагаемый лидер преступной группы, ранее судимый 52-летний Андрей Вишневский, Олег Новак и Владимир Попов. Следователь в обоснование своего ходатайства в суде заявил, что, находясь на свободе, подозреваемые могут скрыться. А поскольку не установлены все участники преступной группы, то они также могут оказать давление на свидетелей и попытаться воспрепятствовать расследованию по делу.",Не установлены все участники преступной группы.,entailment,ds2,1
"Поэтому они направились в круглосуточный магазин. Но продавец отказалась продать им пиво, так как было слишком поздно. Пока один приятель уговаривал женщину, подозреваемый открыл холодильник и забрал бутылку.",Второй приятель украл бутылку.,entailment,cleanlab,1
"""Как сообщил Кобзев агентству """"Интерфакс"""" во вторник, сам Навальный также ожидает, что приговор будет обвинительным, """"он в этом уверен"""". При этом Кобзев отметил, что каким будет обвинительный приговор - условным или реальным - ни он, ни Навальный судить не берутся. """"Поскольку здесь явно решение будет приниматься не судьей, то и предполагать очень трудно"""".""",Навальный ожидает приговора.,entailment,ds2,1
"Как сообщили «Комсомольской правде» в пресс-службе музея, выставка получила название «Добрые друзья детства».",Выставке не дали название.,not_entailment,ds2,1
"""Его называют """"повелителем женских сердец"""", а песни, которые он исполняет, уже давно стали хитами.""",Он сочиняет хиты.,not_entailment,cleanlab,1
"Ожидается, что перед судом выступит руководитель группы гособвинения Виктор Антипов, который предложит наказание подсудимым.",Подсудимые смогут выбрать себе наказание.,not_entailment,"cleanlab, ds2",2
"«Скорая помощь» доставила их в больницу, после оказания необходимой помощи медики приняли решение об их госпитализации. Оба водителя были трезвыми. Региональный главк полиции сообщает, что по факту дорожного инцидента проводится проверка, по результатам которой будет принято процессуальное решение.",Водителей госпитализировали из-за трезвости.,not_entailment,cleanlab,1
"Распространившееся пламя дошло до масляного радиатора, который взорвался. Погибли двое детей, одному из которых два года и восемь месяцев, а второму нет и года. Жители, ставшие свидетелями пожара, сначала говорили о взрыве газового баллона, так как хлопок был достаточно мощным.",Взрыв масляного радиатора был причиной пожара.,not_entailment,"cleanlab, datamaps",2
"Сельский врач предложил ей таблетки, но она попросила сделать ей инъекцию антибиотика. Со слов доктора, он убедился, что в ампуле действительно антибиотик, и сделал укол. Самочувствие женщины резко ухудшилось, и она умерла.","Сельский врач предложил ей таблетки, но она предпочла умереть.",not_entailment,"cleanlab, datamaps",2
"В Кирове в полицию обратилась 63-летняя женщина, поскольку у нее из дома пропали ювелирные украшения. Браслет, три кольца и серьги пенсионерка оценила в 18 тысяч рублей. Точную дату пропажи украшений женщина не могла сказать, поскольку давно не проверяла место, где хранила золото, но она точно знала, что никто дверь в ее квартиру не взламывал, а значит вор был среди тех, кого пускали в гости.",В Кирове украли ювелирные украшения на сумму 18 тысяч рублей.,entailment,ds2,1
"К утру птица так и не смогла самостоятельно улететь. Тогда было принято решение доставить сову к ветеринару. Там выяснилось, что она поранила крыло.",Сова не улетела.,entailment,cleanlab,1
"""На вопрос, занимался ли задержанный канадский лейтенант шпионажем в пользу России, Г.Мамедов ответил, что """"не знает"""", так как """"не он возглавляет службу разведки"""". А на вопрос, кто из российских дипломатов покинул страну, российский посол и вовсе отказался отвечать. """"Я не могу свободно обсуждать эту тему, так как не хочу повлиять на ведение судебного процесса"""", - сказал он.""","Канадского лейтенанта подозревают в том, что он российский шпион.",entailment,cleanlab,1
"Обнаруженные предметы направлены для проведения экспертизы. Если эксперты признают их культурными ценностями, то в отношении гражданина будет возбуждено административное дело по факту недекларирования. Поскольку для ввоза их пассажир был бы обязан заполнить декларацию на товары с указанием перемещаемых через границу раритетов.",Пассажир пытался ввезти предметы без декларации.,entailment,cleanlab,1
"""Бывший глава полиции ранее подтвердил, что он перешел на сторону мятежников. """"Я объявляю, что дезертировал из армии и присоединяюсь к народной революции"""", - говорится в видеообращении, распространенном этим военным. Он пояснил, что принял такое решение, так как сирийская армия уничтожает мирных жителей вместо того, чтобы защищать их.""",Бывший глава полиции встал на сторону народной революции.,entailment,cleanlab,1
"В день президентских выборов американские избиратели отдают свои голоса выборщикам, которые назначаются партийными съездами на уровне штатов, их количество определяется числу представителей каждого штата в конгрессе (сенате и палате представителей). Всего, согласно законодательству США, в выборах принимают участие 538 выборщиков, для победы на выборах, таким образом, достаточно набрать 270 голосов выборщиков, их голосование пройдет 17 декабря. Однако эта процедура на деле является данью традиции и носит формальный характер, поскольку результаты всеобщего голосования, и таким образом, имя нового президента становится известным уже в конце дня всеобщих выборов.",538 выборщиков участвуют в выборах в США.,entailment,ds2,1
"Петербургские полицейские вчера в Невском районе города задержали мошенника, который за свои преступления находился в межгосударственном розыске.",Вчера мошенник попал в межгосударственный розыск.,not_entailment,cleanlab,1
"Полиция разыскивает мужчину, который подозревается в совершении преступления - в угрозе убийством.",Полиция ищет свидетеля.,not_entailment,cleanlab,1
"Сначала все футболисты ульяновской команды прошли медицинское обследование, после чего отправились на тренировочный сбор.",Врачи проверили здоровье футболистов.,entailment,"cleanlab, datamaps",2
"""По словам Клинтон, данный проект """"содержит ряд элементов, которые мы не можем поддержать"""". В частности, по ее словам, в тексте просматривается """"кажущийся паритет"""" между сирийским правительством, обвиняемым многими странами в применении силы против своих противников, и мирными оппозиционерами. По ее мнению, такого паритета быть не должно, так как сирийские власти в значительно большей степени несут ответственность за беспорядки в стране.""",Клинтон осудила ряд элементов проекта.,entailment,ds2,1
"У женщины, которая почти два года терпела побои и унижения, сдали нервы.",Женщину били и унижали два года.,entailment,cleanlab,1
"Женщина сообщила, что стала жертвой обмана.","Жертва обмана сообщила, что стала женщиной.",not_entailment,"cleanlab, datamaps",2
"Свои поступки женщина объяснила тем, что муж бросил бы ее, если бы она родила ему много детей. К 2006 г. в семье уже росли два ребенка. Личность осужденной сохранена в тайне, поскольку разглашение этой информации противоречит немецкой системе правосудия.",Женщина нашла способ не рожать слишком много детей.,entailment,"cleanlab, ds2",2
"По решению суда женщина должна была перечислять шестую часть суммы из зарплаты и иных видов заработка на содержание своего несовершеннолетнего сына, - рассказали «Комсомольской правде»-Саратов в областной прокуратуре.",Шестая часть заработка женщины должна была уходить на содержание суда.,not_entailment,cleanlab,1
"Прошу подойти ответственно к этому вопросу. Поставить галочку и забыть — не выйдет. Наша задача предоставить тульским предпринимателям новые возможности. Что губернатор сказал про медицину, читайте здесь.",Прошу поставить галочку и забыть.,not_entailment,"cleanlab, datamaps",2
"""""""И когда я узнал, какие там результаты в моей Москве, просто сегодня не мог не прийти"""", - отметил он. Чуть дальше стояла группа молодых людей с плакатами в виде """"диалогов"""" и надписью: """"Свобода выбора"""", """"Свобода должна быть не только в Facebook"""". """"Мы здесь, потому что мы против того, чтобы за нас кто-то что-то решал, хотим честности, справедливости, и чтобы нас услышали"""".""",У молодых людей были плакаты.,entailment,ds2,1
"В результате у нас нашла коса на камень: люди, проводившие эти выборы, оказались похитрее и лишили возможности устроить большую песню и пляску вокруг этих самых выборов. Петербург во всем этом показал несколько примеров и несколько опасностей, которые могут быть. Потому что опасности есть: нам нужно спокойствие - посмотрите на весь мир, посмотрите на то, что происходит на Ближнем Востоке.",Выборы проводили хитрые люди.,entailment,cleanlab,1
"ВАЗ «одиннадцатой» модели пропал от дома потерпевшего. Нашелся же автомобиль в соседнем селе. Оказалось, что преступники бросили машину, так как она застряла в сугробе.",ВАЗ сломался.,not_entailment,cleanlab,1
"В ходе разбирательств выяснилось, что данное транспортное средство числится в угоне.",Транспортное средство угнали в ходе разбирательства.,not_entailment,"cleanlab, datamaps",2
"В Кремле эти заявления не комментировали. Что касается сегодняшних высказываний Ноды о том, что ему придется приехать в Россию в январе, а то и позже, то Дмитрий Песков уже успел на них отреагировать. По его словам, визит японского премьера никто не переносил, поскольку о фиксированных датах речи не было.",Нода заявил о необходимости посетить Россию в январе или позже.,entailment,cleanlab,1
"Передачу помещений школ спортивным секциям городские власти хотят сделать правилом, так как в администрацию постоянно обращаются различные спортивные секции, которые не могут найти средства на аренду залов.",Не все спортивные секции могут найти деньги на аренду залов.,entailment,"cleanlab, ds2",2
"Семейную пару мужчина ограбил в их собственной квартире, куда они сами пригласили малознакомого человека.",Грабитель пришел по приглашению.,entailment,cleanlab,1
"Судебные журналисты у нас были хорошо подготовлены, с хорошим языком, игравшие важную роль в развитии судебной системы. Если вы специализируетесь на земле, ничего в этом зазорного нет. Ваш вопрос крайне важен, потому что вопрос земли - это вопрос социальной справедливости.",Вы не специализируетесь на земле.,not_entailment,ds2,1
"В 2.07 огонь был локализован, а в 2.16 ликвидирован. Здание полностью осталось без крыши и серьезно обгорело, как внутри, так и снаружи. Но так как блок был хозяйственным, при пожаре никто не пострадал.",Крыша здания полностью утрачена.,entailment,cleanlab,1
"В зарубежной практике примеров подобной нормы, по его мнению, не встречается. В мировой практике акционерное соглашение дополняет или замещает некоторые элементы учредительных документов. Делается это в том числе для того, чтобы сохранить некоторые положения соглашений конфиденциальными, поскольку учредительные документы доступны широкому кругу лиц.",В мировой практике акционерное соглашение только дополняет некоторые элементы учредительных документов.,not_entailment,cleanlab,1
"Не откладывать кару в долгий ящик решил уфимский пешеход, и прямо на месте наказал обидчика.",Пешеход наказывает обидчиков в Уфе.,not_entailment,cleanlab,1
"Как выяснили ревизоры, местные чиновники разрешили предприятию сбрасывать сточные воды.",Ревизоры узнали правду.,entailment,cleanlab,1
"""""""Принимая во внимание аргумент правительства, что партия после роспуска может преобразоваться в общественную организацию, суд признал неприемлемым принуждение организации принимать иную юридическую форму, чем она требует"""", - говорилось в сообщении ЕСПЧ. Судьи также отметили, что преобразование в общественную организацию не позволит республиканской партии участвовать в выборах. Судьи также сочли необоснованным роспуск партии из-за малой численности, поскольку меньшинства тоже должны иметь возможность участвовать в политической жизни.""",Судьи готовы распустить партию из-за малой численности.,not_entailment,cleanlab,1
"После, в 8 вечера, наступило время возвращаться на базу, находящуюся на военном аэродроме за пределами Астрахани. Завтра впервые за все это время мы проведем целых две ночи в одном месте. Это, конечно, очень радует всю команду, поскольку необходимость собирать и разбирать палатку после нескольких часов сна, естественно, дает о себе знать.",База дислоцирована на военном аэродроме.,entailment,ds2,1
"Женщине он заявил, что якобы с ней хотели расправиться некие криминальные авторитеты, но он решил с ними все вопросы. За это просил вознаграждение. Женщина обратилась в полицию, и сотрудники уголовного розыска установили личность вымогателя.",С женщиной хотели расправиться некие криминальные авторитеты.,not_entailment,"cleanlab, datamaps",2
"Сделал он это на лестничной клетке в доме, в котором он проживает.",Он проживает в многоквартирном доме.,entailment,"cleanlab, datamaps, ds2",3
Выяснять отношения подшофе – одна из самых ужасных и опасных привычек многих людей. Почему опасных? Да потому что именно в таком состоянии большинство не контролируют своих эмоции и в порыве ярости могут пойти на что угодно.,У людей есть опасные привычки.,entailment,ds2,1
"Необходимо разработать пакет поправок, так как в законе есть многочисленные пробелы и коллизии.",Закону требуются поправки.,entailment,ds2,1
"Съезд является важным политическим событием в жизни страны. Наши делегаты получили прекрасную возможность высказать свою позицию. Они поделились опытом работы своих первичных отделений, выказали предложения по усовершенствованию нормативно-правовой базы во всех сферах, задали вопросы руководителям министерств,  ведомств,  модераторам площадок.",Наши делегаты усовершенствовали нормативно-правовую базу во всех сферах.,not_entailment,"cleanlab, ds2",2
"Дело в том, что ранее он уже попадался на употреблении запрещенных препаратов. Кроме того, появилась информация, что у мужчины было диагностировано психическое расстройство. Стоит отметить, что полиция сразу задержала подозреваемого: его схватили прямо на месте преступления.",Подозреваемый ранее употреблял запрещенные препараты.,entailment,"cleanlab, ds2",2
"Это позволяет испаряться влаге на месте предполагаемой заплатки. В мэрии добавили, что такие кадры лучше всего отправлять непосредственно властям. Так как не всегда на данные работы выходят муниципальные подрядчики.",На месте предполагаемой заплатки испаряется влага.,entailment,ds2,1
"По факту гибели людей установлено, что причиной пожара стало неосторожное обращение с огнем при курении. 27-летний мужчина курил на кухне, рядом с комнатой, где спали дети, - пояснил Липатов. – Так как виновник происшествия погиб, уголовное дело в отношении него прекращено.",Виновник сбежал.,not_entailment,ds2,1
"Обнаруженные предметы направлены для проведения экспертизы. Если эксперты признают их культурными ценностями, то в отношении гражданина будет возбуждено административное дело по факту недекларирования. Поскольку для ввоза их пассажир был бы обязан заполнить декларацию на товары с указанием перемещаемых через границу раритетов.",Обнаружены задекларированные предметы.,not_entailment,"cleanlab, datamaps",2
"На коробках с пекинской капустой и яблоками находилась маркировка, указывающая страну происхождения - Польшу. Согласно этикеткам, наклеенным на коробки с грушами, продукция поступила из Гвинеи и пересекла границу Республики Беларусь, что является нарушением.",Этикетки на коробке с грушами подтвердили законность транспортировки.,not_entailment,datamaps,1
"""Сергей рассказал, что во время подготовки концерта наиболее сложным было выбрать площадку. Он также подчеркнул, что ранее уже готовил не менее масштабную программу, однако кризис 2008 г. сбил все планы. """"Поэтому был выбран этот год, эта идея возникла у меня спонтанно, потому что нужно подтверждать свой статус большим сольным концертом"""", - пояснил он.""",Сергей с трудом выбрал площадку для концерта.,entailment,cleanlab,1
"""""""Мы должны с ней смириться"""", - заявил в Каире представитель """"Братьев-мусульман"""" Махмуд Гозлан. Сам Мухаммед Мурси заявил, что не собирается спорить с решением конституционного суда, рассмотревшим дело его соперника во втором туре Ахмада Шафика. """"Я с уважением отношусь к решению конституционного суда, так как я всегда уважаю вердикты подобных государственных институтов"""".""",Мухаммед Мурси отказывается принять решение конституционного суда.,not_entailment,cleanlab,1
"Пациентов Детского хосписа 29 декабря ждал настоящий сюрприз – фонд супругов Кержаковых «Звезды Детям» организовал визит народного артиста России Михаила Боярского. - В детстве учился я плохо. Мои родители буквально жили в школе, потому что их постоянно вызывала учительница.",Фонд Кержаковых определил Боярского в Детский хоспис.,not_entailment,datamaps,1
"Авария произошла на ровном месте, машина будто поскользнулась на снежной дороге и оказалась на крыше.",Машина перевернулась.,entailment,ds2,1
"Как сообщили в правительстве области, на ней можно будет купить товары местных производителей.",Товары местных производителей можно будет приобрести.,entailment,ds2,1
"Шторм привел к поднятию уровня воды, высокие волны вызывали остановку движения паромов.",Паромы ходят в два раза реже.,not_entailment,ds2,1
"Русофобия, которая была в тренде последние несколько лет — проиграла! По одной простой причине. Потому что ее пытались выдать за глобальную мировую проблему.",Русофобия - это глобальная мировая проблема.,not_entailment,cleanlab,1
"В соответствии с законом ему выдали подписку о невыезде. На рассмотрение все документы передали в областной суд. Тогда же он пытался обжаловать заведенное уголовное дело, но получил отказ.",Ему удалось обжаловать заведенное уголовное дело.,not_entailment,cleanlab,1
"То, что трасса здесь сложная, было известно в прошлом году. Она с того времени не изменилась, но погодные условия внесли коррективы. Я шел с запасом, так как знал, что на финишном круге будет непросто.",Эта трасса достаточно проста.,not_entailment,"cleanlab, ds2",2
"Хозяйка, услышав шум, проснулась и спугнула вора.","Хозяйка проснулась, чтобы спугнуть вора.",not_entailment,"cleanlab, datamaps",2
"Женщина периодически заходила в комнату хозяина квартиры, поскольку он иногда обращался к ней за помощью.",Хозяин квартиры ежедневно обращался к ней за помощью.,not_entailment,cleanlab,1
"Разговорившись с одноклассницей, мужчина узнал, что та хотела бы перебраться поближе к морю.",Одноклассница мечтала жить у моря.,entailment,"cleanlab, datamaps",2
"Главное управление МЧС России по Ярославской области выложило на своем сайте предупреждение о гололедице на дорогах региона. И призвало жителей быть предельно аккуратными и внимательными. - Пешеходам необходимо переходить дороги только в установленных местах, так как тормозной путь автомобилей значительно удлиняется.",МЧС призывает к вежливости.,not_entailment,"cleanlab, ds2",2
"Мы попытались это сделать в МГУ. Сначала проложили по дороге. Вынуждены были убрать, потому что невозможно.","Сперва мы проложили по дороге, затем оставили.",not_entailment,cleanlab,1
"Сыграло ли это событие роль в решении обвиняемого начать работать на иностранную разведку, пока не известно. Рассмотрение дела Дивенни по существу начнется 12 декабря. Поскольку речь идет о секретных материалах, часть процесса будет проходить в закрытом режиме.",Дивенни мог работать на иностранную разведку.,entailment,"cleanlab, datamaps",2
"""Были проблемы с Тверской областью при запуске """"Сапсана"""", я вам докладывал. Все пригородные поезда, которые существовали, были восстановлены. Сегодня снимаются только те пригородные поезда, которые по решению региона являются необязательными, потому что регионы сегодня должны финансировать убытки, которые возникают при использовании пригородных перевозок.""","""Запуск """"Сапсана"""" потребовал ввести новые пригородные поезда в Тверской области, и начались проблемы.""",not_entailment,"cleanlab, datamaps",2
"Парень сознался в преступлении. У задержанного изъяли нож и сумку, которые он использовал при разбойном нападении. Выяснилось, что эти вещи он украл из дома в деревне Алексеевское.","Парень разбойничал, урожая украденным ножом.",entailment,ds2,1
"Он прогулялся между рядов, затем схватил с полки бутылку недорогого коньяка.",Он пришел погулять между рядов.,not_entailment,"datamaps, ds2",2
"Женщина успела закрыться в подсобном помещении, откуда вызвала полицию.",Женщина спряталась в подсобке.,entailment,"cleanlab, datamaps, ds2",3
"""""""Мы будем обращаться и в новый состав правительства, который в мае будет сформирован, и к нынешнему составу Государственной думы, и к вам как будущему президенту (а в этом никто не сомневается, что вас президентом страны вновь изберут), соответственно, с просьбой. Как вы смотрите на то, чтобы вернуть пиво на стадионы? Потому что это необязательно повлечет массовый алкоголизм, например, это не факт, что обязательно будет буйство на стадионах"""".""",Обязательно будет буйство на стадионах.,not_entailment,cleanlab,1
"""Еще одно достоинство картины - это действительно высококлассные спецэффекты. После этого фильма вполне может статься, что голливудские продюсеры начнут задумываться о переносе производства в Болливуд, ведь, судя по всему, там можно делать боевики, которые в США стоят 100 миллионов, всего за 20. Возможно, такую цель и преследовали создатели """"Случайного доступа"""", потому что он действительно выглядит, как рекламный ролик.""","""В Болливуде снимают фильм """"Случайный доступ"""".""",not_entailment,cleanlab,1
"Известно, что ранее он не привлекался к уголовной ответственности. Потерпевшая была напугана. Женщина рассказала, что накануне муж угрожал ей физической расправой, держа в руке кухонный нож.",Муж напугал жену.,entailment,cleanlab,1
"«Мясо конины, обрезки с голов, мясо не прошедшее ветеринарную лабораторию, вместо мяса здоровой туши говядины! В столовых помещениях при варке этого мяса стоит ужасная вонь! Кладовщики и рабочие боятся жаловаться, так как их сразу уволят!», - говорится в сообщении.",Мясо воняет при варке.,entailment,cleanlab,1
"После этого преступник скрылся, а женщина вызвала полицию.",Женщина обратилась за помощью в полицию.,entailment,"cleanlab, datamaps, ds2",3
"По предварительным данным, водитель иномарки не справился с управлением и вылетел на встречную полосу.",Иномарка вылетела на встречную полосу.,entailment,ds2,1
"Когда эксперты огласили результаты, выяснилось – наиболее привлекательными для иностранных туристов стали наши кубанские курорты.",Кубань привлекает иностранных инвесторов.,not_entailment,ds2,1
"Между тем в кредитной организации заверили, что проблемы возникли с «незначительным» числом устройств самообслуживания (УС).",Проблемы возникли с одним из устройств самообслуживания (УС).,not_entailment,cleanlab,1
"Женщина сообщила, что стала жертвой обмана.",Женщина пожаловалась на жертву.,not_entailment,"cleanlab, datamaps, ds2",3
"""Владимир Путин поставил точку в вопросе о деньгах, ошибочно выделенных на восстановление домов, пострадавших от наводнения в Крымском районе Краснодарского края. Соответствующее заявление президент сделал на состоявшемся во вторник в Сочи совещании по выполнению поручений о ликвидации последствий наводнения. """"Чего не следовало делать, так это отбирать эти деньги у людей, потому что они же могли уже их истратить"""".""",Крымский район Краснодарского края пострадал от наводнения.,entailment,ds2,1
"Я просто об этом даже не думаю, потому что если кто-то что-то захочет, никуда не спрячешься.",Я думаю только об этом.,not_entailment,ds2,1
"Ребята показали сегодня, что у них есть характер, есть самолюбие, есть достоинство и профессионализм. В принципе, полтора тайма выдерживали план на игру, затем случился провал. В конце матча пришлось нелегко, но мы выстояли.",В конце первого тайма случился провал.,not_entailment,cleanlab,1
"Обвиняемый считает вердикт суда несправедливым, так как, по его мнению, часть ответственности за проведенные финансовые махинации должен понести сам банк.",Обвиняемый согласен с вердиктом.,not_entailment,cleanlab,1
"Как считают силовики, руководитель на протяжении трех месяцев не платил своим сотрудникам зарплату, различные пособия и иные выплаты, которые причитаются гражданам согласно закону.",Руководитель на протяжении трех месяцев не платил своим сотрудникам зарплату.,not_entailment,"cleanlab, datamaps",2
"К сожалению, барнаульцы не смогли взять реванш после первого досадного поражения 63:64. Во втором матче на площадке в составе хозяев появился Глеб Бейгельзимер, который не принимал участия в первой игре. Он давно знаком алтайским болельщикам, так как уже защищал цвета нашей команды.",Глеб Бейгельзимер уже защищал цвета нашей команды.,entailment,ds2,1
"Мужчина узнал, что женщина продает квартиру, и предложил свою помощь в сделке.",Мужчина помог в сделке.,not_entailment,cleanlab,1
"""Как сообщил корреспондент """"Интерфакса"""", из метро """"Китай-город"""" двигалась большим потоком толпа, некоторые организованными группами, состоящими в основном из молодых людей. В одной из таких групп мужчины спрашивали друг у друга, куда им идти, и им ответили - на Ильинку, дом 5. Одна из шедших в сторону Гостиного двора женщина кому-то говорила по телефону о том, что она почти на месте и идет в конце, потому что с ней много людей.""",Корреспондент подробно рассказал о движении толпы.,entailment,"cleanlab, ds2",2
"""Кроме этого, Жуков рассчитывает, что на результатах российских спортсменов в Сочи положительно скажется фактор """"своего поля"""". """"Очень важно использовать преимущества """"своего поля"""". Потому что общемировая практика говорит, что этот коэффициент реализации всегда выше у хозяев: они знают свои трассы, больше тренируются на них"""".""","Жуков считает, что российским спортсменам все равно где играть.",not_entailment,cleanlab,1
"Так что никто из ребятни не пострадал. Сам пожар случился из-за неисправной проводки. Сам автобус потушили, и огонь не успел перекинуться на топливный бак.",Автобус догорел.,not_entailment,ds2,1
"Реставраторы саратовского театра, который спустя четыре года после пожара наконец распахнул свои двери, поделились деталями своей работы.",Реставраторы рассказали о пожаре.,not_entailment,"cleanlab, datamaps",2
"О том, что на улице нестерпимо воняет тухлыми яйцами, писали жители разных районов города.",Жители разных районов города пахнут тухлыми яйцами.,not_entailment,cleanlab,1
"Эта русская поговорка как никакая другая отражает историю, в которую влипли два подельника.",Два подельника попали в поговорку.,not_entailment,cleanlab,1
Таксист поблагодарил водителя трамвая за помощь.,Водитель трамвая помог таксисту.,entailment,ds2,1
"Как выяснилось, на ее компьютер при переходе на один из Интернет-сайтов установилось вирусное программное обеспечение.",Ее компьютер словил вирус.,entailment,"cleanlab, datamaps",2
"История захватывающая. Только вот заявитель, рассказывая ее, постоянно путался в показаниях. Кроме того, оказалось, его жена видела, как мужчина сам садился за руль и отъезжал от дома.",Заявитель запутался в собственной истории.,entailment,cleanlab,1
"Руки подсудимого были забинтованы и находились не за спиной, как это положено, а спереди. По просьбе мужчины наручники не зажали максимально плотно. Как только украинец был доставлен в суд, наручники сняли.",Подсудимый был украинцем.,entailment,"cleanlab, ds2",2
"Мероприятие прошло без инцидентов. По итогам акции был составлен административный протокол, так как количество участников превысило заявленное число.",Количество участников превысило заявленное число.,entailment,ds2,1
"26 июня прошлого года обвиняемый вломился в дом к 59-летнему соседу в селе Виняево Арзамасского района и жестоко избил его до полусмерти. Мужчина не смог оправиться от травм и через месяц скончался в больнице. В октябре злоумышленник был задержан. Он признал свою вину лишь частично и рассказал, что конфликт с соседом произошел из-за щенка.",В результате конфликта двух соседей остался в живых только один.,entailment,"cleanlab, datamaps",2
"Женщину обвиняли в том, что она фиктивно ставила на учет иностранцев, регистрируя их в своей квартире. Как сообщили в облпрокуратуре, фактически она не собиралась предоставлять им жилье. Во время судебного процесса женщина свою вину признала, раскаялась и пояснила, что шла на преступления, поскольку ей требовались деньги.",Женщина предоставляла иностранцам регистрацию и жилье.,not_entailment,ds2,1
"Как стало известно из информации Гидрометеобюро Москвы и области, в данный момент в Москве господствует ветер с юго-востока, который, согласно прогнозам, в ближайшее время не собирается менять направления. А это значит, что дует из тех районов Подмосковья, которые традиционно страдают от лесных и торфяных пожаров. Что может послужить поводом для беспокойства, поскольку ровно год назад в столице сложилась катастрофическая экологическая ситуация, связанная с лесными и торфяными пожарами в области.",В Москве может запахнуть гарью с горящих торфяников.,entailment,cleanlab,1
"Самки и самец расположились в соседних вольерах, но между ними проложили небольшой проход. Места там хватит, чтобы самки могли пройти, а вот самец уже не поместится. Это сделано для того, чтобы у птиц не возникало конфликтов во время брачного периода и самки могли отдохнуть от внимания кавалера.",Возможность конфликтов во время брачного периода сведена к минимуму.,entailment,cleanlab,1
"ГАЗ попытался заехать на территорию фермы, где проживали мужчины, однако ему воспрепятствовал полицейский, который бегом догнал грузовик и вскочил на подножку, чтобы остановить его.",Полицейский поставил грузовику подножку.,not_entailment,cleanlab,1
"""По данным источника """"Интерфакса"""" в авиадиспетчерской службе, лайнеру не хватает топлива, чтоб долететь до пункта назначения. """,Лайнер полетит без топлива.,not_entailment,ds2,1
"1 ст. 285 УК РФ (злоупотребление должностными полномочиями). Никто из них не стал предпринимать никаких действий, так как оба полагали, что данное преступление не будет раскрыто, и это отразится на показателях их работы и может повлечь применение к ним мер ответственности.",Преступления не было.,not_entailment,cleanlab,1
"Напомним, акция «Полицейский Дед Мороз» проходит по всей стране.",Акция «Полицейский Дед Мороз» проходит в трех странах.,not_entailment,"cleanlab, ds2",2
"""""""Но честно, объективно и по решению суда"""", - заявил Бастрыкин в интервью """"Интерфаксу"""". Отвечая на вопрос об обысках и вызове на допрос лидеров оппозиции, глава СКР подчеркнул, что они пока находятся в статусе свидетелей. """"Это совершенно нормальное состояние, потому что мы не имеем достаточных доказательств, чтобы перевести их хотя бы в статус подозреваемого либо обвиняемого"""".""","Как только появляются доказательства, свидетелей переводят в статус подозреваемых или обвиняемых.",entailment,"cleanlab, datamaps",2
"В противном случае отец ставил провинившихся на колени и читал им молитвы, а за более серьезные проступки избивал. Дети боялись идти домой после школы и часто приходили к маме на работу. Жена боялась сообщить об издевательствах мужа в полицию, поскольку он грозился убить ее.",Отец наказывал провинившихся работой в саду.,not_entailment,ds2,1
"Аргументом данного решения стало то, что мэр не может выдавать подобные распоряжения. Согласно распоряжению мэра, должно было быть приобретено до 50 единиц, но денег хватало только на 30. Эти автобусы нужно было купить еще несколько лет назад. Так как у всех автобусов, имеющихся в наличии, истек срок эксплуатации.",В городе эксплуатировались только просроченные автобусы.,entailment,"cleanlab, datamaps",2
"""""""Поэтому на перспективу этот потенциал, заложенный Кудриным, должен работать еще несколько лет"""", - думает он. С точки зрения решения тактических задач, когда вдруг появляется предложение об участии государства бюджетными деньгами в каком-то проекте, по мнению Сторчака, """"без хорошего политического веса работать будет тяжелее"""". """"Это очевидно, потому что решения принимаются в процессе диалога, дискуссии, и аргументы часто сводятся к тому, что прав тот, у кого больше прав"""", - отметил он.""",Решения принимаются без дискуссий.,not_entailment,cleanlab,1
"Как рассказали «Комсомольской правде» в пресс-службе администрации города, на том участке наконец появился светофор.",Светофора ждали долго.,entailment,"cleanlab, ds2",2
"Ипотека в структуре их кредитных портфелей достигла трети к концу прошлого года, что является историческим максимумом.",Треть их кредитных портфелей составила ипотека.,entailment,ds2,1
"Ежегодно свыше 400 жителей сельской местности погибают в Индии в результате столкновений с дикими слонами, сообщает министерство окружающей среды. Согласно данным ведомства, к началу 2012 года слоновье поголовье в Индии достигло 28 тысяч, при этом прирост за последние 15 лет составил 2 тысячи. Эта хорошая новость, однако, вызывает у чиновников не только радость, но и тревогу, поскольку растущие слоновьи семьи в поисках пропитания вынуждены совершать набеги на крестьянские угодья, отвоеванные у джунглей.",Жители Индии гибнут ради столкновений с дикими слонами.,not_entailment,cleanlab,1
"Инцидент произошел в Нижнекамске в ночь на субботу. В ЦРБ доставили 39-летнего мужчину с ножевым ранением в живот. Медики вызвали полицейских, так как было ясно, что на потерпевшего напали.",Мужчину ранили в голову.,not_entailment,"cleanlab, ds2",2
"На одной из остановок в автобус вошел мужчина, и на этом безмятежное путешествие для наших героинь закончилось.",Мужчина сел в автобус.,entailment,ds2,1
"В область приходит, как сейчас принято говорить, «инвестор». А на самом деле - непонятная фирма, которая хотела снести здание театра, получить лакомый кусок земли в центре района и построить там, например, торговый центр! И все для этого уже сделали, имущество списали, деревья спилили, здание признали аварийным!",Инвестор снес здание театра.,not_entailment,cleanlab,1
"Была угроза того, что огонь перекинется на соседние дома.","Огонь был слишком слаб, чтобы перейти на стоящие рядом дома.",not_entailment,ds2,1
"27 декабря в полицию обратилась жительница Димитровграда, которая сообщила, что стала жертвой мошенников. Она рассказала полицейским, что ей позвонил якобы сотрудник банка. Он сообщил, что, поскольку женщина является их постоянным клиентом, ей положена компенсация.",Сотрудник банка пообещал женщине компенсацию.,not_entailment,cleanlab,1
"""При этом он затруднился сообщить, сколько времени может продлиться это отстранение. Сам Губерниев заявил радиостанции """"Эхо Москвы"""", что его отстранение от ведения футбольных программ не повлияет на работу на телеканале. """"Очень сложно меня отстранить от футбольных матчей, потому что я на них редко работаю"""".""",Губерниева отстранили на неопределенное время.,entailment,ds2,1
"Без этого в полной мере с первого января не мог полноценно заработать долгожданный закон, существенно ограничивший свободу «вышибал».",Закон существенно огранил свободу «вышибал» с 1 января.,not_entailment,cleanlab,1
"""Чтобы мать не расстраивалась, он ей позвонил и """"успокоил"""", честно обо всем рассказав.""","Скорее всего, мать все же расстроилась.",entailment,"cleanlab, datamaps",2
"В квартире на 2 этаже находился 70-летний хозяин, когда неожиданно раздался громкий хлопок и погас свет. Оказавшись на кухне, мужчина увидел огонь. После попытки самостоятельно потушить пламя хозяин попытался выйти наружу, потому что из-за дыма стало нечем дышать.",Из-за дыма стало трудно дышать.,entailment,ds2,1
"В аналогичном опросе, проведенном в марте 2010 г., за новую дисциплину высказалось 63% респондентов. В ноябре правительство утвердило план эксперимента, предусматривавшего преподавание основ религий и светской этики в 19 субъектах федерации. Осенью прошлого года Московский патриархат высказался за преподавание религиозных дисциплин не только в четвертом и пятом классах, но и на всех этапах школьного обучения, поскольку двух полугодий для усвоения материала недостаточно.",В прошлом году Московский патриархат преподавал религиозные дисциплины на всех этапах школьного обучения.,not_entailment,cleanlab,1
"Областной главк полиции сообщает об очередной самарской торговой точке, в которой нарушали законодательство о розничной продаже алкоголя.",В Самаре нарушали законодательство о розничной продаже алкоголя.,entailment,ds2,1
"Мне очень жаль, если мои слова восприняли как оскорбление юбилея русского хоккея. Я глубоко уважаю ваш хоккей и хочу поздравить его со знаменательной датой. Русский хоккей всегда занимал одну из главных ролей в мире, и я хочу, чтобы у него было столь же светлое будущее.",Я не хотел оскорбить русский хоккей.,entailment,cleanlab,1
"""""""Это - финальный аккорд предвыборной кампании"""", - сказал В.Бурматов в четверг, которого цитирует сайт """"Единой России"""". По мнению депутата, митинг демонстрирует, что не только содержательная повестка дня, но и улица полностью перехвачена пропутинскими силами. """"И ни о каких оранжевых сценариях говорить уже просто не придется, потому что улица занята нами"""", - заявил парламентарий.""","""Сайт """"Единой России"""" цитирует неизвестного спикера.""",not_entailment,cleanlab,1
"Она сообщила, что ее сын подвергся избиениям со стороны других воспитанников. Его также облили кипятком. Мать утверждает, что в учреждении процветает дедовщина.",В учреждении процветает дедовщина.,not_entailment,"cleanlab, datamaps, ds2",3
"В Ростове вынесли приговор хозяину продуктового магазина, который сбывал левый алкоголь, отлично зная о его сомнительном происхождении. - Являясь индивидуальным предпринимателем, приобрел в целях дальнейшего сбыта два ящика водки, не имеющей сопроводительной документации, подтверждающей ее происхождение, качество и безопасность для жизни и здоровья человека, - сообщили официальную версию в СУ СК России по Ростовской области. Но сбыть водку ему не удалось, так как вмешались сотрудники правоохранительных органов.",Хозяин продуктового магазина производил контрафактное спиртное.,not_entailment,cleanlab,1
"Подсудимый, в свою очередь, в последнем слове, предоставленном ему судьей, попросил у родственников погибших и потерпевших прощения.",Подсудимый выступал в свою очередь.,entailment,ds2,1
"Все улицы, которые будут переименованы, находятся на окраинах города.",Улицы в центре пока переименованы не будут.,entailment,cleanlab,1
"В Кирове в полицию обратилась 63-летняя женщина, поскольку у нее из дома пропали ювелирные украшения. Браслет, три кольца и серьги пенсионерка оценила в 18 тысяч рублей. Точную дату пропажи украшений женщина не могла сказать, поскольку давно не проверяла место, где хранила золото, но она точно знала, что никто дверь в ее квартиру не взламывал, а значит вор был среди тех, кого пускали в гости.",У пенсионерки пропало золото.,entailment,ds2,1
"""Военное руководство Египта выразило во вторник вечером готовность уйти от власти, если местные жители потребуют этого на референдуме. """"Армии не нужна власть. Она управляет страной, так как действует исключительно в интересах народа"""".""",Военное руководство Египта назвало условие своего отказа от власти.,entailment,ds2,1
"Ведомство направило официальные письма руководителям отделов безопасности самоуправлений, в которых разъясняют их действия.",Ведомство ждет письма.,not_entailment,cleanlab,1
"Осторожнее на этом участке, водители и пешеходы! Там уже каток. Трубы не выдержали, прорвало.",Вода из прорвавшихся труб замерзла.,entailment,"cleanlab, datamaps",2
"Фотографии процесса демонтажа уже появились в социальных сетях, и, комментируя их, горожане спрашивают: что же будет построено на этом месте?",Горожане игнорируют фото демонтажа в соцсетях.,not_entailment,ds2,1
"""""""В шествии приняло участие около 800 человек, серьезных правонарушений не зафиксировано"""", - сказал собеседник агентства. Он отметил, что в ходе акции были задержаны четверо граждан. """"Организаторы обратились к полицейским с просьбой о задержании, так как указанные лица не являлись участниками шествия"""", - пояснили в пресс-службе.""",На акции задержали четверых.,entailment,ds2,1
"Следствие установило, что пара встречалась на протяжении последних двух лет.",Пара встречалась последнюю пару лет.,entailment,cleanlab,1
"""Если мы уже доходим до того, что нужно приватизировать """"Ленфильм"""", то есть уже ничего другого не осталось, что приватизировать, то дело, в общем, обстоит не очень хорошо. ""","""Приватизировать """"Ленфильм"""" нехорошо.""",entailment,datamaps,1
"Разбив оконное стекло, преступник проник в помещение бани и вынес оттуда два электрических чайника и фонарь на общую сумму более 3500 рублей. По подозрению в совершении преступления был задержан 41-летний безработный, ранее уже привлекавшийся к уголовной ответственности. Задержанный пояснил, что в баню залез, потому что не было свидетелей, а похищенной техникой собирался пользоваться сам.",Вор проник в баню через окно.,entailment,ds2,1
"""Президент РФ Дмитрий Медведев отметил, что стоимость новой радиолокационной станции в Калининграде существенно ниже, чем стоимость станций, которые строились в Советском Союзе. """"Стоимость строительства этой станции, не раскрывая каких-то цифр, она существенно ниже, чем аналогичные станции, которые строились в советские времена, включая действующие станции"""", - сказал президент РФ на совещании с Вооруженными силами РФ. Он подчеркнул, что это немаловажный вопрос, поскольку экономия средств - """"всегда крайне актуальная задача для министерства обороны"""".""","Президент сказал, что на строительстве новой радиолокационной станции удастся сэкономить деньги.",entailment,ds2,1
"Сыщики заметили, что почерк всех преступлений был одинаковый, поэтому легко напрашивался вывод, что это сделал один и тот же человек.",Сыщики сверяли почерк преступлений.,entailment,cleanlab,1
"""""""Воздушные шары символизируют открытость и честность выборов, а их количество равно числу ТИКов в республике"""", - пояснил агентству поднесший спичку к чучелу, облив его перед этим жидкостью для разведения костров, правозащитник Эдвард Мурзин. Участники митинга, организованного одним из лидеров общественного движения """"Голос Уфы"""" Андреем Андреевым, прошли колонной с речевками и знаменами несколько кварталов к площади перед Русским драмтеатром. Полиция не перекрывала движение автотранспорта, поскольку колонна участников акции двигалась только по тротуарам.""",Правозащитник поджег чучело.,entailment,"cleanlab, datamaps",2
"""Поклонники певицы ожидают ее уже полтора часа. Как передает корреспондент """"Интерфакса"""", до выхода Мадонны на сцену публику развлекает диджей Alesso. Обстановка в """"Олимпийском"""" жаркая в прямом смысле этого слова, так как создается впечатление, что не работают кондиционеры.""",Мадонна уже полтора часа как вышла на сцену.,not_entailment,cleanlab,1
"Женщина успела закрыться в подсобном помещении, откуда вызвала полицию.",Полиция сидела в подсобном помещении.,not_entailment,"cleanlab, ds2",2
"«Соответствующие российские ведомства занимаются этой темой, это не вопрос президента», - заявил Песков.","Песков заявил, что президент этой темой не занимается.",entailment,ds2,1
"Как выяснилось, женщина выпала из окна собственной квартиры.",Женщина выбросилась из окна.,not_entailment,"cleanlab, datamaps",2
"Пожарные приехали к дому в полдень, обнаружили очаг возгорания и начали тушить огонь.",Пожарные потушили пламя.,not_entailment,ds2,1
"Их усилиями героями рекламы сайта бесплатных объявлений стали офицеры Северного флота. Сюжет ролика незамысловат и даже напоминает те, что сейчас крутят по нашему телевидению. Два рыбака сидят с удочками и решают, что им делать с холодильником, который находится тут же, в лодке на середине озера.",Рыбаки утопят в реке холодильник.,not_entailment,ds2,1
"""Как сообщает МВД по Республике Татарстан, 19 февраля в отдел полиции """"Япеево"""" УМВД России по городу Казани был сопровожден для дачи показаний мужчина, подозреваемый в совершении кражи денег. При доставлении в отдел манера поведения и речь подозреваемого вызвали предположение, что он находится в состоянии наркотического опьянения. Так как состояние подозреваемого не позволяло его опросить, ему была вручена повестка с указанием времени прибытия в отдел полиции.""",Мужчина подозревается в краже денег.,entailment,"cleanlab, ds2",2
"Представители активной молодежи Саратовской области на пресс-конференции в «КП»-Саратов затронули важные темы для студенчества и молодежи. Говоря о развитии студенческого сообщества, региональный куратор ассоциации студенческих коммуникаций «Кампус» Дмитрий Горбунов подчеркнул, что их сообщество впервые появилось в регионе в этом году.",Студенческому сообществу Саратова меньше года.,entailment,"cleanlab, ds2",2
"""Роман Ле Карре уже однажды экранизировали в виде минисериала Джона Ирвина, но Томасу Альфредсону, снявшему удивившую многих историю про девочку-вампира """"Впусти меня"""",  было позволено сделать свою версию. Даром что исходный материал текстового первоисточника и режиссерская манера самого Альфредсона во многих неуловимых моментах оказываются удивительно схожи и попросту прекрасно совместимы. В самом сердце лондонской разведки грядут рядовые для любого учреждения перемены: кто-то уходит на пенсию, кого-то увольняют, кто-то уходит, потому что уходит любимый начальник, кто-то остается, с тем, чтобы просто продолжить свою работу.""",Роман Ле Карре - хороший писатель.,not_entailment,ds2,1
"""""""Есть только несколько причин, по которым мы на государственной экзаменационной комиссии будем рассматривать подобные заявления"""", - сразу подчеркнул замминистра. Откажут школьникам, которые решат поменять направление образования и, следовательно, предметы для экзаменов. А вот, например, тем, кто захочет пойти в армию, дадут положительный ответ.""","Пойти в армию нельзя, а поменять направление образования можно.",not_entailment,cleanlab,1
"""""""И когда я узнал, какие там результаты в моей Москве, просто сегодня не мог не прийти"""", - отметил он. Чуть дальше стояла группа молодых людей с плакатами в виде """"диалогов"""" и надписью: """"Свобода выбора"""", """"Свобода должна быть не только в Facebook"""". """"Мы здесь, потому что мы против того, чтобы за нас кто-то что-то решал, хотим честности, справедливости, и чтобы нас услышали"""".""",У молодых людей были флаги.,not_entailment,"cleanlab, ds2",2
"Об этом «Комсомольской правде»-Красноярск сообщили в пресс-службе краевого следственного комитета. Как доказали следствие и суд, эта женщина, используя свое служебное положение, устроила на работу учителями четверых своих знакомых. Но фактически те не работали, а их зарплату снимала с карт сама директор.",Женщина получала зарплату за четырех неработающих учителей.,entailment,cleanlab,1
"Родительских прав мать не лишена. Пока. А в парадном девочка оказалась, потому что дома она мешала матери выпивать.",Пьяная мать выставила девочку в парадное.,entailment,"cleanlab, datamaps",2
"По его словам, около 11:20 в северо-восточной части столицы пошел небольшой снег, который затем перерос в самую настоящую метель. Видимость на дорогах значительно снизилась, температура упала за короткий промежуток времени на два градуса. Так как земля по-прежнему сохраняет тепло, падающий снег моментально тает.",Снег сменился градом.,not_entailment,ds2,1
"Дежурный доктор (а это – участковые терапевты, сменяющие другу друга по графику) работает с пациентами, которые пришли в поликлинику без предварительной записи и не знают, к какому именно специалисту им нужно обратиться.",Дежурный доктор работает с пациентами по записи.,not_entailment,cleanlab,1
"Прокуратура поддержала ходатайство следователей и мужчину арестовали на два месяца. В ходе судебного заседания стали известны подробности преступления. Мотивом убийства, как выяснилось, стала ревность.",Мужчина убил из ревности.,entailment,"cleanlab, ds2",2
"У троих участников драки диагностированы различные травмы. Что интересно, в полиции все они заявили, что претензий друг к другу не имеют.",Участники драки остались довольны друг другом.,entailment,"cleanlab, datamaps",2
"Мужчина был пьяный, и ему взбрело в голову дать сыну попробовать пенного. Мать была против, но она не смогла остановить мужа. Она прибежала за помощью к соседке, а та вызвала полицию.",Мужчина напоил сына пивом.,entailment,"cleanlab, datamaps",2
"Двое мужчин и две женщины выпивали, когда одному из них, недавно освободившемуся из мест лишения свободы, захотелось любви и тепла. С недвусмысленным предложением он обратился к одной из участниц застолья, однако та отказала в близости. Обидевшись, мужчина схватил нож и решил всех «проучить».",Пьяное застолье продолжилось поножовщиной.,entailment,cleanlab,1
"В суде установили, что у ООО «Бежицкие маршрутные такси» есть лицензия и два договора с администрацией на перевозку пассажиров по маршруту «улица Молокова – Бордовичский водозабор», - говорится на сайте арбитражного суда Брянской области.",У ООО «Бежицкие маршрутные такси» нет права возить пассажиров по улице Молокова.,not_entailment,cleanlab,1
"""""""Это очень хороший и неожиданный показатель, который опровергает опасения высокого уровня неявки избирателей, которые высказывались накануне дня голосования"""", - заявил генеральный директор Института исследования общественного мнения CSA Бернар Сананес в эфире телеканала. Тем не менее эксперт предостерег от преждевременных выводов, так как, по его мнению, """"существует разница между утренним и вечерним голосованием"""".""",Эксперт не видит разницы между утренним и вечерним голосованием.,not_entailment,cleanlab,1
"Разбив оконное стекло, преступник проник в помещение бани и вынес оттуда два электрических чайника и фонарь на общую сумму более 3500 рублей. По подозрению в совершении преступления был задержан 41-летний безработный, ранее уже привлекавшийся к уголовной ответственности. Задержанный пояснил, что в баню залез, потому что не было свидетелей, а похищенной техникой собирался пользоваться сам.",Безработный вернул в баню фонарь и два электрочайника.,not_entailment,ds2,1
"Московскому институту теплотехники (МИТ) сейчас затруднительно выполнить гособоронзаказ о поставках подвижных ракетных комплексов «Ярс». Речь идет о поставках частей гидравлических систем «Ярса». Подольский электромеханический завод не сможет вовремя снабдить комплекс необходимым оборудованием, поскольку столкнулся с экономическими затруднениями.",МИТ выполнил гособоронзаказ.,not_entailment,cleanlab,1
"По словам задержанного, никого заранее он грабить не собирался, а общежитие зашел, чтобы согреться. Увидев золото, решил забрать украшения себе. После нападения вернулся домой, спрятал добычу, переоделся и отправился гулять.",Задержанный мечтал кого-нибудь ограбить.,not_entailment,ds2,1
"Ипотека в структуре их кредитных портфелей достигла трети к концу прошлого года, что является историческим максимумом.",Ипотека не достигла исторического максимума в кредитных портфелях.,not_entailment,ds2,1
"Как уточняет ярославская областная прокуратура, жителям одного из подъездов пришлось самим мыть грязные лестницы, потому что этого не делали сотрудники управляющей компании.",Управляющая компания оставила подъезд грязным.,entailment,cleanlab,1
"Задать свой вопрос или оставить жалобу смогут все желающие, рассказали «Комсомольской правде»-Красноярск в городской администрации.",Желающие пожаловаться смогут это сделать.,entailment,cleanlab,1
"Еще 30 машин расчищают тротуары. Эти цифры назвали в администрации города Кирова. Подрядчики активизировали вывоз снега, так как резкое похолодание, которое вскоре обещают синоптики, может ухудшить ситуацию на дорогах.",В Кирове идет сильный снегопад.,not_entailment,ds2,1
"Дом часто называют личной крепостью, и это звучит гордо.",Дом - это звучит гордо.,not_entailment,cleanlab,1
"""""""Законопроект, безусловно, полезный и крайне своевременный, поскольку блокировать следует не только порнографические сайты, но и ресурсы экстремистской направленности"""".""",Законопроект помешает блокировать сайты.,not_entailment,cleanlab,1
"Так что никто из ребятни не пострадал. Сам пожар случился из-за неисправной проводки. Сам автобус потушили, и огонь не успел перекинуться на топливный бак.",В автобусе была неисправна проводка.,entailment,ds2,1
"Умирающая девушка успела рассказать, что ее ударил ножом их собутыльник за то, что она его оскорбила, а потом быстро убежал. Сотрудница котельной вызвала полицию и «скорую». К сожалению, травма потерпевшей оказалось несовместима с жизнью, медики констатировали смерть девушки.",Умирающая девушка оскорбила собутыльника.,not_entailment,"cleanlab, datamaps",2
"""""""В первую очередь это гарнизонная служба и все, что с ней связано. Туда же хотим включить дисциплинарные батальоны и военную автоинспекцию"""", - заявил он в интервью """"Российской газете"""", которое будет опубликовано в среду. По словам министра, в первую очередь будет создана структура, которая будет готовить военных полицейских, поскольку они должны обладать юридическими знаниями и организаторскими способностями.""",Будет создана структура подготовки военных полицейских.,entailment,ds2,1
"Это сделает стадион более доступным для людей с ограниченными физическими возможностями и маломобильных групп, отметили в Калининской управе. На встрече присутствовали представители общественных организаций, в том числе и Всероссийского общества инвалидов, специалисты департамента по спорту и молодежной политике, здравоохранения, управы. Проект был одобрен, так как соответствует всем требованиям.",На встрече были представители Всероссийского общества инвалидов.,entailment,ds2,1
"Дорожную обстановку сегодня осложнили погодные условия. Всю ночь и утро валил снег, трассу не успели почистить. По предварительным данным, сначала дорогу не поделили две легковушки, затем в них въехала «Газель».",Пять машин попали в аварию.,not_entailment,"cleanlab, ds2",2
"В полицию города Остров обратилась женщина, которая пожаловалась, что стала жертвой мошенников.",Женщина наказала мошенников.,not_entailment,ds2,1
"Защитник заявил ходатайство об избрании в отношении Дмитриевой иной меры пресечения - в виде залога, домашнего ареста или подписки о невыезде. По словам адвоката Алексея Акимова, Нелли Дмитриева находится под стражей незаконно, при рассмотрении ходатайства о ее аресте суд не рассмотрел вопрос о наличии событий и факта преступления и не изучил дополнительные доказательства. По мнению защитника, следователь Дмитриева не имела возможности совершить какие-то противоправные действия, так как уголовное дело, за прекращение которого она якобы получила взятку, не находилось в ее производстве.",Следователя обвиняют в даче взятки.,not_entailment,cleanlab,1
"Отец вышел на балкон и дверь внезапно захлопнулась. Благо, телефон мужчина взял с собой. Он вызвал спасателей, которые благополучно попали в квартиру и освободили родителя, а также успокоили перепуганного четырехлетнего мальчика.",Малыш остался дома один.,entailment,"cleanlab, datamaps",2
"Женщину доставили в больницу, за ее жизнь сейчас борются врачи.",Женщину спасли врачи.,not_entailment,"cleanlab, datamaps, ds2",3
"Подозреваемый признал вину и пояснил, что в ту ночь им с приятелем очень хотелось выпить. Поэтому они направились в круглосуточный магазин. Но продавец отказалась продать им пиво, так как было слишком поздно.",Подозреваемый с приятелем выпили в круглосуточном магазине.,not_entailment,cleanlab,1
"При проведении таможенного контроля авто в нем обнаружили товар, который соответствовал заявленным в документах весу и странам изготовления.","Товар в машине не совпадал с тем, что было написано в документах.",not_entailment,ds2,1
"Вот парни пошли: вместо того, чтобы познакомиться с девушкой, пригласить в кино, они ее грабят.",Парни позвали девушку в кино.,not_entailment,cleanlab,1
"""Верзилов отметил, что его жена в целом удовлетворительно оценивает условия, в которых сейчас находится. """"Она говорит, что достаточно мало видела, поскольку больница большая, но в целом она удовлетворена отношением сотрудников, наличием нормального оборудования"""".""",Жена Верзилова построила больницу.,not_entailment,"cleanlab, ds2",2
"Он представился агентом московской фирмы и предложил двум женщинам высокие должности с хорошим окладом. Но за трудоустройство нужно было внести взнос. Получив требуемую сумму, он подписал фиктивные трудовые договоры с потенциальными сотрудницами и был таков.",Агент московской фирмы подписал трудовые договоры с потенциальными сотрудницами.,not_entailment,"cleanlab, datamaps",2
"Заметив приближающийся грузовой поезд, он залез на снежную насыпь на обочине, но поскользнулся и был смертельно травмирован железнодорожным вагоном.",Пострадавший попал под поезд.,entailment,ds2,1
"В Ульяновскую область пришли снегопады, и в ближайшие дни, по сообщениям синоптиков, погода только ухудшится: к осадкам присоединятся резкое понижение температуры, метели и гололедица. Ульяновские госавтоинспекторы настоятельно советуют водителям воздержаться от поездок по области на личных автомобилях. Если вам все же придется выехать, то стоит придерживаться некоторых правил: быть внимательными на дорогах, так как видимость может ухудшиться, проявлять бдительность около остановок общественного транспорта и на «зебрах», не превышать скорость, тормозить заранее.",Ульяновскую область ждет хорошая погода.,not_entailment,"cleanlab, ds2",2
"""""""Будем участвовать в выборах (главы Химок - ИФ). Мы уже часть документов собрали, через несколько дней подадим на регистрацию и будем собирать подписи"""", - заявил он """"Интерфаксу"""" в понедельник. По его словам, у него есть несколько идей для предвыборной кампании: """"Например, все посты в правительстве будут занимать немцы, потому что наши чиновники все воруют"""".""",Предстоят выборы главы республики.,not_entailment,"cleanlab, ds2",2
"Молодого человека, который явно только-только употребил наркотическое вещество, обнаружили в подъезде одного из домов.",Молодой человек явно был под кайфом.,entailment,"cleanlab, datamaps, ds2",3
"Они и решили выяснить, кто же из них лучше всех поет.",Кто-то из них лучше всех поет.,entailment,"cleanlab, ds2",2
"Он рассказал, что к нему в гости пришли его знакомая вместе с подругой и ее сыном.",Он рассказал о четырех гостях.,not_entailment,"cleanlab, ds2",2
"""""""В нашей группе компаний идея объединенного чемпионата даже не обсуждалась. Может, где-то в курилке. Только я об этом не ведаю, поскольку не курю"""".""",Я курю только в курилке.,not_entailment,"cleanlab, ds2",2
"Игроки хорошие, индивидуумы хорошие, а не сложилось. Президент предпринимала максимальные усилия, направленные на то, чтобы, найти лучшее, что есть на рынке. Мы не все могли купить, потому что бюджет клуба не всех позволял приобрести.","Президент нашла лучшее, что есть на рынке.",not_entailment,"cleanlab, datamaps",2
"Молюсь за обоих. Просто хочу обнять своего сына, а прав он или виноват - пусть скажет следствие. Хочется сказать всем оскорбляющим милицию: опомнитесь, милиционеры - это не безликие роботы в форме.",Кто-то оскорбил сына.,not_entailment,"cleanlab, datamaps",2
"Модельер не явился за заседание суда, чтобы избежать встречи с журналистами и не попасть в объективы камер. Адвокаты обвиняемого ранее заявили о том, что Гальяно потерял над собой контроль из-за злоупотребления алкоголем и поэтому нагрубил посетителям. Один из адвокатов сказал, что его подзащитный не помнит, что происходило в баре, так как он был болен.","Гальяно не помнит, что происходило в баре.",not_entailment,"cleanlab, datamaps, ds2",3
"""Губернатора Санкт-Петербурга Георгия Полтавченко не задело поведение футбольных болельщиков, певших о главе города и недостроенном стадионе на игре """"Зенит"""" - """"Кубань"""". """"Пусть это останется на совести тех, кто заказал, кто исполнил эту частушку. Давайте будем болеть за """"Зенит"""", потому что это наша любимая команда"""".""",Георгий Полтавченко обиделся на поведение футбольных болельщиков.,not_entailment,cleanlab,1
"""""""После инцидента 15 августа 2011 г. ко мне приезжал молодой человек со стороны Агафонова, он требовал видеозапись с камер наблюдения"""", - рассказал он. По его словам, угрожавший обещал """"всем устроить, так как побили хорошего человека"""". """"Я отказал, так как это могут требовать только правоохранительные органы"""", - сообщил Береговой.""","Береговой рассказал, как с него требовали видеозапись.",entailment,ds2,1
"""Рыбаченко уехала из России еще летом 2012 года и в настоящее время живет в Эстонии, где намерена закончить университет. Как заявила Рыбаченко, ее отчислили после того, как в вуз пришли следователи. """"Я пытаюсь закончить образование, потому что четыре года я отучилась, и мне оставался один год, чтобы получить диплом"""".""",Рыбаченко отчислили из университета.,entailment,ds2,1
"Случилось ЧП в ночь на 19 января. По непонятным причинам в одном из пустующих цехов предприятия рухнули несколько пролетов потолка и стен. Никто не пострадал, поскольку эта часть территории не эксплуатируется, поэтому заперта.",В людном цеху упал потолок.,not_entailment,cleanlab,1
"В суде установили, что у ООО «Бежицкие маршрутные такси» есть лицензия и два договора с администрацией на перевозку пассажиров по маршруту «улица Молокова – Бордовичский водозабор», - говорится на сайте арбитражного суда Брянской области.",ООО «Бежицкие маршрутные такси» действует в Брянской области.,entailment,ds2,1
"""Затем он вылез в окно и покинул здание. Кабинет находился на первом этаже. """"Что там сейчас происходит, не знаю, так как не нахожусь в здании"""".""",Он выбрался в окно.,entailment,cleanlab,1
"Это позволяет испаряться влаге на месте предполагаемой заплатки. В мэрии добавили, что такие кадры лучше всего отправлять непосредственно властям. Так как не всегда на данные работы выходят муниципальные подрядчики.",На месте предполагаемой заплатки не испаряется влага.,not_entailment,ds2,1
"""Отвечая на вопрос, Горан сказал, что в ходе проверки не использовались фотографии, сделанные экс-омбудсменом Ниной Карпачевой, поскольку они """"добыты не в установленном порядке"""". Также, по словам представителя ГПУ, не принималось во внимание экспертное заключение, предоставленное Карпачевой: """"Нельзя говорить, что это официальный какой-то документ, поскольку он составлен не уполномоченными на это специалистами"""".""",Экспертное заключение - это не официальный документ.,not_entailment,datamaps,1
"В него вошли не только существующие военные конфликты в мире, но и те, которые, по мнению издания, могут возникнуть в новом году.",В новом году издание ожидает новых конфликтов.,entailment,cleanlab,1
"На «те же грабли» мужчина встал, когда во второй раз сел за руль в пьяном виде. Очевидцы сообщили о пьяном водителе в полицию. И если в первом случае он отказался проходить медицинское освидетельствование, то во втором пытался выдать себя за пассажира.",Пьяный водитель сумел выдать себя за пассажира.,not_entailment,cleanlab,1
"""Отвечая на вопросы журналистов о возможной отмене нормы закона об обязательном наличии бесплатного дублера при строительстве платных дорог, вице-премьер подчеркнул, что """"это дискуссионная тема, которая была предложена экспертами"""". """"В правительстве пока осторожно относятся к данному предложению, которое нуждается в детальном изучении"""", - заявил Шувалов. По данным социологического исследования, вопрос платных автомобильных дорог большую часть россиян не волнует, так как они не имеют машин, а среди тех, у кого она есть, каждый пятый не намерен пользоваться такими трассами.""",У каждой платной дороги обязательно будет бесплатный дублер.,not_entailment,ds2,1
"Суд установил, что каждый из подсудимых, действуя в сговоре с другими, выполнял отведенную ему роль в группе.",Подсудимые действовали сообща.,entailment,"cleanlab, datamaps",2
"С новогодней красавицы уже сняли звезду и игрушки, а также начали демонтировать низ искусственного дерева.",Новогоднюю красавицу раздели.,entailment,"cleanlab, datamaps",2
"Он ушел с работы, но домой не вернулся.",Он вернулся на работу.,not_entailment,cleanlab,1
"Он обвинялся в убийстве жены, сообщается в пресс-службе областной прокуратуры.",Он не мог убить жену.,not_entailment,ds2,1
"По данным следствия, в июне прошлого года в подъезде одного из домов по улице Отрадной обвиняемый избил свою бывшую супругу и сломал ей палец.",Обвиняемый сломал палец бывшей супруге.,entailment,"cleanlab, datamaps, ds2",3
"""Краснодарский краевой суд в понедельник принял решение о рассмотрении уголовного дела банды Сергея Цапка из станицы Кущевская с участием коллегии присяжных, сообщила адвокат потерпевших Екатерина Романова. """"Судом вынесено решение о рассмотрении дела с участием присяжных"""", - сказала адвокат журналистам. Она отметила, что защита потерпевшей стороны поддерживает это решение, поскольку """"это всегда лишние глаза"""".""",Банду Цапка будут судить судом присяжных.,entailment,cleanlab,1
"Как рассказали «Комсомольской правде» в пресс-службе, одним из вопросов стало рассмотрение показателей бюджета города.","В пресс-службе отметили, что у города нет бюджета.",not_entailment,cleanlab,1
"Среди этих товаров есть зубные щетки и паста, их якобы не хватает. Позавчера я минут десять выбирала самую мягкую зубную щетку, а вот зубной пасты для чувствительных десен действительно не хватает. В некоторых кафе перестали подавать воду, потому что закончилась, в других все также приносят бесплатный стакан воды.",Во всех кафе стали подавать воду.,not_entailment,cleanlab,1
"Однажды вечером, употребив алкоголь, товарищи решили отправиться в Нижний Новгород и вызвали такси, заранее решив не платить за услугу. С собой они взяли свою подругу. Но просто доехать бесплатно мужчинам показалось мало – они стали угрожать таксисту ножом, чтобы заставить его отдать им всю выручку. Водитель получил несколько царапин на лице, шее и руке и, опасаясь за свою жизнь и здоровье, предпочел покинуть автомобиль.",У пьяных мужчин было огнестрельное оружие.,not_entailment,ds2,1
"""Это просто разная аудитория. За счет того, что в """"Спорт-Экспрессе"""" много хороших журналистов, у нас газета, по большому счету,  авторская. Потому что люди читают не только информацию, они читают, как это написано.""","""""""Спорт-Экспресс"""" - преимущественно авторская газета.""",entailment,datamaps,1
"Как установили стражи порядка, злоумышленники действовали по заранее разработанной схеме. На сайте бесплатных объявлений подбирали предложение о продаже недвижимости или авто. Звонили продавцу, предлагали предоплату.",Злоумышленники были продавцами.,not_entailment,cleanlab,1
"Они попытались остановить авто, но водитель проигнорировал их.",Они остановили авто.,not_entailment,cleanlab,1
"Это во-первых. А во-вторых, квартира оказалась с многочисленными дефектами. Владелица пригласила эксперта, и тот составил целый список: стены нужно выравнивать и красить, обои – менять, керамическую плитку в ванной и туалете – перекладывать.",Квартира не требовала ремонта.,not_entailment,ds2,1
"Пассажиры жалуются на то, что отсутствуют последние рейсы, в салонах грязь и холод, водители курят, не покидая салона, и проезжают мимо остановок, экипажи не помогают инвалидам попасть в салон.",Пассажиры жалуются.,entailment,ds2,1
"""На вопрос, занимался ли задержанный канадский лейтенант шпионажем в пользу России, Г.Мамедов ответил, что """"не знает"""", так как """"не он возглавляет службу разведки"""". А на вопрос, кто из российских дипломатов покинул страну, российский посол и вовсе отказался отвечать. """"Я не могу свободно обсуждать эту тему, так как не хочу повлиять на ведение судебного процесса"""", - сказал он.""",Задержанный канадский лейтенант занимался шпионажем в пользу России.,not_entailment,"cleanlab, datamaps",2
"Обыскивая подозреваемую, оперативники вскрыли костыль, которым женщина пользуется из-за повреждения бедра.",Подозреваемая повредила бедро костылем.,not_entailment,cleanlab,1
"Я себе оправдания не ищу, но это стало толчком к моему будущему. Если бы застал измену, я бы, может, вообще по-другому поступил. Каждый человек по-своему переживает: кто-то легко прочувствовал все и забыл, кто-то болезненно.",Мне не нужны оправдания для себя.,entailment,"cleanlab, datamaps",2
"""Отвечая на вопрос, Горан сказал, что в ходе проверки не использовались фотографии, сделанные экс-омбудсменом Ниной Карпачевой, поскольку они """"добыты не в установленном порядке"""". Также, по словам представителя ГПУ, не принималось во внимание экспертное заключение, предоставленное Карпачевой: """"Нельзя говорить, что это официальный какой-то документ, поскольку он составлен не уполномоченными на это специалистами"""".""",В ходе проверки использовались не все фотографии.,entailment,cleanlab,1
"И лично я считаю, что в Россию начнется приток инвестиций после выборов в марте. Но этот уникальный шанс нужно реализовать. Потому что есть неэффективность в компаниях, отраслях.",После выборов ожидается приток инвестиций в Россию.,entailment,ds2,1
"Эвакуация гостей и персонала самой гостиницы не потребовалась. Напомним, ранее в Шерегеше горела еще одна гостиница – AYS. Так как огонь вспыхнул в подсобке, всех постояльцев пришлось вывести на улицу.",Гостиницам в Шерегеше не везет.,entailment,cleanlab,1
"""""""С целью обойти судебный порядок восстановления в родительских правах и вернуть сына, женщина совместно с сожителем установила в ЗАГСе отцовство в отношении малолетнего несмотря на то, что мужчина не являлся его биологическим отцом и никогда не воспитывал его"""", - рассказали в прокуратуре. Установление отцовства в отношении ребенка не отвечало его интересам и в целом государственной политике по защите семьи, материнства и детства. Так как семейные отношения у мальчика сложились в семье опекуна, а его нахождение и проживание с посторонним человеком может создать угрозу как физического, так и психического здоровья малолетнего, прокуратурой района подан в суд иск об оспаривании отцовства.""",Прокуратура района оспорит отцовство через суд.,entailment,cleanlab,1
"Женщина настаивала на том, чтобы мужчину лишили родительских прав.",Женщина хотела лишить мужчину водительских прав.,not_entailment,cleanlab,1
"По предварительным данным, смерть наступила в результате отравления продуктами горения, а причиной возгорания явилось неосторожное обращение с огнем во время курения в состоянии алкогольного опьянения, - говорится в сообщении.",В результате пожара погибло шесть человек.,not_entailment,"cleanlab, datamaps, ds2",3
"Мужчина зарегистрировал их у себя по месту жительства, но не предоставил им фактических мест для проживания.",Мужчина поселил их у себя.,not_entailment,cleanlab,1
"""Но не одновременно. По ночам он участвует в пятиминутных ограблениях, строго ограничиваясь именно этим временем, не задерживаясь нигде и ни при каких условиях, не трогая деньги, и не соблюдая """"пацанские кодексы чести"""". Только потому что это его работа, а на такой работе он не дружит.""",Он планирует ограбления.,not_entailment,cleanlab,1
"""""""Википедия"""" пишет, что это был период избирательной президентской кампании в России, а Макфол тогда занимался изучением избирательных технологий. Как писал один из коллег Макфола, он поначалу хотел отклонить приглашение Коржакова, который в то время входил в предвыборный штаб Ельцина. Однако приятель посоветовал ему принять приглашение, поскольку последствия отказа были бы намного хуже.""",Коржаков входил в предвыборный штаб Макфола.,not_entailment,"cleanlab, datamaps, ds2",3
"Как констатируют в областной полиции, проблема пьянства за рулем продолжает оставаться для Еврейской автономии актуальной.",В Еврейской автономии возникли проблемы у пьяных за рулем.,not_entailment,cleanlab,1
"""Кенсингтонский дворец в Лондоне станет официальной резиденцией герцога и герцогини Кембриджских, сообщает в воскресенье британский телеканал """"Скай ньюс"""". Решение принца Уильяма и его супруги Кейт Миддлтон обосноваться в Кенсингтонском дворце уже получило одобрение королевы Елизаветы II. Однако супружеская чета сможет переехать во дворец не ранее чем через два года, так как здание нуждается в ремонте.""",Елизавета II едет с визитом в Кенсингтонский дворец.,not_entailment,cleanlab,1
"Как сообщает пресс-служба региональной прокуратуры, в сентябре прошлого года житель Московского района был привлечен к административной ответственности за неуплату алиментов.",За неуплату алиментов мужчину привлекли к административной ответственности.,entailment,ds2,1
"""Депутат-""""единоросс"""" Александр Хинштейн назвал """"нормальным"""" поведение оппозиции в ходе митингов. """"Я считаю, что наличие оппозиции свидетельствует о здравости страны. И тот факт, что власти не чинят митингующим ни сегодня, ни в прошлый раз никаких препятствий, я только приветствую, потому что это также свидетельствует о зрелости нашей политической системы"""".""","""Депутат-""""единоросс"""" Александр Хинштейн не обнаружил свидетельств зрелости российской политической системы.""",not_entailment,cleanlab,1
"Исследователи отмечают, что такое развитие ситуации может во много раз увеличить в море содержание ртути.","Если ситуация будет развиваться в том же направлении, в море станет больше ртути.",entailment,"cleanlab, ds2",2
"Как рассказали в краевой полиции, в сентябре женщина нашла на интернет-сайте объявление о продаже породистых щенков и связалась с продавцом из другого города.",Женщину привлекло объявление о продаже щенков.,entailment,ds2,1
"""20 января пострадавшая в результате расстрела семейной пары грибников Ольга Борщева рассказала журналистам, что полностью удовлетворена вердиктом Рязанского областного суда и обжаловать приговор не собирается. Женщина рассказала, что испытала чувство облегчения, когда поняла, что долгий судебный процесс закончился, а убийцы ее мужа понесут заслуженное наказание. Также она сообщила, что полностью восстановилась после ранения и физически чувствует себя хорошо: """"Правда, накануне суда я совсем не спала, так как была на дежурстве и сразу после него пришла на заседание"""".""",В грибников кидали бумажками.,not_entailment,ds2,1
"Инцидент произошел в квартире потерпевших, супруги сами пригласили туда грабителя для совместного застолья.",Супруги случайно пригласили грабителя.,entailment,cleanlab,1
"Уже которую неделю жители оружейной столицы жалуются, что коммунальщики не удаляют нависшие ледяные сосульки на крышах домов города.",Коммунальщики Тулы не сбивают сосульки.,entailment,cleanlab,1
"На одной из остановок в автобус вошел мужчина, и на этом безмятежное путешествие для наших героинь закончилось.",Мужчина сошел с автобуса.,not_entailment,ds2,1
"""Как сообщил после заседания адвокат Александр Гофштейн, """"ни одно доказательство и ни одна экспертиза не доказывает совершения Макаровым данного преступления"""". """"Доказательства недостоверные, неубедительные и с процессуальной точки зрения недопустимые"""", - сказал Гофштейн. Он намерен обратиться в надзорную инстанцию суда с жалобой, так как намерен добиваться полной отмены приговора для своего подзащитного.""",Адвокат предоставил недостоверные и даже недопустимые доказательства.,not_entailment,cleanlab,1
"""Количество участников акции протеста """"Захвати Уолл-стрит"""", которые на протяжении нескольких недель не покидают небольшой парк недалеко от Уолл-стрит, превысило 600 человек, сообщает в пятницу британская газета Guardian. Полиция приказала демонстрантам покинуть парк, чтобы в нем можно было провести уборку, необходимую из-за продолжительного пребывания здесь палаточного городка и связанной с этим антисанитарии. Однако демонстранты не собираются выполнять требование полиции, поскольку считают его отговоркой для разгона акции протеста.""",Демонстранты подчинились требованиям полиции.,not_entailment,"cleanlab, ds2",2
"К сожалению, барнаульцы не смогли взять реванш после первого досадного поражения 63:64. Во втором матче на площадке в составе хозяев появился Глеб Бейгельзимер, который не принимал участия в первой игре. Он давно знаком алтайским болельщикам, так как уже защищал цвета нашей команды.",Команда Барнаула выиграла.,not_entailment,ds2,1
"В Воронежской области задержали молодого человека, который угнал авто по необычным причинам.",Молодой человек угнал авто по необычным причинам.,entailment,ds2,1
"""Вокруг все искусственно поудивлялись, натужно рассмеялись голливудскими белозубыми улыбками, мол, ах-ах, как остроумно, и проследовали в зал. С тех пор за весь предпремьерный период """"диктатор"""" Барон Коэн не упустил, кажется, ни единой возможности """"ввернуть"""" бесплатный промоушен своей новой комедии в хиреющее и закисающее медийное пространство. Строго говоря, в избранном амплуа – он гений, но гений места и времени, потому что """"диктаторские"""" шутки выглядят живее в жизни, а не в кино.""",Голливудские улыбки остроумны.,not_entailment,cleanlab,1
"На место происшествия тут же выехали сотрудники полиции, однако вскоре выяснилось, что что заявление ложное.",Обещанного происшествия не было.,entailment,"cleanlab, datamaps, ds2",3
"В каждом районе были созданы мобильные группы, в которые вошли сотрудники администраций и полицейские.",В районах гостят мобильные группы.,not_entailment,cleanlab,1
"""При этом он затруднился сообщить, сколько времени может продлиться это отстранение. Сам Губерниев заявил радиостанции """"Эхо Москвы"""", что его отстранение от ведения футбольных программ не повлияет на работу на телеканале. """"Очень сложно меня отстранить от футбольных матчей, потому что я на них редко работаю"""".""",Губерниева отстранили на год.,not_entailment,"cleanlab, ds2",2
"""Патриарх Московский и всея Руси Кирилл призвал священников не участвовать в ток-шоу и не стремиться к """"мнимой популярности"""" в социальных сетях. """"Не дай Бог нам, людям церковным, соблазниться мнением о нас в блогах или даже в СМИ. Потому что, поступив так единожды, мы попадаем в ловушку и начинаем делать все, для того чтобы поддерживать сложившийся рейтинг"""".""",Патриарх Московский и всея Руси Кирилл призвал священников отказаться от участия в ток-шоу.,entailment,ds2,1
"Инцидент произошел в Нижнекамске в ночь на субботу. В ЦРБ доставили 39-летнего мужчину с ножевым ранением в живот. Медики вызвали полицейских, так как было ясно, что на потерпевшего напали.",На потерпевшего напали.,entailment,ds2,1
"В противном случае карантин продлят. Стоит отметить, что первые шесть школьных коллективов региональное управление Роспотребнадзора отправило домой, лечиться, еще 12 декабря. Назвать дату, когда все воронежские школы заработают в прежнем режиме, нельзя, так как занятия в них приостановили в разное время.",В школах Воронежа продолжается карантин.,entailment,cleanlab,1
"Догадки стражей порядка подтвердились. Как выяснилось, вор продал украденное. Свою вину он отрицать не стал и даже указал, кому он сбыл аппарат.","Вор продал аппарат и сказал, кому.",entailment,"cleanlab, datamaps",2
"Силовики также разберутся, как удалось получить разрешение на строительство у мэрии города.",Разрешение на строительство у мэрии города получить не удалось.,not_entailment,cleanlab,1
"После этого мужчина развернулся и поспешно покинул здание вокзала. Стражам порядка такое поведение показалось подозрительным, и они задержали мужчину. При личном досмотре, выяснилось, что у него в нагрудном кармане лежат семь патронов.",Мужчина поспешил покинуть вокзал.,entailment,ds2,1
"Температура будет колебаться, периодически будет подсыпать снег.",Температура будет устойчивой.,not_entailment,cleanlab,1
"Так как у мужчины не было постоянного заработка, ему пришлось взять кредит в банке.",Мужчина взял два кредита в банке.,not_entailment,ds2,1
"А сама машина оказалась в розыске. Злоумышленник угнал ее из гаражного массива. Вдобавок выяснилось, что он уже был неоднократно судим за аналогичные преступления.",Злоумышленник и прежде угонял машины.,entailment,cleanlab,1
"Была опасность остаться без главного новогоднего символа. Но мир не без добрых людей. Нашелся меценат, который взял все расходы на себя.",Остались без главного новогоднего символа.,not_entailment,cleanlab,1
"Он пройдет в рамках четвертого городского фольклорного фестиваля «Мудрость православия - в традициях народной культуры», сообщает Брянская городская администрация.",В Брянске пройдет очередной фольклорный фестиваль.,entailment,ds2,1
"Водителю отомстили моментально. Мусорными пакетами закидали крышу, капот авто, а также повесили один мешок на дворник, расположенной на заднем стекле. И, надо сказать, пользователи поддержали тех, кто наказал водителя.",Водителя засыпали мусором.,entailment,ds2,1
"""""""Нечто подобное происходило в сентябре-октябре прошлого года, примерно то же самое: тоже кризис в Европе, тоже падение цен на нефть в конце сентября - начале октября"""", - отметил он, добавив, что тогда на ситуацию негативное влияние продолжило оказывать снижение рейтинга США, произошедшее в августе. Зампред ЦБ Сергей Швецов в пятницу также заявил, что регулятор не видит рисков в текущей волатильности на валютном рынке, потому что """"она абсолютно нормальная"""". """"Доллар растет ко всем валютам, потому что выигрышная по отношению к другим странам ситуация в американской экономике - тихая гавань"""".""",Зампред ЦБ считает текущую волатильность на валютном рынке ненормальной.,not_entailment,cleanlab,1
"«Министерство сегодня вызвало российского посла, чтобы повторить свой протест. Встречи между парламентариями – важная составляющая политических контактов», - приводятся слова главы МИД Бёрге Бренде. Он добавил, что отказ в визах вызывает сожаление, так как визит мог бы способствовать укреплению двусторонних отношений.",Визит мог бы способствовать укреплению двусторонних отношений.,entailment,ds2,1
"Победу в гонке одержали норвежские спортсмены, тройку лучших замкнули немцы.",Норвежцы оказались лучшими гонщиками.,entailment,ds2,1
"И хотя первая неделя января приходится на нерабочие и праздничные дни, ее доставка будет идти по графику.",Доставка пройдет согласно графику.,entailment,ds2,1
"Князь и великий магистр Мальтийского ордена Мэтью Фестинг уходит со своего поста. Информацию об этом подтвердили в католическом объединении. В Ордене пояснили, что его отставка — неординарное событие, поскольку обычно лидер избирается на пожизненный срок.",Магистр Мальтийского ордена смещен со своего поста.,not_entailment,cleanlab,1
"Как сообщает пресс-служба городской администрации, ремонтная бригада производит замену задвижки в камере, принадлежащей «Т Плюс» в районе стадиона «Динамо».","""Только одна из камер в районе стадиона """"Динамо"""" принадлежит """"Т Плюс"""".""",not_entailment,cleanlab,1
"Их стоит запускать в подъезды, офисы и магазины. Желательно также кормить животных. Собаки, а тем более кошки не смогут на улице пережить холод, когда температура воздуха опускается ниже -30 градусов.","Домашние животные не смогут на улице пережить холод, когда температура воздуха опускается ниже -30 градусов.",entailment,ds2,1
"Организацией данной акции для малышей, которые остались без родительской заботы, занимается профсоюзный комитет студентов ТОГУ, - рассказали в пресс-центре ТОГУ.",Это акция для ребят из детского сада.,not_entailment,"cleanlab, ds2",2
"Пострадавшему была оказана своевременная медицинская помощь и на данный момент он лечится дома. Латвийской полиции удалось задержать подозреваемого в нападении на таксиста. Оказалось, что пассажир ударил таксиста ножом в шею, так как не мог оплатить поездку.",Пострадавший лечится дома.,entailment,ds2,1
"По итогам поездки стало известно, что в ближайшем будущем оба предприятия обеспечат дополнительными заказами, а их работники смогут рассчитывать на повышение зарплат.",Итогом поездки стали хорошие для работников и предприятий новости.,entailment,cleanlab,1
Далее было вынесено постановление о взыскании исполнительского сбора. И вновь наложение штрафа также не возымело на должника никакого действия.,На должника наложили штраф.,not_entailment,"cleanlab, datamaps",2
"Деньги поступят из федерального бюджета в рамках приоритетного проекта «Формирование комфортной городской среды», сообщают в Брянской городской администрации.",Из федерального бюджета выделят деньги.,entailment,ds2,1
"В ходе расследования были установлены и задержаны пятеро подозреваемых в преступлении - жители Куйбышевского и Кировского районов Самары. Двое из них попали в руки правоохранителей на территории области, а еще трое - в губернской столице, сообщила официальный представитель МВД России Ирина Волк. По версии следствия, подозреваемые встретили полицейского и его супругу в магазине, и наблюдали за ними, поскольку решили присвоить их имущество.",Подозреваемые решили отдать свое имущество полицейским.,not_entailment,"cleanlab, ds2",2
"По словам представителя правительства Германии Штеффена Зайберта, новый американский лидер Дональд Трамп пригласил главу немецкого правительства в Вашингтон в ходе состоявшегося между ними в минувшую субботу телефонного разговора.","Есть информация, что в субботу Трамп по телефону пригласил главу немецкого правительства в Вашингтон.",entailment,ds2,1
"""""""Скорее всего, это была проверочная закладка с целью изучения действий оперативных служб в подобных ситуациях"""", - предположил источник. Однако, как сообщил позже журналистам начальник ГУ МВД по Москве Владимир Колокольцев, угроза взрыва была ложной, просто """"гражданин оставил свою машину и ушел по своим делам"""". """"Было основание полагать, что эта машина несет угрозу, так как на заднем сиденье была бочка с краской, - сказал он.""",Машина несла угрозу.,not_entailment,cleanlab,1
"Черную мраморную доску, на которой фотограф изображен со своей камерой, установили в парадной дома 12 ноября 2015 года – во время празднования 160-летия первого фоторепортера в России. В течение 30 лет с 1908 по 1938 год в этом доме в фотоателье работали Булла и его сыновья. Поскольку дом является историческим зданием, доску устанавливали внутри, а не на фасаде.",Фотограф изобразил черную мраморную доску.,not_entailment,cleanlab,1
"Со стороны пр. Ленина городок обрамляют ледяные горы и деревья с подсветкой. От заливки катка пришлось отказать, так как площадь с уклоном.",Рядом с городком есть деревья с подсветкой.,entailment,ds2,1
"Была угроза того, что огонь перекинется на соседние дома.",Огонь мог перейти на стоящие рядом дома.,entailment,"cleanlab, datamaps, ds2",3
"""""""Я всегда мечтал играть за """"Барс"""", ничего не изменилось. Я счастлив быть здесь и даже не думаю об уходе. Я не просил о продлении контракта, потому что и так хочу здесь остаться"""".""","""Я устал играть за """"Барс"""".""",not_entailment,"cleanlab, ds2",2
"По его словам, после ухода с поста президента он пока не собирается занимать какие-нибудь государственные должности, будет проводить больше времени с семьёй, но и насовсем уходить из политики тоже не намерен.","Бывший президент надеется, что будет проводить больше времени с семьёй.",entailment,ds2,1
"Чиновники обещают, что все бригады будут функционировать в круглосуточном режиме «Повышенной готовности».","Все будет именно так, как обещали чиновники.",not_entailment,ds2,1
"""Как сообщил уполномоченный при президенте РФ по защите прав предпринимателей Борис Титов со ссылкой на Минюст, на данный момент в России 8 человек освобождены из СИЗО, пять из колоний. """"Первый вывод - амнистия начала работать"""", - пояснил Титов на пресс-конференции во вторник. Он добавил, что ожидать больших цифр сразу нельзя, потому что люди должны получить справки о погашении ущерба.""",Амнистия в России уже коснулась 13 человек.,entailment,cleanlab,1
"Сорокалетнего мужчину задержали прямо в подъезде, в тот момент, когда он выходил из лифта.",Сорокалетнего мужчину не поймали.,not_entailment,ds2,1
"""""""Речь не идет о простом желании спортсменов сняться с соревнований, - заявил президент Федерации фигурного катания России Александр Горшков. - Для этого существуют медицинские показания. Осенью по ходу этапов """"Гран-при"""" фигуристам приходилось выступать и лечиться одновременно, но делать это довольно сложно, поскольку как следует не получается ни то ни другое"""".""",Фигуристам легко выступать и лечиться одновременно.,not_entailment,cleanlab,1
"Экспертиза также подтвердила, что права ненастоящие. Впоследствии водитель признался, что приобрел удостоверение через интернет в Туле несколько лет назад. Раньше предъявлять документ полицейским ему не приходилось, так как за руль он садится крайне редко.",Экспертиза признала права фальшивыми.,entailment,"cleanlab, ds2",2
"Как сообщил источник в правоохранительных органах, начальник полиции уже подал рапорт о своем увольнении.",Источник сообщил о решении начальника полиции.,entailment,ds2,1
"Водителя легкового автомобиля госпитализировали в реанимационное отделение районной больницы. У него взяли кровь на анализ. Отметим, что место происшествия очагом аварийности не является.",После произошедшего водитель попал в реанимацию.,entailment,ds2,1
"""""""Я тоже хотел продолжения. Но правила есть правила"""", - заявил Кличко-старший на пресс-конференции после боя, состоявшегося ночью в воскресенье в Москве. """"Рад, что отстоял титул, но, к сожалению, не так, как хотелось бы"""".""",Правила помешали Кличко насладиться продолжением.,entailment,"cleanlab, ds2",2
"В противном случае отец ставил провинившихся на колени и читал им молитвы, а за более серьезные проступки избивал. Дети боялись идти домой после школы и часто приходили к маме на работу. Жена боялась сообщить об издевательствах мужа в полицию, поскольку он грозился убить ее.",Отец наказывал провинившихся молитвами.,entailment,"cleanlab, ds2",2
"""Как заявляли в октябре представители нигерийских властей, судно зашло в территориальные воды Нигерии без разрешения, тем самым нарушив местное законодательство. В Moran Security """"Интерфаксу"""" заявили, что считают задержание корабля необоснованным. """"Мы считаем этот арест необоснованным, потому что о заходе судна в порт было известно заранее"""".""",Судно вошло в акваторию Нигерии.,entailment,ds2,1
"""""""Установлено, что решение о возбуждении этого уголовного дела является незаконным и необоснованным, так как принято преждевременно, без установления всех данных, достаточных для принятия такого решения"""", - говорится в сообщении.""",Сообщение говорит о необоснованном возбуждении уголовного дела.,entailment,cleanlab,1
"""В интервью """"Коммерсанту"""" Песков уточнил, что предварительная договоренность о визите была достигнута на саммите АТЭС во Владивостоке (к слову, именно после него в СМИ впервые появилась информация о проблемах со здоровьем российского лидера). Тогда рассматривались самые разные варианты - ноябрь, декабрь и январь, и ни один из них не был утвержден в качестве окончательного. """"Поэтому, чтобы резюмировать, могу сказать, что переносить было нечего, потому что не было согласованных или, тем более объявленных дат визита.""",В СМИ появилась информация о крепком здоровье российского лидера.,not_entailment,cleanlab,1
"""На презентации экспертного доклада, касающегося реформирования российского оружейного законодательства, Торшин привел примеры ряда стран, в том числе США, где граждане имеют право на свободное владение оружием. """"Оружие дисциплинирует. Владение россиянами оружием нас дисциплинирует, и атмосфера в нашем обществе поменяется, потому что люди не будут заниматься беспределом, в том числе это касается и правоохранительных органов"""".""","Торшин говорил о странах, где граждане свободно носят атомное оружие.",not_entailment,cleanlab,1
"Министр по вопросам Brexit Дэвид Дэвис призвал коллег-депутатов не вставлять палки в колеса премьер-министру и закончить рассмотрение как можно более оперативно, чтобы начать переговоры до конца марта этого года, передает ТАСС.",По вопросам Brexit есть отдельный специальный министр.,entailment,"cleanlab, datamaps, ds2",3
"После того как клиент оформит подписку на сервис, он будет получать уведомления о наличии штрафов автоматически.",Клиент автоматически будет оштрафован.,not_entailment,cleanlab,1
"Мужчина окунулся в бассейн, где у него прихватило сердце.","Когда мужчина окунался, у него остановилось сердце.",not_entailment,"cleanlab, datamaps, ds2",3
"Вот только когда вечеринка завершилась, девушка обнаружила, что ее дорогой мобильный телефон пропал.","Во время вечеринки девушка обнаружила, что ее дорогой мобильный телефон исчез.",not_entailment,"cleanlab, datamaps",2
"Наполитано подтвердил, что отставка Берлускони ожидается после принятия парламентом Италии пакета антикризисных мер.",Парламент Италии готовится принять пакет антикризисных мер.,entailment,ds2,1
"Когда внедорожник тронулся, то без труда вырвал бензоколонку с корнем.",Внедорожник поехал.,entailment,"cleanlab, datamaps, ds2",3
"И в одном из местных магазинов силовики наткнулись на контрафактную водку, на которой были поддельные акцизные марки.",Акцизные марки подделывали водку.,not_entailment,"cleanlab, datamaps",2
"Подозреваемый признал вину и пояснил, что в ту ночь им с приятелем очень хотелось выпить. Поэтому они направились в круглосуточный магазин. Но продавец отказалась продать им пиво, так как было слишком поздно.",Пиво им с приятелем продавать не хотели.,entailment,cleanlab,1
"""""""Это наши русские часы, недорогие часы с гербом - маленькие, аккуратные часы"""", - процитировал патриарха В.Соловьев, делясь в эфире радио """"Вести FM"""" впечатлениями о встрече с ним. По словам Соловьева, когда предстоятель увидел ту фотографию, он очень удивился. """"Потому что, когда мы надеваем одеяние для службы, часы невозможно надеть, невозможно носить часы"""".""",В.Соловьев встретился с патриархом на горе Афон.,not_entailment,ds2,1
"Сыщики заметили, что почерк всех преступлений был одинаковый, поэтому легко напрашивался вывод, что это сделал один и тот же человек.",Сыщики нашли общие черты в манере совершения этих преступлений.,entailment,cleanlab,1
"""Представители правоохранительных органов и частных агенств посоветовали саратовцам в пресс-центре """"Комсомольская правда""""-Саратов соблюдать информационную осторожность - не болтать о своих новогодних планах со знакомыми, поскольку в их круг общения могут входить и воры. И не распространяться о праздничных настроениях на отдых в социальной сети. Поскольку этой информацией активно пользуются злоумышленники.""",В круг знакомых каждого жителя Саратова входят воры.,not_entailment,cleanlab,1
"В первом периоде преимущество было на стороне наших хоккеистов, однако вратарь хозяев играл безупречно.",Вратарь хозяев был на стороне наших хоккеистов.,not_entailment,"cleanlab, datamaps",2
"К спасательной операции подключились силы Национальной гвардии США и дополнительные полицейские подразделения. На грузовиках они подвезли провиант и воду в районы у восточных склонов Скалистых гор, которые в данный момент оказались полностью блокированы в результате разлива рек. Работы осложняются, так как многие дороги оказались непроходимы из-за оползней, спровоцированных разливом воды.",В Европе наводнение.,not_entailment,ds2,1
"Ноябрь и часть декабря удивили сильными морозами, но сейчас погода стабилизировалась и будет тепло.",Сейчас погода начнет удивлять еще больше.,not_entailment,ds2,1
"Состояние алкогольного опьянения было доказано. А вот водительское удостоверение он предъявить не смог. Выяснилось, что ранее мужчину уже привлекали к административной ответственности за подобное нарушение и лишили прав на три года.",Прав у пьяного водителя не было.,entailment,cleanlab,1
"Поскольку предприятие добровольно погасить свою задолженность не спешило, пристав наложил запрет на регистрационные действия в отношении недвижимости фирмы.",Пристав нашел выход из ситуации.,entailment,"cleanlab, datamaps",2
"""""""Я тоже хотел продолжения. Но правила есть правила"""", - заявил Кличко-старший на пресс-конференции после боя, состоявшегося ночью в воскресенье в Москве. """"Рад, что отстоял титул, но, к сожалению, не так, как хотелось бы"""".""","Кличко сказал, что хотел продолжения.",entailment,ds2,1
"""Думаю, что большинство желающих стать депутатами от нашей партии уже выразили это желание на этапе праймериз. Предварительные выборы, кстати, оказались очень эффективной процедурой. Потому что у человека появляется возможность не только выразить свое желание стать депутатом, но и проверить себя, что называется, """"в поле"""".""",Предварительные выборы оказались эффективной процедурой.,entailment,ds2,1
"Когда потерпевшая не обнаружила свою норковую шубу в раздевалке, она обратилась в отдел полиции.",Потерпевшая искала свою шубу в раздевалке.,entailment,ds2,1
"Губернатор осмотрел дома, куда заселят работников.",Губернатор осмотрел работников.,not_entailment,"cleanlab, datamaps",2
"Женщина сообщила, что стала жертвой обмана.",Женщина пожаловалась на обман.,entailment,ds2,1
"В день президентских выборов американские избиратели отдают свои голоса выборщикам, которые назначаются партийными съездами на уровне штатов, их количество определяется числу представителей каждого штата в конгрессе (сенате и палате представителей). Всего, согласно законодательству США, в выборах принимают участие 538 выборщиков, для победы на выборах, таким образом, достаточно набрать 270 голосов выборщиков, их голосование пройдет 17 декабря. Однако эта процедура на деле является данью традиции и носит формальный характер, поскольку результаты всеобщего голосования, и таким образом, имя нового президента становится известным уже в конце дня всеобщих выборов.",538 выборщиков организуют всенародные выборы в США.,not_entailment,"cleanlab, ds2",2
"Прибывшие полицейские обнаружили, что неизвестный почти не оставил следов своего пребывания в доме.",Следов неизвестного в доме было мало.,entailment,"cleanlab, datamaps, ds2",3
"""Такой законопроект обсудят в Госдуме в ближайшее время. Отмечается, что в настоящее время у людей, страдающих от этого заболевания, часто снимают инвалидность в подростковом возрасте, и они теряют льготы на приобретение жизненно важных лекарств. «Нужно сохранять инвалидность при сахарном диабете, так как это неизлечимое хроническое заболевание"""".""",Законопроект вызывает сахарный диабет.,not_entailment,cleanlab,1
"По одной из версий он выехал на полосу встречного движения, где столкнулся с автокраном.",На самом деле он столкнулся с автокраном именно на полосе встречного движения.,not_entailment,ds2,1
"Пострадавшая оценила ущерб в три тысячи рублей. Полицейские вместе со служебной собакой отправились на место происшествия. Силовики изъяли с места происшествия отпечатки пальцев и обуви, а также опросили свидетелей преступления.",Ущерб оценен в 3000 рублей.,entailment,"cleanlab, datamaps",2
"""""""Я вместе с другими адвокатами с 13:00 нахожусь у СИЗО """"Лефортово"""" и пытаюсь пройти к своему доверителю Развозжаеву. Некоторое время назад к нам вышел заместитель начальника изолятора, который сообщил, что созвонился со следователем и тот дал ему указание не пускать к Развозжаеву адвокатов, так как они не допущены к делу"""", - сообщила """"Интерфаксу"""" защитница Виолетта Волкова. По ее словам, это абсолютно незаконно, так как в материалах дела есть ее ордер.""","""""""Интерфакс"""" не дозвонился до Виолетты Волковой.""",not_entailment,ds2,1
"По его словам, для авиакомпаний распространена рекомендация не направлять на острова туристов, поскольку их безопасность не может быть гарантирована.",Острова опасны для туристов.,entailment,"cleanlab, datamaps",2
"Они ведь, как известно, и коня на скаку остановят, в горящую избу войдут, а по желанию и в армию отправятся.","Известно, что они останавливают коней на скаку.",entailment,cleanlab,1
"По словам представителя правительства Германии Штеффена Зайберта, новый американский лидер Дональд Трамп пригласил главу немецкого правительства в Вашингтон в ходе состоявшегося между ними в минувшую субботу телефонного разговора.","Есть информация, что в субботу Трамп был в Германии.",not_entailment,ds2,1
"Мужчины знали, что у бизнесмена всегда при себе имеются деньги.",У бизнесмена при себе всегда имеются деньги и драгоценности.,not_entailment,cleanlab,1
"На пресс-конференции о итогах встречи Нового года и Рождества сотрудники МЧС озвучили статистику происшествий. - В Саратовской области нет ледовых переправ, поэтому выезжать на лед на транспортном средстве категорически нельзя, - сказал начальник отдела обеспечения безопасности людей на водных объектах службы МЧС области Роман Сулейманов. - Даже на велосипедах, потому что это тоже - транспорт.",В Саратовской области выезжать на лед категорически нельзя даже на велосипедах.,entailment,ds2,1
"""Четвертого июля ракету планируется вывезти на стартовый комплекс и запустить с космическим аппаратом связи Sirius 5 (SES-5) в 22:23 мск 7 июля. Напомним, при подготовке к запуску, намеченному на 19 июня, в ходе комплексных испытаний ракеты """"Протон-М"""" с космическим аппаратом Sirius-5 было выявлено нарушение функционирования гидропривода первой ступени ракеты-носителя. Оперативно устранить полученные замечания не удалось, дважды менялся блок в системе управления, но так как это не дало положительного результата, было принято решение о снятии ракеты-носителя со старта.""",Полученные замечания быстро устранили.,not_entailment,cleanlab,1
"""В Воронежской области задержали молодого человека, который угнал авто по необычным причинам.""",Молодой человек угнал грузовик.,not_entailment,ds2,1
"Как сообщает официальный сайт правительства региона, участниками турнира стали семь команд.",В турнире будут участвовать спортсмены из правительства региона.,not_entailment,"cleanlab, ds2",2
"""Космонавты очередной экспедиции на МКС с трудом перешли на """"перевернутый"""" режим, когда спать приходится днем, а бодрствовать ночью, сообщил командир корабля """"Союз ТМА-08М"""" Павел Виноградов. """"На нас отразились первые два-три дня, когда мы """"переворачивались"""" (меняли распорядок - ИФ). Но больше всего это отразилось на оперативной группе, потому что они смотрели за нами и когда мы спим, и когда мы бодрствуем.""","Оперативная группа смотрела за космонавтами и когда они спали, и когда бодрствовали.",entailment,ds2,1
"В Сомали в прошлом году было потрачено 120 млн. долларов, и мы кормили  более 1 млн. человек, так как там происходили и конфликты, и стихийные бедствия.","В Сомали происходили и конфликты, и стихийные бедствия.",entailment,ds2,1
"""""""Все три птицы чувствуют себя хорошо, ведут себя спокойно и уверенно, - сообщают в Ленинградском зоопарке. - Самки и самец расположились в соседних вольерах, но между ними проложили небольшой проход. Места там хватит, чтобы самки могли пройти, а вот самец уже не поместится"""".""",В Ленинградском зоопарке три птицы этого вида.,entailment,ds2,1
"Общественный резонанс получил и традиционный Парад Памяти. -Этим парадом мы напомнили россиянам роль Самары в годы Великой Отечественной войны. Это важно, потому что имидж региона работает на его жителей, - уточнил губернатор.",Имидж региона редко работает на его жителей.,not_entailment,ds2,1
"Я себе оправдания не ищу, но это стало толчком к моему будущему. Если бы застал измену, я бы, может, вообще по-другому поступил. Каждый человек по-своему переживает: кто-то легко прочувствовал все и забыл, кто-то болезненно.",Мне нужны оправдания для себя.,not_entailment,datamaps,1
"Все они будто бы попали в инфекционную больницу, а двое погибли.","Все абсолютно точно попали в какую-то больницу, а двое погибли.",not_entailment,cleanlab,1
"Как реализовываются возможности края по производству строительных материалов из местного сырья? - Вообще темпы строительства жилья всегда являются объективным индикатором социально-экономического развития региона. Потому что этот сектор, как вал двигателя, раскручивает десятки других отраслей экономики.",Хорошо развитый сектор строительства тормозит десятки других отраслей экономики.,not_entailment,cleanlab,1
"Очевидцы сообщили, что загорелись домашние вещи в одной из квартир.","Очевидцы рассказали, чем закончился пожар.",not_entailment,cleanlab,1
"""По словам Касима Джамаля Сулеймана, руководителя правительственной комиссии по расследованию произошедшего, все """"мученики"""" были выходцами из """"мирных семей, которые никогда не участвовали в вооруженной борьбе с государством"""". """"Они были не согласны с вооруженными группировками, это подтверждает, что у последних был интерес и цель для убийств"""", - сказал Сулейман, добавив, что все погибшие умерли от пуль и """"острых предметов"""", а не от артиллерии. Он также отметил, что правительственные войска не входили в Хулу во время бойни, поскольку пострадавшие районы находятся вдали от их позиций.""","""У """"мучеников"""" были пули и острые предметы.""",not_entailment,"cleanlab, ds2",2
"""Придавило ногу мужчине 1968 года рождения. Сотрудники аварийно-спасательной службы Мурманской области оказали ему помощь и передали работникам скорой, - поведала """"КП"""" пресс-секретарь регионального МЧС Наталья Козырева. Скорее всего, пострадавший северянин остался жив, так как данные о нем не поступали в следственный комитет.""",Пострадавший северянин пропал без вести.,not_entailment,cleanlab,1
"""Руководству РГТЭУ предстоит в максимально сжатые сроки провести реорганизационные мероприятия и дать возможность студентам и преподавателям полноценно учиться и работать в одном из ведущих экономических вузов страны"""", - сказал Ливанов. Студенты РГТЭУ бастовали две ночи подряд - с 18 по 20 декабря против того, что их вуз попал в список вузов с признаками неэффективности. Забастовка была прекращена, поскольку у студентов появилась надежда, что с ситуацией разберутся в руководстве государства.""","Студенты РГТЭУ две ночи подряд бастовали против того, что их вуз попал в список вузов с признаками неэффективности.",entailment,ds2,1
"Водителю отомстили моментально. Мусорными пакетами закидали крышу, капот авто, а также повесили один мешок на дворник, расположенной на заднем стекле. И, надо сказать, пользователи поддержали тех, кто наказал водителя.",Водителя наказали мусорными пакетами.,entailment,ds2,1
"Мы считаем этот арест необоснованным, потому что о заходе судна в порт было известно заранее.","Арест, несомненно, был необоснованным.",not_entailment,ds2,1
"""Также ребята, в рамках акции """"Студенческий десант"""", узнали о комплексе """"Безопасный город"""", и задали стражам порядка вопросы.""",Ребята задали стражам порядка вопросы.,entailment,ds2,1
"Супруги поссорились, и мужчина попытался убить жену.","Мужчина попытался убить жену, с которой помирился.",not_entailment,cleanlab,1
"Всего тюменскими умельцами создано 720 вариантов таких поздравлений. Деньги обещают передать в Благотворительный Фонд Константина Хабенского. - Поскольку проект все же сезонный, предпраздничный, в качестве темы была выбрана сама суть «волшебства».","""Праздничный проект посвящен теме """"волшебства"""".""",entailment,cleanlab,1
"Отметил День защитника отечества, называется.",День защитника отечества не вызвал приятных эмоций.,entailment,"cleanlab, datamaps",2
"Мужчина пришел в один из супермаркетов областной столицы, взял с полок продукты питания и направился к кассе.",Мужчина пришел ограбить супермаркет.,not_entailment,ds2,1
"""""""А я никогда не был на этом телеканале, не видел его"""", - сказал """"Интерфаксу"""" Говорухин в пятницу. Также в Твиттере есть высказывания якобы от имени режиссера про изменение состава директоров """"Эха Москвы"""". """"Это тоже бред, я не мог этого заявить, потому что считаю, что это самая талантливая радиостанция, хоть я во многом с ней не согласен, на мой взгляд, она не полезна делу, которым я занимаюсь"""".""","""Говорухин не считает """"Эхо Москвы"""" талантливой радиостанцией.""",not_entailment,"cleanlab, datamaps",2
"Областной главк полиции сообщает о том, что в регионе проходит операция «Гражданин – Оружие».",Главк полиции сообщил об обнаружении оружия.,not_entailment,"cleanlab, ds2",2
"Директор супермаркета Томи Салонен обещает убрать фото воришки с календаря, если он придет к нему покаяться. По его словам, метод оказался действенным, так как в небольшом городке изображение нечистого на руку соседа легко опознают. Салонен говорит, что избрал такой способ борьбы с воровством, поскольку полиция не всегда может помочь при мелких кражах.",Томи Салонен ждет новых фотографий от воришек.,not_entailment,datamaps,1
"Стало известно, где собираются отмечать праздник Крещения Господня первые лица региона.",Первые лица региона отметят Крещение.,entailment,"cleanlab, ds2",2
"И речь тут идет далеко не о бокале вина, а большом количестве алкоголя, что нередко приводит к плачевным последствиям.",Бокал вина всегда приводит к плачевным последствиям.,not_entailment,ds2,1
"""Есть еще нерешительная пара  -  экскурсовод и повар придорожного кафе, которым достается сюжет Пиросмани про миллион алых роз. Ну, и, наконец, героиня Анны Михалковой, без промаху продолжающая найденную ранее и успешно продолженную актрисой  в """"Кококо"""" комедийную расшифровку своего таланта. В """"Любви с акцентом"""" она бесстрашно отправляется в """"отпуск по зачатию"""", потому что дома уже совсем не получается.""",Экскурсовод и повар придорожного кафе весьма решительны.,not_entailment,"cleanlab, datamaps",2
"Огонь удалось потушить через восемь минут. Есть пострадавший. Также одна часть дома сгорела, вторая выгорела.",Вторая часть дома выгорела.,entailment,ds2,1
"Как сообщает Государственная инспекция труда, водитель подготавливал дежурный автомобиль.",Водитель уже подготовил дежурный автомобиль.,not_entailment,"cleanlab, ds2",2
"Как рассказали в пресс-службе ведомства, мужчина оборудовал пристрой самовольно, а комнаты сдавал.",Мужчина сдавал комнаты пресс-службе ведомства.,not_entailment,cleanlab,1
"Ведь тут 50 на 50. Ты приехал перед олимпийскими играми покататься на местных трассах, а снега нет, и сидишь неделю в ожидании хорошей погоды, а твои конкуренты в это время спокойно готовятся в другом месте и приезжают на саму Олимпиаду в тонусе и с боевым азартом. А ты кислый, потому что уже не первую неделю в гостинице сидишь.",Отсутствие снега может заставить спортсмена киснуть в гостинице.,entailment,cleanlab,1
"Потом обманутую женщину настигли сомнения, и она обратилась в полицию. Сейчас следователи выясняют, была ли задержанная по этому делу причастна к другим подобным преступлениям. Если вы тоже стали жертвой этой женщины, обратитесь в полицию.",Обманутую женщину задержали.,not_entailment,ds2,1
"На него завели уголовное дело, - рассказали «Комсомольской правде»-Саратов в областной прокуратуре.",На него завели уголовное дело в «Комсомольской правде»-Саратов.,not_entailment,"cleanlab, datamaps, ds2",3
"По информации правоохранительных органов, конфликт случился на дороге во Всеволожском районе, клирик вступил в перепалку и нанес травмы двум женщинам, с которыми не поделил дорогу. 6 сентября протодиакон Сергий Фрунза предпринял очередную попытку извиниться перед женщинами. Очередную, потому что он и его матушка уже несколько раз ходили извиняться.","Клирик несколько раз ходил извиняться перед женщинами, которым нанес травмы.",entailment,cleanlab,1
"Отмечается, что увеличение ставки произошло впервые за год.",Ставка выросла впервые за год.,entailment,cleanlab,1
"В одном из интернет-магазинов она заказывала продукты. Спустя пару дней после получения товара ей позвонил неизвестный, который представился сотрудником отдела обслуживания клиентов интернет-магазина и поинтересовался качеством купленного товара. Женщина ответила, что продукты ей не понравились.",Женщина заказывала продукты в соседнем городе.,not_entailment,"cleanlab, ds2",2
"Как рассказали в краевой полиции, еще летом прошлого года молодой человек за денежное вознаграждение осуществил фиктивную постановку на учет шести иностранных граждан, указав в месте пребывания свой дом. В действительности граждане в этом жилом помещении не проживали. Обвиняемый объяснил, что решился на преступление, так как не имел постоянно работы и нуждался в деньгах.",Парень осуществил фиктивную постановку оперы.,not_entailment,ds2,1
"""""""В отношении нас не стали составлять протоколы, а лишь взяли объяснения. С минуты на минуту нас освободят из ОМВД """"Текстильщики"""", - сказал С.Удальцов в субботу """"Интерфаксу"""" по телефону. По его словам, он указал в объяснении, что считает свое задержание незаконным, """"поскольку не совершал противоправных действий, а всего лишь общался с людьми"""".""",На Удальцова составили протокол.,not_entailment,cleanlab,1
"""В момент совершения преступления был одет во все черное. """"Его приметы: был одет в синюю куртку фирмы """"Найк"""", серые спортивные штаны, черную вязаную шапку, волосы до плеч"""", - отмечает пресс-служба ведомства. Сотрудники полиции просят горожан не выходить на улицу, так как в городе проходит спецоперация.""",В городе проходит спецоперация.,entailment,ds2,1
"Для этого они изучили запросы, которые делали все эти дни жители Дона.",Они изучили ответы жителей Дона.,not_entailment,cleanlab,1
"А причина в том, что на всю зиму эти зверьки впадают в спячку. Но 8-месячному сурку Федору - новому обитателю ярославского зоопарка - в мороз приходится бодрствовать. - Мы приняли решение не вводить его в спячку, так как он не набрал нужных запасов жира и ему сложно будет пережить длительный период голодания, - пояснили в зоопарке.",Сурки впадают в спячку на зиму.,entailment,ds2,1
"Была угроза того, что огонь перекинется на соседние дома.",Огонь угрожал перекинуться на соседние дома.,entailment,ds2,1
"""Он добавил, что поскольку письмо было оформлено с нарушениями, оно отправлено заявителю для устранения """"недостатков"""".""",Письмо было оформлено с нарушениями.,entailment,ds2,1
"""Как сообщает пресс-служба главы Чеченской республики, Ш.Абдулкадыров проинформировал, что к 24 сентября доступ был закрыт только провайдером """"Оранж"""", остальные провайдеры, представляющие МТС, """"Мегафон"""" и """"Вымпелком"""", были приглашены в прокуратуру, где им рекомендовали выполнить предписание о закрытии доступа к фильму. Абдулкадыров отметил, что в случае, если не будет выполнено это предписание, встанет вопрос об их привлечении к административной ответственности. В то же время прокурор выразил уверенность в том, что провайдеры уже сегодня закроют доступ, так как они об этом заверили во время состоявшейся встречи.""","Прокурор не уверен, что провайдеры закроют доступ нынче же.",not_entailment,cleanlab,1
"Как выяснили полицейские, школьник перебегал дорогу в неустановленном месте, из-за чего водитель «мерседеса» не успел вовремя затормозить.",Школьник бежал через дорогу.,entailment,cleanlab,1
"Однако жилеты были надеты не на всех людей, чьи тела на данный момент удалось обнаружить.",Все тела были одеты в жилеты.,not_entailment,cleanlab,1
"""""""А почему через окошко?"""" — интересуется спасатель. """"Потому что сын меня закрывает на ключ"""".""",Сын закрыл спасателя на ключ.,not_entailment,cleanlab,1
"Вину женщина признала частично признала. Мотивом к совершению преступлений была ревность. Похищенные вещи обвиняемая считала своими, так как они были куплены на ее деньги, - рассказали в пресс-службе областной прокуратуры.",Женщина украла вещи.,entailment,ds2,1
"Группа вооруженных до зубов бандитов обстреляла здание прокуратуры мексиканского штата Кинтана-Роо в курортном городе Канкун, убиты как минимум три человека, еще несколько ранены. Как сообщает местное издание Excelsior, преступники подъехали на мотоциклах и открыли огонь по зданию, охрана прокуратуры вступила с ними в перестрелку. Из-за стрельбы пожарным пришлось срочно эвакуировать людей из расположенного рядом магазина, потому что шальная пуля попала в цистерну с газом, была опасность взрыва.",В Канкуне обстреляно здание прокуратуры.,entailment,ds2,1
"""Он также сравнил бывшего понтифика с капитаном круизного лайнера Costa Concordia Франческо Скеттино, который одним из первых покинул терпящий бедствие корабль. """"Бенедикт XVI отнюдь не новичок и прекрасно знал, на что идет. Он не настоящий папа римский, так как он покинул свою паству"""".""",Папа римский уехал в круиз на лайнере.,not_entailment,cleanlab,1
"Во избежание несчастных случаев ГУ МЧС России по ЯНАО обращается к населению с предупреждением и рекомендациями и советует изучить методы оказание первой медицинской помощи при обморожении. При низких температурах воздуха рекомендуется без необходимости не выходить на улицу, избегать пребывания даже домашних животных, без особой необходимости не покидать приделы населенных пунктов. Поскольку период действия низких температур может длиться несколько дней, нужно заблаговременно создать в доме запас продовольствия, приготовить источники аварийного освещения.",ГУ МЧС России по ЯНАО рекомендует населению готовиться к холодам и изучать первую помощь при обморожении.,entailment,ds2,1
"Речь в ней идет о нарушении правил дорожного движения, которое по неосторожности водителя повлекло смерть двух и более человек.",По неосторожности водителя погибли двое.,not_entailment,"cleanlab, ds2",2
"Испания, Италия, Греция, Франция, Португалия и Тунис раскроют чарующие ароматы своей кухни. Популярность средиземноморских блюд сегодня объясняется, прежде всего тем, что жители стран Средиземноморья менее подвержены риску сердечно-сосудистых заболеваний, реже страдают от избыточного веса, повышенного давления, диабета. Это обусловлено, прежде всего, обильным употреблением в пищу свежих овощей и фруктов, блюд из зерновых культур и умеренного количества мяса и рыбы, так как жиры поступают в организм в основном из оливкового масла.",Жители Средиземноморья реже стредают от диабета.,entailment,ds2,1
"""Трудовые мигранты - и проблема, и надежда России, заявил президент России Дмитрий Медведев в субботу в ходе общения с региональными журналистами. По его словам, для некоторых городов мигранты """"это действительно большая проблема, особенно для относительно небольших городов, где поток мигрантов может просто разрушить трудовой баланс, и за этим нужно следить"""". ""","Медведев не нашел слов, говоря о мигрантах.",not_entailment,"cleanlab, ds2",2
"""Ее тело нашли прохожие во дворе дома №18 по Комендантскому проспекту. Она была в крови, вся в ссадинах, с переломами. """"Скорую"""" вызывать не стали, сразу позвонили в полицию.""","""Ей вызвали """"Скорую"""".""",not_entailment,cleanlab,1
"Замоскворецкий суд Москвы постановил провести комплексную экспертизу по делу против чемпиона мира по боевому самбо Расула Мирзаева, который нанес 19-летнему Ивану Агафонову удар, ставший смертельным. Вопрос о проведении новой экспертизы был поставлен председательствующим на процессе судьей. Сторона потерпевших согласилась с необходимостью провести новое исследование, поскольку увидела противоречия в предыдущих.",Чемпион мира по боевому самбо Расул Мирзаев нанес 19-летнему Ивану Агафонову смертельный удар.,entailment,ds2,1
"Против мужчины, который во вторник угрожал ножом водителю медицинского транспорта, возбудили уголовное дело.",Во вторник мужчина угрожал ножом водителю медицинского транспорта.,entailment,ds2,1
"Начало моды на такие трубки — конец правления Екатерины II (90-е годы XVIII века). Предположительно коллекция принадлежала одному из работников склада, во время пожара в 20-е или 30-е годы прошлого века ее засыпало землей. Сами вещи не пострадали, так как были закалены в печи.",При Екатерине II такие трубки засыпали землей.,not_entailment,"cleanlab, datamaps",2
"Недавно здесь, у пересечения с улицей Трудовой, построили многоквартирный дом, а за конструкцией в виде парусника «прячется» детская площадка.",На Трудовой улице построили многоквартирный дом.,not_entailment,"cleanlab, ds2",2
"В ограблении кафе на Ладожском вокзале пострадала несовершеннолетняя девушка, которая была здесь на стажировке.",Стажерка пострадала во время ограбления.,entailment,ds2,1
На Ура_губу в этом году приехало 15 человек.,На Ура_губу в следующем году приедет 15 человек.,not_entailment,"cleanlab, datamaps, ds2",3
"""Сегодня около двух часов дня очевидцы заметили, как некий мужчина перелез через ограду """"горбатого"""" моста.""","""Некий мужчина перелез через ограду """"горбатого"""" моста.""",entailment,ds2,1
"""""""Но работа его команды - это просто смешно"""", - заявил украинец. """"Все их заявления только показывают, что они снова не относятся серьезно к ситуации. Меня это беспокоит, потому что я теряю время"""".""",Украинец назвал работу его команды смешной.,entailment,ds2,1
"Когда на место приехали сотрудники полиции, они составили описание со слов свидетельницы.",Полицейские составили описание со слов свидетельницы.,entailment,ds2,1
"Напомним, трое слуг народа выдвинули инициативу отмены прямых выборов мэра.",Трое депутатов хотят отменить прямые выборы мэра.,entailment,"cleanlab, ds2",2
"О стихах Галины Колесниковой говорить легко и трудно. Легко – потому что это истинная поэзия, идущая от сердца к сердцу. Трудно – потому что автор особенный, пребывающий в поэтической зрелости.","Галина Колесникова - автор особенный, пребывающий в поэтической зрелости.",entailment,ds2,1
"""По данным полиции, сделка должна была состояться в здании гостиницы железнодорожного вокзала Ростова-на-Дону. Мешочек с драгоценностями """"торговец"""" оценил в 8 млн рублей. Но заработать ему не удалось, так как на встречу с дельцом пришел полицейский и задержал нарушителя закона с поличным.""",Полицейский явился на незаконную сделку.,entailment,cleanlab,1
"Женщина же успела позвонить матери и брату с просьбой о помощи. Однако супруг не унимался и продолжал защищать жену от «злых сил». Когда же они покинули дом, оказалось, что женщина не подает признаков жизни.",Женщина звала на помощь мать и брата.,entailment,ds2,1
"Врачи пытались спасти потерпевшего, но он умер в больнице. Сейчас подозреваемый задержан. Ведутся следственные действия.","Потерпевший умер, не приходя в сознание.",not_entailment,cleanlab,1
"То есть в этой области у нас была большая экспертиза. Начали мы с России. Но очень быстро к нам пришли зарубежные компании, которые сказали, что хотят именно нас пригласить в инвесторы, потому что у нас есть экспертиза и обширные международные связи в облачной индустрии.","У нас экспертиза, очень большая экспертиза.",entailment,ds2,1
"В дежурную часть полиции поступило сообщение из продуктового магазина по улице Мира о том, что покупатель украл товар из торгового зала и скрылся.",Покупатель оказался воришкой.,entailment,"cleanlab, ds2",2
"При этом девочка дважды предпринимала попытки покончить жизнь самоубийством, - сообщают в СУ СК по республике Бурятии. - Однако, 34-летняя педагог никаких мер не приняла. Следователи считают, что девочка совершила суицид именно потому что не получила должной помощи.",Эта девочка не раз пыталась себя убить.,entailment,cleanlab,1
"""Экспорт иранской нефти составляет 2,280 млн баррелей в сутки. Между тем, в воскресенье министр нефтяной промышленности Исламской республики Ростам Гасеми заявил журналистам, что Иран готов противостоять нефтяному эмбарго, введенному Евросоюзом. """"Введение нашими врагами санкций не является проблемой, они не возымеют никакого эффекта, поскольку правительство приняло необходимые меры и полностью готово к противодействию"""", - сообщил он.""","Из Ирана вывозят 2,280 млн баррелей нефти в сутки.",entailment,"cleanlab, ds2",2
"""Как передает корреспондент """"Интерфакса"""", на данный момент истекли три часа, данные присяжным для принятия единодушного вердикта. В настоящее время началась процедура голосования. В случае если голоса присяжных разделятся поровну, вердикт будет считаться оправдательным, так как непреодолимые разногласия трактуются в пользу обвиняемого.""",Присяжные придут к единому мнению.,not_entailment,ds2,1
"Каждый день дежурные корреспонденты будут рассказывать о том, что происходит в городе и регионе.",В городе много корреспондентов.,not_entailment,ds2,1
"На них горожане могут купить хвойные деревья и лапник, пишет пресс-служба администрации.",Горожане купили хвойные деревья и лапник.,not_entailment,"cleanlab, ds2",2
"Она всегда знала, что тот хранил свои сбережения в металлическом ящике, а ключи от него - в серванте. Вот однажды она решила взять деньги себе - и потратила. Вскоре обман раскрылся, женщина во всем призналась.",Она вытащила деньги из металлического ящика.,entailment,ds2,1
"Экспертиза также подтвердила, что права ненастоящие. Впоследствии водитель признался, что приобрел удостоверение через интернет в Туле несколько лет назад. Раньше предъявлять документ полицейским ему не приходилось, так как за руль он садится крайне редко.",Фальшивым правам было несколько лет.,entailment,"cleanlab, ds2",2
"""""""И как не подумать о том, что, используя визовый вопрос, хотят такой формой давления получить нечто другое от России на иных направлениях отношений?"""" - предположил Малосс. """"Я нахожу это недостойным, и не боюсь употребить такое слово, потому что тем самым делают заложниками миллионы людей с обеих сторон, особенно с российской, но и с нашей тоже"""".""","Малосс предполагает, что сможет использовать визовый вопрос как форму давления.",not_entailment,cleanlab,1
"""Парламентское большинство не считает необходимым проводить специальное расследование в Госдуме в связи с ситуацией вокруг помощника депутата-эсера Ильи Пономарева - Леонида Развозжаева, который утверждает, что в отношении него применялись пытки после задержания. """"В нашей стране есть орган - Генеральная прокуратура, которая занимается подобными расследованиями"""", - сказал журналистам в среду руководитель фракции """"Единая Россия"""" в Госдуме Андрей Воробьев. По его словам, парламентское большинство не будет инициировать такого рода расследование, так как считает, что соответствующие ведомства в состоянии сами ответить на все вопросы, возникающие вокруг данной ситуации и дать исчерпывающую информацию.""","""Руководитель фракции """"Единая Россия"""" сказал, что парламентское большинство инициирует расследование насчет предполагаемых пыток помощника депутата после задержания.""",not_entailment,"cleanlab, datamaps",2
"Прибывшие на место стражи порядка следов взлома не обнаружили. Однако установили, что злоумышленник проник в помещение через незапертую форточку. На окне он оставил свои отпечатки пальцев, по которым полицейские и нашли причастного к краже мужчину.",Стражи порядка осмотрели форточку.,entailment,cleanlab,1
"""Придавило ногу мужчине 1968 года рождения. Сотрудники аварийно-спасательной службы Мурманской области оказали ему помощь и передали работникам скорой, - поведала """"КП"""" пресс-секретарь регионального МЧС Наталья Козырева. Скорее всего, пострадавший северянин остался жив, так как данные о нем не поступали в следственный комитет.""",Северянина передали полицейским.,not_entailment,cleanlab,1
"Министр отметил, что вопрос сейчас стоит в другом. - Должна вестись системная работа с женщиной и семьей. И я считаю, что уговоры женщин сохранить плод – это, конечно, не репродуктивное насилие, - подчеркнул министр.",Уговоры – это не насилие.,entailment,cleanlab,1
"Но после того, как первый корпус уронили, его решили заменить вторым.",Первый корпус уронили.,entailment,ds2,1
"Если раньше редакции только гадали, сколько человек реально читают газету, какой у них возраст и какие темы нравятся больше всего, то сейчас все изменилось.",Раньше редакциям жилось лучше.,not_entailment,ds2,1
"""Проректор ВГУ по инновационной деятельности и коммерциализации технологий Татьяна Давыденко покинула занимаемый ею пост. Информацию подтвердили в пресс-службе вуза. Однако причину ухода прокомментировать не смогли, так как это """"конфиденциальная информация"""".""",Проректор стала ректором.,not_entailment,ds2,1
"В ходе расследования были установлены и задержаны пятеро подозреваемых в преступлении - жители Куйбышевского и Кировского районов Самары. Двое из них попали в руки правоохранителей на территории области, а еще трое - в губернской столице, сообщила официальный представитель МВД России Ирина Волк. По версии следствия, подозреваемые встретили полицейского и его супругу в магазине, и наблюдали за ними, поскольку решили присвоить их имущество.",Ирина Волк рассказала о задержании пяти подозреваемых.,entailment,ds2,1
"Врачи диагностировали у мужчины перелом плеча и травму тела, которые оцениваются как вред здоровью средней тяжести.",У мужчины восстановилось плечо.,not_entailment,ds2,1
"Начальник Управления ЖКХ и дорожного хозяйства города Александр Студеникин сообщил, что участок связующей дороги составляет более шести километров. В течение недели снег там круглосуточно чистит спецтехника, но все усилия сводят на нет частые метели и снегопады. Так как ситуация повторяется каждую зиму, жители заранее запасаются всем необходимым.",На этом участке дороги только спецтехника останавливает метели и снегопады.,not_entailment,ds2,1
"Они попытались остановить авто, но водитель проигнорировал их.",Они не смогли остановить машину.,entailment,"cleanlab, datamaps",2
"""""""Знакомы ли Вы со своими новыми коллегами – Никитиным, Яблонским, Аветисяном?"""" - """"Да, со всем директорами мы пообщались, и, на мой взгляд, мы очень хорошо друг друга дополняем. Я вам честно скажу, что я бы не смог собрать команду лучше, потому что это тот случай, когда достоинства одних покрывают недостатки других"""".""",Команду лучше можно собрать где угодно.,not_entailment,cleanlab,1
"И мы договорились о том, что необходимо вернуть хорошие отношения между нашими странами, которые имеют очень древние корни и были очень крепкими раньше. Наша поездка проходит под девизом возвращения и укрепления прежних отношений между нашими странами. Мы будем обсуждать взаимное сотрудничество и укрепление политических отношений между нашими странами, а также укрепление экономических отношений между нашими странами, поскольку между нами уже существуют отношения экономического характера.",Мы постепенно возвращаем хорошие отношения между нашими странами.,entailment,"cleanlab, ds2",2
"Как выяснилось, конфликт разгорелся на почве ревности.",Причина конфликта - ревность.,entailment,ds2,1
"Против мужчины, который во вторник угрожал ножом водителю медицинского транспорта, возбудили уголовное дело.",Мужчина угрожал ножом водителю трамвая.,not_entailment,ds2,1
"""""""Если вернуться к теме смены власти в Петербурге, то что бы Вы хотели бы пожелать новому губернатору?"""" - """"Я думаю, что ему можно пожелать, по крайней мере, на первом этапе, чтобы все в городе объединились, помогая ему, что будет очень трудно, потому что грядет период выборов"""".""","Все в Петербурге объединятся ради помощи новому губернатору, но только на первом этапе.",not_entailment,cleanlab,1
"""""""Думаю, нужно будет смотреть в каждом конкретном случае, так как не любое здание годится в качестве жилого дома"""", - заявил Шаронов в интервью """"Российской газете"""", которое будет опубликовано во вторник.""","""Шаронов дал интервью """"Российской газете""""""",entailment,ds2,1
"Его обвиняют в получении взятки и служебном подлоге. По версии следствия, налоговик вносил заведомо ложные сведения в протоколы против индивидуальных предпринимателей. По четырем фактам, когда составлялись фиктивные протоколы, уже расследует уголовное дело.",Налоговик обнаружил фиктивные протоколы.,not_entailment,cleanlab,1
"Всех пострадавших медики доставили в ближайшую больницу. Областной главк полиции сообщает, что водители находились в трезвом состоянии. По факту дорожного инцидента проводится проверка, после которой примут соответствующее процессуальное решение.",Пострадавшие попали в новую клинику.,not_entailment,ds2,1
"Мы сейчас едем не в своем темпе, часто двигатель не позволяет нам это сделать.",Двигатель часто ограничивает наши возможности.,entailment,cleanlab,1
"""Целый оружейный арсенал, на который вышли полицейские, вывел на след предполагаемых убийц.""",Полицейские обнаружили арсенал.,entailment,ds2,1
"Предприниматель попытался откупиться от следователя взяткой, переданной через адвоката. Сейчас он задержан. Дальнейшее расследование выявило, что персонал не имел медицинского образования и предлагал клиентам противопоказанные по состоянию здоровья услуги.",Предприниматель требовал взятку.,not_entailment,cleanlab,1
"Медалью «За укрепление боевого содружества» награжден бессменный ведущий игр «Клуба веселых и находчивых», президент «АМиК» Александр Масляков. Награду ему вручил лично министр обороны РФ Сергей Шойгу во время финала КВН среди довузовских образовательных учреждений Минобороны. «Вы заслужили эту награду, потому что много делаете для армии и общества», - сказал он.",Шойгу вручил медаль Маслякову.,entailment,ds2,1
"""Владимир Путин прокомментировал дело Pussy Riot в специальном выпуске программы НТВ """"Центральное телевидение"""", посвященном 60-летию главы государства. """"На самом деле правильно, что их арестовали, и правильно сделали, что суд у нас такое решение принял. Потому что нельзя подрывать основы морали, нравственности, разрушать страну"""" - сказал юбиляр.""",Pussy Riot арестовали.,entailment,ds2,1
"Напомним, в нем приняли участие сразу пять команд из Мурманской Лиги.",В Мурманской Лиге пять команд.,not_entailment,"cleanlab, datamaps, ds2",3
"Косвенная связь есть. Она человек публичный, таскала меня с собой на все светские мероприятия. Когда все это закончилось, остался один футбол, и все стало лучше.",Футбол у меня остался.,entailment,cleanlab,1
"Догадки стражей порядка подтвердились. Как выяснилось, вор продал украденное. Свою вину он отрицать не стал и даже указал, кому он сбыл аппарат.",Стражи порядка ни о чем не догадались.,not_entailment,cleanlab,1
"""""""Немцова повезли в его дом, где уже полчаса идет обыск"""", - сказал """"Интерфаксу"""" адвокат оппозиционера Вадим Прохоров. Немцов явился на допрос около полутора часов назад. Накануне следователям не удалось попасть к оппозиционеру домой, поскольку его самого там не было.""",Немцов прибыл на допрос ровно полтора часа назад.,not_entailment,cleanlab,1
"""Второй тайм начался в том же стиле: игроки """"Зенита"""" буквально не вылезали из положения вне игры или отправляли мячи в сторону трибун, а футболисты """"Андерлехта"""" выдавали неприятные контратаки. Так прошел час игры, Спалетти решил добавить команде движения и остроты и выпустил Быстрова. Это действительно помогло, потому что у команды сразу начали получаться неплохие атаки, а бельгийцам пришлось отойти назад.""",Второй тайм резко отличался от первого.,not_entailment,ds2,1
"Эвакуировать никого не пришлось, в заведении был выходной.","Был выходной, эвакуировать было некого.",entailment,cleanlab,1
"По данным источника агентства, именно в одной из последних двух машин находился освобожденный во вторник спортсмен. Он находится под усиленной охраной и будет вывезен в безопасное место. Это сделано во избежание каких-либо инцидентов, так как у здания суда скопилось несколько десятков человек, в основном - противников такого приговора.",Во вторник спортсмена освободили.,entailment,ds2,1
"Об этом вечером во вторник, 17 января, сообщила пресс-служба Спасательного департамента, отметив, что немецкую противотанковую мину Tellermine 42 обнаружили в на улице Кеэвисе в ходе земляных работ. Спасатели эвакуировали жителей окрестных домов, офисов и складских помещений. Уничтожать мину на месте не стали, поскольку это угрожало повреждению трассы трубопровода.",В ходе земляных работ нашли мину.,entailment,ds2,1
Премьер-министр РФ Владимир Путин поручил правительству в течение недели проработать текст послания президента и представить ему соответствующие предложения по работе кабинета министров.,Путин избавил правительство от поручения.,not_entailment,ds2,1
"Деревянный черенок от метлы стал причиной преступления, которое унесло жизнь пенсионера.",Преступление унесло жизнь пенсионера.,entailment,ds2,1
"В комнате горела мебель и вещи. Площадь пожара оказалась невелика – всего один квадратный метр. Однако и этого оказалось достаточно, чтобы пострадали люди.",В комнате горели вещи.,entailment,ds2,1
"О случившемся она заявила в полицию. Когда супруг вернулся из командировки и обо всем узнал, то принял решение с женой расстаться. Официально они не развелись, но живут отдельно.",Супруги живут вместе.,not_entailment,cleanlab,1
"""""""Следственные органы СК России по Республике Татарстан приняли решение отменить меру пресечения в отношении семерых подозреваемых в убийстве заместителя муфтия духовного управления мусульман Татарстана Валиуллы Якупова, а также в покушении на убийство муфтия республики Илдуса Файзова. К ним применена мера процессуального принуждения - с подозреваемых отобрано обязательство о явке"""", - говорится в сообщении пресс-службы, размещенном на сайте СКР в четверг. В нем отмечается, что такое решение было принято следователями, так как подозреваемыми были проведены все необходимые следственные действия.""",Следственные органы СК России по Республике Татарстан заключили подозреваемых под стражу.,not_entailment,cleanlab,1
"""По словам Охлобыстина, он не знал, что среди людей, называющих себя организаторами """"Русского марша"""", есть разногласия. """"Я был дезинформирован, основывался на сообщениях прессы и своих подписчиков в Твиттере и не знал, что организаторов """"Русского марша"""" несколько и что между ними есть разногласия. Это очень плохо, потому что здравые патриотические силы должны работать на объединение, а не заниматься ссорами внутри себя"""".""",Охлобыстин осуждает ссоры между патриотами.,entailment,"cleanlab, datamaps",2
"Итальянский астронавт Лука Пармитано вынужден прекратить выход в открытый космос и вернуться на станцию из-за проблем в системе жизнеобеспечения скафандра, сообщает сайт НАСА. По данным американского сайта, в лицевой части скафандра у астронавта скопилась влага, которая мешает ему работать. Некоторое время американские специалисты пытались понять, из какой системы произошла утечка, однако установить точно не смогли, поскольку в системе жизнеобеспечения скафандра много систем с жидкостью.",Итальянский астронавт Лука Пармитано сбежал в открытый космос.,not_entailment,cleanlab,1
"Уголовное дело в отношении парня возбудили после того, как неравнодушные граждане пожаловались на него в полицию.",На неравнодушных граждан завели уголовное дело.,not_entailment,"cleanlab, datamaps, ds2",3
"""""""Я даже не могу выговорить """"Анжи"""" Махачкала"""", - приводит слова футболиста французский Canal+ . - Не понимаю, откуда берутся эти слухи, ведь они не имеют под собой никакого основания. Говорю вам совершенную правду, так как я являюсь сторонником прозрачности, и мне совершенно нечего скрывать"""".""","Футболист уверяет, что слухи не имеют основания.",entailment,ds2,1
"Мужчины вместе отбывали наказание в одной из курских колоний, там и познакомились.",Мужчины познакомились в колонии.,entailment,ds2,1
"Сначала зрители могут наблюдать картину, как посреди комнаты маленькая девочка играет со своими игрушками, а за ее действиями наблюдает кукла.",Сначала зрителям показывают картину.,not_entailment,"cleanlab, datamaps",2
"Один из вернувшихся в Нидерланды из Донбасса журналистов заявил, что голландская полиция конфисковала у него и его коллеги материалы по крушению MH17. По словам Стефана Бека, правоохранители забрали не только телефон, ноутбук и камеру, но и предметы, найденные на месте падения малайзийского Boeing 777-200. Как отметил журналист, в голландской прокуратуре объяснили это тем, что сами не могут собрать подобный материал, поскольку в регионе, где произошло крушение, «слишком опасно».","Голландская полиция присвоила вещественные доказательства, собранные журналистом.",entailment,"cleanlab, datamaps",2
"Прибывшие полицейские обнаружили, что неизвестный почти не оставил следов своего пребывания в доме.",Неизвестный не оставил следов своего пребывания в доме.,not_entailment,"cleanlab, ds2",2
"""""""Решение носит символический характер, так как взыскать компенсацию практически невозможно"""", - отмечается в сообщении.""",Взыскать компенсацию не получится.,entailment,"cleanlab, datamaps, ds2",3
"Концерт стал знаменателен и тем, что во время выступления певица презентовала свой новый альбом.",У певицы отменяется следующий концерт.,not_entailment,ds2,1
"Сотрудница поезда забыла предупредить людей, что поезд прибывает на станцию Алтайская. В итоге, когда поезд уже тронулся от перрона, проводник скомандовала пассажирам: прыгайте из вагона. - Она настояла на высадке людей из вагона после начала движения поезда, - сообщает Западно-Сибирское следственное управление на транспорте.",Проводница ненавидит людей.,not_entailment,ds2,1
"От полученных травм пенсионерка умерла. Затем он вышел в подъезд, стал вести себя агрессивно и стучаться в другие квартиры. Соседка потерпевшей по телефону вызвала полицейских, которые застали злоумышленника на месте преступления.",Злоумышленник нанес пенсионерке травмы в подъезде.,not_entailment,"cleanlab, datamaps",2
"Трагедия произошла из-за того, что водитель машины забыл закрыть дверь.",Водитель машины не закрыл дверь.,entailment,"datamaps, ds2",2
"Оказалось, вспыхнула однокомнатная квартира. В горящем помещении спасатели обнаружили мужчину. Как стало известно «Комсомолке», его в бессознательном состоянии вынесли на свежий воздух, но медики уже констатировали смерть.",Мужчина пришел в сознание и умер.,not_entailment,cleanlab,1
"Напомним, трое слуг народа выдвинули инициативу отмены прямых выборов мэра.",Прямые выборы мэра отменили.,not_entailment,"cleanlab, ds2",2
"Злой умысел посетил их во время трапезы на одном из участков линии электропередач, где они вырубали кустарник.",Мысль о злодействе пришла им за едой.,entailment,cleanlab,1
"Местные жители обратились в прокуратуру, которая встала на защиту их интересов.",Прокуратура обвинила во всем местных жителей.,not_entailment,ds2,1
"Конец месяца – время покупать проездные билеты на следующий. С 26 декабря в продажу поступили абонементы на горэлектротранспорт. Правда, пассажирам придется раскошелиться, поскольку с первого января тарифы заметно возрастут.",Абонементы на горэлектротранспорт уже в продаже.,entailment,cleanlab,1
"Он воспользовался тем, что владелец машины отлучился, оставив ключи, и решил покататься. В этот момент на заднем сидении находилась пассажирка. Преступник находился в состоянии сильного алкогольного опьянения, по этой причине и не справился с управлением.",Мужчина угнал машину вместе с пассажиркой.,entailment,"cleanlab, datamaps",2
"Оказалось, пока ее не было, в доме орудовали воры.",Воры похозяйничали в ее доме.,entailment,cleanlab,1
"Дом по адресу Ленина  63а является нежилым. Во многом благодаря этому обошлось без жертв. У здания два этажа: из кирпича и дерева. В результате пожара сгорели крыша и пристрой, обгоревшими оказались потолок, стены изнутри и снаружи, пол.",По адресу Ленина  63а сгорел жилой дом.,not_entailment,cleanlab,1
"62-летний электромонтер спустился вниз на веревке, ему стало плохо, он упал. Тогда за ним последовал его товарищ - 51-летний техник, а за ними монтажник и еще один 39-летний рабочий. Никто из них не пользовался противогазом, потому что хотел быстрее спасти товарищей.",Четыре работника спускались по веревке.,entailment,ds2,1
"По предварительным данным, смерть наступила в результате отравления продуктами горения, а причиной возгорания явилось неосторожное обращение с огнем во время курения в состоянии алкогольного опьянения, - говорится в сообщении.",Причиной смерти могла стать ядовитая гарь.,entailment,cleanlab,1
"В дежурную часть отдела полиции Пролетарского района поступило сообщение о том, что на одной из улиц города неизвестный похитил у гражданина мобильный телефон, - рассказали в правоохранительных органах.",В дежурную часть сообщили о краже телефона.,entailment,ds2,1
"Практически сразу после новогодних праздников они вновь принялись за дело, а значит жди автомобилист «сюрпризов» в виде перекрытых дорог.",Автомобилист ждет сюрпризов.,not_entailment,"cleanlab, ds2",2
"Специалисты трудовой инспекции провели внеплановую проверку на заводе и выяснили, что предприятие действительно имеет большие долги по зарплате.",Завод не полностью выплатил зарплату.,entailment,"cleanlab, datamaps",2
"В Сомали в прошлом году было потрачено 120 млн. долларов, и мы кормили  более 1 млн. человек, так как там происходили и конфликты, и стихийные бедствия.",Мы ездили в Сомали в прошлом году.,not_entailment,"cleanlab, datamaps",2
"""""""Для принятия  конституционных  изменений мы  проведем  референдум, поскольку  конституция  не  принадлежит  государству,  она   принадлежит  народу"""", -  заявил президент.""","Президент сказал, что все принадлежит народу.",not_entailment,cleanlab,1
"""Напомним, Павел Ипатов, возглавлявший Саратовскую область с апреля 2005 г., ушел  в отставку 23 марта по собственному желанию. Он заявил тогда, что отставка была плановой: """"Не хочу комментировать то, что произошло. Это плановые действия, и я не считал нужным говорить об этом ранее, так как был связан словом"""".""",Павел Ипатов не объяснил свою отставку.,entailment,cleanlab,1
"По предварительной версии, местный житель 1990 года рождения выстрелил своей даме сердца прямо в голову после того, как поссорился с ней на бытовой почве. От полученных ранений несчастная умерла до приезда врачей.",Местный житель прострелил даме сердце.,not_entailment,cleanlab,1
"Рост заболеваемости ОРВИ зафиксирован в Хабаровске после новогодних праздников. По данным управления здравоохранения городской администрации, в краевой столице болеет почти 5200 человек. - Как и ожидалось, прошёл благоприятный период, когда было зафиксировано снижение заболеваемости, потому что во время каникул люди не обращались в поликлиники и лечились самостоятельно.",В Хабаровске растет заболеваемость ОРВИ.,entailment,ds2,1
"Я просто об этом даже не думаю, потому что если кто-то что-то захочет, никуда не спрячешься.",Я об этом не думаю.,entailment,ds2,1
"""""""Законопроект, безусловно, полезный и крайне своевременный, поскольку блокировать следует не только порнографические сайты, но и ресурсы экстремистской направленности"""".""","Блокировать следует и сайты, и ресурсы.",not_entailment,cleanlab,1
"Женщины были привлечены к административной ответственности и получили штраф - по 3 тысячи рублей каждая, - сообщили в пресс-службе областного суда. Также с нижегородок взыскана стоимость грибов из расчета 600 рублей за 1 кг.",С нижегородки взыскали стоимость грибов.,entailment,ds2,1
"Машину украсть было несложно, ведь потерпевший оставил ее ключом в замке зажигания.",Потерпевший усложнил угонщику задачу.,not_entailment,cleanlab,1
"Но она не поверила ему, так как слышала о мошенниках.",Она засомневалась.,entailment,"cleanlab, datamaps, ds2",3
"В нем он обвинил полицейского в применении к нему насилия во время задержания. Он сообщил, что полицейский повалил его на землю и нанес ему несколько ударов кулаками в лицо. Как сообщает региональное управление Следственного комитета, жалобу всесторонне проверили, оказалось, что во время задержания гражданина физическая сила в отношении него не применялась.",Жалобу гражданина не проверили.,not_entailment,cleanlab,1
"""Еще двое экс-полицейских """"Дальнего"""" уже осуждены на 2 и 2,5 года лишения свободы в колонии-поселении, дело одного приостановлено ввиду его болезни. Судебный процесс стартовал 6 июня, рассмотрение дела по существу должно было состояться 13 июня, но из-за неявки защитника одного из обвиняемых было перенесено на 23 июля. Заседания проходят в закрытом режиме, поскольку, как посчитал суд, открытое разбирательство """"может привести к разглашению сведений, унижающих честь и человеческое достоинство потерпевших, причинить ущерб общепринятым в человеческом обществе нормам морали и нравственности, шокировать общественность"""".""",Заседания суда идут в закрытом режиме.,entailment,"cleanlab, ds2",2
"Парни, как выяснилось, ушли из дома во Владимирской области, не поставив в известность родителей.",Парни ушли из дома без спроса.,entailment,"cleanlab, datamaps",2
"Но после того, как первый корпус уронили, его решили заменить вторым.",Первый корпус утопили.,not_entailment,ds2,1
"Дерзкие преступления были совершены тинейджером еще в середине сентября, но следствие по уголовному делу закончилось только сейчас. По данным следствия, возле одного из домов города Березники школьник нанес удар ножом в шею незнакомому 36-летнему мужчине, а спустя час разбил окно на первом этаже, проник внутрь и пытался похитить имущество 39-летней женщины. Однако вынести награбленное из дома он не смог, так как хозяйка квартиры была дома.",Тинейджер совершил дерзкие преступления еще в начале учебного года.,entailment,cleanlab,1
"""Масух утверждает, что его брат был приговорен к 15 суткам ареста не за хранение наркотиков, а за то, что отказался дать полицейскому взятку. Американские туристы: 61-летний пастор Мишель Луи и 39-летняя женщина Лиза Альфонс - а также их гид были взяты в заложники в пятницу. Похититель заявил, что не хотел причинять вред туристам, поскольку """"они не имеют никакого отношения к истории с полицией"""".""",Брат Масуха был приговорен к домашнему аресту.,not_entailment,ds2,1
"""Поисковые группы в Республике Алтай так и не смогли в пятницу вылететь на поиски обломков """"Прогресса"""", сообщил агентству """"Интерфакс-Сибирь"""" источник в силовых структурах Турочакского района республики. Вертолеты и поисковые группы весь день ожидали восстановления ясной погоды на базе в поселке Артыбаш в районе Телецкого озера. """"Два дня мы не ищем обломки, потому что просто не дает погода"""".""",Погода не дает искать обломки.,entailment,ds2,1
"Обе купюры оказались поддельными. - По данным фактам проводятся проверки, - заверили в полиции. Стражи порядка также напоминают, что в случае, если к вам в руки попала фальшивая купюра, нужно сразу же обратиться в полицию.",Стражи порядка нашли фальшивую купюру.,not_entailment,"cleanlab, datamaps, ds2",3
"По факту гибели людей установлено, что причиной пожара стало неосторожное обращение с огнем при курении. 27-летний мужчина курил на кухне, рядом с комнатой, где спали дети, - пояснил Липатов. – Так как виновник происшествия погиб, уголовное дело в отношении него прекращено.",Виновник погиб.,entailment,ds2,1
"Подсудимый, в свою очередь, в последнем слове, предоставленном ему судьей, попросил у родственников погибших и потерпевших прощения.",Подсудимый выступал вне очереди.,not_entailment,ds2,1
"Сейчас эта история готовится стать достоянием общественности. Свою проверку проводит следственный комитет. Как рассказали в пресс-службе ведомства, с поставщиками и подрядчиками руководство завода рассчитывалось.",История еще не стала достоянием общественности.,entailment,"cleanlab, datamaps",2
"По его словам, после ухода с поста президента он пока не собирается занимать какие-нибудь государственные должности, будет проводить больше времени с семьёй, но и насовсем уходить из политики тоже не намерен.","Бывший президент намерен уйти из политики насовсем, чтобы больше времени проводить с семьей.",not_entailment,"cleanlab, datamaps, ds2",3
"""Также она сообщила, что во время Евромайдана ей было понятно поведение """"беркутовцев"""". """"Я понимала одно: я военнослужащий. И для меня не было разницы, потому что я как человек системы, военной какой-то структуры, я больше понимала тот же """"Беркут"""" почему?""""""","""Поведение """"Беркута"""" на Евромайдане не вызвало у нее непонимания.""",entailment,cleanlab,1
"«Министерство сегодня вызвало российского посла, чтобы повторить свой протест. Встречи между парламентариями – важная составляющая политических контактов», - приводятся слова главы МИД Бёрге Бренде. Он добавил, что отказ в визах вызывает сожаление, так как визит мог бы способствовать укреплению двусторонних отношений.",Министерство впервые отказало российскому послу.,not_entailment,ds2,1
"Женщину доставили в больницу, за ее жизнь сейчас борются врачи.",Женщину спасают врачи.,entailment,"cleanlab, datamaps, ds2",3
"При этом использоваться мог только один из них, поскольку второй был недостроенным.","Один был достроен, второй нет.",entailment,cleanlab,1
"На вопрос классного руководителя о причинах их появления мальчик ответил, что подрался со старшим братом.",Мальчик подрался со старшим братом.,not_entailment,"cleanlab, ds2",2
"Несмотря на то, что в Рождественскую ночь церковь не рекомендует употреблять много спиртного, у нас в стране давно повелось на этот праздник накрывать стол и отмечать его на полную.",В России давняя традиция безалкогольного Рождества.,not_entailment,cleanlab,1
"""Отвечая на вопросы журналистов о возможной отмене нормы закона об обязательном наличии бесплатного дублера при строительстве платных дорог, вице-премьер подчеркнул, что """"это дискуссионная тема, которая была предложена экспертами"""". """"В правительстве пока осторожно относятся к данному предложению, которое нуждается в детальном изучении"""", - заявил Шувалов. По данным социологического исследования, вопрос платных автомобильных дорог большую часть россиян не волнует, так как они не имеют машин, а среди тех, у кого она есть, каждый пятый не намерен пользоваться такими трассами.""","Социологи исследовали, волнует ли россиян вопрос платных автомобильных дорог.",entailment,ds2,1
"Компенсации полагаются каждому из 4234 пассажиров. Также не исключено, что некоторые пассажиры направят иски в суд с требованием о дополнительных компенсациях. В настоящий момент судно охраняется от возможных грабителей, поскольку на его борту остались материальные ценности.",Не каждому из пассажиров положена компенсация.,not_entailment,ds2,1
"""Он добавил, что машины, стоящие в заторах с включенными двигателями, наносят колоссальный ущерб экологии. В результате, по его словам, многие инвесторы начинают обходить стороной город, где невозможно в разумное время проехать из одного конца в другой. Таким образом, по его словам, складывается """"тревожная тенденция"""", так как через несколько лет могут произойти неприятные последствия инвестиционного спада, которые могут повлечь снижение личных доходов жителей города и сокращение доходов бюджета.""",Пробки в городе отпугивают инвесторов.,entailment,cleanlab,1
"Водитель, почувствовав угрозу, остановил Scania, а затем смог погасить пламя огнетушителем. - Пожар был потушен до прибытия первых расчетов, - рассказали в МЧС России по Ростовской области. Никто из пассажиров не пострадал, но автобус не смог продолжить движение, так как моторный отсек полностью сгорел.",У водителя был пистолет.,not_entailment,ds2,1
"""""""Сегодня это незаконная торговля, потому что это не является товаром для продажи"""".""",Сегодня этот товар продается законно.,not_entailment,ds2,1
"Известный в Рунете кот по кличке Барсик решил выдвинуть свою кандидатуру на предстоящих в 2018 году выборах президента России. О намерениях кота говорится на его странице в социальной сети. В сообщении отмечается, что он хочет побороться за этот государственный пост, так как является главным политическим котом.",Президентом России станет кот.,not_entailment,cleanlab,1
"Деньги у девушки пропали, когда она ехала в такси.","Когда девушка вышла из такси, денег не было.",entailment,cleanlab,1
"Как пояснили в пресс-службе городской администрации, в качестве конкурентного преимущества представители бизнеса предлагают использовать технологию «сложения потенциалов», состоящую в создании замкнутых циклов из отдельных разрозненных экономических цепочек.",«Сложение потенциалов» - это создание замкнутых циклов из отдельных разрозненных экономических цепочек.,entailment,ds2,1
"Первый процесс над Мохаммедом, бин Атташем, бин аль Шибхом, аль Азизом Али и аль Хавзави начался в военном суде США еще в 2008 году. Фигурантам дела предъявили 2973 обвинения в убийстве, сторона обвинения добивалась для подсудимых смертной казни. Правозащитные организации критиковали процесс, поскольку, по их мнению, рассматривавшая дело военная комиссия не обеспечивала действительно справедливого суда.",Обвинение требовало уважения к суду.,not_entailment,cleanlab,1
"7 января на личной странице бизнесмена в соцсети Facebook появилось сообщение, в котором говорилось, что он намерен добиваться проведения прокурорского расследования.",Сообщение появилось на странице бизнесмена в Facebook в ненастный день января.,not_entailment,ds2,1
"Предприимчивый, но не работающий 29-летний ковдорчанин, съезжая со съемной квартиры, решил прихватить оттуда еще и половину вещей, принадлежащих хозяевам. - По словам потерпевшей, из ее квартиры в Полярном переулке пропала бытовая техника и мебель на общую сумму в 81 тысячу рублей, - рассказали в пресс-службе УМВД по Мурманской области. - Так как квартиру никто не взламывал, в преступлении заподозрили мужчину, который арендовал квартиру у владелицы.",У потерпевшей пропала бытовая техника и мебель на общую сумму в 81 тысячу рублей.,entailment,ds2,1
"Сейчас самарские льготники (многодетные семьи, ветераны, малоимущие и прочие социально незащищенные граждане) получают единовременную денежную выплату не зависимо от того, сколько денег они тратят на коммунальные услуги и оплачивают ли они их.","Многодетные семьи, ветераны и малоимущие социально не защищены.",entailment,"cleanlab, datamaps, ds2",3
"Бывшие банкиры находятся в международном розыске. Адвокаты А.Бородина обжаловали это решение в кассационную и надзорную инстанцию. Решения были подтверждены, а в порядке надзора не рассмотрены, поскольку для этого не нашлось оснований.",Бывших банкиров объявили в международный розыск.,entailment,datamaps,1
"В отделение полиции обратился пациент больницы. Он объяснил, что вышел на несколько минут, а когда вернулся, не обнаружил в палате планшет и своего соседа. Как оказалось, пока мужчины не было, другой больной забрал планшет, связал несколько простыней и по ним сбежал через окно.",Пациента наградили планшетом.,not_entailment,ds2,1
"Разве они могли встречаться и общаться со мной, если бы грязь, которая на меня выливается, была правдой? Это черный пиар, и нечистые на руку люди делают это для того, чтобы облить меня грязью. Грязь ко мне не прилипает, она просто отпадает, потому что я никакого отношения к этим фактам не имею.","Грязь, которая на меня выливается, - правда.",not_entailment,cleanlab,1
"Он один из первых прибыл на место трагедии, сразу встретился с очевидцами, соседями по даче, сторожами дачного комплекса.",Случилась трагедия.,entailment,ds2,1
"Женщину уже задержали. Она не риэлтор и полномочий таких не имела. Деньги она украла, потому что находилась в трудном материальном положении.",Женщина украла деньги.,entailment,ds2,1
"""Правозащитники предлагают сократить область применения в России понятия """"экстремистская деятельность"""" и отказаться от списка запрещенной экстремистской литературы. """"Должно быть резко сокращено применение понятия """"экстремистская деятельность"""", кроме случаев самих насильственных преступлений, призывов к насильственным преступлениям, либо организованной деятельности, связанной с насильственными преступлениями"""", - заявил на пресс-конференции в центральном офисе """"Интерфакса"""" в среду директор информационно-аналитического центра """"Сова"""" Александр Верховский. Он также предложил отказаться от федерального списка запрещенных экстремистских материалов, так как он, по мнению правозащитника, """"не работает"""".""","""Правозащитники недовольны слишком широкой областью применения в России понятия """"экстремистская деятельность"""". """,entailment,"cleanlab, datamaps",2
"""""""На требование остановиться водитель иномарки не отреагировал, а наоборот, увеличил скорость, поочередно задев две машины и чуть не сбив женщину с ребенком, переходивших дорогу"""", - сказал представитель пресс-службы. Инспекторы ГИБДД начали преследование, пытаясь прижать автомобиль к обочине, однако его водитель ударил патрульную машину. Сотрудники полиции приняли решение о применении оружия для остановки автомобиля, создававшего большую опасность для окружающих, однако сначала не смогли этого сделать, так как вокруг находились жилые дома, большое количество автомобилей на дороге и пешеходов на улице.""",Преследуемая машина смешила окружающих.,not_entailment,ds2,1
"""После смерти Владимира Михайловича Кучмия, который возглавлял """"Спорт-Экспресс"""" с момента его основания и до 2009 года, прошло более двух лет, но новый главный редактор так и не назначен. Почему? - Потому что он слишком много для нас значит - это одно.""","""""""Спорт-Экспресс"""" больше двух лет работает без главного редактора.""",entailment,cleanlab,1
"В Ростовской области спасатели обнародовали количество жителей, которые окунулись на Крещение.",В Ростовской области подсчитали утонувших на Крещение.,not_entailment,"cleanlab, datamaps",2
"В своем заявлении пенсионерка указала, что стала жертвой мошенников.",Пенсионерка пожаловалась на мошенников.,entailment,ds2,1
"Парни и девушки не только узнали о работе ведомства, но и прошли краткую стажировку.",Парни и девушки познакомились с работой ведомства.,entailment,ds2,1
"Однако тот попытался нанести одному из хоругвеносцев удар, и был задержан полицией. Православные активисты не пускают людей с белыми лентами оппозиции к входу в Храм Христа Спасителя. Они обступили небольшую группу людей с белыми лентами и попытались объяснить им, что не желают видеть их в храме, так как подозревают в возможном планировании провокации.",Православные активисты не дают людям с белыми лентами оппозиции пройти ко входу в Храм Христа Спасителя.,entailment,cleanlab,1
"""У болельщиков ярославского футбольного клуба """"Шинник"""" - радость: можно будет сходить и посмотреть, как тренируется любимая команда.""","""Ярославских болельщиков пустят на тренировки """"Шинника"""".""",entailment,cleanlab,1
"Это ДТП попало на запись авторегистратора одного из очевидцев, видео выложили в сеть (в группу «ЧП-Красноярск»). Как рассказали свидетели того, как все случилось, 75-летнего мужчину сбили, когда он переходил дорогу не по светофору, и не по переходу. Возможно, водитель автобуса его попросту не заметил, так как было уже совсем темно.",Автобус сбил пенсионерку.,not_entailment,cleanlab,1
"В экстренные службы поступило сообщение о взрывных устройствах в зданиях Ленинградского, Ярославского и Казанского вокзала. «Поступила информация об угрозе взрыва сразу на двух столичных вокзалах: Ярославском и Казанском. По предварительным данным, причиной проверки стал анонимный звонок», - рассказал представитель экстренных служб.",Анонимный звонок предупредил об аварии на вокзале.,not_entailment,cleanlab,1
"На вопрос классного руководителя о причинах их появления мальчик ответил, что подрался со старшим братом.",Мальчик подрался.,not_entailment,"cleanlab, ds2",2
"""""""После инцидента 15 августа 2011 г. ко мне приезжал молодой человек со стороны Агафонова, он требовал видеозапись с камер наблюдения"""", - рассказал он. По его словам, угрожавший обещал """"всем устроить, так как побили хорошего человека"""". """"Я отказал, так как это могут требовать только правоохранительные органы"""", - сообщил Береговой.""",Береговой не отдал запись молодому человеку.,entailment,"cleanlab, datamaps, ds2",3
"Ноябрь и часть декабря удивили сильными морозами, но сейчас погода стабилизировалась и будет тепло.",Теперь будет тепло.,entailment,"cleanlab, ds2",2
"Тверские полицейские сумели по горячим следам задержать мужчину, которого подозревают в покушении на убийство.",Тверские полицейские задержали подозреваемого.,not_entailment,"cleanlab, datamaps",2
"Пока ехала «скорая», очевидцы пытались оказать пенсионерке помощь.","""Очевидцы в """"скорой"""" пытались помочь женщине.""",not_entailment,cleanlab,1
"Во время беседы Валерий Радаев отметил, что заводу нужно подумать о наращивании выпуска продукции гражданского назначения, упомянув при этом айфоны. - Основной объем продукции, которая выпускается предприятием, военного назначения. Но на заводе думают и о завтрашнем дне, потому что нужно постоянно быть в развитии.",Валерий Радаев будет выпускать айфоны.,not_entailment,cleanlab,1
"Внутри помещение имеет эксклюзивный дизайн. На ценных породах дерева вырезаны русалки, корабли, космос. Добавляют антураж и скелеты с открытой пастью, которые, кажется, вот-вот нападут.",Скелеты добавляют дизайна.,not_entailment,"cleanlab, datamaps",2
"В одном из интернет-магазинов она заказывала продукты. Спустя пару дней после получения товара ей позвонил неизвестный, который представился сотрудником отдела обслуживания клиентов интернет-магазина и поинтересовался качеством купленного товара. Женщина ответила, что продукты ей не понравились.",Женщина заказывала продукты в Сети.,entailment,"cleanlab, ds2",2
"В квартире на 2 этаже находился 70-летний хозяин, когда неожиданно раздался громкий хлопок и погас свет. Оказавшись на кухне, мужчина увидел огонь. После попытки самостоятельно потушить пламя хозяин попытался выйти наружу, потому что из-за дыма стало нечем дышать.",На кухне сушился хлопок.,not_entailment,"cleanlab, ds2",2
"""Также ребята, в рамках акции """"Студенческий десант"""", узнали о комплексе """"Безопасный город"""", и задали стражам порядка вопросы.""",Ребята задали вопросы.,entailment,ds2,1
"Они поделились опытом работы своих первичных отделений, выказали предложения по усовершенствованию нормативно-правовой базы во всех сферах, задали вопросы руководителям министерств, ведомств, модераторам площадок. Я уверен, что они после съезда обязательно поделятся со своими коллегами своими впечатлениями от услышанного здесь. Сегодня на площадке, где я был - «Качество государства», как раз говорили про те требования, которые касаются совершенствования нашего законодательства на региональном и федеральном уровнях.","""Сегодня я был """"Качеством государства"""".""",not_entailment,cleanlab,1
"Среди похищенной продукции компании Apple - по два планшета второго и третьего поколений и один четвертого. Общая стоимость украденной техники составляет не менее $3 тыс., отмечает издание. По данным полиции, пропажа была замечена только сейчас, поскольку сотрудники центра вышли на работу после череды праздничных дней.",После праздников в центре недосчитались пяти планшетов Apple.,entailment,"cleanlab, ds2",2
"С такими словами он выступил на заседании коллегии Минобороны. «Можно с уверенностью сказать: мы сегодня сильнее любого потенциального агрессора», - сказал Путин. При этом он призвал военное ведомство не расслабляться, поскольку при малейшей оплошности угроза может застать врасплох.",Путин призвал военное ведомство расслабиться.,not_entailment,"cleanlab, datamaps",2
"Представители активной молодежи Саратовской области на пресс-конференции в «КП»-Саратов затронули важные темы для студенчества и молодежи. Говоря о развитии студенческого сообщества, региональный куратор ассоциации студенческих коммуникаций «Кампус» Дмитрий Горбунов подчеркнул, что их сообщество впервые появилось в регионе в этом году.",На пресс-конференции побывали представители активной молодежи.,entailment,ds2,1
"""В сеть выложили ролик, как маршрутка улетела в сугроб, уходя от столкновения с легковушкой.""",Маршрутка столкнулась с легковушкой в сугробе.,not_entailment,"cleanlab, datamaps",2
"""""""Я не исключаю"""", - сказал Путин в ходе полемики с экс-премьером Франции Франсуа Фийоном в рамках заседания дискуссионного клуба """"Валдай"""". Президент РФ поинтересовался у Фийона, будет ли тот выставлять свою кандидатуру на пост президента Французской Республики, попросив его """"коротко ответить, односложно"""". Французский политик от ответа уклонился: """"Я не стал бы отвечать на этот вопрос, потому что вы на него не ответили"""".""",Французский политик ответил односложно.,not_entailment,cleanlab,1
"""Однако отсутствие на форуме нового вице-премьера, который предпочел Рио-де-Жанейро Санкт-Петербургу, и бурная активность вице-премьера бывшего - нынешнего президента """"Роснефти"""" Игоря Сечина, центральной фигуры непрекращающихся встреч с иностранными инвесторами, прояснили, кто тут главный. """,Сечин был иностранным инвестором.,not_entailment,cleanlab,1
"Работа личного состава будет усилена, наших сотрудников не отпускают в эти дни в отпуск, - отметил спикер.","По словам спикера, в эти дни личный состав будет усиленно трудиться.",entailment,cleanlab,1
"""Следователи ознакомили лидера националистического движения """"Русские"""" Дмитрия Демушкина с проведенными экспертизами, одна из которых заключила, что в его прошлогоднем интервью, из-за которого было возбуждено одно из уголовных дел, отсутствует элемент разжигания межнациональной розни.""",Следователи ознакомили Дмитрия Демушкина с проблемой в проведении экспертиз.,not_entailment,cleanlab,1
"Мужчина быстро собрался, однако в сгустившемся уж мраке не смог сориентироваться и в итоге заблудился в густых зарослях камыша.",Мужчина плохо ориентировался во мраке.,entailment,"cleanlab, datamaps",2
"Неизвестные совершили ограбление банка в столице Германии Берлине, вскрыв сейфовые ячейки клиентов, сообщило в понедельник агентство EFE со ссылкой на местных полицейских. Грабители прорыли подземный туннель 30 метров в длину для того, чтобы проникнуть в хранилище банка. По словам берлинских стражей порядка, ограбление совершили профессиональные воры, так как они в готовились к нему в течение нескольких месяцев и не могли вырыть туннель за одну ночь.",В столице Германии ограблен банк.,entailment,ds2,1
"Производители молока подали в суд, который в итоге вынес решение.",Производители молока угостили суд.,not_entailment,"cleanlab, ds2",2
"И поэтому особенно радует, что наверху о них не забывают.",Наверху не забыли о них.,entailment,"cleanlab, ds2",2
"Также родственники погибшего под колесами мужчины требуют компенсации морального вреда. Всего они запросили 2 млн рублей. Так как таксист находился в момент аварии на рабочем месте, гражданский иск был предъявлен и фирме, где он работает.",Сервису такси предъявили иск за невежливых таксистов.,not_entailment,"cleanlab, ds2",2
"В четверг, 15 декабря в полицию Екатеринбурга за помощью обратились родители 10-летнего Кости Захаровского. Утром он ушел в школу, а домой так и не вернулся. На телефонные звонки мальчик ответить не мог, так как сотовый был не активен.",10-летний Коля Захаровский не вернулся домой из школы.,entailment,ds2,1
"""Еще одно достоинство картины - это действительно высококлассные спецэффекты. После этого фильма вполне может статься, что голливудские продюсеры начнут задумываться о переносе производства в Болливуд, ведь, судя по всему, там можно делать боевики, которые в США стоят 100 миллионов, всего за 20. Возможно, такую цель и преследовали создатели """"Случайного доступа"""", потому что он действительно выглядит, как рекламный ролик.""",В Болливуде сняли фильм с качественными спецэффектами.,entailment,"cleanlab, datamaps",2
