text,label,error_type,methods,n_methods
С того времени русские люди заговорили и записали двоечленными предложениями.,1,0,"cleanlab, datamaps, ds2",3
Он отличался большими способностями из своих сверстников.,0,Syntax,"cleanlab, ds2",2
"Мы собрались вместе, чтобы все разобраться в этом деле.",0,Syntax,"cleanlab, ds2",2
Я возмутился на него за грубость.,0,Semantics,"cleanlab, datamaps",2
Вдали дважды белел парусник.,0,Semantics,"cleanlab, datamaps",2
"Я хочу, чтобы ты вернешься а я уйду.",0,Syntax,"cleanlab, datamaps",2
Трон достался убийце своего брата.,0,Syntax,"cleanlab, datamaps",2
Толпа рассеялась один за другим.,0,Syntax,"cleanlab, datamaps, ds2",3
"Если ты будешь решать любую из этих задач, то пользуйся аналитическими уравнениями.",0,Semantics,"cleanlab, datamaps",2
Он посильнее всех.,0,Morphology,"cleanlab, datamaps",2
Но над святым островом поцарствовала ночь – а ночью обычные птицы не покидают своих укрытий.,0,Semantics,"cleanlab, datamaps",2
"Я случайно стоял поодаль и слышал, что он сказал.",0,Semantics,"cleanlab, datamaps, ds2",3
"Пациент умер, благодаря тому, что вовремя не была оказана медицинская помощь.",0,Semantics,"cleanlab, datamaps",2
Студент готовится всякий сдавать экзамены.,0,Syntax,"cleanlab, datamaps",2
Brexit продемонстрировал высокую степень выраженности метастазов рака кожи и молочной железы.,0,Hallucination,"cleanlab, datamaps",2
"Есть неловкие смены со второго на третьего, и длинные отрывки относятся к доктору Садлеру в третьем лице.",0,Hallucination,"cleanlab, datamaps",2
"Шарлотта, живущая в изолированном доме, попросила у себя двухлетнего сына.",0,Hallucination,"cleanlab, datamaps",2
Никого не было холодно.,0,Syntax,"cleanlab, datamaps",2
"Спасительный оазис то показывался, то исчез снова.",0,Syntax,"cleanlab, datamaps, ds2",3
"Первый огонек блеснул вдали, на противоположной горе, в одиноком домике поблизости от шлагбаума.",0,Semantics,"cleanlab, datamaps",2
"Я хочу, чтобы Иван работает.",0,Syntax,"cleanlab, datamaps, ds2",3
"Поместите его обратно туда, где он был.",0,Semantics,"cleanlab, datamaps",2
Это был умный Иван Иванович.,0,Semantics,"cleanlab, datamaps",2
"Трое вакуумщиков действительно ходили как пленные звери рядом со своими насосами — у них был срочный заказ, и их уже вторые сутки не пускали спать.",0,Semantics,"cleanlab, datamaps",2
Выстраивать на столь дрянном фундаменте всякие имперские конструкции крайне опрометчиво.,0,Semantics,"cleanlab, datamaps",2
У нее есть уродство.,0,Semantics,"cleanlab, datamaps, ds2",3
Мы имели возможность работать каждому со своим материалом.,0,Syntax,"cleanlab, datamaps",2
Меня ни разу в этом доме не было.,0,Semantics,"cleanlab, datamaps, ds2",3
В ряде стран Европы и других регионов не разрешили продажу безочистного горчичного масла.,0,Morphology,"cleanlab, datamaps",2
Резко он не затормозил.,0,Semantics,"cleanlab, datamaps, ds2",3
Все утро он был раздражителен.,0,Semantics,"datamaps, ds2",2
Костюма не было в химчистке два года.,0,Semantics,"cleanlab, datamaps",2
"Она воскликнула, что ах, то был только сон.",0,Semantics,"datamaps, ds2",2
"Иван, к сожалению, в отпуске?",0,Semantics,"cleanlab, datamaps, ds2",3
В США в 2003 году состояли 35 сотрудников газеты.,0,Syntax,"cleanlab, datamaps",2
"РПЦ планирует объединить три заповеди в один ""третий заповедник"".",0,Semantics,"cleanlab, datamaps",2
"Он думает, что слушатели, наверное, устали.",0,Semantics,"cleanlab, datamaps",2
"Большинство атабасканских языков имеют более четырех разных слов, и все они имеют много более отличительных консонантов, чем Креа.",1,0,"cleanlab, datamaps",2
"Брат позвонил, когда добравшись до дома.",0,Syntax,"cleanlab, ds2",2
Левое крыло состоялось из двадцати эскадронов кавалерии.,0,Morphology,"cleanlab, datamaps",2
Громадный домище заслонил от меня солнце.,0,Semantics,"cleanlab, datamaps",2
В понедельник в Москве хоронили известных программиста и журналиста Владимира Сухомлина.,0,Syntax,"cleanlab, datamaps",2
Я не прогоняю этой женщины.,0,Semantics,"cleanlab, datamaps",2
"У Маши дети взрослые, а у Даши они в детский сад ходят.",0,Semantics,"cleanlab, datamaps, ds2",3
Потратьте эти деньги на модернизацию чего бы то ни было.,0,Semantics,"cleanlab, datamaps",2
"Потому что его убило, другой головы не поднимает.",0,Syntax,"cleanlab, datamaps",2
МВД арестовало его городским управлением внутренних дел.,0,Syntax,"cleanlab, datamaps",2
"Каждое утро мимо нас по коридору проносили большие термоса и корзинки с провиантом для наркома на случай, если он в обеденное время окажется здесь.",0,Morphology,"cleanlab, datamaps",2
В доме кто-то есть.,1,0,"datamaps, ds2",2
"Кстати, не случайно первым указом преемника было освобождение Ельцина и его семьи от ответственности за какие-либо, совершенные в бытность на посту президента.",0,Semantics,"cleanlab, datamaps",2
Язык в моей семье и семье был русско-украинский.,0,Hallucination,"cleanlab, datamaps, ds2",3
Маша сидела поодаль от мужа и читала.,0,Semantics,"cleanlab, datamaps, ds2",3
У этой комнаты пять метров в ширину.,0,Semantics,"cleanlab, datamaps, ds2",3
Макманус сыграет в роли Джозефа Сuttonа.,0,Hallucination,"cleanlab, datamaps",2
Темные глаза у нее сияли.,0,Semantics,"cleanlab, datamaps, ds2",3
"Просто ляжете на траву, закройте глаза и почувствуйте, что происходит внутри.",0,Morphology,"cleanlab, datamaps",2
Спортсмен дрался как лев и тигр.,0,Syntax,"cleanlab, ds2",2
Многие млекопитающиеся (а звери ― это как раз и есть млекопитающиеся животные) кусают очень похоже на нас с вами.,0,Morphology,"cleanlab, datamaps",2
"Да, он может входить, если еще пришел!",0,Semantics,"cleanlab, datamaps, ds2",3
Она с негодованием приняла это известие.,0,Semantics,"cleanlab, datamaps",2
Вы одни показались мне веселым.,0,Syntax,"cleanlab, ds2",2
"Она долго бежала рядом с забором, а потом повернула налево.",0,Semantics,"cleanlab, datamaps, ds2",3
Завтра мы слышим оперу.,0,Semantics,"cleanlab, datamaps",2
"Я знаю, что он, несомненно, прав.",0,Semantics,"cleanlab, datamaps, ds2",3
"Главное, на чём следует сосредоточиться и разобраться при разработке плана проекта, — это возможные риски.",0,Syntax,"cleanlab, datamaps",2
"Напрасно вы думаете, что вы здоровы, у вас есть нервное расстройство.",0,Semantics,"cleanlab, datamaps",2
"Маша играет на скрипке, когда Саша – на виолончели.",0,Syntax,"cleanlab, datamaps",2
Он получил промывание желудка.,0,Semantics,"cleanlab, datamaps",2
Когда-нибудь и тебе будет доводиться спать в кресле.,0,Semantics,"cleanlab, datamaps",2
"Едва Степан Трофимович остановился и пригляделся к скользившим белым облачкам по небу, как вдруг услышал лёгкий шорох.",0,Syntax,"cleanlab, datamaps",2
"Все это не делалось, потому что кто-нибудь желал зла Левину.",0,Semantics,"cleanlab, datamaps",2
"Хорошо, что он купил что-нибудь.",0,Semantics,"cleanlab, datamaps, ds2",3
Я с трудом заметил в толпе Петьку.,0,Semantics,"cleanlab, datamaps",2
МГУ отпраздновало свой юбилей.,0,Syntax,"cleanlab, datamaps, ds2",3
"Ученые считают, что степень защищенности всех Вечно сущих равна единице.",0,Morphology,"cleanlab, datamaps",2
Мне его няня передавала.,0,Semantics,"cleanlab, datamaps",2
"Безусловно, неожиданно автобус остановился.",0,Semantics,"cleanlab, datamaps",2
"Когда он увидел это, горе потратило его силы.",0,Semantics,"cleanlab, datamaps",2
"Но Джул не ошибалась, и Томсон, тщательно подумав, согласился с ним.",0,Syntax,"cleanlab, datamaps",2
Я не воспринимаю этого человека.,0,Semantics,"cleanlab, datamaps, ds2",3
Есть ли много животных в зоопарке?,0,Syntax,"cleanlab, datamaps, ds2",3
Солдаты грелись возле костров.,1,0,"cleanlab, datamaps, ds2",3
Вид питается насекомыми в течение дня.,0,Semantics,"cleanlab, datamaps",2
"Я рад, что он, наверное, вернулся.",0,Semantics,"cleanlab, datamaps, ds2",3
Ты можешь взять любую из этих книг.,1,0,"cleanlab, datamaps, ds2",3
"Я принимаю предложение, которое вы сделали Ивану Сергеевичу.",0,Semantics,"cleanlab, datamaps",2
"Резидент Эвил 5 был обвинен в расизме, поскольку главный герой должен отстрелить темнокожих афроамериканцев.",0,Morphology,"cleanlab, datamaps",2
В сражении у Гастингса англичане потерпели поражение.,0,Semantics,"cleanlab, datamaps",2
Он работал на кирпичном заводе у деревни «Малые Вяземы».,0,Semantics,"cleanlab, datamaps",2
Меня к ней уже отослали.,0,Semantics,"cleanlab, datamaps, ds2",3
Он мертвенно становится бледным.,0,Semantics,"cleanlab, datamaps, ds2",3
Вы явно не читали эту книжку?,0,Semantics,"cleanlab, datamaps, ds2",3
Он проталкивался к двери и кашляет от морозного воздуха.,0,Syntax,"datamaps, ds2",2
Мы давно посидели на лавочке.,0,Semantics,"cleanlab, datamaps",2
Приехавшие делегаты на конференцию должны зарегистрироваться согласно установленной процедуре.,0,Syntax,"cleanlab, datamaps",2
"Во многих отношениях, это то, о чем все дело.",0,Morphology,"datamaps, ds2",2
"В музее Екатеринбурга нашли все колокола, изъятые по закону 1930 года о коллекторах.",0,Syntax,"cleanlab, datamaps",2
"Он заставлял жен плясать напоказ голые в будние дни, после чего обменивал их на оружие или на филейную часть мамонта.",0,Syntax,"cleanlab, datamaps",2
Всего мне достаточно.,0,Syntax,"cleanlab, datamaps",2
"Но буквально в полуторах метрах к северу от центральной гробницы мы вскоре обнаружили вторую могилу, не тронутую грабителями.",0,Morphology,"cleanlab, datamaps",2
"Эта история - из категории тех мамочек-золотоскатлиц, которые рассказывают моей дочери перед сном-золотоскатлицам.",0,Hallucination,"cleanlab, ds2",2
Н.С. Михалков недавно еще раз выразил свое желание быть похоронен здесь.,0,Syntax,"cleanlab, datamaps",2
"Та, что в тот день с красной сумкой, оказалась женой Феди.",0,Syntax,"cleanlab, datamaps",2
"Юноши готовились к соревнованиям наездников, считавшихся у черкесов большим событием.",0,Syntax,"cleanlab, ds2",2
Я не считаю уместным давать никакие указания.,0,Semantics,"cleanlab, datamaps",2
Я дала тебе свое сердце.,0,Semantics,"cleanlab, datamaps, ds2",3
"Возьми из моего кармана ключ, он мне мешает.",0,Semantics,"cleanlab, datamaps",2
Мне казалось больным ступать босиком по камешкам.,0,Semantics,"cleanlab, datamaps",2
Самая востребованная профессия была программистом.,0,Syntax,"cleanlab, datamaps",2
"Миша воображает, что его кто-нибудь понял.",0,Semantics,"cleanlab, datamaps, ds2",3
Мая: Давайте останемся здесь вместе... и... никогда не уходим.,0,Syntax,"cleanlab, datamaps",2
Компании повышают ценообразование за счет целевого ценообразования на основе созданных профилей.,0,Hallucination,"cleanlab, datamaps",2
"На нем полковничья шинель без погонов, в руке тонкая тросточка.",0,Morphology,"cleanlab, datamaps",2
Дверь плохо открылась.,0,Semantics,"cleanlab, datamaps, ds2",3
Я взяла ее в свою комнату.,0,Semantics,"cleanlab, datamaps, ds2",3
"Врачи сообщают, что Мика, скорее всего, полностью выздоравливает.",0,Morphology,"cleanlab, datamaps, ds2",3
Начавшийся процесс его обращения надломился и прекратился трагически.,0,Semantics,"cleanlab, datamaps, ds2",3
"Солдат умолк, нахмурился, исподлобья посмотрел на мать, которая сидела, за всё время не пророняя слов.",0,Morphology,"cleanlab, datamaps",2
"Мы знаем, кем кадет объяснял свое решение стать.",0,Syntax,"cleanlab, datamaps",2
"Ты так это сказал, как будто здесь хозяин.",0,Syntax,"cleanlab, datamaps",2
Уличных звуков не доносится сквозь двойные рамы.,0,Semantics,"cleanlab, datamaps",2
Ее голос стал горькой ноткой.,0,Semantics,"cleanlab, datamaps",2
Газифицированные украинские земли начинают влиять друг на друга.,0,Semantics,"cleanlab, datamaps, ds2",3
"Возьми у меня плед, мне тяжело его нести.",1,0,"cleanlab, datamaps, ds2",3
Ваня не был дома.,0,Semantics,"cleanlab, datamaps, ds2",3
"Лежавшая книга на полке была той самой, которую я давно искал.",0,Syntax,"cleanlab, datamaps, ds2",3
"Газет он не читает, а просматривает.",0,Semantics,"cleanlab, datamaps, ds2",3
"Сомневаюсь, что она знает всякие детали.",0,Semantics,"cleanlab, datamaps, ds2",3
Он ест одну мо ковку.,1,0,"cleanlab, ds2",2
Мой друг коренной москвич и проживает в чем-нибудь на Преснена улице Заморенова.,0,Syntax,"cleanlab, datamaps",2
"Согласно официальных данных, в результате землетрясения в Японии погибли более пяти тысяч человек.",0,Syntax,"cleanlab, ds2",2
"Иван закрыл глаза, чтобы он не увидел происходящего.",0,Syntax,"cleanlab, datamaps",2
Котлета бы у него!,0,Semantics,"cleanlab, datamaps",2
Она редко о чем-то мечтает.,0,Semantics,"cleanlab, datamaps, ds2",3
"Наверное, к нему кто-нибудь пришел.",1,0,"datamaps, ds2",2
"Я чувствую, что он, наверное, где-то поблизости.",0,Semantics,"cleanlab, datamaps, ds2",3
"Дети, как я боюсь, не спят.",0,Semantics,"cleanlab, datamaps",2
"А я думал, что он, к счастью, еще здесь.",0,Semantics,"cleanlab, datamaps",2
"Я сказал это, чтобы сказать что-нибудь.",1,0,"datamaps, ds2",2
Я рискую опозданием на семинар.,0,Semantics,"cleanlab, datamaps, ds2",3
Я была вчера на демонстрации.,1,0,"cleanlab, ds2",2
Он с бешенством принял возражения оппонента.,0,Semantics,"cleanlab, datamaps",2
"Джоуи обещает не влиять на Слейда, но это займёт неделю после появления.",0,Hallucination,"datamaps, ds2",2
Постарайся заметить вон ту звездочку над самой горой.,0,Semantics,"cleanlab, datamaps, ds2",3
"Мультфильм ""Алиса"" выиграл лучший анимационный фильм в номинации «Оскар».",0,Syntax,"cleanlab, datamaps",2
"Иван воскликнул, что какой у нее голос.",0,Semantics,"cleanlab, datamaps",2
Король Хуссейн не выбрал преемником Хасана.,0,Semantics,"cleanlab, datamaps",2
Арчер встречает его в доме Элена.,0,Syntax,"cleanlab, datamaps",2
"Я бы объявил, что собрание открыто.",0,Semantics,"cleanlab, datamaps",2
"Он обещает прийти, но не пришел.",0,Semantics,"cleanlab, datamaps, ds2",3
"Я, как только увидел пропажу, выпил и схватился за голову.",0,Semantics,"cleanlab, datamaps",2
Он шел в магазин?,0,Semantics,"cleanlab, datamaps, ds2",3
Пришел мужик в лес и рубил дрова.,0,Semantics,"cleanlab, datamaps, ds2",3
Страны НАТО хотят взять с Ирана обязательство не применять ядерное оружие первый.,0,Syntax,"cleanlab, datamaps",2
Это известие надолго лишает меня сна.,0,Semantics,"cleanlab, datamaps",2
"Пересшила она это платьишко, отделала его кое-где кружевцами, и чудесное платьице вышло.",0,Morphology,"cleanlab, datamaps",2
За тот год добыча угля не возросла на 10 млн тонн.,0,Semantics,"cleanlab, datamaps",2
"Он не поздравил ни с Новым годом, ни с Восьмым мартом, ни с днем рождения Валерки.",0,Morphology,"cleanlab, datamaps",2
Он сейчас в зале периодики читает журналы.,1,0,"cleanlab, ds2",2
Тогда руководители NASA также сначала отрицали наличие всяких серьезных технологических проблем.,0,Semantics,"cleanlab, datamaps",2
Брюки у пояса мне узки.,0,Semantics,"cleanlab, datamaps",2
В путь-дорогу дальний я тебя отправлю.,0,Syntax,"cleanlab, datamaps",2
Его принцип отвергает какое-либо облучение мозга.,0,Semantics,"cleanlab, datamaps",2
Она приняла к себе ребенка.,0,Semantics,"datamaps, ds2",2
"Особенно когда в полуторастах метрах позади лежал скелет ящера, убитого человеческим оружием.",0,Morphology,"cleanlab, datamaps",2
"Телега сломана два дня назад, но сегодня ее починили.",0,Semantics,"cleanlab, datamaps",2
"Когда я завтра приду в институт, я поговорю об этом с кем угодно.",0,Semantics,"cleanlab, datamaps",2
Кимхи и генеральный директор Мосада был избран в должность главы министров.,1,0,"cleanlab, datamaps",2
"Клиент написал мне, что проживает в Москве на Пресне на чем-то, но не назвал точный адрес.",0,Syntax,"cleanlab, datamaps",2
На поляне мы нашли малину и ягоды.,0,Semantics,"cleanlab, datamaps, ds2",3
Отдай мне эту книг.,1,0,"cleanlab, ds2",2
Лена пообещала больше не ездить туда одной.,0,Syntax,"cleanlab, datamaps",2
"Даже если любой из них действительно согласится тебе помочь, ничего это не изменит.",0,Semantics,"cleanlab, datamaps",2
Мы первыми научились видеть дальше собственного порога и думать более шире родимой околицы.,0,Morphology,"cleanlab, datamaps",2
"Поскольку это наша собственная торговая платформа, нашим трейдерам не нужно арендовать у сторонних поставщиков.",0,Syntax,"cleanlab, datamaps",2
У него на лице есть улыбка.,0,Semantics,"cleanlab, datamaps, ds2",3
Ты сейчас же взял и вылил воду!,0,Semantics,"cleanlab, datamaps, ds2",3
"В группу студентов, направленных на полевую практику, входят сорок один человек.",0,Syntax,"cleanlab, ds2",2
"Поэтому она обратилась к государству, своих сил на это у РПЦ нет.",0,Syntax,"cleanlab, datamaps",2
В Екатеринбурге построили первый в России шоколадовый комбинат.,0,Morphology,"cleanlab, datamaps",2
Какой-нибудь человек всегда должен об этом помнить.,0,Semantics,"cleanlab, datamaps, ds2",3
Чего ты поел и попил лимонада?,0,Syntax,"cleanlab, datamaps",2
Присутствие кошек в древней китайской деревне доказывает о давнем взаимовыгодном сожительстве этих животных с людьми.,0,Syntax,"cleanlab, datamaps",2
Я понял его как военного.,0,Semantics,"cleanlab, datamaps",2
"Нам, к всеобщей радости, оплатили сверхурочную работу и отпустят отдыхать.",0,Syntax,"cleanlab, datamaps",2
У меня написался диплом.,0,Semantics,"datamaps, ds2",2
Пуля попала в стену возле самого кресла.,0,Semantics,"cleanlab, datamaps",2
"Он выписывает только как художественные, так и математические журналы.",0,Syntax,"cleanlab, ds2",2
У тебя в голове есть каша.,0,Syntax,"cleanlab, datamaps",2
"Я своими полуслепыми глазами и то вижу, что рубашка неглаженая.",1,0,"cleanlab, datamaps",2
Почему не пригласили Маши?,0,Syntax,"cleanlab, datamaps",2
Разве может ведьма сразу у всех коров молоко застоить?,0,Semantics,"cleanlab, datamaps",2
Он живет в небольшом городке у Волги.,0,Semantics,"cleanlab, datamaps, ds2",3
"Довольно большой здание было украшено какими-то башенками и балкончиками, которые искусно вписывались в общий ансамбль.",0,Syntax,"cleanlab, datamaps",2
"Когда ты не знаешь, как играть?",0,Syntax,"cleanlab, datamaps",2
"Онъ стреляет изъ лука, по обычаю древнего учёба.",0,Hallucination,"cleanlab, datamaps",2
Очень рады будем видеть вас у нас этой субботой.,0,Semantics,"cleanlab, datamaps, ds2",3
"Петя сказал «уходи», но это неправда.",0,Semantics,"cleanlab, datamaps, ds2",3
У него был талант рассказчика.,1,0,"cleanlab, ds2",2
Отца никогда не было на море.,0,Semantics,"datamaps, ds2",2
Он разыскал рядом ручей.,0,Semantics,"cleanlab, datamaps",2
"Хорош, если ты станешь кандидатом наук.",0,Syntax,"cleanlab, datamaps",2
"Он был внимательнее, чем никогда прежде.",0,Semantics,"cleanlab, datamaps, ds2",3
"Они живут в очень тяжелых материальных условиях, и ты должен помогать любому из них.",0,Semantics,"cleanlab, datamaps",2
"Сейчас берешь-ка животное, и мы отправляемся в зоопарк.",0,Semantics,"cleanlab, datamaps, ds2",3
Но эти демонстранты просто живут у него и их тревога вполне понятна.,0,Syntax,"cleanlab, datamaps",2
"Занятий, я рад, не будет.",0,Semantics,"cleanlab, datamaps, ds2",3
Войну и мир писал Толстой.,0,Semantics,"cleanlab, datamaps, ds2",3
"Раньше она была в каком-то раздраженном состоянии, а потом успокоилась.",0,Semantics,"cleanlab, datamaps, ds2",3
"Было в ней и скромность, и изящество, и достоинство.",0,Syntax,"cleanlab, datamaps",2
Пригласите этого свидетеля принять у него присягу.,0,Syntax,"cleanlab, datamaps",2
"Я не могу ехать, у меня есть бабушка.",0,Semantics,"cleanlab, datamaps, ds2",3
Другие улики не остались.,0,Semantics,"datamaps, ds2",2
"С тех пор как он час назад ей позвонил, она была как на иголках.",0,Semantics,"cleanlab, datamaps",2
Он решил ту или иную сложную задачу.,0,Semantics,"cleanlab, ds2",2
Это был первый чемпионат мира в своей карьере.,0,Morphology,"cleanlab, datamaps",2
"Какие плюсы включают в себя поддержка двухпроцессорных компьютеров, адаптация к HDRI?.",0,Syntax,"cleanlab, datamaps",2
"Здесь мы узнали то, что хотели зазнать уже давно, ибо табак кенда говорит только новому духу.",0,Semantics,"cleanlab, datamaps",2
"По одной из версий, именно за умелое правление и заботу к доставшемуся наследству Иван Данилович получил прозвание Калита.",0,Syntax,"cleanlab, ds2",2
Этот стол был очень тяжелым.,1,0,"cleanlab, ds2",2
"В 2004 году его назвали объектом ЮНЕСКО и стал единственным частным резиденцией Латинского континента, получившим этот статус.",0,Syntax,"cleanlab, datamaps",2
Чиновник росчерком пера позволил им стать миллионерами.,1,0,"cleanlab, datamaps",2
Всплеск сносил здания с их фундаментов и демонтировал их.,0,Semantics,"cleanlab, datamaps",2
Новые наночастицы позволяют быстро и проще очистить среду от загрязняющих веществ.,0,Syntax,"cleanlab, datamaps",2
Он покупает несколько журналов.,0,Semantics,"cleanlab, datamaps, ds2",3
Близ кресла на небольшом коврике лежала кошка.,0,Semantics,"cleanlab, datamaps",2
"На ужин у нас огромный-огромный пирог с повидлой, сто котлет и мороженое.",0,Morphology,"cleanlab, datamaps",2
"Когда вода перевернулась в океан, пошла на круговорот.",0,Semantics,"cleanlab, datamaps",2
Всякий молоток найдется.,0,Syntax,"cleanlab, datamaps",2
"Кто писал ""Войну и мир""?",0,Semantics,"cleanlab, datamaps, ds2",3
"Однако для тех, кто с этим согласен, давайте перейдем к «большому вопросу» номер дваówhy мы здесь?",0,Hallucination,"cleanlab, datamaps",2
Чего они достигнули за столь долгий срок?,0,Morphology,"cleanlab, datamaps",2
"Кто рыжий, а Вася блондин?",0,Syntax,"cleanlab, datamaps, ds2",3
В отдалении сверкал огонек.,0,Semantics,"cleanlab, datamaps, ds2",3
"Как я надеюсь, ты собрался?",0,Semantics,"cleanlab, datamaps, ds2",3
"Дай им монетку, потому что боюсь забыть.",0,Semantics,"cleanlab, datamaps",2
"Не мешай, я вижу по телевизору ""Галатею"".",0,Semantics,"cleanlab, datamaps, ds2",3
Он сделал вид дурачка.,0,Semantics,"cleanlab, datamaps",2
Вы решили назвать своего нового ребенка?,0,Syntax,"cleanlab, datamaps",2
"Она попросила меня выяснить причины конфликта, сам не вмешиваясь в него.",0,Syntax,"cleanlab, datamaps",2
"Я сказал вам, когда наступит время.",0,Syntax,"cleanlab, datamaps, ds2",3
"Погода, ей кажется, плохая.",0,Semantics,"cleanlab, datamaps, ds2",3
"Когда мы ходим на работу, покупаем квартиру, пытаемся поспекулировать акциями или валютами, то все наши действия направлены на получение доходов.",0,Semantics,"cleanlab, ds2",2
"Ей подумалось, что так её отражение выглядит более красивее обычного – лицо стало круглее, не такое худое и хмурое.",0,Morphology,"cleanlab, datamaps",2
Я имел с ним беседу только ради Вас.,0,Semantics,"cleanlab, datamaps",2
После tete-a-tete совещания председателей было проведено расширенное заседание.,1,0,"cleanlab, ds2",2
"Невзирая на то, что шел дождь, светило солнце.",0,Semantics,"cleanlab, datamaps",2
"В прошлое воскресенье я уже два часа гуляю по улицам, и вдруг...",0,Semantics,"cleanlab, datamaps",2
"Слушай, что тебе мама говорю.",0,Syntax,"cleanlab, datamaps, ds2",3
Все начальники позапрещали этот спектакль.,0,Syntax,"cleanlab, datamaps",2
Odense - третий город Дании и главный город Фюнского острова.,0,Hallucination,"cleanlab, ds2",2
Том не пытается вас впечатлять.,0,Morphology,"cleanlab, datamaps, ds2",3
"Ты тогда замечал, что он странно себя ведет?",0,Semantics,"cleanlab, datamaps, ds2",3
Примерно в это же время он и переехал в Вене.,0,Syntax,"cleanlab, datamaps",2
Всю молодость она любила говорить по телефону.,0,Semantics,"cleanlab, datamaps",2
Не сохранили чего бы то ни было.,0,Semantics,"cleanlab, datamaps",2
"Соседи видели, как я белею у подъезда.",0,Semantics,"cleanlab, datamaps",2
"Меженин кончил почистить штык, вдруг перехватил мимолетно сощуренный взгляд сержанта на верхнем окне дома.",0,Semantics,"cleanlab, datamaps",2
Какой бы то ни было школьник не решит эту задачу.,0,Semantics,"cleanlab, datamaps",2
Тормозов не лязгало.,0,Semantics,"cleanlab, datamaps, ds2",3
Священный синод в прошлом такие решения не принял.,0,Syntax,"cleanlab, datamaps",2
"Заканчиваем перерыв, приступаем за работу!",0,Syntax,"cleanlab, ds2",2
Возьми из моего кармана пакет и выброси в окно.,0,Semantics,"cleanlab, datamaps",2
"Одним словом, мне невыразимо тяжело было иметь с ним всякие отношения.",0,Semantics,"cleanlab, datamaps",2
"Мне давали квартиру поблизости от химического завода, но я отказался.",0,Semantics,"cleanlab, datamaps",2
"У него были сухие, а раз так, сообразит разве, что у кого-то могут быть мокрые?",0,Semantics,"cleanlab, datamaps",2
"Олеся стояла в саду и любовалась цветами: флоксы, маргаритки, ирисы.",0,Syntax,"cleanlab, datamaps",2
Я не воспринимаю ненависти.,0,Semantics,"cleanlab, datamaps",2
"Я не сомневался, что операция, однако, увенчается успехом.",0,Semantics,"cleanlab, datamaps",2
Любой школьник решил эту задачу.,0,Semantics,"cleanlab, ds2",2
"Я хочу, чтобы они зашли, когда ты спрячешься.",1,0,"cleanlab, datamaps",2
"Группы J-Hip-Hop, такие как ORANGE RANGE и Кэцумэйси назвали лидеров фестиваля в 2018 году.",1,0,"cleanlab, datamaps",2
Он ест одну грушу.,0,Semantics,"cleanlab, datamaps, ds2",3
"Она стояла так вблизи, что я ощущала запах ее духов.",0,Semantics,"cleanlab, datamaps",2
Удачная переработка рукописи длилась несколько лет.,0,Semantics,"cleanlab, datamaps",2
Я получил к нему склонность.,0,Semantics,"cleanlab, datamaps, ds2",3
На мгновение у нее острое желание бросить их ему в лицо.,0,Semantics,"cleanlab, datamaps",2
Когда же выпадал этот снег?,0,Semantics,"cleanlab, datamaps, ds2",3
"Очень жаль, что ее муж он большой начальник.",0,Semantics,"cleanlab, datamaps",2
Просто поглощайте один из этих препаратов.,0,Semantics,"cleanlab, datamaps",2
"Увидев красный сигнал светофора, машина была остановлена водителем.",0,Syntax,"cleanlab, datamaps",2
"Он только что услышал исполнение первой и четвертой симфоний Бетховена, пришел на сцену и представил себя.",0,Syntax,"cleanlab, datamaps",2
"Тем не менее, он только предсказывает, что болен.",0,Semantics,"datamaps, ds2",2
"В том году она принесла мне письма, которые до сих пор никому не показывала.",0,Semantics,"cleanlab, datamaps",2
Глаза у нее сияли.,1,0,"datamaps, ds2",2
"Он чувствует, что дурак.",0,Semantics,"cleanlab, datamaps",2
Эти стены видели многое.,1,0,"cleanlab, ds2",2
Это произошло на этот раз.,0,Syntax,"cleanlab, datamaps, ds2",3
Этот замок имеет красивое положение.,0,Semantics,"cleanlab, datamaps, ds2",3
"Доктор, убеждая меня начать приём лекарств, говорил, что я совершенно уверен в успешности лечения и что сомневаться не стоит.",0,Syntax,"cleanlab, datamaps",2
В тот день он сидел дома ровно в шесть.,0,Semantics,"cleanlab, datamaps, ds2",3
Я останусь и смотрю на нее.,0,Syntax,"cleanlab, datamaps",2
Нет ли где поспать?,0,Semantics,"cleanlab, datamaps, ds2",3
"Я хочу, чтобы они зайдут, а ты спрятался .",0,Syntax,"cleanlab, datamaps",2
Однажды он был встречен ею принаряженной.,0,Syntax,"cleanlab, datamaps",2
Поезд следует из нее.,0,Syntax,"cleanlab, datamaps",2
Затем в 2007 году шахту приобрела компания Petra Diamonds и до сих пор находится в эксплуатации.,0,Syntax,"cleanlab, ds2",2
"В домах, площадях, парках было совсем темно, стояла глубокая ночь, от которой веяло чем-то загадочным и таинственным.",0,Syntax,"cleanlab, datamaps",2
"Досхи считается один из меотских племен, живших в первом тысячелетии до Н. Э. на восточном и юго-восточном побережье Азовского моря.",0,Syntax,"cleanlab, datamaps",2
Она с любопытством поглядывала на меня вблизи.,0,Semantics,"cleanlab, datamaps, ds2",3
"Пистолет лежит на шкафе, возьми его и сразу беги из дому.",0,Morphology,"cleanlab, datamaps",2
"Ученые сообщили, что 6 июня 1998 года с рекордом в повышении максимума.",1,0,"cleanlab, datamaps",2
Мне еще решить задачу.,0,Syntax,"cleanlab, datamaps, ds2",3
"Точно что вы хотите, чтобы я сделал?",0,Syntax,"cleanlab, datamaps, ds2",3
Это был 16-миллиметровый безопасный фильм.,0,Hallucination,"cleanlab, datamaps, ds2",3
"Netflix выпустил ""Антимайдановскую полицию"" вместе со снайперским оружием.",0,Hallucination,"cleanlab, datamaps",2
"Перед кем ты не знаешь, как выступать?",0,Syntax,"cleanlab, datamaps",2
"Тома, вероятно, будет бояться собаки Мэри.",0,Syntax,"cleanlab, datamaps, ds2",3
"Она глупая, а умная.",0,Syntax,"cleanlab, datamaps",2
Категорически запрещалось вступать с ними во все разговоры.,0,Semantics,"cleanlab, datamaps",2
"Он в таком восторге от всего, что связано с Францией, что хочет жениться на какой-нибудь француженке.",0,Semantics,"cleanlab, datamaps, ds2",3
Сейчас картина была вывезена в Америку.,0,Semantics,"cleanlab, datamaps, ds2",3
Маша считает этот суп достаточным.,0,Semantics,"cleanlab, datamaps, ds2",3
"В Париже я, может быть, встречу друга, которого буду знать со школы.",0,Semantics,"cleanlab, datamaps",2
"В этот момент он думает, что мы уехали.",0,Semantics,"cleanlab, datamaps",2
Делай эту работу к понедельнику!,0,Semantics,"cleanlab, datamaps",2
Коли где-то не было.,0,Semantics,"cleanlab, datamaps, ds2",3
Я взял пылинку со шляпы.,0,Semantics,"cleanlab, datamaps",2
"Мы – его ученики – шли на урок, чтобы послушать его, чтобы прикасаться к новому и неизведанному, чтобы поделиться тем, что нас волнует.",0,Syntax,"cleanlab, datamaps",2
Бабушка до сих по любит его без памяти.,1,0,"cleanlab, ds2",2
Он страшно был в отчаянии.,0,Semantics,"cleanlab, datamaps, ds2",3
"В шкафу стоят книги, на полках лежат не только газеты, но также и стеклянная посуда.",0,Syntax,"cleanlab, ds2",2
"Американская ""Богатейшая страна"" по версии журнала Econot признана самой успешной экономикой мира.",0,Hallucination,"cleanlab, datamaps",2
Кого Петя увидел и убежал!,0,Syntax,"cleanlab, datamaps",2
На чем они разговаривают?,0,Syntax,"cleanlab, datamaps, ds2",3
"Он существовал, и между прочим существовал он неплохо.",0,Semantics,"cleanlab, datamaps, ds2",3
"Значит, мы с тобой уславливались?",0,Semantics,"cleanlab, datamaps",2
"Полученное утром известие Раисой Павловной начало циркулировать по всем заводам с изумительной быстротой, поднимая на всех ступеньках заводской иерархии страшнейший переполох.",0,Syntax,"cleanlab, datamaps",2
"Но он ушёл, потому что Катя.",0,Syntax,"cleanlab, datamaps",2
Публика с возмущением приняла его выступление.,0,Semantics,"cleanlab, datamaps, ds2",3
"Иллирийские города капитулировали одна за другой, исключая такой крупный порт, как Аполлон.",0,Syntax,"cleanlab, datamaps",2
"Наверное, я казался себе смешным.",0,Semantics,"cleanlab, datamaps, ds2",3
Девушек на сцене не пело.,0,Semantics,"cleanlab, datamaps",2
Мне было приятно обращаться к кому-нибудь с такой просьбой.,0,Semantics,"cleanlab, datamaps, ds2",3
У командира был обычай сам принимать все доклады.,0,Syntax,"cleanlab, datamaps",2
Дерево над корнями было срублено.,0,Semantics,"cleanlab, datamaps, ds2",3
У него было много любых дел.,0,Semantics,"cleanlab, datamaps, ds2",3
В 6.30 пирог был испечен.,0,Semantics,"cleanlab, datamaps",2
Поезд следует ни из чего.,0,Syntax,"cleanlab, datamaps",2
"Он был квартирмейстером и казначеем в Костромском пехотном полку, дослужился до штабс-капитана и вышел капитаном в отставку с шестистами рублями ассигнациями пенсии.",0,Morphology,"cleanlab, datamaps",2
Только ты можешь дать мне горе.,0,Semantics,"cleanlab, datamaps",2
"Я видел желтое пятнышко, но не понял, что это оно.",0,Semantics,"cleanlab, datamaps, ds2",3
Он не жил там ни года.,0,Semantics,"cleanlab, datamaps",2
"Порази толпу ужасом, который бы отнял какую-либо способность к сопротивлению.",0,Semantics,"cleanlab, datamaps",2
Никто даже не обратил внимания на заваленную тумбочку вещами.,0,Syntax,"cleanlab, datamaps",2
Начальник заставлял его работать больному.,0,Syntax,"cleanlab, datamaps",2
Я взяла его за своего брата.,0,Semantics,"cleanlab, datamaps, ds2",3
"Гость вошел в калитку, находившуюся около входа в лавку, и попал в квадратный небольшой дворик.",0,Semantics,"cleanlab, datamaps",2
"За легкой стеной палатки, прямо возле моей головы, лежало гречишное поле.",0,Semantics,"cleanlab, datamaps",2
Вблизи стоял большой каменный дом.,0,Semantics,"cleanlab, datamaps",2
Я своими близорукими глазами и то увидел.,1,0,"cleanlab, datamaps",2
Приноси книги в аудиторию.,0,Semantics,"cleanlab, datamaps, ds2",3
Как мама потом нашла у дочки в шкафе этот свёрток с бельём и стала сама для неё вручную делать бельё маленьких размеров.,0,Morphology,"cleanlab, datamaps",2
Вдалеке стояли мы с Володей.,0,Semantics,"cleanlab, datamaps",2
У этих янителей есть нравственная воля делать добро другим людям.,0,Morphology,"cleanlab, datamaps",2
"Раньше я вымыла пол, а потом пошла гулять.",0,Semantics,"cleanlab, datamaps",2
Эти Львиные Головки обычно не держат гриву всю свою жизнь.,0,Semantics,"cleanlab, datamaps",2
"Врачи считают, что состояние больного настолько ухудшилось, что вполне вероятно, что в течение нескольких часов может наступить смерть.",0,Syntax,"cleanlab, datamaps",2
"Зато как никогда захотелось быть с Ангелиной, и это не из-за только упрямства, – поднялась в душе волна уверенности, что любит её.",0,Syntax,"cleanlab, datamaps",2
Мы дали металлу твердость.,0,Semantics,"cleanlab, datamaps, ds2",3
"Я не принимаю его за крупного ученого, хотя и знаю, что это так.",0,Semantics,"cleanlab, datamaps",2
У нас сейчас есть урок.,0,Semantics,"cleanlab, datamaps, ds2",3
Современная молодежь для физического самосовершенствования выбирают фитнес−центры по месту жительства.,0,Syntax,"cleanlab, datamaps",2
Кто топил эту машину?,0,Semantics,"cleanlab, datamaps",2
В первую зону парка можно увидеть гнездовье.,0,Syntax,"cleanlab, ds2",2
"Как ты думаешь, что он починил машину?",0,Syntax,"cleanlab, datamaps",2
У меня вставили зубы.,0,Semantics,"cleanlab, datamaps",2
Искусственные алмазы лучше поддаются ювелирной обработке из-за отсутствия природных примесей и прочной кристаллической структуры.,0,Syntax,"cleanlab, datamaps",2
Вчера в два часа магазин закрыт.,0,Semantics,"cleanlab, datamaps, ds2",3
А Матвей уже остался ― посуду мыл.,0,Semantics,"cleanlab, datamaps",2
В отдалении показался человек.,0,Semantics,"datamaps, ds2",2
"Едва Олеся, закончив все приготовления на кухне, входит в комнату, как тут же, схватив что-то нужное, выбежит в столовую.",0,Syntax,"cleanlab, datamaps",2
"А сапоги я вам блестящие принесу, ещё красивше ваших!",0,Morphology,"cleanlab, datamaps",2
"Принято считать, что Сочи стало курортом в 1909 году, когда открылся гостиничный комплекс «Кавказская Ривьера».",0,Syntax,"cleanlab, datamaps",2
"Тут пара чулков барышниных, да наволочка, да два полотенца.",0,Morphology,"cleanlab, datamaps, ds2",3
"Подозреваемый, продолжая отрицать свою вину, заявил, что ему не под чем соглашаться.",0,Syntax,"cleanlab, datamaps",2
"Что полиция арестует несколько демонстрантов, не вызывало сомнений.",0,Syntax,"cleanlab, ds2",2
Его слова не могли убедить кого-нибудь.,0,Semantics,"cleanlab, datamaps",2
Теперь рассмотрел его Шухов вблизи.,1,0,"cleanlab, datamaps",2
"Кого он отомстил врагу, убив?",0,Syntax,"cleanlab, datamaps",2
Он дал мне рану.,0,Semantics,"datamaps, ds2",2
"Война была тяжёлым испытанием для всего народа, но все верили и надеялись на победу.",0,Syntax,"cleanlab, datamaps",2
"Я опасаюсь, что он, может быть, забудет.",0,Semantics,"cleanlab, datamaps, ds2",3
После этого он утратил какой-либо интерес к происходящему.,0,Semantics,"cleanlab, datamaps",2
"Янтарный свет начал мерцнуть, да и тело шефа благополучно погасло.",0,Semantics,"cleanlab, datamaps",2
После этого она получила к нему доверие.,0,Semantics,"cleanlab, datamaps, ds2",3
"Aloysius был хорошим мужем и хорошим человеком, и если он пил слишком много, то только ирландцы в нем выходили.",0,Hallucination,"cleanlab, datamaps",2
"Занятий, мне жаль, не будет.",0,Semantics,"cleanlab, datamaps, ds2",3
Следствие о циклической группе тоже циклична.,0,Hallucination,"cleanlab, datamaps",2
Вани здесь ни разу не было.,0,Semantics,"cleanlab, datamaps, ds2",3
"Мотор гудит, винты крутятся, вода из крана льёт, а людей нет.",0,Semantics,"cleanlab, datamaps",2
Он говорил об упразднении каких-либо званий.,0,Semantics,"cleanlab, datamaps, ds2",3
"Как вы знаете, что я этого не сделал?",0,Semantics,"cleanlab, datamaps",2
Окончательная ребрендация MTV должна быть завершена к 2011 году.,0,Morphology,"cleanlab, datamaps",2
"Мы должны родить Мари до тех пор, пока она не будет в порядке.",0,Hallucination,"cleanlab, datamaps",2
"Как шумела, клокотала вода за тонкой стеной каюты, прямо возле моей головы.",0,Semantics,"cleanlab, datamaps",2
Такой мысли не возникает неожиданно.,0,Semantics,"cleanlab, datamaps",2
"Говорю тебе, что немедленно отправляйся домой.",0,Semantics,"cleanlab, datamaps",2
"А прочитая рассказ у Вас в 9-м номере, я хочу сходить к нему на могилу, положить цветы.",0,Morphology,"cleanlab, datamaps",2
Работать вчера мне было.,0,Syntax,"datamaps, ds2",2
Я дам тебе дочь.,0,Semantics,"cleanlab, datamaps",2
"Маршрут и маршрут ""Старухи"" на 7 Июня.",0,Hallucination,"cleanlab, ds2",2
"Вскакивая с рундука на рассвете, она сразу вспомнила, что в мире — радость.",1,0,"cleanlab, ds2",2
Однако вскоре его заменили и курировали только бюджетное отделение (диван Аль-Азима).,0,Hallucination,"cleanlab, datamaps",2
Попробоваем проследить биографию антиквариата как особой категории товаров.,0,Morphology,"cleanlab, datamaps",2
"Когда ты вошел, я не обедал.",0,Semantics,"cleanlab, datamaps",2
В это время мы сидели у стола и обедали.,0,Semantics,"cleanlab, datamaps, ds2",3
У него было много всяких дел.,1,0,"datamaps, ds2",2
"Режиссер Майкл Мур хочет сделать главную героиню фильма ""Он вам не Димон"" женщиной.",0,Semantics,"cleanlab, datamaps",2
Я имею деньги в кармане.,0,Semantics,"cleanlab, datamaps, ds2",3
Я принимаю землетрясение как способ зондирования земной коры.,0,Semantics,"cleanlab, datamaps",2
Всего мы прошли пешком около пятиста километров.,0,Morphology,"cleanlab, ds2",2
"Вот почему Бог не даст ей преподавать, не даст ей делать ничего в церкви, кроме оставаться на месте с замаскированным лицом.",0,Syntax,"cleanlab, datamaps",2
"Я не принимаю то, как они живут.",0,Semantics,"cleanlab, ds2",2
Управляющие вычислительные комплексы для промышленной автоматизации создадут собственные.,0,Syntax,"cleanlab, datamaps",2
"Ведь это вышло, что в Совет федерации не тех назначили.",0,Syntax,"cleanlab, datamaps",2
Удачное употребление дает глубокое значение народным изречениям.,0,Semantics,"cleanlab, datamaps",2
"Мне сообщили об этих планах, и они понравились.",0,Syntax,"cleanlab, datamaps, ds2",3
"Я пригласила ее, чтобы пригласить кого-нибудь.",1,0,"datamaps, ds2",2
"Ему так послышалось, чтобы потом жаловаться на нашу грубость.",0,Syntax,"cleanlab, datamaps",2
Я читал около трех страниц.,0,Semantics,"cleanlab, datamaps, ds2",3
"Я вижу здесь больших деревьев и слышу, как повсюду раздаются веселые голоса ребят и их задорный смех.",0,Syntax,"cleanlab, datamaps",2
"Это не так уж хорошо, как вчера, если только наоборот.",0,Hallucination,"cleanlab, datamaps",2
"Это приводит к иммуноизоляции и ангиогенезе, что делает рак более инвазивным.",0,Syntax,"cleanlab, datamaps",2
"Он все время что-то придумывает, чтобы на уроке интересно.",0,Semantics,"cleanlab, datamaps",2
"Запомни, мои друзья: Том здесь был до того, как вода потекла и деревья выросли.",0,Syntax,"cleanlab, datamaps, ds2",3
Иностранных туристов не остановилось.,0,Semantics,"cleanlab, ds2",2
"Говорю, что это я написал тебе записку, потому что хочу, чтобы ты знала.",0,Semantics,"cleanlab, datamaps, ds2",3
Чиновник росчерком пера позволил им стать миллионером.,0,Syntax,"cleanlab, datamaps",2
У памятника собирается около тысячи человек.,0,Semantics,"cleanlab, datamaps",2
В данный момент я разговаривал с директором.,0,Semantics,"cleanlab, datamaps, ds2",3
Я не люблю кого-либо.,0,Semantics,"cleanlab, datamaps",2
Я склонился к тому же мнению.,0,Semantics,"cleanlab, datamaps, ds2",3
Вася и Маша целовались друг с другом.,0,Semantics,"cleanlab, datamaps, ds2",3
"Нужно бороться против кого-то, кто сеет зло.",0,Semantics,"cleanlab, datamaps",2
"Провалитесь они, эти книги!",0,Semantics,"cleanlab, datamaps",2
"Я подумала, что вам не будет хватать меня.",0,Syntax,"cleanlab, datamaps",2
В натюрморте И. И. Машкова «Снедь московская» изображены возвышающиеся караваи на столе.,0,Syntax,"cleanlab, datamaps, ds2",3
"Если Иван, к сожалению, в отпуске, вам придется ждать до сентября.",0,Semantics,"cleanlab, datamaps",2
"Не должно быть подозрений, что судью привлекают только потому, что он высказал свое критическое отношение к каким бы то ни было действиям самой государственной власти.",0,Semantics,"cleanlab, datamaps",2
"Это то впечатление, которое вы хотите чтобы мы вынесли которое отсюда?",1,0,"cleanlab, datamaps",2
"Если ты требуешь, то любой из нас ей поможет.",0,Semantics,"cleanlab, datamaps, ds2",3
Сейчас как раз есть одно из занятий по английскому языку.,0,Semantics,"cleanlab, datamaps",2
"Я почувствовал, что он несомненно устал.",0,Semantics,"datamaps, ds2",2
Ценность сведений установилась на основе предпочтений.,0,Semantics,"cleanlab, datamaps, ds2",3
"По-видимому, прибытие корабля стоит ожидать ближе к сегодняшнему вечеру.",0,Syntax,"cleanlab, datamaps, ds2",3
Я не просил его никого слушать.,0,Semantics,"cleanlab, datamaps, ds2",3
У него было неизъяснимое блаженство.,0,Semantics,"cleanlab, datamaps",2
"Гражданка, я за вами, а пока пойду к себе в проходе не болтаться.",0,Syntax,"cleanlab, datamaps",2
Я был несколько раз в ихней квартире.,0,Morphology,"cleanlab, datamaps, ds2",3
Близ него стояла молодая женщина в черном платье.,0,Semantics,"cleanlab, datamaps",2
Павел Алексеевич уже перестал ждать всякого ответа.,0,Semantics,"cleanlab, datamaps",2
Вчера я была у мамы и получила от нее эту книгу.,0,Semantics,"datamaps, ds2",2
"К счастью, выздоровление не должно быть сложным: как правило, пациенты быстро приходят в себя после таких операций.",0,Syntax,"cleanlab, datamaps",2
"Эти варианты поведения не одобряются обществом, предпочитавшим принцип равной безопасности.",0,Syntax,"cleanlab, datamaps",2
"Никогда не знавшая семейного уюта Алена пригрелась рядом с Ниной Карповной, как бездомный котенок.",0,Semantics,"cleanlab, datamaps",2
Она стояла у брата.,0,Semantics,"cleanlab, datamaps",2
"Кафка уверена в том, что он был знаком с мужской семьей раньше.",0,Syntax,"cleanlab, datamaps",2
Ночь была дождливая и темна.,0,Syntax,"cleanlab, datamaps",2
Иван не понимает мое желание идти на вечер один.,0,Syntax,"cleanlab, datamaps, ds2",3
Весь день я простоял возле станка.,0,Semantics,"cleanlab, datamaps, ds2",3
"Мне было неприятно помогать кому-нибудъ из них, но я все-таки помогал.",0,Semantics,"datamaps, ds2",2
У него не было причин ничего менять.,0,Semantics,"cleanlab, datamaps, ds2",3
Память ему как мученика придет в день смерти 19 июля.,0,Syntax,"cleanlab, datamaps",2
Сразу по приезду в Коломну боярин Всеволожский был схвачен и закован в железо.,0,Syntax,"cleanlab, datamaps",2
Ребята накупили хорошую книгу.,0,Syntax,"cleanlab, datamaps, ds2",3
Под впечатлением от симфонии я захотел больше узнать о создателе.,0,Syntax,"cleanlab, datamaps",2
Это влияет на любые инициативы сдвига во всякую сторону.,0,Semantics,"datamaps, ds2",2
"Мать взглянула на женщину, она была Самойлова.",0,Semantics,"cleanlab, datamaps",2
Я похож с братом.,0,Syntax,"datamaps, ds2",2
"Катя могла сказать и так, и какую-нибудь глупость.",0,Syntax,"cleanlab, datamaps",2
"Оказалось, шуршание фольги, постукивание ложкой омиску и даже звон бокалов провоцирует припадки у кошек.",0,Syntax,"cleanlab, datamaps",2
"Эту иконку надо было класть отцу под подушку, и тогда он быстро выздоровит.",0,Morphology,"cleanlab, datamaps",2
Он сидел близко от меня и плакал.,0,Semantics,"cleanlab, datamaps, ds2",3
"И каждый раз, когда раздавался любой звук, старуха вздрагивала.",0,Semantics,"cleanlab, datamaps",2
У него только одни способности.,0,Semantics,"cleanlab, datamaps, ds2",3
"Конечно, против такой системы ценностей решительно ополчились совдеповские образованцы, отвергавшие какие-либо традиции, а тем более столь возвышенные.",0,Semantics,"cleanlab, datamaps",2
Его еще не прочитало этой статьи.,0,Syntax,"cleanlab, ds2",2
"Ты, наконец, передавал ему мою книгу?",0,Semantics,"cleanlab, datamaps",2
С каким напряжением она была свидетелем этой сцены.,0,Semantics,"cleanlab, datamaps",2
Мой паспорт не был в сумке.,0,Semantics,"cleanlab, datamaps, ds2",3
Лена просит мужа позволить ей ездить туда одна.,0,Syntax,"cleanlab, datamaps, ds2",3
Он сейчас трижды целует ее.,0,Semantics,"cleanlab, datamaps",2
Никто был не твоим должником.,0,Syntax,"cleanlab, datamaps",2
"Если охранник не экспортируется, то контроль не может его назвать.",0,Hallucination,"cleanlab, datamaps",2
Денег не было прислано.,1,0,"cleanlab, ds2",2
"Да у него гранаты системы, ― сказал он как можно непринужденней и, взобравшись на коня, поскакал прочь.",0,Syntax,"cleanlab, datamaps",2
В поселке не есть врач.,0,Syntax,"cleanlab, datamaps",2
"И Иван, я поступил в институт, очень обрадовался.",0,Syntax,"cleanlab, datamaps, ds2",3
"Я видел, что он, кажется, был расстроен.",0,Semantics,"cleanlab, datamaps, ds2",3
"Если ты все-таки решишь любую из этих задач, то поедешь на конференцию.",0,Semantics,"cleanlab, datamaps",2
"Они, если вы захотите, то вам все покажут.",0,Syntax,"datamaps, ds2",2
"Напротив, нихилистическим ядром этой политической экономики является воля и относительная свобода пересекать границы добра или допустимого, включая мораль и положительный закон.",0,Morphology,"cleanlab, datamaps",2
Римский папа Иоанн Павел I занимал пост главы католической церкви всего 33 дня и умирает от инфаркта.,0,Syntax,"cleanlab, datamaps",2
Ее рука доверчиво на его плече.,0,Semantics,"datamaps, ds2",2
Попробуй заметить вон ту звездочку над самой горой.,0,Semantics,"cleanlab, datamaps",2
Международная комиссия МОК может отменить решение о признании Байкала регионом РФ.,0,Hallucination,"cleanlab, datamaps",2
Имеется в виду экспериментальная комната лаборатории психологии младшего школьника 138-й школы.,0,Syntax,"cleanlab, datamaps",2
Он взял на себя бег.,0,Semantics,"cleanlab, datamaps",2
"Лицо ― длиньше, чем надо, а тело ― короче.",0,Morphology,"cleanlab, datamaps",2
Сегодня отца еще не было дома.,0,Semantics,"cleanlab, datamaps, ds2",3
Это обнажило мне суть явления.,0,Semantics,"cleanlab, datamaps, ds2",3
"Я не хочу, чтобы так.",0,Syntax,"cleanlab, datamaps",2
Задавал ли он тебе всякие каверзные вопросы?,0,Semantics,"cleanlab, datamaps, ds2",3
Он посещает полдюжины тюрем.,0,Semantics,"cleanlab, datamaps",2
Он дал очень какой-то ответ.,0,Semantics,"datamaps, ds2",2
"Как будто у неё начинался дикий ларингит и катар, она кашляла, скрипела, шамкала.",0,Syntax,"cleanlab, datamaps",2
По состоянию на 1 января 2006 года население было 7 497 человек.,1,0,"cleanlab, ds2",2
"В начале марта, несмотря на весну, намело столько снегу, что на расчистку дорог была направлена рота солдатов.",0,Morphology,"cleanlab, datamaps",2
"Счастье — слишком сложный психический феномен, которого не стоит сводить к какому-то одному условию, будь то ощущение стабильности, карьерные успехи или любовь.",0,Syntax,"cleanlab, datamaps",2
"Решая всякую частную задачу, надо думать о языке в целом.",0,Semantics,"cleanlab, datamaps",2
"Что ж, тетка, даром жгёшь солому, варева не ставишь?",0,Morphology,"cleanlab, datamaps",2
"В России в ближайшем будущем возникнут как минимум два государственных банка, один из которых будет создан по инициативе правительства Москвы и будет финансируется из бюджета города.",0,Morphology,"cleanlab, datamaps",2
"Современный ребёнок — независимая личность, в раннем возрасте способный самостоятельно принимать решения.",0,Syntax,"cleanlab, datamaps",2
Магазин закрыт час назад.,0,Semantics,"cleanlab, datamaps, ds2",3
"Мужчина не помнил ничего, что с ним происходило вчера, и уточнио у меня про то, в чем мы разговаривали.",0,Syntax,"cleanlab, datamaps",2
Вчера я имела собрание.,0,Semantics,"cleanlab, datamaps, ds2",3
"Я принес копии, чтобы мне не рисковать подлинниками.",0,Syntax,"cleanlab, datamaps",2
Она живет в маленьком городе близ Курска.,0,Semantics,"cleanlab, ds2",2
"Личная жизнь Шульженко тоже складывалась непросто, она рассказывала, что официально замужем была только один раз.",0,Syntax,"cleanlab, datamaps",2
"Собака уже несколько часов стояла рядом с облупившейся, грязной стеной, ожидая своего хозяина.",0,Semantics,"cleanlab, datamaps",2
Церковь Спаса на Нередице разрушена во время Второй мировой войны.,0,Semantics,"cleanlab, datamaps",2
"Мне стало холодно, и побежал в дом.",0,Syntax,"cleanlab, datamaps",2
"Я предложил ему место в своей машине, и он принял его.",0,Semantics,"cleanlab, datamaps, ds2",3
Стив Кокс снова в группе по биатлону сменил командный тренер.,0,Syntax,"datamaps, ds2",2
Заказ будет аннулирован по истечению срока хранения.,0,Syntax,"cleanlab, datamaps",2
"Максим Горький писал, что: «Надо говорить по-русски, а не по-вятски и не по-балахонски».",0,Syntax,"cleanlab, datamaps",2
Тебе надо как следует переотдохнуть.,0,Morphology,"cleanlab, datamaps",2
У кого-нибудь из моих малышей в кармане лежит горсть сладких вишней.,0,Morphology,"cleanlab, datamaps",2
"Тут он взглянул на дверь в кабинет Берлиоза, бывшую у передней, и тут, как говорится, остолбенел.",0,Semantics,"cleanlab, datamaps",2
"Он вспоминал прошлое, забывая править лодкой рулем.",0,Syntax,"cleanlab, datamaps",2
Новый сотрудник не принят.,0,Semantics,"cleanlab, datamaps",2
"Вместо того он пытался напасть на Цзин, но не успел, но мир заключать все равно не стала.",0,Syntax,"cleanlab, datamaps",2
"Он назначил отъезд на время 20 августа, и в назначенный час императорский поезд тронулся к границе.",0,Semantics,"cleanlab, datamaps",2
Он отрицает существование всяких планов на этот счет.,0,Semantics,"cleanlab, datamaps",2
"Отдавая паспорт, я рискнул бы нарваться на ваше сопротивление.",0,Semantics,"cleanlab, datamaps",2
"Нельзя предать кого-нибудь, кто столько для тебя сделал.",0,Semantics,"cleanlab, datamaps",2
"У бассейнов метались негры в алых повязках, серебряными черпаками наполняя из бассейна плоские чаши.",0,Semantics,"datamaps, ds2",2
Она приняла твердую точку зрения.,0,Semantics,"cleanlab, datamaps, ds2",3
"Они лгут, они обманывают, они расстраиваются, и они действительно производят ложные структуры.",0,Semantics,"cleanlab, datamaps",2
"Я не могу бежать, у меня есть чемодан.",0,Semantics,"cleanlab, datamaps, ds2",3
Унас был важный разговор с пяти до семи.,1,0,"cleanlab, datamaps",2
Он поел мяса сырым.,0,Syntax,"cleanlab, datamaps, ds2",3
"Сколько денег ты не знаешь, как заработать?",0,Syntax,"cleanlab, datamaps",2
В ходе заседания парламента Пятой республики он был председателем консультативного комитета.,0,Semantics,"cleanlab, datamaps",2
Хлеб дает нам припек.,0,Semantics,"cleanlab, datamaps",2
Вчера я взяла в ГУМе шляпу.,0,Semantics,"cleanlab, datamaps",2
"Съедена последняя пачка макаронов, а ты провалил вступительные экзамены в вуз и надежды на стипендию разбились.",0,Morphology,"cleanlab, datamaps",2
В этот момент он начал речь приветствием.,0,Semantics,"cleanlab, datamaps",2
Вы один показались мне веселым.,1,0,"cleanlab, datamaps",2
"И на всех проходящих мимо напал такой страх, и все, кто был близ меня пустились бежать.",0,Semantics,"cleanlab, datamaps",2
"Нельзя не обратиться ни к кому, когда чувствуешь себя таким не счастным.",0,Semantics,"cleanlab, datamaps",2
Она накупила кучу эту тряпку.,0,Syntax,"cleanlab, datamaps",2
"Давно после того, как я не мог услышать его крики, они отзвучали в моих ушах.",0,Semantics,"cleanlab, datamaps",2
"Она стояла так рядом, что я ощущала запах ее духов.",0,Semantics,"cleanlab, datamaps",2
Они встречались несколько минут.,0,Semantics,"cleanlab, datamaps, ds2",3
Я принял его в группу Матвеева.,0,Semantics,"cleanlab, datamaps, ds2",3
"В холодные зимние вечера он часто звал меня в гостиную, чтобы разговаривать в ней у камина.",0,Syntax,"cleanlab, datamaps",2
Он может зайти завтра.,1,0,"cleanlab, ds2",2
Некоторые источники надежды: мы должны попытаться переморализовать работу.,0,Hallucination,"cleanlab, datamaps",2
Вдруг он видит рядом съежившуюся фигурку и вздрагивает от неожи данности.,1,0,"cleanlab, ds2",2
"Она грела руки вблизи батареи, поблизости от батареи, близко от батареи.",0,Semantics,"cleanlab, datamaps",2
Он дал ему упрек.,0,Semantics,"cleanlab, datamaps",2
"Он не побил Вани кулаками, но, увернувшись от его ударов, швырнул противника наземь через бедро.",0,Semantics,"cleanlab, datamaps",2
"Когда ты позвонил, я открывал окно.",0,Semantics,"cleanlab, datamaps, ds2",3
Она села отдохнуть у красивой поляны.,0,Semantics,"cleanlab, datamaps",2
Генерала не выдали испанскому прокурору предать суду за совершенные преступления.,0,Syntax,"cleanlab, datamaps",2
"Села розовая птица на песчаный берег и так неторопливо сложила свои волнистые крылья, что как будто кружевной подол платья подобрала.",0,Syntax,"cleanlab, datamaps",2
"Вдобавок, в коридоре было холодно, и мальчик совсем озябнул.",0,Morphology,"cleanlab, datamaps",2
Последующие события подтвердили мне его правоту.,0,Semantics,"cleanlab, datamaps, ds2",3
Творога не горчило.,0,Semantics,"cleanlab, datamaps",2
Этот сильно был очень тяжелым.,0,Syntax,"datamaps, ds2",2
В эту минуту отчет был проверен.,0,Semantics,"cleanlab, datamaps",2
"Он давно пришел, а потом ушел.",0,Semantics,"cleanlab, datamaps, ds2",3
"И стало тепло, взошло солнце.",0,Syntax,"cleanlab, datamaps",2
"Я уверен, что он наверное прав.",0,Semantics,"cleanlab, datamaps, ds2",3
Один случай внезапно подтверждает мои догадки.,0,Semantics,"cleanlab, datamaps, ds2",3
Рядом с местом стула лежал коврик.,0,Semantics,"cleanlab, datamaps, ds2",3
"Вообще-то он в комнате, но сейчас он вышел.",0,Semantics,"cleanlab, datamaps, ds2",3
"Райан только пришел в лабораторию, но имел неприятные отношения с другими.",0,Semantics,"cleanlab, datamaps",2
Перемен в технической политике фирмы не началось.,0,Semantics,"cleanlab, datamaps",2
Весь год нуждался в отдыхе.,0,Semantics,"cleanlab, datamaps",2
При нагревании вода дает пар.,0,Semantics,"cleanlab, datamaps",2
"В чешские газеты было отправлено письмо, содержащее информацию о предполагаемом будущем убийстве президента Гавеля четырьмя или пятью членами и их местонахождении.",0,Syntax,"cleanlab, datamaps",2
"Иван прилег, чтобы отдохнул.",0,Syntax,"datamaps, ds2",2
"Он направил кулак в эту сторону, а надо ту.",0,Syntax,"cleanlab, datamaps",2
Много детей наплавало в бассейне.,0,Syntax,"datamaps, ds2",2
В этой реке есть много рыбы.,0,Semantics,"cleanlab, datamaps, ds2",3
"Если процент по кредитованию не будет централизованно снижаться, об этом говорит Алексей Корнеев.",0,Syntax,"cleanlab, datamaps",2
"Важно следить и анализировать процессы, происходящие в современном языке.",0,Syntax,"cleanlab, datamaps",2
Она смотрит на него и становится бледной.,0,Semantics,"cleanlab, datamaps, ds2",3
"Следите за своим ртом, или вы его получите.",0,Hallucination,"cleanlab, datamaps",2
"Он чувствует, что ему, кажется, придется уезжать.",0,Semantics,"cleanlab, datamaps, ds2",3
Солдаты грелись вблизи костров.,0,Semantics,"cleanlab, datamaps, ds2",3
Мое тело белело в темноте.,0,Semantics,"cleanlab, datamaps",2
Я долго питаю к ней нежные чувства.,0,Semantics,"cleanlab, datamaps",2
"У меня была возможность все видеть, сам оставаясь незамеченным.",0,Syntax,"cleanlab, datamaps",2
Я изловчился схватить пса за ошейник.,0,Syntax,"cleanlab, datamaps",2
"Слишком поздно выясняется, что он здесь.",0,Semantics,"cleanlab, datamaps",2
Именно так и началась его гибель.,0,Semantics,"cleanlab, datamaps",2
"Мне сказали, что он женат на одной полячке.",0,Semantics,"cleanlab, datamaps",2
"Она стояла так близко, что я ощущала запах ее духов.",1,0,"cleanlab, datamaps",2
Левой рукой он судорожно хрустел бумажками.,0,Semantics,"cleanlab, datamaps",2
"Люди, и без того жившие на грани нищеты, оказались лишены всяких средств к существованию.",0,Semantics,"cleanlab, datamaps",2
"Когда ты позвонил, я не читал твоей статьи.",0,Syntax,"cleanlab, datamaps, ds2",3
"Первый огонек блеснул вдали, на противоположной горе, в одиноком домике.",0,Semantics,"cleanlab, datamaps",2
"Все, что Том делает, это смотреть телевизор.",0,Syntax,"cleanlab, datamaps, ds2",3
Только ты можешь дать мне ненависть.,0,Semantics,"cleanlab, datamaps",2
"Затем закройте слова правого столбца и постарайтесь вспомнить их, читая слова левого столбца с заглавной буквы.",0,Syntax,"cleanlab, datamaps",2
Иван дал обещание самому встретиться с нами.,0,Syntax,"cleanlab, datamaps, ds2",3
"Возьми с меня шляпу, она мне мешает.",0,Semantics,"cleanlab, datamaps, ds2",3
"Маша увидела Тявку собаку и сказала ей: - У меня кровать неудобна, подушка душа, одеяло кусается, я не могу уснуть!",0,Syntax,"cleanlab, datamaps",2
"Посмотрите, меня действительно не интересует.",0,Syntax,"cleanlab, datamaps",2
Сынок ест целыми тарелками.,0,Syntax,"cleanlab, datamaps",2
"Министр пригласил журналистку, взять у него интервью.",1,0,"cleanlab, datamaps, ds2",3
"В письме говорилось, что в город едет ревизор, которым управляет Сквозник-Дмухановский.",0,Syntax,"cleanlab, datamaps",2
Покеру он принял свое решение посвятить все свое время.,0,Syntax,"cleanlab, datamaps",2
"Его самый верный товарищ обманул Иванова, предал, что донес.",0,Syntax,"cleanlab, datamaps",2
Ты когда-нибудь ехал в Коломенское?,0,Semantics,"cleanlab, datamaps",2
Ты когда-нибудь плыл на байдарке?,0,Semantics,"cleanlab, datamaps, ds2",3
"Как по ту сторону возникло простое ясное лицо встречающего, едва отец Мухина по-хозяйски постучал в неё кулаком.",0,Syntax,"cleanlab, datamaps",2
"Министр пригласил журналистку, дать ей интервью.",0,Syntax,"datamaps, ds2",2
"Я хочу, чтобы в комнате был виден беспорядок, все стоит вверх дном.",0,Syntax,"cleanlab, datamaps",2
Из этого материала мы получим красивые платья.,0,Semantics,"cleanlab, datamaps, ds2",3
"Он сказал, что идет дождь и что поэтому мы останемся дома.",1,0,"cleanlab, ds2",2
"В обучении в школе есть свои плюсы, да даже возраст, когда мы там учимся, наибольше беззаботный.",0,Morphology,"datamaps, ds2",2
"Она с грустью сказала, что у нее еще нет модных сапогов на предстоящую осень.",0,Morphology,"cleanlab, datamaps",2
Она неправильно принимает искусство.,0,Semantics,"cleanlab, datamaps",2
Поселок расположен вдалеке от реки.,0,Semantics,"cleanlab, datamaps, ds2",3
Вблизи от горы стояла сакля.,0,Semantics,"cleanlab, datamaps",2
Мы пойдем ни до чего.,0,Syntax,"cleanlab, datamaps",2
"Иван прилег, чтобы он отдохнул.",0,Syntax,"cleanlab, ds2",2
Я вот стоял на площадке.,0,Semantics,"cleanlab, datamaps",2
"Она долго бежала вдоль забора, а потом повернула налево.",1,0,"datamaps, ds2",2
Он наконец-то получил какие-то деньги за свою работу и пошел покупать сахар ими.,0,Syntax,"cleanlab, datamaps",2
Он плотно захлопнул дверь.,0,Semantics,"cleanlab, datamaps, ds2",3
"Воображаю, как она удивилась.",1,0,"cleanlab, ds2",2
Аварии не имело места.,0,Semantics,"cleanlab, ds2",2
"Он поднял свой рюкзак рукой, взял фонарик и стал искать инструмент.",0,Semantics,"cleanlab, datamaps",2
"Девочки, давай зайдем в магазин!",0,Syntax,"cleanlab, datamaps, ds2",3
К ска все привыкли к одинаковому отношению.,0,Hallucination,"cleanlab, datamaps",2
Всю молодость она была красива.,0,Semantics,"cleanlab, datamaps, ds2",3
Я взял ручку двери.,0,Semantics,"cleanlab, datamaps, ds2",3
В это время мы сидели за столом и обедали.,1,0,"datamaps, ds2",2
Каждый день он приносил какую-нибудь землянику.,0,Semantics,"cleanlab, datamaps",2
"Даже если младенец крепко спит за два часа, обычно случаются кратковременные пробуждения.",0,Semantics,"cleanlab, datamaps, ds2",3
На Марсе есть какие-либо (какие бы то ни было) разумные обитатели.,0,Semantics,"cleanlab, datamaps",2
"Два свитера и пара джинс, севших после стирки: пока живот не подберешь, не влезешь.",0,Morphology,"cleanlab, datamaps",2
Она медленно становится бледной.,0,Semantics,"cleanlab, datamaps, ds2",3
"Это плохой уровень организации работы, который не позволяет войти на мировые рынки.",0,Semantics,"cleanlab, datamaps",2
В данный момент он ест два яйца.,0,Semantics,"cleanlab, datamaps",2
Должен ли мы позвонить ей?,0,Syntax,"cleanlab, ds2",2
Я принимаю белье в прачечную.,0,Semantics,"cleanlab, datamaps",2
Нет ли куда пойти?,0,Semantics,"cleanlab, datamaps",2
Отца не было на море.,1,0,"cleanlab, ds2",2
"А прочитав рассказ у Вас в 9-м номере, я хочу сходить к нему на могилу, положить цветы.",1,0,"cleanlab, datamaps",2
"Скажи, казак, ты волей аль неволей противу нас, царя, заворовал?",0,Semantics,"cleanlab, datamaps",2
"Светай тогда быстрее, мы бы могли выйти раньше.",0,Syntax,"cleanlab, datamaps",2
Том удалил свой фальшивый медведь.,0,Hallucination,"cleanlab, datamaps",2
У нас завтра будет что-то.,0,Syntax,"cleanlab, datamaps, ds2",3
Он промахнулся в окно бутылкой.,0,Syntax,"cleanlab, datamaps, ds2",3
Мысли отказываются остановиться на всяком предмете.,0,Semantics,"cleanlab, datamaps",2
"Если все инженеры могут выполнить эту работу, то зачем приглашать какого-то знаменитого специалиста.",0,Semantics,"cleanlab, datamaps",2
В последнее время он спал.,0,Semantics,"cleanlab, datamaps, ds2",3
Тяжелые мне минуты сомнения.,0,Semantics,"cleanlab, datamaps, ds2",3
Возьми какую-нибудь из этих тетрадей.,0,Semantics,"datamaps, ds2",2
Ты не должен ей помочь.,0,Semantics,"cleanlab, datamaps, ds2",3
На первом этаже громко работал телевизор: продолжается неудачное ограбление банка.,0,Semantics,"cleanlab, datamaps",2
"Я начал читать и зачитался так, что, к огорчению взрослых, почти не обращаю внимания на нарядную ёлку.",0,Syntax,"datamaps, ds2",2
Груша – довольно высокое дерева (некоторые сорта достигают в высоту до 20 метров).,0,Syntax,"cleanlab, datamaps",2
"Он молча посмотрел на нее, как будто что-нибудь взвешивая.",0,Semantics,"cleanlab, datamaps",2
Моя дочь тщательно не оделась.,0,Semantics,"cleanlab, datamaps",2
Он раздражен по любому поводу.,0,Semantics,"cleanlab, datamaps, ds2",3
Афанасьевна и Софья стояли невдалеке и слушали.,0,Semantics,"cleanlab, ds2",2
Где он дал согласие быть прописанному?,0,Syntax,"datamaps, ds2",2
Вы пила лекарства?,0,Syntax,"cleanlab, datamaps, ds2",3
"Избирая меня депутатом, я сделаю для вас всё возможное.",0,Syntax,"cleanlab, datamaps",2
Я всю косметику со всяким ароматом убрала.,0,Semantics,"cleanlab, datamaps",2
Существует более одного решения для этого пузыря.,0,Hallucination,"cleanlab, datamaps, ds2",3
Она имела его врагов.,0,Semantics,"cleanlab, ds2",2
Мне дали эту работу на рецензию.,1,0,"cleanlab, ds2",2
Напоминание себе об опасности прозвучало вовремя.,0,Syntax,"cleanlab, datamaps",2
"Говоря, например, о картине Александра Иванова «Явление Христа народу», он восхищается ею прежде всего как народной картиной, начисто отвергая какие-либо мистико-религиозные ее толкования.",0,Semantics,"cleanlab, datamaps",2
"Олег Александрович хотел, чтобы я напомнила руководителю музыкального кружка, чтобы она уточнила репертуар ансамбля на ближайшее выступление.",0,Syntax,"cleanlab, datamaps",2
Отопление два дня было выключено.,0,Semantics,"cleanlab, datamaps",2
Пальцы у него нежно гладили переплет книги.,0,Semantics,"cleanlab, datamaps",2
Ты ехал в город?,0,Semantics,"cleanlab, datamaps",2
Он дал мне удар.,0,Semantics,"cleanlab, datamaps, ds2",3
Дорогие он видел машины.,0,Syntax,"cleanlab, ds2",2
"Хайман не хочил насиловать себя, но вступился против приказа повелителя.",0,Morphology,"cleanlab, datamaps",2
"Присутствие иностранца в этом квартире, с переводчиком, пришло ему в полный сюрприз, и он потребовал объяснений.",0,Syntax,"cleanlab, datamaps",2
Он сломлен уже года три.,0,Semantics,"cleanlab, datamaps",2
Мама ругается с сыном за двойку.,0,Semantics,"cleanlab, datamaps",2
Он взял за поручень.,0,Semantics,"cleanlab, datamaps, ds2",3
"Писатель пригласил журналистку, чтобы взять у него интервью.",0,Syntax,"cleanlab, datamaps, ds2",3
"Министр пригласил журналистку, чтобы взять у него интервью.",0,Syntax,"cleanlab, datamaps, ds2",3
Ивана никогда не было в таком театре.,0,Semantics,"cleanlab, datamaps",2
"Платформа RSA enVision также построена для интеграции с сетевыми хранилищами EMC, предлагая клиентам cradle-to-grave подход для управления данными событий журнала соответствия безопасности.",0,Hallucination,"cleanlab, datamaps",2
"Осетровые рыбы, как я считаю, утратили свой былой вкус.",0,Semantics,"cleanlab, datamaps",2
Они грелись вблизи костров.,0,Semantics,"cleanlab, datamaps, ds2",3
В обмен на это Ольмерт получил грязную похвалу от этих новостных изданий в течение последней недели.,0,Syntax,"cleanlab, datamaps",2
"Ихние дети, Валентин и Ирка, всегда целовали маму Раю, если приходили в гости.",0,Morphology,"cleanlab, datamaps",2
"Вчера купили Вася книгу, а Коля компакт-диск.",1,0,"cleanlab, ds2",2
"Показывайте нам, пожалуйста, нашу комнату!",0,Semantics,"cleanlab, datamaps",2
"Скрою, он мне понравился.",0,Semantics,"cleanlab, datamaps, ds2",3
"Он прав, я понимают.",0,Semantics,"cleanlab, ds2",2
В США построен кинокинотеатр после первой мировой войны.,0,Syntax,"cleanlab, ds2",2
"Добравшись до места назначения, у нас было достаточно времени для приготовления ужина.",0,Syntax,"cleanlab, ds2",2
Пришлось кого-нибудь попросить помочь.,0,Semantics,"cleanlab, datamaps, ds2",3
"Уверен, что завтра что-нибудь не случится.",0,Semantics,"cleanlab, datamaps, ds2",3
"Эти 7 вопросов задает инспектор, чтобы подловить на ошибке всех водителей – как реагировать и что отвечать?",1,0,"cleanlab, ds2",2
"Возьми из сада мою кофту, я оставила ее в беседке.",0,Semantics,"cleanlab, datamaps",2
"Одна из учениц нашей Школы, московская школьница Светлана Архипова, установила рекорд скорости чтения ― 60 тыс. знаков в минуту зарегистрированный в российской Книге рекордов Гиннесса.",1,0,"cleanlab, ds2",2
"Когда в окнах заполыхал багровый закатный свет, то музыка оборвалась.",0,Syntax,"cleanlab, datamaps",2
"Он выдвинул планы по созданию военных баз на арктической границе, чтобы «гарантировать военную безопасность в различных военно-политических ситуациях».",0,Semantics,"cleanlab, datamaps",2
Не держал ли он в руках газеты?,0,Semantics,"cleanlab, datamaps",2
Они попели песни у костров.,1,0,"cleanlab, ds2",2
Во вторник крепость окружена противником.,0,Syntax,"cleanlab, datamaps",2
"Позднее был Генеральным секретарем Минфина до 23 июля 2001 г., когда был назначен министром молодежи и спорта.",0,Syntax,"cleanlab, datamaps",2
На дороге показался я.,0,Semantics,"cleanlab, datamaps, ds2",3
Лодку поцарапало своим якорем.,0,Syntax,"cleanlab, datamaps",2
"Скажи, а нельзя постараться, чтобы Сухой Рыбак не обидел Вани?",0,Semantics,"cleanlab, datamaps",2
Он отказывался от каких-либо предложений.,0,Semantics,"cleanlab, datamaps",2
Солдаты грелись поблизости от костров.,0,Semantics,"cleanlab, datamaps, ds2",3
В эту минуту роман был прочитан.,0,Semantics,"cleanlab, datamaps, ds2",3
Ты когда-нибудь находился в Казани?,0,Semantics,"cleanlab, datamaps",2
"Маша читает, и Саша читает книгу.",1,0,"cleanlab, ds2",2
"Кто написал ""Войну и мир""?",1,0,"datamaps, ds2",2
Пожарной команды не появилось.,0,Semantics,"cleanlab, datamaps, ds2",3
Ты должен взять любую из этих книг.,0,Semantics,"cleanlab, datamaps, ds2",3
Калязинской ПМК-500 требуются шофера для работы на автомашинах ГАЗ-52 и ЗИЛ-585 со сдельной оплатой.,0,Morphology,"cleanlab, datamaps",2
Ты находил свои ключи?,0,Semantics,"cleanlab, datamaps, ds2",3
Он получил недовольство собой.,0,Semantics,"cleanlab, datamaps",2
Я не обнаруживал признаков жизни.,0,Semantics,"cleanlab, datamaps",2
Он сейчас спит в течение некоторого времени.,0,Semantics,"cleanlab, datamaps, ds2",3
"Президент заявил, что у России достаточно сил для проведения профилактических забастовок.",0,Semantics,"cleanlab, datamaps",2
В результате этого он получил оспу.,0,Semantics,"cleanlab, datamaps, ds2",3
"Даня не любил учителей, которым был Иван.",0,Syntax,"cleanlab, datamaps",2
"Я протянул ему ложку, которую Сев выразил желание держать самому.",0,Syntax,"cleanlab, datamaps",2
Он существует в Киеве.,0,Semantics,"cleanlab, datamaps, ds2",3
"Ей снится, что будто бы она идет по снеговой поляне, а вокруг птицы чудные летают.",0,Syntax,"cleanlab, datamaps, ds2",3
У него есть место на «Лебединое озеро».,0,Semantics,"cleanlab, datamaps",2
"В ООН призвали не дать ответ на вопросы об антикоррупции, почему возник ""этотизм"".",0,Syntax,"cleanlab, datamaps",2
"Я наконец решился и задал ему вопрос: ""С кем ты виделся и беседовал в чем?""",0,Syntax,"datamaps, ds2",2
Они попели песни около костров.,1,0,"cleanlab, ds2",2
"Появится кто-нибудь совершенно новый, неведомый, порожденный нынешней ситуацией, ни на что ожидаемое не похожий.",0,Semantics,"cleanlab, datamaps",2
Возьми мне из ее чемодана полотенце.,0,Semantics,"cleanlab, datamaps, ds2",3
Он может с кем-нибудь общаться.,0,Semantics,"cleanlab, datamaps, ds2",3
"Он пробежал эту дистанцию за 10 секунд и, таким образом, взял преимущество над своими соперниками.",0,Semantics,"cleanlab, datamaps",2
Реорганизации не было проведено.,1,0,"cleanlab, datamaps",2
"Будьте вы повнимательней, ошибка была бы исправлена.",0,Syntax,"cleanlab, datamaps",2
Только ты можешь дать мне страдание.,0,Semantics,"cleanlab, datamaps",2
Он быстро не понял.,0,Semantics,"cleanlab, datamaps, ds2",3
Мне было легко верить кому-нибудь из них.,0,Semantics,"cleanlab, datamaps",2
"Он медленно, но несомненно умнеет.",1,0,"cleanlab, ds2",2
С 1929 года было надпечатано изображение моноплана вместо указанного слова.,0,Morphology,"cleanlab, datamaps",2
Том едет туда каждый день.,0,Semantics,"cleanlab, datamaps",2
Вчера мне нужно ехать на завод.,0,Semantics,"datamaps, ds2",2
Пелагея и Афанасьевна слушали поодаль.,0,Semantics,"cleanlab, datamaps",2
Я получила к нему отвращение.,0,Semantics,"datamaps, ds2",2
"Лишь только мы принесли пиво, как вы — рыбу.",1,0,"cleanlab, datamaps",2
"Пил чай то с вахтером, то сторожем.",0,Syntax,"cleanlab, datamaps",2
"По словам его жены, Ростоцкий целый день жалуется на сердце, однако машину повел сам.",0,Syntax,"cleanlab, datamaps",2
"Это действительно показывает вам, что мы не видели хорошего экономического прогресса и прогресса в области здравоохранения нигде в мире без разрушения климата.",0,Syntax,"cleanlab, datamaps",2
"Ляжьте, пожалуйста, на тахту.",0,Morphology,"cleanlab, datamaps",2
"Насупившийся, переполненный эмоциями Дашевский не был расположен выслушивать никакие оправдания.",0,Semantics,"cleanlab, datamaps",2
"Вы знаете, у него был эфферент, афера и хаптатическая реакция.",0,Hallucination,"cleanlab, datamaps, ds2",3
"Хотя он всегда с собой кого-то брал, на случай поломок или возможных недоразумений, но автомобилем он правил сам.",0,Semantics,"cleanlab, datamaps",2
"Им купе бесплатно, а мы за него плати — но мы этого делать не будем.",0,Semantics,"cleanlab, datamaps",2
Вы уже дали отчет?,0,Semantics,"cleanlab, datamaps, ds2",3
Он женат на женщине.,0,Semantics,"cleanlab, datamaps, ds2",3
"В этом есть необходимость, так как очень много яблоков я набрала с собой.",0,Morphology,"cleanlab, datamaps, ds2",3
Опасность поскользнуться на льду или соскользнуть по нему вместе с тонким слоем покрывающего его снега увеличивалась с каждым шагом.,1,0,"cleanlab, datamaps",2
"Он купит машину, если только не пропьет всех денег.",0,Semantics,"cleanlab, datamaps",2
"А ты ехай прямо к директору театров, князю Гагарину.",0,Morphology,"cleanlab, datamaps",2
Источник сообщил о состоянии здоровья Савченко после операции на мозге.,0,Syntax,"cleanlab, datamaps",2
Близ стола стояло большое кресло.,0,Semantics,"cleanlab, datamaps, ds2",3
"Она приняла странные взгляды, вкусы, привычки.",0,Semantics,"cleanlab, datamaps",2
"Особенно полюбились сказки, рассказывать которые она была мастерица.",1,0,"cleanlab, ds2",2
"Маша, он видит, бледна.",0,Semantics,"cleanlab, datamaps",2
Его жест выразил мне порицание.,0,Semantics,"cleanlab, datamaps",2
Дай мне тот стакан воды.,0,Semantics,"cleanlab, datamaps, ds2",3
Он всегда знает английский язык.,0,Semantics,"cleanlab, datamaps, ds2",3
Я принял его в свою избу.,0,Semantics,"cleanlab, datamaps, ds2",3
"Мэтт Фоулер назвал новый эпизод ""Чёрно-Белого дома"" значительно лучше чем пятый сезон, как он был снят за 8 процентов.",0,Hallucination,"datamaps, ds2",2
"Браконьерам, нарушающих закон, грозит серьёзный штраф.",0,Syntax,"cleanlab, datamaps",2
Придет или Маша?,0,Syntax,"cleanlab, datamaps",2
"Концерт состоит из трёх движений примерно одинаковой длины, которые длятся всего менее 30 минут.",0,Semantics,"cleanlab, datamaps",2
"Автор книги хотел как можно подробнее рассказать об этих людях, самих хозяевах своей судьбы.",0,Syntax,"cleanlab, datamaps",2
Я это не знаю.,0,Semantics,"cleanlab, datamaps, ds2",3
Том не собирается продать свой дом.,0,Morphology,"cleanlab, datamaps",2
Его материнская семья выходит из Карачи.,0,Semantics,"cleanlab, ds2",2
На тротуаре каждый день спотыкалось по старушке.,0,Semantics,"cleanlab, datamaps",2
Эта церковь всегда стояла на холме.,0,Semantics,"cleanlab, datamaps, ds2",3
Было получено эти два извещения.,0,Syntax,"cleanlab, ds2",2
"Вдали грузинские деревни казались прекрасными садами, а вблизи я увидел несколько бедных саклей.",0,Semantics,"cleanlab, datamaps",2
Следы высокоорганизованной материи не обнаружены.,0,Semantics,"cleanlab, datamaps",2
"И все по всей библиотеке разные предметы, разные пространства.",0,Hallucination,"cleanlab, datamaps, ds2",3
"По летней привычке стол ещё накрывался на улице: мой единственный приносил вечно разбредающиеся по двору стулья, я застилала скатерть с фруктовым узором на стол.",0,Semantics,"cleanlab, datamaps",2
"Ваш телефон звонит несколько раз, когда вы были в духе.",0,Syntax,"cleanlab, datamaps, ds2",3
Гора у вершины была безлесной.,0,Semantics,"cleanlab, datamaps",2
У нас гостей не обедало.,0,Syntax,"cleanlab, datamaps",2
Эта лекция ни из чего разозлила меня и расстроила из-за потраченного впустую времени.,0,Syntax,"cleanlab, datamaps",2
Этот последний был очень тяжелым.,1,0,"cleanlab, ds2",2
От дождей до деревни трудно добраться.,0,Semantics,"cleanlab, datamaps",2
Вы один показались мне веселыми.,0,Syntax,"cleanlab, ds2",2
"Отец писал, что скучает по нам.",0,Syntax,"cleanlab, datamaps",2
Вблизи лошади стояла собака.,0,Semantics,"cleanlab, datamaps",2
Мне встречается девочка с ведром.,0,Semantics,"datamaps, ds2",2
"Журналистка была приглашена министром, чтобы дать ей интервью.",0,Syntax,"cleanlab, datamaps",2
Она неправильно приняла возражения оппонента.,0,Semantics,"cleanlab, datamaps",2
Они считали его талантливыми.,0,Syntax,"cleanlab, ds2",2
Меня никогда в этом доме не было.,0,Semantics,"cleanlab, datamaps, ds2",3
Незнакомые слова в тексте не встретились.,0,Semantics,"cleanlab, datamaps",2
Сегодня отца еще не было на море.,0,Semantics,"cleanlab, datamaps, ds2",3
Многие добились какого-либо успеха.,0,Semantics,"cleanlab, datamaps, ds2",3
"Я хочу, чтобы они зашли, а ты спрячешься.",0,Syntax,"cleanlab, datamaps",2
Есть блины с вареньем вкусное.,0,Syntax,"cleanlab, datamaps",2
"Настоящий успех может быть достигнут только благодаря настойчивости, целеустремлённости и глубоких знаний человека.",0,Syntax,"cleanlab, datamaps",2
"Было бы неверно думать, что человек может попитаться исключительно салатами, мясом, семенами или зёрнами.",0,Semantics,"cleanlab, datamaps",2
"Зина считает, что черт его знает, придет он или нет.",0,Semantics,"cleanlab, datamaps",2
Это сочетание не имеет смысл.,0,Semantics,"cleanlab, datamaps, ds2",3
Гора у вершины заросла соснами.,0,Semantics,"cleanlab, datamaps",2
"Сдвигая вековые камни, обрушились вниз дождевые потоки.",1,0,"cleanlab, ds2",2
Я нипочему не приехала.,0,Semantics,"cleanlab, datamaps",2
В этом дне было много удовольствий.,0,Semantics,"cleanlab, datamaps, ds2",3
"В партии ""Слуга народа"" каждый блок состоит из слов и предложений.",0,Hallucination,"cleanlab, datamaps, ds2",3
"Это означает, что он предлагает больше места для меньше денег, чем лучшие продавцы в классе.",1,0,"cleanlab, ds2",2
В настоящий момент в районе зафиксировано 110 466 человек.,0,Semantics,"cleanlab, datamaps, ds2",3
"После собрания кто-то сострил, что пока не разошлись, надо собрать новое собрание, чтобы подтвердить решение этого собрания.",1,0,"cleanlab, ds2",2
"Если бы быть честным, я был бы за то, чтобы Гетце играл по центру.",0,Syntax,"cleanlab, datamaps",2
"Нельзя было не заметить, что толпа на площади гуляют с какой-то лихорадочной бодростью.",0,Syntax,"cleanlab, ds2",2
"Их машина остановилась у города Харьков, а затем двинулась дальше.",0,Semantics,"cleanlab, datamaps",2
Она сидела близко от меня и плакала.,0,Semantics,"cleanlab, datamaps, ds2",3
Бабушка вяжет шарф и подарила его своему внуку.,0,Syntax,"cleanlab, datamaps",2
Она воздержалась от всяких комментариев.,0,Semantics,"cleanlab, datamaps, ds2",3
"Вероятно, там кто-нибудь был?",1,0,"datamaps, ds2",2
"Он не врет, что читал что бы то ни было.",0,Semantics,"cleanlab, datamaps",2
Этот будь был очень тяжелым.,0,Syntax,"cleanlab, datamaps, ds2",3
Каждый матч судит по судье.,0,Syntax,"cleanlab, datamaps",2
"Ученик не врет, что читал что-либо.",0,Semantics,"cleanlab, datamaps",2
Поздравляю с днём рождением и желаю долгих лет жизни!,0,Morphology,"cleanlab, datamaps, ds2",3
У брата есть грипп.,0,Syntax,"cleanlab, ds2",2
Она берет теорию гранулярного пламени.,0,Semantics,"cleanlab, datamaps",2
Вторая существовала с 1852 по 1973 год и была объединена с частими округа Дурхам в Дурхамский региональный муниципалитет.,0,Morphology,"cleanlab, datamaps",2
Врач оставил с больными медсестру позвать в случае необходимости.,0,Syntax,"cleanlab, datamaps",2
Она побежала в глубь коридора и чуть не потеряла туфель.,0,Morphology,"cleanlab, datamaps, ds2",3
На полу имеются окурки.,0,Semantics,"cleanlab, datamaps",2
Она быстро пооткрывала окно и со всего размаху швырнула книгу в него.,0,Semantics,"cleanlab, datamaps, ds2",3
"Вот дерево засохнуло, но все же оно вместе с другими качается от ветра.",0,Morphology,"cleanlab, datamaps",2
Ивана не было в своей комнате.,0,Semantics,"cleanlab, datamaps, ds2",3
"Получив начальное домашнее образование, Гринёва отправили на службу в Белогорскую крепость.",0,Syntax,"cleanlab, datamaps",2
Ты с кем-нибудь не должна там общаться.,0,Semantics,"cleanlab, datamaps",2
"И изумление, и ужас напал на меня.",0,Syntax,"cleanlab, datamaps, ds2",3
В теплые летние ночи они поднимались на один из холмов около Курска.,0,Semantics,"cleanlab, datamaps",2
Иван принял решение пойти на встречу одному.,0,Syntax,"cleanlab, datamaps, ds2",3
"Напрасно вы думаете, что вы здоровы, у вас есть катар верхних дыхательных путей.",0,Semantics,"cleanlab, datamaps",2
Он не был там и разу.,0,Semantics,"cleanlab, datamaps, ds2",3
Он получил пожатие руки.,0,Semantics,"cleanlab, datamaps",2
Этот грипп был очень тяжелым.,1,0,"cleanlab, ds2",2
"Каждый раз смешно до него, когда он делает такое лицо.",0,Syntax,"cleanlab, datamaps",2
"Я в поте лица зарабатываю скромное жалование и скапливаю по крохам, чтобы купить себе в конце недели килограмм сосисек.",0,Morphology,"cleanlab, datamaps",2
Он дал ему одобрение.,0,Semantics,"cleanlab, datamaps, ds2",3
Магазин открыт час назад.,1,0,"datamaps, ds2",2
"Если мужчина действительно залюбит женщину, его с ней не сможет разлучить даже такая серьёзная неприятность, как смерть!",0,Semantics,"cleanlab, datamaps",2
Из Джона и Мери я больше люблю его.,0,Syntax,"cleanlab, datamaps",2
Вы уже написали отчет?,1,0,"datamaps, ds2",2
Этот пришел был очень тяжелым.,0,Syntax,"cleanlab, datamaps",2
Невдалеке от горы стояла сакля.,0,Semantics,"cleanlab, datamaps",2
Вместе с тем систематическое исследование каких бы то ни было страхов всегда сопряжено с целым рядом трудностей.,0,Semantics,"cleanlab, datamaps",2
"Там, я вижу, кто-то есть.",0,Semantics,"cleanlab, datamaps, ds2",3
"Там, он ясно видит, стоит человек.",0,Semantics,"datamaps, ds2",2
Петя Иванов медленно обычно пишет контрольные работы.,0,Syntax,"cleanlab, datamaps",2
"Два механизма сплелись в один, образуя подобие низкого колченогого стула, из брюха которого болталась пара лопнутых пружин – боевые манипуляторы.",0,Morphology,"cleanlab, datamaps",2
Весь день я простоял около станка.,0,Semantics,"cleanlab, datamaps, ds2",3
Такой поступок возмутил бы кого-нибудь.,0,Semantics,"cleanlab, datamaps",2
У него есть порок сердца.,0,Semantics,"cleanlab, datamaps",2
"Президент этой страны - человек, выступая по телевидению, популярный среди избирателей.",0,Syntax,"cleanlab, datamaps",2
"Брат сидел около меня, а муж — сзади.",0,Semantics,"cleanlab, datamaps",2
"Журналистка, была приглашена министром взять у него интервью.",1,0,"cleanlab, ds2",2
"Но не пробыл я у себя в кабинете и пяти минут, как горничная доложила, что меня желает видеть глазами какой-то человек.",0,Semantics,"cleanlab, datamaps",2
Завтра будем ездить во Внешторгбанк.,0,Semantics,"cleanlab, datamaps, ds2",3
В квартире есть беспорядок.,0,Semantics,"cleanlab, datamaps, ds2",3
Международные соревнования по мышечному развитию проходили в соответствии с правилами соревнований.,0,Hallucination,"cleanlab, datamaps",2
У меня есть старые родители.,0,Semantics,"cleanlab, datamaps, ds2",3
У нее есть старость.,0,Semantics,"cleanlab, datamaps, ds2",3
"Я внимательно послушал все его аргументы, но ни один из них меня не убедил, и я ни под чем не согласился с ним.",0,Syntax,"cleanlab, datamaps, ds2",3
"Директриса сидела с той же вежливой улыбочкой, не пророняя ни слова.",0,Morphology,"cleanlab, datamaps",2
Твой мобильник есть на кухне.,0,Semantics,"cleanlab, datamaps",2
Есть ли у него слишком много соли?,0,Semantics,"cleanlab, datamaps",2
"На противоположной стороне шоссе, неподалёку от того места, где мы остановились, чтобы размяться, размещались придорожное кафе и заправочная станция с двумя выкрашенными бензоколонками красной краской.",0,Syntax,"cleanlab, datamaps",2
Его убили вблизи «Трех утопленников».,0,Semantics,"cleanlab, datamaps",2
Очки лежали у книги.,0,Semantics,"cleanlab, datamaps, ds2",3
Через неделю на этой же сопке я увидел их обоими.,0,Syntax,"cleanlab, datamaps, ds2",3
"Теряется золотое время, слушая глупые разговоры, — отрезала хозяйка.",0,Syntax,"cleanlab, datamaps",2
"При этом самки обладают светлой окраской головы, а на груди - штрихами.",1,0,"cleanlab, ds2",2
"Будь добра, бери-ка его с собой!",0,Semantics,"cleanlab, datamaps",2
В этом дне было много происшествий.,0,Semantics,"datamaps, ds2",2
Курить будет здоровью вредить.,0,Syntax,"cleanlab, datamaps",2
"Ему приказано отступать, и отступает.",0,Syntax,"cleanlab, ds2",2
"Я не сомневаюсь, что он, несомненно, уехал.",0,Semantics,"cleanlab, datamaps",2
"У нее болит голова, она остается дома.",0,Semantics,"cleanlab, datamaps, ds2",3
"Жаль, что Иван не был!",0,Semantics,"cleanlab, datamaps, ds2",3
"Задание, выполняющееся нами, не вызвало особых затруднений.",0,Syntax,"cleanlab, datamaps",2
"Он сейчас направлялся в лапы той компании, о чем мы говорили.",0,Syntax,"cleanlab, datamaps",2
"Если никто понял, я объясню.",0,Semantics,"cleanlab, datamaps, ds2",3
Я тогда не могла сказать что-нибудь.,0,Semantics,"cleanlab, datamaps, ds2",3
"Я имею книгу, чтобы читать.",0,Semantics,"datamaps, ds2",2
Мне это стыдно.,0,Semantics,"cleanlab, datamaps",2
Не переходи улицы в этом месте.,0,Semantics,"cleanlab, datamaps, ds2",3
"Ни одно значимое назначение на любой пост, ни один закон, ни одно постановление в СССР не принималось без ведома Политбюро.",0,Syntax,"cleanlab, datamaps",2
"Говорят, что он ее чем-нибудь обидел.",0,Semantics,"cleanlab, datamaps",2
"Умер один из авторов ""Убить Билла 3"" и его жена.",0,Syntax,"cleanlab, datamaps",2
"Для кого ты не знаешь, как добыть сведения?",0,Syntax,"cleanlab, datamaps",2
Рыбы не пахло.,0,Semantics,"cleanlab, datamaps",2
"Средства, отправляющиеся из центра, поступают в банки нашего города с большим опозданием.",0,Syntax,"cleanlab, datamaps",2
На ее лице выразилось презрение ему.,0,Semantics,"cleanlab, datamaps",2
Он дал ему все свое состояние.,0,Semantics,"cleanlab, datamaps, ds2",3
"Мы изучили недры Земли хуже, чем поверхность Марса или Луны.",0,Morphology,"cleanlab, datamaps",2
"В Москве люди, которые этого не понимают.",0,Syntax,"cleanlab, datamaps, ds2",3
"Я бы посоветовал вам принимать гормональные средства, если бы у вас были хорошие анализы.",0,Semantics,"cleanlab, datamaps",2
"Велосипед куплен два дня назад, но его украли.",0,Semantics,"cleanlab, datamaps",2
"Близ пустынных развалин Лакедемона встретил девушку, похожую на изваяние древней богини.",1,0,"cleanlab, ds2",2
Он не был там ни разу.,1,0,"cleanlab, ds2",2
Опасность подскользнуться на льду или соскользнуть по нему вместе с тонким слоем покрывающего его снега увеличивалась с каждым шагом.,0,Morphology,"cleanlab, datamaps",2
"Разгадка «тонкого английского юмора» заключается в его простоте, в том факте, потому что за ним не скрывается глубокий подтекст.",0,Syntax,"cleanlab, datamaps",2
Он пьет стакан вина.,0,Semantics,"cleanlab, datamaps",2
"Да его никто и не слушал, потому что Старшов смотрел на Олексина-старшего, а тот мучительно преодолел неимоверно разросшуюся застенчивость.",0,Semantics,"cleanlab, datamaps",2
Пара валенков готовится три дня!,0,Morphology,"cleanlab, datamaps",2
"Он по жизни, так что эта ситуация тоже не будет исключением, ни на что внимания не обращает.",0,Syntax,"cleanlab, datamaps",2
"Он чувствует, что ему явно не хватает Маши.",0,Semantics,"cleanlab, datamaps",2
Он не будет есть каши.,0,Semantics,"cleanlab, datamaps",2
Мы должны выжить самим.,0,Syntax,"cleanlab, datamaps",2
"Если ты требуешь, то кто-нибудь из нас поможет ей завтра.",1,0,"datamaps, ds2",2
Дети с трудом испугались.,0,Semantics,"cleanlab, datamaps",2
Меня включили заниматься этой проблемой.,0,Syntax,"cleanlab, datamaps, ds2",3
"Система консультаций часто включает в себя формальные группы, и было предложено, что обычные граждане могут быть оставлены вне цепи.",0,Hallucination,"cleanlab, datamaps",2
Мы должны найти способ выжить сами.,0,Syntax,"cleanlab, datamaps",2
У этого животного есть зубы.,1,0,"datamaps, ds2",2
Она взяла из сундука небольшой коврик и постелила его перед диваном.,0,Semantics,"cleanlab, datamaps, ds2",3
"Такое гнездо строится животными не только для себя, но и для других членов группы.",1,0,"cleanlab, datamaps",2
Кто-то из москвичек-конькобежек неудачно выступили на соревнованиях.,0,Syntax,"cleanlab, datamaps",2
"Маша, одетая в розовое платьице, выходит из подъезда и пошла вдоль по тротуару к детской площадке.",0,Syntax,"datamaps, ds2",2
"Помню радость ее, окончания войны: солнечный майский день, небо голубое, народ вывалил на улицу, все обнимаются, радуются.",0,Syntax,"cleanlab, datamaps, ds2",3
"Неприятный мне разговор затянулся, вопреки моего ожидания.",0,Syntax,"cleanlab, ds2",2
Его отъезд за границу всем воспринимался как побег.,0,Syntax,"cleanlab, datamaps",2
"Только если операцию сделают немедленно, то останется еще какая-то надежда его спасти.",0,Syntax,"cleanlab, datamaps",2
"Как ты хочешь, чтобы я написал?",0,Syntax,"cleanlab, datamaps, ds2",3
"Спасая ребенка, он рисковал собой во имя благородной цели.",0,Semantics,"cleanlab, datamaps",2
"Иван знает, что статья о себе появилась в газете.",0,Syntax,"cleanlab, datamaps",2
"Я стою поблизости от Центризбиркома и наблюдаю за тем, что происходит у входа.",0,Semantics,"cleanlab, datamaps, ds2",3
Моя собеседница ушла к другому.,0,Semantics,"cleanlab, datamaps",2
"Я не думаю, погода изменится.",0,Semantics,"cleanlab, datamaps",2
Я купила мясо в магазине близ метро «Юго-Западная».,0,Semantics,"cleanlab, datamaps",2
"Если Иван-то справится, я первый буду удивлен.",0,Semantics,"cleanlab, datamaps",2
"Джефферсон Веа установил новый антирекорд по очкам для финала игры с ""Мэдисоном"" на завершающей стадии сезона.",0,Syntax,"cleanlab, datamaps",2
Девочка хочет мать купить ей куклу.,0,Syntax,"cleanlab, ds2",2
Нельзя же пропадать нечем.,0,Syntax,"cleanlab, datamaps",2
Этот мой был очень тяжелым.,1,0,"cleanlab, ds2",2
Поворота в научно-технической пропаганде не началось.,0,Semantics,"cleanlab, datamaps",2
"Чего только не было: копчёные окороки, настоящее салями, мясо, яблоки, пироги!",0,Morphology,"cleanlab, datamaps",2
"Он вдруг понял, что ей неприятны никакие подробности его домашней жизни.",0,Semantics,"cleanlab, datamaps",2
"То обязательно поеду еще раз, если будет возможность.",0,Syntax,"cleanlab, datamaps",2
"Меня расстраивает, если ООН примет новый документ.",0,Semantics,"cleanlab, datamaps",2
Она как раз дописывала роман до середины.,0,Semantics,"cleanlab, datamaps",2
"Он много построил за те годы, что был главным архитектором.",1,0,"cleanlab, ds2",2
С каким увлечением он коллекционировал марки.,1,0,"cleanlab, ds2",2
"Я знаю, что ей кто-нибудь помог.",0,Semantics,"cleanlab, datamaps, ds2",3
Охранника в кабинете не сидело .,0,Semantics,"cleanlab, datamaps",2
Она взяла его точку зрения.,0,Semantics,"cleanlab, datamaps, ds2",3
Его еще не прочитал этой статьи.,0,Syntax,"cleanlab, ds2",2
У стола висели фотографии.,0,Semantics,"cleanlab, datamaps, ds2",3
Просто возьмите одну глотку этого лекарства.,0,Semantics,"cleanlab, datamaps",2
"Нам нужны рыночные стимулы - налог на CO2, каприз и торговля - что-то, что получает этот ценный сигнал там.",0,Hallucination,"cleanlab, datamaps",2
Ты можешь научить себя вьетнамскому.,0,Morphology,"cleanlab, datamaps",2
Не принеси мне эту чашку!,0,Semantics,"cleanlab, datamaps",2
Но Коле не помог его иноверец.,0,Syntax,"cleanlab, datamaps",2
Я дам за тебя жизнь.,0,Semantics,"cleanlab, datamaps",2
Его приняли в больницу.,0,Semantics,"cleanlab, datamaps, ds2",3
Я с удовольствием имел с ним беседу.,0,Semantics,"cleanlab, datamaps, ds2",3
"Стыдно, что я его не навестил.",0,Semantics,"cleanlab, datamaps, ds2",3
"А ты езжай прямо к директору театров, князю Гагарину.",0,Morphology,"cleanlab, datamaps",2
В то время он пил стакан воды.,0,Semantics,"datamaps, ds2",2
"Он дворник, помогая людям содержать двор в чистоте.",0,Syntax,"cleanlab, ds2",2
"Когда каждый высказал свою точку зрения, нами, взвесив все за и против, было принято компромиссное решение.",0,Syntax,"cleanlab, datamaps",2
Как долго вам потребовалось написать отчет?,0,Semantics,"cleanlab, datamaps, ds2",3
"Он делает вид, что его кто-нибудь обидел.",0,Semantics,"cleanlab, datamaps, ds2",3
"Вы можете видеть здесь, что Япония сделала?",0,Semantics,"cleanlab, datamaps",2
Неужели ты до сих пор раздражаешься?,0,Semantics,"cleanlab, datamaps",2
Окно было открыто час назад пятнадцать минут.,0,Semantics,"cleanlab, ds2",2
Перемен в технической политике фирмы еще не началось.,0,Semantics,"datamaps, ds2",2
"Я вспомнил, что эта та самая гостиная, в которой не помню, о чем мы беседовали.",0,Syntax,"cleanlab, datamaps",2
У этого животного есть острые зубы.,0,Semantics,"cleanlab, datamaps, ds2",3
"Впрочем, в декабре этого же года вновь был принят в службу, теперь в Кронштадтской инженерной команде.",0,Syntax,"cleanlab, datamaps",2
Все вроде бы ходят на работу и сидят бы там подолгу.,0,Semantics,"cleanlab, datamaps",2
"Он также использовался в последней сцене фильма ""Penelope"" и в трейлере фильма ""Дети мужчин"".",0,Hallucination,"cleanlab, datamaps, ds2",3
"В путеводителе я позже вычитал, что киприоты всегда готовы приходить на нее.",0,Syntax,"cleanlab, datamaps",2
У Маши есть брат Наташи.,0,Semantics,"cleanlab, ds2",2
Я не воспринимаю этой музыки.,1,0,"datamaps, ds2",2
Много ребят накупили хорошую книгу.,0,Syntax,"cleanlab, ds2",2
"Может быть, им уйти пораньше, чтобы не опоздали на поезд?",0,Syntax,"cleanlab, datamaps, ds2",3
Оттуда привезли в последний момент взвод солдатов и военный оркестр.,0,Morphology,"cleanlab, datamaps",2
Сегодня я разговаивал с директором.,1,0,"cleanlab, ds2",2
Иван питает надежду встретиться с тобой самому.,0,Syntax,"cleanlab, datamaps",2
Он дошел от Казани.,0,Semantics,"cleanlab, datamaps",2
Послезавтра температура у больного снижается до нормы.,0,Semantics,"cleanlab, datamaps",2
У меня в саду гусеника.,0,Hallucination,"cleanlab, datamaps, ds2",3
Я принимаю его теорию гранулярного пламени.,1,0,"cleanlab, ds2",2
Ивана еще не было в таком театре.,0,Semantics,"cleanlab, datamaps",2
Друзей с нами не осталось.,0,Semantics,"cleanlab, datamaps",2
"Шотландия получила титул графа Каррика, который был первым в истории.",0,Hallucination,"cleanlab, datamaps",2
"По-видимому, он доехал быстрее, чем думал, вследствие того что, когда я спустился во двор, на скамейке под липой уже маячила тёмная фигура. .",0,Syntax,"cleanlab, datamaps",2
"Они, если вы захотите, вам все покажут.",1,0,"cleanlab, ds2",2
Каждая шелудивая пара сапогов находится под замком и под печатью писаря?,0,Morphology,"cleanlab, datamaps",2
Я влюблен в тебя и хочу выйти за тебя замуж.,0,Semantics,"cleanlab, datamaps, ds2",3
Взглянь на рисунок и вырежи из тонкого картона точно такие же очки.,0,Morphology,"cleanlab, datamaps",2
"Все детство я знал немецкий язык, а потом забыл.",0,Semantics,"cleanlab, datamaps",2
Мальчику идти в школу.,1,0,"cleanlab, ds2",2
"Тот, кто сначала взял обязательство каждый день отжиматься на один раз больше и выполняет его, становится сильным!",1,0,"cleanlab, datamaps",2
"Новые катеры и водометы-толкачи гудят коротко, высоко и гнусаво.",0,Morphology,"cleanlab, datamaps",2
Деревья ниже этой травы.,1,0,"cleanlab, ds2",2
"Лишь только мы принесли пиво, вы — рыбу.",0,Syntax,"cleanlab, datamaps",2
"Я бежала, как бежит собака. .",0,Syntax,"cleanlab, datamaps",2
Я требую тебе заплатить долг.,0,Syntax,"cleanlab, datamaps, ds2",3
"Когда я вошел, он ел две груши.",0,Semantics,"cleanlab, datamaps",2
Возле меня стояло такси.,0,Semantics,"cleanlab, datamaps",2
"Я хорошо знал и искренне восторгался сильным и одновременно мягким, деликатным характером своего отца.",0,Syntax,"cleanlab, ds2",2
"Я жил хорошо, потому что в Москве.",0,Syntax,"cleanlab, datamaps",2
Я ищу какую-то интересную пьесу по современной тематике.,0,Semantics,"cleanlab, datamaps",2
Он сейчас заходит к приятелю.,0,Semantics,"cleanlab, datamaps, ds2",3
Начальник заставлял его работать больной.,0,Syntax,"cleanlab, datamaps",2
Они начались заменять на электронные с 1984 года.,0,Morphology,"cleanlab, ds2",2
Никто обвинял не христиан и не русских.,0,Semantics,"cleanlab, datamaps",2
Костюм не был в химчистке весь год.,0,Semantics,"cleanlab, datamaps",2
"Тут он взглянул на дверь в кабинет Берлиоза, бывшую около передней, и тут, как говорится, остолбенел.",0,Semantics,"cleanlab, datamaps",2
"Он болен, никто не знал.",0,Syntax,"cleanlab, datamaps",2
"Все сбились с ног, готовясь к празднику, отдавая и принимая распоряжения, ругаясь, споря, моя полы, чистя синеющим мелом темное тяжелое серебро икон.",1,0,"cleanlab, datamaps",2
Преподаватель отобрал и посоветовал учащемуся воспользоваться дополнительной литературой.,0,Syntax,"cleanlab, datamaps",2
"Вчера обнаруживается, что преступник на свободе.",0,Semantics,"cleanlab, datamaps, ds2",3
Он сидел за столом и ел несколько слив.,0,Semantics,"cleanlab, datamaps, ds2",3
Они попели песни рядом с кострами.,0,Semantics,"cleanlab, datamaps, ds2",3
"Это серьезная и глубокая брошюра, и читать ее быстро я не могу.",0,Semantics,"cleanlab, datamaps",2
Главный принцип вашей студии ― избегать прямого цитирования какого бы то ни было всякого стиля.,0,Semantics,"cleanlab, datamaps",2
Разницы не усматривается невооруженным глазом.,0,Semantics,"cleanlab, datamaps",2
"Эти игры, как утверждает автор, детям вредны; я думаю, что это не так.",0,Semantics,"cleanlab, datamaps",2
"Только какой-то негоциант, живший рядом с приютом и потерявший счет деньгам, ежегодно при получении из-за границы транспорта с фруктами присылал в приют ящик апельсин.",0,Morphology,"cleanlab, datamaps",2
"Десятилетие за десятилетием автомобиль становился всё более комфортным и безопасным, но в то же время наращивал массу: увеличивал габариты, оснащался различными системами безопасности.",1,0,"cleanlab, datamaps",2
Я имею книгу в руке.,0,Semantics,"cleanlab, datamaps, ds2",3
"Кроме того, отмечается, что сюжет очень предсказуемый и не отличается от остальных многочисленных акулских фильмов.",0,Morphology,"cleanlab, datamaps",2
"В большинстве городов и общин немецкого пространства имя носит школа, европейская улица, площадь и мост.",0,Hallucination,"cleanlab, ds2",2
Способность этого человека к какой бы то ни было деятельности не вызывает сомнений.,0,Semantics,"cleanlab, datamaps",2
Колодец уж конечно вырыли вблизи дома председателя.,0,Semantics,"datamaps, ds2",2
Мусин без причины не отказался приходить в суд на обжалование ареста.,0,Semantics,"cleanlab, datamaps",2
Его точка зрения на этот вопрос была высказана автором в других работах.,0,Syntax,"cleanlab, datamaps, ds2",3
Почему ж в синтаксическом отношении не хотят видеть ничего сходного между формою именительного падежа и формами косвенных падежов?,0,Morphology,"cleanlab, datamaps",2
"Он думает, я его испугался.",1,0,"cleanlab, ds2",2
"Поэты сравнивают храм Покрова на Нерли с парусом, уносящемуся вдаль по безбрежным волнам времени.",0,Syntax,"datamaps, ds2",2
"Кажется, кто-нибудь стучит.",0,Semantics,"cleanlab, datamaps, ds2",3
Он нашел по крайней мере двух желающих?,0,Semantics,"cleanlab, datamaps, ds2",3
Я с трудом был целый день дома.,0,Semantics,"cleanlab, datamaps, ds2",3
"Отважный смотритель, рискуя жизнью, бросился наперерез понёсшегося вскачь коня.",0,Syntax,"cleanlab, datamaps",2
Весь вечер она раздражалась.,0,Semantics,"cleanlab, datamaps, ds2",3
Она рисует хорошо и мечтает стать художньей.,0,Morphology,"datamaps, ds2",2
"В конкурсе «Библиокросс» выигрывает участник, прочитающий наибольшее количество книг.",0,Syntax,"cleanlab, datamaps",2
Я бы требовал не шуметь.,0,Semantics,"cleanlab, datamaps",2
"Помещики продавали мёртвые души крестьян Чичикову, видевшего выгоду в приобретении такого товара.",0,Syntax,"cleanlab, datamaps",2
Меня не было в Париже.,0,Semantics,"cleanlab, datamaps, ds2",3
"Это ее решение, ее злая воля заставляют Эди стоять тут под дверью больной и сумасшедший.",0,Syntax,"cleanlab, datamaps",2
Я не могу писать стихов.,0,Semantics,"cleanlab, datamaps",2
Музей предложил ввести здание для экспонирования этой коллекции.,0,Semantics,"cleanlab, datamaps",2
Одна из функций мифических животных средневековья была аллегорией.,0,Syntax,"cleanlab, datamaps",2
"В Чехии окончил школу астронавтики Байден, ставший впоследствии сенатором США.",1,0,"cleanlab, ds2",2
Вскоре он не понял свою ошибку.,0,Semantics,"cleanlab, datamaps, ds2",3
Ты Маши не встретил?,1,0,"cleanlab, ds2",2
Том больше не выходит с Марией.,0,Semantics,"cleanlab, datamaps",2
"Вообще он замечательный город, я очень люблю там бывать.",0,Syntax,"cleanlab, datamaps, ds2",3
Они читали статьи Петра друг о друге.,0,Syntax,"cleanlab, datamaps",2
Она приняла ребенка на плечи.,0,Semantics,"cleanlab, datamaps, ds2",3
"Торговля реальными деньгами на виртуальном рынке выросла, чтобы стать многомиллионной индустрией долларов.",0,Semantics,"cleanlab, datamaps",2
Пирог был с удовольствием испечен.,0,Semantics,"cleanlab, datamaps",2
Он отрицает существование всех планов на этот счет.,0,Semantics,"cleanlab, datamaps",2
Усики на горле оказались без света.,0,Hallucination,"cleanlab, datamaps",2
Путники невольно залюбовались появившейся радугой на небе после дождя.,0,Syntax,"cleanlab, ds2",2
Постарайся увидеть вон ту звездочку над самой горой.,1,0,"cleanlab, ds2",2
"И вы действительно попадаете в папку, которую избранный чиновник на самом деле должен прочитать.",0,Semantics,"cleanlab, datamaps",2
Никаких российских самолетов воздушное пространство Грузии не нарушало.,0,Semantics,"cleanlab, datamaps",2
Никто не был дома.,0,Semantics,"cleanlab, datamaps, ds2",3
"Они подвинулись, и я получил место рядом с ними.",0,Semantics,"cleanlab, datamaps, ds2",3
"Регион Ггеркуника находится в восточной части Армении, 1500-1900 м над уровнем моря.",0,Morphology,"cleanlab, datamaps",2
Он ищет какую-нибудь новую секретаршу.,0,Semantics,"cleanlab, datamaps, ds2",3
"Он врет, что читал что-либо.",1,0,"cleanlab, datamaps, ds2",3
"Всего в 1000 метрах от порта, в 2 км от центра города и в 20 минутах езды от аэропорта Манисеса и Конвенционного центра.",1,0,"cleanlab, datamaps",2
Она смотрела себя в зеркало.,0,Semantics,"cleanlab, datamaps",2
На улице не идет дождя.,0,Semantics,"cleanlab, datamaps",2
"Он мгновенно понял, что произошло что-то не то, причем очень изумился, потом повозмущался и умер.",0,Semantics,"cleanlab, datamaps",2
"Жирафы могут опускать шею почти до земли, чтобы попить воды, и положить себе на бедра для отдыха, отвернув назад.",0,Syntax,"cleanlab, datamaps",2
"И он поднял трубку, я позвонил Ване.",0,Syntax,"cleanlab, datamaps, ds2",3
У его веры был рациональный характер.,0,Semantics,"cleanlab, datamaps",2
"Если в тело человека проник всякий микроб, организм выставляет на защиту всю свою систему иммунитета.",0,Semantics,"cleanlab, datamaps",2
"И испанский, и португальский похожи.",0,Syntax,"cleanlab, datamaps",2
"Тревожный человек может расслабиться и успокоиться с помощью лекарств от тревоги, и они могут помочь устранить неприятные симптомы, которые приходят с тревожностью.",1,0,"cleanlab, ds2",2
"Последний указ, как я утверждаю, скоро отменят.",0,Semantics,"cleanlab, datamaps",2
Хутор находится вдалеке от леса.,0,Semantics,"cleanlab, datamaps, ds2",3
Блум болен энцефалитом на греческом острове Кипр.,0,Semantics,"cleanlab, datamaps",2
Я вчера получила в ГУМе ботинки.,0,Semantics,"cleanlab, datamaps",2
"А теперь, перейдём к непосредственному материалу и попробоваем изучить азы того самого римского счёта.",0,Morphology,"cleanlab, datamaps, ds2",3
Автобус не должен отправиться ночью.,0,Semantics,"cleanlab, datamaps, ds2",3
"Кажется, доставай тетрадь.",0,Semantics,"datamaps, ds2",2
"Привел мальчика, держа в руках книгу.",0,Syntax,"cleanlab, datamaps, ds2",3
"Помогай любому, какое мне дело.",0,Semantics,"cleanlab, datamaps",2
Все утро он был раздражен.,1,0,"cleanlab, datamaps, ds2",3
Он подошел рядом со мной.,0,Semantics,"cleanlab, datamaps, ds2",3
Колонизаторы сводят под корень — на топливо — почти все леса и устроили на их месте пастбища.,0,Syntax,"cleanlab, datamaps",2
Отменены какие-либо телесные наказания.,0,Semantics,"cleanlab, datamaps",2
"Батьку Минная играет очень интересный актер Ю. Горобец (кажется, это пока его лучшая она в кино).",0,Syntax,"cleanlab, datamaps",2
"Он, возможно, знает об этом или нет?",0,Semantics,"cleanlab, datamaps, ds2",3
До сих по бабушка любила его без памяти.,1,0,"cleanlab, ds2",2
"Старинные зарадужелые стекла в рамах вспыхивали, как живые, и мне все казалось, что там, за окошками, кто-нибудь тихо плачет и скребется.",0,Semantics,"cleanlab, datamaps",2
Сосед повесил кондиционер над прямо моим окном.,0,Syntax,"cleanlab, datamaps, ds2",3
Она дала ему свое сердце.,0,Semantics,"cleanlab, datamaps, ds2",3
"Вчера Миша купили книгу, а Коля компакт-диск.",0,Syntax,"cleanlab, ds2",2
В комнате кто-то имеется.,0,Semantics,"datamaps, ds2",2
Я считала его Борисом.,0,Semantics,"cleanlab, datamaps",2
"Когда вы мне позвонили, у меня был разговор с Иваном Сергеевичем.",0,Semantics,"cleanlab, datamaps",2
"Христофоров, явившийся в ложу первым и одиноко сидевший за ее красно-бархатного барьером, чувствовал себя затерянным в огромной, разодетой толпе.",0,Semantics,"cleanlab, datamaps",2
Я воспринял его как военного.,0,Semantics,"cleanlab, datamaps",2
В коридоре стояли некоторые.,0,Semantics,"cleanlab, datamaps",2
Они растащили трубу по участку.,0,Syntax,"cleanlab, datamaps",2
