text,label,error_type,methods,n_methods
Ты потратишь его на отдых и на работу.,1,0,ds2,1
"Он говорит, что в тот момент на дороге показался я.",1,0,ds2,1
С того времени русские люди заговорили и записали двоечленными предложениями.,1,0,"cleanlab, datamaps, ds2",3
Он где-то достал 30 фунтов меда.,1,0,ds2,1
Том часто не ходит в школу.,1,0,ds2,1
"Я видел, что она волнуется.",1,0,ds2,1
"Заглянув к нам в комнату, тётушка, чем-то, кажется, встревоженная, спросила, что не хотите ли вы прогуляться со мной по саду.",0,Syntax,cleanlab,1
Он присутствовал на дуэли в качестве врача.,1,0,ds2,1
Он отличался большими способностями из своих сверстников.,0,Syntax,"cleanlab, ds2",2
"Мы собрались вместе, чтобы все разобраться в этом деле.",0,Syntax,"cleanlab, ds2",2
Я возмутился на него за грубость.,0,Semantics,"cleanlab, datamaps",2
На этом автобусе можно доехать до центра.,1,0,ds2,1
Туда идти было неподалеку.,0,Semantics,ds2,1
Иван ловил в этом озере щук.,1,0,ds2,1
Я положил ружье около себя.,1,0,ds2,1
Пойду к маме и возьму у нее десять рублей.,1,0,ds2,1
"Должен оке ты был с кем-нибудь поговорить, прежде чем начать ра боту.",1,0,ds2,1
Мальчик выглядывает из окна.,1,0,ds2,1
Тебя давно не было в Москве.,1,0,ds2,1
В этом лесу водятся волки.,1,0,ds2,1
Он стукнул меня прикладом.,1,0,ds2,1
Вдали дважды белел парусник.,0,Semantics,"cleanlab, datamaps",2
Не в добрый час я ее встретил.,1,0,ds2,1
Я не понимаю такой музыки.,1,0,ds2,1
Он обиделся на мою шутку.,1,0,ds2,1
Петя стучал в ее окно.,1,0,ds2,1
Разве он захватил какие-нибудь документы?,1,0,ds2,1
"Тебя вообще мало касается что бы то ни было, связанное со мной.",1,0,ds2,1
Пожарная команда не появилась.,1,0,ds2,1
В прошлом Меклер был арестован и отсидел что?,0,Syntax,datamaps,1
"Я хочу, чтобы ты вернешься а я уйду.",0,Syntax,"cleanlab, datamaps",2
"Нам читали Иванов алгебру, а Петров — теорию вероятностей.",1,0,ds2,1
Трон достался убийце своего брата.,0,Syntax,"cleanlab, datamaps",2
"Он сказал мне, где он живет.",1,0,ds2,1
Толпа рассеялась один за другим.,0,Syntax,"cleanlab, datamaps, ds2",3
В XIV веке Перемышль уже существовал.,1,0,ds2,1
"Знай македоняне, что им предстоит биться с Кратером, они не пошли бы в бой.",1,0,cleanlab,1
"Многие из тех, кто любят классическую музыку, с трудом выносят прослушивание современных поп-хитов.",0,Syntax,ds2,1
"Если ты будешь решать любую из этих задач, то пользуйся аналитическими уравнениями.",0,Semantics,"cleanlab, datamaps",2
"Писательница в 1934 году рассказала, как ее родители ""отравились"" голодом за попытку заполучить свой наследственный капитал Гарриет Стонтоном.",0,Semantics,cleanlab,1
Маша внимательно читает книгу.,1,0,ds2,1
Мало кто может работать.,1,0,ds2,1
"Я пригрозил ему рассказать все, что знаю.",1,0,ds2,1
Он посильнее всех.,0,Morphology,"cleanlab, datamaps",2
Но над святым островом поцарствовала ночь – а ночью обычные птицы не покидают своих укрытий.,0,Semantics,"cleanlab, datamaps",2
Он принял ее взгляды.,1,0,ds2,1
"Вот честное слово, жалко, что каждый раз ему выступать первый перед, если можно так выразиться, неразогретым залом.",0,Syntax,datamaps,1
"Я случайно стоял поодаль и слышал, что он сказал.",0,Semantics,"cleanlab, datamaps, ds2",3
"Пациент умер, благодаря тому, что вовремя не была оказана медицинская помощь.",0,Semantics,"cleanlab, datamaps",2
Четыре года спустя на лице журналистки Агаповой появится глубокий след от удара металлической рейсшиной.,0,Semantics,cleanlab,1
Студент готовится всякий сдавать экзамены.,0,Syntax,"cleanlab, datamaps",2
"Как он рассчитывает, Маша вернется завтра.",1,0,ds2,1
Он прочел две книги.,1,0,ds2,1
"Говоря, например, о картине Александра Иванова «Явление Христа народу», он восхищается ею прежде всего как народной картиной, начисто отвергая любые мистико-религиозные ее толкования.",1,0,cleanlab,1
"Только что мне сообщили, что оргкомитет, к сожалению, отклонил мой доклад.",1,0,ds2,1
"Я не знал, кто такой Ленин, никогда не слышал этой фамилии.",1,0,ds2,1
Brexit продемонстрировал высокую степень выраженности метастазов рака кожи и молочной железы.,0,Hallucination,"cleanlab, datamaps",2
У нас возникли сомнения.,1,0,ds2,1
"Кто, ты считаешь, что любит его?",0,Syntax,datamaps,1
"Есть неловкие смены со второго на третьего, и длинные отрывки относятся к доктору Садлеру в третьем лице.",0,Hallucination,"cleanlab, datamaps",2
"Шарлотта, живущая в изолированном доме, попросила у себя двухлетнего сына.",0,Hallucination,"cleanlab, datamaps",2
"Мало того, что заставили человека 4 часа торчать под проливным дождем, так еще и разрешили работать больному!",1,0,datamaps,1
Никого не было холодно.,0,Syntax,"cleanlab, datamaps",2
"Спасительный оазис то показывался, то исчез снова.",0,Syntax,"cleanlab, datamaps, ds2",3
"В «Донне Кларе» всегда вкусно, всегда недорого: можно обойтись и двумястами рублями, если потребности невысоки, а кошелек тонок.",1,0,cleanlab,1
Он сидел около меня.,1,0,ds2,1
Меня не было в Москве.,1,0,ds2,1
Достань мне из ее чемодана полотенце.,1,0,ds2,1
Я смотрела этот глупый фильм.,1,0,ds2,1
Во дворе злая собака.,1,0,ds2,1
"Коля не был в зале, когда выключили свет.",1,0,ds2,1
"Иван знает, что приехала Маша.",1,0,ds2,1
Он подтвердил мне свое согласие.,1,0,ds2,1
"Первый огонек блеснул вдали, на противоположной горе, в одиноком домике поблизости от шлагбаума.",0,Semantics,"cleanlab, datamaps",2
"Я хочу, чтобы Иван работает.",0,Syntax,"cleanlab, datamaps, ds2",3
Я слышу что-то родное.,1,0,ds2,1
В моем кошельке много денег.,1,0,ds2,1
"Я говорил тебе, что Том занят.",1,0,ds2,1
"Поместите его обратно туда, где он был.",0,Semantics,"cleanlab, datamaps",2
"Что он меня не узнал, было странно.",1,0,ds2,1
"Я вижу, разговор оживляется.",1,0,ds2,1
Только Петя понял что бы то ни было в этом докладе.,1,0,ds2,1
Кошки были священными животными в Древнем Египте.,1,0,ds2,1
На этот раз он не выиграл.,1,0,ds2,1
Вандербильт назначен главой штата Род-Айленд.,1,0,ds2,1
Возьмите из моего стола тезисы докладов.,1,0,ds2,1
Это начало мне надоедать.,1,0,ds2,1
"Ваша вина, что не слышали.",1,0,cleanlab,1
В Италии обнаружены древние могильные комплексы под землей.,1,0,ds2,1
"Как очистить затвердевший гель-лак с пластины, каким образом удаляют механические или химые?",0,Morphology,ds2,1
Это был умный Иван Иванович.,0,Semantics,"cleanlab, datamaps",2
"Трое вакуумщиков действительно ходили как пленные звери рядом со своими насосами — у них был срочный заказ, и их уже вторые сутки не пускали спать.",0,Semantics,"cleanlab, datamaps",2
На заведующего на самого поступают жалобы.,1,0,cleanlab,1
План два года предусматривал постройку школы.,0,Semantics,cleanlab,1
Выстраивать на столь дрянном фундаменте всякие имперские конструкции крайне опрометчиво.,0,Semantics,"cleanlab, datamaps",2
Я обнаружил его лежащим одним на кровати.,0,Syntax,cleanlab,1
У нее есть уродство.,0,Semantics,"cleanlab, datamaps, ds2",3
Каждый граф семейства Петрсен образует минимальную запрещенную границу для графов семьи ΔY.,0,Hallucination,datamaps,1
Мы имели возможность работать каждому со своим материалом.,0,Syntax,"cleanlab, datamaps",2
Я читал этот роман.,1,0,ds2,1
Меня ни разу в этом доме не было.,0,Semantics,"cleanlab, datamaps, ds2",3
В ряде стран Европы и других регионов не разрешили продажу безочистного горчичного масла.,0,Morphology,"cleanlab, datamaps",2
В этом городе есть университет.,1,0,ds2,1
Иван не понимает мое желание идти на вечер одному.,1,0,ds2,1
Резко он не затормозил.,0,Semantics,"cleanlab, datamaps, ds2",3
Все утро он был раздражителен.,0,Semantics,"datamaps, ds2",2
Костюма не было в химчистке два года.,0,Semantics,"cleanlab, datamaps",2
"Она воскликнула, что ах, то был только сон.",0,Semantics,"datamaps, ds2",2
"Иван, к сожалению, в отпуске?",0,Semantics,"cleanlab, datamaps, ds2",3
"А как стала платить около кассы, туфли у нее исчезли.",0,Semantics,datamaps,1
"Я был рядом с вашим домом, но к сожалению не смог зайти к вам.",1,0,ds2,1
Никакого судна аварии не потерпело.,0,Semantics,cleanlab,1
С кем ты разговаривал?,1,0,ds2,1
Средняя средняя российская общественная учебница стоит 317 человек.,0,Hallucination,ds2,1
Я не хочу принимать его услуг.,1,0,ds2,1
Ведь чем-то эту общую закономерность нужно объяснить!,1,0,ds2,1
Большое спасибо за эту информацию.,1,0,ds2,1
"Погибло около 8000 человек как советских, так и японских войск.",0,Semantics,cleanlab,1
"Выставка в Шарлоттенборге включала также изображения запланированного здания музея, которое было спроектировано архитектором Германом Баагёэ Сторком.",1,0,cleanlab,1
Дело приняло неожиданный оборот.,1,0,ds2,1
Он живет в небольшом городке на Каспиийском море.,1,0,ds2,1
Какая она оказалась хитрая!,1,0,ds2,1
Я воспринимаю его как героя.,1,0,ds2,1
Бургани погиб при сердечном приступе в Тегеране в 48 годах.,0,Semantics,ds2,1
В США в 2003 году состояли 35 сотрудников газеты.,0,Syntax,"cleanlab, datamaps",2
Я много раз уговаривал его вернуться.,1,0,ds2,1
Сегодня я еще не был на море.,1,0,ds2,1
Перемен в технической политике фирмы еще не наступило.,1,0,ds2,1
"РПЦ планирует объединить три заповеди в один ""третий заповедник"".",0,Semantics,"cleanlab, datamaps",2
Он отказывался от всех предложений.,1,0,ds2,1
"Он не знал, что там есть столовая.",1,0,ds2,1
"На ужин у нас огромный-огромный пирог с повидлом, сто котлет и мороженое.",1,0,cleanlab,1
В мире число узлов сети растет со временем.,1,0,ds2,1
"Он думает, что слушатели, наверное, устали.",0,Semantics,"cleanlab, datamaps",2
"Большинство атабасканских языков имеют более четырех разных слов, и все они имеют много более отличительных консонантов, чем Креа.",1,0,"cleanlab, datamaps",2
"Боюсь, мне не хватит на это времени.",1,0,ds2,1
"Он мечтал, как выследить тигра.",0,Semantics,cleanlab,1
"Короткие анимационные фильмы, посвященные женщине-кошке.",1,0,ds2,1
Он хочет посоветоваться с каким-нибудь крупным специалистом в этой области.,1,0,ds2,1
Можете ли вы очистить эту грязь?,1,0,ds2,1
"Брат позвонил, когда добравшись до дома.",0,Syntax,"cleanlab, ds2",2
Левое крыло состоялось из двадцати эскадронов кавалерии.,0,Morphology,"cleanlab, datamaps",2
Громадный домище заслонил от меня солнце.,0,Semantics,"cleanlab, datamaps",2
У меня было с ним неприятное столкновение.,1,0,ds2,1
И вы узнаете истинную радость и истинный смысл успеха – экстаз и восторжество собственного духа.,0,Morphology,datamaps,1
Она ждала нас у поворота дороги.,1,0,ds2,1
Его успех был не менее чем чудом.,1,0,cleanlab,1
Мешок весит 50 кг.,1,0,ds2,1
Мы не для этого тебя выбирали.,1,0,ds2,1
"Слушай, возьми моего мужика, ступай в мясной совхоз.",1,0,ds2,1
"Кто завтра не будет работать, может пойти.",0,Semantics,datamaps,1
Моя шутка его обидела.,1,0,ds2,1
Я однажды решал эту задачу.,1,0,ds2,1
Я беру у вас эту книгу на неделю.,1,0,ds2,1
В понедельник в Москве хоронили известных программиста и журналиста Владимира Сухомлина.,0,Syntax,"cleanlab, datamaps",2
Утром Тамбулов встал рано и стопочкой сложил использованное белье в шкаф.,1,0,ds2,1
Я не прогоняю этой женщины.,0,Semantics,"cleanlab, datamaps",2
"У Маши дети взрослые, а у Даши они в детский сад ходят.",0,Semantics,"cleanlab, datamaps, ds2",3
Потратьте эти деньги на модернизацию чего бы то ни было.,0,Semantics,"cleanlab, datamaps",2
"Потому что его убило, другой головы не поднимает.",0,Syntax,"cleanlab, datamaps",2
"Петя покрасил дачу, а Коля отремонтировал машину.",1,0,ds2,1
За прилавком стоял продавец.,1,0,ds2,1
На самом деле большая часть фильмов этого периода носит мифологический характер.,1,0,ds2,1
МВД арестовало его городским управлением внутренних дел.,0,Syntax,"cleanlab, datamaps",2
"Каждое утро мимо нас по коридору проносили большие термоса и корзинки с провиантом для наркома на случай, если он в обеденное время окажется здесь.",0,Morphology,"cleanlab, datamaps",2
"Я узнал, что ребята пришли к финишу, первым.",1,0,cleanlab,1
"Моя жена часто звонит мне, когда она путешествует за границу.",1,0,ds2,1
В доме кто-то есть.,1,0,"datamaps, ds2",2
Я прочел уже больше половины книги.,1,0,ds2,1
В поселке ли врач?,1,0,cleanlab,1
Мы разбили бутылку пустой.,0,Syntax,cleanlab,1
Он ездит туда сам.,1,0,ds2,1
"Кстати, не случайно первым указом преемника было освобождение Ельцина и его семьи от ответственности за какие-либо, совершенные в бытность на посту президента.",0,Semantics,"cleanlab, datamaps",2
Могу резко не тормозить.,1,0,ds2,1
"Он всегда говорил очень убедительно, хотя у меня возникали некоторые сомнения.",1,0,ds2,1
Он осознал свою вину.,1,0,ds2,1
Задавал ли он тебе какие-либо каверзные вопросы?,1,0,cleanlab,1
Язык в моей семье и семье был русско-украинский.,0,Hallucination,"cleanlab, datamaps, ds2",3
"День был дождливый, но Коля не взял зонт.",1,0,ds2,1
Кто-то видел каждого из них.,1,0,ds2,1
Маша сидела поодаль от мужа и читала.,0,Semantics,"cleanlab, datamaps, ds2",3
Мой дом стоит не на горе.,1,0,ds2,1
У этой комнаты пять метров в ширину.,0,Semantics,"cleanlab, datamaps, ds2",3
Он становится мертвенно бледным.,1,0,ds2,1
Она взяла мне эту книгу в библиотеке.,1,0,ds2,1
Макманус сыграет в роли Джозефа Сuttonа.,0,Hallucination,"cleanlab, datamaps",2
Темные глаза у нее сияли.,0,Semantics,"cleanlab, datamaps, ds2",3
"Стая птиц, поднявшихся над болотом, покружили немного, громко крича, но вскоре успокоились.",0,Syntax,datamaps,1
Он меня не узнал.,1,0,ds2,1
В это время из зала в гостиную вошла незнакомая Ларе девушка.,1,0,ds2,1
Из-за туч показалась луна.,1,0,ds2,1
"Почему ты, Ваня, не был в школе?",1,0,ds2,1
У него появились боли в левом боку.,1,0,ds2,1
Мне приходит в голову один случай.,1,0,ds2,1
"Просто ляжете на траву, закройте глаза и почувствуйте, что происходит внутри.",0,Morphology,"cleanlab, datamaps",2
Спортсмен дрался как лев и тигр.,0,Syntax,"cleanlab, ds2",2
Звезды погасли одна за другой.,1,0,ds2,1
Я не вижу смысла.,1,0,ds2,1
Я ему об этом написал.,1,0,ds2,1
"Мне кажется, что в своих выводах вы недалеки к истине.",0,Syntax,cleanlab,1
"Сначала она была в каком-то раздраженном состоянии, но потом успокоилась.",1,0,ds2,1
Многие млекопитающиеся (а звери ― это как раз и есть млекопитающиеся животные) кусают очень похоже на нас с вами.,0,Morphology,"cleanlab, datamaps",2
Жена Николая II согласно завещанию обязана занять престол после его смерти.,1,0,ds2,1
"Да, он может входить, если еще пришел!",0,Semantics,"cleanlab, datamaps, ds2",3
В то время это был самый маленький известный контрпример к предположению Тата.,0,Hallucination,cleanlab,1
В машине сидели шесть человек.,1,0,ds2,1
Он прошел близко от меня.,1,0,ds2,1
Она с негодованием приняла это известие.,0,Semantics,"cleanlab, datamaps",2
Вы одни показались мне веселым.,0,Syntax,"cleanlab, ds2",2
"Стала бы я стараться, если бы знала!",1,0,ds2,1
"Я знаю, что Маша уехала.",1,0,ds2,1
Сегодня отец уже был на море.,1,0,ds2,1
Он долго не приходил.,1,0,ds2,1
В это время князь Андрей подошел к Наташе.,1,0,ds2,1
"Она долго бежала рядом с забором, а потом повернула налево.",0,Semantics,"cleanlab, datamaps, ds2",3
"Толстой-публицист не только приобрел огромную известность в России, но и во всем мире.",0,Syntax,cleanlab,1
"Я был поражен, какая она оказалась хитрая.",1,0,ds2,1
Я не дочитал вашу рукопись.,1,0,ds2,1
Завтра мы слышим оперу.,0,Semantics,"cleanlab, datamaps",2
"Я знаю, что он, несомненно, прав.",0,Semantics,"cleanlab, datamaps, ds2",3
"Главное, на чём следует сосредоточиться и разобраться при разработке плана проекта, — это возможные риски.",0,Syntax,"cleanlab, datamaps",2
Я взялся за перила.,1,0,ds2,1
Так быстро он не справится.,1,0,ds2,1
"Напрасно вы думаете, что вы здоровы, у вас есть нервное расстройство.",0,Semantics,"cleanlab, datamaps",2
К тебе кто-то приходил.,1,0,ds2,1
"Если его не остановить, он до утра быть рассказывать о своих подвигах.",0,Syntax,ds2,1
Ему чужды какие-либо колебания.,1,0,ds2,1
Я не затруднил ее своей просьбой.,1,0,ds2,1
Возьмите из моего чемодана полотенце.,1,0,ds2,1
"Комната плохо освещена, поэтому работать в ней неудобно.",1,0,ds2,1
В комнату вошел адвокат.,1,0,ds2,1
"Крайнюю ступень в ряду фразеологических сочетаний занимают обороты, включающие слова с единичным употреблением.",1,0,cleanlab,1
Он принял на себя управление имением.,1,0,ds2,1
Уличных звуков сюда не доносится.,1,0,ds2,1
Я обрадовался его приходу.,1,0,ds2,1
"Он не мог пожать мне руку, он нес два арбуза.",1,0,ds2,1
Имеет ли человек право ходить голый и где оно записано?,1,0,cleanlab,1
Я этого не понимал.,1,0,ds2,1
"Мы подолгу беседуем о прочитанном (так случилось, что круг нашего чтения очень совпадал) и иногда злоупотребляли временем.",0,Syntax,datamaps,1
"Маша играет на скрипке, когда Саша – на виолончели.",0,Syntax,"cleanlab, datamaps",2
Вот на этой стене висела картина.,1,0,ds2,1
"Я принимаю его таким, какой он есть.",1,0,ds2,1
Он получил промывание желудка.,0,Semantics,"cleanlab, datamaps",2
Он никогда не ел каши.,1,0,ds2,1
"Не может быть, чтобы он не усмехнулся исподтишка.",1,0,ds2,1
Когда-нибудь и тебе будет доводиться спать в кресле.,0,Semantics,"cleanlab, datamaps",2
"Едва Степан Трофимович остановился и пригляделся к скользившим белым облачкам по небу, как вдруг услышал лёгкий шорох.",0,Syntax,"cleanlab, datamaps",2
Иван выращивает новый сорт пшеницы.,1,0,ds2,1
Я давно не был в Москве.,1,0,ds2,1
"Похоже, никто его не знает.",1,0,ds2,1
Эта речка впадала в небольшое озеро.,1,0,ds2,1
"Все это не делалось, потому что кто-нибудь желал зла Левину.",0,Semantics,"cleanlab, datamaps",2
У нее есть изящество.,1,0,ds2,1
"Это так новое, чтобы увидеть это, что кто-то на самом деле взял аналоговый аппарат и написал мне.",0,Hallucination,datamaps,1
Решено: пойдет кто-то один.,1,0,ds2,1
Она боялась его врагов.,1,0,ds2,1
Его обувь нужно отремонтировать.,1,0,ds2,1
Он успел отправить письмо.,1,0,ds2,1
После ее слов у меня опять появилась надежда.,1,0,ds2,1
"Хорошо, что он купил что-нибудь.",0,Semantics,"cleanlab, datamaps, ds2",3
И поэтому я должен разобраться с этим сам.,1,0,ds2,1
Я не обещаю вернуться.,1,0,ds2,1
"Рядом с ним стоял какой-то высокий молодой человек, и они о чем-то очень оживленно разговаривали.",1,0,ds2,1
Он пытался заставить меня смеяться.,1,0,ds2,1
Я с трудом заметил в толпе Петьку.,0,Semantics,"cleanlab, datamaps",2
"Если три судьи говорят ""Да"" то проходит дальше по правилам.",0,Syntax,cleanlab,1
Я открыл ему тайну.,1,0,ds2,1
МГУ отпраздновало свой юбилей.,0,Syntax,"cleanlab, datamaps, ds2",3
Прямая и отрезок пересекаются.,1,0,ds2,1
"Ученые считают, что степень защищенности всех Вечно сущих равна единице.",0,Morphology,"cleanlab, datamaps",2
В Европе растет беспокойство по поводу кризиса на Среднем Востоке.,1,0,ds2,1
Мне его няня передавала.,0,Semantics,"cleanlab, datamaps",2
В машине сидело шесть человек.,1,0,ds2,1
"Безусловно, неожиданно автобус остановился.",0,Semantics,"cleanlab, datamaps",2
"Когда он увидел это, горе потратило его силы.",0,Semantics,"cleanlab, datamaps",2
"Вася что получит, то и пропьёт, а я крутись-вертись на свою зарплату.",1,0,ds2,1
"Проверьте, работает ли ваше соединение.",1,0,ds2,1
Мы с вами встречались.,1,0,ds2,1
Он резко не затормозил.,0,Semantics,ds2,1
Газета «Московский комсомолец» опубликовал статью известного кинокритика.,0,Syntax,cleanlab,1
По завещанию имущество достается жене и детям.,1,0,ds2,1
Мой дом стоит на горе.,1,0,ds2,1
В этот момент он начал говорить.,1,0,ds2,1
Он все еще ей не написал.,1,0,ds2,1
У нее были такие большие зубы.,1,0,ds2,1
Публика приняла эту пьесу с восторгом.,1,0,ds2,1
"Но Джул не ошибалась, и Томсон, тщательно подумав, согласился с ним.",0,Syntax,"cleanlab, datamaps",2
Канава сейчас отделяет нашу ферму от соседней.,1,0,ds2,1
"А вдоль побережьев Америки, Африки и Евразии протянулись цепочками глубоководные впадины.",0,Morphology,cleanlab,1
"Вы могли бы научиться много от них, если бы вы только слушали.",1,0,cleanlab,1
Он съел мясо сырым.,1,0,ds2,1
"Да полно, существует ли он еще, этот дом?",1,0,cleanlab,1
Меня огорчил его приход.,1,0,ds2,1
В мире есть много зла.,1,0,ds2,1
Я не воспринимаю этого человека.,0,Semantics,"cleanlab, datamaps, ds2",3
Вы не могли бы попробовать торт?,1,0,ds2,1
Иван отменил решение пойти на встречу один.,1,0,ds2,1
Для нихсударственных организаций разработали метод анализа бюджетов для разрешения конфликтов с женщинами.,0,Morphology,cleanlab,1
Мы не получали письмо.,1,0,ds2,1
Я рискую опоздать на семинар.,1,0,ds2,1
Взгляни на рисунок и вырежи из тонкого картона точно такие же очки.,1,0,cleanlab,1
"Это было веселее, чем ходить в зоопарк, потому что Феликс позволил Августину помочь с животными.",1,0,ds2,1
Я не воспринимаю такой музыки.,1,0,ds2,1
Ответственные сторожи проверили пропуск у всех.,0,Morphology,cleanlab,1
"Тот день, как они расстались, был сорок пять лет назад.",0,Syntax,cleanlab,1
"Даже вывеску со здания, которое она занимала, сняли.",1,0,ds2,1
Есть ли много животных в зоопарке?,0,Syntax,"cleanlab, datamaps, ds2",3
Солдаты грелись возле костров.,1,0,"cleanlab, datamaps, ds2",3
Он целый год уговаривал меня к нему приехать.,1,0,ds2,1
"Это хороший повод, чтобы познакомиться.",1,0,ds2,1
В зале повара с задумчивым видом пили из блюдцев зелёный чай.,0,Morphology,cleanlab,1
В парке этим днем мало посетителей.,0,Semantics,cleanlab,1
"Я думаю, что он прав.",1,0,ds2,1
В этом дворе сторожевая собака.,1,0,ds2,1
Вид питается насекомыми в течение дня.,0,Semantics,"cleanlab, datamaps",2
Других улик не осталось.,1,0,ds2,1
"Меня не было дома, когда выключили свет.",1,0,ds2,1
Он был весь исцарапан.,1,0,ds2,1
Солдатам командир отдал приказ выдвигаться на позицию.,1,0,ds2,1
"Я рад, что он, наверное, вернулся.",0,Semantics,"cleanlab, datamaps, ds2",3
Ты можешь взять любую из этих книг.,1,0,"cleanlab, datamaps, ds2",3
Он заслонил мне экран.,1,0,ds2,1
Китай в отличие от Европы был объединённым в течение длительных периодов.,1,0,cleanlab,1
"Я принимаю предложение, которое вы сделали Ивану Сергеевичу.",0,Semantics,"cleanlab, datamaps",2
"Резидент Эвил 5 был обвинен в расизме, поскольку главный герой должен отстрелить темнокожих афроамериканцев.",0,Morphology,"cleanlab, datamaps",2
Она ходит на работу пешком.,1,0,ds2,1
В сражении у Гастингса англичане потерпели поражение.,0,Semantics,"cleanlab, datamaps",2
Змея ползет по дороге.,1,0,ds2,1
Он работал на кирпичном заводе у деревни «Малые Вяземы».,0,Semantics,"cleanlab, datamaps",2
Но где-то в тысячу девятьсот восьмидесятом году какая-то деталь не сцепилась.,0,Morphology,cleanlab,1
Весь год у меня был друг.,1,0,ds2,1
"Когда Адам проснулся, Ева уже ушла.",1,0,ds2,1
Меня к ней уже отослали.,0,Semantics,"cleanlab, datamaps, ds2",3
Отдайте его в музыкальную школу!,1,0,ds2,1
"Знаю, что он пришел.",1,0,ds2,1
Он мертвенно становится бледным.,0,Semantics,"cleanlab, datamaps, ds2",3
"Он, я с вами согласен, сильно изменился.",1,0,ds2,1
"А весной, когда до конца тают снега и приходит пора яростных ливней, речки возрождаются и промывают себе новые русла.",0,Semantics,datamaps,1
У соболя густой и длинный мех.,1,0,ds2,1
По утрам открывай окно.,1,0,ds2,1
Автобус не должен отправляться ночью.,1,0,ds2,1
Вы явно не читали эту книжку?,0,Semantics,"cleanlab, datamaps, ds2",3
Он проталкивался к двери и кашляет от морозного воздуха.,0,Syntax,"datamaps, ds2",2
Мы давно посидели на лавочке.,0,Semantics,"cleanlab, datamaps",2
"Мы собрались вместе, чтобы всем разобраться в этом деле.",1,0,ds2,1
Приехавшие делегаты на конференцию должны зарегистрироваться согласно установленной процедуре.,0,Syntax,"cleanlab, datamaps",2
У нас вчера было заседание сектора.,1,0,ds2,1
"В 1929 году Ньюкомб переехал на Мальту в качестве главного инженера, а в 1932 году ушел в отставку.",1,0,ds2,1
"Во многих отношениях, это то, о чем все дело.",0,Morphology,"datamaps, ds2",2
"То, что он участвовал в этом сборище, меня удивило.",1,0,ds2,1
"В музее Екатеринбурга нашли все колокола, изъятые по закону 1930 года о коллекторах.",0,Syntax,"cleanlab, datamaps",2
Он показался в назначенный срок.,0,Semantics,datamaps,1
"Не зная китайской жизни, китайских традиций, читателю эта мысль может показаться странной.",1,0,cleanlab,1
Я и мои друзья готовлюсь к общегородской конференции по обществознанию.,0,Syntax,cleanlab,1
Ни один студент не был на лекции.,1,0,ds2,1
Получу ли я от этого пользу?,1,0,ds2,1
"Я думаю, что он это сделает.",1,0,ds2,1
"Мультик рассказывает, что надо быть готовому ко всему, выбрать свой путь жизни.",1,0,cleanlab,1
У руководства группы были другие планы.,1,0,ds2,1
"Он заставлял жен плясать напоказ голые в будние дни, после чего обменивал их на оружие или на филейную часть мамонта.",0,Syntax,"cleanlab, datamaps",2
"Мне не жаль, что он зашел.",1,0,ds2,1
Он сидел у печки и подбрасывал в нее дрова.,1,0,ds2,1
В небе находится неопознанный летающий объект.,1,0,ds2,1
Ваше отсутствие не будет тормозить работу.,1,0,ds2,1
Она думала о его врагах.,1,0,ds2,1
Среди его друзей есть бизнесмены.,1,0,ds2,1
Иногда к ней приходит кто-нибудь из ее друзей.,1,0,ds2,1
Он плотно закрыл дверь.,1,0,ds2,1
Всего мне достаточно.,0,Syntax,"cleanlab, datamaps",2
Не стоит принижать заслуг тренера в победе его воспитанников — юных футболистов — в матче с более опытным соперником.,1,0,ds2,1
"Маша вчера сказала: ""Я приеду завтра"".",1,0,ds2,1
"Но буквально в полуторах метрах к северу от центральной гробницы мы вскоре обнаружили вторую могилу, не тронутую грабителями.",0,Morphology,"cleanlab, datamaps",2
"Эта история - из категории тех мамочек-золотоскатлиц, которые рассказывают моей дочери перед сном-золотоскатлицам.",0,Hallucination,"cleanlab, ds2",2
Н.С. Михалков недавно еще раз выразил свое желание быть похоронен здесь.,0,Syntax,"cleanlab, datamaps",2
"Та, что в тот день с красной сумкой, оказалась женой Феди.",0,Syntax,"cleanlab, datamaps",2
"Юноши готовились к соревнованиям наездников, считавшихся у черкесов большим событием.",0,Syntax,"cleanlab, ds2",2
Я не считаю уместным давать никакие указания.,0,Semantics,"cleanlab, datamaps",2
Поселок находился вдали от железной дороги.,1,0,ds2,1
"Я думаю, что между ними что-то произошло.",1,0,ds2,1
В среду в университете начинались занятия.,1,0,ds2,1
Я дала тебе свое сердце.,0,Semantics,"cleanlab, datamaps, ds2",3
Мы выбрали Ивана председателем.,1,0,ds2,1
"Скажете ли вы, что я более честнее поступил?",0,Morphology,cleanlab,1
"Возьми из моего кармана ключ, он мне мешает.",0,Semantics,"cleanlab, datamaps",2
Мне казалось больным ступать босиком по камешкам.,0,Semantics,"cleanlab, datamaps",2
На заведующего самого поступают жалобы.,1,0,cleanlab,1
"У нее есть недостатки, но она неплохой человек.",1,0,ds2,1
В этот день никто не работал.,1,0,ds2,1
Сегодня отец еще не был на море.,1,0,ds2,1
"Она так и сидела в гостинной, окруженная полторастами произведениями своей коллекции.",0,Morphology,cleanlab,1
Флаг развевается на ветру.,1,0,ds2,1
Между ними началось нечто неожиданное.,1,0,ds2,1
Резко он не тормозил.,1,0,ds2,1
Жене моей нездоровится.,1,0,ds2,1
"Ваня, в отличие от других, не понял.",1,0,ds2,1
Было выпито вина.,0,Syntax,ds2,1
Самая востребованная профессия была программистом.,0,Syntax,"cleanlab, datamaps",2
"Там нет ни трудностей, ни всяких интересных задач.",0,Semantics,cleanlab,1
Детей не разговаривало на уроке.,0,Syntax,cleanlab,1
После этого она захромала.,0,Semantics,datamaps,1
Мы с ними договорились.,1,0,ds2,1
"Миша воображает, что его кто-нибудь понял.",0,Semantics,"cleanlab, datamaps, ds2",3
Она сделала печальное лицо.,1,0,ds2,1
Возле старого голландского здания с аркадами в нижнем этаже ос тановились.,1,0,cleanlab,1
У магазина толпилось много народу.,1,0,ds2,1
"Простодушно улыбаясь, из-за спины Саши появился букет ромашек, которые он нарвал в поле неподалёку от дороги.",0,Syntax,cleanlab,1
Мая: Давайте останемся здесь вместе... и... никогда не уходим.,0,Syntax,"cleanlab, datamaps",2
Крым всегда будет рад вас видеть.,1,0,ds2,1
Компании повышают ценообразование за счет целевого ценообразования на основе созданных профилей.,0,Hallucination,"cleanlab, datamaps",2
"Найдя, это ее обрадовало.",0,Syntax,datamaps,1
Мешок весит меньше 50 кг.,1,0,ds2,1
Этот город известен своей уникальной архитектурой и славной историей.,1,0,ds2,1
Но Александр Борисович отрицает всякие мстительные мотивы в своем выборе.,0,Semantics,datamaps,1
Мне нет необходимости это выяснять.,1,0,ds2,1
Он осознает свои собственные ошибки.,1,0,ds2,1
"Так что можно собрать по сусексам тех, кто ещё не покинул столицу нашей Родины.",1,0,cleanlab,1
У меня есть фото из одного места в Кентукки.,1,0,ds2,1
Дорога идет на север.,1,0,ds2,1
"Насколько я понимаю, он здесь был.",1,0,ds2,1
В лесу у нас много грибов.,1,0,ds2,1
"На нем полковничья шинель без погонов, в руке тонкая тросточка.",0,Morphology,"cleanlab, datamaps",2
Дверь плохо открылась.,0,Semantics,"cleanlab, datamaps, ds2",3
"Иван знает, что занятия отменяются.",1,0,ds2,1
Кухня обслуживает международные и турецкие блюда с акцентом на здоровую пищу.,1,0,ds2,1
Я взяла ее в свою комнату.,0,Semantics,"cleanlab, datamaps, ds2",3
"Врачи сообщают, что Мика, скорее всего, полностью выздоравливает.",0,Morphology,"cleanlab, datamaps, ds2",3
"О многих своих открытиях, ввиду их закрытого характера, пока существует враждебный лагерь, я, естественно, не могу рассказать.",1,0,cleanlab,1
Начавшийся процесс его обращения надломился и прекратился трагически.,0,Semantics,"cleanlab, datamaps, ds2",3
"Солдат умолк, нахмурился, исподлобья посмотрел на мать, которая сидела, за всё время не пророняя слов.",0,Morphology,"cleanlab, datamaps",2
Вряд ли я исправлю что бы то ни было.,1,0,ds2,1
"Люди вы свои, и мне жалко, коли вы пропадете ни за что.",1,0,ds2,1
Теперь предстояло быть сплавленному на Землю совету насчет манных клецек.,1,0,cleanlab,1
"Мы знаем, кем кадет объяснял свое решение стать.",0,Syntax,"cleanlab, datamaps",2
"Чтобы завтра встать пораньше, надо завести будильник.",1,0,ds2,1
Ваше отсутствие не тормозило работу.,1,0,ds2,1
Он должен был успеть на поезд.,1,0,ds2,1
Весь вечер мы провели около пианино.,1,0,ds2,1
"Ты так это сказал, как будто здесь хозяин.",0,Syntax,"cleanlab, datamaps",2
"Брат надеется на то, что поступит в университет.",1,0,ds2,1
Было начато строить новый район.,0,Syntax,cleanlab,1
У магазина было много народу.,1,0,ds2,1
Уличных звуков не доносится сквозь двойные рамы.,0,Semantics,"cleanlab, datamaps",2
Я не дочитал двух страниц.,1,0,ds2,1
Он затормозил не резко.,1,0,cleanlab,1
Какая-то черная собака находится у вас на участке.,1,0,ds2,1
После войны эта местность получила новое название.,1,0,ds2,1
Я купила ей туфли.,1,0,ds2,1
Ее голос стал горькой ноткой.,0,Semantics,"cleanlab, datamaps",2
Светила погасли одно за другим.,1,0,ds2,1
Сегодня в овощном были не только яблоки.,1,0,ds2,1
"Стоя у двери, Ане был слышен весь разговор.",1,0,cleanlab,1
"Природа врачует не только душу человека, но и может быть слепа и жестока к нему.",0,Syntax,datamaps,1
"Мальчишек не столько беспокоило будущее их проекта, сколько его настоящее, потому что сейчас ребятам не хватало материалов для работы.",0,Syntax,cleanlab,1
Газифицированные украинские земли начинают влиять друг на друга.,0,Semantics,"cleanlab, datamaps, ds2",3
"На столе у инженера лежала книга, открытая на одной и той же странице и которую он никогда не читал.",0,Syntax,cleanlab,1
"Возьми у меня плед, мне тяжело его нести.",1,0,"cleanlab, datamaps, ds2",3
"Зина считает, что очень нужно ему в очереди стоять.",0,Semantics,datamaps,1
Ты взял белье из прачечной?,1,0,ds2,1
Ваня не был дома.,0,Semantics,"cleanlab, datamaps, ds2",3
"Лежавшая книга на полке была той самой, которую я давно искал.",0,Syntax,"cleanlab, datamaps, ds2",3
Я направил к преподавателю трех студентов принять экзамен.,0,Syntax,datamaps,1
Я посмотрел на Машу и на Петю.,1,0,ds2,1
Я с удовольствием вымыла посуду.,1,0,ds2,1
"Газет он не читает, а просматривает.",0,Semantics,"cleanlab, datamaps, ds2",3
Всю ответственность я принимаю на себя.,1,0,ds2,1
"Вместо того, чтобы заниматься, Миша слушает диски.",1,0,cleanlab,1
Эти препараты сейчас появились.,1,0,ds2,1
Ветер шелестит листьями в аллее.,1,0,ds2,1
Мне не надо отдыхать.,1,0,ds2,1
"Сомневаюсь, что она знает всякие детали.",0,Semantics,"cleanlab, datamaps, ds2",3
Он ест одну мо ковку.,1,0,"cleanlab, ds2",2
Его письмо подтвердило его согласие.,1,0,ds2,1
Он был в страшном отчаянии.,1,0,ds2,1
Мой друг коренной москвич и проживает в чем-нибудь на Преснена улице Заморенова.,0,Syntax,"cleanlab, datamaps",2
"Хотелось бы подтвердить выводы на данных, полученных экспериментальным путём.",0,Syntax,cleanlab,1
"Том пошёл в библиотеку, чтобы увидеть Мэри.",1,0,ds2,1
Он начинает меня раздражать.,1,0,ds2,1
"Однако космонавты испытывают состояние ее, так как они как бы все время падают на Землю, но промахиваются.",0,Syntax,cleanlab,1
У меня есть Маша.,1,0,ds2,1
Я отдам тебе книги на следующей неделе.,1,0,ds2,1
"Согласно официальных данных, в результате землетрясения в Японии погибли более пяти тысяч человек.",0,Syntax,"cleanlab, ds2",2
Это был несчастный случай.,1,0,ds2,1
Что ты знаешь нового про Ливию?,1,0,ds2,1
Войска Северного флота приостанавливают операции в районе Нарвских позиций с 16 по 24 марта 2017 года.,1,0,ds2,1
Арест подозреваемых в коррупции вызвал протесты.,1,0,ds2,1
В моей комнате есть кондиционер.,1,0,ds2,1
"Иван закрыл глаза, чтобы он не увидел происходящего.",0,Syntax,"cleanlab, datamaps",2
Он раздражается по любому поводу.,1,0,ds2,1
Котлета бы у него!,0,Semantics,"cleanlab, datamaps",2
Она редко о чем-то мечтает.,0,Semantics,"cleanlab, datamaps, ds2",3
Из баллона газ вытек.,1,0,cleanlab,1
"Наверное, к нему кто-нибудь пришел.",1,0,"datamaps, ds2",2
"Я чувствую, что он, наверное, где-то поблизости.",0,Semantics,"cleanlab, datamaps, ds2",3
"Не думаю, что Ваня тоже понял.",1,0,ds2,1
"Совершенно очевидно, что человек отчаянно зануждается в профессиональной консультации и радикальной перемене образа жизни.",0,Semantics,ds2,1
Мы решили эту хозяйственную задачу.,1,0,ds2,1
"Дети, как я боюсь, не спят.",0,Semantics,"cleanlab, datamaps",2
"А я думал, что он, к счастью, еще здесь.",0,Semantics,"cleanlab, datamaps",2
Я испугался его прихода.,1,0,ds2,1
Клинические фармацевты в настоящее время являются неотъемлемой частью междисциплинарного подхода к заботе о пациентах.,1,0,ds2,1
"Он пришел 8 сентября, и приход мальчика был печален.",1,0,ds2,1
"Я воспользовался перочинным ножом, чтобы разрезать колбасу.",1,0,ds2,1
"Спуская отходы в реку, завод повышает содержание в воде соединений хлора.",1,0,cleanlab,1
"Я сказал это, чтобы сказать что-нибудь.",1,0,"datamaps, ds2",2
Я рискую опозданием на семинар.,0,Semantics,"cleanlab, datamaps, ds2",3
Все гости перепробовали этот торт.,1,0,ds2,1
Он дал свое согласие.,1,0,ds2,1
Я была вчера на демонстрации.,1,0,"cleanlab, ds2",2
"Он не в Париже, а в Лондоне.",1,0,ds2,1
Он с бешенством принял возражения оппонента.,0,Semantics,"cleanlab, datamaps",2
"Джоуи обещает не влиять на Слейда, но это займёт неделю после появления.",0,Hallucination,"datamaps, ds2",2
Будет искать новых сторонников.,1,0,ds2,1
"Что ты не знаешь, как починить?",1,0,cleanlab,1
Можно ли купить новый автомобиль?,1,0,ds2,1
"Она съездиет на дачу, а потом ― работа и жизнь.",0,Morphology,datamaps,1
Ваня обрадовал нашу маму своим приходом.,1,0,ds2,1
"Что вы хотите, чтобы я сказал?",1,0,ds2,1
Трава блестит на солнце.,1,0,ds2,1
Постарайся заметить вон ту звездочку над самой горой.,0,Semantics,"cleanlab, datamaps, ds2",3
Из-за туч появилась луна.,1,0,ds2,1
"Ее поклонник, как всегда, сидел около нее, и они о чем-то оживленно беседовали.",1,0,ds2,1
Я ощутил запах гари.,1,0,ds2,1
"Если у тебя есть вопрос к Тому, спроси его сам.",1,0,ds2,1
Всю неделю у меня нарывал палец.,1,0,ds2,1
"Проходите, — сказала женщина, хлопотавшая около стола.",1,0,ds2,1
"Мультфильм ""Алиса"" выиграл лучший анимационный фильм в номинации «Оскар».",0,Syntax,"cleanlab, datamaps",2
Поколение наших отцов и дедов с недоверием воспринимали реформы.,0,Syntax,cleanlab,1
"Иван воскликнул, что какой у нее голос.",0,Semantics,"cleanlab, datamaps",2
"В путеводителе я позже вычитал, что киприоты всегда готовы приходить на помощь.",1,0,cleanlab,1
"Если кто-то из них вдруг придет, я буду рада.",1,0,ds2,1
Король Хуссейн не выбрал преемником Хасана.,0,Semantics,"cleanlab, datamaps",2
Арчер встречает его в доме Элена.,0,Syntax,"cleanlab, datamaps",2
Я не стирала полотенца.,1,0,ds2,1
"Я бы объявил, что собрание открыто.",0,Semantics,"cleanlab, datamaps",2
Я отдала ему свое старое пальто.,1,0,ds2,1
"Я видела, что он плакал.",1,0,ds2,1
"Он боится, что она, может быть, его забыла.",1,0,ds2,1
На такое времени не отпущено.,1,0,cleanlab,1
"В нем все бушевало, но сейчас, как ни странно, он начал успокаиваться.",1,0,ds2,1
"Тот добровольно объяснил, как бы это хотела выйти в отставку.",0,Syntax,cleanlab,1
Он не успел отправить письмо.,1,0,ds2,1
"Он обещает прийти, но не пришел.",0,Semantics,"cleanlab, datamaps, ds2",3
Я был у приятеля.,1,0,ds2,1
В этой реке множество рыбы.,1,0,ds2,1
"Я, как только увидел пропажу, выпил и схватился за голову.",0,Semantics,"cleanlab, datamaps",2
"Поезд, скрежеща тормозами, остановился.",1,0,ds2,1
"Иван говорит, что во вторник он, может быть, придет.",1,0,ds2,1
"Погода была дождливая, а я не взял зонт.",1,0,ds2,1
Я никогда в этом доме не буду.,1,0,ds2,1
"Естественно, любая выставка за рубежом ставит вопрос о том, как искусство представляет страну-экспортер.",0,Syntax,cleanlab,1
"Когда Адам вернулся, Ева пошла в магазин.",1,0,ds2,1
"Агриппа Неттесгеймский в 1519 г. спас тем, что вмешался, одну женщину, из деревни Войппи, обвинённую инквизиционным судом в ведовстве.",1,0,cleanlab,1
Среди моих студентов есть способные люди.,1,0,ds2,1
Он шел в магазин?,0,Semantics,"cleanlab, datamaps, ds2",3
Пришел мужик в лес и рубил дрова.,0,Semantics,"cleanlab, datamaps, ds2",3
Резко он не тормозит.,1,0,ds2,1
Он открыл шкаф и достал оттуда два больших полотенца.,1,0,ds2,1
Хозяйки в доме не заметно.,1,0,ds2,1
И ночные вызова на работу случались.,0,Morphology,datamaps,1
Его способность быть счастливым самим и делать счастливыми других всегда удивляла меня.,0,Syntax,datamaps,1
Страны НАТО хотят взять с Ирана обязательство не применять ядерное оружие первый.,0,Syntax,"cleanlab, datamaps",2
"Стандартные модели 200 имели кузова четырёхдверный седан, двухдверное купе и трьхместное бизнес-купе (без задних сидений) и пятидверного бизнес—купе.",0,Hallucination,cleanlab,1
Загранпаспорт необходимо заменить по истечению срока его действия.,0,Syntax,cleanlab,1
"Иван говорит, что слегка простужен.",1,0,ds2,1
Иван показал Лене на фотографии.,1,0,ds2,1
"Нет никого без греха, и это.",0,Syntax,cleanlab,1
Это известие надолго лишает меня сна.,0,Semantics,"cleanlab, datamaps",2
"Журналистка, была приглашена министром дать ей интервью.",0,Syntax,datamaps,1
В летнее время эта площадка превращалась в ресторан.,1,0,ds2,1
В начале четвертого курса она уже владела шведским языком.,1,0,ds2,1
"Пересшила она это платьишко, отделала его кое-где кружевцами, и чудесное платьице вышло.",0,Morphology,"cleanlab, datamaps",2
Этот смешно был очень тяжелым.,0,Syntax,datamaps,1
Завтра я буду принимать дела.,1,0,ds2,1
Сторонников новых будет искать.,1,0,ds2,1
За тот год добыча угля не возросла на 10 млн тонн.,0,Semantics,"cleanlab, datamaps",2
"Я думаю, что он хоть пальцем пошевелит, чтобы помочь тебе.",0,Semantics,datamaps,1
Этот бой был очень тяжелым.,1,0,ds2,1
"Он не поздравил ни с Новым годом, ни с Восьмым мартом, ни с днем рождения Валерки.",0,Morphology,"cleanlab, datamaps",2
Он сейчас в зале периодики читает журналы.,1,0,"cleanlab, ds2",2
Иван не был дома месяц.,1,0,ds2,1
Тогда руководители NASA также сначала отрицали наличие всяких серьезных технологических проблем.,0,Semantics,"cleanlab, datamaps",2
"Я уверен, что он несомненно прав.",1,0,ds2,1
Доклад написан с шести до семи.,0,Semantics,cleanlab,1
Тебе завтра не будет туда попасть.,0,Syntax,datamaps,1
Брюки у пояса мне узки.,0,Semantics,"cleanlab, datamaps",2
Ряд исследований посвящены проблеме интерпретации текстов.,0,Syntax,cleanlab,1
В путь-дорогу дальний я тебя отправлю.,0,Syntax,"cleanlab, datamaps",2
Его принцип отвергает какое-либо облучение мозга.,0,Semantics,"cleanlab, datamaps",2
Ее матери пришлось пережить много горя.,1,0,ds2,1
Возьми мне на складе еще одну банку консервов.,1,0,datamaps,1
"Ряд авторов считают, что все изученные ими собаки генетически друг к другу ближе, чем волки.",0,Syntax,datamaps,1
Ее устраивает в Париже.,0,Syntax,cleanlab,1
Я смотрел фильм на французском языке с английскими субтитрами.,1,0,ds2,1
Она приняла к себе ребенка.,0,Semantics,"datamaps, ds2",2
"Особенно когда в полуторастах метрах позади лежал скелет ящера, убитого человеческим оружием.",0,Morphology,"cleanlab, datamaps",2
"Он утверждает, что все знает об этом.",1,0,ds2,1
Перемены в технической политике фирмы еще не начались.,1,0,ds2,1
"Телега сломана два дня назад, но сегодня ее починили.",0,Semantics,"cleanlab, datamaps",2
"Он все-таки дал ей ту книгу, которую она хотела.",1,0,ds2,1
Можно пойти на концерт.,1,0,ds2,1
"Готовиться к войне 1812 г. как Франция, так и Россия начали за два года до того, как она разражается.",0,Syntax,datamaps,1
"Иван подозревает, что его обманывают.",1,0,ds2,1
"Если она не хочет принять вашу помощь, пусть примет мою.",1,0,ds2,1
Я шел вдоль реки по узенькой тропинке.,1,0,ds2,1
"На пруду, которого поверхность виднелась сквозь аллеи, заливались лягушки.",1,0,cleanlab,1
"Когда я завтра приду в институт, я поговорю об этом с кем угодно.",0,Semantics,"cleanlab, datamaps",2
Я резко не затормозил.,0,Semantics,datamaps,1
Кимхи и генеральный директор Мосада был избран в должность главы министров.,1,0,"cleanlab, datamaps",2
"Клиент написал мне, что проживает в Москве на Пресне на чем-то, но не назвал точный адрес.",0,Syntax,"cleanlab, datamaps",2
Сегодня отец еще не работал в саду.,1,0,ds2,1
Инна у купила платье.,1,0,ds2,1
На поляне мы нашли малину и ягоды.,0,Semantics,"cleanlab, datamaps, ds2",3
Отдай мне эту книг.,1,0,"cleanlab, ds2",2
Лена пообещала больше не ездить туда одной.,0,Syntax,"cleanlab, datamaps",2
Сотрудник отказался от помощи.,1,0,ds2,1
"Вася читал книгу, а Петя — газету.",1,0,ds2,1
"Даже если любой из них действительно согласится тебе помочь, ничего это не изменит.",0,Semantics,"cleanlab, datamaps",2
"Он получил облегчение, узнав, что она простила ему.",1,0,ds2,1
В 1950 г. на старом месте построили современную многофункциональную арену с 22 000 зрителями.,1,0,ds2,1
Мальчик высунулся из окна.,1,0,ds2,1
Бутыль вмещает пять литров.,1,0,ds2,1
Мы первыми научились видеть дальше собственного порога и думать более шире родимой околицы.,0,Morphology,"cleanlab, datamaps",2
"Поскольку это наша собственная торговая платформа, нашим трейдерам не нужно арендовать у сторонних поставщиков.",0,Syntax,"cleanlab, datamaps",2
Я хочу с вами посплетничать.,1,0,ds2,1
Мы разбили лагерь у деревни Татия.,1,0,ds2,1
У него на лице есть улыбка.,0,Semantics,"cleanlab, datamaps, ds2",3
Ты сейчас же взял и вылил воду!,0,Semantics,"cleanlab, datamaps, ds2",3
"В группу студентов, направленных на полевую практику, входят сорок один человек.",0,Syntax,"cleanlab, ds2",2
Чей портрет висел на стене?,1,0,ds2,1
Прогулка не состоялась благодаря плохой погоде.,1,0,ds2,1
"Описано точное описание внешности ""ангела с пышными волосами"".",1,0,ds2,1
Его даже Канкрин считал очень способным человеком.,1,0,ds2,1
"Я могу сделать для вас все, что угодно, хоть сейчас.",1,0,ds2,1
"Поэтому она обратилась к государству, своих сил на это у РПЦ нет.",0,Syntax,"cleanlab, datamaps",2
"Вероятно, вы читали книгу Иванова на эту тему.",1,0,ds2,1
В Екатеринбурге построили первый в России шоколадовый комбинат.,0,Morphology,"cleanlab, datamaps",2
Какой-нибудь человек всегда должен об этом помнить.,0,Semantics,"cleanlab, datamaps, ds2",3
Учитель поставил три двойки.,1,0,ds2,1
"И пошлите кого-нибудь к Фу Чану, чтоб захватили несколько пар туфель.",1,0,datamaps,1
Чего ты поел и попил лимонада?,0,Syntax,"cleanlab, datamaps",2
Присутствие кошек в древней китайской деревне доказывает о давнем взаимовыгодном сожительстве этих животных с людьми.,0,Syntax,"cleanlab, datamaps",2
"Как жаль, что меня не было с вами.",1,0,ds2,1
Меня в этом доме никогда не будет.,1,0,ds2,1
Я понял его как военного.,0,Semantics,"cleanlab, datamaps",2
"Я хочу знать, берете ли вы эти деньги.",1,0,ds2,1
"У обоих спортсменок были здесь учётные карточки, так как обе были местными.",0,Morphology,datamaps,1
"Линия состоит из двух точек, соединенных прямой линейкой, и измерение проводится по ее длине.",1,0,ds2,1
Это бывший трейн SM Entertainment и изначально собирался выступать с EXO.,0,Hallucination,datamaps,1
"Нам, к всеобщей радости, оплатили сверхурочную работу и отпустят отдыхать.",0,Syntax,"cleanlab, datamaps",2
Маша похожа и Катя похожа.,0,Syntax,datamaps,1
У меня написался диплом.,0,Semantics,"datamaps, ds2",2
"Убедиться, что гусь готов, проткните острым ножом бедро.",0,Syntax,datamaps,1
Пуля попала в стену возле самого кресла.,0,Semantics,"cleanlab, datamaps",2
"Я спросил у прохожего о том, что есть ли поблизости какая-нибудь станция метро.",0,Syntax,ds2,1
"Он выписывает только как художественные, так и математические журналы.",0,Syntax,"cleanlab, ds2",2
У тебя в голове есть каша.,0,Syntax,"cleanlab, datamaps",2
"Я своими полуслепыми глазами и то вижу, что рубашка неглаженая.",1,0,"cleanlab, datamaps",2
Вход в пещеру заваливают камни.,1,0,ds2,1
Я воспринимаю его как своего врага.,1,0,ds2,1
Весь день я провела около плиты.,1,0,ds2,1
Он зарабатывает 50 тысяч долларов.,1,0,ds2,1
Почему не пригласили Маши?,0,Syntax,"cleanlab, datamaps",2
А зеленую ты куда дел тетрадь?,1,0,cleanlab,1
"Почему я решил, что человека, с которым я сел рядом, зовут Василием Ивановичем?",1,0,ds2,1
Вани нигде не было.,1,0,ds2,1
Разве может ведьма сразу у всех коров молоко застоить?,0,Semantics,"cleanlab, datamaps",2
Он живет в небольшом городке у Волги.,0,Semantics,"cleanlab, datamaps, ds2",3
"Я предложил ей помощь, но гордая девушка отказалась.",1,0,ds2,1
Деревья слабо звенели ветками.,1,0,ds2,1
"Довольно большой здание было украшено какими-то башенками и балкончиками, которые искусно вписывались в общий ансамбль.",0,Syntax,"cleanlab, datamaps",2
Я не читал твою статью.,1,0,ds2,1
"Когда ты не знаешь, как играть?",0,Syntax,"cleanlab, datamaps",2
"Онъ стреляет изъ лука, по обычаю древнего учёба.",0,Hallucination,"cleanlab, datamaps",2
Очень рады будем видеть вас у нас этой субботой.,0,Semantics,"cleanlab, datamaps, ds2",3
Был у нас на курсе один студент.,1,0,ds2,1
"Он сказал, что он заболел.",1,0,ds2,1
Это ведь к нам близко.,1,0,ds2,1
"Петя сказал «уходи», но это неправда.",0,Semantics,"cleanlab, datamaps, ds2",3
Информационный портал Всероссийской олимпиады школьников пользуется большой популярностью у старшеклассников.,1,0,ds2,1
Сейчас картина была вывезена в Америку и продана музею.,1,0,ds2,1
Любой из вас мог бы пойти туда.,1,0,ds2,1
Где стоит твоя машина?,1,0,ds2,1
У него был талант рассказчика.,1,0,"cleanlab, ds2",2
Отца никогда не было на море.,0,Semantics,"datamaps, ds2",2
Я не брала ключи.,1,0,ds2,1
Я живу почти рядом с Вами.,1,0,ds2,1
Он разыскал рядом ручей.,0,Semantics,"cleanlab, datamaps",2
Отказ от игры ронял Фишера в глазах шахматистов.,1,0,ds2,1
Он сидел за роялем и разучивал новую пьесу.,1,0,ds2,1
"Это то, что моя мама говорила.",1,0,ds2,1
"Хорош, если ты станешь кандидатом наук.",0,Syntax,"cleanlab, datamaps",2
Требуется справка с места работы.,1,0,ds2,1
"Он долго не писал, и вдруг я получаю сразу два письма.",1,0,ds2,1
"Он был внимательнее, чем никогда прежде.",0,Semantics,"cleanlab, datamaps, ds2",3
Подобные поручения очень обременяют.,1,0,ds2,1
"Они живут в очень тяжелых материальных условиях, и ты должен помогать любому из них.",0,Semantics,"cleanlab, datamaps",2
"В эвакуации кафедру генетики получил профессор Шумский, который отлично поладил с деканом.",1,0,ds2,1
В городе никого не найти.,1,0,ds2,1
Зачем ты открыл форточку?,1,0,ds2,1
"Зина считает, что Иван, безусловно, вернется.",1,0,ds2,1
"Вот я вижу себя снова в деревне, глубокой осенью.",1,0,ds2,1
И сведен был как мозамбик.,0,Hallucination,datamaps,1
"Из того, что Вы сказали, я полагаю, что он прав.",1,0,ds2,1
"Доказательства колебания нейтринов, вместе с прошлыми исследованиями, позволили физикам установить верхние пределы оценки массы нейтринов.",1,0,cleanlab,1
Его появление вызвало замешательство.,1,0,ds2,1
Я попросила его постричь газон рядом с нашим домом.,1,0,ds2,1
"Чего только не было: копченые окорока, настоящее салями, мясо, яблоки, пироги!",1,0,cleanlab,1
"Сейчас берешь-ка животное, и мы отправляемся в зоопарк.",0,Semantics,"cleanlab, datamaps, ds2",3
"Когда у меня возникали некоторые сомнения, он всегда говорил очень убедительно.",1,0,ds2,1
"Позже, во время драки между Рэпторами и Снайпом, все случайно были заперты в одной камере, кроме Льюги.",1,0,cleanlab,1
Я начинаю новую жизнь.,1,0,ds2,1
Но эти демонстранты просто живут у него и их тревога вполне понятна.,0,Syntax,"cleanlab, datamaps",2
"Я сожалею, что не сдержала своего обещания.",1,0,ds2,1
"Занятий, я рад, не будет.",0,Semantics,"cleanlab, datamaps, ds2",3
"Я пошла туда, чтобы хоть куда-нибудь пойти.",1,0,ds2,1
"Полшколы участвовали в организации благотворительной акции, приуроченной к Дню матери.",0,Syntax,cleanlab,1
Является автором пяти книг и многочисленных научных статей.,1,0,cleanlab,1
"Воспользуйтесь прокат автомобилей и 24-часовой прием, чтобы вы могли испытать свой пребывание, как вы хотите.",0,Syntax,cleanlab,1
Но я смотрел этот фильм!,1,0,ds2,1
"Помилуй, мне и от роду нет ни году.",0,Semantics,datamaps,1
Мне легко это сделать.,1,0,ds2,1
Войну и мир писал Толстой.,0,Semantics,"cleanlab, datamaps, ds2",3
"Если у вас нет способностей, то нет никого, кто вам поможет.",0,Semantics,cleanlab,1
"Мне послышалось, что кто-то плачет.",1,0,ds2,1
"Раньше она была в каком-то раздраженном состоянии, а потом успокоилась.",0,Semantics,"cleanlab, datamaps, ds2",3
"Было в ней и скромность, и изящество, и достоинство.",0,Syntax,"cleanlab, datamaps",2
Пригласите этого свидетеля принять у него присягу.,0,Syntax,"cleanlab, datamaps",2
Он отдал все свое состояние.,1,0,ds2,1
"Я не могу ехать, у меня есть бабушка.",0,Semantics,"cleanlab, datamaps, ds2",3
"Я прожил неделю и, несмотря на то, что не было там у меня ни одного знакомого человека, провел время чрезвычайно весело.",1,0,ds2,1
Уже дома измерил 37 градусов в качестве температуры.,0,Syntax,datamaps,1
"Все зашумели, задвигались, заговорили.",1,0,ds2,1
"Хочешь, я возьму к себе в рюкзак твой спальный мешок.",1,0,ds2,1
В моем кошельке есть масса денег.,1,0,ds2,1
"То ли он не затормозил вообще, то ли затормозил, но не резко.",1,0,cleanlab,1
Другие улики не остались.,0,Semantics,"datamaps, ds2",2
"У него способности, у меня деньги.",1,0,ds2,1
Не переходи улицу в этом месте.,1,0,ds2,1
"С тех пор как он час назад ей позвонил, она была как на иголках.",0,Semantics,"cleanlab, datamaps",2
Я этого не понял.,1,0,ds2,1
У нас в институте проводятся лекции по истории искусств.,1,0,ds2,1
"Барретт считает себя ""лидером команды"", за которым последуют другие футболисты из FINA или сборной США по футболу.",1,0,cleanlab,1
"Мои животные в плохом состоянии, но корма достаточно.",1,0,cleanlab,1
Он решил ту или иную сложную задачу.,0,Semantics,"cleanlab, ds2",2
Она быстро усвоила его приемы работы на станке.,1,0,ds2,1
Это был первый чемпионат мира в своей карьере.,0,Morphology,"cleanlab, datamaps",2
Россия имеет дипломатические отношения со многими странами.,1,0,ds2,1
Неужели он кажется тебе бледным?,1,0,ds2,1
Сегодня отец еще не был дома.,1,0,ds2,1
"Какие плюсы включают в себя поддержка двухпроцессорных компьютеров, адаптация к HDRI?.",0,Syntax,"cleanlab, datamaps",2
"Королева сказала портному, что он болван.",1,0,ds2,1
"Я слышал вой и лай собак и радовался, воображая, что город недалеко.",1,0,cleanlab,1
"Здесь мы узнали то, что хотели зазнать уже давно, ибо табак кенда говорит только новому духу.",0,Semantics,"cleanlab, datamaps",2
"Когда по истечению четырёх лет пребывания в Швейцарии Николай вернулся в свой маленький уездный город, он удивился тому, насколько тот изменился.",0,Syntax,cleanlab,1
Я дал ему 100 рублей.,1,0,ds2,1
Илья и Света поцеловались.,1,0,ds2,1
"По одной из версий, именно за умелое правление и заботу к доставшемуся наследству Иван Данилович получил прозвание Калита.",0,Syntax,"cleanlab, ds2",2
Операцию делали ему в Москве.,1,0,ds2,1
"Вася сказал: ""Я купил тебе одну книгу"".",1,0,ds2,1
Этот стол был очень тяжелым.,1,0,"cleanlab, ds2",2
"Удивительно, что он согласился.",1,0,ds2,1
"В 2004 году его назвали объектом ЮНЕСКО и стал единственным частным резиденцией Латинского континента, получившим этот статус.",0,Syntax,"cleanlab, datamaps",2
"К сожалению, его нет дома.",1,0,ds2,1
"Я думаю, она, вероятно, откажется.",1,0,ds2,1
"Получив данные, будет выбран самый благоприятный момент для нанесения удара.",0,Syntax,cleanlab,1
Чиновник росчерком пера позволил им стать миллионерами.,1,0,"cleanlab, datamaps",2
Звуков с улицы не доносится.,1,0,ds2,1
Мне слышится что-то родное.,1,0,ds2,1
"Если в воздухе звуковые волны распространяются со скоростью в триста тридцать метров в секунду, то в воде эта скорость равна тысяче пятистами метрам в секунду.",0,Morphology,cleanlab,1
"Медсестра часто знает дело лучше, чем врач.",1,0,ds2,1
"Я принимаю его таким, как он есть.",1,0,ds2,1
Всплеск сносил здания с их фундаментов и демонтировал их.,0,Semantics,"cleanlab, datamaps",2
"Похорони меня, и выходи замуж...",1,0,ds2,1
"Мастерство погонщиков слонов в Индии издревле передавалось только от отца к сыну, посторонним секреты мастерства не раскрылись.",0,Syntax,datamaps,1
В воскресенье шел дождь.,1,0,ds2,1
"Я объяснял, но он не понял.",1,0,ds2,1
В доме нет кошки.,1,0,ds2,1
"Я замечал человека, который переплыл Ламанш.",0,Semantics,datamaps,1
"Ключ к успеху США в Афганистане была готовность Вашингтона оказывать поддержку собственным программам афганского правительства, а не жестоко навязывать свой собственный повестку дня.",0,Syntax,cleanlab,1
Только ты можешь дать мне счастье!,1,0,ds2,1
Новые наночастицы позволяют быстро и проще очистить среду от загрязняющих веществ.,0,Syntax,"cleanlab, datamaps",2
"Нам уже было известно, что он приехал и другие факты.",0,Syntax,ds2,1
"Все было тихо, и только где-то в отдалении шумели поезда.",1,0,ds2,1
"Это аварийную посадку на Восточном побережье назвала компания, которая задержала людей.",0,Syntax,datamaps,1
Только от вас я приму деньги.,1,0,ds2,1
"Свадьба будет, скорее всего, в октябре.",1,0,ds2,1
Он покупает несколько журналов.,0,Semantics,"cleanlab, datamaps, ds2",3
Установка не работала и трех лет.,1,0,ds2,1
"В те дни, так как это была школа для мальчиков, мальчики играли как мужские, так и женские роли.",1,0,cleanlab,1
"Он вспоминал, как ее зовут.",1,0,ds2,1
Близ кресла на небольшом коврике лежала кошка.,0,Semantics,"cleanlab, datamaps",2
Она хочет поговорить с неопределенным специалистом.,0,Semantics,cleanlab,1
"Я хочу, чтобы они зашли, а ты спрятался.",1,0,cleanlab,1
"Не думаю, что Том знает кого-то, кто может это сделать.",1,0,ds2,1
"На ужин у нас огромный-огромный пирог с повидлой, сто котлет и мороженое.",0,Morphology,"cleanlab, datamaps",2
"Когда вода перевернулась в океан, пошла на круговорот.",0,Semantics,"cleanlab, datamaps",2
Всякий молоток найдется.,0,Syntax,"cleanlab, datamaps",2
Я не стирала полотенце.,1,0,ds2,1
"Кто писал ""Войну и мир""?",0,Semantics,"cleanlab, datamaps, ds2",3
"Я заметила, что он действительно постарел.",1,0,ds2,1
Такую котлету мне не съесть.,1,0,ds2,1
"Однако для тех, кто с этим согласен, давайте перейдем к «большому вопросу» номер дваówhy мы здесь?",0,Hallucination,"cleanlab, datamaps",2
Мне предлагали написать на нее рецензию.,1,0,ds2,1
Чего они достигнули за столь долгий срок?,0,Morphology,"cleanlab, datamaps",2
Вечером у нас будут гости.,1,0,ds2,1
"Не мешай, у нас важный разговор.",1,0,ds2,1
"Кто рыжий, а Вася блондин?",0,Syntax,"cleanlab, datamaps, ds2",3
В отдалении сверкал огонек.,0,Semantics,"cleanlab, datamaps, ds2",3
Я провожу вечера у радио.,1,0,ds2,1
Осад католиков в 1573 году был уничтожен по ошибке папы Римского.,1,0,cleanlab,1
Он будет играть в теннис завтра odpoledne.,0,Hallucination,datamaps,1
С 23 по 33 год он выпустил книгу.,0,Semantics,cleanlab,1
"Снова наступила зима, красиво кутав землю своим пушистым снежным покрывалом.",0,Semantics,cleanlab,1
"Я чувствую, что мне, кажется, придется уезжать.",1,0,ds2,1
Он принял командование полком.,1,0,ds2,1
На тёмной листве блестели дождевые капли.,1,0,ds2,1
Как я смогу получить эти книги?,1,0,ds2,1
В этом дне была какая-то особенная прелесть.,1,0,ds2,1
"Идя вдоль берега, морской воздух приятно освежал наши лица.",0,Syntax,datamaps,1
"Как я надеюсь, ты собрался?",0,Semantics,"cleanlab, datamaps, ds2",3
Мост Паук был построен в июле 1971 года и был покрашен в различные цвета на протяжении многих лет.,1,0,cleanlab,1
"Дай им монетку, потому что боюсь забыть.",0,Semantics,"cleanlab, datamaps",2
Он сразу нас не одобрил.,1,0,ds2,1
Иван опять провалился на экзамене.,1,0,ds2,1
"Не мешай, я вижу по телевизору ""Галатею"".",0,Semantics,"cleanlab, datamaps, ds2",3
В нашем лесу есть озеро.,1,0,ds2,1
Он кое-как справился с заданием.,1,0,ds2,1
Он сделал вид дурачка.,0,Semantics,"cleanlab, datamaps",2
Звуков с улицы не доносилось.,1,0,ds2,1
"Дай мне какую-нибудь книгу на эту тему, любую.",1,0,ds2,1
"Горная Шотландия отличалась от равнинной не только рельефом, а и культурными особенностями.",0,Syntax,cleanlab,1
"В нём совмещались те чисто русские, мужицкие черты, которые в соединении дают возвышенный образ, делавший иногда не только нашего солдата непобедимым, но и великомучеником.",0,Syntax,cleanlab,1
"Во время взрывая оказался рядом с камином, и это спасло мне жизнь.",1,0,cleanlab,1
"Коля считает, что свадьба будет, скорее всего, в октябре.",1,0,ds2,1
Художник нарисовал и любуется прекрасной картиной.,0,Syntax,ds2,1
"В общем, существует много математических зависимостей, которые выявлены в расположении Гексаграммы.",1,0,cleanlab,1
После этого они начали смеяться громко.,1,0,ds2,1
Сегодня в овощном были яблоки.,1,0,ds2,1
Вместе со своим бывшим менеджером Singapore Airli Ltd стал первым создателем беспроводных пассажирских перевозок в мире.,1,0,cleanlab,1
Вы решили назвать своего нового ребенка?,0,Syntax,"cleanlab, datamaps",2
"В овраге за посёлком почва была глинистой, который весной превращался в небольшой водоём и в котором почти ничего не росло.",0,Syntax,cleanlab,1
Он не будет тормозить резко.,1,0,ds2,1
Я виделся с ней давно.,1,0,ds2,1
"Она попросила меня выяснить причины конфликта, сам не вмешиваясь в него.",0,Syntax,"cleanlab, datamaps",2
"Сомнения в нём были, раз хотели проверить.",1,0,ds2,1
"Я сказал вам, когда наступит время.",0,Syntax,"cleanlab, datamaps, ds2",3
Охранник стоял сбоку от президента.,1,0,ds2,1
"Он сказал, что живет в Сан-Франциско.",1,0,ds2,1
Вдали окруженный горами виднелся величавый Бешту.,1,0,ds2,1
Кто-нибудь из вас мог бы пойти туда.,1,0,ds2,1
"Погода, ей кажется, плохая.",0,Semantics,"cleanlab, datamaps, ds2",3
Стаканы будут поставлены в шкаф.,1,0,ds2,1
"Когда мы ходим на работу, покупаем квартиру, пытаемся поспекулировать акциями или валютами, то все наши действия направлены на получение доходов.",0,Semantics,"cleanlab, ds2",2
Коля не находил своего ключа.,1,0,ds2,1
"Ей подумалось, что так её отражение выглядит более красивее обычного – лицо стало круглее, не такое худое и хмурое.",0,Morphology,"cleanlab, datamaps",2
"Ну скажи, что он собой представляет?",1,0,ds2,1
Его рассказы пестрят междометиями.,1,0,ds2,1
Я имел с ним беседу только ради Вас.,0,Semantics,"cleanlab, datamaps",2
После tete-a-tete совещания председателей было проведено расширенное заседание.,1,0,"cleanlab, ds2",2
"Как известно, в определённый период развития естественно-научного знания его гуманитарная составляющая стремительно сокращалась.",1,0,ds2,1
"Я прочел статью, и теперь все знаю.",1,0,ds2,1
Он сел подле своей жены.,1,0,ds2,1
"Невзирая на то, что шел дождь, светило солнце.",0,Semantics,"cleanlab, datamaps",2
"Не проходя по коридору этого этажа, мы поднялись более выше, где было несколько свежее, но тот же отвратительный, удушливый запах был и здесь.",0,Morphology,datamaps,1
Машу побил ее муж.,1,0,ds2,1
У нас в институте есть занятия по английскому языку.,1,0,ds2,1
"В прошлое воскресенье я уже два часа гуляю по улицам, и вдруг...",0,Semantics,"cleanlab, datamaps",2
Музыкальное произведение Шопена до сих пор популярно у любителей классической музыки.,1,0,ds2,1
"Интереса к его трудам не замечено, не наблюдается.",1,0,ds2,1
Он не справился с заданием.,1,0,ds2,1
"Он курировал работу Исполнительного комитета миссионеров, Комитета всеобщего благосостояния и Центрального совета по делам печати.",1,0,ds2,1
Он не развлекает меня своими анекдотами.,1,0,ds2,1
"Инопланетяне имеют сегментированные, бледистые хвосты.",0,Morphology,datamaps,1
Она ходила в баню по субботам.,1,0,ds2,1
Он выбирает себе жену из казачек.,1,0,ds2,1
На столе были книги и журналы.,1,0,ds2,1
"Энди Уорхола написала свою работу в 1986 году на автосалоне ""Автомобили"".",0,Syntax,ds2,1
"Я порвал пиджак, зацепившись за гвоздь.",1,0,ds2,1
Теперь уравнение имеет следующий вид.,1,0,ds2,1
"Я не принимаю, что я вел себя непорядочно.",0,Semantics,cleanlab,1
"Слушай, что тебе мама говорю.",0,Syntax,"cleanlab, datamaps, ds2",3
"Это такой человек, ты его ни за что не переспоришь.",1,0,ds2,1
Исходный код программы требовал доработки.,1,0,ds2,1
Все начальники позапрещали этот спектакль.,0,Syntax,"cleanlab, datamaps",2
Odense - третий город Дании и главный город Фюнского острова.,0,Hallucination,"cleanlab, ds2",2
Том не пытается вас впечатлять.,0,Morphology,"cleanlab, datamaps, ds2",3
"Вчера обнаружилось, что преступник на свободе.",1,0,ds2,1
Илья и Света поцеловали друг друга.,1,0,ds2,1
"Перед началом тренировки сделайте несколько глубоких вдохов, чтобы успокоиться и настроить себя на нужный лад.",1,0,ds2,1
Иван не пошел на концерт.,1,0,ds2,1
Ради неё сядь в машину и поедь вперёд.,0,Morphology,datamaps,1
"Ты тогда замечал, что он странно себя ведет?",0,Semantics,"cleanlab, datamaps, ds2",3
Примерно в это же время он и переехал в Вене.,0,Syntax,"cleanlab, datamaps",2
В комнату вошел мой адвокат.,1,0,ds2,1
Хутор лежал вдалеке от железной дороги.,1,0,ds2,1
"Он умер и никогда не вернулся на вокзал, где его друг ждал.",0,Syntax,cleanlab,1
Всю молодость она любила говорить по телефону.,0,Semantics,"cleanlab, datamaps",2
Теперь появился новый лекарственный препарат.,1,0,ds2,1
"Отправиться бы нам на море, захватив с собой детей.",1,0,ds2,1
Не сохранили чего бы то ни было.,0,Semantics,"cleanlab, datamaps",2
Он пять лет располагал земельным участком.,0,Semantics,cleanlab,1
Из всех четырех углов зала поднимались лестницы этого белого камня.,0,Syntax,cleanlab,1
Даже лебеда не выросла.,1,0,ds2,1
"Соседи видели, как я белею у подъезда.",0,Semantics,"cleanlab, datamaps",2
Они не замечали меня.,1,0,ds2,1
"Как обычно, рекомендуется быть готовому к объёмной загрузке, сохранить резервную копию данных со смартфона и полностью зарядить его.",1,0,cleanlab,1
Путешествие отвлечет его от себя.,1,0,ds2,1
Я не ел ветчины.,1,0,ds2,1
Лейтенант-коммандер Ходжкинсон получил приказ быть готов к взлету.,1,0,ds2,1
"Мне кажется, что кто-то пришел.",1,0,ds2,1
Он часто сюда приходит.,1,0,ds2,1
Они считали его талантливым.,1,0,ds2,1
Я говорю с Машей.,1,0,ds2,1
Они давно живут в Стрелецке.,1,0,ds2,1
"Получила письмо из дома — мать написала, что все в порядке.",1,0,ds2,1
"В прошлом году дом был желтым, а потом его покрасили в красный цвет.",1,0,ds2,1
А вот Марат Сафин после турнира в «Куинс-клубе» не покидал Альбион.,1,0,ds2,1
"Меженин кончил почистить штык, вдруг перехватил мимолетно сощуренный взгляд сержанта на верхнем окне дома.",0,Semantics,"cleanlab, datamaps",2
Какой бы то ни было школьник не решит эту задачу.,0,Semantics,"cleanlab, datamaps",2
Тормозов не лязгало.,0,Semantics,"cleanlab, datamaps, ds2",3
"Похоже, что он выиграет.",1,0,ds2,1
Священный синод в прошлом такие решения не принял.,0,Syntax,"cleanlab, datamaps",2
"Заканчиваем перерыв, приступаем за работу!",0,Syntax,"cleanlab, ds2",2
Новый ключ открыл дверь без труда.,1,0,ds2,1
Я очень гордился своим отцом.,1,0,ds2,1
Возьми из моего кармана пакет и выброси в окно.,0,Semantics,"cleanlab, datamaps",2
"Одним словом, мне невыразимо тяжело было иметь с ним всякие отношения.",0,Semantics,"cleanlab, datamaps",2
"Мне давали квартиру поблизости от химического завода, но я отказался.",0,Semantics,"cleanlab, datamaps",2
"У него были сухие, а раз так, сообразит разве, что у кого-то могут быть мокрые?",0,Semantics,"cleanlab, datamaps",2
Я готов помочь любому из них.,1,0,ds2,1
"Ему не повезло, что он встретил эту женщину.",1,0,ds2,1
"Олеся стояла в саду и любовалась цветами: флоксы, маргаритки, ирисы.",0,Syntax,"cleanlab, datamaps",2
"Маша читает книгу, и Саша читает.",1,0,ds2,1
В музее капитолия Аризоны представлены пятнадцать символов.,1,0,ds2,1
Я не воспринимаю ненависти.,0,Semantics,"cleanlab, datamaps",2
"Выбирай, жизнь или кошелек.",1,0,ds2,1
"Я не сомневался, что операция, однако, увенчается успехом.",0,Semantics,"cleanlab, datamaps",2
"Я понимаю, на что он намекал.",1,0,ds2,1
Любой школьник решил эту задачу.,0,Semantics,"cleanlab, ds2",2
Они прошли совсем близко друг от друга.,1,0,ds2,1
Автобус имеет высокие подножки и низкие динамические показатели.,0,Syntax,cleanlab,1
"Я хочу, чтобы они зашли, когда ты спрячешься.",1,0,"cleanlab, datamaps",2
Посылку у меня не приняли.,1,0,ds2,1
"Мне жаль, что занятий не будет.",1,0,ds2,1
"Группы J-Hip-Hop, такие как ORANGE RANGE и Кэцумэйси назвали лидеров фестиваля в 2018 году.",1,0,"cleanlab, datamaps",2
"Вот дерево засохло, но все же оно вместе с другими качается от ветра.",1,0,datamaps,1
Иван нарушил обещание встретиться с нами самому.,1,0,ds2,1
С каким напряжением она следила за этой сценой.,1,0,ds2,1
Он ест одну грушу.,0,Semantics,"cleanlab, datamaps, ds2",3
Меня удивил его приход.,1,0,ds2,1
"Она стояла так вблизи, что я ощущала запах ее духов.",0,Semantics,"cleanlab, datamaps",2
Удачная переработка рукописи длилась несколько лет.,0,Semantics,"cleanlab, datamaps",2
Я получил к нему склонность.,0,Semantics,"cleanlab, datamaps, ds2",3
На мгновение у нее острое желание бросить их ему в лицо.,0,Semantics,"cleanlab, datamaps",2
Только мой ключ открыл дверь.,1,0,ds2,1
Когда же выпадал этот снег?,0,Semantics,"cleanlab, datamaps, ds2",3
"Очень жаль, что ее муж он большой начальник.",0,Semantics,"cleanlab, datamaps",2
Просто поглощайте один из этих препаратов.,0,Semantics,"cleanlab, datamaps",2
Более 30 ученых защитили кандидатские диссертации под руководством.,0,Syntax,cleanlab,1
"Большинство критиков сочли новый альбом группы ""s"" успешным, хотя песня The Do была отвергнута жюри Каннского фестиваля.",1,0,cleanlab,1
"Мой друг работает, чтобы заработать на покупку квартиры.",1,0,ds2,1
Зимой сопротивляемость организма болезням ослабляется.,1,0,ds2,1
"Легенда французской группы Mixed air назвала две версии своего сочинения для ""Евровидения"" после того как изменила название на ic Diion.",1,0,cleanlab,1
"Я первыми узнал, что ребята пришли к финишу.",0,Syntax,datamaps,1
Он рисковал попасть за решетку.,1,0,ds2,1
Он ездит туда один.,1,0,ds2,1
Сейчас я пишу статью о местоимениях.,1,0,ds2,1
Свечка погорела и погасла.,1,0,ds2,1
"Обнаруживается, что преступник на свободе.",1,0,ds2,1
Разрешаю тебе поставить кресло в мою комнату.,1,0,ds2,1
Я тогда не могла ему ничего сказать.,1,0,ds2,1
Иван не был в своей комнате.,1,0,ds2,1
"Увидев красный сигнал светофора, машина была остановлена водителем.",0,Syntax,"cleanlab, datamaps",2
Я принимаю ваше приглашение.,1,0,ds2,1
"Я был в кино, а Иван не был.",1,0,ds2,1
Эта работа дала мне удовлетворение.,1,0,ds2,1
Нашему теляти да волка поймати!,1,0,ds2,1
"Он только что услышал исполнение первой и четвертой симфоний Бетховена, пришел на сцену и представил себя.",0,Syntax,"cleanlab, datamaps",2
Поселок расположен вдали от железных дорог.,1,0,ds2,1
Почему вы не хотите принять эти деньги?,1,0,ds2,1
"Он отрицает, что все знает об этом.",1,0,ds2,1
Французский мы посмотрели этот фильм.,0,Syntax,cleanlab,1
Какое-нибудь задание было дано каждому из них.,1,0,ds2,1
Вани в комнате не было.,1,0,ds2,1
"Тем не менее, он только предсказывает, что болен.",0,Semantics,"datamaps, ds2",2
"В том году она принесла мне письма, которые до сих пор никому не показывала.",0,Semantics,"cleanlab, datamaps",2
Что вы думаете о Томе?,1,0,ds2,1
План Саши Маше продать квартиру.,0,Syntax,datamaps,1
В комнате книжный шкаф и письменный стол.,1,0,ds2,1
Глаза у нее сияли.,1,0,"datamaps, ds2",2
Раскрывшиеся губы показали ряд блестящих зубов.,1,0,cleanlab,1
У Маши сын пошел в школу.,1,0,ds2,1
"Он чувствует, что дурак.",0,Semantics,"cleanlab, datamaps",2
"Иван встретил Марью, которые пошли в кино.",0,Syntax,cleanlab,1
Женская команда заняла девятое место на Олимпийских играх в 2004 году.,1,0,ds2,1
Мне дали квартиру поблизости от Филевского парка.,1,0,ds2,1
Я предложила ей жить в моей комнате.,1,0,ds2,1
"Для того чтобы добиться цели, человеку необходима твердая уверенность в успех дела.",0,Syntax,cleanlab,1
Эти стены видели многое.,1,0,"cleanlab, ds2",2
Я не знаю Машу Трофимову.,1,0,ds2,1
Это произошло на этот раз.,0,Syntax,"cleanlab, datamaps, ds2",3
Этот замок имеет красивое положение.,0,Semantics,"cleanlab, datamaps, ds2",3
Они помнили его талантливыми.,0,Syntax,cleanlab,1
Над столом висели фотографии.,1,0,ds2,1
"Доктор, убеждая меня начать приём лекарств, говорил, что я совершенно уверен в успешности лечения и что сомневаться не стоит.",0,Syntax,"cleanlab, datamaps",2
В тот день он сидел дома ровно в шесть.,0,Semantics,"cleanlab, datamaps, ds2",3
На прошлой неделе картина была продана.,1,0,ds2,1
Я останусь и смотрю на нее.,0,Syntax,"cleanlab, datamaps",2
Нет ли где поспать?,0,Semantics,"cleanlab, datamaps, ds2",3
Прошу у вас прощенья за вчерашнее.,1,0,ds2,1
Оливье планирует закончить учебу по журналистике и хочет пробовать себя как тренер.,0,Syntax,cleanlab,1
"Но, как только она сказал это, он вдруг выпрямился, и лицо его приняло гордое и строгое выражение.",1,0,ds2,1
"Я хочу, чтобы они зайдут, а ты спрятался .",0,Syntax,"cleanlab, datamaps",2
Мы осмотрели их каждого по отдельности.,1,0,ds2,1
Я не был дома весь день.,1,0,ds2,1
"Вы надеетесь, что вам этого не нужно делать.",1,0,ds2,1
"Новые катера и водометы-толкачи гудят коротко, высоко и гнусаво.",1,0,cleanlab,1
Однажды он был встречен ею принаряженной.,0,Syntax,"cleanlab, datamaps",2
Поезд следует из нее.,0,Syntax,"cleanlab, datamaps",2
"Были в ней и скромность, и изящество, и достоинство.",1,0,ds2,1
Затем в 2007 году шахту приобрела компания Petra Diamonds и до сих пор находится в эксплуатации.,0,Syntax,"cleanlab, ds2",2
"В 2017 году компанией ""БелАЗ"" запустили завод по производству тормозных колодок, дисков, накладок в городе Старые дороги.",0,Syntax,ds2,1
Я взял лыжи напрокат.,1,0,ds2,1
Железо тонет в воде.,1,0,ds2,1
Маша только что мыла пол в коридоре.,1,0,ds2,1
"В домах, площадях, парках было совсем темно, стояла глубокая ночь, от которой веяло чем-то загадочным и таинственным.",0,Syntax,"cleanlab, datamaps",2
"Досхи считается один из меотских племен, живших в первом тысячелетии до Н. Э. на восточном и юго-восточном побережье Азовского моря.",0,Syntax,"cleanlab, datamaps",2
Ответа мы не получили.,1,0,ds2,1
"Искренне благодаря отца за неоценимую помощь, я всё же вопреки его совета решил уехать из родного города.",0,Syntax,cleanlab,1
Внимательно вы эту статью не прочли.,1,0,ds2,1
"Я не мог поверить, что этот человек и есть я.",1,0,ds2,1
Поселок расположен далеко от реки.,1,0,ds2,1
Она с любопытством поглядывала на меня вблизи.,0,Semantics,"cleanlab, datamaps, ds2",3
Перед домом есть колодец.,1,0,ds2,1
"Я считаю, что Маша очень мила.",1,0,ds2,1
Узенькая тропинка шла вдоль реки.,1,0,ds2,1
"Зато они и жили в Коломне, которая он не помнил того, чтобы которая так уж пострадала.",0,Syntax,cleanlab,1
Стаканы есть поставлены в шкаф.,0,Syntax,ds2,1
Он получил ее согласие.,1,0,ds2,1
"Если ты возьмешь сумку, то я— чемодан.",1,0,ds2,1
Прошу тебя открыть окно.,1,0,ds2,1
Величественный горный пейзаж вызывал восхищение.,1,0,ds2,1
"Пистолет лежит на шкафе, возьми его и сразу беги из дому.",0,Morphology,"cleanlab, datamaps",2
"В день рождения выдающегося пианиста в программе, названной «Романтизм от восхода до заката», будут звучать самые известные концертные произведения.",1,0,cleanlab,1
Мы пойдем до него.,1,0,ds2,1
"Ученые сообщили, что 6 июня 1998 года с рекордом в повышении максимума.",1,0,"cleanlab, datamaps",2
"Нельзя ни к кому не обращаться, когда ты нуждаешься в помощи.",1,0,ds2,1
Он дал ему подзатыльник.,1,0,ds2,1
У нас в лесу есть озеро.,1,0,ds2,1
"Она включена в Книгу Конкорда в качестве авторитетного заявления о том, во что верят лютеране.",1,0,cleanlab,1
"В результате обсуждения выяснилось, что большинство предположений не подкреплены никакими фактами из реальной жизни.",0,Syntax,cleanlab,1
"Ваня видел, как они купались.",1,0,ds2,1
Мне еще решить задачу.,0,Syntax,"cleanlab, datamaps, ds2",3
"Кроме того, группу транзитируют в коллекции целого ряда спиноров, которые имеют взаимно простые элементы.",1,0,cleanlab,1
"Точно что вы хотите, чтобы я сделал?",0,Syntax,"cleanlab, datamaps, ds2",3
Я увидел этот фильм.,1,0,ds2,1
Том никогда не забывал Мэри.,1,0,ds2,1
"Настя надела бальное платье и, напевая мелодию вальса, легко закружилась перед зеркалами, представляя себя героиней любимого балета, виденного ею в театре.",1,0,cleanlab,1
Это был 16-миллиметровый безопасный фильм.,0,Hallucination,"cleanlab, datamaps, ds2",3
Этот институт находится близко от метро «Академическая».,1,0,ds2,1
В 13 лет он дал первый концерт профессиональной музыки.,1,0,ds2,1
"Netflix выпустил ""Антимайдановскую полицию"" вместе со снайперским оружием.",0,Hallucination,"cleanlab, datamaps",2
Он выпил стакан воды.,1,0,ds2,1
Я хочу посоветоваться с хорошим врачом.,1,0,ds2,1
Весь год у меня был помощник.,1,0,ds2,1
"Перед кем ты не знаешь, как выступать?",0,Syntax,"cleanlab, datamaps",2
Эта трава выше деревьев.,1,0,ds2,1
"Когда он с кем-то едет в экспедицию, я спокойна.",0,Semantics,datamaps,1
С этим ушибом каждый врач справится.,1,0,ds2,1
"Тома, вероятно, будет бояться собаки Мэри.",0,Syntax,"cleanlab, datamaps, ds2",3
Я буду завтра в банке.,1,0,ds2,1
"Не скрою, он мне понравился.",1,0,ds2,1
"Она глупая, а умная.",0,Syntax,"cleanlab, datamaps",2
Президент лично пригласил нас.,1,0,ds2,1
"Чтобы как следует использовать окружающее их на суше пространство, люди изобрели всевозможные приспособления: эскалаторы, лифты, лестница и многое другое.",0,Syntax,ds2,1
Он уехал из Москвы в Петербург.,1,0,ds2,1
"Я никогда не думал, что это сделаю.",1,0,ds2,1
Категорически запрещалось вступать с ними во все разговоры.,0,Semantics,"cleanlab, datamaps",2
Эта речка впадает в небольшое озеро.,1,0,ds2,1
В этот момент он врывается в комнату и открывает окно.,1,0,ds2,1
Студент купил книгу у букиниста.,1,0,ds2,1
Новых сотрудников не принято.,1,0,cleanlab,1
Напротив моего дома есть колокольня.,1,0,ds2,1
"Он в таком восторге от всего, что связано с Францией, что хочет жениться на какой-нибудь француженке.",0,Semantics,"cleanlab, datamaps, ds2",3
Сейчас картина была вывезена в Америку.,0,Semantics,"cleanlab, datamaps, ds2",3
Маша считает этот суп достаточным.,0,Semantics,"cleanlab, datamaps, ds2",3
"Когда комья снега временами срывались с высоких сосен, они нарушат тишину.",0,Syntax,datamaps,1
"Я считаю, что ты, несомненно, справишься.",1,0,ds2,1
На каждую из фраз Наполеона Балашов хотел и имел что возразить.,1,0,cleanlab,1
Сразу по приезде приехавшие родственники к нам в гости поселились на даче.,0,Syntax,ds2,1
Я дочитал вашу рукопись до середины.,1,0,ds2,1
"Каждый из учеников Кольцова выбирает в его работах свои любимые идеи, каждый лепит свой образ, создаёт свой портрет.",1,0,cleanlab,1
"В Париже я, может быть, встречу друга, которого буду знать со школы.",0,Semantics,"cleanlab, datamaps",2
Вместе с тем у нее не было никаких причин скрывать от меня что бы то ни было.,1,0,ds2,1
Здесь всегда холодно.,1,0,ds2,1
Я люблю отдыхать у Черного моря.,1,0,ds2,1
"В этот день, 20 июля 1944 года, был предпринят попытка погубить его жизнь.",0,Syntax,cleanlab,1
По дороге шла женщина.,1,0,ds2,1
"Я звонил Маше, но ее дома не оказалось.",1,0,ds2,1
"В этот момент он думает, что мы уехали.",0,Semantics,"cleanlab, datamaps",2
Названо самое популярное произведение рэпера XXXTentacion.,1,0,ds2,1
Он дал мне десять рублей.,1,0,ds2,1
Делай эту работу к понедельнику!,0,Semantics,"cleanlab, datamaps",2
Коли где-то не было.,0,Semantics,"cleanlab, datamaps, ds2",3
Они читали мои жалобы на себя.,1,0,ds2,1
Я получила незаслуженный упрек.,1,0,ds2,1
"Особенно когда в полутораста метрах позади лежал скелет ящера, убитого человеческим оружием.",1,0,cleanlab,1
Мы просим вас нам спеть.,1,0,ds2,1
Я взял пылинку со шляпы.,0,Semantics,"cleanlab, datamaps",2
"Иван считает, что он почти закончил диссертацию.",1,0,ds2,1
Около стола стояло большое кресло.,1,0,ds2,1
"В ходе исследования протестанты составляют от 1,3 до 2,4 % населения страны.",0,Syntax,cleanlab,1
"Мы – его ученики – шли на урок, чтобы послушать его, чтобы прикасаться к новому и неизведанному, чтобы поделиться тем, что нас волнует.",0,Syntax,"cleanlab, datamaps",2
Бабушка до сих по любит его без памяти.,1,0,"cleanlab, ds2",2
Он страшно был в отчаянии.,0,Semantics,"cleanlab, datamaps, ds2",3
"В шкафу стоят книги, на полках лежат не только газеты, но также и стеклянная посуда.",0,Syntax,"cleanlab, ds2",2
"Я, как только заметил пропажу, выпил и схватился за голову.",1,0,cleanlab,1
"Я думал, ты со мной согласишься.",1,0,ds2,1
"Дюшен послал свою диссертацию в Институт Пастера, но не получил ответа.",1,0,ds2,1
"Американская ""Богатейшая страна"" по версии журнала Econot признана самой успешной экономикой мира.",0,Hallucination,"cleanlab, datamaps",2
"Мне было тяжело обращаться к кому-нибудь с такой просьбой, и я решил все сделать сам.",1,0,ds2,1
"Позолоченные подсвечники, мраморные скульптуры и искусная роспись в залах музея позволяют совершить путешествие во времени.",1,0,cleanlab,1
Охота же вам было жениться!,1,0,cleanlab,1
Кого Петя увидел и убежал!,0,Syntax,"cleanlab, datamaps",2
На чем они разговаривают?,0,Syntax,"cleanlab, datamaps, ds2",3
"Он существовал, и между прочим существовал он неплохо.",0,Semantics,"cleanlab, datamaps, ds2",3
Он решил задачу прямым перебором.,1,0,ds2,1
"Создатели Roland Gar собрались устроить для школьников ""роль"" Роскосмоса.",0,Hallucination,ds2,1
Кириллин день еще не миновал.,1,0,ds2,1
"Значит, мы с тобой уславливались?",0,Semantics,"cleanlab, datamaps",2
"Полученное утром известие Раисой Павловной начало циркулировать по всем заводам с изумительной быстротой, поднимая на всех ступеньках заводской иерархии страшнейший переполох.",0,Syntax,"cleanlab, datamaps",2
Он не прислал ответ.,1,0,ds2,1
Память ему начисто отшибло у меня.,0,Syntax,datamaps,1
С 1973 года уровень льда контролируется спутниками.,1,0,ds2,1
На официальной церемонии в январе 2005 года группа зарегистрировалась в качестве юридической политической партии.,0,Syntax,datamaps,1
"Но он ушёл, потому что Катя.",0,Syntax,"cleanlab, datamaps",2
Неужели мы не можем ее сжечь?,1,0,ds2,1
"Среди моих студентов есть такие, которые видели этот фильм.",1,0,ds2,1
Публика с возмущением приняла его выступление.,0,Semantics,"cleanlab, datamaps, ds2",3
Иван не может опоздать.,1,0,ds2,1
"Иллирийские города капитулировали одна за другой, исключая такой крупный порт, как Аполлон.",0,Syntax,"cleanlab, datamaps",2
"Наверное, я казался себе смешным.",0,Semantics,"cleanlab, datamaps, ds2",3
Девушек на сцене не пело.,0,Semantics,"cleanlab, datamaps",2
Мне было приятно обращаться к кому-нибудь с такой просьбой.,0,Semantics,"cleanlab, datamaps, ds2",3
Вопрос: Нужны ли России малые предприятия вообще?,1,0,ds2,1
Отец не был на море.,1,0,ds2,1
"Я чувствую, что он прав.",1,0,ds2,1
"Высказывая свою критику, эксперты вовсе не хотели принизить или очернить работу молодого конкурсанта.",1,0,cleanlab,1
Он сажал все деревья в том саду.,1,0,ds2,1
Только это дало мне смелость обратиться к Вам за помощью.,1,0,ds2,1
У командира был обычай сам принимать все доклады.,0,Syntax,"cleanlab, datamaps",2
"Будучи закадычными друзьями, у Лёшки с Женькой просто не могло быть серьёзных ссор и недомолвок.",0,Syntax,datamaps,1
Дерево над корнями было срублено.,0,Semantics,"cleanlab, datamaps, ds2",3
Я уговаривал ее вернуться.,1,0,ds2,1
"Он чувствовал, что между им и ею существовала преграда.",1,0,ds2,1
Это о голову соседа супруга тарелки бьет.,1,0,cleanlab,1
Несколько посетителей что-нибудь написали в книгу отзывов.,0,Semantics,datamaps,1
"Я звонил в дверь, но звонка не было.",1,0,ds2,1
Наконец-то я ее увидел.,1,0,ds2,1
Комиссия разбираться в причинах аварии приступила к работе.,0,Syntax,cleanlab,1
Вместе с тем у нее не было никаких причин скрывать от меня что-либо.,1,0,ds2,1
У него было много любых дел.,0,Semantics,"cleanlab, datamaps, ds2",3
"Глюцилин, ― сказал Миша, смотрев вперёд, на спящую бледную девушку.",0,Morphology,datamaps,1
Он обозначил мне границы.,1,0,ds2,1
Вопреки рекомендаций врачей спортсмен не снижал нагрузки во время тренировок.,0,Syntax,ds2,1
"Я был близко от ее дома, но подойти к самому дому не смог.",1,0,ds2,1
"Вырыли яму, чтобы ловить людей, но ни одного человека в нее не упало.",1,0,ds2,1
В 6.30 пирог был испечен.,0,Semantics,"cleanlab, datamaps",2
Иван был назначен командованием на свою нынешнюю должность.,1,0,ds2,1
Доход на душу населения в 2017 году составит $20543.,1,0,ds2,1
Он живет недалеко возле каменной церкви.,1,0,ds2,1
Поезд следует ни из чего.,0,Syntax,"cleanlab, datamaps",2
Он отказался от всякой помощи.,1,0,ds2,1
"Мне было неприятно им помогать, но я все-таки помогал.",1,0,ds2,1
Зимой склоны Арагаца доступны только вездеходу с закреплёнными по бортам используемыми брёвнами для преодоления особенно глубоких рвов.,0,Syntax,cleanlab,1
"Она обнимает мальчика, вдыхая искусственно-сладкий аромат шампуни, исходящий от его волос.",0,Morphology,cleanlab,1
Его давно не было в Москве.,1,0,ds2,1
"Лучше разговаривать в саду, а не на пыльной дороге.",1,0,ds2,1
Она решила взять сына домой.,1,0,ds2,1
"Он был квартирмейстером и казначеем в Костромском пехотном полку, дослужился до штабс-капитана и вышел капитаном в отставку с шестистами рублями ассигнациями пенсии.",0,Morphology,"cleanlab, datamaps",2
Впоследствии вела свой класс в консерваторию.,0,Syntax,cleanlab,1
Только ты можешь дать мне горе.,0,Semantics,"cleanlab, datamaps",2
"Я видел желтое пятнышко, но не понял, что это оно.",0,Semantics,"cleanlab, datamaps, ds2",3
Ты должен ей помочь.,1,0,ds2,1
"Писатель пригласил журналистку, чтобы дать ей интервью.",1,0,ds2,1
"Он бывал везде: и на Рейне, и на Ганге.",1,0,ds2,1
Стены уже который год грозятся перекрасить.,1,0,ds2,1
Он не жил там ни года.,0,Semantics,"cleanlab, datamaps",2
"Люди заселили Южную Америку в результате одной миграционной волны вскоре после того, как их предки впервые приходили из Сибири в Западное полушарие.",0,Syntax,datamaps,1
"Я вижу, там кто-то есть.",1,0,ds2,1
"Иван играл на пианино, а когда Максим — на саксофоне.",0,Syntax,cleanlab,1
Возьми у меня корзинку и поставь ее куда-нибудь поблизости.,1,0,ds2,1
"Порази толпу ужасом, который бы отнял какую-либо способность к сопротивлению.",0,Semantics,"cleanlab, datamaps",2
Тебе надо показаться врачу.,1,0,ds2,1
Никто даже не обратил внимания на заваленную тумбочку вещами.,0,Syntax,"cleanlab, datamaps",2
Она сидела рядом со мной и горько плакала.,1,0,ds2,1
Давным-давно они жили в Стрелецке.,1,0,ds2,1
Начальник заставлял его работать больному.,0,Syntax,"cleanlab, datamaps",2
Ивана и недели не было в Москве.,1,0,datamaps,1
"Чтобы встать пораньше, надо завтра завести будильник.",1,0,ds2,1
Иван взял с собой плащ или куртку.,1,0,ds2,1
Я взяла его за своего брата.,0,Semantics,"cleanlab, datamaps, ds2",3
Где-то невдалеке и вверху замигал огонек.,1,0,ds2,1
"Снявши голову, по волосам не плачут.",1,0,cleanlab,1
Том не пытается вас впечатлить.,1,0,ds2,1
"Уровень детской смертности снижается из-за женщин в общине, которые борются за надлежащие практики здравоохранения.",1,0,cleanlab,1
"SpaceX официально приобрела в 1995 году ""Северный дом"" созданную компанию по производству теплообменников.",0,Syntax,cleanlab,1
"Какой тут отдых, когда дел столько?",1,0,ds2,1
Он дал мне толчок.,0,Semantics,datamaps,1
Мне видится это так.,1,0,ds2,1
Компания начинает обсуждать дальнейший план действий.,1,0,ds2,1
"Мировая общественность очень удивилась, когда в январе 2012 года обыкновенно улыбчивые и доброжелательные мальдивцы выходят на демонстрации против президента.",0,Syntax,datamaps,1
Есть о чем рассказывать!,1,0,ds2,1
Сообщение не рассердило Марию.,1,0,ds2,1
Мы приняли его в партию.,1,0,ds2,1
"Гость вошел в калитку, находившуюся около входа в лавку, и попал в квадратный небольшой дворик.",0,Semantics,"cleanlab, datamaps",2
Над сектором сгущаются тучи.,1,0,ds2,1
"При посещении больного, которому была прописана строгая диета, врач, пощупав пульс, сделал больному замечание, что он нарушил предписание и съел яйцо всмятку.",1,0,cleanlab,1
"За легкой стеной палатки, прямо возле моей головы, лежало гречишное поле.",0,Semantics,"cleanlab, datamaps",2
Церковь стоит на холме.,1,0,ds2,1
О староверах я уже писал.,1,0,ds2,1
Он вскоре понял свою ошибку.,1,0,ds2,1
"А сама завидует, что у него картины более красивее получаются, и многое у него лучше получается, просто не всегда есть бумага или фломастеры.",0,Morphology,datamaps,1
"На первом этапе, согласно этой методики, решается система линейных неравенств или уравнений.",0,Syntax,cleanlab,1
Его доклад был информативным и познавательным.,1,0,ds2,1
Сомневается в преданности конера и Филиппа.,0,Morphology,datamaps,1
"Я думаю, что он этого не сделает.",1,0,ds2,1
Вблизи стоял большой каменный дом.,0,Semantics,"cleanlab, datamaps",2
"Эти библиотеки распространяются непосредственно от их авторов, скачиваются через интернет.",0,Syntax,cleanlab,1
Я своими близорукими глазами и то увидел.,1,0,"cleanlab, datamaps",2
Том разговаривает с Геком.,1,0,ds2,1
Приноси книги в аудиторию.,0,Semantics,"cleanlab, datamaps, ds2",3
Он промахнулся по зайцу пулей.,0,Syntax,cleanlab,1
Как мама потом нашла у дочки в шкафе этот свёрток с бельём и стала сама для неё вручную делать бельё маленьких размеров.,0,Morphology,"cleanlab, datamaps",2
Я слышу хрип звонка.,1,0,ds2,1
"И мы столкнем их с другим лучом протонов, движущимся в противоположном направлении.",1,0,ds2,1
Вани не было дома.,1,0,ds2,1
"Хочу любить вас вечно, хочу спасти вас от самого себя.",1,0,ds2,1
Вдалеке стояли мы с Володей.,0,Semantics,"cleanlab, datamaps",2
Установки не было введено в действие.,0,Semantics,cleanlab,1
График проведения ремонтных работ в цехах завода был нарушен вопреки указания директора.,0,Syntax,cleanlab,1
С ребятами занимаются опытные тренеры.,1,0,ds2,1
Кассир выдал мне зарплату.,1,0,ds2,1
Мне не нужно отдыхать.,1,0,ds2,1
Ваня не решал задачу.,1,0,ds2,1
У этих янителей есть нравственная воля делать добро другим людям.,0,Morphology,"cleanlab, datamaps",2
Он начал речь приветствием.,1,0,cleanlab,1
В работе имеются ссылки на Якобсона.,1,0,ds2,1
"Раньше я вымыла пол, а потом пошла гулять.",0,Semantics,"cleanlab, datamaps",2
"Хотя погода была хорошая, он не пошел гулять.",1,0,ds2,1
"Они зайдут, когда ты спрячешься.",1,0,ds2,1
Я хочу увидеть Машу.,1,0,ds2,1
"Вероятно, он что-нибудь там делает.",1,0,ds2,1
Все лето трава была зеленой.,1,0,ds2,1
Эти Львиные Головки обычно не держат гриву всю свою жизнь.,0,Semantics,"cleanlab, datamaps",2
"Врачи считают, что состояние больного настолько ухудшилось, что вполне вероятно, что в течение нескольких часов может наступить смерть.",0,Syntax,"cleanlab, datamaps",2
Он был убит в результате немецкого огня в защиту Киева 20 сентября 1941 года.,0,Semantics,cleanlab,1
Солдаты получили от командира приказ выдвигаться на позицию.,1,0,ds2,1
"Зато как никогда захотелось быть с Ангелиной, и это не из-за только упрямства, – поднялась в душе волна уверенности, что любит её.",0,Syntax,"cleanlab, datamaps",2
Земли эльфов находятся в севере от Империи.,0,Syntax,cleanlab,1
Меня рассердила его невнимательность.,1,0,ds2,1
Возьмите у него из стола мои книги.,1,0,ds2,1
Столицей провинции является город Палпа.,1,0,ds2,1
Хозяйки в доме не чувствуется.,1,0,ds2,1
Мы дали металлу твердость.,0,Semantics,"cleanlab, datamaps, ds2",3
Он часто кому-нибудь помогает.,1,0,ds2,1
"Я не принимаю его за крупного ученого, хотя и знаю, что это так.",0,Semantics,"cleanlab, datamaps",2
"Он увидел телегу и понял, что она сломана и после починена.",0,Semantics,cleanlab,1
У нас сейчас есть урок.,0,Semantics,"cleanlab, datamaps, ds2",3
Объяснение с ним я беру на себя.,1,0,ds2,1
Современная молодежь для физического самосовершенствования выбирают фитнес−центры по месту жительства.,0,Syntax,"cleanlab, datamaps",2
Жених и невеста сидели около.,0,Semantics,cleanlab,1
Муж собирается просить Лену разрешить ему поехать туда одному.,1,0,ds2,1
"Навруз (21 марта) — это праздник нового года по солнечному календарю древних иранцев, приходящемуся на весеннее равноденствие, когда пробуждается природа и наступает время сельскохозяйственных работ.",0,Syntax,cleanlab,1
Кто топил эту машину?,0,Semantics,"cleanlab, datamaps",2
Князь Андрей в своем стремлении к духовному совершенству совершает немало ошибок и осуждал себя за них гораздо больше других.,0,Syntax,datamaps,1
"Задача отряда состояла в том, чтобы принять на себя его охрану до Мурманска.",1,0,ds2,1
Твои советы мне не нужны.,1,0,ds2,1
Я с удовольствием с ним говорил.,1,0,ds2,1
В первую зону парка можно увидеть гнездовье.,0,Syntax,"cleanlab, ds2",2
"Если вы летите на самолете, вы летите над вершиной, вы не весите на 25 секунд.",0,Hallucination,datamaps,1
Мосты еще не сняли.,1,0,ds2,1
Он показывал мне эти письма.,1,0,ds2,1
Этот фильм показали по телевизору?,1,0,ds2,1
"Как ты думаешь, что он починил машину?",0,Syntax,"cleanlab, datamaps",2
У меня вставили зубы.,0,Semantics,"cleanlab, datamaps",2
Искусственные алмазы лучше поддаются ювелирной обработке из-за отсутствия природных примесей и прочной кристаллической структуры.,0,Syntax,"cleanlab, datamaps",2
"Те дорогие друзья, которые нас сейчас слушают, я сразу же напоминаю номер нашего пейджера....",0,Syntax,cleanlab,1
На город за время войны не упало ни одной бомбы.,1,0,ds2,1
Я сегодня буду гулять.,1,0,ds2,1
"Он сказал, что Иван болеет.",1,0,ds2,1
"А сапоги я вам блестящие принесу, ещё красивее ваших!",1,0,cleanlab,1
Я выслушала его возражения.,1,0,ds2,1
"Меня посадили около какого-то молодого человека, удивительно похожего на Блока.",1,0,ds2,1
Вчера в два часа магазин закрыт.,0,Semantics,"cleanlab, datamaps, ds2",3
Эта порода тигров встречается на Дальнем Востоке.,1,0,ds2,1
Вы хотите посмотреть мои картины?,1,0,ds2,1
А Матвей уже остался ― посуду мыл.,0,Semantics,"cleanlab, datamaps",2
"Я не мог поверить своим глазам, когда впервые увидел это.",1,0,ds2,1
"В 1856 году на место Линкольна, названного в честь Джорджа Блумбергского острова был основан город Ланкастер.",0,Hallucination,ds2,1
В отдалении показался человек.,0,Semantics,"datamaps, ds2",2
"Я сделаю, как вы попросили.",1,0,ds2,1
Ученые описали похожий эффект при взаимодействии нейтронов с ядром кислорода воздуха.,0,Hallucination,cleanlab,1
Как мама потом нашла у дочки в шкафу этот свёрток с бельём и стала сама для неё вручную делать бельё маленьких размеров.,1,0,cleanlab,1
После завершения подготовительных работ в квартире нашли сбойное место.,1,0,ds2,1
"У нас точные данные, что они знали все это.",1,0,ds2,1
"Едва Олеся, закончив все приготовления на кухне, входит в комнату, как тут же, схватив что-то нужное, выбежит в столовую.",0,Syntax,"cleanlab, datamaps",2
"А сапоги я вам блестящие принесу, ещё красивше ваших!",0,Morphology,"cleanlab, datamaps",2
Так вы берете этот свитер или нет?,1,0,ds2,1
"Принято считать, что Сочи стало курортом в 1909 году, когда открылся гостиничный комплекс «Кавказская Ривьера».",0,Syntax,"cleanlab, datamaps",2
"Тут пара чулков барышниных, да наволочка, да два полотенца.",0,Morphology,"cleanlab, datamaps, ds2",3
Много критических замечаний и ценных предложений было внесено в ходе обсуждения вопроса.,0,Syntax,cleanlab,1
"Подозреваемый, продолжая отрицать свою вину, заявил, что ему не под чем соглашаться.",0,Syntax,"cleanlab, datamaps",2
"Что полиция арестует несколько демонстрантов, не вызывало сомнений.",0,Syntax,"cleanlab, ds2",2
"Эта ваза стоит 300 рублей, но я отдам ее за 250 рублей.",1,0,ds2,1
Он поцеловал ее трижды.,1,0,ds2,1
Он подошел совсем близко ко мне.,1,0,ds2,1
Его слова не могли убедить кого-нибудь.,0,Semantics,"cleanlab, datamaps",2
"Плоховато одетый, из плохой квартиры, с пятидесятью рублями наличности.",0,Morphology,cleanlab,1
Для снятия с огня коллиевых изделий на могилу нужны специальные мероприятия.,0,Hallucination,cleanlab,1
"Я видел вашу жену, но не узнал ее.",1,0,ds2,1
"Не думаю, что он снова выиграл.",1,0,ds2,1
И вот он едет сейчас в сторону водокачки.,1,0,ds2,1
Теперь рассмотрел его Шухов вблизи.,1,0,"cleanlab, datamaps",2
"Кого он отомстил врагу, убив?",0,Syntax,"cleanlab, datamaps",2
Я брал твой ключ.,1,0,ds2,1
"Они ей отказали, дураки.",1,0,ds2,1
Его поведение меня удивило.,1,0,ds2,1
Он расстался с не более тысячью рублей.,0,Syntax,cleanlab,1
"Портмоне нашёлся, но вот денег и карт в нём не оказалось.",0,Syntax,cleanlab,1
"Известный американский антрополог считает то, что увеличение возраста зрелости может стать важным ресурсом для развития общества.",0,Syntax,cleanlab,1
Он дал мне рану.,0,Semantics,"datamaps, ds2",2
"Я стоял около него и случайно слышал, что он сказал своему адъютанту.",1,0,ds2,1
"Отец сейчас, наверное, в банке.",1,0,ds2,1
"Война была тяжёлым испытанием для всего народа, но все верили и надеялись на победу.",0,Syntax,"cleanlab, datamaps",2
"Я опасаюсь, что он, может быть, забудет.",0,Semantics,"cleanlab, datamaps, ds2",3
Здесь денег не лежало.,1,0,ds2,1
Я этого не знаю.,1,0,ds2,1
После этого он утратил какой-либо интерес к происходящему.,0,Semantics,"cleanlab, datamaps",2
"Янтарный свет начал мерцнуть, да и тело шефа благополучно погасло.",0,Semantics,"cleanlab, datamaps",2
Они принесли мне некоторые бумаги подписать.,1,0,ds2,1
Грядки в первой части были пригодны к сбору живого материала летом.,1,0,cleanlab,1
После этого она получила к нему доверие.,0,Semantics,"cleanlab, datamaps, ds2",3
"Вероятно, там кто-то был?",1,0,ds2,1
"Aloysius был хорошим мужем и хорошим человеком, и если он пил слишком много, то только ирландцы в нем выходили.",0,Hallucination,"cleanlab, datamaps",2
В департаменте обороны военные службы могут объединить все подразделения военнослужащих на собственные разведысвательные элементы в своих запасах.,0,Morphology,cleanlab,1
"Занятий, мне жаль, не будет.",0,Semantics,"cleanlab, datamaps, ds2",3
Завтра я буду иметь демонстрацию.,0,Semantics,ds2,1
"Они так богаты, но не такие здоровые, как Керала.",0,Syntax,datamaps,1
Это будет лучше для вас.,1,0,ds2,1
Следствие о циклической группе тоже циклична.,0,Hallucination,"cleanlab, datamaps",2
Вани здесь ни разу не было.,0,Semantics,"cleanlab, datamaps, ds2",3
Коты по чердаку бегают.,1,0,ds2,1
"Мотор гудит, винты крутятся, вода из крана льёт, а людей нет.",0,Semantics,"cleanlab, datamaps",2
"Возьми с меня плед, мне жарко.",0,Semantics,datamaps,1
"Получив письмо от Маши, перед Гриневым возникла трудная задача.",0,Syntax,cleanlab,1
Он взял на себя управление имением.,1,0,ds2,1
Иван выучился в колледже на слесаря и решил пойти на завод им.,0,Syntax,ds2,1
В прошлом году я лежал в больнице с воспалением легких.,1,0,ds2,1
"Каждый год в конце лета на Землю обрушивается звездопад, несмотря на это на самом деле мы видим вовсе не звёзды.",0,Syntax,datamaps,1
Я жду его уже довольно долго.,1,0,ds2,1
В 1980 году исполнялось столетие со дня рождения Блока.,1,0,ds2,1
"Помилуй, мне и от роду нет году.",1,0,cleanlab,1
Он говорил об упразднении каких-либо званий.,0,Semantics,"cleanlab, datamaps, ds2",3
"Как вы знаете, что я этого не сделал?",0,Semantics,"cleanlab, datamaps",2
"Кожа Захария захватил замок Даньо, провозгласив себя правителем Сати и даньо.",1,0,cleanlab,1
Они виделись всего несколько минут.,1,0,ds2,1
Окончательная ребрендация MTV должна быть завершена к 2011 году.,0,Morphology,"cleanlab, datamaps",2
"Мы должны родить Мари до тех пор, пока она не будет в порядке.",0,Hallucination,"cleanlab, datamaps",2
Я не взяла ключи.,1,0,ds2,1
"Адмирал Родни провел 1780 и 1781 годы в Карибском бассейне, грабив и угнав голландские Карибские острова.",0,Syntax,ds2,1
Мне нездоровится и лучше прилечь.,1,0,ds2,1
"Как шумела, клокотала вода за тонкой стеной каюты, прямо возле моей головы.",0,Semantics,"cleanlab, datamaps",2
Ты еще не взял белье из прачечной?,1,0,ds2,1
Он постепенно решил эту задачу.,1,0,ds2,1
"На аукционе в Москве появились коллекции живописей, графиков и фотографий.",0,Morphology,cleanlab,1
Я живу у самой Волги.,1,0,ds2,1
Такой мысли не возникает неожиданно.,0,Semantics,"cleanlab, datamaps",2
"Говорю тебе, что немедленно отправляйся домой.",0,Semantics,"cleanlab, datamaps",2
Появились новые лекарственные препараты.,1,0,ds2,1
"А прочитая рассказ у Вас в 9-м номере, я хочу сходить к нему на могилу, положить цветы.",0,Morphology,"cleanlab, datamaps",2
"Главное, к чему надо стремиться, это то, чтобы стать счастливым человеком.",0,Syntax,cleanlab,1
Эту книгу я уже покупал.,1,0,ds2,1
Одна женщина подарила мальчику яблоко.,1,0,ds2,1
Работать вчера мне было.,0,Syntax,"datamaps, ds2",2
"На кухне, он ясно слышит, кто-то есть.",0,Semantics,datamaps,1
Посмотрел на я Ивана.,0,Syntax,cleanlab,1
Я впервые столкнулся с такой проблемой.,1,0,ds2,1
"Что он испугался, не удивительно.",1,0,ds2,1
На улице была толпа народа.,1,0,ds2,1
"Сожалею, что не смог вас известить.",1,0,ds2,1
Я дам тебе дочь.,0,Semantics,"cleanlab, datamaps",2
Иди скорее в школу.,1,0,ds2,1
"Иван не знает, что занятия отменяются.",1,0,ds2,1
"Это была либо моя мать, либо сестра.",1,0,ds2,1
"Я чувствую, мне, кажется, придется уступить.",1,0,ds2,1
Она сидела на диване рядом с мужем.,1,0,ds2,1
Я получил от него указание.,1,0,ds2,1
"Я не могла прийти, потому что у меня было собрание.",1,0,ds2,1
Мы разбили палатку у подножия горы.,1,0,ds2,1
"Пойманных акул выбрасывают за борт, уровень выживаемости до низкого (траления), пойманные.",0,Hallucination,ds2,1
"Маршрут и маршрут ""Старухи"" на 7 Июня.",0,Hallucination,"cleanlab, ds2",2
Окна смотрят на юг.,1,0,ds2,1
"Нить, и шар всплыл, оборвалась.",0,Syntax,datamaps,1
"Я заметил это желтое пятнышко, но не придал ему значения.",1,0,ds2,1
"Вскакивая с рундука на рассвете, она сразу вспомнила, что в мире — радость.",1,0,"cleanlab, ds2",2
Завтра я приеду и подпишу акт.,1,0,ds2,1
Он работает мимо сада.,0,Syntax,ds2,1
Однако вскоре его заменили и курировали только бюджетное отделение (диван Аль-Азима).,0,Hallucination,"cleanlab, datamaps",2
Он спокойно принял возражения оппонента.,1,0,ds2,1
"Иногда он шел домой пешком, а иногда садился в троллейбус.",1,0,ds2,1
Вчера этот прибор имел использование.,0,Semantics,ds2,1
"Здесь ещё осталось несколько ветхих деревянных домишек былых, запущенных деревень.",0,Morphology,cleanlab,1
Она сидела за столом и кормила двоих детей.,1,0,ds2,1
Почему же вы сердитесь?,1,0,ds2,1
Он живет поблизости от меня.,1,0,ds2,1
Попробоваем проследить биографию антиквариата как особой категории товаров.,0,Morphology,"cleanlab, datamaps",2
Мы оба здесь по одной и той же причине.,1,0,ds2,1
Он живет очень поблизости со мной.,0,Semantics,ds2,1
"Когда ты вошел, я не обедал.",0,Semantics,"cleanlab, datamaps",2
Его положили в больницу.,1,0,ds2,1
Вчера все время с кем-нибудь говорила.,1,0,ds2,1
В это время мы сидели у стола и обедали.,0,Semantics,"cleanlab, datamaps, ds2",3
"Я поступил, и Иван очень обрадовался, в институт.",0,Syntax,ds2,1
У него было много всяких дел.,1,0,"datamaps, ds2",2
"Иван не знал, что там есть гостиница.",1,0,ds2,1
"Режиссер Майкл Мур хочет сделать главную героиню фильма ""Он вам не Димон"" женщиной.",0,Semantics,"cleanlab, datamaps",2
"Если он может решить любую из этих задач, то у него выдающиеся математические способности.",1,0,ds2,1
"Особенно после катастрофы, вызванной дождями в 1977 году, была осознана необходимость построить барьеры для наводнений вдоль реки.",1,0,cleanlab,1
Я имею деньги в кармане.,0,Semantics,"cleanlab, datamaps, ds2",3
Это платье больше по ширине в длину.,1,0,ds2,1
Мальчики принесли каждый по яблоку.,1,0,ds2,1
Я принимаю землетрясение как способ зондирования земной коры.,0,Semantics,"cleanlab, datamaps",2
"Бесстрашные пастушьи собаки встречаются в горах, которые нехотя встают из колеи, уступая дорогу автомобилю.",0,Syntax,cleanlab,1
Вчера я смогла весь день работать.,1,0,ds2,1
Том взял немного денег из коробки.,1,0,ds2,1
Всего мы прошли пешком около пятиста километров.,0,Morphology,"cleanlab, ds2",2
Я не знаю эту женщину.,1,0,ds2,1
"Не он, а она смутились.",0,Syntax,datamaps,1
"Он всегда говорил очень убедительно, а у меня возникали некоторые сомнения.",1,0,ds2,1
Технология выращивания клубники имеет свои особенности.,1,0,ds2,1
"Вот почему Бог не даст ей преподавать, не даст ей делать ничего в церкви, кроме оставаться на месте с замаскированным лицом.",0,Syntax,"cleanlab, datamaps",2
"Она как-то странно восприняла то, что я ей сказала.",1,0,ds2,1
У него был какой-то испуганный ви.,1,0,ds2,1
"Я не принимаю то, как они живут.",0,Semantics,"cleanlab, ds2",2
Вы не хотите посмотреть мои картины?,1,0,ds2,1
"Были неприятности, имеются последствия.Например, долго нельзя на государственную службу.",1,0,ds2,1
Управляющие вычислительные комплексы для промышленной автоматизации создадут собственные.,0,Syntax,"cleanlab, datamaps",2
"Ведь это вышло, что в Совет федерации не тех назначили.",0,Syntax,"cleanlab, datamaps",2
"Он вообразил, что он гений.",1,0,ds2,1
"Исполняя эту пьесу, было чувство радости, переполнявшее исполнительницу.",0,Syntax,ds2,1
Удачное употребление дает глубокое значение народным изречениям.,0,Semantics,"cleanlab, datamaps",2
У него не было никаких причин что-либо менять.,1,0,ds2,1
Завтра в это время я буду уже далеко.,1,0,ds2,1
При термической обработке металлы становятся очень твердыми.,1,0,ds2,1
"Эрика хорошо рисует, у нее большие способности, и она будет в этом году поступать в архитектурный.",1,0,cleanlab,1
Здесь нельзя переходить улицу.,1,0,ds2,1
После этого она стала ему доверять.,1,0,ds2,1
"Мне сообщили об этих планах, и они понравились.",0,Syntax,"cleanlab, datamaps, ds2",3
Кто строил эту дорогу?,1,0,ds2,1
Его приняли в институт.,1,0,ds2,1
Вчера мне не передали этого письма.,1,0,ds2,1
"Я пригласила ее, чтобы пригласить кого-нибудь.",1,0,"datamaps, ds2",2
"По глазам вижу, что у тебя и на уме-то.",1,0,ds2,1
Кто из женщин вышел в этот момент из дома?,1,0,ds2,1
"Я на минуту подняла глаза, но сейчас же опять опустила, потому что он продолжал серьезно смотреть мне прямо в лицо.",1,0,ds2,1
"Они зайдут, а ты спрячешься.",1,0,ds2,1
Глаза резало на свету.,1,0,ds2,1
Он схватил ее в объятия.,1,0,ds2,1
Петя принял решение уехать.,1,0,ds2,1
Под затрудненным дыханием подразумевается неприятное ощущение сложности выполнения вдоха или выдоха.,1,0,ds2,1
Они ссорятся из-за пустяков.,1,0,ds2,1
Между тем эксперты считают подобные меры популистскими и нереализуемыми.,1,0,ds2,1
"Ему так послышалось, чтобы потом жаловаться на нашу грубость.",0,Syntax,"cleanlab, datamaps",2
Он вызывает влечение у женщин своей харизмой (угрозами) и обещает раскрыть все тайны во время видения.,1,0,cleanlab,1
Длинные перечисления утомили меня.,1,0,ds2,1
"Тут начинает звонить телефон, и он вскакивает.",1,0,ds2,1
Из трубы не идет дыма.,0,Semantics,datamaps,1
"Именно это оно и радует, что можно жить как хочешь.",0,Syntax,datamaps,1
"Увы, ни Россия и Великобритания не признали независимость Йеттишарского государства.",0,Syntax,cleanlab,1
Я читал около трех страниц.,0,Semantics,"cleanlab, datamaps, ds2",3
У меня есть для вас одно приятное известие.,1,0,ds2,1
"Я вижу здесь больших деревьев и слышу, как повсюду раздаются веселые голоса ребят и их задорный смех.",0,Syntax,"cleanlab, datamaps",2
Афанасьевна и Софья стояли вблизи и слушали.,0,Semantics,ds2,1
"Это не так уж хорошо, как вчера, если только наоборот.",0,Hallucination,"cleanlab, datamaps",2
"Это приводит к иммуноизоляции и ангиогенезе, что делает рак более инвазивным.",0,Syntax,"cleanlab, datamaps",2
Всякий школьник знает теорему Пифагора.,1,0,ds2,1
"Он все время что-то придумывает, чтобы на уроке интересно.",0,Semantics,"cleanlab, datamaps",2
Мы недалеко от вас.,1,0,ds2,1
"И сейчас метеорологи в своих предсказаниях погоды опираются на некоторые народные приметы, дающих довольно точный прогноз.",0,Syntax,cleanlab,1
Что он на это сказал?,1,0,ds2,1
"Они грабили, убивали и совершали преступления.",0,Semantics,cleanlab,1
"В Киргизии девочка вышла в очередной раз, несмотря на попытки матери получить гражданство.",0,Hallucination,datamaps,1
"Она ожидала, что родители похвалят ее.",1,0,ds2,1
"Запомни, мои друзья: Том здесь был до того, как вода потекла и деревья выросли.",0,Syntax,"cleanlab, datamaps, ds2",3
Иностранных туристов не остановилось.,0,Semantics,"cleanlab, ds2",2
"Говорю, что это я написал тебе записку, потому что хочу, чтобы ты знала.",0,Semantics,"cleanlab, datamaps, ds2",3
"Она выдержит, она, женщина, многое выдержит.",1,0,ds2,1
Она живет в маленьком городе поблизости от Курска.,1,0,ds2,1
Он представлял Индию в ООН.,1,0,ds2,1
Чиновник росчерком пера позволил им стать миллионером.,0,Syntax,"cleanlab, datamaps",2
Он рискует остаться один.,1,0,ds2,1
И именно в это самое время в нем возникло какое-то чувство беспокойства.,1,0,ds2,1
У памятника собирается около тысячи человек.,0,Semantics,"cleanlab, datamaps",2
Я принимаю его самоубийство.,0,Semantics,cleanlab,1
"Как только прозвучал третий звонок, но вдруг у меня тоже зазвенел телефон.",0,Syntax,cleanlab,1
Художественная гимнастика — один из самых эффектных и красивых видов спорта.,1,0,ds2,1
В данный момент я разговаривал с директором.,0,Semantics,"cleanlab, datamaps, ds2",3
"Все, кто пробовали савойское фондю, считают, что французы знают толк в еде.",0,Syntax,ds2,1
Я не люблю кого-либо.,0,Semantics,"cleanlab, datamaps",2
Я склонился к тому же мнению.,0,Semantics,"cleanlab, datamaps, ds2",3
Я не читаю газет.,1,0,ds2,1
"Вот эта девушка, что я влюблен.",1,0,ds2,1
"Мне не нравится то, как они живут.",1,0,ds2,1
Английский язык является языком мира.,1,0,ds2,1
Вася и Маша целовались друг с другом.,0,Semantics,"cleanlab, datamaps, ds2",3
"Опера Д. Д. Шостаковича «Леди Макбет Мценского уезда» — это два с половиной часа непрерывной музыки, почти нестерпимой в своём драматизме.",1,0,ds2,1
"Ашот лежал около меня, спал.",1,0,ds2,1
Я поставил чемодан около себя.,1,0,ds2,1
"Нужно бороться против кого-то, кто сеет зло.",0,Semantics,"cleanlab, datamaps",2
"Этот прибор может принести много пользы, если работая правильно.",0,Syntax,cleanlab,1
"Не понимаю, как я здесь очутился.",1,0,ds2,1
Том старается изо всех сил.,1,0,ds2,1
Окно было открыто час назад.,1,0,ds2,1
"Согласно прогнозов синоптиков, весна в этом году будет ранняя.",0,Syntax,cleanlab,1
"Она хотела что-то сказать, но голос отказался произносить какие-нибудь звуки.",1,0,ds2,1
"Провалитесь они, эти книги!",0,Semantics,"cleanlab, datamaps",2
"Сверх запасов, зафиксированных ЛБМ и МИА, в мире находится более 4 млн тонн алюминия, которые в основном нигде не зафиксированы.",1,0,cleanlab,1
"Колонна и Фернандо д'Авалос, оставшись без противника, захватили Генуе 30 мая.",0,Syntax,cleanlab,1
"Он почему-то решил то, что ему надо срочно бежать на вокзал за билетом, потому что боялся опоздать.",0,Syntax,cleanlab,1
"Я представляю, как дедушка сидит в лесу над костром, зажаривает куски буйволятины и ест.",1,0,ds2,1
У Маши есть ее брат.,1,0,ds2,1
Я отдала ему твой свитер.,1,0,ds2,1
"Он не знает, приехал ли Иван.",1,0,ds2,1
В архипелаге Кука назвали имена самых уважаемых жителей ивана белухача.,1,0,cleanlab,1
Его приняли в партию.,1,0,ds2,1
Я купил ее на рынке рядом с метро «Университет».,1,0,ds2,1
"Сусанинская площадь была переименована в ""историческое название"" с 1992 года.",1,0,ds2,1
"Монастырь стоял вдоль реки, на довольно высоком её берегу, отделявшей людей от города.",0,Syntax,cleanlab,1
Иван оставил надежду встретиться с тобой сам.,1,0,ds2,1
"Я подумала, что вам не будет хватать меня.",0,Syntax,"cleanlab, datamaps",2
Зарубежным коллегам предложили проповерять результаты.,0,Morphology,ds2,1
Я передал ему эти деньги.,1,0,ds2,1
"Выясняется, что он здесь.",1,0,ds2,1
В натюрморте И. И. Машкова «Снедь московская» изображены возвышающиеся караваи на столе.,0,Syntax,"cleanlab, datamaps, ds2",3
Он не хотел ничего делать.,1,0,ds2,1
"Если Иван, к сожалению, в отпуске, вам придется ждать до сентября.",0,Semantics,"cleanlab, datamaps",2
Я получил 10 рублей за работу.,1,0,ds2,1
"Таким образом, нет дискуссий: эта задача требует непрерывной преданности и духа непрерывного самопожертвования его и его людей.",0,Hallucination,cleanlab,1
Его появление не вызвало замешательства.,1,0,ds2,1
"Не должно быть подозрений, что судью привлекают только потому, что он высказал свое критическое отношение к каким бы то ни было действиям самой государственной власти.",0,Semantics,"cleanlab, datamaps",2
Он оказался очень сообразительным мальчиком.,1,0,ds2,1
Вчера в два часа дня иду я по Кузнецкому.,1,0,ds2,1
"Это то впечатление, которое вы хотите чтобы мы вынесли которое отсюда?",1,0,"cleanlab, datamaps",2
Руки у него дрожали.,1,0,ds2,1
Отказ от игры роняет его в глазах шахматистов.,1,0,ds2,1
Я взял с него обещание.,1,0,ds2,1
"Проведение тестирования обсуждалось на педсовете, не давая никаких полезных рекомендаций.",0,Syntax,cleanlab,1
"Среди домов, построившихся на этой улице, было несколько многоэтажных.",0,Syntax,cleanlab,1
Инспекторы рыбнадзора продолжают выявлять злостных браконьеров на реках.,1,0,ds2,1
"Конечно, и мы, и родители— все беспокоились за то, чтобы успешно сдать выпускные экзамены.",0,Syntax,datamaps,1
"Если ты требуешь, то любой из нас ей поможет.",0,Semantics,"cleanlab, datamaps, ds2",3
По окончанию института Григорий отправился на стажировку в Англию.,0,Syntax,cleanlab,1
"Я сказал это, чтобы что-то сказать.",1,0,ds2,1
Сейчас как раз есть одно из занятий по английскому языку.,0,Semantics,"cleanlab, datamaps",2
У меня есть хорошие студенты.,1,0,ds2,1
"Я почувствовал, что он несомненно устал.",0,Semantics,"datamaps, ds2",2
Иван не понимает мое желание быть нужной близким.,1,0,cleanlab,1
Ценность сведений установилась на основе предпочтений.,0,Semantics,"cleanlab, datamaps, ds2",3
Ему не до разговоров.,1,0,ds2,1
"Он понимает, что она права.",1,0,ds2,1
"Я не позвонил потому, что хотел увидеть ее.",1,0,ds2,1
"По-видимому, прибытие корабля стоит ожидать ближе к сегодняшнему вечеру.",0,Syntax,"cleanlab, datamaps, ds2",3
"Пиросмани усмехался: эти двое молодых людей думают, что где-то на земле для него есть место, и есть круг людей, который он имеет право назвать своим.",1,0,ds2,1
Я не просил его никого слушать.,0,Semantics,"cleanlab, datamaps, ds2",3
"Перед Иваном Грозным, взяв в 1552 году столицу Казанского ханства, встала задача расположить к себе новых подданных.",0,Syntax,cleanlab,1
Ваше отсутствие не тормозило работы.,1,0,ds2,1
Она всегда душится какими-нибудь необыкновенными духами.,1,0,ds2,1
"Сколько ты хочешь, чтобы тебе заплатили?",1,0,ds2,1
Иван поехал на конференцию в Марокко.,1,0,ds2,1
Последнее может достигать расстояния в 1 AU от звезды и является сильно плоским и наблюдается на крае.,0,Hallucination,datamaps,1
Кое-кто на лекции присутствовал.,1,0,ds2,1
У него было неизъяснимое блаженство.,0,Semantics,"cleanlab, datamaps",2
"Гражданка, я за вами, а пока пойду к себе в проходе не болтаться.",0,Syntax,"cleanlab, datamaps",2
У него было какое-то странное выражение лица.,1,0,ds2,1
В этом разделе нет ничего для отчета.,1,0,ds2,1
Я был несколько раз в ихней квартире.,0,Morphology,"cleanlab, datamaps, ds2",3
По прибытию на вокзал Анита немедленно бросилась звонить матери.,0,Syntax,cleanlab,1
В первом же сражении он обнаружил свою отчаянную храбрость.,1,0,ds2,1
"Идет снег, так что холодно и так что не хочется идти гулять.",0,Syntax,ds2,1
Близ него стояла молодая женщина в черном платье.,0,Semantics,"cleanlab, datamaps",2
ARMAT работает с 1984 года.,1,0,ds2,1
Сторож наполняет бассейн водой.,1,0,ds2,1
Лесные рыжие муравьи приносят неоценимую пользу человеку.,1,0,ds2,1
Она была в стороне от каких-либо интриг.,1,0,ds2,1
"Все было тихо, и только где-то вдалеке шумели поезда.",1,0,ds2,1
Павел Алексеевич уже перестал ждать всякого ответа.,0,Semantics,"cleanlab, datamaps",2
"Он видел невдалеке большую деревню, раскинувшуюся по обеим сторонам озера.",1,0,ds2,1
Сильно этот поезд не опоздает.,1,0,ds2,1
Вчера я была у мамы и получила от нее эту книгу.,0,Semantics,"datamaps, ds2",2
"Отец пообещал, что по прибытию из командировки непременно расскажет во всех подробностях, что видел за границей.",0,Syntax,datamaps,1
"К счастью, выздоровление не должно быть сложным: как правило, пациенты быстро приходят в себя после таких операций.",0,Syntax,"cleanlab, datamaps",2
"Эти варианты поведения не одобряются обществом, предпочитавшим принцип равной безопасности.",0,Syntax,"cleanlab, datamaps",2
"Он слишком самолюбив, чтобы хоть немного беспокоиться о том, что с тобой.",1,0,ds2,1
"Он думает, его за это похвалят.",1,0,ds2,1
"Никогда не знавшая семейного уюта Алена пригрелась рядом с Ниной Карповной, как бездомный котенок.",0,Semantics,"cleanlab, datamaps",2
Она стояла у брата.,0,Semantics,"cleanlab, datamaps",2
"Кафка уверена в том, что он был знаком с мужской семьей раньше.",0,Syntax,"cleanlab, datamaps",2
Иногда каждый человек может так поступить.,1,0,ds2,1
У него есть некоторая фантазия.,1,0,ds2,1
Побережья Иванова и Кохма прошли на севере.,0,Semantics,cleanlab,1
Я получил его донесение только вчера.,1,0,ds2,1
Иван вчера не позвонил.,1,0,ds2,1
Ночь была дождливая и темна.,0,Syntax,"cleanlab, datamaps",2
У тебя очень красные щеки.,1,0,ds2,1
"Ни в поле, ни в лесу никого не было.",1,0,ds2,1
"С ее помощи получаются таблицы которые определяют органы официальой госстатистики,рассчитанной по данным предприятий и организаций.",0,Syntax,cleanlab,1
Иван не понимает мое желание идти на вечер один.,0,Syntax,"cleanlab, datamaps, ds2",3
"И пошлите кого-нибудь к Фу Чану, чтоб захватили несколько пар туфлей.",0,Morphology,datamaps,1
Весь день я простоял возле станка.,0,Semantics,"cleanlab, datamaps, ds2",3
"Мне было неприятно помогать кому-нибудъ из них, но я все-таки помогал.",0,Semantics,"datamaps, ds2",2
"Он прав, я думаю?",1,0,ds2,1
"Я хочу, чтобы они зайдут, когда ты спрячешься.",0,Syntax,datamaps,1
Она смотрела вдаль усталыми глазами.,1,0,ds2,1
Потом дорога входит в леВскоре она выходит к реке.,1,0,cleanlab,1
"Ходят слухи, будто всё позапрещают.",1,0,cleanlab,1
У него не было причин ничего менять.,0,Semantics,"cleanlab, datamaps, ds2",3
Память ему как мученика придет в день смерти 19 июля.,0,Syntax,"cleanlab, datamaps",2
Авто* — принтер пытается подключиться к сети с текущей скоростью сети.,0,Hallucination,ds2,1
Сторож наполнил бассейн водой.,1,0,ds2,1
Сразу по приезду в Коломну боярин Всеволожский был схвачен и закован в железо.,0,Syntax,"cleanlab, datamaps",2
Ребята накупили хорошую книгу.,0,Syntax,"cleanlab, datamaps, ds2",3
В течение первого года обучения будущие педагоги знакомятся с работой в школе.,1,0,cleanlab,1
В лесу около нашей деревни много грибов.,1,0,ds2,1
Не вижу оснований так поступать.,1,0,ds2,1
Под впечатлением от симфонии я захотел больше узнать о создателе.,0,Syntax,"cleanlab, datamaps",2
Она не могла собраться с духом ответить что-нибудь.,1,0,ds2,1
Это влияет на любые инициативы сдвига во всякую сторону.,0,Semantics,"datamaps, ds2",2
"Мать взглянула на женщину, она была Самойлова.",0,Semantics,"cleanlab, datamaps",2
"Косуля—очень пугливое животное, и встретить его удается очень редко.",1,0,ds2,1
Я похож с братом.,0,Syntax,"datamaps, ds2",2
"Ему приказано отступать, и он отступает.",1,0,ds2,1
Вагоны шли привычной линией.,1,0,ds2,1
Станция находится в 100 метрах отсюда.,1,0,ds2,1
"Это потому, что меня попросили приехать, что я здесь.",0,Syntax,cleanlab,1
"Катя могла сказать и так, и какую-нибудь глупость.",0,Syntax,"cleanlab, datamaps",2
"И в подтверждение того, что она — Красавка, лошадь медленно по вернулась в нашу сторону.",1,0,cleanlab,1
"Оказалось, шуршание фольги, постукивание ложкой омиску и даже звон бокалов провоцирует припадки у кошек.",0,Syntax,"cleanlab, datamaps",2
"Надо бы как-то об этом подумать, как-то осознать это!",1,0,ds2,1
"Марья Ивановна, следовавшая глазами за всеми ее движениями, испугалась.",1,0,ds2,1
Советую тебе пойти к врачу.,1,0,ds2,1
"Эту иконку надо было класть отцу под подушку, и тогда он быстро выздоровит.",0,Morphology,"cleanlab, datamaps",2
Букинист по моей просьбе продал книгу студенту.,1,0,ds2,1
Я поговорю с ними со всеми.,1,0,ds2,1
Политика тебя не волновала.,1,0,ds2,1
"Я предпочитаю не быть слишком тяжелым в режиссере, а скорее позволить им поймать на него и просто увидеть, как это звучит.",0,Hallucination,cleanlab,1
Она часто о чем-то мечтает.,1,0,ds2,1
История обогатила нас новыми идеями и расширяет наш умственный горизонт.,0,Syntax,cleanlab,1
Он сидел близко от меня и плакал.,0,Semantics,"cleanlab, datamaps, ds2",3
Я очень рад встретиться с вами.,1,0,ds2,1
Он берет это слово в кавычки.,1,0,ds2,1
"И каждый раз, когда раздавался любой звук, старуха вздрагивала.",0,Semantics,"cleanlab, datamaps",2
Рыбак быстро надел наживку на крючок и забросил удочку в воду.,1,0,ds2,1
У него только одни способности.,0,Semantics,"cleanlab, datamaps, ds2",3
Он рискует попасть за решетку.,1,0,ds2,1
"Конечно, против такой системы ценностей решительно ополчились совдеповские образованцы, отвергавшие какие-либо традиции, а тем более столь возвышенные.",0,Semantics,"cleanlab, datamaps",2
По окончанию работ наладится бесперебойное движение транспорта.,0,Syntax,cleanlab,1
Его еще не прочитало этой статьи.,0,Syntax,"cleanlab, ds2",2
Машину я ему уже покупал.,1,0,ds2,1
Он был когда-то литератором и был огорчен и не признан.,1,0,cleanlab,1
"Ты, наконец, передавал ему мою книгу?",0,Semantics,"cleanlab, datamaps",2
Она не могла ничего произнести.,1,0,ds2,1
"Выяснилось, что он здесь.",1,0,ds2,1
"Говорят, если хочешь рассмешить Господа Бога, будь рассказывать о своих планах.",0,Syntax,cleanlab,1
У нас нет ничего.,1,0,ds2,1
С каким напряжением она была свидетелем этой сцены.,0,Semantics,"cleanlab, datamaps",2
Я взяла отпуск со следующего понедельника.,1,0,ds2,1
Он выделялся своим умом среди сверстников.,1,0,ds2,1
"С понедельника она идет в школу, каникулы закончились.",1,0,ds2,1
"Употребляя ненормативную лексику, со средств массовой информации теперь взимается штраф.",0,Syntax,cleanlab,1
Мой паспорт не был в сумке.,0,Semantics,"cleanlab, datamaps, ds2",3
Почтальон приходил в 8 утра.,1,0,ds2,1
Кого-то не бежало по аллее.,0,Syntax,ds2,1
Ваня не решил задачу.,1,0,ds2,1
"Хотя опытные инженеры из-за границы были обещаны и были уже в дороге, но в нужный момент их не было.",1,0,cleanlab,1
Во сколько ты обычно встаешь в субботу?,1,0,ds2,1
Лена просит мужа позволить ей ездить туда одна.,0,Syntax,"cleanlab, datamaps, ds2",3
Он сейчас трижды целует ее.,0,Semantics,"cleanlab, datamaps",2
Она приняла редактирование сборника.,0,Semantics,cleanlab,1
Этот человек — его сослуживец.,1,0,ds2,1
Никто был не твоим должником.,0,Syntax,"cleanlab, datamaps",2
"Если охранник не экспортируется, то контроль не может его назвать.",0,Hallucination,"cleanlab, datamaps",2
Нужного лекарства в аптеке не нашлось.,1,0,ds2,1
"Мы обращаемся со своей проблемой к Ирине Ивановне, которая не может не волновать всех нас.",0,Syntax,cleanlab,1
Вкус к большой политике к нему пришел более позднее.,0,Morphology,cleanlab,1
Денег не было прислано.,1,0,"cleanlab, ds2",2
Он хочет жениться на француженке.,1,0,ds2,1
"Гость молчал, и хозяин тоже молчал.",1,0,ds2,1
В этом году она снималась в сериале молодые варшавянки.,1,0,ds2,1
"Да у него гранаты системы, ― сказал он как можно непринужденней и, взобравшись на коня, поскакал прочь.",0,Syntax,"cleanlab, datamaps",2
Спортсмен еще не отдохнул.,1,0,ds2,1
"Я накормлю, уходи скорей.",1,0,ds2,1
Костюм не был в химчистке два года.,1,0,cleanlab,1
В поселке не есть врач.,0,Syntax,"cleanlab, datamaps",2
Я обнаружил его лежащего одним на кровати.,0,Syntax,cleanlab,1
Я не понимаю его.,1,0,ds2,1
Он сегодня пришел на работу вовремя.,1,0,ds2,1
"Он умер давно, больше столетия тому назад.",1,0,ds2,1
"Сомневаюсь, что она знает какие-либо детали.",1,0,ds2,1
"И Иван, я поступил в институт, очень обрадовался.",0,Syntax,"cleanlab, datamaps, ds2",3
"В браке родились девять детей, шесть мальчиков и три девочки.",1,0,ds2,1
Скоро он не пришел.,1,0,ds2,1
В химических реакциях подгруппы для синтеза белков используют соединения трех типов из перечисленных ниже групп.,1,0,cleanlab,1
"Я видел, что он, кажется, был расстроен.",0,Semantics,"cleanlab, datamaps, ds2",3
Он не в Париже.,1,0,ds2,1
Международная общественность хорошо понимает и заботится о решении социальных проблем в развивающихся странах.,0,Syntax,cleanlab,1
"Если ты все-таки решишь любую из этих задач, то поедешь на конференцию.",0,Semantics,"cleanlab, datamaps",2
Иван не отправил письмо.,1,0,ds2,1
Она взяла его под руку.,1,0,ds2,1
"Кокпит с бока на бок поместился слегка в ведущий угол крыла, а место для багажа или третье сидение поместилось в угол пересечения.",0,Hallucination,cleanlab,1
"Она стояла совсем рядом со мной, и я смог внимательно ее разглядеть.",1,0,ds2,1
"Они, если вы захотите, то вам все покажут.",0,Syntax,"datamaps, ds2",2
"Напротив, нихилистическим ядром этой политической экономики является воля и относительная свобода пересекать границы добра или допустимого, включая мораль и положительный закон.",0,Morphology,"cleanlab, datamaps",2
"Петя, и узнал расписание, позвонил в деканат.",0,Syntax,ds2,1
Римский папа Иоанн Павел I занимал пост главы католической церкви всего 33 дня и умирает от инфаркта.,0,Syntax,"cleanlab, datamaps",2
"Надеюсь, он хотя бы улыбнется.",1,0,ds2,1
Ее рука доверчиво на его плече.,0,Semantics,"datamaps, ds2",2
У него хватило ума не касаться этого вопроса.,1,0,ds2,1
"Заедь завтра ко мне, я тебе прочту.",0,Morphology,datamaps,1
Попробуй заметить вон ту звездочку над самой горой.,0,Semantics,"cleanlab, datamaps",2
Каждый цветок может покинуть своё место спустя несколько лет.,0,Semantics,datamaps,1
"Я был наказан за проступок, совершённый неделю назад.",1,0,ds2,1
Международная комиссия МОК может отменить решение о признании Байкала регионом РФ.,0,Hallucination,"cleanlab, datamaps",2
"Смотрел во всех углах, но ничего не нашел.",1,0,ds2,1
Что она там делает?,1,0,ds2,1
Имеется в виду экспериментальная комната лаборатории психологии младшего школьника 138-й школы.,0,Syntax,"cleanlab, datamaps",2
Лестница и под лестницей было подметено.,0,Syntax,ds2,1
Он взял на себя бег.,0,Semantics,"cleanlab, datamaps",2
Весь год я ходила туда.,1,0,ds2,1
"Лицо ― длиньше, чем надо, а тело ― короче.",0,Morphology,"cleanlab, datamaps",2
Я взяла лыжи напрокат.,1,0,ds2,1
Эта задача имеет решение.,1,0,ds2,1
До 1990-х годов аэродром носил кодовое название «Пicture» (ранее — «Конституция»).,0,Hallucination,datamaps,1
У него в отделе есть хорошие биохимики.,1,0,ds2,1
Я давно не брился.,1,0,ds2,1
Сегодня отца еще не было дома.,0,Semantics,"cleanlab, datamaps, ds2",3
Это обнажило мне суть явления.,0,Semantics,"cleanlab, datamaps, ds2",3
"Насколько я понимаю, он прав?",1,0,ds2,1
"Артиллерийский огонь и авиакатастрофы, требуемые Шмиттом, никогда не приходили.",0,Hallucination,cleanlab,1
Девочка из соседнего подъезда поступила в МГУ.,1,0,ds2,1
Он выбирал сотрудницу по анкетным данным.,1,0,ds2,1
Я разбирал нечто похожее в прошлом году.,1,0,ds2,1
Иногда я любуюсь на старую фотографию.,1,0,ds2,1
"Я не хочу, чтобы так.",0,Syntax,"cleanlab, datamaps",2
Задавал ли он тебе всякие каверзные вопросы?,0,Semantics,"cleanlab, datamaps, ds2",3
"Брюсов на чердаке своего дома учился стрелять из револьвера, если забастовщики придут грабить.",0,Syntax,datamaps,1
Он посещает полдюжины тюрем.,0,Semantics,"cleanlab, datamaps",2
Она смотрит на него и бледнеет.,1,0,ds2,1
"Мама с утра пошла косить сено, чтобы было, чем кормить коровку зимой.",1,0,cleanlab,1
Я сначала ему не поверил.,1,0,ds2,1
"Он понял, что она согласилась.",1,0,ds2,1
Он не был дома два дня.,1,0,ds2,1
Близ шлагбаума стоит деревянный домик.,1,0,ds2,1
Я приняла ваши извинения.,1,0,ds2,1
Каждого из них кто-то видел.,1,0,ds2,1
"Что касается меня, то я ухожу.",1,0,ds2,1
"Музыка, лишь только вы вошли, сразу началась.",1,0,cleanlab,1
Том и Мэри раньше были друзьями.,1,0,ds2,1
Ты хочешь со мной поговорить о деле.,1,0,ds2,1
Математика и естественные науки преподавалась.,0,Syntax,cleanlab,1
Он дал очень какой-то ответ.,0,Semantics,"datamaps, ds2",2
"Вообще-то я сейчас работаю над проектом, но сегодня я решил немного отвлечься.",1,0,ds2,1
"Как будто у неё начинался дикий ларингит и катар, она кашляла, скрипела, шамкала.",0,Syntax,"cleanlab, datamaps",2
Эта комната имеет пять метров в длину и четыре метра в ширину.,1,0,ds2,1
"Иван думает, что своя фотография будет на выставке.",0,Syntax,cleanlab,1
По состоянию на 1 января 2006 года население было 7 497 человек.,1,0,"cleanlab, ds2",2
Ее поклонник как всегда сидел около нее.,1,0,ds2,1
"В начале марта, несмотря на весну, намело столько снегу, что на расчистку дорог была направлена рота солдатов.",0,Morphology,"cleanlab, datamaps",2
Мне сейчас очень плохо.,1,0,ds2,1
"Ее поклонник, как всегда, сидел около нее.",1,0,ds2,1
В комнату вошла молодая женщина.,1,0,ds2,1
"Счастье — слишком сложный психический феномен, которого не стоит сводить к какому-то одному условию, будь то ощущение стабильности, карьерные успехи или любовь.",0,Syntax,"cleanlab, datamaps",2
"Решая всякую частную задачу, надо думать о языке в целом.",0,Semantics,"cleanlab, datamaps",2
"Для большинства серий, производство в отрасли миндаль в Денвере и Сан-Франциско составило менее десяти миллионов штук в год.",0,Syntax,ds2,1
"Что ж, тетка, даром жгёшь солому, варева не ставишь?",0,Morphology,"cleanlab, datamaps",2
"Я выслушал ваши возражения, но, к сожалению, я не могу с ними согласиться.",1,0,ds2,1
Сколько радости было в этой встрече.,1,0,ds2,1
Кто-нибудъ из них часто приезжал сюда со своими друзьями.,0,Semantics,ds2,1
"Том спросил Мэри, куда она хочет пойти пообедать.",1,0,ds2,1
Откуда я возьму такие деньги?,1,0,ds2,1
Я буду работать с тобой.,1,0,ds2,1
"В России в ближайшем будущем возникнут как минимум два государственных банка, один из которых будет создан по инициативе правительства Москвы и будет финансируется из бюджета города.",0,Morphology,"cleanlab, datamaps",2
"Мне давали квартиру совсем близко от химического завода, и я отказался.",1,0,datamaps,1
Некоторые книги он прочел.,1,0,ds2,1
Я позволила ей жить в моей комнате.,1,0,ds2,1
Мои знакомые хотели прийти все.,1,0,ds2,1
Его жена руководит аспирантом.,1,0,ds2,1
Книга была принесена мальчиком.,1,0,ds2,1
"Современный ребёнок — независимая личность, в раннем возрасте способный самостоятельно принимать решения.",0,Syntax,"cleanlab, datamaps",2
Вася похож на Петю по характеру.,1,0,ds2,1
Она уже задумывается о будущем.,1,0,ds2,1
Магазин закрыт час назад.,0,Semantics,"cleanlab, datamaps, ds2",3
"За легкой стеной палатки, прямо возле моей головы, начиналось гречишное поле.",1,0,datamaps,1
Стаканы будут ставить в шкаф.,1,0,ds2,1
"Совещание по изменению плана работы менеджер проекта назначил на пол-одиннадцатого и предупреждал, чтобы не опаздывали.",0,Syntax,datamaps,1
"Мужчина не помнил ничего, что с ним происходило вчера, и уточнио у меня про то, в чем мы разговаривали.",0,Syntax,"cleanlab, datamaps",2
Не получилось у нас разговора.,1,0,ds2,1
Вчера я имела собрание.,0,Semantics,"cleanlab, datamaps, ds2",3
"Вася сказал, что он купил мне какую-то книгу.",1,0,ds2,1
У нас нет дачи.,1,0,ds2,1
Завтра я буду принимать экзамены целый день.,1,0,ds2,1
Откуда она это взяла?,1,0,ds2,1
Братья собрали несколько ведер вишней.,0,Morphology,cleanlab,1
"Это была лекция из чего-нибудь вроде мотивационной книги, основная мысль которой поверить себя и идти к цели.",0,Syntax,cleanlab,1
Дерево было срублено у самых корней.,1,0,ds2,1
"Я принес копии, чтобы мне не рисковать подлинниками.",0,Syntax,"cleanlab, datamaps",2
Камень закрывал вход в пещеру.,1,0,ds2,1
Брат надеется на поступление в университет.,1,0,ds2,1
"На смену традиционным пластикам, сохраняемым в окружающей среде столетиями, приходят новые материалы, способные к биологическому разложению.",0,Syntax,datamaps,1
Встретимся в сквере рядом с метро «Университет».,1,0,ds2,1
Она живет в маленьком городе близ Курска.,0,Semantics,"cleanlab, ds2",2
В России снизились налоговые показатели.,1,0,ds2,1
"Личная жизнь Шульженко тоже складывалась непросто, она рассказывала, что официально замужем была только один раз.",0,Syntax,"cleanlab, datamaps",2
Я сделала его своем помощником.,1,0,ds2,1
"Собака уже несколько часов стояла рядом с облупившейся, грязной стеной, ожидая своего хозяина.",0,Semantics,"cleanlab, datamaps",2
Церковь Спаса на Нередице разрушена во время Второй мировой войны.,0,Semantics,"cleanlab, datamaps",2
Человек смотрит в окно.,1,0,ds2,1
"Мне стало холодно, и побежал в дом.",0,Syntax,"cleanlab, datamaps",2
Квартира долго пользуется странной репутацией.,0,Semantics,cleanlab,1
"Я предложил ему место в своей машине, и он принял его.",0,Semantics,"cleanlab, datamaps, ds2",3
Стив Кокс снова в группе по биатлону сменил командный тренер.,0,Syntax,"datamaps, ds2",2
Заказ будет аннулирован по истечению срока хранения.,0,Syntax,"cleanlab, datamaps",2
"Все стены, крыши, балкон минарета и даже купол мечети в считанные секунды были заполнены солдатами и казаками.",1,0,cleanlab,1
"Он всегда говорил очень убедительно, но у меня возникали некоторые сомнения.",1,0,ds2,1
Очки лежали около книги.,1,0,ds2,1
"Так что я покинул свою работу и решил, что это тема, что я хотел заняться.",0,Syntax,cleanlab,1
"Максим Горький писал, что: «Надо говорить по-русски, а не по-вятски и не по-балахонски».",0,Syntax,"cleanlab, datamaps",2
Первое же сражение обнаружило его отчаянную храбрость.,1,0,ds2,1
Танцевало три человека.,1,0,ds2,1
По кому вы ходите?,0,Syntax,datamaps,1
Тебе надо как следует переотдохнуть.,0,Morphology,"cleanlab, datamaps",2
Первого января я пишу отчет.,1,0,ds2,1
"Раньше я думала, что он действительно талантливый ученый.",1,0,ds2,1
Я могу что-нибудь для вас сделать хоть сейчас.,1,0,ds2,1
Он позвал меня на свой концерт.,1,0,ds2,1
У кого-нибудь из моих малышей в кармане лежит горсть сладких вишней.,0,Morphology,"cleanlab, datamaps",2
"Статья, которой об этом написано в.",0,Syntax,ds2,1
"Тут он взглянул на дверь в кабинет Берлиоза, бывшую у передней, и тут, как говорится, остолбенел.",0,Semantics,"cleanlab, datamaps",2
"Она видится с кем-то из них, но очень редко.",1,0,ds2,1
Я дал ему деньги.,1,0,ds2,1
"Он вспоминал прошлое, забывая править лодкой рулем.",0,Syntax,"cleanlab, datamaps",2
Новый сотрудник не принят.,0,Semantics,"cleanlab, datamaps",2
"Вместо того он пытался напасть на Цзин, но не успел, но мир заключать все равно не стала.",0,Syntax,"cleanlab, datamaps",2
Согласно древнерусских летописных источников первые упоминания о Москве относятся к 1147 году.,0,Syntax,cleanlab,1
Я не имею никакого представления об этом человеке.,1,0,ds2,1
Он основал свой монастырь в Петербурге.,1,0,ds2,1
В первом же сражении он обнаружил отчаянную храбрость.,1,0,ds2,1
Туда идти было поблизости.,0,Semantics,ds2,1
"Он слышал, что она отказалась.",1,0,ds2,1
"Он назначил отъезд на время 20 августа, и в назначенный час императорский поезд тронулся к границе.",0,Semantics,"cleanlab, datamaps",2
"Я рад, что ты мне рассказала.",1,0,ds2,1
Он отрицает существование всяких планов на этот счет.,0,Semantics,"cleanlab, datamaps",2
"EMV первоначально представляла собой Europay, Mastercard и Visa, три компании, которые создали стандарт.",0,Hallucination,cleanlab,1
"Я надеюсь, что он не уедет.",1,0,ds2,1
"Менеджеры группы уже не знают, как это выглядит.",1,0,ds2,1
А вы ему кем придетесь?,0,Morphology,cleanlab,1
"Когда она была построена, до сих пор неизвестна.",0,Syntax,cleanlab,1
Трава здесь не растет.,1,0,ds2,1
"Отдавая паспорт, я рискнул бы нарваться на ваше сопротивление.",0,Semantics,"cleanlab, datamaps",2
"Нельзя предать кого-нибудь, кто столько для тебя сделал.",0,Semantics,"cleanlab, datamaps",2
Вани не было за городом две недели.,0,Semantics,datamaps,1
"Стебли и пистиллы расположены спирально вокруг центрального пика или гинеция; стебли выпадают, а пистиллы становятся самарами.",0,Hallucination,datamaps,1
"У бассейнов метались негры в алых повязках, серебряными черпаками наполняя из бассейна плоские чаши.",0,Semantics,"datamaps, ds2",2
Каждую субботу он ходит в баню.,1,0,ds2,1
Она приняла твердую точку зрения.,0,Semantics,"cleanlab, datamaps, ds2",3
"Министр пригласил журналистов, чтобы ответить на их вопросы.",1,0,ds2,1
"Они лгут, они обманывают, они расстраиваются, и они действительно производят ложные структуры.",0,Semantics,"cleanlab, datamaps",2
Множество людей пришло за кулисы.,1,0,ds2,1
Он давно не был в Москве.,1,0,ds2,1
Один случай внезапно подтвердил мои догадки.,1,0,ds2,1
"Я думаю, вы читали книгу Иванова.",1,0,ds2,1
"Я думаю, тебе больно идти.",1,0,ds2,1
"Я не могу бежать, у меня есть чемодан.",0,Semantics,"cleanlab, datamaps, ds2",3
"В этой ситуации бедные не имеют голоса и возможности участвовать в политической жизни, кроме поверхностных обменов с политиками во время выборов.",1,0,cleanlab,1
"Останавливающий путь - это расстояние, которое проходит автомобиль за время реагирования водителя и время работы системы тормоза.",1,0,datamaps,1
Он вынул платок из кармана.,1,0,ds2,1
Я сейчас буду писать письмо.,1,0,ds2,1
Я сделал это по его просьбе.,1,0,ds2,1
Долгое время она звала сына к себе.,1,0,ds2,1
Унас был важный разговор с пяти до семи.,1,0,"cleanlab, datamaps",2
Как политический климат в то время влиял на сексуальное выражение.,1,0,cleanlab,1
Иванов присутствует в классе.,1,0,ds2,1
"Те, кто побывают в армянских горах, заметят, что впалитре пейзажей преобладают вулканические оттенки.",0,Syntax,ds2,1
Он поел мяса сырым.,0,Syntax,"cleanlab, datamaps, ds2",3
"Сколько денег ты не знаешь, как заработать?",0,Syntax,"cleanlab, datamaps",2
"Рассмотрим два высказывания, доказать эквивалентность которых не составит труда.",1,0,cleanlab,1
В ходе заседания парламента Пятой республики он был председателем консультативного комитета.,0,Semantics,"cleanlab, datamaps",2
Его и часа не было на работе.,1,0,ds2,1
"Поскольку у меня возникали некоторые сомнения, он всегда говорил очень убедительно.",1,0,ds2,1
Ты купался в горных реках?,1,0,ds2,1
"Обнаружилось, что преступник на свободе.",1,0,ds2,1
Я точно не помню.,1,0,ds2,1
Клюква растет на дереве.,1,0,ds2,1
"Потом пожалел, что не взял собаку.",1,0,ds2,1
Весь год он был очень добр к нам.,1,0,ds2,1
"Гауди — инициатор проведения электричества в соборе, добавляя в его пространство больше света.",0,Syntax,datamaps,1
Хлеб дает нам припек.,0,Semantics,"cleanlab, datamaps",2
Вчера я взяла в ГУМе шляпу.,0,Semantics,"cleanlab, datamaps",2
"Съедена последняя пачка макаронов, а ты провалил вступительные экзамены в вуз и надежды на стипендию разбились.",0,Morphology,"cleanlab, datamaps",2
"Он знает, что полк перебросят на другой участок фронта и другие планы командования.",0,Syntax,cleanlab,1
"Молодого человека, который стоит у окна, зовут Леонардо.",1,0,ds2,1
В этот момент он начал речь приветствием.,0,Semantics,"cleanlab, datamaps",2
"Иван, когда я поступил в институт, очень обрадовался.",1,0,ds2,1
"Прямо напротив пляжа и в нескольких минутах ходьбы от супермаркета, пабов и пляжного бара.",1,0,cleanlab,1
"А как стала платить у кассы, туфли у нее исчезли.",1,0,datamaps,1
Мне предложили написать на нее рецензию.,1,0,ds2,1
"Ум мой бессознательно отказывался выводить какие бы то ни было заключения из того, что я видел.",1,0,ds2,1
"Дедушка, рассказав историю своей жизни, с горечью отметил, что мы, к сожалению, не всегда понимаем и доверяем друг другу.",0,Syntax,cleanlab,1
Дорога пролегала через лес.,1,0,ds2,1
Вы один показались мне веселым.,1,0,"cleanlab, datamaps",2
"Через несколько дней после ссоры Дубровский поймал крестьян Троекурова в своих лесах, кравших дрова.",0,Syntax,cleanlab,1
"И на всех проходящих мимо напал такой страх, и все, кто был близ меня пустились бежать.",0,Semantics,"cleanlab, datamaps",2
Он не хочет ничего слышать.,1,0,ds2,1
Он был перенесен слугами сам к себе в кабинет.,0,Syntax,cleanlab,1
Мировые события 1939 года нарушают всю жизнь.,1,0,ds2,1
У него воспаление легких.,1,0,ds2,1
Я сел у пирога с капустой и приготовился его резать.,1,0,ds2,1
"Нельзя не обратиться ни к кому, когда чувствуешь себя таким не счастным.",0,Semantics,"cleanlab, datamaps",2
"Том сказал Мэри, что поцеловал Алису.",1,0,ds2,1
"То, что он недоволен, удивляет меня.",1,0,ds2,1
Экономисты говорят о снижении инфляции и что задержки зарплаты больше не будет.,0,Syntax,cleanlab,1
Новый медицинский препарат стимулирует мозговое кровообращение.,1,0,ds2,1
Она накупила кучу эту тряпку.,0,Syntax,"cleanlab, datamaps",2
"Мы все были расслаблены, но там не было алкоголя, только 3 друзья гуляли и стреляли в ветер.",0,Morphology,datamaps,1
Коля не опаздывает на лекции.,1,0,ds2,1
"Давно после того, как я не мог услышать его крики, они отзвучали в моих ушах.",0,Semantics,"cleanlab, datamaps",2
"Она стояла так рядом, что я ощущала запах ее духов.",0,Semantics,"cleanlab, datamaps",2
Они встречались несколько минут.,0,Semantics,"cleanlab, datamaps, ds2",3
Я принял его в группу Матвеева.,0,Semantics,"cleanlab, datamaps, ds2",3
Точно я не могу сейчас вспомнить.,1,0,ds2,1
"В холодные зимние вечера он часто звал меня в гостиную, чтобы разговаривать в ней у камина.",0,Syntax,"cleanlab, datamaps",2
Поговорительница Пресли поссорилась с поп-звездой из-за этой проблемы и столкнулась с непокорным Джексоном после встречи в Неверленде.,0,Morphology,cleanlab,1
Он может зайти завтра.,1,0,"cleanlab, ds2",2
Некоторые источники надежды: мы должны попытаться переморализовать работу.,0,Hallucination,"cleanlab, datamaps",2
"Иван говорит, что в тот момент на дороге показался я.",1,0,ds2,1
Установка не работала три года.,1,0,ds2,1
Том купил это для меня.,1,0,ds2,1
Каждую рукопись читало по редактору.,1,0,cleanlab,1
На правой ладони отсутствовали всякие признаки ожога.,1,0,datamaps,1
Такую егозу поди удержи.,1,0,cleanlab,1
"Ты хочешь, чтобы я поговорил с Томом?",1,0,ds2,1
"Если ты, может быть, занят, скажи прямо.",1,0,ds2,1
Вдруг он видит рядом съежившуюся фигурку и вздрагивает от неожи данности.,1,0,"cleanlab, ds2",2
"Она грела руки вблизи батареи, поблизости от батареи, близко от батареи.",0,Semantics,"cleanlab, datamaps",2
Ребята накупили хороших книг.,1,0,ds2,1
Ты получил белье в прачечной?,1,0,ds2,1
Он дал ему упрек.,0,Semantics,"cleanlab, datamaps",2
Это в начале года руководство клуба увеличило мне зарплату.,1,0,ds2,1
Пойду к маме и попрошу ее дать мне десять рублей.,1,0,ds2,1
Он не видел там никого.,1,0,ds2,1
Я лежал в больнице в прошлом году.,1,0,ds2,1
"Ребята быстро ушли, чтобы сами не принимать участия в беседе на такую спорную тему.",0,Syntax,cleanlab,1
"Он не побил Вани кулаками, но, увернувшись от его ударов, швырнул противника наземь через бедро.",0,Semantics,"cleanlab, datamaps",2
"Я просто сделал то, что вы попросили меня сделать.",1,0,ds2,1
"Вообще-то он в институте, но сейчас он вышел.",1,0,ds2,1
"Для работы он иногда подписывал именами Lallemant, Allemanus и Alembert.",0,Hallucination,cleanlab,1
"Интересно, что Том на самом деле имел в виду.",1,0,ds2,1
Оплата за проезд производится при входе в общественный транспорт или не позднее проезда первой остановки после посадки пассажира.,0,Syntax,cleanlab,1
"Я попросил Тома сказать мне, чего он хочет.",1,0,ds2,1
"Я не могу ехать, у меня бабушка.",1,0,ds2,1
На торжественную выдачу дипломов пришли родственники выпускников каждого по нескольку человек.,0,Syntax,ds2,1
Мы не получили письмо.,1,0,ds2,1
"Я долго сидел у дома, но входить внутрь мне не хотелось.",1,0,ds2,1
Я прошу у вас прощенья за вчерашнее.,1,0,ds2,1
"Когда ты позвонил, я открывал окно.",0,Semantics,"cleanlab, datamaps, ds2",3
Она села отдохнуть у красивой поляны.,0,Semantics,"cleanlab, datamaps",2
Пять плит перекрытия из гипсокартона смонтированы в одной плоскости благодаря применению сварочных аппаратов.,1,0,ds2,1
Звуки с улицы не доносятся.,1,0,ds2,1
Генерала не выдали испанскому прокурору предать суду за совершенные преступления.,0,Syntax,"cleanlab, datamaps",2
"Села розовая птица на песчаный берег и так неторопливо сложила свои волнистые крылья, что как будто кружевной подол платья подобрала.",0,Syntax,"cleanlab, datamaps",2
"Сначала он предложил им сбежать в среду вечером, но позже решил отложить до четверга.",1,0,ds2,1
Он выбрал сотрудницу по внешности.,1,0,ds2,1
"Вдобавок, в коридоре было холодно, и мальчик совсем озябнул.",0,Morphology,"cleanlab, datamaps",2
Встречный ветер мешал идти.,1,0,ds2,1
Он давно нам не писал.,1,0,ds2,1
На стене справа висела картина.,1,0,ds2,1
Оперения у совы с тёмными глазами и белым оперением практически идентичны параду курантов на родине автора.,0,Hallucination,datamaps,1
Альфред любит современную музыку.,1,0,ds2,1
Последующие события подтвердили мне его правоту.,0,Semantics,"cleanlab, datamaps, ds2",3
Мальчишка схватился за кувшин и жадно принялся пить.,1,0,ds2,1
Он берет уроки русского языка.,1,0,ds2,1
Одна женщина подарила яблоко мальчику.,1,0,ds2,1
Если хочешь быть услышан в мире – пой по-английски.,1,0,ds2,1
Творога не горчило.,0,Semantics,"cleanlab, datamaps",2
"Отдыхая в кресле, передо мной висит картина ""Март"".",0,Syntax,ds2,1
Кто находил мой кошелек?,1,0,ds2,1
Советую вам обратиться к врачу.,1,0,ds2,1
Этот сильно был очень тяжелым.,0,Syntax,"datamaps, ds2",2
Я позвоню тебе сегодня или завтра.,1,0,ds2,1
"Его инаугурация в качестве первого исполнительного президента СССР, десятая также его Нобелевская премия мира.",0,Syntax,ds2,1
Они каждый день разжигают костер.,1,0,ds2,1
Я люблю отдыхать на Черном море.,1,0,ds2,1
"После этого я медленно возвратился в кафе, стараясь читать по дороге газетные витрины.",0,Semantics,datamaps,1
"Вот честное слово, жалко, что каждый раз ему выступать первому перед, если можно так выразиться, неразогретым залом.",1,0,cleanlab,1
В эту минуту отчет был проверен.,0,Semantics,"cleanlab, datamaps",2
В котором часу завтра утром начинается конференция?,1,0,cleanlab,1
Она покупает несколько квартир.,1,0,ds2,1
Я испугался громкого стука в дверь.,1,0,ds2,1
"Он давно пришел, а потом ушел.",0,Semantics,"cleanlab, datamaps, ds2",3
"Обвиняемый в нанесении имущественного ущерба, оцененный во 1 млн фунтов, обвинили полицейскими.",0,Syntax,cleanlab,1
На его газоне благоухают розы.,1,0,ds2,1
Через два дня я еще не буду в Москве.,1,0,ds2,1
"Зиверт признан самой популярной музыкальной группой, появившейся на музыкальном фестивале 2000 года в Азербайджане.",1,0,cleanlab,1
"С 1772 года он колесил по стране, посещая памятники старины зарисовывая свою память.",0,Hallucination,datamaps,1
"Ещё 21% ответивших предполагают уехать на срок больше пяти лет, т. е. не возвращаться сразу после учёбы.",1,0,cleanlab,1
"И стало тепло, взошло солнце.",0,Syntax,"cleanlab, datamaps",2
Через некоторое время эта сцена исчезла.,1,0,ds2,1
После этого рыба обжаривается хозяйкой.,0,Syntax,ds2,1
Это всё что он задумал.,1,0,cleanlab,1
"Я уверен, что он наверное прав.",0,Semantics,"cleanlab, datamaps, ds2",3
У нас нет каких бы то ни было.,1,0,ds2,1
Я не застал Машу у себя.,1,0,ds2,1
Я считала его твоим другом.,1,0,ds2,1
"Он пошел к брату, чтобы узнать что-нибудь о случившемся.",1,0,ds2,1
Маша и Саша читают книгу.,1,0,ds2,1
Один случай внезапно подтверждает мои догадки.,0,Semantics,"cleanlab, datamaps, ds2",3
Магазин в два часа закрыт.,1,0,ds2,1
"Я открыл окно, чтобы комната проветрилась.",1,0,ds2,1
Всю следующую неделю я сижу дома.,1,0,ds2,1
Целыми днями смотрит в окно.,1,0,ds2,1
"Потом пожалел, что не взял собаки.",1,0,ds2,1
Рядом с местом стула лежал коврик.,0,Semantics,"cleanlab, datamaps, ds2",3
Унас редко есть занятия по истории.,0,Semantics,ds2,1
Здесь мы сталкиваемся с совершенно новой проблемой.,1,0,ds2,1
Афанасьевна и Софья стояли поодаль и слушали.,1,0,datamaps,1
В этой реке много рыбы.,1,0,ds2,1
"Стекло разбил Коля ли, Петя ли.",0,Syntax,datamaps,1
"Вообще-то он в комнате, но сейчас он вышел.",0,Semantics,"cleanlab, datamaps, ds2",3
"Райан только пришел в лабораторию, но имел неприятные отношения с другими.",0,Semantics,"cleanlab, datamaps",2
"Все заметили по краске ее лица и по живости речи, что она была сердита.",1,0,ds2,1
Пушкин родился в 1799 году.,1,0,ds2,1
В 1973 г. США временно прекратили свои боевые операции в юго-восточном регионе.,1,0,ds2,1
В ясные летние ночи поднимались они на один из холмов рядом с Флоренцией.,0,Semantics,datamaps,1
Решить задачу удалось не всем.,1,0,ds2,1
"Не рассказывайте Том о том, что на самом деле произошло.",0,Syntax,cleanlab,1
Откуда-то сверху гудит колокол.,1,0,ds2,1
Перемен в технической политике фирмы не началось.,0,Semantics,"cleanlab, datamaps",2
Она была в стороне от всяких интриг.,1,0,ds2,1
Он сидел недалеко от меня в большом мягком кресле.,1,0,ds2,1
"В жизни случаются разочарования, и неприятности были – их нужно научиться преодолевать.",0,Syntax,datamaps,1
"Пойди, докажи ей что-нибудь!",1,0,ds2,1
Клюква не растет на дереве.,1,0,ds2,1
Он сейчас не спит на диване.,1,0,ds2,1
Он не заехал ни разу.,1,0,ds2,1
Весь год нуждался в отдыхе.,0,Semantics,"cleanlab, datamaps",2
"Иван очень обрадовался, когда я поступил в институт.",1,0,ds2,1
"Было в ней и изящество, и скромность, и достоинство.",1,0,ds2,1
Тебе лучше сначала спросить его.,1,0,ds2,1
"Ты когда-нибудь замечал, что он странно себя ведет?",1,0,ds2,1
При нагревании вода дает пар.,0,Semantics,"cleanlab, datamaps",2
Сообщение не обидело Марию.,1,0,ds2,1
Он располнел и постарел.,1,0,ds2,1
Эта женщина обращает на себя внимание.,1,0,ds2,1
Он изменился в лице.,1,0,ds2,1
"Вася сказал, что у него что-то для меня есть.",1,0,ds2,1
"Тут на дороге показался я, и он спрятался в кусты.",1,0,ds2,1
"Виктор выручил меня, сказав, что я в отпуске.",1,0,ds2,1
Они провели вечер очень весело.,1,0,ds2,1
"Так как идет дождь, мне лучше вернуться домой.",1,0,ds2,1
Он еще не вернулся.,1,0,ds2,1
Этого письма он не написал.,1,0,ds2,1
"Калинга — диалектный континуум провинции Калинга на Филиппинах, на котором говорит народ Игоро, рядом с Илокано.",1,0,cleanlab,1
Они называли его талантливыми.,0,Syntax,cleanlab,1
"Я всегда получаю удовольствие, когда она поет.",1,0,ds2,1
"В чешские газеты было отправлено письмо, содержащее информацию о предполагаемом будущем убийстве президента Гавеля четырьмя или пятью членами и их местонахождении.",0,Syntax,"cleanlab, datamaps",2
Коля находил свой ключ.,1,0,ds2,1
Все россияне помнят и гордятся победой нашей страны в Великой Отечественной войне.,0,Syntax,cleanlab,1
"Он, я думаю, согласится.",1,0,ds2,1
Ивану удалось попасть на концерт Макаревича.,1,0,ds2,1
"Иван прилег, чтобы отдохнул.",0,Syntax,"datamaps, ds2",2
"Он направил кулак в эту сторону, а надо ту.",0,Syntax,"cleanlab, datamaps",2
"Возможно, что учитель поставил три двойки.",1,0,ds2,1
Много детей наплавало в бассейне.,0,Syntax,"datamaps, ds2",2
В этой реке есть много рыбы.,0,Semantics,"cleanlab, datamaps, ds2",3
Она выполняет первую половину вашего задания.,1,0,ds2,1
В этом дворе есть сторожевая собака.,1,0,ds2,1
"Стихотворный размер стихотворения относится ко временам язычества (эпохи средневековья), но в его основе лежит глубокий религиозный смысл.",1,0,ds2,1
Моя мама ненавидит смотреть телевизор.,1,0,ds2,1
"Он говорит, что не собирается идти.",1,0,ds2,1
"Я хочу, чтобы они зайдут, а ты спрячешься.",0,Syntax,datamaps,1
"Я не ужинал, чтобы мне не опоздать на поезд.",0,Syntax,datamaps,1
"Если процент по кредитованию не будет централизованно снижаться, об этом говорит Алексей Корнеев.",0,Syntax,"cleanlab, datamaps",2
"В кабинете у инструктора стоял цветок, подаренный ему коллегами и о котором он нежно заботился.",0,Syntax,cleanlab,1
Я поздоровался с ней первой.,1,0,ds2,1
"Важно следить и анализировать процессы, происходящие в современном языке.",0,Syntax,"cleanlab, datamaps",2
Она смотрит на него и становится бледной.,0,Semantics,"cleanlab, datamaps, ds2",3
Он улыбнулся мне вблизи.,0,Semantics,ds2,1
"Следите за своим ртом, или вы его получите.",0,Hallucination,"cleanlab, datamaps",2
Он женат на одной полячке.,1,0,datamaps,1
Иван почти закончил диссертацию.,1,0,ds2,1
"У нас есть точные данные, что они знали все это.",1,0,ds2,1
"Эта гипотеза, которая Бор рассказывал, что была предложена Дираком в 1930 г.",0,Syntax,datamaps,1
"Отец часто говорил, что очень любит шахматные соревнования и ловить рыбу.",0,Syntax,cleanlab,1
"Он чувствует, что ему, кажется, придется уезжать.",0,Semantics,"cleanlab, datamaps, ds2",3
Она приняла его в своем кабинете.,1,0,ds2,1
На улицах считалось пустым.,0,Semantics,cleanlab,1
"Во время быстрой фазы сна нейроны мозга, отвечающего за зрительное восприятие, ведут себя так, как будто мы видим что-то незнакомое.",0,Syntax,datamaps,1
Солдаты грелись вблизи костров.,0,Semantics,"cleanlab, datamaps, ds2",3
"Оглянувшись на мой голос, собака повернулась, постояла немного и побежала дальше по освещённой улице фонарями.",0,Syntax,cleanlab,1
Лейтенант-коммандер Ходжкинсон отдал приказ быть готовым к взлету.,1,0,ds2,1
В прошлом месяце я болел.,1,0,ds2,1
Мое тело белело в темноте.,0,Semantics,"cleanlab, datamaps",2
Я долго питаю к ней нежные чувства.,0,Semantics,"cleanlab, datamaps",2
"Страшно умирать, уходить из жизни очень молодые.",0,Syntax,cleanlab,1
"Как ты хочешь, чтобы я поступил ?",1,0,ds2,1
"Поймите же, что у нее есть талант.",1,0,ds2,1
Она готова помогать кому угодно.,1,0,ds2,1
Он сидел за своим письменным столом и работал.,1,0,ds2,1
Он ест все маслины.,0,Semantics,datamaps,1
"У меня была возможность все видеть, сам оставаясь незамеченным.",0,Syntax,"cleanlab, datamaps",2
Знакомых никого в ней не жило.,1,0,ds2,1
"По мнению редакторов, различия между заблуждением и ложью, очевидно, не существует.",0,Semantics,datamaps,1
Всё это я не знал.,1,0,ds2,1
Он оговаривает это в примечании.,1,0,ds2,1
Я изловчился схватить пса за ошейник.,0,Syntax,"cleanlab, datamaps",2
"Слишком поздно выясняется, что он здесь.",0,Semantics,"cleanlab, datamaps",2
Иван порадовал нас своим возвращением.,1,0,ds2,1
Именно так и началась его гибель.,0,Semantics,"cleanlab, datamaps",2
"Мне сказали, что он женат на одной полячке.",0,Semantics,"cleanlab, datamaps",2
"Она стояла так близко, что я ощущала запах ее духов.",1,0,"cleanlab, datamaps",2
Левой рукой он судорожно хрустел бумажками.,0,Semantics,"cleanlab, datamaps",2
Он сажает все деревья в том саду.,1,0,ds2,1
"Люди, и без того жившие на грани нищеты, оказались лишены всяких средств к существованию.",0,Semantics,"cleanlab, datamaps",2
Ты неправильно решил задачу.,1,0,ds2,1
Он близко наклоняется к ней и с улыбкой говорит ей что-то.,1,0,ds2,1
"Поймите же, что у нее талант.",1,0,ds2,1
"Судя по едва заметной улыбке, которая то и дело касалась, но не коснулась губ девушки, к ней вновь вернулись хорошее расположение духа.",0,Semantics,cleanlab,1
Мы оговорили возможность работать каждому со своим материалом.,1,0,datamaps,1
Мне этого заранее не сказали.,1,0,ds2,1
Я отдаю книгу сестре.,1,0,ds2,1
Он должен успеть на поезд.,1,0,ds2,1
"Когда ты позвонил, я не читал твоей статьи.",0,Syntax,"cleanlab, datamaps, ds2",3
"Он разыскал поблизости ручей, набрал воды в чайник, развел костер из плавника.",1,0,cleanlab,1
"Название последнего диска с участием основателей группы, музыканта и композитора Мортен Веланд попало в список записей.",0,Syntax,cleanlab,1
Диктат традиций оказался очень силён.,1,0,ds2,1
"Зато как никогда захотелось быть с Ангелиной, и это не только из-за упрямства, – поднялась в душе волна уверенности, что любит её.",1,0,datamaps,1
"Первый огонек блеснул вдали, на противоположной горе, в одиноком домике.",0,Semantics,"cleanlab, datamaps",2
Ты гулял с собакой?,1,0,ds2,1
Есть бассейн в заливе Ларгс под названием Лефевр Портсайд Пляжный центр.,1,0,ds2,1
У нас редко бывают занятия по истории.,1,0,ds2,1
А где же Ваша жена?,1,0,ds2,1
"Все, что Том делает, это смотреть телевизор.",0,Syntax,"cleanlab, datamaps, ds2",3
Очки лежали возле книги.,1,0,ds2,1
"Маша только мало того что на пять минут опоздала, еще и сделала прекрасный доклад.",0,Syntax,datamaps,1
В мире много зла.,1,0,ds2,1
Она часто бывает у кого-нибудь из своих друзей.,1,0,ds2,1
Они стояли довольно рядом.,0,Semantics,ds2,1
"Вследствие этого решено было летом уехать ей в Самарские степи, где у папа было имение.",0,Syntax,datamaps,1
Только ты можешь дать мне ненависть.,0,Semantics,"cleanlab, datamaps",2
Черчесов объяснил невыдачу Роналду шанса сыграть за Украину после перехода во второй отборочный раунд ЧМ 2018 года.,0,Semantics,cleanlab,1
Он отличался большими способностями среди своих сверстников.,1,0,ds2,1
"Наконец Карр вернулся домой и потом в офис Нью-Йорка, чтобы признаться в преступлении.",0,Semantics,cleanlab,1
Иван пошел на концерт.,1,0,ds2,1
"Затем закройте слова правого столбца и постарайтесь вспомнить их, читая слова левого столбца с заглавной буквы.",0,Syntax,"cleanlab, datamaps",2
"Фёдор и Николс играли на гитаре, басу и барабане.",0,Morphology,cleanlab,1
"Я думаю, что лучше поехать с тобой.",1,0,ds2,1
Иван дал обещание самому встретиться с нами.,0,Syntax,"cleanlab, datamaps, ds2",3
"Возьми с меня шляпу, она мне мешает.",0,Semantics,"cleanlab, datamaps, ds2",3
"Ум мой бессознательно отказывался выводить какие-либо заключения из того, что я видел.",1,0,ds2,1
"Маша увидела Тявку собаку и сказала ей: - У меня кровать неудобна, подушка душа, одеяло кусается, я не могу уснуть!",0,Syntax,"cleanlab, datamaps",2
"Только в 1000 метрах от порта, в 2 км от центра города и в 20 минутах от аэропорта Манисеса и Конвенционного центра.",0,Hallucination,datamaps,1
В 1970 году Джаго присоединился к «Куинс Парк Рейнджерс» в качестве тренера и стал тренером в январе 1971 года.,0,Hallucination,datamaps,1
"Он сказал Дуне, что живет в Сан-Франциско.",1,0,ds2,1
"Посмотрите, меня действительно не интересует.",0,Syntax,"cleanlab, datamaps",2
Он всегда обедает с кем-нибудь из своих друзей.,1,0,ds2,1
"Любой знает, что волки жадны.",1,0,ds2,1
Тебе Ивана не попадалось?,0,Semantics,datamaps,1
Окна гостиницы выходят на юг.,1,0,ds2,1
Я подарю ей эти книги.,1,0,ds2,1
В этой реке масса рыбы.,1,0,ds2,1
Сынок ест целыми тарелками.,0,Syntax,"cleanlab, datamaps",2
В его воображении существовало какое-то наследство.,1,0,ds2,1
"После комы мало чей мозг работает так, как работал до комы.",1,0,cleanlab,1
Я принял его в свою группу.,1,0,ds2,1
"Министр пригласил журналистку, взять у него интервью.",1,0,"cleanlab, datamaps, ds2",3
"Докладчик заострил внимание на вопросе, что нередко поднимается на подобных собраниях.",0,Syntax,cleanlab,1
Мне бросилась в глаза его бледность.,1,0,ds2,1
Достань из моего стола тезисы докладов и дай Ивану Сергеевичу.,1,0,ds2,1
Солнце посветило и зашло за тучу.,1,0,ds2,1
У воды есть кислород.,0,Semantics,datamaps,1
Окно было открыто пятнадцать минут.,1,0,ds2,1
Пирог испечен с трех до пяти.,0,Semantics,cleanlab,1
"В письме говорилось, что в город едет ревизор, которым управляет Сквозник-Дмухановский.",0,Syntax,"cleanlab, datamaps",2
Мы встречались с ней в два часа.,1,0,ds2,1
Любой человек всегда чем-то лучше кого-то другого.,1,0,ds2,1
Покеру он принял свое решение посвятить все свое время.,0,Syntax,"cleanlab, datamaps",2
В этом театре работала 58 лет.,0,Syntax,cleanlab,1
По возвращению в Петербург Толя отказался ехать домой сразу из аэропорта.,0,Syntax,ds2,1
"Его самый верный товарищ обманул Иванова, предал, что донес.",0,Syntax,"cleanlab, datamaps",2
Его обувь не нужно ремонтировать.,1,0,ds2,1
Я достал из кошелька деньги и подал продавцу.,1,0,ds2,1
Иван не порадовал нас своим возвращением.,1,0,ds2,1
"Значит, мы с тобой условились?",1,0,ds2,1
Я совершенно не представляю себе этого человека.,1,0,ds2,1
Ты когда-нибудь ехал в Коломенское?,0,Semantics,"cleanlab, datamaps",2
Горы поражают своим величием.,1,0,ds2,1
Ты когда-нибудь плыл на байдарке?,0,Semantics,"cleanlab, datamaps, ds2",3
На диване удобно Маша.,0,Semantics,cleanlab,1
"Назареи (секта, I век) - христианская секта древних иудеев.",1,0,ds2,1
"Как по ту сторону возникло простое ясное лицо встречающего, едва отец Мухина по-хозяйски постучал в неё кулаком.",0,Syntax,"cleanlab, datamaps",2
Она назначила мне встречу.,1,0,ds2,1
"Я думаю, что вы сидите на моем сиденье.",1,0,ds2,1
Кошка не ест ветчину.,1,0,ds2,1
Во вторник он еще не подал заявление.,1,0,ds2,1
"О соседках Васин сообщил, что живут они здесь недели с три.",1,0,ds2,1
Следующий довод опровергает его утверждение.,1,0,ds2,1
Он выбирал сотрудницу по внешности.,1,0,ds2,1
"Дядя Сергей отличался от соседей только тем, что очень любил и гордился своей дочерью.",0,Syntax,cleanlab,1
Я разбирал одно похожее дело в прошлом году.,1,0,ds2,1
"Министр пригласил журналистку, дать ей интервью.",0,Syntax,"datamaps, ds2",2
"Я хочу, чтобы в комнате был виден беспорядок, все стоит вверх дном.",0,Syntax,"cleanlab, datamaps",2
"У.Журналисты были приглашены министром, чтобы сделать заявление об отставке.",1,0,ds2,1
"После этого все серии первого сезона стали показываться на телеканале BBC 2, начиная с 9.11.04.",1,0,ds2,1
Он удивил меня своим поведением.,1,0,ds2,1
Перед домом есть пруд.,1,0,ds2,1
Отказ от игры роняет Фишера в глазах шахматистов.,1,0,ds2,1
"В 1708 году Пётр I, чтобы упростить начертание букв русского алфавита, поэтому ввёл гражданский шрифт.",0,Syntax,ds2,1
"И что он был разбит, было замечено всеми.",0,Syntax,datamaps,1
Из этого материала мы получим красивые платья.,0,Semantics,"cleanlab, datamaps, ds2",3
У меня есть гордость.,1,0,ds2,1
"Возьми меня в пустыню, я засохну по тебе в Европе!",1,0,datamaps,1
"Он сказал, что идет дождь и что поэтому мы останемся дома.",1,0,"cleanlab, ds2",2
Недалеко от него сидит молоденькая девушка и читает какую-то книгу.,1,0,ds2,1
"В обучении в школе есть свои плюсы, да даже возраст, когда мы там учимся, наибольше беззаботный.",0,Morphology,"datamaps, ds2",2
"Она с грустью сказала, что у нее еще нет модных сапогов на предстоящую осень.",0,Morphology,"cleanlab, datamaps",2
Она неправильно принимает искусство.,0,Semantics,"cleanlab, datamaps",2
Поселок расположен вдалеке от реки.,0,Semantics,"cleanlab, datamaps, ds2",3
Все три дня она провела возле Белого дома.,1,0,ds2,1
"Иван не жалеет, что поехал на конференцию в Марокко.",1,0,ds2,1
В моем кошельке есть много денег.,1,0,ds2,1
Открыто место нахождения объектов в Тихом океане у побережья Чили.,0,Semantics,cleanlab,1
"Победитель чемпионата Румынии с ФК ""Униря"" стал победителем чемпионата 2008-09.",0,Hallucination,cleanlab,1
Вблизи от горы стояла сакля.,0,Semantics,"cleanlab, datamaps",2
"Отсутствует, чтобы не видеть.",0,Semantics,datamaps,1
"Родился в небогатой семье, в которой было седьмым ребенком, в тринадцать лет утратил отца, был отправлен в детский сад.",0,Morphology,datamaps,1
Мы пойдем ни до чего.,0,Syntax,"cleanlab, datamaps",2
Она девушка Теда и один из друзей Брайана.,0,Syntax,datamaps,1
Как ты думал какую проблему решить?,0,Syntax,cleanlab,1
"А потом был рассказывать, что за правду пострадал.",0,Syntax,datamaps,1
"Иван прилег, чтобы он отдохнул.",0,Syntax,"cleanlab, ds2",2
Он объяснил отсутствие жены болезнью.,1,0,ds2,1
Facebook сообщила об отмене трансляции из Румынии во Флориду и к Аляске.,0,Syntax,cleanlab,1
Я вот стоял на площадке.,0,Semantics,"cleanlab, datamaps",2
У меня есть одна хорошая портниха.,1,0,ds2,1
Он сел возле нее и взял ее за руку.,1,0,ds2,1
"Она долго бежала вдоль забора, а потом повернула налево.",1,0,"datamaps, ds2",2
Никто его не видел.,1,0,ds2,1
У меня возникло сомнение в истинности его слов.,1,0,ds2,1
Он наконец-то получил какие-то деньги за свою работу и пошел покупать сахар ими.,0,Syntax,"cleanlab, datamaps",2
Он плотно захлопнул дверь.,0,Semantics,"cleanlab, datamaps, ds2",3
"Воображаю, как она удивилась.",1,0,"cleanlab, ds2",2
Том унес свой секрет в могилу.,1,0,ds2,1
Аварии не имело места.,0,Semantics,"cleanlab, ds2",2
"Что вы скажете об этом нем, который предлагал нашей ей очень выгодную ее с ценными ими?",0,Syntax,cleanlab,1
"Он поднял свой рюкзак рукой, взял фонарик и стал искать инструмент.",0,Semantics,"cleanlab, datamaps",2
"Девочки, давай зайдем в магазин!",0,Syntax,"cleanlab, datamaps, ds2",3
"Перчатки она решила поигнорировать – для неё, почти всю жизнь проходившей в футболках и джинсах, это было уже слишком.",0,Semantics,datamaps,1
"Узнав об избрании себя, кардинал заплакал.",0,Semantics,datamaps,1
К ска все привыкли к одинаковому отношению.,0,Hallucination,"cleanlab, datamaps",2
Они стояли у обрыва и смотрели вниз.,1,0,ds2,1
"Том сказал мне, что боялся.",1,0,ds2,1
Я принял его в свою лабораторию.,1,0,ds2,1
Мама идет с рынка.,1,0,ds2,1
"Он много путешествовал, плавал далеко от родных берегов.",1,0,ds2,1
Всю молодость она была красива.,0,Semantics,"cleanlab, datamaps, ds2",3
Долгое время они нуждались.,1,0,cleanlab,1
Я взял ручку двери.,0,Semantics,"cleanlab, datamaps, ds2",3
В это время мы сидели за столом и обедали.,1,0,"datamaps, ds2",2
"В 1938 году 17летняя Сотирия встретила своего мужа, кондуктора автобуса.",1,0,ds2,1
Я позвал Машу и Петю.,1,0,ds2,1
Каждый день он приносил какую-нибудь землянику.,0,Semantics,"cleanlab, datamaps",2
Его шерсть приняла красивый ореховый оттенок.,1,0,ds2,1
На небе появились тучи.,1,0,ds2,1
"Даже если младенец крепко спит за два часа, обычно случаются кратковременные пробуждения.",0,Semantics,"cleanlab, datamaps, ds2",3
На Марсе есть какие-либо (какие бы то ни было) разумные обитатели.,0,Semantics,"cleanlab, datamaps",2
Короткий коридор сразу же сворачивает направо.,1,0,ds2,1
"Два свитера и пара джинс, севших после стирки: пока живот не подберешь, не влезешь.",0,Morphology,"cleanlab, datamaps",2
Не все хотели решать задачу.,1,0,ds2,1
"В 1863 году ботаник Александр Кроалл был назначен первым библиотекарем и куратором, а в следующем году музей и библиотека объединились.",1,0,ds2,1
"Каждый знает, что волки опасны.",1,0,ds2,1
Я взял за работу 10 рублей.,1,0,ds2,1
Она медленно становится бледной.,0,Semantics,"cleanlab, datamaps, ds2",3
Он не должен успеть на поезд.,1,0,ds2,1
"Это плохой уровень организации работы, который не позволяет войти на мировые рынки.",0,Semantics,"cleanlab, datamaps",2
"На конференцию, которая проходила в Москве, прибыли триста один участник из всех регионов России.",0,Syntax,ds2,1
"Русской физиологической наукой накоплен огромный фактический материал, основанный на экспериментальном изучении функций центральной нервной системы человека и животных.",1,0,cleanlab,1
В данный момент он ест два яйца.,0,Semantics,"cleanlab, datamaps",2
Он сел рядом с ней и стал ей что-то оживленно говорить.,1,0,ds2,1
"Она сразу вспомнила, что в мире есть радость.",1,0,ds2,1
"Такой дискомфорт может привести к тяжёлым последствиям, вплоть до депрессии.",1,0,ds2,1
"Ты уже достаточно взрослая, чтобы сама все понимать.",1,0,cleanlab,1
В прошлом году я два месяца лежал в больнице.,1,0,ds2,1
"По приезду в санаторий мы тут же созвонились с родными, сообщив приятную новость.",0,Syntax,cleanlab,1
"Чтобы по-настоящему ощутить вкус французской столицы, то нужно свернуть с туристических маршрутов, сесть за столик в обычном кафе на углу и сделать заказ.",0,Syntax,cleanlab,1
"Порази толпу ужасом, который бы отнял какую бы то ни было способность к сопротивлению.",1,0,datamaps,1
В понедельник он не приехал.,1,0,ds2,1
Отец еще остался на работе.,1,0,ds2,1
"Я думаю, что мы можем к нему зайти.",1,0,ds2,1
Должен ли мы позвонить ей?,0,Syntax,"cleanlab, ds2",2
Я принимаю белье в прачечную.,0,Semantics,"cleanlab, datamaps",2
Он дал этот концерт в честь своего учителя.,1,0,ds2,1
Сегодня в овощном были только яблоки.,1,0,ds2,1
Нет ли куда пойти?,0,Semantics,"cleanlab, datamaps",2
Отца не было на море.,1,0,"cleanlab, ds2",2
Тетя легко поднялась с дивана и заходила по комнате.,1,0,cleanlab,1
Встретимся около рыбного магазина рядом с метро «Университет».,1,0,ds2,1
Посетители удивлялись и хвалили изобретательность мастера.,0,Syntax,datamaps,1
В ноябре 1930 года открыли железную дорогу до Рапла после заезда на поезда.,0,Hallucination,cleanlab,1
"А прочитав рассказ у Вас в 9-м номере, я хочу сходить к нему на могилу, положить цветы.",1,0,"cleanlab, datamaps",2
"Скажи, казак, ты волей аль неволей противу нас, царя, заворовал?",0,Semantics,"cleanlab, datamaps",2
"Я думаю, что фотографии говорят сами за себя.",1,0,ds2,1
"Светай тогда быстрее, мы бы могли выйти раньше.",0,Syntax,"cleanlab, datamaps",2
Я ему об этом писал.,1,0,ds2,1
Ивану удалось устроиться на работу.,1,0,ds2,1
Том удалил свой фальшивый медведь.,0,Hallucination,"cleanlab, datamaps",2
Телевизора не было в мастерской.,1,0,ds2,1
"Посмотри, какое я письмо от старосты получил, да реши, что мне делать.",1,0,ds2,1
С полки упал чайник.,1,0,ds2,1
Ивану не удалось попасть на концерт Макаревича.,1,0,ds2,1
У нас завтра будет что-то.,0,Syntax,"cleanlab, datamaps, ds2",3
Однажды он был встречен ею принаряженным.,1,0,cleanlab,1
Он промахнулся в окно бутылкой.,0,Syntax,"cleanlab, datamaps, ds2",3
Мысли отказываются остановиться на всяком предмете.,0,Semantics,"cleanlab, datamaps",2
У меня дома есть эта книга.,1,0,ds2,1
Покупаю мяса нам на обед.,1,0,ds2,1
На работе он застал только секретаря.,1,0,ds2,1
Мы сейчас проехали Аникеевку.,1,0,ds2,1
"Ты считаешь меня ничтожеством, я в твоих глазах влюбленный студент, которого приятно держать около себя.",1,0,ds2,1
"Такие ужасающие ошибки в тексте у авторов статьи, обоих хороших лингвистов, очень расстраивали.",0,Syntax,datamaps,1
"Если все инженеры могут выполнить эту работу, то зачем приглашать какого-то знаменитого специалиста.",0,Semantics,"cleanlab, datamaps",2
"Светит солнце, но все-таки холодно и но все-таки не хочется идти гулять.",0,Syntax,ds2,1
"Вдруг они заметили, что он остановился.",1,0,ds2,1
Иван читал статью Петра о себе.,1,0,ds2,1
Поодаль от тополя стояла Даша и смотрела на него.,0,Semantics,datamaps,1
В последнее время он спал.,0,Semantics,"cleanlab, datamaps, ds2",3
Они селились у больших рек.,1,0,ds2,1
"Разработан метод получения сверхтонких полимерных нитей, для которого не требуются дорогое и сложное оборудование.",0,Syntax,cleanlab,1
Поздравляю с днём рождения и желаю долгих лет жизни!,1,0,ds2,1
Ты давно не был в Москве.,1,0,ds2,1
Он научился быстро решать эти задачи.,1,0,ds2,1
Изумительный мы посмотрели французский фильм.,1,0,cleanlab,1
Я знаю это от Ивана.,1,0,ds2,1
"Я очень боялся, чтобы меня нечаянно не приняли за кого-нибудь.",1,0,ds2,1
Тяжелые мне минуты сомнения.,0,Semantics,"cleanlab, datamaps, ds2",3
Возьми какую-нибудь из этих тетрадей.,0,Semantics,"datamaps, ds2",2
"Пишу вам из деревни, куда заехал вследствие печальным обстоятельствам.",0,Syntax,cleanlab,1
Он чуть ли не гением себя считает.,1,0,ds2,1
Ты не должен ей помочь.,0,Semantics,"cleanlab, datamaps, ds2",3
На первом этаже громко работал телевизор: продолжается неудачное ограбление банка.,0,Semantics,"cleanlab, datamaps",2
"Когда я вышел, он запер дверь.",1,0,ds2,1
"Он воображает, что его примут.",1,0,ds2,1
Каким образом ваятель в куске каррарского мрамора видит сокрытого Юпитера и выводит его на свет?,1,0,cleanlab,1
"Я был совсем рядом с ее домом, но к самому дому меня не пропустили.",1,0,ds2,1
"День города, котором я живу в.",0,Syntax,ds2,1
Статей не было прочитано.,0,Syntax,ds2,1
Эта новость меня огорчила.,1,0,ds2,1
Его приняли в общество охраны памятников старины.,1,0,ds2,1
Ты не обязан ей помогать.,1,0,ds2,1
В Белоруссии либеральных газет не осталось.,1,0,ds2,1
"Я начал читать и зачитался так, что, к огорчению взрослых, почти не обращаю внимания на нарядную ёлку.",0,Syntax,"datamaps, ds2",2
Канава отделила нашу ферму от соседней.,1,0,ds2,1
Поселок расположен вдали реки.,1,0,cleanlab,1
"Подожди, я заканчиваю письмо.",1,0,ds2,1
Груша – довольно высокое дерева (некоторые сорта достигают в высоту до 20 метров).,0,Syntax,"cleanlab, datamaps",2
"М. Б. Барклай-де-Толли был одним из военачальников, удостоенный ордена Святого Георгия за участие в войне против французов.",0,Syntax,cleanlab,1
"Перейдя мостик, усмотрен мною без всяких признаков жизни повесившийся труп мертвого человека.",0,Syntax,datamaps,1
"Иван войдя, он поздоровался.",0,Syntax,ds2,1
"Он молча посмотрел на нее, как будто что-нибудь взвешивая.",0,Semantics,"cleanlab, datamaps",2
Участие в командных играх и других интересных спортивных мероприятиях дарит нам живительный заряд бодрости.,1,0,cleanlab,1
"Мальчик, ушедший было вперед, медленно возвращался к Арсению.",1,0,ds2,1
Новый информационный ресурс набирает популярность.,1,0,ds2,1
"К кому ты не знаешь, как обратиться?",1,0,cleanlab,1
Моя дочь тщательно не оделась.,0,Semantics,"cleanlab, datamaps",2
Солдаты грелись у костров.,1,0,ds2,1
Отец подарил брату книгу.,1,0,ds2,1
Он раздражен по любому поводу.,0,Semantics,"cleanlab, datamaps, ds2",3
Я выбрал тему диплома.,1,0,ds2,1
Он живет в двухэтажном доме на тихой лондонской улице возле Риджент-парка.,1,0,ds2,1
"Маша читает книгу, и Саша читает книгу.",1,0,ds2,1
Афанасьевна и Софья стояли невдалеке и слушали.,0,Semantics,"cleanlab, ds2",2
Где он дал согласие быть прописанному?,0,Syntax,"datamaps, ds2",2
"Он воображает, что все знает об этом.",1,0,ds2,1
На территории Азербайджана археологи обнаружили самую древнюю из найденных на сегодняшний день производственную мастерскую.,1,0,cleanlab,1
Вы пила лекарства?,0,Syntax,"cleanlab, datamaps, ds2",3
"Это, но никто не отозвался.",0,Syntax,ds2,1
"Он ожидал, что королева пригласит себя выпить кофе.",0,Syntax,cleanlab,1
Пять бандитов лежало на земле раненые.,0,Syntax,datamaps,1
"Избирая меня депутатом, я сделаю для вас всё возможное.",0,Syntax,"cleanlab, datamaps",2
Я был огорчен этой новостью.,1,0,ds2,1
"Среди сотрудников нашего института есть такие, которые отдыхали на юге.",1,0,ds2,1
Я опаздываю на концерт.,1,0,ds2,1
Я встречаюсь с приятелями.,1,0,ds2,1
Благодаря повышения уровня сервиса в фирменных магазинах стало больше покупателей.,0,Syntax,cleanlab,1
Он нас долго не замечал.,1,0,ds2,1
Он пришел откуда-то изблизи.,1,0,ds2,1
Он отдал ей свое сердце.,1,0,ds2,1
"Первый огонек блеснул вдали, на противоположной горе, в одиноком домике близ шлагбаума.",1,0,datamaps,1
Я всю косметику со всяким ароматом убрала.,0,Semantics,"cleanlab, datamaps",2
Он делает три шага к стене.,1,0,ds2,1
В библиотеке всегда кто-нибудь сидит.,1,0,ds2,1
Я не обвиняю его в жульничестве.,1,0,ds2,1
Частная коллекция — предмет гордости её обладателя.,1,0,ds2,1
Я выпивал по более пяти бутылок в день.,0,Syntax,ds2,1
Я люблю его как брата.,1,0,ds2,1
Они читали жалобы на себя.,1,0,ds2,1
Ты показал ей это письмо?,1,0,ds2,1
Иван прождал ее два часа.,1,0,ds2,1
Эта местность получила название Панония.,1,0,ds2,1
"Но их лидер способен бежать, оставляя почти всю арестную команду мертвой или раненной.",0,Semantics,cleanlab,1
Существует более одного решения для этого пузыря.,0,Hallucination,"cleanlab, datamaps, ds2",3
Она часто видится с кем-то из них.,1,0,ds2,1
Она имела его врагов.,0,Semantics,"cleanlab, ds2",2
"Проехав два километра в машине, его уже тошнит.",0,Syntax,datamaps,1
Мне дали эту работу на рецензию.,1,0,"cleanlab, ds2",2
"Никсон заявил, что сожалеет о том, что он не знал о действиях своих подчиненных.",1,0,ds2,1
Этот в был очень тяжелым.,0,Syntax,datamaps,1
Я ощущаю запах гари.,1,0,ds2,1
Он имеет положение в обществе.,1,0,ds2,1
Девочка опять стояла у окна.,1,0,ds2,1
Благодаря применения новой технологии объёмы производства значительно выросли.,0,Syntax,cleanlab,1
Она работает в телефонном центре.,1,0,ds2,1
"Если вы можете видеть их, хоп не должен быть таким плохим.",0,Morphology,datamaps,1
Напоминание себе об опасности прозвучало вовремя.,0,Syntax,"cleanlab, datamaps",2
Я не должен привыкать.,1,0,ds2,1
"Том точно не знает, где живет Мария.",1,0,ds2,1
"Я подозреваю, что его обманывают.",1,0,ds2,1
Профессор решил поехать на дачу к своей сестре.,1,0,ds2,1
"Российские педагоги проводят ежегодно профессиональные конкурсы, во время которых делились друг с другом накопленным опытом работы.",0,Syntax,cleanlab,1
У него был какой-то необъяснимый страх перед этим человеком.,1,0,ds2,1
"Он почувствовал, что мороз.",0,Syntax,cleanlab,1
"Если он может решить все задачи,у него выдающиеся математические способности.",1,0,ds2,1
Не благоухает больше роз на его газоне.,1,0,ds2,1
"Сначала я долго гулял, а после возвращения домой, расположившись в беседке, страницы нового романа захватили меня до самого вечера.",0,Syntax,datamaps,1
"Говоря, например, о картине Александра Иванова «Явление Христа народу», он восхищается ею прежде всего как народной картиной, начисто отвергая какие-либо мистико-религиозные ее толкования.",0,Semantics,"cleanlab, datamaps",2
"Смотри, они начали ставить палатку.",1,0,ds2,1
"Олег Александрович хотел, чтобы я напомнила руководителю музыкального кружка, чтобы она уточнила репертуар ансамбля на ближайшее выступление.",0,Syntax,"cleanlab, datamaps",2
"Когда до них оставалось не более пятиста метров, командир подал знак штурману.",0,Morphology,cleanlab,1
У дивана стоял маленький журнальный столик.,1,0,ds2,1
Ефрем управлял одновременно и Ростовской епархией после смерти в тысячу девяностом году епископа Исайи.,0,Morphology,cleanlab,1
Уже в 63 году последовало первое турне за пределами Франции с Билли Бридж.,1,0,cleanlab,1
На лекции присутствовал Иванов.,1,0,ds2,1
Отопление два дня было выключено.,0,Semantics,"cleanlab, datamaps",2
Пальцы у него нежно гладили переплет книги.,0,Semantics,"cleanlab, datamaps",2
Ты ехал в город?,0,Semantics,"cleanlab, datamaps",2
Ко мне приехали родственники.,1,0,ds2,1
Он дал мне удар.,0,Semantics,"cleanlab, datamaps, ds2",3
"Он сидел в кресле, а рядом с ним стояла недопитая бутылка вина.",1,0,ds2,1
Дорогие он видел машины.,0,Syntax,"cleanlab, ds2",2
Звенела музыка в саду.,1,0,ds2,1
"Хайман не хочил насиловать себя, но вступился против приказа повелителя.",0,Morphology,"cleanlab, datamaps",2
Жалобы этой женщины мне надоели.,1,0,ds2,1
"Присутствие иностранца в этом квартире, с переводчиком, пришло ему в полный сюрприз, и он потребовал объяснений.",0,Syntax,"cleanlab, datamaps",2
Он сломлен уже года три.,0,Semantics,"cleanlab, datamaps",2
Мама ругается с сыном за двойку.,0,Semantics,"cleanlab, datamaps",2
Он взял за поручень.,0,Semantics,"cleanlab, datamaps, ds2",3
"Я не надеюсь, что он уедет.",1,0,ds2,1
"Писатель пригласил журналистку, чтобы взять у него интервью.",0,Syntax,"cleanlab, datamaps, ds2",3
"Расположен в городе Ниш, Крвени-Крст.",1,0,ds2,1
"Министр пригласил журналистку, чтобы взять у него интервью.",0,Syntax,"cleanlab, datamaps, ds2",3
Иван не попал на выставку.,1,0,ds2,1
Меня не оказалось дома.,1,0,ds2,1
Ивана никогда не было в таком театре.,0,Semantics,"cleanlab, datamaps",2
Она кажется отсюда такой молодой!,1,0,ds2,1
"Платформа RSA enVision также построена для интеграции с сетевыми хранилищами EMC, предлагая клиентам cradle-to-grave подход для управления данными событий журнала соответствия безопасности.",0,Hallucination,"cleanlab, datamaps",2
"В 9.15 слушайте рассказ Гайдара ""Дым в лесу"".",1,0,ds2,1
"Осетровые рыбы, как я считаю, утратили свой былой вкус.",0,Semantics,"cleanlab, datamaps",2
Они грелись вблизи костров.,0,Semantics,"cleanlab, datamaps, ds2",3
"В Риме умер один из величайших художников нашего века, мой соотечественник Орест Кипренский.",1,0,ds2,1
"Она сидела рядом с мужем, слегка прижимаясь к нему.",1,0,ds2,1
Я не хочу стричь волосы.,1,0,ds2,1
"Вы республиканец, но я демократ.",1,0,ds2,1
Вечной красою сияет природа и удивляет нас своим величием.,1,0,ds2,1
В обмен на это Ольмерт получил грязную похвалу от этих новостных изданий в течение последней недели.,0,Syntax,"cleanlab, datamaps",2
"Я думаю, что ты несомненно прав.",1,0,ds2,1
"Теперь я понимаю, как ей тяжело.",1,0,ds2,1
Я получила эту книгу в подарок.,1,0,ds2,1
"В долинах, пастбищах, склонах гор зазеленела трава, воздух наполнился ароматом весны.",0,Syntax,datamaps,1
Они решили одни распоряжаться.,1,0,ds2,1
"Среди популярных достопримечательностей, доступных пешком отсюда, - Augustusplatz, Opera House и Museum изящного искусства.",0,Hallucination,cleanlab,1
"Ихние дети, Валентин и Ирка, всегда целовали маму Раю, если приходили в гости.",0,Morphology,"cleanlab, datamaps",2
"Нет, мой брат не дома.",1,0,ds2,1
До него эти звуки не доносятся.,1,0,ds2,1
Она сегодня кого-то ждет.,1,0,ds2,1
Можно не ходить на концерт.,1,0,ds2,1
"Используя языковые средства выразительности, текст выглядит более убедительным.",0,Syntax,cleanlab,1
"Вчера купили Вася книгу, а Коля компакт-диск.",1,0,"cleanlab, ds2",2
Голословно заявилось о преследованиях мирного населения.,0,Semantics,datamaps,1
"Показывайте нам, пожалуйста, нашу комнату!",0,Semantics,"cleanlab, datamaps",2
Эти студенты — сами специалисты в эскимосском языке.,1,0,ds2,1
"Скрою, он мне понравился.",0,Semantics,"cleanlab, datamaps, ds2",3
"Он прав, я понимают.",0,Semantics,"cleanlab, ds2",2
С вершины горы будет открываться прекрасный вид.,1,0,ds2,1
Учителя очень нужно увидеть.,1,0,cleanlab,1
Отец никогда не был в Москве.,1,0,ds2,1
Он был в полном отчаянии.,1,0,ds2,1
"В болотистой почве содержится мало кислорода и питательных веществ, необходимых растениям.",1,0,cleanlab,1
Телевизора нет в мастерской.,1,0,ds2,1
"Напомни мне, позвонить Саше.",1,0,ds2,1
В США построен кинокинотеатр после первой мировой войны.,0,Syntax,"cleanlab, ds2",2
"Добравшись до места назначения, у нас было достаточно времени для приготовления ужина.",0,Syntax,"cleanlab, ds2",2
"Просто сидит на берегу, у самой воды, любит море это и солнечный свет.",1,0,cleanlab,1
"Каждое утро подается марокканский завтрак, а местные блюда можно съесть на террасе, на террасе или в традиционной гостиной.",1,0,ds2,1
"Я уверен, что он возможно прав.",0,Semantics,ds2,1
Премьера этого реалити-шоу состоялась на ABC 19 марта 2013 года.,1,0,ds2,1
Пришлось кого-нибудь попросить помочь.,0,Semantics,"cleanlab, datamaps, ds2",3
"Уверен, что завтра что-нибудь не случится.",0,Semantics,"cleanlab, datamaps, ds2",3
Букинист с особой целью продал книгу студенту.,1,0,ds2,1
"Эти 7 вопросов задает инспектор, чтобы подловить на ошибке всех водителей – как реагировать и что отвечать?",1,0,"cleanlab, ds2",2
"Вчера у меня была Маша, и я отдала ей все деньги, которые у меня были.",1,0,ds2,1
"Возьми из сада мою кофту, я оставила ее в беседке.",0,Semantics,"cleanlab, datamaps",2
"Одна из учениц нашей Школы, московская школьница Светлана Архипова, установила рекорд скорости чтения ― 60 тыс. знаков в минуту зарегистрированный в российской Книге рекордов Гиннесса.",1,0,"cleanlab, ds2",2
"Когда в окнах заполыхал багровый закатный свет, то музыка оборвалась.",0,Syntax,"cleanlab, datamaps",2
"Иван не знает, что она приехала.",1,0,ds2,1
"Он выдвинул планы по созданию военных баз на арктической границе, чтобы «гарантировать военную безопасность в различных военно-политических ситуациях».",0,Semantics,"cleanlab, datamaps",2
В понедельник в Бостоне шел дождь.,1,0,ds2,1
Платье у бедер слегка расширяется.,1,0,ds2,1
Не держал ли он в руках газеты?,0,Semantics,"cleanlab, datamaps",2
Они попели песни у костров.,1,0,"cleanlab, ds2",2
Реакция журналов и фанатов была очень хорошей!,1,0,ds2,1
Вымой руки и накрывай на стол!,1,0,ds2,1
Во вторник крепость окружена противником.,0,Syntax,"cleanlab, datamaps",2
До провозглашения независимости Ливии (1951 год) Триполи был одним из центров национально-освободительной борьбы.,1,0,ds2,1
"Я думаю, он согласится.",1,0,ds2,1
"Позднее был Генеральным секретарем Минфина до 23 июля 2001 г., когда был назначен министром молодежи и спорта.",0,Syntax,"cleanlab, datamaps",2
В офисе компании нам предоставили всю необходимую информацию.,1,0,ds2,1
Случаи пива вылетели на улицу.,0,Hallucination,cleanlab,1
"Иди, а то Иван скажет, что ты заставил его ждать.",1,0,ds2,1
На дороге показался я.,0,Semantics,"cleanlab, datamaps, ds2",3
К четырёхстам грузовикам прибавилось столько же легковых машин.,0,Morphology,cleanlab,1
Лодку поцарапало своим якорем.,0,Syntax,"cleanlab, datamaps",2
В парижской гостинице отравилась газом на 23 февраля 1928 года.,0,Syntax,cleanlab,1
"Проходя мимо дуба, уходящего ветвями далеко в небо, на меня свалился жёлудь.",0,Syntax,datamaps,1
В углу комнаты — бывший камин и бронзовые часы на нём.,1,0,ds2,1
"Скажи, а нельзя постараться, чтобы Сухой Рыбак не обидел Вани?",0,Semantics,"cleanlab, datamaps",2
Он отказывался от каких-либо предложений.,0,Semantics,"cleanlab, datamaps",2
Маалула признан изобретателем новой разновидностью египетской иероглифической системы.,0,Syntax,cleanlab,1
"Жестокая, почти невыносимая боль пронзила его тело.",1,0,ds2,1
Рыба изобиловала в реке лососем.,0,Syntax,ds2,1
Когда вы в последний раз были в зоопарке?,1,0,ds2,1
"Все разбежались, когда началась гроза.",1,0,ds2,1
Солдаты грелись поблизости от костров.,0,Semantics,"cleanlab, datamaps, ds2",3
В эту минуту роман был прочитан.,0,Semantics,"cleanlab, datamaps, ds2",3
"В итоге эти ученые рассматривают HTML как контейнерный язык, следующий иерархичной модели.",0,Syntax,cleanlab,1
Ты когда-нибудь находился в Казани?,0,Semantics,"cleanlab, datamaps",2
"Маша читает, и Саша читает книгу.",1,0,"cleanlab, ds2",2
"Кто написал ""Войну и мир""?",1,0,"datamaps, ds2",2
Наиболее интересные из них связаны с туризмом.,1,0,ds2,1
Пожарной команды не появилось.,0,Semantics,"cleanlab, datamaps, ds2",3
"Это лучшее злое, но я даю ему ноль в качестве цели.",0,Hallucination,datamaps,1
У тебя есть с кем посоветоваться?,1,0,ds2,1
В это время у соседей послышался шум.,1,0,ds2,1
Ты должен взять любую из этих книг.,0,Semantics,"cleanlab, datamaps, ds2",3
Калязинской ПМК-500 требуются шофера для работы на автомашинах ГАЗ-52 и ЗИЛ-585 со сдельной оплатой.,0,Morphology,"cleanlab, datamaps",2
"Я запросил 10 рублей, и он мне дал.",1,0,ds2,1
"Добавлю, что он, возможно, вообще откажется.",1,0,ds2,1
Ты находил свои ключи?,0,Semantics,"cleanlab, datamaps, ds2",3
Он получил недовольство собой.,0,Semantics,"cleanlab, datamaps",2
Я не обнаруживал признаков жизни.,0,Semantics,"cleanlab, datamaps",2
Его взяли в наш институт.,1,0,ds2,1
Мы благодарны за вашу помощь.,1,0,ds2,1
Он сейчас спит в течение некоторого времени.,0,Semantics,"cleanlab, datamaps, ds2",3
Я удивился его приходу.,1,0,ds2,1
"Что ты не знаешь, как починить!",1,0,cleanlab,1
"Я не мог поверить, что этот ужасный человек и есть я.",1,0,ds2,1
Я взял деньги у сестры.,1,0,ds2,1
"Ваши данные не просто данные, это ваши семейные фотографии, ваши финансовые документы, ваша музыка – ваша жизнь.",1,0,ds2,1
"Наша дивизия была довольно глухая, стоявшая вдали и от Петербурга и от Москвы.",1,0,ds2,1
В то время у меня был друг.,1,0,ds2,1
Завтра я буду ему звонить.,1,0,ds2,1
В прошлом году я лежал в больнице МПС с воспалением легких.,1,0,ds2,1
"Президент заявил, что у России достаточно сил для проведения профилактических забастовок.",0,Semantics,"cleanlab, datamaps",2
Мама забрала меня в парк.,1,0,ds2,1
Он никогда не поет.,1,0,ds2,1
"Я и раньше любил литературу, но сейчас она мой любимый предмет.",0,Semantics,datamaps,1
Среди моих студентов есть способные.,1,0,ds2,1
"Кто ты не знаешь, как работает?",0,Syntax,datamaps,1
В результате этого он получил оспу.,0,Semantics,"cleanlab, datamaps, ds2",3
Я хочу купить учебник по физике.,1,0,ds2,1
На веранде имеется кресло –– ты можешь отдохнуть.,1,0,ds2,1
"Несколькими яркими, красочными мазками художник изобразил разбежавшуюся по лужайке детвору.",1,0,ds2,1
Я стою прямо рядом с вашим домом.,1,0,ds2,1
"Даня не любил учителей, которым был Иван.",0,Syntax,"cleanlab, datamaps",2
"Как облако в небе, белые хлопья вдруг сливаются воедино, и перед вами ее фигурка.",1,0,cleanlab,1
Никогда я на Камчатке не был.,1,0,ds2,1
Он стоял совсем близко от меня.,1,0,ds2,1
"На спектакль в каком театре пришел Иван, несмотря на головную боль?",1,0,ds2,1
"Я протянул ему ложку, которую Сев выразил желание держать самому.",0,Syntax,"cleanlab, datamaps",2
Иван не был дома и месяца.,1,0,ds2,1
"Голдман утверждал, что участвовал в более чем 400 ботах, но большинство из них были незамеченными.",0,Hallucination,datamaps,1
Вы уже совсем здоровы.,1,0,ds2,1
Он существует в Киеве.,0,Semantics,"cleanlab, datamaps, ds2",3
"Станцию метро ""Комсомольская"" построили рядом со снесенным взрывом зданием 1С к северу от Тольятти.",1,0,ds2,1
"Рецепт чипы с сыром, маниоком и яйцами.",0,Morphology,cleanlab,1
"Иван сказал, что он заболел.",1,0,ds2,1
"Те, кто читал роман Л. Н. Толстого «Война и мир», помнит описание Бородинского сражения.",0,Syntax,ds2,1
Тот камень имеет форму книги.,1,0,ds2,1
Вы закладываете; стоит ли это больше читать?,0,Semantics,datamaps,1
"Ей снится, что будто бы она идет по снеговой поляне, а вокруг птицы чудные летают.",0,Syntax,"cleanlab, datamaps, ds2",3
"Навстречу колонне машин, везущим продовольствие, выехал полицейский патруль.",0,Syntax,cleanlab,1
У него есть место на «Лебединое озеро».,0,Semantics,"cleanlab, datamaps",2
"Неведомая сила, казалось, привлекала его к нему.",1,0,ds2,1
Он жил в одном из переулков около Арбата.,1,0,ds2,1
Вы один показался мне веселым.,0,Syntax,cleanlab,1
Миша и Коля купили вчера книгу.,1,0,ds2,1
"В ООН призвали не дать ответ на вопросы об антикоррупции, почему возник ""этотизм"".",0,Syntax,"cleanlab, datamaps",2
Стаканы есть в шкафу.,1,0,ds2,1
"Я наконец решился и задал ему вопрос: ""С кем ты виделся и беседовал в чем?""",0,Syntax,"datamaps, ds2",2
Я гулял уже полчаса.,1,0,ds2,1
Сотрудница Utair впервые самостоятельно провела поиск сотрудника на предприятии и получила премию EUR10 тыс за это.,0,Hallucination,cleanlab,1
Они попели песни около костров.,1,0,"cleanlab, ds2",2
У нее есть седые волосы.,1,0,ds2,1
"В своих статьях этот журналист поставил вопросы, волнующих многих его современников.",0,Syntax,ds2,1
"Он стал торопливо размышлять, как бы более точнее ответить священнику и при этом не обидеть его.",0,Morphology,cleanlab,1
"Я считаю, что он, несомненно, прав.",1,0,ds2,1
"Основные преимущества полупроводникового секвенирования, при низких начальных вложениях, эксплуатационных расходах.",1,0,cleanlab,1
"Появится кто-нибудь совершенно новый, неведомый, порожденный нынешней ситуацией, ни на что ожидаемое не похожий.",0,Semantics,"cleanlab, datamaps",2
Возьми мне из ее чемодана полотенце.,0,Semantics,"cleanlab, datamaps, ds2",3
"Вася сказал: ""У меня кое-что для тебя есть"".",1,0,ds2,1
Он может с кем-нибудь общаться.,0,Semantics,"cleanlab, datamaps, ds2",3
Я говорю с адвокатом.,1,0,ds2,1
"Он пробежал эту дистанцию за 10 секунд и, таким образом, взял преимущество над своими соперниками.",0,Semantics,"cleanlab, datamaps",2
Приступать с такими важными сборами к суду над маленьким поэтом — все равно что описывать жизнь какого-нибудь столоначальника тоном Плутарха.,1,0,ds2,1
"Эти врачи, специалисты каждый по нескольким областям медицины, готовы к экстренному приему.",1,0,ds2,1
Реорганизации не было проведено.,1,0,"cleanlab, datamaps",2
Он не помог нам советом.,1,0,ds2,1
Иван заставил меня написать диссертацию.,1,0,ds2,1
Прямо против двери пруд.,1,0,ds2,1
По окончанию гимназии Фонвизин стал учиться на философском факультете университета.,0,Syntax,cleanlab,1
В феврале 1866 года в долине реки Кудако в Кубанской области образовалась первая в стране нефтяная фонтана.,0,Syntax,datamaps,1
"В Москве состоялось совещание директоров школ по вопросам, касающихся выпускных экзаменов.",0,Syntax,cleanlab,1
За стеной кто-то кашлял.,1,0,ds2,1
"Будьте вы повнимательней, ошибка была бы исправлена.",0,Syntax,"cleanlab, datamaps",2
"Людей ругают или хвалят за ихние дела, а не за национальность.",0,Morphology,cleanlab,1
Арбитражный суд согласился под этим выводом.,0,Syntax,cleanlab,1
Танцоры стучали каблуками в такт музыке.,1,0,ds2,1
Это поселок лежал вдали от больших городов.,1,0,ds2,1
Более двух учеников видели на прогулке каких-либо птиц.,0,Semantics,cleanlab,1
Только ты можешь дать мне страдание.,0,Semantics,"cleanlab, datamaps",2
"Тут пара чулок барышниных, да наволочка, да два полотенца.",1,0,ds2,1
У него есть много статей на эту тему.,1,0,ds2,1
Своя точка зрения на этот вопрос была высказана автором в других работах.,1,0,cleanlab,1
Возьми из моего чемодана плед и накрой Машу.,1,0,ds2,1
Он быстро не понял.,0,Semantics,"cleanlab, datamaps, ds2",3
Мне было легко верить кому-нибудь из них.,0,Semantics,"cleanlab, datamaps",2
По вечерам они сидят возле своих телевизоров.,1,0,ds2,1
"Когда он делает что-то, он делает это тщательно.",1,0,ds2,1
Он не ест каши.,1,0,ds2,1
"Он медленно, но несомненно умнеет.",1,0,"cleanlab, ds2",2
С 1929 года было надпечатано изображение моноплана вместо указанного слова.,0,Morphology,"cleanlab, datamaps",2
Это начинает мне надоедать.,1,0,ds2,1
Том едет туда каждый день.,0,Semantics,"cleanlab, datamaps",2
Ксантиппа овдовела в тюрьме.,0,Semantics,cleanlab,1
Вдали близ шлагбаума виднелся маленький красный домик.,1,0,ds2,1
Нужны мне ваши деньги!,1,0,ds2,1
"Поскольку погода была хорошая, он не пошел гулять.",1,0,ds2,1
Канал поставки электричества через эти канаты может устанавливаться сверху основных опорных стоунеров или под ними.,1,0,cleanlab,1
Вчера мне нужно ехать на завод.,0,Semantics,"datamaps, ds2",2
Пелагея и Афанасьевна слушали поодаль.,0,Semantics,"cleanlab, datamaps",2
"Леша одел младшую сестрёнку, и они отправились встречать папу с работы.",1,0,ds2,1
"Это были те народные изречения, которые получают вдруг значение глубокой мудрости, когда сказаны кстати.",1,0,cleanlab,1
"Егорова расстраивало не столько всё происходящее, сколько настораживало.",0,Syntax,cleanlab,1
"Дом, в котором мы жили первые годы по приезду в Петербург, находился на набережной Красного канала.",0,Syntax,cleanlab,1
Он живет в небольшом городке на Оке.,1,0,ds2,1
Иван прождал уже два часа и продолжает ждать.,1,0,ds2,1
Я получила к нему отвращение.,0,Semantics,"datamaps, ds2",2
"Я в поте лица зарабатываю скромное жалование и скапливаю по крохам, чтобы купить себе в конце недели килограмм сосисок.",1,0,cleanlab,1
Он долго не огорчался.,1,0,ds2,1
"Рядом с ней бежала молодая женщина в темно-синем пальто, а сзади — высокий мужчина в полушубке.",1,0,ds2,1
Минобороны может запуск ракет на расстоянии 230 км за пределами досягаемости допускаемых американских противоракетных комплексов.,0,Syntax,cleanlab,1
Где в Москве состоится конференция?,1,0,ds2,1
В детский центр Шахтёрского поселка в Трёхкилометрах от московских шахтеров проходит школьная школа.,0,Hallucination,ds2,1
Я встречался с приятелями.,1,0,ds2,1
"Лишь только мы принесли пиво, как вы — рыбу.",1,0,"cleanlab, datamaps",2
По уходу Рябовского Ольга Ивановна долго лежала на кровати и плакала.,0,Syntax,cleanlab,1
Он взял ребенка на руки.,1,0,ds2,1
Она была названа в честь югославской народной армии.,1,0,ds2,1
Я встретила ее около своего дома.,1,0,ds2,1
"Том сказал, что он видел, как Мария делает это.",1,0,ds2,1
"Пил чай то с вахтером, то сторожем.",0,Syntax,"cleanlab, datamaps",2
Гутри Трапп заменил Буковича на оставшуюся часть летней турне 2015 года.,0,Syntax,cleanlab,1
Ветки деревьев слабо звенели.,1,0,ds2,1
"По словам его жены, Ростоцкий целый день жалуется на сердце, однако машину повел сам.",0,Syntax,"cleanlab, datamaps",2
На экскурсии в ботаническом саду школьники любовались редкими садовыми растениями.,1,0,cleanlab,1
"Это действительно показывает вам, что мы не видели хорошего экономического прогресса и прогресса в области здравоохранения нигде в мире без разрушения климата.",0,Syntax,"cleanlab, datamaps",2
Она сидела рядом со мной и плакала.,1,0,ds2,1
"Ляжьте, пожалуйста, на тахту.",0,Morphology,"cleanlab, datamaps",2
Командир армии в Риме с 1995 посещал курсы на военном факультете.,1,0,cleanlab,1
Сейчас она старше своей матери.,1,0,ds2,1
"Насупившийся, переполненный эмоциями Дашевский не был расположен выслушивать никакие оправдания.",0,Semantics,"cleanlab, datamaps",2
"Она выразила желание быть мне полезна, и я поспешил им воспользоваться.",1,0,ds2,1
"Вы знаете, у него был эфферент, афера и хаптатическая реакция.",0,Hallucination,"cleanlab, datamaps, ds2",3
"Я думаю, что он, несомненно, прав.",1,0,ds2,1
Близко от него сидит молоденькая девушка и читает какую-то книгу.,1,0,ds2,1
Некоторые сотрудники нашего института отдыхали на юге.,1,0,ds2,1
"Он остановился отдохнуть под деревом, он идёт в Италию, этот музыкант.",1,0,cleanlab,1
Далеко он не ушел.,1,0,ds2,1
"Хотя он всегда с собой кого-то брал, на случай поломок или возможных недоразумений, но автомобилем он правил сам.",0,Semantics,"cleanlab, datamaps",2
"Им купе бесплатно, а мы за него плати — но мы этого делать не будем.",0,Semantics,"cleanlab, datamaps",2
Ни одна стрела не попала в цель.,1,0,ds2,1
"Когда ты вошел, я не обедал, а читал газету.",1,0,ds2,1
Вы уже дали отчет?,0,Semantics,"cleanlab, datamaps, ds2",3
Он женат на женщине.,0,Semantics,"cleanlab, datamaps, ds2",3
В Астане много иностранных туристов.,1,0,ds2,1
"Он рассказал мне замысел поэмы, которую, вероятно, хотел, чтобы я прямо по замыслу, без текста перевел.",1,0,datamaps,1
Все это время чайник кипел.,1,0,ds2,1
Я гуляю уже два часа.,1,0,ds2,1
"В этом есть необходимость, так как очень много яблоков я набрала с собой.",0,Morphology,"cleanlab, datamaps, ds2",3
Он остался невредимой и в морозе.,0,Syntax,ds2,1
Необходимость в сумке-термосе может возникнуть во время длительной поездки на машине либо по приезду на дачу в жаркий полдень.,0,Syntax,cleanlab,1
В Индии произошло мощное землетрясение.,1,0,ds2,1
Опасность поскользнуться на льду или соскользнуть по нему вместе с тонким слоем покрывающего его снега увеличивалась с каждым шагом.,1,0,"cleanlab, datamaps",2
"Он купит машину, если только не пропьет всех денег.",0,Semantics,"cleanlab, datamaps",2
Действительно развитая цивилизация основана на достижениях в области энергетики.,1,0,ds2,1
У меня сейчас отпуск.,1,0,ds2,1
"У меня не было денег, а у тебя были.",1,0,ds2,1
Этот фильм показывали по телевизору.,1,0,ds2,1
Только один раз ко мне приехали родственники.,1,0,ds2,1
Он никому не написал.,1,0,ds2,1
"А ты ехай прямо к директору театров, князю Гагарину.",0,Morphology,"cleanlab, datamaps",2
Я сейчас пишу письмо.,1,0,ds2,1
Он дошел до деревни.,1,0,ds2,1
"Находясь низко над горизонтом, создаётся неверное представление о размерах Луны.",0,Syntax,cleanlab,1
Источник сообщил о состоянии здоровья Савченко после операции на мозге.,0,Syntax,"cleanlab, datamaps",2
Близ стола стояло большое кресло.,0,Semantics,"cleanlab, datamaps, ds2",3
Он заболел еще в прошлом месяце и до сих пор с него болеет.,0,Syntax,ds2,1
"Она приняла странные взгляды, вкусы, привычки.",0,Semantics,"cleanlab, datamaps",2
"Особенно полюбились сказки, рассказывать которые она была мастерица.",1,0,"cleanlab, ds2",2
Я разговаривал с директором на прошлой неделе.,1,0,ds2,1
Он купил несколько журналов.,1,0,ds2,1
Я прочел около трех страниц.,1,0,ds2,1
"Маша, он видит, бледна.",0,Semantics,"cleanlab, datamaps",2
"Я сказал Тому, что не помогу ему.",1,0,ds2,1
"Я не знаю, почему вы хотите, чтобы я сделал это.",1,0,ds2,1
Его жест выразил мне порицание.,0,Semantics,"cleanlab, datamaps",2
У меня есть один знакомый врач.,1,0,ds2,1
Я не съел ветчины.,1,0,ds2,1
"Кто-то стучит в дверь, откройте!",1,0,ds2,1
Я дал ему пощечину.,1,0,ds2,1
Эти школьники скоро будут писать диктант по русскому языку.,1,0,ds2,1
Он промахнулся кулаком мне в лицо.,0,Syntax,datamaps,1
"У тебя как, вечер сегодня свободный?",1,0,ds2,1
Дай мне тот стакан воды.,0,Semantics,"cleanlab, datamaps, ds2",3
Я своими близорукими глазами и то заметил.,0,Semantics,datamaps,1
Камни заваливают вход в ущелье.,1,0,ds2,1
"Он приходил, чтобы проститься.",1,0,ds2,1
Там были расстреляны палачами.,0,Syntax,cleanlab,1
Он всегда знает английский язык.,0,Semantics,"cleanlab, datamaps, ds2",3
Не ешь весь сыр.,1,0,ds2,1
"Все утро я считала, что он уехал.",1,0,cleanlab,1
Я принял его в свою избу.,0,Semantics,"cleanlab, datamaps, ds2",3
"Овощи и фрукты служат источником только трёх витаминов: С, бета-каротин и фолиевая кислота.",0,Syntax,cleanlab,1
"И право, так мало делается этим кому-то зла, а себе столько удовольствия.",0,Semantics,datamaps,1
"Он думает, что все люди по природе добры.",1,0,ds2,1
В окне шрифта выбрать шрифт и размер из колонок.,1,0,ds2,1
Множество людей пришли за кулисы.,1,0,ds2,1
"Мэтт Фоулер назвал новый эпизод ""Чёрно-Белого дома"" значительно лучше чем пятый сезон, как он был снят за 8 процентов.",0,Hallucination,"datamaps, ds2",2
"Браконьерам, нарушающих закон, грозит серьёзный штраф.",0,Syntax,"cleanlab, datamaps",2
Придет или Маша?,0,Syntax,"cleanlab, datamaps",2
"Ральф считает про человека в желтой шляпе, что он шпион.",1,0,cleanlab,1
Я взял у него деньги.,1,0,ds2,1
Все наши стены наклейки подходят для обоев woodchip!,0,Hallucination,cleanlab,1
Мне нравились его черты.,1,0,ds2,1
В последнее время здесь часто вспыхивают волнения.,1,0,ds2,1
Она нас очень хорошо принимала.,1,0,ds2,1
"Концерт состоит из трёх движений примерно одинаковой длины, которые длятся всего менее 30 минут.",0,Semantics,"cleanlab, datamaps",2
"Японская компания разработала новую компанию на экспорт морской силы самообороны, но также активно предлагается.",0,Hallucination,ds2,1
"Бортолотти начал карьеру в 2005 с выступлений во время концертов на конкурсе ""Зимней серии Формулы-Рено"" и Formula Gloria.",1,0,cleanlab,1
"Автор книги хотел как можно подробнее рассказать об этих людях, самих хозяевах своей судьбы.",0,Syntax,"cleanlab, datamaps",2
"Он спустился в нижний этаж, увидел длиннейшую очередь возле кассы.",1,0,ds2,1
"Поселенцы этих миров имеют некоторую свободу от центрального правительства, но нет высокотехнологичных удобств внутреннего мира.",1,0,cleanlab,1
"Петя покрасил дачу, а Коля отремонтировал машину Иванова.",1,0,ds2,1
Я это не знаю.,0,Semantics,"cleanlab, datamaps, ds2",3
Вода течет в лодку.,1,0,ds2,1
"Не только покупал, но и купил.",1,0,ds2,1
Том не собирается продать свой дом.,0,Morphology,"cleanlab, datamaps",2
Иван не прилетел на свадьбу дочери.,1,0,ds2,1
"Журналист беседовал с командой футболистов, принявшими участие в чемпионате мира.",0,Syntax,cleanlab,1
Его материнская семья выходит из Карачи.,0,Semantics,"cleanlab, ds2",2
На тротуаре каждый день спотыкалось по старушке.,0,Semantics,"cleanlab, datamaps",2
У вас бывают интересные разговоры?,1,0,ds2,1
Изредка она взглядывала на кого-нибудь из нас.,1,0,ds2,1
Эта церковь всегда стояла на холме.,0,Semantics,"cleanlab, datamaps, ds2",3
Было получено эти два извещения.,0,Syntax,"cleanlab, ds2",2
Почему вы продали свой дом?,1,0,ds2,1
"Амагу течет сначала на северо-восток, потом принимает широтное направление и только вблизи моря немного склоняется к югу.",1,0,ds2,1
Группа празднует свою 30-ю годовщину концертом 2 апреля 2012 года в Белградском спортивном зале.,1,0,cleanlab,1
"Учительница предупреждала, что тест будет тяжелым.",1,0,ds2,1
Следующий довод опроверг его утверждение.,1,0,ds2,1
Здесь собрался все свой народ.,1,0,ds2,1
Я принял его в свой дом.,1,0,ds2,1
Я видел желтое пятнышко.,1,0,ds2,1
"Кто куда пришел, несмотря на головную боль?",1,0,cleanlab,1
Мы получили прекрасный урожай.,1,0,ds2,1
"Вдали грузинские деревни казались прекрасными садами, а вблизи я увидел несколько бедных саклей.",0,Semantics,"cleanlab, datamaps",2
В Переделкине есть музей Пастернака.,1,0,ds2,1
Следы высокоорганизованной материи не обнаружены.,0,Semantics,"cleanlab, datamaps",2
У него нет никаких вредных привычек.,1,0,ds2,1
"Я думаю, что сделаю это позже.",1,0,ds2,1
Он подтверждает свое согласие.,1,0,ds2,1
"Петя сказал, что стоять там холодно, и это действительно оказалось холодно.",0,Semantics,datamaps,1
"И все по всей библиотеке разные предметы, разные пространства.",0,Hallucination,"cleanlab, datamaps, ds2",3
Поезд был задержан из-за сильного снега.,1,0,ds2,1
На нашей фабрике существует доктор.,0,Semantics,cleanlab,1
"По летней привычке стол ещё накрывался на улице: мой единственный приносил вечно разбредающиеся по двору стулья, я застилала скатерть с фруктовым узором на стол.",0,Semantics,"cleanlab, datamaps",2
"Сомневаюсь, что он действительно болен.",1,0,ds2,1
Я не теряю надежды.,1,0,ds2,1
"Надеясь узнать что-то, он пошел в ложу брата.",1,0,ds2,1
Я заметил там одни развалины.,1,0,ds2,1
Меня испугал его приход.,1,0,ds2,1
Врач советует Тане не менять климат.,1,0,ds2,1
"Тем не менее, он преуспевает.",1,0,ds2,1
Гуманитарные науки изучают различные аспекты человеческого бытия.,1,0,ds2,1
"Во время ремонта пришлось не только менять все окна, но и межкомнатные двери.",0,Syntax,cleanlab,1
"Ну-ка, расскажи об этой борьбе поподробнее.",1,0,ds2,1
"Хотя у меня возникали некоторые сомнения, он всегда говорил очень убедительно.",1,0,ds2,1
Ванин приход обрадовал нашу маму.,1,0,ds2,1
"Ваш телефон звонит несколько раз, когда вы были в духе.",0,Syntax,"cleanlab, datamaps, ds2",3
Я много раз находил клад.,1,0,ds2,1
"Журналистка была приглашена министром, чтобы взять у него интервью.",1,0,ds2,1
"У нее ест талант, а у меня есть деньги.",1,0,ds2,1
"Люди, находившиеся на борту транспорта, явно не желали поафишировать своё присутствие и, нужно сказать, им это удавалось в полной мере.",0,Semantics,datamaps,1
У меня сегодня занятия по английскому языку.,1,0,ds2,1
"Он может сделать все, что угодно.",1,0,ds2,1
Он готов взять хоть какую-нибудь новую секретаршу.,1,0,ds2,1
Афазий и других отклонений от нормы раньше не изучалось.,1,0,ds2,1
Гора у вершины была безлесной.,0,Semantics,"cleanlab, datamaps",2
У нас гостей не обедало.,0,Syntax,"cleanlab, datamaps",2
"Ну сядь, я тебя прошу.",1,0,ds2,1
Они решили оба распоряжаться.,1,0,ds2,1
"Иван не знает, что приехала Маша.",1,0,ds2,1
Эта лекция ни из чего разозлила меня и расстроила из-за потраченного впустую времени.,0,Syntax,"cleanlab, datamaps",2
Этот последний был очень тяжелым.,1,0,"cleanlab, ds2",2
Она прижала к себе ребенка.,1,0,ds2,1
От дождей до деревни трудно добраться.,0,Semantics,"cleanlab, datamaps",2
Вы один показались мне веселыми.,0,Syntax,"cleanlab, ds2",2
"Отец писал, что скучает по нам.",0,Syntax,"cleanlab, datamaps",2
Сообщение не испугало Марию.,1,0,ds2,1
Более или менее удовлетворительно.,1,0,ds2,1
Но Александр Борисович отрицает все мстительные мотивы в своем выборе.,0,Semantics,cleanlab,1
Он работает в саду.,1,0,ds2,1
Вблизи лошади стояла собака.,0,Semantics,"cleanlab, datamaps",2
Я начал свое путешествие 30 лет назад.,1,0,ds2,1
Мне встречается девочка с ведром.,0,Semantics,"datamaps, ds2",2
Я был там в году.,0,Semantics,ds2,1
После новогодних поздравлений началась раздача подарков.,1,0,ds2,1
"Республиканский национальный комитет (RNC) — политический комитет США, являющийся национальным лидером Республиканской партии Соединенных Штатов.",1,0,ds2,1
"Я воспользовался перочинным ножом, чтобы нарезать колбасу.",1,0,ds2,1
"Журналистка была приглашена министром, чтобы дать ей интервью.",0,Syntax,"cleanlab, datamaps",2
Он постоянно имеет при себе револьвер.,1,0,cleanlab,1
Она неправильно приняла возражения оппонента.,0,Semantics,"cleanlab, datamaps",2
Они считали его талантливыми.,0,Syntax,"cleanlab, ds2",2
Меня никогда в этом доме не было.,0,Semantics,"cleanlab, datamaps, ds2",3
Незнакомые слова в тексте не встретились.,0,Semantics,"cleanlab, datamaps",2
Сегодня отца еще не было на море.,0,Semantics,"cleanlab, datamaps, ds2",3
"Том сказал, что это не единственная причина.",1,0,ds2,1
В прошлом году он написал портрет молодой женщины.,1,0,ds2,1
Здесь мы столкнулись с совершенно новой проблемой.,1,0,ds2,1
Посреди глазного дна человеком имеется «жёлтое пятно».,0,Syntax,cleanlab,1
Двадцать яблоней высадили на Туевой аллее и у мемориального камня «Павшим за Родину».,0,Morphology,cleanlab,1
Больницу принес обозу приказ комбата занять больницу очередной день.,0,Syntax,cleanlab,1
У нас редко проводятся занятия по истории.,1,0,ds2,1
Памятные дни устанавливаются в честь значительных событий в мировой истории или истории России.,1,0,ds2,1
Я рисковал опозданием на семинар.,1,0,ds2,1
Многие добились какого-либо успеха.,0,Semantics,"cleanlab, datamaps, ds2",3
"Я помню, как мы купались в Москве-реке.",1,0,ds2,1
"Вообще-то вода в этой реке теплая, но сегодня она холодная.",1,0,ds2,1
Петя решал такие задачи.,1,0,ds2,1
Каждый человек всегда должен об этом помнить.,1,0,ds2,1
"Я хочу, чтобы они зашли, а ты спрячешься.",0,Syntax,"cleanlab, datamaps",2
Целый день я скитаюсь по пустым равнинам.,1,0,ds2,1
Геологической партии не было на базе.,1,0,ds2,1
Есть блины с вареньем вкусное.,0,Syntax,"cleanlab, datamaps",2
Он сидел возле аппарата и что-то писал в журнале.,1,0,ds2,1
"Настоящий успех может быть достигнут только благодаря настойчивости, целеустремлённости и глубоких знаний человека.",0,Syntax,"cleanlab, datamaps",2
"Было бы неверно думать, что человек может попитаться исключительно салатами, мясом, семенами или зёрнами.",0,Semantics,"cleanlab, datamaps",2
"Зина считает, что черт его знает, придет он или нет.",0,Semantics,"cleanlab, datamaps",2
Это сочетание не имеет смысл.,0,Semantics,"cleanlab, datamaps, ds2",3
Дерево было срублено близко от корней.,1,0,ds2,1
"Он всегда говорил очень убедительно, и у меня возникали некоторые сомнения.",1,0,ds2,1
Гора у вершины заросла соснами.,0,Semantics,"cleanlab, datamaps",2
Сколько фильмов ему мало понравилось?,1,0,cleanlab,1
"Роте выяснить обстановку, сама не вступая в бой.",0,Syntax,datamaps,1
"Сдвигая вековые камни, обрушились вниз дождевые потоки.",1,0,"cleanlab, ds2",2
Он выбрал себе жену из казачек.,1,0,ds2,1
Я нипочему не приехала.,0,Semantics,"cleanlab, datamaps",2
"Не удивительно, что он согласился.",1,0,ds2,1
В этом дне было много удовольствий.,0,Semantics,"cleanlab, datamaps, ds2",3
"В партии ""Слуга народа"" каждый блок состоит из слов и предложений.",0,Hallucination,"cleanlab, datamaps, ds2",3
"Это означает, что он предлагает больше места для меньше денег, чем лучшие продавцы в классе.",1,0,"cleanlab, ds2",2
Пусть она встанет туда!,1,0,ds2,1
В настоящий момент в районе зафиксировано 110 466 человек.,0,Semantics,"cleanlab, datamaps, ds2",3
Это лекарство применяется при лечении кожных болезней.,1,0,ds2,1
Я видел вашу жену.,1,0,ds2,1
"После собрания кто-то сострил, что пока не разошлись, надо собрать новое собрание, чтобы подтвердить решение этого собрания.",1,0,"cleanlab, ds2",2
"Если бы быть честным, я был бы за то, чтобы Гетце играл по центру.",0,Syntax,"cleanlab, datamaps",2
Они получили очень интересные результаты.,1,0,ds2,1
У меня есть деньги.,1,0,ds2,1
"Как только деньги придут на счёт, мы отправим Вам подробный план путешествий по электронной почте.",1,0,ds2,1
"Погода, ей казалось, была плохая.",1,0,ds2,1
"Он почувствовал, что морозит.",1,0,cleanlab,1
Существует специальная значка рядом с именем файла.,0,Syntax,cleanlab,1
Ему дали государственную премию.,1,0,ds2,1
Трубы прорвало водой.,0,Semantics,cleanlab,1
"А тыква превращалась в спектакле ""Золушка"" в карету.",1,0,ds2,1
"Нельзя было не заметить, что толпа на площади гуляют с какой-то лихорадочной бодростью.",0,Syntax,"cleanlab, ds2",2
"Их машина остановилась у города Харьков, а затем двинулась дальше.",0,Semantics,"cleanlab, datamaps",2
"Наверное, я выглядел смешным.",1,0,ds2,1
У нас сейчас дождь.,1,0,ds2,1
Поскольку еще один такой выкрик и его выгонят.,0,Semantics,datamaps,1
В 1914 г. в этих районах были найдены запасы камня.,1,0,ds2,1
Она сидела близко от меня и плакала.,0,Semantics,"cleanlab, datamaps, ds2",3
Мы пойдем до поворота.,1,0,ds2,1
"В этом году гонец спит, в котором говорится, что у королевы родился оборотень.",0,Semantics,cleanlab,1
"Я знаю, что она приехала.",1,0,ds2,1
Бабушка вяжет шарф и подарила его своему внуку.,0,Syntax,"cleanlab, datamaps",2
Она воздержалась от всяких комментариев.,0,Semantics,"cleanlab, datamaps, ds2",3
Мы увидели славный город-герой.,1,0,ds2,1
"Видимо, он все-таки успел заметить, куда я положила ключ.",1,0,ds2,1
"Вероятно, он может с кем-нибудь там общаться.",1,0,ds2,1
"Он добился того, что статью опубликовали.",1,0,ds2,1
"Кроме того, учреждены специальные призы правительства, мэрии, приз союза цирковых деятелей и зрительских симпатий.",1,0,ds2,1
"В одном из старинных храмов города, сохранившимся до наших дней, под слоем краски обнаружены древние фрески.",0,Syntax,cleanlab,1
На террасе пахнет розами.,1,0,ds2,1
"В пять часов утра, как всегда, пробило подъём — молотком об рельс у штабного барака.",1,0,ds2,1
Я не намерен ничего менять.,1,0,ds2,1
"Большая ихчасть была официально ввезена на Тайвань по поддельным документам от ""China al"".",0,Hallucination,cleanlab,1
Из кабинета вышла женщина.,1,0,ds2,1
"Вероятно, там кто-нибудь был?",1,0,"datamaps, ds2",2
Ты не должен ей помогать.,1,0,ds2,1
Этот день был очень тяжелым.,1,0,ds2,1
Были получены эти два извещения.,1,0,ds2,1
"Думаю, Том не понял вопроса.",1,0,ds2,1
Он рассердил меня своей невнимательностью.,1,0,ds2,1
"Можем ли мы верить, что каждый поощряет дружбу между нашими народами на основе «почитания принципа равенства прав и самоопределения народов»?",1,0,cleanlab,1
"Я его спрашиваю, а он молчит.",1,0,ds2,1
Меня обрадовал его приход.,1,0,ds2,1
Он нес домой два арбуза.,1,0,ds2,1
В его словах есть правда.,1,0,ds2,1
"Трактирщик сказал, что, дескать, не дам.",1,0,ds2,1
"Он не врет, что читал что бы то ни было.",0,Semantics,"cleanlab, datamaps",2
Этот будь был очень тяжелым.,0,Syntax,"cleanlab, datamaps, ds2",3
Я две недели не был дома.,1,0,ds2,1
"Когда ты позвонил, я не спал.",1,0,ds2,1
Он побледнел еще больше.,1,0,ds2,1
"Предстояли очередные выборы, на которых он дал согласие баллотироваться в депутаты Совета Союза Верховного Совета СССР на новый срок.",1,0,ds2,1
"Многие из тех, кто прошли войну, уже не могут участвовать в парадах и праздничных шествиях.",0,Syntax,cleanlab,1
Каждый матч судит по судье.,0,Syntax,"cleanlab, datamaps",2
"История происходящих в фильме не изложена в хронологической последовательности, поэтому разгадку интриги можно обнаружить, как положено, только во второй половине.",0,Syntax,cleanlab,1
Я помыл посуду.,1,0,ds2,1
"В начале марта, несмотря на весну, намело столько снегу, что на расчистку дорог была направлена рота солдат.",1,0,cleanlab,1
"Я стою сейчас рядом с Центризбиркомом и могу наблюдать за тем, что происходит перед входом.",1,0,ds2,1
"Ученик не врет, что читал что-либо.",0,Semantics,"cleanlab, datamaps",2
Поздравляю с днём рождением и желаю долгих лет жизни!,0,Morphology,"cleanlab, datamaps, ds2",3
У брата есть грипп.,0,Syntax,"cleanlab, ds2",2
У кассы стояла длинная очередь.,1,0,ds2,1
Она берет теорию гранулярного пламени.,0,Semantics,"cleanlab, datamaps",2
Вторая существовала с 1852 по 1973 год и была объединена с частими округа Дурхам в Дурхамский региональный муниципалитет.,0,Morphology,"cleanlab, datamaps",2
Я не разбил чашки.,1,0,ds2,1
Я увидел там одни развалины.,1,0,ds2,1
Врач оставил с больными медсестру позвать в случае необходимости.,0,Syntax,"cleanlab, datamaps",2
Она побежала в глубь коридора и чуть не потеряла туфель.,0,Morphology,"cleanlab, datamaps, ds2",3
В этом взгляде было только горе.,1,0,ds2,1
Мой муж приходит домой примерно в 8 часов.,1,0,ds2,1
На полу имеются окурки.,0,Semantics,"cleanlab, datamaps",2
Она быстро пооткрывала окно и со всего размаху швырнула книгу в него.,0,Semantics,"cleanlab, datamaps, ds2",3
"Вот дерево засохнуло, но все же оно вместе с другими качается от ветра.",0,Morphology,"cleanlab, datamaps",2
"Когда я пришел, ты спал.",1,0,ds2,1
Ивана не было в своей комнате.,0,Semantics,"cleanlab, datamaps, ds2",3
"Получив начальное домашнее образование, Гринёва отправили на службу в Белогорскую крепость.",0,Syntax,"cleanlab, datamaps",2
"В обучении в школе есть свои плюсы, да даже возраст, когда мы там учимся, наиболее беззаботный.",1,0,ds2,1
"Он сказал то, что не успеет выполнить работу в срок.",0,Syntax,cleanlab,1
"Материал статьи оказался не таким информативным, как хотелось.",1,0,ds2,1
Ты с кем-нибудь не должна там общаться.,0,Semantics,"cleanlab, datamaps",2
"И изумление, и ужас напал на меня.",0,Syntax,"cleanlab, datamaps, ds2",3
"Представляю, как смешно это выглядело снизу.",1,0,ds2,1
Он имеет только одну руку.,1,0,ds2,1
Более ста пятидесяти лет тому назад никто не мог предполагать и думать о мобильных телефонах.,0,Syntax,cleanlab,1
В теплые летние ночи они поднимались на один из холмов около Курска.,0,Semantics,"cleanlab, datamaps",2
Бутыль не вмещает пяти литров.,1,0,ds2,1
Иван принял решение пойти на встречу одному.,0,Syntax,"cleanlab, datamaps, ds2",3
"Напрасно вы думаете, что вы здоровы, у вас есть катар верхних дыхательных путей.",0,Semantics,"cleanlab, datamaps",2
Он не был там и разу.,0,Semantics,"cleanlab, datamaps, ds2",3
Вкус к большой политике к нему пришел позднее.,1,0,cleanlab,1
Он получил пожатие руки.,0,Semantics,"cleanlab, datamaps",2
Меня огорчает его отказ.,1,0,ds2,1
Этот фильм показывали по телевизору?,1,0,ds2,1
Я на это смотрю просто.,1,0,ds2,1
Он сидел неподалеку от нас и читал.,1,0,ds2,1
Он увидел прямо перед собой большую деревню.,1,0,ds2,1
Это лекарство имеет сильное действие.,1,0,ds2,1
Этот грипп был очень тяжелым.,1,0,"cleanlab, ds2",2
"Каждый раз смешно до него, когда он делает такое лицо.",0,Syntax,"cleanlab, datamaps",2
Он достал платок из кармана.,1,0,ds2,1
"Это наш корреспондент, который сейчас находится в городе, который подвергся бомбардировке.",0,Syntax,cleanlab,1
Он нашел хотя бы двух желающих?,1,0,ds2,1
Ты когда-нибудь ехал в город на телеге?,1,0,datamaps,1
Кресло на веранде есть.,1,0,ds2,1
Травы не было примято.,0,Syntax,datamaps,1
В луже возле него зеленовато отражалась неполная луна.,1,0,ds2,1
Поезд отправлялся в 5 часов.,1,0,ds2,1
Наш полк стоял вдали от Москвы.,1,0,ds2,1
"Я в поте лица зарабатываю скромное жалование и скапливаю по крохам, чтобы купить себе в конце недели килограмм сосисек.",0,Morphology,"cleanlab, datamaps",2
Он дал ему одобрение.,0,Semantics,"cleanlab, datamaps, ds2",3
Отдай мне твою шляпу.,1,0,ds2,1
"Чтобы отмазать от шестимесячной военной подготовки, мало какая семья будет платить несколько тысяч долларов взятки.",1,0,cleanlab,1
У самовара стоял чайник.,1,0,ds2,1
Магазин открыт час назад.,1,0,"datamaps, ds2",2
"Том хочет, чтобы мы остались.",1,0,ds2,1
"Все знали, что Том умирает.",1,0,ds2,1
"Если мужчина действительно залюбит женщину, его с ней не сможет разлучить даже такая серьёзная неприятность, как смерть!",0,Semantics,"cleanlab, datamaps",2
Из Джона и Мери я больше люблю его.,0,Syntax,"cleanlab, datamaps",2
"Ни вдали, ни вблизи никого не было.",1,0,ds2,1
Чемпионат мира по крикету 2007 года провел в Вест-Индии.,0,Syntax,cleanlab,1
Он решал эту задачу.,1,0,ds2,1
"Подожди, я возьму из чемодана кофточку и выйду к тебе.",1,0,ds2,1
Описание событий в Лебедине известно из анонимной «Истории рутенцев» и составлено на основе ее «Истории маленькой России» НА Маркевича.,0,Syntax,cleanlab,1
Она приняла ребенка к себе на руки.,1,0,ds2,1
Весь он как будто воздушный и стоит более шестисот лет.,1,0,cleanlab,1
Вы уже написали отчет?,1,0,"datamaps, ds2",2
Всю осень город кишел иностранцами.,1,0,cleanlab,1
"Расскажи, как прошел экзамен!",1,0,ds2,1
Ты еще многое не знаешь.,1,0,ds2,1
"Поскольку очень нужно ему в очереди стоять, у тебя ничего не выйдет.",0,Semantics,datamaps,1
Ибрагим не будет не улыбаться.,0,Syntax,datamaps,1
"Дети сотрудников, имеющих какие-либо заболевания, получают льготные путёвки в санаторий.",0,Syntax,cleanlab,1
Этот пришел был очень тяжелым.,0,Syntax,"cleanlab, datamaps",2
В тот момент я считал это несущественным.,1,0,ds2,1
Он бежит в саду.,1,0,ds2,1
"Французские полицейские поймали четырех ""развратников"" на почве ревности к молодым людям их круга.",0,Hallucination,cleanlab,1
"Машина, которую вы купили, мне не пригодилась, так как все студенты в институт ездиют на автобусе, а я не хочу выделяться.",0,Morphology,datamaps,1
В 1967 году он закончил среднюю школу.,1,0,ds2,1
"Я хотел посмотреть, если я могу взять эту идею и применить ее к магическому трюку.",0,Syntax,cleanlab,1
Никого не было дома.,1,0,ds2,1
"Фильм в 1975 году был номинирован на ""Золотой Глобус"" как лучший иностранный фильм.",1,0,ds2,1
"Я рад, что ты принял мое предложение.",1,0,ds2,1
Река течет на северо-восток.,1,0,ds2,1
Неподалеку от нас был родник.,1,0,ds2,1
"И неожиданные открытия, случающиеся стоит только выехать из города и свернуть на боковую дорогу.",1,0,cleanlab,1
Невдалеке от горы стояла сакля.,0,Semantics,"cleanlab, datamaps",2
Вместе с тем систематическое исследование каких бы то ни было страхов всегда сопряжено с целым рядом трудностей.,0,Semantics,"cleanlab, datamaps",2
"Кричала, что будьте вы прокляты.",0,Semantics,cleanlab,1
Пришел мужик в лес и стал рубить дрова.,1,0,ds2,1
Иванов присутствовал на лекции.,1,0,ds2,1
"Появление новой яркой звезды на небосклоне всегда привлекало внимание людей, и такие события часто попали в древние летописи.",0,Syntax,datamaps,1
"Там, я вижу, кто-то есть.",0,Semantics,"cleanlab, datamaps, ds2",3
"Мне жаль, что он не зашел.",1,0,ds2,1
"Там, он ясно видит, стоит человек.",0,Semantics,"datamaps, ds2",2
Некоторые европейские страны продавали Patrol в течение некоторого времени как «Эбро Патрол».,1,0,cleanlab,1
"Окончив сбор лекарственных трав, не забудьте тщательно отряхнуть одежду и вымыть руки с мылом.",1,0,cleanlab,1
Ты не должен ей потакать.,1,0,ds2,1
"В доме был большой круглый стой, все любили собираться и разговаривать в гостиной у него.",0,Syntax,datamaps,1
Петя Иванов медленно обычно пишет контрольные работы.,0,Syntax,"cleanlab, datamaps",2
"Сомневаюсь, что она знает все детали.",1,0,ds2,1
Ты еще многого не знаешь.,1,0,ds2,1
"Два механизма сплелись в один, образуя подобие низкого колченогого стула, из брюха которого болталась пара лопнутых пружин – боевые манипуляторы.",0,Morphology,"cleanlab, datamaps",2
Я обязательно отдам эти деньги.,1,0,ds2,1
Она спокойно приняла это известие.,1,0,ds2,1
В игорном зале казино было уже много людей.,1,0,ds2,1
"Он не знает, что Иван приехал.",1,0,ds2,1
Иван не повез жену в больницу.,1,0,ds2,1
"Вася сказал, что живет на Басманной.",1,0,ds2,1
Он сел рядом с ней и поцеловал ей руку.,1,0,ds2,1
Весь день я простоял около станка.,0,Semantics,"cleanlab, datamaps, ds2",3
Такой поступок возмутил бы кого-нибудь.,0,Semantics,"cleanlab, datamaps",2
Он воздержался от всяких комментариев.,1,0,ds2,1
"Филипп считает, что столица Гондураса находится в Никарагуа.",1,0,ds2,1
Весь день он с радостью был в горах.,0,Semantics,datamaps,1
Он был безработным уже несколько лет.,1,0,ds2,1
Президент Таджикистана пообещал укрепление государственного языка до всех уровней.,0,Syntax,cleanlab,1
У него есть порок сердца.,0,Semantics,"cleanlab, datamaps",2
"Уже с юности, проведённой за кулисами театра, где служила мама, а отчим был заведующим музыкальной части, я стал завсегдатаем театра.",0,Syntax,datamaps,1
"Если Иван опять провалился на экзамене, то он не будет больше сдавать.",1,0,ds2,1
Многие не хотят перемен.,1,0,ds2,1
"Президент этой страны - человек, выступая по телевидению, популярный среди избирателей.",0,Syntax,"cleanlab, datamaps",2
У нас сейчас урок.,1,0,ds2,1
Мне необходимо это выяснить.,1,0,ds2,1
"Только телезрительское голосование определило победителя отбора в Киеве, хотя жюри заявили, что хотел бы увидеть Диму Билана.",0,Syntax,cleanlab,1
"Брат сидел около меня, а муж — сзади.",0,Semantics,"cleanlab, datamaps",2
"Маша вчера сказала, что приедет на следующий день.",1,0,ds2,1
Один из преподавателей предложил новый план развития факультета и увеличить количество студентов.,0,Syntax,ds2,1
"Журналистка, была приглашена министром взять у него интервью.",1,0,"cleanlab, ds2",2
"В процессе двоих заключённых убит робот, контролируемый искусственным интеллектом Тау.",1,0,cleanlab,1
"Но не пробыл я у себя в кабинете и пяти минут, как горничная доложила, что меня желает видеть глазами какой-то человек.",0,Semantics,"cleanlab, datamaps",2
Вечер нередко начинал он спектаклем.,1,0,ds2,1
Завтра будем ездить во Внешторгбанк.,0,Semantics,"cleanlab, datamaps, ds2",3
Теперь они встречались каждый день и отправлялись вместе попьянствовать.,0,Semantics,datamaps,1
Лесистая гора привлекла внимание туристов.,1,0,ds2,1
Он всегда сидит в библиотеке.,1,0,ds2,1
В квартире есть беспорядок.,0,Semantics,"cleanlab, datamaps, ds2",3
"Подождав минут двадцать, мы двинулись назад, как вдруг на опушке возникла наша собака.",1,0,ds2,1
На экране появились странные изображения.,1,0,ds2,1
Лоси в нашем лесу не водятся.,1,0,ds2,1
"Клиент был согласен на данные условия, после чего обе стороны подписали договора накопительного страхования.",0,Morphology,cleanlab,1
Международные соревнования по мышечному развитию проходили в соответствии с правилами соревнований.,0,Hallucination,"cleanlab, datamaps",2
У меня есть старые родители.,0,Semantics,"cleanlab, datamaps, ds2",3
"Когда я вернулся, он спал.",1,0,ds2,1
"Когда я вошел в аудиторию, он открывал окно.",1,0,ds2,1
Я не встретил Машу.,1,0,ds2,1
У нее есть старость.,0,Semantics,"cleanlab, datamaps, ds2",3
"Я внимательно послушал все его аргументы, но ни один из них меня не убедил, и я ни под чем не согласился с ним.",0,Syntax,"cleanlab, datamaps, ds2",3
Увесистый замок всё так же надёжно запирает его входную дверь.,0,Semantics,cleanlab,1
Мы вам десять тысяч рублей даем.,1,0,ds2,1
"Я уже сказал вам все, что вам нужно знать об этом.",1,0,ds2,1
Он убит вблизи города.,1,0,cleanlab,1
"Она назначила цену своей любви смерть, счастья и одиночества.",0,Semantics,cleanlab,1
Он не дошел до деревни.,1,0,ds2,1
"Кемь является одним из самых старых городов России, расположенный на Белом море.",0,Syntax,cleanlab,1
Он не прочел «Капитанской дочки».,1,0,ds2,1
У него получилась неплохая статья.,1,0,ds2,1
"Когда я позвонил Маше, она пришла.",1,0,ds2,1
В 1845 г. он получил место судебного следователя.,1,0,ds2,1
"Директриса сидела с той же вежливой улыбочкой, не пророняя ни слова.",0,Morphology,"cleanlab, datamaps",2
"Высокий и худой мужчина, неопределенный возраст.",0,Syntax,cleanlab,1
Когда же выпал этот снег?,1,0,ds2,1
Музей Пастернака есть в Переделкине.,1,0,ds2,1
Твой мобильник есть на кухне.,0,Semantics,"cleanlab, datamaps",2
"В канун Нового года заведующий неврологическим отделением больницы вместе с коллегами оригинально поздравили приморцев, сняв видеоклип.",0,Syntax,ds2,1
Сейчас как раз идет одно из занятий по английскому языку.,1,0,cleanlab,1
Я испугался его приходу.,1,0,ds2,1
"Я отдала все деньги, которые у меня были.",1,0,ds2,1
Когда я смогу получить эти книги?,1,0,ds2,1
В этот момент женщина вышла из кабинета.,1,0,ds2,1
Есть ли у него слишком много соли?,0,Semantics,"cleanlab, datamaps",2
"На противоположной стороне шоссе, неподалёку от того места, где мы остановились, чтобы размяться, размещались придорожное кафе и заправочная станция с двумя выкрашенными бензоколонками красной краской.",0,Syntax,"cleanlab, datamaps",2
"Чайки, тревожно крича, летали над морем, вот уже несколько дней не желавшему успокоиться и продолжавшему биться о скалистый берег.",0,Syntax,cleanlab,1
"Я смотрю на детей, бросающих друг другу мяч.",1,0,ds2,1
Я положил ружье рядом с собой.,1,0,ds2,1
На ее лице выражалась тревога.,1,0,ds2,1
Она взяла его за плечи и начала трясти.,1,0,ds2,1
Я хочу посоветоваться с каким-нибудь хорошим врачом.,1,0,ds2,1
"Я открыл окно, чтобы проветрить комнату.",1,0,ds2,1
Возьми со стола свои книги.,1,0,ds2,1
"В Германии скончался игрок ""Легенкхорена"", который оставался предан клубу.",0,Morphology,cleanlab,1
В этой встрече была только радость.,1,0,ds2,1
Участок назначен к продаже.,1,0,ds2,1
Его убили вблизи «Трех утопленников».,0,Semantics,"cleanlab, datamaps",2
"Я знаю, что многие актёры изливают в роли личные переживания.",1,0,cleanlab,1
"Он поступил в гимназию в Загребе, изучал философию в Грацце и теологию в Trnava.",0,Hallucination,datamaps,1
Ты не видел Машу?,1,0,ds2,1
"Брат надеется, что поступит в университет.",1,0,ds2,1
"Какое забвение своих собственных предначертаний и мероприятий, давно не оставивших в жизни камня на камне!",1,0,cleanlab,1
Фонари погасли один за другим.,1,0,ds2,1
Очки лежали у книги.,0,Semantics,"cleanlab, datamaps, ds2",3
Порыв ветра разбил окно.,1,0,ds2,1
Достань из моего чемодана плед и накрой Машу.,1,0,ds2,1
Он больше не развлекает меня анекдотами.,1,0,ds2,1
"Вероятно, с ним что-то произошло.",1,0,ds2,1
Через неделю на этой же сопке я увидел их обоими.,0,Syntax,"cleanlab, datamaps, ds2",3
"Теряется золотое время, слушая глупые разговоры, — отрезала хозяйка.",0,Syntax,"cleanlab, datamaps",2
"При этом самки обладают светлой окраской головы, а на груди - штрихами.",1,0,"cleanlab, ds2",2
Иван отменил решение пойти на встречу одному.,1,0,ds2,1
"Она то стихи читает, картины то показывает.",0,Syntax,datamaps,1
Я беру у вас эту книгу.,1,0,ds2,1
"Будь добра, бери-ка его с собой!",0,Semantics,"cleanlab, datamaps",2
В этом дне было много происшествий.,0,Semantics,"datamaps, ds2",2
Его не было дома два дня.,1,0,ds2,1
Ребенок спит днем два часа.,1,0,ds2,1
Я вернусь домой к шести часам.,1,0,ds2,1
Курить будет здоровью вредить.,0,Syntax,"cleanlab, datamaps",2
Я ждала всей своей жизни на этот день.,0,Syntax,cleanlab,1
"Но время идёт, а пожара всё нет и нет.",1,0,cleanlab,1
Фотографии находятся в отличном состоянии.,1,0,ds2,1
"Ему приказано отступать, и отступает.",0,Syntax,"cleanlab, ds2",2
Он часто бывает раздражен.,1,0,ds2,1
"Власти решили не рисковать и не использовать такую меру, как отстранение губернатора от должности, вызвавшей бы непредсказуемую реакцию.",0,Syntax,cleanlab,1
Он совершенно спокойно принял возражения своего оппонента.,1,0,ds2,1
Я содрогнулся от этой мысли.,1,0,ds2,1
"Где-то в отдалении, почему-то очень волнуя сердце, шумели поезда.",1,0,ds2,1
"Я не сомневаюсь, что он, несомненно, уехал.",0,Semantics,"cleanlab, datamaps",2
"У нее болит голова, она остается дома.",0,Semantics,"cleanlab, datamaps, ds2",3
"Лоси обычно ведут себя очень тихо и боятся людей, однако они могут стать очень агрессивными, наевшись перебродивших яблок.",1,0,cleanlab,1
"Жаль, что Иван не был!",0,Semantics,"cleanlab, datamaps, ds2",3
Отклонений от нормы не было замечено.,1,0,ds2,1
"Задание, выполняющееся нами, не вызвало особых затруднений.",0,Syntax,"cleanlab, datamaps",2
Французский является её первым языком.,1,0,ds2,1
"Он сейчас направлялся в лапы той компании, о чем мы говорили.",0,Syntax,"cleanlab, datamaps",2
"Если никто понял, я объясню.",0,Semantics,"cleanlab, datamaps, ds2",3
Я тогда не могла сказать что-нибудь.,0,Semantics,"cleanlab, datamaps, ds2",3
"Я имею книгу, чтобы читать.",0,Semantics,"datamaps, ds2",2
Среди его учеников есть талантливые.,1,0,ds2,1
"Всем дано за обедом, как и в прошлом году, по пять апельсинов.",1,0,cleanlab,1
"Завтра утром мы отправляемся первым же поездом и встречаемся его, – продолжил мой начальник.",0,Syntax,cleanlab,1
Мне это стыдно.,0,Semantics,"cleanlab, datamaps",2
Я подарю ей какую-нибудь из этих книг.,1,0,ds2,1
Это даже поощряется местным правительством.,1,0,ds2,1
Ты когда-нибудь отправлял письмо экспресс-почтой?,1,0,ds2,1
Она приняла это известие очень спокойно.,1,0,ds2,1
Что ты заболел — плохо.,1,0,ds2,1
Не переходи улицы в этом месте.,0,Semantics,"cleanlab, datamaps, ds2",3
Он имеет порок сердца.,0,Semantics,datamaps,1
"Находясь в лесу, многое представляет опасность, поэтому будьте осторожны и внимательны.",0,Syntax,ds2,1
"Ни одно значимое назначение на любой пост, ни один закон, ни одно постановление в СССР не принималось без ведома Политбюро.",0,Syntax,"cleanlab, datamaps",2
"Говорят, что он ее чем-нибудь обидел.",0,Semantics,"cleanlab, datamaps",2
"Иван, к сожалению, в отпуске.",1,0,ds2,1
Дорога проходит через лес.,1,0,ds2,1
"Национальный олимпийский комитет Восточного Тимора, который был образован лишь в 2003 году, не имел оснований почему это произошло.",0,Semantics,cleanlab,1
Где это я вас встречал?,1,0,ds2,1
У него в лаборатории есть хорошие биохимики.,1,0,ds2,1
В молодости она была красивой.,1,0,ds2,1
Над столом висела картина.,1,0,ds2,1
Автобус должен отправиться ночью.,1,0,ds2,1
Это влияет на любые инициативы сдвига в какую-либо сторону.,1,0,ds2,1
"Зине кажется, что черта с два он придет.",0,Semantics,datamaps,1
"Я был в Лондоне, но не видел Машу.",1,0,ds2,1
Я одобрил Петино решение уехать.,1,0,cleanlab,1
Праздничным утром пастухи сажали позади себя на белых лошадей нарядных дам и отправились к древнеримскому амфитеатру.,0,Syntax,datamaps,1
"Умер один из авторов ""Убить Билла 3"" и его жена.",0,Syntax,"cleanlab, datamaps",2
Второй роты не приходило.,0,Semantics,cleanlab,1
"Неизвестно, была ли эта повесть никогда закончена.",0,Semantics,cleanlab,1
Оба родились в США и имеют американское гражданство и паспорта.,0,Syntax,cleanlab,1
"Мы отправляем на эту конференцию наши доклады, потому что она для нас была очень важна.",1,0,ds2,1
"Он сейчас не спит на диване, а сидит за компьютером.",1,0,ds2,1
Он сейчас посещает родственника.,0,Semantics,ds2,1
"Для кого ты не знаешь, как добыть сведения?",0,Syntax,"cleanlab, datamaps",2
В тот день он был дома ровно в шесть.,1,0,ds2,1
Рыбы не пахло.,0,Semantics,"cleanlab, datamaps",2
"Средства, отправляющиеся из центра, поступают в банки нашего города с большим опозданием.",0,Syntax,"cleanlab, datamaps",2
Я купался в горном озере.,1,0,ds2,1
"Куда, ты говоришь, он девался?",1,0,ds2,1
"Компания Buick Roadmaster Riviera создала первые по версии своего бренда ""Хардтоп"" без стоек.",1,0,datamaps,1
На ее лице выразилось презрение ему.,0,Semantics,"cleanlab, datamaps",2
Он дал ему все свое состояние.,0,Semantics,"cleanlab, datamaps, ds2",3
Иван не может успеть.,1,0,ds2,1
"Мы изучили недры Земли хуже, чем поверхность Марса или Луны.",0,Morphology,"cleanlab, datamaps",2
"В Москве люди, которые этого не понимают.",0,Syntax,"cleanlab, datamaps, ds2",3
"Я бы посоветовал вам принимать гормональные средства, если бы у вас были хорошие анализы.",0,Semantics,"cleanlab, datamaps",2
"Чтобы побеждать в словесных баталиях, нужно прекрасно владеть родным языком и иметь острый ум.",1,0,cleanlab,1
Я неделю не выходил из дому.,1,0,ds2,1
"Мы общаемся, и у нас вроде происходит какой-то благотворный взаимообмен энергиями, я это чувствую.",1,0,ds2,1
"Велосипед куплен два дня назад, но его украли.",0,Semantics,"cleanlab, datamaps",2
Общий вес пакета в орбите составил 3969 кг (8750 фунтов).,1,0,ds2,1
"Близ пустынных развалин Лакедемона встретил девушку, похожую на изваяние древней богини.",1,0,"cleanlab, ds2",2
"Полярный медведь, для развития пальто, займет тысячи поколений, может быть, 100 000 лет.",1,0,cleanlab,1
Вы пришли очень вовремя.,1,0,ds2,1
Он не был там ни разу.,1,0,"cleanlab, ds2",2
Опасность подскользнуться на льду или соскользнуть по нему вместе с тонким слоем покрывающего его снега увеличивалась с каждым шагом.,0,Morphology,"cleanlab, datamaps",2
"Я нахожусь там, где я сейчас нахожусь.",1,0,ds2,1
Он дал ему красивое и звучное имя.,1,0,ds2,1
"Иван, наверное, в отпуске.",1,0,ds2,1
После этого они начали громко смеяться.,1,0,ds2,1
"Разгадка «тонкого английского юмора» заключается в его простоте, в том факте, потому что за ним не скрывается глубокий подтекст.",0,Syntax,"cleanlab, datamaps",2
Я стою прямо рядом с метро.,1,0,ds2,1
Он пьет стакан вина.,0,Semantics,"cleanlab, datamaps",2
Я гуляю два часа.,1,0,ds2,1
Иванов не прилетел в Москву.,1,0,ds2,1
"Да его никто и не слушал, потому что Старшов смотрел на Олексина-старшего, а тот мучительно преодолел неимоверно разросшуюся застенчивость.",0,Semantics,"cleanlab, datamaps",2
Она приняла его точку зрения.,1,0,ds2,1
Она попросила дать ей денег.,1,0,ds2,1
Он получил высшее образование.,1,0,ds2,1
Пара валенков готовится три дня!,0,Morphology,"cleanlab, datamaps",2
Старые обычаи еще сохранились.,1,0,ds2,1
"Он по жизни, так что эта ситуация тоже не будет исключением, ни на что внимания не обращает.",0,Syntax,"cleanlab, datamaps",2
Она вынула из сундука маленький коврик и постелила его перед диваном.,1,0,ds2,1
"Он чувствует, что ему явно не хватает Маши.",0,Semantics,"cleanlab, datamaps",2
Он не будет есть каши.,0,Semantics,"cleanlab, datamaps",2
"Я рад, что занятий не будет.",1,0,ds2,1
"Он говорит, что именно в этот момент на дороге показался я.",1,0,ds2,1
Мы должны выжить самим.,0,Syntax,"cleanlab, datamaps",2
"Если ты требуешь, то кто-нибудь из нас поможет ей завтра.",1,0,"datamaps, ds2",2
Я принял это во внимание.,1,0,ds2,1
Дети с трудом испугались.,0,Semantics,"cleanlab, datamaps",2
"Ашот лежал поодаль от меня, спал.",1,0,ds2,1
Они часто попренебрегают фундаментальными правилами выживания.,0,Semantics,cleanlab,1
Меня включили заниматься этой проблемой.,0,Syntax,"cleanlab, datamaps, ds2",3
Он съел одну грушу.,1,0,ds2,1
После этого они начали громко разговаривать.,1,0,ds2,1
"Система консультаций часто включает в себя формальные группы, и было предложено, что обычные граждане могут быть оставлены вне цепи.",0,Hallucination,"cleanlab, datamaps",2
Сертификация Пейлетов Компании не гарантирует продажи Пейлетов Компании.,0,Hallucination,cleanlab,1
Ему это нравится самому.,1,0,ds2,1
Половина детей были больная.,0,Syntax,cleanlab,1
Он причислил меня к разряду патриотов.,1,0,ds2,1
У стола висела картина.,1,0,ds2,1
"Скажи, а нельзя постараться, чтобы Сухой Рыбак не обидел Ваню?",1,0,datamaps,1
Мы должны найти способ выжить сами.,0,Syntax,"cleanlab, datamaps",2
"Рука человека написала книгу, душа человека выразила долю своей сокровенной жизни.",1,0,cleanlab,1
Я полностью поддерживаю его идею.,1,0,ds2,1
"Я подозреваю, что там есть проход.",1,0,ds2,1
"Он знает, что волки опасны.",1,0,ds2,1
Иван показал Лене себя на фотографии.,1,0,ds2,1
Садись сюда и читай вот этот рассказ.,1,0,ds2,1
У этого животного есть зубы.,1,0,"datamaps, ds2",2
Она пришла вся мокрая.,1,0,ds2,1
"И на всех проходящих мимо напал такой страх, и все, кто был поблизости меня пустились бежать.",1,0,cleanlab,1
Она взяла из сундука небольшой коврик и постелила его перед диваном.,0,Semantics,"cleanlab, datamaps, ds2",3
"Она напомнила мне, что завтра выходной.",1,0,ds2,1
"Такое гнездо строится животными не только для себя, но и для других членов группы.",1,0,"cleanlab, datamaps",2
Кто-то из москвичек-конькобежек неудачно выступили на соревнованиях.,0,Syntax,"cleanlab, datamaps",2
"Маша, одетая в розовое платьице, выходит из подъезда и пошла вдоль по тротуару к детской площадке.",0,Syntax,"datamaps, ds2",2
"По территории парка, ставшей теперь частью заповедника, гуляло фламинго.",0,Syntax,ds2,1
"Помню радость ее, окончания войны: солнечный майский день, небо голубое, народ вывалил на улицу, все обнимаются, радуются.",0,Syntax,"cleanlab, datamaps, ds2",3
"Посыльный молча поднялся со стула и выскочил из комнаты, прихватив пустые термоса.",0,Morphology,cleanlab,1
"Неприятный мне разговор затянулся, вопреки моего ожидания.",0,Syntax,"cleanlab, ds2",2
В тот момент Ян дважды ударял Павла.,0,Semantics,cleanlab,1
"Министр пригласил журналистку, чтобы дать ей интервью.",1,0,ds2,1
"В комнату вошла женщина маленького роста, одетая в простое ситцевое платье, она была молода и довольно миловидна.",1,0,ds2,1
Неужели он сказал это вслух?,1,0,ds2,1
Теперь уравнение выглядит так.,1,0,ds2,1
Его отъезд за границу всем воспринимался как побег.,0,Syntax,"cleanlab, datamaps",2
"Подарок предназначался для Нины, но она уехала.",1,0,ds2,1
У Маши есть брат.,1,0,ds2,1
Я воспринимаю его как брата.,1,0,ds2,1
Он живет в небольшом городке на Волге.,1,0,ds2,1
Перед домом есть скамья.,1,0,ds2,1
"Только если операцию сделают немедленно, то останется еще какая-то надежда его спасти.",0,Syntax,"cleanlab, datamaps",2
Однако на собрании в Смольном мнение директора Эрмитажа было проигнорировано.,1,0,ds2,1
"Как ты хочешь, чтобы я написал?",0,Syntax,"cleanlab, datamaps, ds2",3
"Спасая ребенка, он рисковал собой во имя благородной цели.",0,Semantics,"cleanlab, datamaps",2
У меня есть сила.,1,0,ds2,1
"Конечно, против такой системы ценностей решительно ополчились совдеповские образованцы, отвергавшие всякие традиции, а тем более столь возвышенные.",1,0,datamaps,1
Он немедленно не ушел.,0,Semantics,ds2,1
"Если бы то был волчонок, было бы ясно, что он сейчас завоет.",1,0,ds2,1
"Мы будем работать над ускорением присоединения России к Всемирной торговой организации, основываясь на стандартных условиях, которые следуют другим странам.",0,Syntax,cleanlab,1
В соседнем подъезде установили новый лифт.,1,0,ds2,1
Французы всегда верны себе.,1,0,ds2,1
"Иван знает, что статья о себе появилась в газете.",0,Syntax,"cleanlab, datamaps",2
Ференцварош впервые победил Каруану и завоевал второй по величине трофей за карьеру тренера чемпионов мира WBZHSR 12972.2006 (WBA).,1,0,cleanlab,1
"Маша книгу, и Саша читает.",0,Syntax,datamaps,1
Математика и естественные науки преподавались.,1,0,ds2,1
"Я стою поблизости от Центризбиркома и наблюдаю за тем, что происходит у входа.",0,Semantics,"cleanlab, datamaps, ds2",3
Моя собеседница ушла к другому.,0,Semantics,"cleanlab, datamaps",2
Национальность — только мужчины из Италии или Америки могут стать полноправными членами семьи.,1,0,cleanlab,1
"Он увидел телегу и понял, что ее сломали и после починили.",1,0,cleanlab,1
"Я не думаю, погода изменится.",0,Semantics,"cleanlab, datamaps",2
Я купила мясо в магазине близ метро «Юго-Западная».,0,Semantics,"cleanlab, datamaps",2
Хозяина в доме не чувствуется.,1,0,ds2,1
"Если Иван-то справится, я первый буду удивлен.",0,Semantics,"cleanlab, datamaps",2
Все члены экипажа разбившегося в Италии самолета вернулись домой.,1,0,ds2,1
Травы здесь не растет.,1,0,ds2,1
Различия сандалетов с закрываемым носом и заднем задницей нужно учитывать.,0,Hallucination,cleanlab,1
"Где-то вдали, почему-то очень волнуя сердце, шумели поезда.",1,0,ds2,1
"В русских сказках заяц обычно пугливый, словно от латинского наименования вида «робкий заяц».",1,0,ds2,1
"Джефферсон Веа установил новый антирекорд по очкам для финала игры с ""Мэдисоном"" на завершающей стадии сезона.",0,Syntax,"cleanlab, datamaps",2
У нее есть молодость.,1,0,ds2,1
"Иван, к счастью, сможет прийти в редакцию.",1,0,ds2,1
"Ты прочел ""Капитанскую дочку""?",1,0,ds2,1
Девочка хочет мать купить ей куклу.,0,Syntax,"cleanlab, ds2",2
Нельзя же пропадать нечем.,0,Syntax,"cleanlab, datamaps",2
Этот мой был очень тяжелым.,1,0,"cleanlab, ds2",2
Поворота в научно-технической пропаганде не началось.,0,Semantics,"cleanlab, datamaps",2
"Чего только не было: копчёные окороки, настоящее салями, мясо, яблоки, пироги!",0,Morphology,"cleanlab, datamaps",2
Добрые люди существуют всегда.,1,0,ds2,1
"Он вдруг понял, что ей неприятны никакие подробности его домашней жизни.",0,Semantics,"cleanlab, datamaps",2
Он может воплотиться через нерождённого мальчика Джудит.,0,Hallucination,datamaps,1
"То обязательно поеду еще раз, если будет возможность.",0,Syntax,"cleanlab, datamaps",2
"Светит солнце, но все-таки холодно и но не хочется идти гулять.",0,Syntax,ds2,1
"Он пообещал прийти, но не пришел.",1,0,ds2,1
Все хлопоты я беру на себя.,1,0,ds2,1
Он даже не поздоровался.,1,0,ds2,1
Многие ценные предложения были учтены в подготовленной энциклопедии к переизданию.,0,Syntax,cleanlab,1
"Меня расстраивает, если ООН примет новый документ.",0,Semantics,"cleanlab, datamaps",2
Она раздражается все сильнее.,1,0,ds2,1
Исследователь предложил многообещающие направления лечения рака.,1,0,ds2,1
С кем Петя пришел?,1,0,ds2,1
Она как раз дописывала роман до середины.,0,Semantics,"cleanlab, datamaps",2
Студентов первого курса включили в список?,0,Syntax,cleanlab,1
"Он много построил за те годы, что был главным архитектором.",1,0,"cleanlab, ds2",2
С каким увлечением он коллекционировал марки.,1,0,"cleanlab, ds2",2
"Я знаю, что ей кто-нибудь помог.",0,Semantics,"cleanlab, datamaps, ds2",3
"Я чувствовал, что она волнуется.",1,0,ds2,1
Он получил похвальную грамоту.,1,0,ds2,1
Возьми из моего стола тезисы докладов и дай Ивану Сергеевичу.,1,0,ds2,1
"Я надеюсь, ты собрался?",1,0,ds2,1
У нашей фирмы имеется представитель в Красноярске.,1,0,ds2,1
"Брат ушел в театр, и я сижу дома.",1,0,ds2,1
Вчера мы пользовались этим прибором.,1,0,ds2,1
Охранника в кабинете не сидело .,0,Semantics,"cleanlab, datamaps",2
Он открыл шкаф и взял оттуда два больших полотенца.,1,0,ds2,1
"Автор Веверлея существовал в действительности, а не только в легендах.",1,0,cleanlab,1
Он воздержался от всех комментариев.,1,0,ds2,1
Ему завтра исполнится 60 лет.,1,0,ds2,1
Она взяла его точку зрения.,0,Semantics,"cleanlab, datamaps, ds2",3
Миша пожертвовал две тысячи долларов на благотворительность.,1,0,ds2,1
У нее был грипп.,1,0,ds2,1
"Вполне можно ожидать, что результаты этой мыслительной деятельности кремлевских экспертов окажутся, мягко говоря, нестандартными.",1,0,ds2,1
Она живет в маленьком городе близ Москвы.,0,Semantics,ds2,1
"Если потребуется, то любой из нас ей поможет.",1,0,ds2,1
Его еще не прочитал этой статьи.,0,Syntax,"cleanlab, ds2",2
У стола висели фотографии.,0,Semantics,"cleanlab, datamaps, ds2",3
"Он сидел в кресле, рядом с ним стояла недопитая бутылка вина.",1,0,ds2,1
Просто возьмите одну глотку этого лекарства.,0,Semantics,"cleanlab, datamaps",2
"Нам нужны рыночные стимулы - налог на CO2, каприз и торговля - что-то, что получает этот ценный сигнал там.",0,Hallucination,"cleanlab, datamaps",2
Гость пришел не вовремя.,1,0,ds2,1
"О, да: вы получите мой Amazing Stack шаблон абсолютно бесплатно с этой частью, Нет дополнительной платы!",0,Hallucination,datamaps,1
Я не выключала плиту.,1,0,ds2,1
"Но я имею в виду, что в дальнейшем не представляется немыслимым, что люди будут членами двух социальных сетей.",0,Semantics,cleanlab,1
Начавшийся процесс его обращения надломился и кончился трагически.,1,0,datamaps,1
Я не был дома.,1,0,ds2,1
Я находил в этом лесу рыжики.,1,0,ds2,1
"Она большая молодец — плаванием занимается, недавно выиграла соревнования.",1,0,cleanlab,1
Ты можешь научить себя вьетнамскому.,0,Morphology,"cleanlab, datamaps",2
Здесь мы сразу натолкнулись на препятствие.,1,0,ds2,1
Не принеси мне эту чашку!,0,Semantics,"cleanlab, datamaps",2
"Кто бы ни приезжали в наш городок, все поражались чистоте и опрятности, в какой содержатся дворы, улицы, пристань.",0,Syntax,cleanlab,1
Но Коле не помог его иноверец.,0,Syntax,"cleanlab, datamaps",2
Я дам за тебя жизнь.,0,Semantics,"cleanlab, datamaps",2
Его приняли в больницу.,0,Semantics,"cleanlab, datamaps, ds2",3
Он проплыл пятьдесят метров.,1,0,ds2,1
О чем ты хочешь со мной поговорить?,1,0,ds2,1
"Светит солнце и не холодно, но и не хочется идти гулять.",0,Syntax,ds2,1
Я с удовольствием имел с ним беседу.,0,Semantics,"cleanlab, datamaps, ds2",3
"Ваня думает, что Маша любит его.",1,0,ds2,1
"Вчера я была у ма мы, и она дала мне эту книгу.",1,0,ds2,1
"Стыдно, что я его не навестил.",0,Semantics,"cleanlab, datamaps, ds2",3
"А ты езжай прямо к директору театров, князю Гагарину.",0,Morphology,"cleanlab, datamaps",2
В то время он пил стакан воды.,0,Semantics,"datamaps, ds2",2
"Он дворник, помогая людям содержать двор в чистоте.",0,Syntax,"cleanlab, ds2",2
Он ищет новую секретаршу.,1,0,ds2,1
"Когда каждый высказал свою точку зрения, нами, взвесив все за и против, было принято компромиссное решение.",0,Syntax,"cleanlab, datamaps",2
"Чем расслабленней тело, тем лучше оно резонирует — за счёт этого голос более звучнее при тех же усилиях со стороны связок.",0,Morphology,datamaps,1
В данном случае наши интересы совпадают.,1,0,ds2,1
Женихов около нее вилось словно пчел около майского розана.,1,0,cleanlab,1
Как долго вам потребовалось написать отчет?,0,Semantics,"cleanlab, datamaps, ds2",3
"Прошли слухи, будто он продает квартиру.",1,0,ds2,1
Она вдруг запнулась и долго смотрит непонимающими глазами на Елену Николаевну.,0,Syntax,ds2,1
"Он делает вид, что его кто-нибудь обидел.",0,Semantics,"cleanlab, datamaps, ds2",3
У окна стояла девочка и отчаянно махала рукой.,1,0,ds2,1
"Вы можете видеть здесь, что Япония сделала?",0,Semantics,"cleanlab, datamaps",2
Неужели ты до сих пор раздражаешься?,0,Semantics,"cleanlab, datamaps",2
Она была в стороне от всех интриг.,1,0,ds2,1
За стеной кашлял человек.,1,0,ds2,1
Я не могла тогда сказать ему что-нибудь определенное.,1,0,ds2,1
Он приходил к нам на прошлой неделе.,1,0,ds2,1
Она выполнила половину вашего задания.,1,0,ds2,1
Врач пришел только к вечеру.,1,0,ds2,1
"Я не сомневался, что операция, тем не менее, увенчается успехом.",1,0,datamaps,1
Могу ли я взять напрокат ваш карандаш?,1,0,ds2,1
"Это то впечатление, которое вы хотите того, чтобы мы вынесли которое отсюда?",0,Syntax,datamaps,1
Окно было открыто час назад пятнадцать минут.,0,Semantics,"cleanlab, ds2",2
Перемен в технической политике фирмы еще не началось.,0,Semantics,"datamaps, ds2",2
Моего паспорта не было в сумке.,1,0,ds2,1
"Поодаль где-то была лужа, и, вероятно, это туда с высоты огромных деревьев поочередно сучья роняли капли.",0,Semantics,datamaps,1
"Я поднял глаза и увидел то, что высоко в небе неслись над станицей птицы.",0,Syntax,ds2,1
"Это Садуа, который пришел и подал своего медведя.",0,Morphology,datamaps,1
Я отказался от ее услуг.,1,0,ds2,1
"Я не узнал своего любимого деревца: его ветви обрубили, расположенные низко.",0,Syntax,cleanlab,1
Император поддерживал проводившуюся политику индустриализации страны министром С.Ю.Витте.,0,Syntax,cleanlab,1
"Коллега, примите больного в свою палату.",1,0,cleanlab,1
Я не всегда буду с вами.,1,0,ds2,1
"Я думаю, мы можем к нему зайти.",1,0,ds2,1
"Я вспомнил, что эта та самая гостиная, в которой не помню, о чем мы беседовали.",0,Syntax,"cleanlab, datamaps",2
Мяч уходит на угловой.,1,0,ds2,1
"Звёзды на плечах символизируют честность и достоинство человека, живущего по его принципам.",0,Syntax,datamaps,1
У этого животного есть острые зубы.,0,Semantics,"cleanlab, datamaps, ds2",3
"Он говорил очень убедительно, но у меня возникли сомнения.",1,0,ds2,1
"Дон был известен за ""надёжные"" владения мяча, плотную оборону и хороший броском.",0,Syntax,cleanlab,1
Я с трудом провел целый день дома.,1,0,ds2,1
Преподаватель предложил студенту сократить курсовую работу.,1,0,ds2,1
"Впрочем, в декабре этого же года вновь был принят в службу, теперь в Кронштадтской инженерной команде.",0,Syntax,"cleanlab, datamaps",2
Все вроде бы ходят на работу и сидят бы там подолгу.,0,Semantics,"cleanlab, datamaps",2
У нас в городе много фабрик.,1,0,ds2,1
"Он также использовался в последней сцене фильма ""Penelope"" и в трейлере фильма ""Дети мужчин"".",0,Hallucination,"cleanlab, datamaps, ds2",3
Я приняла его возражения.,1,0,ds2,1
"Клуб ""Волшебный круг"" (1964—1967 годы) ""Детское шоу"" (1964 год)!",0,Hallucination,datamaps,1
"Это не обозначает, что руководящие действия, у которых нет результатов поставленной цели, называют управлением.",1,0,cleanlab,1
У него было чувство страха перед этим человеком.,1,0,ds2,1
"Мне кажется, важнее быть честным человеком, нежели чем хорошим работником.",0,Syntax,cleanlab,1
"Если бы он вскоре не понял свою ошибку, возникла бы опасная ситуация.",1,0,ds2,1
"В путеводителе я позже вычитал, что киприоты всегда готовы приходить на нее.",0,Syntax,"cleanlab, datamaps",2
"Том пока не знает, что сделала Мэри.",1,0,ds2,1
"Не видно, чтобы он куда-либо ходил.",1,0,ds2,1
У нее интересные книги.,1,0,ds2,1
"Я точно помню, что мы тогда купались.",1,0,ds2,1
Он избегает встреч с этой женщиной.,1,0,ds2,1
Наиболее важной функцией РКА остается ее служба британской разведки.,1,0,ds2,1
Правая рука его судорожно хрустела бумажками.,1,0,ds2,1
"У дома стоял грузовик, вблизи него прямо на тротуаре сидел человек.",1,0,ds2,1
У Маши есть брат Наташи.,0,Semantics,"cleanlab, ds2",2
"Том сказал, что знает, что планирует сделать Мария.",1,0,ds2,1
"Забытые воспоминания можно вернуть, если активировать клетки, отвечающие за доступ к хранящейся информации в мозге.",0,Syntax,cleanlab,1
"Оказалось, что он жил с матерью в подмосковной деревне у канала.",1,0,ds2,1
"У Нонны горело лицо, ее даже знобило от волнения.",1,0,ds2,1
"Научившись 40 тысяч лет назад добывать огонь, развитие человечества заметно ускорилось.",0,Syntax,ds2,1
Я не воспринимаю этой музыки.,1,0,"datamaps, ds2",2
"Благодаря приёму олицетворения А.А. Фет наделяет явления природы настроениями, свойственными для людей.",0,Syntax,ds2,1
В четверг я поеду и вернусь к ней.,0,Semantics,ds2,1
Морщины у глаз не старили его.,1,0,ds2,1
Его не пришлет ответ.,0,Syntax,datamaps,1
Он долго был в отчаянии.,1,0,ds2,1
Много ребят накупили хорошую книгу.,0,Syntax,"cleanlab, ds2",2
Он так и не дал ответа.,1,0,ds2,1
Я дал ему обещание.,1,0,ds2,1
"Френель взял, что упругость остается неизменной.",0,Semantics,cleanlab,1
"Может быть, им уйти пораньше, чтобы не опоздали на поезд?",0,Syntax,"cleanlab, datamaps, ds2",3
Спроси почти любого.,0,Semantics,cleanlab,1
Оттуда привезли в последний момент взвод солдатов и военный оркестр.,0,Morphology,"cleanlab, datamaps",2
Мы первыми научились видеть дальше собственного порога и думать шире родимой околицы.,1,0,cleanlab,1
Сегодня я разговаивал с директором.,1,0,"cleanlab, ds2",2
Я был там на неделе.,1,0,ds2,1
Много горя ее матери пришлось пережить.,1,0,ds2,1
"Раменье недалеко от Москвы, всего несколько часов.",1,0,cleanlab,1
"Мальчики вошли, неся каждый по сумке.",1,0,cleanlab,1
Я приеду в субботу или в воскресенье.,1,0,ds2,1
Иван питает надежду встретиться с тобой самому.,0,Syntax,"cleanlab, datamaps",2
Он дошел от Казани.,0,Semantics,"cleanlab, datamaps",2
Однажды она встретила его принаряженной.,1,0,cleanlab,1
Послезавтра температура у больного снижается до нормы.,0,Semantics,"cleanlab, datamaps",2
"Рядом с тем местом, где стоял стул, лежал маленький коврик.",1,0,ds2,1
Я получила десять рублей.,1,0,ds2,1
У меня в саду гусеника.,0,Hallucination,"cleanlab, datamaps, ds2",3
Отказ от игры уронил его в глазах шахматистов.,1,0,ds2,1
Я принимаю его теорию гранулярного пламени.,1,0,"cleanlab, ds2",2
Здесь часто кто-нибудь занимается.,1,0,ds2,1
У него на лице улыбка.,1,0,ds2,1
Он пришел весь мокрый.,1,0,ds2,1
Ивана еще не было в таком театре.,0,Semantics,"cleanlab, datamaps",2
Кто-то из них не пришел.,1,0,ds2,1
Друзей с нами не осталось.,0,Semantics,"cleanlab, datamaps",2
Задержаны несколько десятков российских националистов.,1,0,ds2,1
"Боюсь, что он женится там на какой-нибудь француженке.",1,0,ds2,1
"Книга не только имеет познавательную ценность, но и большое воспитательное значение.",0,Syntax,cleanlab,1
"Шотландия получила титул графа Каррика, который был первым в истории.",0,Hallucination,"cleanlab, datamaps",2
Ему здорово от нее достается.,1,0,ds2,1
Он долго не думал.,1,0,ds2,1
"По-видимому, он доехал быстрее, чем думал, вследствие того что, когда я спустился во двор, на скамейке под липой уже маячила тёмная фигура. .",0,Syntax,"cleanlab, datamaps",2
"Вероятно, кто-нибудь так бы поступил при подобных обстоятельствах.",1,0,ds2,1
Я не вижу карандашей.,1,0,ds2,1
"Они, если вы захотите, вам все покажут.",1,0,"cleanlab, ds2",2
Каждая шелудивая пара сапогов находится под замком и под печатью писаря?,0,Morphology,"cleanlab, datamaps",2
"Неизвестно, где его искать, тот банк.",1,0,ds2,1
У меня возникло подозрение.,1,0,ds2,1
Я выслушала ваши извинения.,1,0,ds2,1
Завтра я прихожу к вам.,1,0,ds2,1
Он оказался очень сообразительным кем?,0,Syntax,ds2,1
"Мне все время казалось, что я говорю с тобой.",1,0,ds2,1
Я влюблен в тебя и хочу выйти за тебя замуж.,0,Semantics,"cleanlab, datamaps, ds2",3
Здесь нельзя перейти улицу.,1,0,ds2,1
Я не знаю никаких ирландских художников.,1,0,ds2,1
"Утром ходили купаться к озеру: наш излюбленный маршрут, знакомый до подробностей.",1,0,ds2,1
"Во дворце спорта есть две ледовые арены, два бассейна, большой спортивный зал.",1,0,ds2,1
"Он получил большое облегчение, узнав, что она простила ему.",1,0,ds2,1
"Должен же ты был с кем-нибудь поговорить, прежде чем начать ра боту.",1,0,ds2,1
Уже триста англичан решили на всякий случай получить страховые полиса от небесной напасти.,0,Morphology,cleanlab,1
Взглянь на рисунок и вырежи из тонкого картона точно такие же очки.,0,Morphology,"cleanlab, datamaps",2
В декабре нужно сдать годовой отчёт о работе библиотеки.,1,0,ds2,1
"Все детство я знал немецкий язык, а потом забыл.",0,Semantics,"cleanlab, datamaps",2
"Евгения в плане житейских и бытовых вещей, действительно, повзрослела и многое приобрела из того, что должно помочь ей в будущем.",1,0,cleanlab,1
"Как ты не думаешь, что я должен это готовить?",0,Syntax,cleanlab,1
Мальчику идти в школу.,1,0,"cleanlab, ds2",2
"Видите, я все средства пускаю, чтобы не быть одинокому.",1,0,ds2,1
"Потом пришли европейцы, которые убили людей и животных и уничтожили природу.",1,0,cleanlab,1
"Я полагаю, что он должен так поступить.",1,0,ds2,1
"Тот, кто сначала взял обязательство каждый день отжиматься на один раз больше и выполняет его, становится сильным!",1,0,"cleanlab, datamaps",2
"Новые катеры и водометы-толкачи гудят коротко, высоко и гнусаво.",0,Morphology,"cleanlab, datamaps",2
"Набежали тучи, и пошел дождь.",1,0,ds2,1
Деревья ниже этой травы.,1,0,"cleanlab, ds2",2
"Лишь только мы принесли пиво, вы — рыбу.",0,Syntax,"cleanlab, datamaps",2
"Я бежала, как бежит собака. .",0,Syntax,"cleanlab, datamaps",2
Я требую тебе заплатить долг.,0,Syntax,"cleanlab, datamaps, ds2",3
Они грелись у костров.,1,0,ds2,1
"Когда я вошел, он ел две груши.",0,Semantics,"cleanlab, datamaps",2
Лейтенант-коммандер Ходжкинсон получил приказ быть готовым к взлету.,1,0,ds2,1
Он сам ходит в магазин.,1,0,ds2,1
От длинных перечислений я утомился.,1,0,ds2,1
Ни одной болезни не протекает без осложнений.,0,Semantics,datamaps,1
Возле меня стояло такси.,0,Semantics,"cleanlab, datamaps",2
Плащ защитил меня от дождя.,1,0,ds2,1
"Я хорошо знал и искренне восторгался сильным и одновременно мягким, деликатным характером своего отца.",0,Syntax,"cleanlab, ds2",2
Отсутствовало всякое желание этим заниматься.,1,0,ds2,1
"Я жил хорошо, потому что в Москве.",0,Syntax,"cleanlab, datamaps",2
Он не пошел на работу.,1,0,ds2,1
Я ищу какую-то интересную пьесу по современной тематике.,0,Semantics,"cleanlab, datamaps",2
Я жду его уже полтора часа.,1,0,ds2,1
Наука ли есть история?,0,Syntax,datamaps,1
Он сейчас заходит к приятелю.,0,Semantics,"cleanlab, datamaps, ds2",3
У него есть имя.,1,0,ds2,1
"Три часа длился бой, затем гнали противника из деревни и по болоту.",0,Syntax,cleanlab,1
Начальник заставлял его работать больной.,0,Syntax,"cleanlab, datamaps",2
Выгодность сделки была очевидна.,1,0,ds2,1
Они начались заменять на электронные с 1984 года.,0,Morphology,"cleanlab, ds2",2
В лесу раздавался топор дровосека.,1,0,ds2,1
Никто обвинял не христиан и не русских.,0,Semantics,"cleanlab, datamaps",2
"Я колебался, стоит ли идти, но сильный дождь решил мое недоумение.",1,0,cleanlab,1
Костюм не был в химчистке весь год.,0,Semantics,"cleanlab, datamaps",2
"Тут он взглянул на дверь в кабинет Берлиоза, бывшую около передней, и тут, как говорится, остолбенел.",0,Semantics,"cleanlab, datamaps",2
Сегодня она была особенно молода и внушительно красива в новом го лубом капоте.,0,Semantics,datamaps,1
В театральном училище учатся артистичные и одарённые люди.,1,0,ds2,1
Петя получил разрешение уехать.,1,0,ds2,1
"Иногда просыпаюсь среди ночи и брожу до утра по спящей квартире, уговаривая себя, что все уже давно в прошлом.",1,0,cleanlab,1
"Он уже знал, что не напишет ей письма, пока не вернется в Москву.",1,0,ds2,1
Природный заповедник Альто Тахо находится в 27 км от Посады.,1,0,ds2,1
"В нашем лесу есть озеро, а в их лесу нет.",1,0,ds2,1
Нашел о чем говорить!,1,0,ds2,1
Он дал мне время кончить работу.,1,0,ds2,1
"Да, следует отметить певую странность того страшного майского вечера.",1,0,ds2,1
Иван нарушил обещание встретиться с нами сам.,1,0,ds2,1
"Он болен, никто не знал.",0,Syntax,"cleanlab, datamaps",2
"Жаль, что Ивана не было!",1,0,ds2,1
Дэйв в 12 лет начал учиться играть на гитаре.,1,0,ds2,1
"По-моему, здесь пахнет газом.",1,0,ds2,1
"Все сбились с ног, готовясь к празднику, отдавая и принимая распоряжения, ругаясь, споря, моя полы, чистя синеющим мелом темное тяжелое серебро икон.",1,0,"cleanlab, datamaps",2
Преподаватель отобрал и посоветовал учащемуся воспользоваться дополнительной литературой.,0,Syntax,"cleanlab, datamaps",2
"Вчера обнаруживается, что преступник на свободе.",0,Semantics,"cleanlab, datamaps, ds2",3
Он сидел за столом и ел несколько слив.,0,Semantics,"cleanlab, datamaps, ds2",3
Такие газопроводы не строят в течение двух лет.,1,0,ds2,1
Они попели песни рядом с кострами.,0,Semantics,"cleanlab, datamaps, ds2",3
"Это серьезная и глубокая брошюра, и читать ее быстро я не могу.",0,Semantics,"cleanlab, datamaps",2
Главный принцип вашей студии ― избегать прямого цитирования какого бы то ни было всякого стиля.,0,Semantics,"cleanlab, datamaps",2
Он отошел на 20 метров.,1,0,ds2,1
Его поступок имеет объяснение.,1,0,ds2,1
Ни одного студента не было на лекции.,1,0,ds2,1
"В американском кинофильме ""Дикая роза"" герой фильма Фрэнк Комо чуть не погиб во время полёта дирижабля с акте.",0,Morphology,datamaps,1
Не нужно мне твоих советов.,1,0,ds2,1
"Меня удивило, что он дал тебе свои деньги.",1,0,ds2,1
Кто-то бежал по аллее.,1,0,ds2,1
Разницы не усматривается невооруженным глазом.,0,Semantics,"cleanlab, datamaps",2
В этом лесу волков не водится.,1,0,ds2,1
Она взяла на себя правку корректуры.,1,0,ds2,1
"В ходе встречи с Бё Андерссоном впервые назвали невероятно глупое, практически криминальное поведение.",0,Semantics,cleanlab,1
"Эти игры, как утверждает автор, детям вредны; я думаю, что это не так.",0,Semantics,"cleanlab, datamaps",2
"Только какой-то негоциант, живший рядом с приютом и потерявший счет деньгам, ежегодно при получении из-за границы транспорта с фруктами присылал в приют ящик апельсин.",0,Morphology,"cleanlab, datamaps",2
"Мое сердце изливалось кровью, когда я видел их одними и такими счастливыми.",0,Syntax,cleanlab,1
Игодала сначала подписала Национальное письмо о намерении играть в Арканзасе.,1,0,cleanlab,1
"Количество участников сократилось до шести, что означало, что пришлось сыграть 15 матчей.",0,Morphology,cleanlab,1
Его левая рука судорожно хрустела бумажками.,1,0,ds2,1
Ученые создали органическое соединение из 1-го и второго родственных организмов.,0,Hallucination,cleanlab,1
"Белорусский биатлонист выступил в эстафете, которая завершилась на четвертом место.",0,Syntax,cleanlab,1
Ваня нигде не был.,1,0,ds2,1
Хорошо бы на этот раз он не выиграл.,1,0,ds2,1
"Десятилетие за десятилетием автомобиль становился всё более комфортным и безопасным, но в то же время наращивал массу: увеличивал габариты, оснащался различными системами безопасности.",1,0,"cleanlab, datamaps",2
"Давайте посмотрим, как это выглядит с экономической точки зрения.",1,0,ds2,1
Он отдал ему все свое состояние.,1,0,ds2,1
Я имею книгу в руке.,0,Semantics,"cleanlab, datamaps, ds2",3
Эти препараты сейчас исчезли.,1,0,ds2,1
"Кроме того, отмечается, что сюжет очень предсказуемый и не отличается от остальных многочисленных акулских фильмов.",0,Morphology,"cleanlab, datamaps",2
"В большинстве городов и общин немецкого пространства имя носит школа, европейская улица, площадь и мост.",0,Hallucination,"cleanlab, ds2",2
"Съедена последняя пачка макарон, а ты провалил вступительные экзамены в вуз и надежды на стипендию разбились.",1,0,datamaps,1
"Решал, но не решил.",1,0,ds2,1
В этом месяце он написал три статьи.,1,0,ds2,1
Он порезал мясо на мелкие куски.,1,0,ds2,1
"Оказалось, что он женат.",1,0,ds2,1
"Основные компании, принадлежащие компаниям Anheuser-Busch, находятся во владении.",0,Hallucination,cleanlab,1
"На кухне, он ясно слышал, кто-то был.",1,0,ds2,1
Она с любопытством поглядывала на меня издалека.,1,0,ds2,1
Том решил купить старый автомобиль вместо нового.,1,0,ds2,1
Способность этого человека к какой бы то ни было деятельности не вызывает сомнений.,0,Semantics,"cleanlab, datamaps",2
Колодец уж конечно вырыли вблизи дома председателя.,0,Semantics,"datamaps, ds2",2
Ваш корреспондент ведет передачу из телефонной будки около Центризбиркома.,1,0,ds2,1
"Вообще он замечательный отец, все время возится с детьми.",1,0,ds2,1
Мусин без причины не отказался приходить в суд на обжалование ареста.,0,Semantics,"cleanlab, datamaps",2
Его точка зрения на этот вопрос была высказана автором в других работах.,0,Syntax,"cleanlab, datamaps, ds2",3
Они читали жалобы друг на друга.,1,0,ds2,1
Никакого виновника не найдется.,1,0,ds2,1
"Он пошел к брату, чтобы узнать последние новости.",1,0,ds2,1
Почему ж в синтаксическом отношении не хотят видеть ничего сходного между формою именительного падежа и формами косвенных падежов?,0,Morphology,"cleanlab, datamaps",2
Поздравляю вас с Новым годом.,1,0,ds2,1
"Он думает, я его испугался.",1,0,"cleanlab, ds2",2
Мария проверяет свои сообщения на телефоне.,1,0,ds2,1
"Он почувствовал, что его определенно кто-то догоняет.",1,0,ds2,1
"Поэты сравнивают храм Покрова на Нерли с парусом, уносящемуся вдаль по безбрежным волнам времени.",0,Syntax,"datamaps, ds2",2
Вчера этим прибором пользовались.,1,0,ds2,1
"Кажется, кто-нибудь стучит.",0,Semantics,"cleanlab, datamaps, ds2",3
Я дочитал вашу рукопись.,1,0,ds2,1
Он нашел по крайней мере двух желающих?,0,Semantics,"cleanlab, datamaps, ds2",3
Я не обиделась на него за отказ.,1,0,ds2,1
Я с трудом был целый день дома.,0,Semantics,"cleanlab, datamaps, ds2",3
"Боюсь, что мне не хватит на это времени.",1,0,ds2,1
"Когда он с кем-нибудь едет в экспедицию, я спокойна.",1,0,datamaps,1
"Весь год я была толстой, а потом похудела.",0,Semantics,datamaps,1
Это были мечты моего отца.,1,0,ds2,1
"С такими, как он, часто что-нибудь случается.",1,0,ds2,1
"Отважный смотритель, рискуя жизнью, бросился наперерез понёсшегося вскачь коня.",0,Syntax,"cleanlab, datamaps",2
"Когда в разгар лета горожанам хочется убежать из каменных джунглей, кто-то из них колдует над мангалом, а кто-то добрался до диких цветов.",0,Syntax,datamaps,1
По окончанию Лицея Пушкин стал жить в Петербурге.,0,Syntax,cleanlab,1
Весь вечер она раздражалась.,0,Semantics,"cleanlab, datamaps, ds2",3
При загрузке бункера асфальтоукладчика и во время его работы не разрешается находиться вблизи боковых стенок бункера во избежание ожогов горячей смесью.,1,0,cleanlab,1
Ничего этого я не знал.,1,0,ds2,1
Полковник отдал майору приказ солдатам выдвигаться на позицию.,1,0,ds2,1
Каждую субботу она ходит в баню.,1,0,ds2,1
Я не вижу карандаши.,1,0,ds2,1
Гости были приглашены Машей.,1,0,ds2,1
Он сейчас совершает двухчасовую прогулку.,1,0,ds2,1
Она рисует хорошо и мечтает стать художньей.,0,Morphology,"datamaps, ds2",2
"В августе 2003 года, во время падения продаж, Interbrew возобновила производство каска в северо-западной части Англии, с увеличением мощности.",1,0,cleanlab,1
"Согласно легенде, кастильский вельможа дон Руис Гонсало де Толедо, граф Оргас пожертвовал этой церкви, в которой он выразил желание быть погребенным, большие сокровища.",1,0,cleanlab,1
"В конкурсе «Библиокросс» выигрывает участник, прочитающий наибольшее количество книг.",0,Syntax,"cleanlab, datamaps",2
"У нее болит голова, она осталась дома.",1,0,ds2,1
Дети на день рождения смеются.,1,0,ds2,1
"Ему повезло, что он встретил эту женщину.",1,0,ds2,1
Я бы требовал не шуметь.,0,Semantics,"cleanlab, datamaps",2
Какую Петя прочитал книгу и «Синтаксические структуры» Хомского!,0,Syntax,ds2,1
"Помещики продавали мёртвые души крестьян Чичикову, видевшего выгоду в приобретении такого товара.",0,Syntax,"cleanlab, datamaps",2
"Гость вошел в калитку, находившуюся рядом со входом в лавку, и попал в квадратный небольшой дворик.",1,0,datamaps,1
"Итак, я прихожу к вам завтра в семь.",1,0,ds2,1
Меня не было в Париже.,0,Semantics,"cleanlab, datamaps, ds2",3
"Иван не знает, что Маша уехала.",1,0,ds2,1
"Истоками музыкальных суставов могут быть общественные комнаты, которые иногда строились на плантациях, чтобы темнокожие люди могли общаться во время рабства.",0,Hallucination,datamaps,1
Парламент Канады объявил во вторник 3 января 1984 года постановление об ужесточении санкций против Туниса.,1,0,ds2,1
Солдаты получили от майора приказ полковника выдвигаться на позицию.,1,0,ds2,1
Вчера я с удовольствием была весь день дома.,1,0,ds2,1
Я взяла десять рублей.,1,0,ds2,1
Мария наконец нашла свои ключи.,1,0,ds2,1
"Увидевши в чем дело, Акакий Акакиевич решил, что шинель нужно будет снести к Петровичу.",1,0,cleanlab,1
"Это такой человек, его ни за что не переспоришь.",1,0,ds2,1
"В Мальту же, которая должна была опять сделаться достоянием ордена, император назначил коменданта и русский гарнизон из трех тысяч человек.",1,0,cleanlab,1
"Это ее решение, ее злая воля заставляют Эди стоять тут под дверью больной и сумасшедший.",0,Syntax,"cleanlab, datamaps",2
Я не могу писать стихов.,0,Semantics,"cleanlab, datamaps",2
Ее матери много горя пришлос пережить.,1,0,ds2,1
Музей предложил ввести здание для экспонирования этой коллекции.,0,Semantics,"cleanlab, datamaps",2
Раньше к нему заходили товарищи.,1,0,ds2,1
Слишком уж он серьезен.,1,0,ds2,1
Он принял чужое имя.,1,0,ds2,1
"Она, конечно, знала, что рискует, отказываясь от его предложений.",1,0,ds2,1
Перед домом стоит машина.,1,0,ds2,1
"Нет, моего брата нет дома.",1,0,ds2,1
Одна из функций мифических животных средневековья была аллегорией.,0,Syntax,"cleanlab, datamaps",2
Диксон Денхэм отправился через год и догнал экспедицию.,1,0,ds2,1
Дождь поморосил и кончился.,1,0,ds2,1
Мы могли бы это сделать.,1,0,ds2,1
"Он поясняет, что у Боба врожденный порок сердца и предположит, что у Боба была давняя ненависть к Барту.",0,Syntax,datamaps,1
"Я рад сообщить вам, что я полностью выздоровел.",1,0,ds2,1
Я был вчера на собрании.,1,0,ds2,1
"Но для того, чтобы действительно личность движения, они хотели назвать ее.",0,Hallucination,cleanlab,1
"В Чехии окончил школу астронавтики Байден, ставший впоследствии сенатором США.",1,0,"cleanlab, ds2",2
Что главный фактор победы России в Отечественной войне 1812 г.?,0,Syntax,cleanlab,1
Вскоре он не понял свою ошибку.,0,Semantics,"cleanlab, datamaps, ds2",3
Ты Маши не встретил?,1,0,"cleanlab, ds2",2
Он считает себя счастливым.,1,0,ds2,1
Зачем ты снимал перед ним шляпу?,1,0,ds2,1
Солидняк никогда не показывался возле комиссионок.,1,0,ds2,1
Том больше не выходит с Марией.,0,Semantics,"cleanlab, datamaps",2
"Вообще он замечательный город, я очень люблю там бывать.",0,Syntax,"cleanlab, datamaps, ds2",3
"Как насчет того, чтобы позвонить?",1,0,ds2,1
"Я показал этот текст студентам, обоим сведущим в эскимосском языке.",0,Syntax,datamaps,1
"Генрих Манн по праву считается одним из величайших прозаиков-реалистов, жившими в двадцатом веке.",0,Syntax,cleanlab,1
Он взял на себя покупки.,1,0,ds2,1
Они читали статьи Петра друг о друге.,0,Syntax,"cleanlab, datamaps",2
"Пентагон вложил на 1 млрд немецких марок в расширение своей базы Фильсэкке, заявил генерал.",0,Syntax,cleanlab,1
"Фильм получил смешанный, но очень положительный отзыв: сайт Almas de sustos оценил фильм в 85 процентах.",0,Syntax,datamaps,1
"То, что они здесь зарабатывают - на каком количестве они живут - это сколько они зарабатывают в день.",0,Hallucination,cleanlab,1
Дело приняло неприятный оборот.,1,0,ds2,1
"С наступлением темноты дозоры русских начинают не стрелять в ответ на каждое шевеление листьев, на каждую хрустнувшую ветку.",0,Semantics,ds2,1
"Оценка риска для здоровья — это процесс установления степени выраженности и вероятности развития неблагоприятных эффектов, обусловленные воздействием факторов окружающей среды на здоровье.",0,Syntax,cleanlab,1
Она приняла ребенка на плечи.,0,Semantics,"cleanlab, datamaps, ds2",3
"На Гаити уровень воды у побережья достиг почти 21 метра, а также идет эвакуация людей с вулкана Фуэго (San Juana).",0,Syntax,cleanlab,1
"Выявить факторы (объективные и субъективные, внутренние и внутренние), которые влияют на несоответствие фактического результата инвестирования от планируемых ранее результатов.",1,0,cleanlab,1
"Торговля реальными деньгами на виртуальном рынке выросла, чтобы стать многомиллионной индустрией долларов.",0,Semantics,"cleanlab, datamaps",2
У меня есть родители.,1,0,ds2,1
Пирог был с удовольствием испечен.,0,Semantics,"cleanlab, datamaps",2
Он взял ее за руку и потянул за собой.,1,0,ds2,1
Я читал эту статью.,1,0,ds2,1
Всего мы прошли пешком около пятисот километров.,1,0,ds2,1
Я ходил по этому шоссе.,1,0,ds2,1
Собрания не отменено.,0,Syntax,ds2,1
Он отрицает существование всех планов на этот счет.,0,Semantics,"cleanlab, datamaps",2
Мне попался хороший пример.,1,0,ds2,1
Спортсмен еще не отдыхал.,1,0,ds2,1
Иванова не будет в Москве долго.,1,0,ds2,1
Усики на горле оказались без света.,0,Hallucination,"cleanlab, datamaps",2
Ты можешь доехать до вокзала на этом автобусе.,1,0,ds2,1
"Приподнятые уголки губ придают его лицу какое-то веселое, добродушное выражение.",1,0,ds2,1
Вода наполняет бассейн до краев.,1,0,ds2,1
Иван ехал на телеге в город.,1,0,ds2,1
Она хотела манипулировать Кэрол Феррис посредством силы звёздчатого сапфира вместо планеты Замарон.,0,Syntax,cleanlab,1
Путники невольно залюбовались появившейся радугой на небе после дождя.,0,Syntax,"cleanlab, ds2",2
"Туристические маршруты, разрабатывающиеся опытными инструкторами, нравятся как россиянам, так и зарубежным путешественникам.",0,Syntax,datamaps,1
Постарайся увидеть вон ту звездочку над самой горой.,1,0,"cleanlab, ds2",2
Сильно этот поезд не опоздал.,1,0,ds2,1
Он покупает три журнала.,1,0,ds2,1
"И вы действительно попадаете в папку, которую избранный чиновник на самом деле должен прочитать.",0,Semantics,"cleanlab, datamaps",2
Тут он встает и идет к двери.,1,0,ds2,1
Мне предложили написать рецензию на эту книгу.,1,0,ds2,1
Незнакомец опять обратился ко мне.,1,0,ds2,1
"Делегация направлялась к дому известного учёного, находившийся недалеко от главной площади.",0,Syntax,cleanlab,1
Она была на несколько лет старше его.,1,0,ds2,1
Но это будет полезно и для нас.,1,0,ds2,1
"Он не поздравил ни с Новым годом, ни с Восьмым марта, ни с днем рождения Валерки.",1,0,datamaps,1
Однако пора спать: уже без четверти шесть.,1,0,ds2,1
Он быстро научился решать эти задачи.,1,0,ds2,1
В прошлом году он часто приходил сюда.,1,0,ds2,1
"На охоте неудачники, у которых всех любили накормить инспектор.",0,Hallucination,cleanlab,1
"Согласно приказа директора, победители школьной олимпиады получат дипломы и подарки.",0,Syntax,cleanlab,1
Никаких российских самолетов воздушное пространство Грузии не нарушало.,0,Semantics,"cleanlab, datamaps",2
Приказ был отдан отступать солдатам командиром.,0,Syntax,datamaps,1
Тропинка кончилась у реки.,1,0,ds2,1
"Министр обороны заявил, что французские подразделения будут выведены из Берлина.",1,0,ds2,1
Геологическая партия была на базе.,1,0,ds2,1
"В 1983 году основал компанию Bachman Information Systems, которая разработала линию программного обеспечения с помощью компьютера (CASE).",1,0,ds2,1
Никто не был дома.,0,Semantics,"cleanlab, datamaps, ds2",3
"Начинает он суетиться, начинает говорить без умолку, покрикивает на Аленку, разводит возле сторожки большой яркий костер.",1,0,ds2,1
"Они подвинулись, и я получил место рядом с ними.",0,Semantics,"cleanlab, datamaps, ds2",3
Маша сидела рядом с мужем и читала.,1,0,ds2,1
"Маша призналась, что он кончил работу только вчера, нет, позавчера.",1,0,ds2,1
"Регион Ггеркуника находится в восточной части Армении, 1500-1900 м над уровнем моря.",0,Morphology,"cleanlab, datamaps",2
У нас в институте бывают лекции по истории кино.,1,0,ds2,1
Всю следующую неделю я буду сидеть дома.,1,0,ds2,1
"Я его заметила только в очках, хотя перед глазами было лишь цветное расплывчатое пятно.",0,Semantics,datamaps,1
Я сейчас писал письмо.,1,0,ds2,1
У нее в жизни было несколько счастливых дней.,1,0,ds2,1
"Я полагаю, что он должен на ней жениться.",1,0,ds2,1
Я взял книгу и тетрадь.,1,0,ds2,1
Этот глагол при употреблении в рассмотренных условиях получает следующий дополнительный компонент.,1,0,cleanlab,1
Мой дом не стоит на горе.,1,0,ds2,1
Я считала его умнейшим человеком.,1,0,ds2,1
Где у тебя документы?,1,0,ds2,1
Он ищет какую-нибудь новую секретаршу.,0,Semantics,"cleanlab, datamaps, ds2",3
"Он врет, что читал что-либо.",1,0,"cleanlab, datamaps, ds2",3
Вчера мы применили этот метод обработки металла.,1,0,ds2,1
Я поселила ее в своей квартире.,1,0,ds2,1
"Вася жалеет, что соврал.",1,0,ds2,1
"Мне сообщили об этих планах, и они мне понравились.",1,0,ds2,1
"Только бы он быстро не понял, в чем подвох.",1,0,ds2,1
Я тоже хотел видеть Тома.,1,0,ds2,1
"Всего в 1000 метрах от порта, в 2 км от центра города и в 20 минутах езды от аэропорта Манисеса и Конвенционного центра.",1,0,"cleanlab, datamaps",2
Она смотрела себя в зеркало.,0,Semantics,"cleanlab, datamaps",2
"Доверяя политической защите, нападавшие даже не помешали бежать из Мадрида.",0,Syntax,datamaps,1
"На мировом рынке достаточно синтетических корков, которые некоторыми наблюдателями рассматриваются как компромисс между традиционными натуральными корками и авангардными винтовками.",1,0,cleanlab,1
"В мире 27 процентов компания находится во владении ""Anheuser-Busch"".",0,Syntax,cleanlab,1
У меня есть доказательства его невинности.,1,0,ds2,1
Товары этой известной фирмы пользуются неизменным покупательским.,1,0,cleanlab,1
Он не отдал мне ключа.,1,0,ds2,1
Он возмутился моим поведением.,1,0,ds2,1
На улице не идет дождя.,0,Semantics,"cleanlab, datamaps",2
"Мы отправили на эту конференцию наши доклады, потому что она для нас была очень важна.",1,0,ds2,1
Петя так и в Москве.,0,Syntax,ds2,1
"Обо всем договорились в кафе заранее, привезли залог и договорились о месте установки столов.",1,0,cleanlab,1
"Он мгновенно понял, что произошло что-то не то, причем очень изумился, потом повозмущался и умер.",0,Semantics,"cleanlab, datamaps",2
"Жирафы могут опускать шею почти до земли, чтобы попить воды, и положить себе на бедра для отдыха, отвернув назад.",0,Syntax,"cleanlab, datamaps",2
У него в отделе хорошие биохимики.,1,0,ds2,1
Его шерсть имеет красивый оттенок.,1,0,ds2,1
Журнал не был в учительской.,1,0,cleanlab,1
"Это то, что вы называете сайтом социальных новостей.",1,0,ds2,1
"И он поднял трубку, я позвонил Ване.",0,Syntax,"cleanlab, datamaps, ds2",3
У его веры был рациональный характер.,0,Semantics,"cleanlab, datamaps",2
"Ну ладно, Витька, иди, занимайся!",1,0,ds2,1
"Мария считает, что какой-то крокодил пугает ее кошку.",1,0,ds2,1
"Я едва удержался, чтобы его не ударить.",1,0,ds2,1
Одиночный альпинизм — рискованное занятие.,1,0,ds2,1
"Бебов не может связать двух слов и не понимает, что это такое.",1,0,ds2,1
"Из того, что он заработал, он много пожертвовал церкви.",1,0,cleanlab,1
Нам прислали каждому по два письма.,1,0,ds2,1
"Если в тело человека проник всякий микроб, организм выставляет на защиту всю свою систему иммунитета.",0,Semantics,"cleanlab, datamaps",2
"Он врет, что кого-нибудь убедил.",1,0,datamaps,1
Ее лицо приняло печальное выражение.,1,0,ds2,1
"Два свитера и пара джинсов, севших после стирки: пока живот не подберешь, не влезешь.",1,0,cleanlab,1
Половина детей были больными.,1,0,cleanlab,1
Я открыл дверь своим ключом.,1,0,ds2,1
"И испанский, и португальский похожи.",0,Syntax,"cleanlab, datamaps",2
В этом году родилось около 22 000 Самаранцев.,1,0,cleanlab,1
"Кого Маша заплакала после того, как Егор ударил?",0,Syntax,datamaps,1
Я не могла тогда сказать ему ничего определенного.,1,0,ds2,1
Я взяла в библиотеке книги.,1,0,ds2,1
"Тревожный человек может расслабиться и успокоиться с помощью лекарств от тревоги, и они могут помочь устранить неприятные симптомы, которые приходят с тревожностью.",1,0,"cleanlab, ds2",2
Они разговаривали не громко.,1,0,ds2,1
"Носом рыть землю перестал, я его прыскала водой за это.",1,0,cleanlab,1
"Последний указ, как я утверждаю, скоро отменят.",0,Semantics,"cleanlab, datamaps",2
У меня есть один прекрасный учитель математики.,1,0,ds2,1
В этот момент я поднял глаза.,1,0,ds2,1
Хутор находится вдалеке от леса.,0,Semantics,"cleanlab, datamaps, ds2",3
У тебя есть уродство.,1,0,datamaps,1
Через два дня меня уже не будет в Москве.,1,0,ds2,1
"При ознакомлении с трудом взрослых у детей пробуждается чувство уважения к их труду, бережное отношение к результату труда, желание быть похожему на этого человека.",1,0,cleanlab,1
Блум болен энцефалитом на греческом острове Кипр.,0,Semantics,"cleanlab, datamaps",2
Я вчера получила в ГУМе ботинки.,0,Semantics,"cleanlab, datamaps",2
Малыш уже уверенно читает слова через мягкий знак.,0,Syntax,cleanlab,1
"Бедность лишает треть населения мира возможности развивать свой потенциал и свои таланты и мешает им жить жизнью, соответствующей человеческой достоинству.",0,Syntax,datamaps,1
"Книга, что была на полке.",1,0,ds2,1
"А теперь, перейдём к непосредственному материалу и попробоваем изучить азы того самого римского счёта.",0,Morphology,"cleanlab, datamaps, ds2",3
Автобус не должен отправиться ночью.,0,Semantics,"cleanlab, datamaps, ds2",3
Вчера мне не дали это письмо.,1,0,ds2,1
Иван оставил надежду встретиться с тобой самому.,1,0,ds2,1
"Кажется, доставай тетрадь.",0,Semantics,"datamaps, ds2",2
"Привел мальчика, держа в руках книгу.",0,Syntax,"cleanlab, datamaps, ds2",3
"Он много путешествовал, участвовал в морских сражениях, плавал около берегов Африки, Азии, Америки.",1,0,cleanlab,1
Выстрелов больше не раздавалось.,1,0,ds2,1
"Ваня сомневается, чтобы вернуться.",0,Semantics,datamaps,1
"Пока мы ехали, на тройке уздечки звенели звоном.",0,Semantics,cleanlab,1
"Имеет китайское происхождение, но в указанных странах считается национальным и популярностью в качестве уличной еды.",0,Syntax,cleanlab,1
"Помогай любому, какое мне дело.",0,Semantics,"cleanlab, datamaps",2
Все утро он был раздражен.,1,0,"cleanlab, datamaps, ds2",3
Он подошел рядом со мной.,0,Semantics,"cleanlab, datamaps, ds2",3
Примите меня в свою группу.,1,0,ds2,1
"Вася сказал, что он купил мне одну книгу.",1,0,ds2,1
Больной менингитом Менетриэ не смог принять участие в собрании.,1,0,ds2,1
Колонизаторы сводят под корень — на топливо — почти все леса и устроили на их месте пастбища.,0,Syntax,"cleanlab, datamaps",2
Для командированных забронированы номера в гостинице «Звёздная».,1,0,ds2,1
"На лице ее выразилась такая глубокая, такая сокрушительная жалость, что я не знаю, мог ли бы кто-нибудь в то время глядеть на нее равнодушно.",1,0,ds2,1
Отменены какие-либо телесные наказания.,0,Semantics,"cleanlab, datamaps",2
"Иван знает, что она приехала.",1,0,ds2,1
Я смогла ему помочь.,1,0,ds2,1
"Батьку Минная играет очень интересный актер Ю. Горобец (кажется, это пока его лучшая она в кино).",0,Syntax,"cleanlab, datamaps",2
Иван читал статью о себе.,1,0,ds2,1
Руководство определило жёсткие сроки для реализации проекта.,1,0,ds2,1
Вместе с женами партизан в лагере появилось новое лицо.,1,0,ds2,1
Я был несколько раз в их квартире.,1,0,ds2,1
Я не знаю фамилию Тома.,1,0,ds2,1
"Он, возможно, знает об этом или нет?",0,Semantics,"cleanlab, datamaps, ds2",3
"Один из британских фильмов рассказывает, что Дар Адал заказал слежку.",1,0,ds2,1
До сих по бабушка любила его без памяти.,1,0,"cleanlab, ds2",2
Никого там не было.,1,0,ds2,1
Не слышалось никакого звука.,1,0,ds2,1
Я воздержался от каких-либо комментариев.,1,0,ds2,1
"Он сидел близко от меня, и я видел, что он все время что-то писал.",1,0,ds2,1
"Старинные зарадужелые стекла в рамах вспыхивали, как живые, и мне все казалось, что там, за окошками, кто-нибудь тихо плачет и скребется.",0,Semantics,"cleanlab, datamaps",2
На этот раз он не раздражал меня своими глупыми шутками.,1,0,ds2,1
В статье «Вы и ваши дети» психолог стремится привлечь внимание родителей к теме воспитания детей; для этого он рассказывал об интересных случаях из собственной практики.,0,Syntax,datamaps,1
Наш поселок расположен далеко от железной дороги.,1,0,ds2,1
Я не буду обременять его своей просьбой.,1,0,ds2,1
Они не ссорятся из-за пустяков.,1,0,ds2,1
Этот тип уже пришел.,1,0,ds2,1
"Это позволяло уменьшить размер, так и удешевит конструкцию при сохранении практически той же функциональности.",0,Syntax,cleanlab,1
Старик ловил неводом рыбу.,1,0,ds2,1
Сосед повесил кондиционер над прямо моим окном.,0,Syntax,"cleanlab, datamaps, ds2",3
"Оно бы, конечно, хорошо, чтобы «числом поболее, ценою подешевле».",1,0,ds2,1
Она дала ему свое сердце.,0,Semantics,"cleanlab, datamaps, ds2",3
Пелагея садится невдалеке на припеке.,0,Semantics,datamaps,1
"Вчера Миша купили книгу, а Коля компакт-диск.",0,Syntax,"cleanlab, ds2",2
В комнате кто-то имеется.,0,Semantics,"datamaps, ds2",2
Ему бы только спать.,1,0,ds2,1
Я считала его Борисом.,0,Semantics,"cleanlab, datamaps",2
"Когда вы мне позвонили, у меня был разговор с Иваном Сергеевичем.",0,Semantics,"cleanlab, datamaps",2
Самолет не вылетал из Москвы.,1,0,ds2,1
Он еще не прочитал эту статью.,1,0,ds2,1
У меня было платье беж из креп-марокена.,1,0,ds2,1
Ее усталые глаза смотрели вдаль.,1,0,ds2,1
"Христофоров, явившийся в ложу первым и одиноко сидевший за ее красно-бархатного барьером, чувствовал себя затерянным в огромной, разодетой толпе.",0,Semantics,"cleanlab, datamaps",2
Я воспринял его как военного.,0,Semantics,"cleanlab, datamaps",2
В коридоре стояли некоторые.,0,Semantics,"cleanlab, datamaps",2
Поговори же хоть с любым из них.,0,Semantics,datamaps,1
Он не заметил холода.,1,0,ds2,1
Я живу недалеко от метро «Калужская».,1,0,ds2,1
Левая рука его сжимала хрустящую бумажку.,1,0,ds2,1
Он скептически воспринял мое предложение.,1,0,ds2,1
"Вы его чем-нибудь рассердили? –– отозвался князь, с некоторым особенным любопытством рассматривая миллионера в тулупе.",1,0,ds2,1
Вани не было в школе.,1,0,ds2,1
Они растащили трубу по участку.,0,Syntax,"cleanlab, datamaps",2
"Мой багаж, по-видимому, прибудет следующим рейсом.",1,0,ds2,1
У меня вчера было совещание.,1,0,ds2,1
Я не могу принять такой дорогой подарок.,1,0,ds2,1
В ее библиотеке есть интересные книги.,1,0,ds2,1
Им судьбой назначено любить друг друга.,1,0,cleanlab,1
По этой причине Роберт Брайл был назван основателем современной химической мысли Дж.,0,Hallucination,datamaps,1
