text,label,error_type,predicted_label,label_quality_score
Священный синод в прошлом такие решения не принял.,0,Syntax,1,0.014036571
Сейчас картина была вывезена в Америку.,0,Semantics,1,0.014573536
Искусственные алмазы лучше поддаются ювелирной обработке из-за отсутствия природных примесей и прочной кристаллической структуры.,0,Syntax,1,0.018003467
Следы высокоорганизованной материи не обнаружены.,0,Semantics,1,0.018142108
Я не считаю уместным давать никакие указания.,0,Semantics,1,0.018264279
Павел Алексеевич уже перестал ждать всякого ответа.,0,Semantics,1,0.018959865
"Это не так уж хорошо, как вчера, если только наоборот.",0,Hallucination,1,0.019014435
"Если ты все-таки решишь любую из этих задач, то поедешь на конференцию.",0,Semantics,1,0.019738015
"Очень жаль, что ее муж он большой начальник.",0,Semantics,1,0.019832714
"Говорят, что он ее чем-нибудь обидел.",0,Semantics,1,0.02017732
Именно так и началась его гибель.,0,Semantics,1,0.020488555
Король Хуссейн не выбрал преемником Хасана.,0,Semantics,1,0.020547433
Он решил ту или иную сложную задачу.,0,Semantics,1,0.020586777
Международные соревнования по мышечному развитию проходили в соответствии с правилами соревнований.,0,Hallucination,1,0.020626193
"Хайман не хочил насиловать себя, но вступился против приказа повелителя.",0,Morphology,1,0.020824393
Рядом с местом стула лежал коврик.,0,Semantics,1,0.021004368
Начальник заставлял его работать больной.,0,Syntax,1,0.021165619
"Вообще он замечательный город, я очень люблю там бывать.",0,Syntax,1,0.021409772
"Да его никто и не слушал, потому что Старшов смотрел на Олексина-старшего, а тот мучительно преодолел неимоверно разросшуюся застенчивость.",0,Semantics,1,0.02145073
"Шарлотта, живущая в изолированном доме, попросила у себя двухлетнего сына.",0,Hallucination,1,0.02145073
"Я бы объявил, что собрание открыто.",0,Semantics,1,0.021471238
Друзей с нами не осталось.,0,Semantics,1,0.021491764
Он дошел от Казани.,0,Semantics,1,0.021532878
В сражении у Гастингса англичане потерпели поражение.,0,Semantics,1,0.021553464
Мусин без причины не отказался приходить в суд на обжалование ареста.,0,Semantics,1,0.021698097
"Не мешай, я вижу по телевизору ""Галатею"".",0,Semantics,1,0.021801986
"Люди, и без того жившие на грани нищеты, оказались лишены всяких средств к существованию.",0,Semantics,1,0.021906367
Это известие надолго лишает меня сна.,0,Semantics,1,0.022011233
Он пять лет располагал земельным участком.,0,Semantics,1,0.022011233
"Это серьезная и глубокая брошюра, и читать ее быстро я не могу.",0,Semantics,1,0.022137718
Незнакомые слова в тексте не встретились.,0,Semantics,1,0.022243667
Какой бы то ни было школьник не решит эту задачу.,0,Semantics,1,0.022264916
Я имею деньги в кармане.,0,Semantics,1,0.022286188
Любой школьник решил эту задачу.,0,Semantics,1,0.022414217
Газета «Московский комсомолец» опубликовал статью известного кинокритика.,0,Syntax,1,0.022499971
Том удалил свой фальшивый медведь.,0,Hallucination,1,0.022521459
"Эту иконку надо было класть отцу под подушку, и тогда он быстро выздоровит.",0,Morphology,1,0.022607611
За тот год добыча угля не возросла на 10 млн тонн.,0,Semantics,1,0.0226292
Никто был не твоим должником.,0,Syntax,1,0.022759156
"Директриса сидела с той же вежливой улыбочкой, не пророняя ни слова.",0,Morphology,1,0.022759156
Иван не понимает мое желание идти на вечер один.,0,Syntax,1,0.022759156
"Меня расстраивает, если ООН примет новый документ.",0,Semantics,1,0.022802636
"У меня была возможность все видеть, сам оставаясь незамеченным.",0,Syntax,1,0.022889841
"Когда вы мне позвонили, у меня был разговор с Иваном Сергеевичем.",0,Semantics,1,0.022889841
Его еще не прочитал этой статьи.,0,Syntax,1,0.023087243
Удачная переработка рукописи длилась несколько лет.,0,Semantics,1,0.02317551
"Одним словом, мне невыразимо тяжело было иметь с ним всякие отношения.",0,Semantics,1,0.023286304
Примерно в это же время он и переехал в Вене.,0,Syntax,1,0.023308527
Вы явно не читали эту книжку?,0,Semantics,1,0.023487046
"Решая всякую частную задачу, надо думать о языке в целом.",0,Semantics,1,0.023576804
"Он выдвинул планы по созданию военных баз на арктической границе, чтобы «гарантировать военную безопасность в различных военно-политических ситуациях».",0,Semantics,1,0.023666894
"Неизвестно, была ли эта повесть никогда закончена.",0,Semantics,1,0.023666894
"Я принимаю предложение, которое вы сделали Ивану Сергеевичу.",0,Semantics,1,0.023689471
У тебя в голове есть каша.,0,Syntax,1,0.023734689
Ее голос стал горькой ноткой.,0,Semantics,1,0.023802664
Загранпаспорт необходимо заменить по истечению срока его действия.,0,Syntax,1,0.023870835
На первом этаже громко работал телевизор: продолжается неудачное ограбление банка.,0,Semantics,1,0.023870835
"Впрочем, в декабре этого же года вновь был принят в службу, теперь в Кронштадтской инженерной команде.",0,Syntax,1,0.023939194
Всякий молоток найдется.,0,Syntax,1,0.024030639
Том не собирается продать свой дом.,0,Morphology,1,0.024099445
Я считала его Борисом.,0,Semantics,1,0.024122424
Поворота в научно-технической пропаганде не началось.,0,Semantics,1,0.024145423
"Я видел желтое пятнышко, но не понял, что это оно.",0,Semantics,1,0.024168445
Том не пытается вас впечатлять.,0,Morphology,1,0.024237636
Чиновник росчерком пера позволил им стать миллионером.,0,Syntax,1,0.024237636
Имеется в виду экспериментальная комната лаборатории психологии младшего школьника 138-й школы.,0,Syntax,1,0.02428387
Это обнажило мне суть явления.,0,Semantics,1,0.02428387
Я тогда не могла сказать что-нибудь.,0,Semantics,1,0.024307018
Какой-нибудь человек всегда должен об этом помнить.,0,Semantics,1,0.024330191
Ценность сведений установилась на основе предпочтений.,0,Semantics,1,0.024353385
"Я сказал вам, когда наступит время.",0,Syntax,1,0.024376595
Я принимаю землетрясение как способ зондирования земной коры.,0,Semantics,1,0.0245397
Ты находил свои ключи?,0,Semantics,1,0.024563087
"Этот прибор может принести много пользы, если работая правильно.",0,Syntax,1,0.024563087
Начальник заставлял его работать больному.,0,Syntax,1,0.024680352
"Если Иван, к сожалению, в отпуске, вам придется ждать до сентября.",0,Semantics,1,0.024727408
Мы имели возможность работать каждому со своим материалом.,0,Syntax,1,0.024727408
"Браконьерам, нарушающих закон, грозит серьёзный штраф.",0,Syntax,1,0.02479816
Я взял ручку двери.,0,Semantics,1,0.0248928
Это произошло на этот раз.,0,Syntax,1,0.024940256
Я ждала всей своей жизни на этот день.,0,Syntax,1,0.024964012
"Осетровые рыбы, как я считаю, утратили свой былой вкус.",0,Semantics,1,0.025130948
Генерала не выдали испанскому прокурору предать суду за совершенные преступления.,0,Syntax,1,0.025154885
Мы должны найти способ выжить сами.,0,Syntax,1,0.025202822
Том едет туда каждый день.,0,Semantics,1,0.025274899
Последующие события подтвердили мне его правоту.,0,Semantics,1,0.02539547
"Поместите его обратно туда, где он был.",0,Semantics,1,0.025419652
"По-видимому, прибытие корабля стоит ожидать ближе к сегодняшнему вечеру.",0,Syntax,1,0.025468081
Маша считает этот суп достаточным.,0,Semantics,1,0.025565214
"Было в ней и скромность, и изящество, и достоинство.",0,Syntax,1,0.025613915
Страны НАТО хотят взять с Ирана обязательство не применять ядерное оружие первый.,0,Syntax,1,0.025613915
Возьми из моего кармана пакет и выброси в окно.,0,Semantics,1,0.025613915
"Писатель пригласил журналистку, чтобы взять у него интервью.",0,Syntax,1,0.02576056
Войну и мир писал Толстой.,0,Semantics,1,0.02576056
Ты когда-нибудь ехал в Коломенское?,0,Semantics,1,0.025809621
Ночь была дождливая и темна.,0,Syntax,1,0.025858777
Из этого материала мы получим красивые платья.,0,Semantics,1,0.025858777
Категорически запрещалось вступать с ними во все разговоры.,0,Semantics,1,0.025883388
После этого он утратил какой-либо интерес к происходящему.,0,Semantics,1,0.025932675
Газифицированные украинские земли начинают влиять друг на друга.,0,Semantics,1,0.025982061
Завтра будем ездить во Внешторгбанк.,0,Semantics,1,0.026006784
"Я не принимаю его за крупного ученого, хотя и знаю, что это так.",0,Semantics,1,0.026056303
"Вот почему Бог не даст ей преподавать, не даст ей делать ничего в церкви, кроме оставаться на месте с замаскированным лицом.",0,Syntax,1,0.026056303
Она смотрела себя в зеркало.,0,Semantics,1,0.026105914
"Он купит машину, если только не пропьет всех денег.",0,Semantics,1,0.026105914
В ходе заседания парламента Пятой республики он был председателем консультативного комитета.,0,Semantics,1,0.026105914
Он говорил об упразднении каких-либо званий.,0,Semantics,1,0.026130756
"Мне сообщили об этих планах, и они понравились.",0,Syntax,1,0.026130756
"Спасительный оазис то показывался, то исчез снова.",0,Syntax,1,0.026155619
"Хорошо, что он купил что-нибудь.",0,Semantics,1,0.026180506
Я долго питаю к ней нежные чувства.,0,Semantics,1,0.026180506
"И испанский, и португальский похожи.",0,Syntax,1,0.026180506
Автобус имеет высокие подножки и низкие динамические показатели.,0,Syntax,1,0.026205413
В парке этим днем мало посетителей.,0,Semantics,1,0.026230346
Он отказывался от каких-либо предложений.,0,Semantics,1,0.026230346
После этого она получила к нему доверие.,0,Semantics,1,0.0262553
"Он пробежал эту дистанцию за 10 секунд и, таким образом, взял преимущество над своими соперниками.",0,Semantics,1,0.0262553
Ряд исследований посвящены проблеме интерпретации текстов.,0,Syntax,1,0.0262553
К четырёхстам грузовикам прибавилось столько же легковых машин.,0,Morphology,1,0.026305282
"Трое вакуумщиков действительно ходили как пленные звери рядом со своими насосами — у них был срочный заказ, и их уже вторые сутки не пускали спать.",0,Semantics,1,0.026380423
"Если ты требуешь, то любой из нас ей поможет.",0,Semantics,1,0.026380423
"В музее Екатеринбурга нашли все колокола, изъятые по закону 1930 года о коллекторах.",0,Syntax,1,0.026480937
Я не просил его никого слушать.,0,Semantics,1,0.026556572
"Это плохой уровень организации работы, который не позволяет войти на мировые рынки.",0,Semantics,1,0.026556572
"Новые катеры и водометы-толкачи гудят коротко, высоко и гнусаво.",0,Morphology,1,0.026556572
"И вы действительно попадаете в папку, которую избранный чиновник на самом деле должен прочитать.",0,Semantics,1,0.026607107
Завтра мы слышим оперу.,0,Semantics,1,0.026607107
Ты должен взять любую из этих книг.,0,Semantics,1,0.026607107
Церковь Спаса на Нередице разрушена во время Второй мировой войны.,0,Semantics,1,0.02668309
Она воздержалась от всяких комментариев.,0,Semantics,1,0.02668309
"Мне кажется, важнее быть честным человеком, нежели чем хорошим работником.",0,Syntax,1,0.026733862
"За легкой стеной палатки, прямо возле моей головы, лежало гречишное поле.",0,Semantics,1,0.026759284
"Счастье — слишком сложный психический феномен, которого не стоит сводить к какому-то одному условию, будь то ощущение стабильности, карьерные успехи или любовь.",0,Syntax,1,0.026759284
В понедельник в Москве хоронили известных программиста и журналиста Владимира Сухомлина.,0,Syntax,1,0.026810195
В ряде стран Европы и других регионов не разрешили продажу безочистного горчичного масла.,0,Morphology,1,0.026861202
"Иван закрыл глаза, чтобы он не увидел происходящего.",0,Syntax,1,0.026937889
"Спасая ребенка, он рисковал собой во имя благородной цели.",0,Semantics,1,0.0269635
Отменены какие-либо телесные наказания.,0,Semantics,1,0.0269635
Мой паспорт не был в сумке.,0,Semantics,1,0.027014794
"Лицо ― длиньше, чем надо, а тело ― короче.",0,Morphology,1,0.027014794
Я имел с ним беседу только ради Вас.,0,Semantics,1,0.027014794
Весь год нуждался в отдыхе.,0,Semantics,1,0.02704047
Возьми мне из ее чемодана полотенце.,0,Semantics,1,0.027091904
Это сочетание не имеет смысл.,0,Semantics,1,0.027117655
Окончательная ребрендация MTV должна быть завершена к 2011 году.,0,Morphology,1,0.027195055
"Когда я завтра приду в институт, я поговорю об этом с кем угодно.",0,Semantics,1,0.027195055
На полу имеются окурки.,0,Semantics,1,0.027220903
Иван принял решение пойти на встречу одному.,0,Syntax,1,0.027246771
Я не воспринимаю этого человека.,0,Semantics,1,0.027246771
Ребята накупили хорошую книгу.,0,Syntax,1,0.027402505
Арчер встречает его в доме Элена.,0,Syntax,1,0.027428543
Арбитражный суд согласился под этим выводом.,0,Syntax,1,0.027480692
"Я видел, что он, кажется, был расстроен.",0,Semantics,1,0.027506804
Не держал ли он в руках газеты?,0,Semantics,1,0.0275591
Усики на горле оказались без света.,0,Hallucination,1,0.0275591
"Говорю тебе, что немедленно отправляйся домой.",0,Semantics,1,0.027585285
"Он был внимательнее, чем никогда прежде.",0,Semantics,1,0.027585285
"Я уверен, что он наверное прав.",0,Semantics,1,0.027585285
"В Москве люди, которые этого не понимают.",0,Syntax,1,0.02761149
Президент Таджикистана пообещал укрепление государственного языка до всех уровней.,0,Syntax,1,0.02761149
"Он заставлял жен плясать напоказ голые в будние дни, после чего обменивал их на оружие или на филейную часть мамонта.",0,Syntax,1,0.027690258
Через неделю на этой же сопке я увидел их обоими.,0,Syntax,1,0.027848449
"Эти варианты поведения не одобряются обществом, предпочитавшим принцип равной безопасности.",0,Syntax,1,0.027848449
Публика с возмущением приняла его выступление.,0,Semantics,1,0.0278749
Я имею книгу в руке.,0,Semantics,1,0.027927876
У нас гостей не обедало.,0,Syntax,1,0.027927876
Тебе надо как следует переотдохнуть.,0,Morphology,1,0.027954401
Я изловчился схватить пса за ошейник.,0,Syntax,1,0.027954401
"Мы собрались вместе, чтобы все разобраться в этом деле.",0,Syntax,1,0.028007522
"Президент заявил, что у России достаточно сил для проведения профилактических забастовок.",0,Semantics,1,0.028034119
"Я знаю, что ей кто-нибудь помог.",0,Semantics,1,0.028087387
Присутствие кошек в древней китайской деревне доказывает о давнем взаимовыгодном сожительстве этих животных с людьми.,0,Syntax,1,0.028140754
От дождей до деревни трудно добраться.,0,Semantics,1,0.02824778
"В том году она принесла мне письма, которые до сих пор никому не показывала.",0,Semantics,1,0.028355205
"Личная жизнь Шульженко тоже складывалась непросто, она рассказывала, что официально замужем была только один раз.",0,Syntax,1,0.028382124
Мне казалось больным ступать босиком по камешкам.,0,Semantics,1,0.028463027
В эту минуту отчет был проверен.,0,Semantics,1,0.028490044
У него не было причин ничего менять.,0,Semantics,1,0.028490044
"Все, что Том делает, это смотреть телевизор.",0,Syntax,1,0.028598359
Я всю косметику со всяким ароматом убрала.,0,Semantics,1,0.02865267
"Клиент был согласен на данные условия, после чего обе стороны подписали договора накопительного страхования.",0,Morphology,1,0.02865267
"Иван знает, что статья о себе появилась в газете.",0,Syntax,1,0.028734319
Вдалеке стояли мы с Володей.,0,Semantics,1,0.028761588
"Френель взял, что упругость остается неизменной.",0,Semantics,1,0.028816199
Мне еще решить задачу.,0,Syntax,1,0.028843539
Он живет в небольшом городке у Волги.,0,Semantics,1,0.028843539
Ты когда-нибудь находился в Казани?,0,Semantics,1,0.028870907
Главный принцип вашей студии ― избегать прямого цитирования какого бы то ни было всякого стиля.,0,Semantics,1,0.028953161
"Если у вас нет способностей, то нет никого, кто вам поможет.",0,Semantics,1,0.028980628
Современная молодежь для физического самосовершенствования выбирают фитнес−центры по месту жительства.,0,Syntax,1,0.028980628
"Нельзя было не заметить, что толпа на площади гуляют с какой-то лихорадочной бодростью.",0,Syntax,1,0.029035643
Просто возьмите одну глотку этого лекарства.,0,Semantics,1,0.029063188
Н.С. Михалков недавно еще раз выразил свое желание быть похоронен здесь.,0,Syntax,1,0.029118354
Я не обнаруживал признаков жизни.,0,Semantics,1,0.029145973
"В этот момент он думает, что мы уехали.",0,Semantics,1,0.029256707
В это время мы сидели у стола и обедали.,0,Semantics,1,0.029284457
Он плотно захлопнул дверь.,0,Semantics,1,0.02931223
Я это не знаю.,0,Semantics,1,0.02931223
Было получено эти два извещения.,0,Syntax,1,0.029367855
"Нам, к всеобщей радости, оплатили сверхурочную работу и отпустят отдыхать.",0,Syntax,1,0.029395705
Оттуда привезли в последний момент взвод солдатов и военный оркестр.,0,Morphology,1,0.029395705
Для нихсударственных организаций разработали метод анализа бюджетов для разрешения конфликтов с женщинами.,0,Morphology,1,0.029535338
Международная комиссия МОК может отменить решение о признании Байкала регионом РФ.,0,Hallucination,1,0.029563345
У этих янителей есть нравственная воля делать добро другим людям.,0,Morphology,1,0.029563345
Я дала тебе свое сердце.,0,Semantics,1,0.029563345
Я взял пылинку со шляпы.,0,Semantics,1,0.02964751
"Получив начальное домашнее образование, Гринёва отправили на службу в Белогорскую крепость.",0,Syntax,1,0.02964751
"Я знаю, что он, несомненно, прав.",0,Semantics,1,0.02967562
Мне это стыдно.,0,Semantics,1,0.02967562
Иван питает надежду встретиться с тобой самому.,0,Syntax,1,0.029760094
Это был умный Иван Иванович.,0,Semantics,1,0.029844802
Способность этого человека к какой бы то ни было деятельности не вызывает сомнений.,0,Semantics,1,0.029844802
"Власти решили не рисковать и не использовать такую меру, как отстранение губернатора от должности, вызвавшей бы непредсказуемую реакцию.",0,Syntax,1,0.029901406
"После комы мало чей мозг работает так, как работал до комы.",1,0,0,0.029958114
"Если все инженеры могут выполнить эту работу, то зачем приглашать какого-то знаменитого специалиста.",0,Semantics,1,0.029958114
"Ребята быстро ушли, чтобы сами не принимать участия в беседе на такую спорную тему.",0,Syntax,1,0.029986506
Он отрицает существование всех планов на этот счет.,0,Semantics,1,0.03004337
"Насупившийся, переполненный эмоциями Дашевский не был расположен выслушивать никакие оправдания.",0,Semantics,1,0.03007184
Я не люблю кого-либо.,0,Semantics,1,0.030128865
В данный момент я разговаривал с директором.,0,Semantics,1,0.03015741
Моя дочь тщательно не оделась.,0,Semantics,1,0.030357992
"Уверен, что завтра что-нибудь не случится.",0,Semantics,1,0.030357992
"Два свитера и пара джинс, севших после стирки: пока живот не подберешь, не влезешь.",0,Morphology,1,0.03038675
Я рискую опозданием на семинар.,0,Semantics,1,0.030444348
Он всегда знает английский язык.,0,Semantics,1,0.030502053
"Их машина остановилась у города Харьков, а затем двинулась дальше.",0,Semantics,1,0.030588808
Близ него стояла молодая женщина в черном платье.,0,Semantics,1,0.030588808
"Система консультаций часто включает в себя формальные группы, и было предложено, что обычные граждане могут быть оставлены вне цепи.",0,Hallucination,1,0.03061778
Не сохранили чего бы то ни было.,0,Semantics,1,0.03061778
"Она попросила меня выяснить причины конфликта, сам не вмешиваясь в него.",0,Syntax,1,0.030646777
Она редко о чем-то мечтает.,0,Semantics,1,0.030646777
Когда же выпадал этот снег?,0,Semantics,1,0.030675802
"Я опасаюсь, что он, может быть, забудет.",0,Semantics,1,0.03073393
Почему не пригласили Маши?,0,Syntax,1,0.030938225
Врач оставил с больными медсестру позвать в случае необходимости.,0,Syntax,1,0.030967515
Он ищет какую-нибудь новую секретаршу.,0,Semantics,1,0.030996833
"Средства, отправляющиеся из центра, поступают в банки нашего города с большим опозданием.",0,Syntax,1,0.031084951
"Скрою, он мне понравился.",0,Semantics,1,0.031143833
Они растащили трубу по участку.,0,Syntax,1,0.031173307
"Ваш телефон звонит несколько раз, когда вы были в духе.",0,Syntax,1,0.031202815
"Я не думаю, погода изменится.",0,Semantics,1,0.031202815
В эту минуту роман был прочитан.,0,Semantics,1,0.031232351
Я принимаю белье в прачечную.,0,Semantics,1,0.031261913
"Мне давали квартиру поблизости от химического завода, но я отказался.",0,Semantics,1,0.031291503
"Хотелось бы подтвердить выводы на данных, полученных экспериментальным путём.",0,Syntax,1,0.03132112
Она приняла твердую точку зрения.,0,Semantics,1,0.03132112
Поколение наших отцов и дедов с недоверием воспринимали реформы.,0,Syntax,1,0.03132112
"Он назначил отъезд на время 20 августа, и в назначенный час императорский поезд тронулся к границе.",0,Semantics,1,0.031410124
Почему ж в синтаксическом отношении не хотят видеть ничего сходного между формою именительного падежа и формами косвенных падежов?,0,Morphology,1,0.03143985
Он взял на себя бег.,0,Semantics,1,0.031469602
"Как вы знаете, что я этого не сделал?",0,Semantics,1,0.031469602
Она побежала в глубь коридора и чуть не потеряла туфель.,0,Morphology,1,0.03152919
"Мы – его ученики – шли на урок, чтобы послушать его, чтобы прикасаться к новому и неизведанному, чтобы поделиться тем, что нас волнует.",0,Syntax,1,0.031618766
"Она долго бежала рядом с забором, а потом повернула налево.",0,Semantics,1,0.031648684
"Позднее был Генеральным секретарем Минфина до 23 июля 2001 г., когда был назначен министром молодежи и спорта.",0,Syntax,1,0.031648684
"Национальный олимпийский комитет Восточного Тимора, который был образован лишь в 2003 году, не имел оснований почему это произошло.",0,Semantics,1,0.031708598
Они встречались несколько минут.,0,Semantics,1,0.03173859
"Он мечтал, как выследить тигра.",0,Semantics,1,0.031768616
"Тут он взглянул на дверь в кабинет Берлиоза, бывшую около передней, и тут, как говорится, остолбенел.",0,Semantics,1,0.031858858
"Когда ты позвонил, я открывал окно.",0,Semantics,1,0.03191915
"Главное, на чём следует сосредоточиться и разобраться при разработке плана проекта, — это возможные риски.",0,Syntax,1,0.03194934
Никто даже не обратил внимания на заваленную тумбочку вещами.,0,Syntax,1,0.03197956
"Последний указ, как я утверждаю, скоро отменят.",0,Semantics,1,0.032009806
Не переходи улицы в этом месте.,0,Semantics,1,0.03216145
Эта церковь всегда стояла на холме.,0,Semantics,1,0.032191858
Я взяла ее в свою комнату.,0,Semantics,1,0.032222297
Его точка зрения на этот вопрос была высказана автором в других работах.,0,Syntax,1,0.032283258
"Он поднял свой рюкзак рукой, взял фонарик и стал искать инструмент.",0,Semantics,1,0.032313783
Во вторник крепость окружена противником.,0,Syntax,1,0.032313783
"Эти библиотеки распространяются непосредственно от их авторов, скачиваются через интернет.",0,Syntax,1,0.032313783
"Как ты думаешь, что он починил машину?",0,Syntax,1,0.032405518
"Пересшила она это платьишко, отделала его кое-где кружевцами, и чудесное платьице вышло.",0,Morphology,1,0.032405518
В последнее время он спал.,0,Semantics,1,0.032497503
Он был убит в результате немецкого огня в защиту Киева 20 сентября 1941 года.,0,Semantics,1,0.032589745
"На аукционе в Москве появились коллекции живописей, графиков и фотографий.",0,Morphology,1,0.032713126
Очень рады будем видеть вас у нас этой субботой.,0,Semantics,1,0.032867983
Я требую тебе заплатить долг.,0,Syntax,1,0.032867983
"По-видимому, он доехал быстрее, чем думал, вследствие того что, когда я спустился во двор, на скамейке под липой уже маячила тёмная фигура. .",0,Syntax,1,0.03305475
"Говорю, что это я написал тебе записку, потому что хочу, чтобы ты знала.",0,Semantics,1,0.033148516
"Он делает вид, что его кто-нибудь обидел.",0,Semantics,1,0.03330537
Близ стола стояло большое кресло.,0,Semantics,1,0.03330537
"Поскольку это наша собственная торговая платформа, нашим трейдерам не нужно арендовать у сторонних поставщиков.",0,Syntax,1,0.03336831
Дай мне тот стакан воды.,0,Semantics,1,0.033431366
Покеру он принял свое решение посвятить все свое время.,0,Syntax,1,0.033462934
"Кричала, что будьте вы прокляты.",0,Semantics,1,0.033462934
"Стыдно, что я его не навестил.",0,Semantics,1,0.033526164
"Ему так послышалось, чтобы потом жаловаться на нашу грубость.",0,Syntax,1,0.03355782
"Едва Степан Трофимович остановился и пригляделся к скользившим белым облачкам по небу, как вдруг услышал лёгкий шорох.",0,Syntax,1,0.033621218
В Екатеринбурге построили первый в России шоколадовый комбинат.,0,Morphology,1,0.033684738
Сейчас как раз есть одно из занятий по английскому языку.,0,Semantics,1,0.033716537
Ее устраивает в Париже.,0,Syntax,1,0.03378023
"Он все время что-то придумывает, чтобы на уроке интересно.",0,Semantics,1,0.03378023
Он посильнее всех.,0,Morphology,1,0.033812113
Он работал на кирпичном заводе у деревни «Малые Вяземы».,0,Semantics,1,0.03384404
"Он стал торопливо размышлять, как бы более точнее ответить священнику и при этом не обидеть его.",0,Morphology,1,0.033907957
"Точно что вы хотите, чтобы я сделал?",0,Syntax,1,0.033907957
"В итоге эти ученые рассматривают HTML как контейнерный язык, следующий иерархичной модели.",0,Syntax,1,0.03400406
"Netflix выпустил ""Антимайдановскую полицию"" вместе со снайперским оружием.",0,Hallucination,1,0.03400406
Пирог испечен с трех до пяти.,0,Semantics,1,0.034036156
Есть ли много животных в зоопарке?,0,Syntax,1,0.03410043
У стола висели фотографии.,0,Semantics,1,0.034132607
"Когда ты позвонил, я не читал твоей статьи.",0,Syntax,1,0.034164816
"Он чувствует, что ему явно не хватает Маши.",0,Semantics,1,0.034261618
Мне было легко верить кому-нибудь из них.,0,Semantics,1,0.034261618
Все вроде бы ходят на работу и сидят бы там подолгу.,0,Semantics,1,0.03465149
"Не должно быть подозрений, что судью привлекают только потому, что он высказал свое критическое отношение к каким бы то ни было действиям самой государственной власти.",0,Semantics,1,0.034716886
"Мы должны родить Мари до тех пор, пока она не будет в порядке.",0,Hallucination,1,0.034716886
"К счастью, выздоровление не должно быть сложным: как правило, пациенты быстро приходят в себя после таких операций.",0,Syntax,1,0.034782395
"Фёдор и Николс играли на гитаре, басу и барабане.",0,Morphology,1,0.034815196
"Если процент по кредитованию не будет централизованно снижаться, об этом говорит Алексей Корнеев.",0,Syntax,1,0.034848027
"А ты ехай прямо к директору театров, князю Гагарину.",0,Morphology,1,0.034848027
"Он ожидал, что королева пригласит себя выпить кофе.",0,Syntax,1,0.034848027
Солдаты грелись поблизости от костров.,0,Semantics,1,0.0349467
Самая востребованная профессия была программистом.,0,Syntax,1,0.0349467
"То, что они здесь зарабатывают - на каком количестве они живут - это сколько они зарабатывают в день.",0,Hallucination,1,0.0349467
"Он только что услышал исполнение первой и четвертой симфоний Бетховена, пришел на сцену и представил себя.",0,Syntax,1,0.035012625
"Оценка риска для здоровья — это процесс установления степени выраженности и вероятности развития неблагоприятных эффектов, обусловленные воздействием факторов окружающей среды на здоровье.",0,Syntax,1,0.035078675
"Погода, ей кажется, плохая.",0,Semantics,1,0.035111744
"Я не могу бежать, у меня есть чемодан.",0,Semantics,1,0.03521114
Мое тело белело в темноте.,0,Semantics,1,0.035244323
"Но их лидер способен бежать, оставляя почти всю арестную команду мертвой или раненной.",0,Semantics,1,0.035344075
"Янтарный свет начал мерцнуть, да и тело шефа благополучно погасло.",0,Semantics,1,0.03541073
"По одной из версий, именно за умелое правление и заботу к доставшемуся наследству Иван Данилович получил прозвание Калита.",0,Syntax,1,0.0355444
У командира был обычай сам принимать все доклады.,0,Syntax,1,0.035611413
"Когда она была построена, до сих пор неизвестна.",0,Syntax,1,0.035644967
"И на всех проходящих мимо напал такой страх, и все, кто был близ меня пустились бежать.",0,Semantics,1,0.035712164
У нас сейчас есть урок.,0,Semantics,1,0.035745807
"Миша воображает, что его кто-нибудь понял.",0,Semantics,1,0.03577949
Иван дал обещание самому встретиться с нами.,0,Syntax,1,0.03581319
Такой поступок возмутил бы кого-нибудь.,0,Semantics,1,0.03581319
Очки лежали у книги.,0,Semantics,1,0.03581319
"Хотя он всегда с собой кого-то брал, на случай поломок или возможных недоразумений, но автомобилем он правил сам.",0,Semantics,1,0.03584693
Мы пойдем ни до чего.,0,Syntax,1,0.035880696
Его принцип отвергает какое-либо облучение мозга.,0,Semantics,1,0.03594832
Она как раз дописывала роман до середины.,0,Semantics,1,0.035982184
Вы решили назвать своего нового ребенка?,0,Syntax,1,0.035982184
Французский мы посмотрели этот фильм.,0,Syntax,1,0.03604999
"Она с грустью сказала, что у нее еще нет модных сапогов на предстоящую осень.",0,Morphology,1,0.03608394
"Вы можете видеть здесь, что Япония сделала?",0,Semantics,1,0.036117923
С каким напряжением она была свидетелем этой сцены.,0,Semantics,1,0.0362883
"Будьте вы повнимательней, ошибка была бы исправлена.",0,Syntax,1,0.0362883
"Христофоров, явившийся в ложу первым и одиноко сидевший за ее красно-бархатного барьером, чувствовал себя затерянным в огромной, разодетой толпе.",0,Semantics,1,0.036356665
Пришел мужик в лес и рубил дрова.,0,Semantics,1,0.03642515
Я нипочему не приехала.,0,Semantics,1,0.036459442
"И каждый раз, когда раздавался любой звук, старуха вздрагивала.",0,Semantics,1,0.036700353
Лена пообещала больше не ездить туда одной.,0,Syntax,1,0.036700353
Ваня не был дома.,0,Semantics,1,0.036769465
"Раньше я вымыла пол, а потом пошла гулять.",0,Semantics,1,0.036769465
"Телега сломана два дня назад, но сегодня ее починили.",0,Semantics,1,0.03680407
Мне было приятно обращаться к кому-нибудь с такой просьбой.,0,Semantics,1,0.036838703
Его отъезд за границу всем воспринимался как побег.,0,Syntax,1,0.03687337
"Олеся стояла в саду и любовалась цветами: флоксы, маргаритки, ирисы.",0,Syntax,1,0.036908068
"Тут он взглянул на дверь в кабинет Берлиоза, бывшую у передней, и тут, как говорится, остолбенел.",0,Semantics,1,0.03708202
Костюма не было в химчистке два года.,0,Semantics,1,0.03708202
У кого-нибудь из моих малышей в кармане лежит горсть сладких вишней.,0,Morphology,1,0.03708202
Эти Львиные Головки обычно не держат гриву всю свою жизнь.,0,Semantics,1,0.037186775
Я с удовольствием имел с ним беседу.,0,Semantics,1,0.037186775
Каждый день он приносил какую-нибудь землянику.,0,Semantics,1,0.037186775
Костюм не был в химчистке весь год.,0,Semantics,1,0.03722176
"В результате обсуждения выяснилось, что большинство предположений не подкреплены никакими фактами из реальной жизни.",0,Syntax,1,0.037326884
Маалула признан изобретателем новой разновидностью египетской иероглифической системы.,0,Syntax,1,0.03739713
"Книга не только имеет познавательную ценность, но и большое воспитательное значение.",0,Syntax,1,0.037467506
"Высокий и худой мужчина, неопределенный возраст.",0,Syntax,1,0.03753801
"Они живут в очень тяжелых материальных условиях, и ты должен помогать любому из них.",0,Semantics,1,0.037573304
Она хочет поговорить с неопределенным специалистом.,0,Semantics,1,0.03767939
Я и мои друзья готовлюсь к общегородской конференции по обществознанию.,0,Syntax,1,0.037821285
Я воспринял его как военного.,0,Semantics,1,0.037856843
Чего они достигнули за столь долгий срок?,0,Morphology,1,0.037892424
Всплеск сносил здания с их фундаментов и демонтировал их.,0,Semantics,1,0.037963692
"Писательница в 1934 году рассказала, как ее родители ""отравились"" голодом за попытку заполучить свой наследственный капитал Гарриет Стонтоном.",0,Semantics,1,0.037963692
"Показывайте нам, пожалуйста, нашу комнату!",0,Semantics,1,0.03810662
Это был 16-миллиметровый безопасный фильм.,0,Hallucination,1,0.038430087
Меня включили заниматься этой проблемой.,0,Syntax,1,0.03846619
"Я принес копии, чтобы мне не рисковать подлинниками.",0,Syntax,1,0.0385747
"В 2004 году его назвали объектом ЮНЕСКО и стал единственным частным резиденцией Латинского континента, получившим этот статус.",0,Syntax,1,0.038683496
"Раньше она была в каком-то раздраженном состоянии, а потом успокоилась.",0,Semantics,1,0.03882902
"Просто ляжете на траву, закройте глаза и почувствуйте, что происходит внутри.",0,Morphology,1,0.038901985
У нас завтра будет что-то.,0,Syntax,1,0.03897507
"Мультик рассказывает, что надо быть готовому ко всему, выбрать свой путь жизни.",1,0,0,0.039231926
Odense - третий город Дании и главный город Фюнского острова.,0,Hallucination,1,0.039268754
Вчера в два часа магазин закрыт.,0,Semantics,1,0.039268754
Уличных звуков не доносится сквозь двойные рамы.,0,Semantics,1,0.039305616
Его убили вблизи «Трех утопленников».,0,Semantics,1,0.039490405
Меня не было в Париже.,0,Semantics,1,0.039527465
"Я хотел посмотреть, если я могу взять эту идею и применить ее к магическому трюку.",0,Syntax,1,0.039564554
"Я вспомнил, что эта та самая гостиная, в которой не помню, о чем мы беседовали.",0,Syntax,1,0.03963884
"Кто писал ""Войну и мир""?",0,Semantics,1,0.03971326
"Принято считать, что Сочи стало курортом в 1909 году, когда открылся гостиничный комплекс «Кавказская Ривьера».",0,Syntax,1,0.039750516
В коридоре стояли некоторые.,0,Semantics,1,0.03978781
Пуля попала в стену возле самого кресла.,0,Semantics,1,0.039862495
Я ищу какую-то интересную пьесу по современной тематике.,0,Semantics,1,0.039862495
Удачное употребление дает глубокое значение народным изречениям.,0,Semantics,1,0.03989989
Некоторые источники надежды: мы должны попытаться переморализовать работу.,0,Hallucination,1,0.040087357
"Мне сказали, что он женат на одной полячке.",0,Semantics,1,0.04020025
"Сомневаюсь, что она знает всякие детали.",0,Semantics,1,0.04020025
"Естественно, любая выставка за рубежом ставит вопрос о том, как искусство представляет страну-экспортер.",0,Syntax,1,0.04020025
"Разработан метод получения сверхтонких полимерных нитей, для которого не требуются дорогое и сложное оборудование.",0,Syntax,1,0.04020025
"Ты так это сказал, как будто здесь хозяин.",0,Syntax,1,0.040426936
Постарайся заметить вон ту звездочку над самой горой.,0,Semantics,1,0.04050277
"Собака уже несколько часов стояла рядом с облупившейся, грязной стеной, ожидая своего хозяина.",0,Semantics,1,0.04061678
В 6.30 пирог был испечен.,0,Semantics,1,0.04061678
Затем в 2007 году шахту приобрела компания Petra Diamonds и до сих пор находится в эксплуатации.,0,Syntax,1,0.04061678
"Избирая меня депутатом, я сделаю для вас всё возможное.",0,Syntax,1,0.040654853
На поляне мы нашли малину и ягоды.,0,Semantics,1,0.040692955
Я взяла его за своего брата.,0,Semantics,1,0.040807474
В этот момент он начал речь приветствием.,0,Semantics,1,0.040845715
"Она обнимает мальчика, вдыхая искусственно-сладкий аромат шампуни, исходящий от его волос.",0,Morphology,1,0.040883996
В этом дне было много удовольствий.,0,Semantics,1,0.04096065
Она взяла из сундука небольшой коврик и постелила его перед диваном.,0,Semantics,1,0.04096065
"Помню радость ее, окончания войны: солнечный майский день, небо голубое, народ вывалил на улицу, все обнимаются, радуются.",0,Syntax,1,0.04099903
"Напрасно вы думаете, что вы здоровы, у вас есть нервное расстройство.",0,Semantics,1,0.04107589
"Мы обращаемся со своей проблемой к Ирине Ивановне, которая не может не волновать всех нас.",0,Syntax,1,0.04111437
"На нем полковничья шинель без погонов, в руке тонкая тросточка.",0,Morphology,1,0.04115289
Минобороны может запуск ракет на расстоянии 230 км за пределами досягаемости допускаемых американских противоракетных комплексов.,0,Syntax,1,0.04115289
"Когда он увидел это, горе потратило его силы.",0,Semantics,1,0.04119144
Он дал ему одобрение.,0,Semantics,1,0.041307304
Его жест выразил мне порицание.,0,Semantics,1,0.04142348
"Овощи и фрукты служат источником только трёх витаминов: С, бета-каротин и фолиевая кислота.",0,Syntax,1,0.041462272
Его еще не прочитало этой статьи.,0,Syntax,1,0.041462272
"Современный ребёнок — независимая личность, в раннем возрасте способный самостоятельно принимать решения.",0,Syntax,1,0.0415011
Нет ли где поспать?,0,Semantics,1,0.041539967
"Я не сомневаюсь, что он, несомненно, уехал.",0,Semantics,1,0.041656766
Вчера я взяла в ГУМе шляпу.,0,Semantics,1,0.04177388
В теплые летние ночи они поднимались на один из холмов около Курска.,0,Semantics,1,0.04177388
Ты ехал в город?,0,Semantics,1,0.041812986
Трон достался убийце своего брата.,0,Syntax,1,0.042127114
"Слушай, что тебе мама говорю.",0,Syntax,1,0.042206
"Министр пригласил журналистку, чтобы взять у него интервью.",0,Syntax,1,0.042245496
"Он чувствует, что ему, кажется, придется уезжать.",0,Semantics,1,0.042245496
"Соседи видели, как я белею у подъезда.",0,Semantics,1,0.042245496
Ксантиппа овдовела в тюрьме.,0,Semantics,1,0.04228503
"Я случайно стоял поодаль и слышал, что он сказал.",0,Semantics,1,0.04228503
Попробоваем проследить биографию антиквариата как особой категории товаров.,0,Morphology,1,0.042324588
"И стало тепло, взошло солнце.",0,Syntax,1,0.042443503
Память ему как мученика придет в день смерти 19 июля.,0,Syntax,1,0.042443503
Он женат на женщине.,0,Semantics,1,0.042443503
Он нашел по крайней мере двух желающих?,0,Semantics,1,0.042483203
Меня к ней уже отослали.,0,Semantics,1,0.042483203
"На столе у инженера лежала книга, открытая на одной и той же странице и которую он никогда не читал.",0,Syntax,1,0.04256273
Курить будет здоровью вредить.,0,Syntax,1,0.042762153
Мы должны выжить самим.,0,Syntax,1,0.042842176
Дерево над корнями было срублено.,0,Semantics,1,0.04288224
Левой рукой он судорожно хрустел бумажками.,0,Semantics,1,0.042922337
Она смотрит на него и становится бледной.,0,Semantics,1,0.042922337
Я бы требовал не шуметь.,0,Semantics,1,0.043002643
"Если мужчина действительно залюбит женщину, его с ней не сможет разлучить даже такая серьёзная неприятность, как смерть!",0,Semantics,1,0.04324442
"На противоположной стороне шоссе, неподалёку от того места, где мы остановились, чтобы размяться, размещались придорожное кафе и заправочная станция с двумя выкрашенными бензоколонками красной краской.",0,Syntax,1,0.04324442
"Невзирая на то, что шел дождь, светило солнце.",0,Semantics,1,0.0433658
Я принял его в группу Матвеева.,0,Semantics,1,0.043406326
"Увы, ни Россия и Великобритания не признали независимость Йеттишарского государства.",0,Syntax,1,0.0434875
Ивана еще не было в таком театре.,0,Semantics,1,0.043528136
Следствие о циклической группе тоже циклична.,0,Hallucination,1,0.043528136
Он получил недовольство собой.,0,Semantics,1,0.043568812
Существует специальная значка рядом с именем файла.,0,Syntax,1,0.04360953
"Батьку Минная играет очень интересный актер Ю. Горобец (кажется, это пока его лучшая она в кино).",0,Syntax,1,0.043772742
"У Маши дети взрослые, а у Даши они в детский сад ходят.",0,Semantics,1,0.043772742
Его материнская семья выходит из Карачи.,0,Semantics,1,0.043854564
"Чтобы по-настоящему ощутить вкус французской столицы, то нужно свернуть с туристических маршрутов, сесть за столик в обычном кафе на углу и сделать заказ.",0,Syntax,1,0.04401865
"Они грабили, убивали и совершали преступления.",0,Semantics,1,0.04410091
"Было бы неверно думать, что человек может попитаться исключительно салатами, мясом, семенами или зёрнами.",0,Semantics,1,0.044348583
Мы давно посидели на лавочке.,0,Semantics,1,0.044348583
По уходу Рябовского Ольга Ивановна долго лежала на кровати и плакала.,0,Syntax,1,0.044348583
Вместе с тем систематическое исследование каких бы то ни было страхов всегда сопряжено с целым рядом трудностей.,0,Semantics,1,0.04438999
"А прочитая рассказ у Вас в 9-м номере, я хочу сходить к нему на могилу, положить цветы.",0,Morphology,1,0.044472914
"Ученые считают, что степень защищенности всех Вечно сущих равна единице.",0,Morphology,1,0.044472914
Гутри Трапп заменил Буковича на оставшуюся часть летней турне 2015 года.,0,Syntax,1,0.044555984
Делай эту работу к понедельнику!,0,Semantics,1,0.044597577
"Мы будем работать над ускорением присоединения России к Всемирной торговой организации, основываясь на стандартных условиях, которые следуют другим странам.",0,Syntax,1,0.044639207
"Я не хочу, чтобы так.",0,Syntax,1,0.044639207
Он не жил там ни года.,0,Semantics,1,0.044639207
Увесистый замок всё так же надёжно запирает его входную дверь.,0,Semantics,1,0.044639207
"Он вдруг понял, что ей неприятны никакие подробности его домашней жизни.",0,Semantics,1,0.044680875
Я обнаружил его лежащим одним на кровати.,0,Syntax,1,0.044764314
"Кстати, не случайно первым указом преемника было освобождение Ельцина и его семьи от ответственности за какие-либо, совершенные в бытность на посту президента.",0,Semantics,1,0.044764314
"Та, что в тот день с красной сумкой, оказалась женой Феди.",0,Syntax,1,0.044847906
Выстраивать на столь дрянном фундаменте всякие имперские конструкции крайне опрометчиво.,0,Semantics,1,0.044931643
"Маша играет на скрипке, когда Саша – на виолончели.",0,Syntax,1,0.044973567
"Посмотрите, меня действительно не интересует.",0,Syntax,1,0.044973567
Они попели песни рядом с кострами.,0,Semantics,1,0.045099568
Я принял его в свою избу.,0,Semantics,1,0.045099568
Она приняла ребенка на плечи.,0,Semantics,1,0.045141645
"Режиссер Майкл Мур хочет сделать главную героиню фильма ""Он вам не Димон"" женщиной.",0,Semantics,1,0.045183755
"Нельзя предать кого-нибудь, кто столько для тебя сделал.",0,Semantics,1,0.045183755
"Я внимательно послушал все его аргументы, но ни один из них меня не убедил, и я ни под чем не согласился с ним.",0,Syntax,1,0.045394883
"Отважный смотритель, рискуя жизнью, бросился наперерез понёсшегося вскачь коня.",0,Syntax,1,0.045522
"РПЦ планирует объединить три заповеди в один ""третий заповедник"".",0,Semantics,1,0.045522
Он был перенесен слугами сам к себе в кабинет.,0,Syntax,1,0.04560694
Пирог был с удовольствием испечен.,0,Semantics,1,0.045692034
"То обязательно поеду еще раз, если будет возможность.",0,Syntax,1,0.045692034
В то время это был самый маленький известный контрпример к предположению Тата.,0,Hallucination,1,0.045734633
"Что вы скажете об этом нем, который предлагал нашей ей очень выгодную ее с ценными ими?",0,Syntax,1,0.045734633
С 23 по 33 год он выпустил книгу.,0,Semantics,1,0.045777272
"Я подумала, что вам не будет хватать меня.",0,Syntax,1,0.045819953
Темные глаза у нее сияли.,0,Semantics,1,0.045819953
"Никогда не знавшая семейного уюта Алена пригрелась рядом с Ниной Карповной, как бездомный котенок.",0,Semantics,1,0.045862667
Он дал ему все свое состояние.,0,Semantics,1,0.045991037
Весь день я простоял около станка.,0,Semantics,1,0.0460339
"В путеводителе я позже вычитал, что киприоты всегда готовы приходить на нее.",0,Syntax,1,0.046076808
Магазин закрыт час назад.,0,Semantics,1,0.046076808
"Теряется золотое время, слушая глупые разговоры, — отрезала хозяйка.",0,Syntax,1,0.04611975
Такой мысли не возникает неожиданно.,0,Semantics,1,0.046162732
Вскоре он не понял свою ошибку.,0,Semantics,1,0.046335038
Сразу по приезду в Коломну боярин Всеволожский был схвачен и закован в железо.,0,Syntax,1,0.046464663
"Он обещает прийти, но не пришел.",0,Semantics,1,0.04650795
"В холодные зимние вечера он часто звал меня в гостиную, чтобы разговаривать в ней у камина.",0,Syntax,1,0.046638038
Отопление два дня было выключено.,0,Semantics,1,0.04681203
При нагревании вода дает пар.,0,Semantics,1,0.04681203
"Ты тогда замечал, что он странно себя ведет?",0,Semantics,1,0.04694293
"Президент этой страны - человек, выступая по телевидению, популярный среди избирателей.",0,Syntax,1,0.04694293
"Это приводит к иммуноизоляции и ангиогенезе, что делает рак более инвазивным.",0,Syntax,1,0.047074176
Лодку поцарапало своим якорем.,0,Syntax,1,0.047118
"Все это не делалось, потому что кто-нибудь желал зла Левину.",0,Semantics,1,0.04716187
Гора у вершины была безлесной.,0,Semantics,1,0.04724971
"А ты езжай прямо к директору театров, князю Гагарину.",0,Morphology,1,0.04724971
Одна из функций мифических животных средневековья была аллегорией.,0,Syntax,1,0.047337715
"Ты, наконец, передавал ему мою книгу?",0,Semantics,1,0.047337715
"Брат сидел около меня, а муж — сзади.",0,Semantics,1,0.047602657
Вблизи от горы стояла сакля.,0,Semantics,1,0.047691286
Для снятия с огня коллиевых изделий на могилу нужны специальные мероприятия.,0,Hallucination,1,0.047824517
В этом театре работала 58 лет.,0,Syntax,1,0.047869008
"Ихние дети, Валентин и Ирка, всегда целовали маму Раю, если приходили в гости.",0,Morphology,1,0.047869008
Его приняли в больницу.,0,Semantics,1,0.04804736
Он может с кем-нибудь общаться.,0,Semantics,1,0.048092045
Многие добились какого-либо успеха.,0,Semantics,1,0.048092045
"Петя сказал «уходи», но это неправда.",0,Semantics,1,0.048092045
Чемпионат мира по крикету 2007 года провел в Вест-Индии.,0,Syntax,1,0.04813677
"Основные компании, принадлежащие компаниям Anheuser-Busch, находятся во владении.",0,Hallucination,1,0.04822634
"Тот день, как они расстались, был сорок пять лет назад.",0,Syntax,1,0.04822634
"Скажете ли вы, что я более честнее поступил?",0,Morphology,1,0.04822634
Кто топил эту машину?,0,Semantics,1,0.048271187
Я понял его как военного.,0,Semantics,1,0.048271187
"Только какой-то негоциант, живший рядом с приютом и потерявший счет деньгам, ежегодно при получении из-за границы транспорта с фруктами присылал в приют ящик апельсин.",0,Morphology,1,0.04836099
Ты когда-нибудь плыл на байдарке?,0,Semantics,1,0.048405956
Сынок ест целыми тарелками.,0,Syntax,1,0.048496004
"Он, возможно, знает об этом или нет?",0,Semantics,1,0.048496004
Неужели ты до сих пор раздражаешься?,0,Semantics,1,0.04867657
"У нее болит голова, она остается дома.",0,Semantics,1,0.048767097
"Толстой-публицист не только приобрел огромную известность в России, но и во всем мире.",0,Syntax,1,0.04881242
МГУ отпраздновало свой юбилей.,0,Syntax,1,0.04885778
"В партии ""Слуга народа"" каждый блок состоит из слов и предложений.",0,Hallucination,1,0.048948623
Напоминание себе об опасности прозвучало вовремя.,0,Syntax,1,0.04903963
"Умер один из авторов ""Убить Билла 3"" и его жена.",0,Syntax,1,0.04913079
"Мое сердце изливалось кровью, когда я видел их одними и такими счастливыми.",0,Syntax,1,0.04922211
Я склонился к тому же мнению.,0,Semantics,1,0.049267832
Петя Иванов медленно обычно пишет контрольные работы.,0,Syntax,1,0.049359404
Моя собеседница ушла к другому.,0,Semantics,1,0.049405243
"Когда ты вошел, я не обедал.",0,Semantics,1,0.049451128
"Иван, к сожалению, в отпуске?",0,Semantics,1,0.049543016
"Врачи считают, что состояние больного настолько ухудшилось, что вполне вероятно, что в течение нескольких часов может наступить смерть.",0,Syntax,1,0.049543016
Трубы прорвало водой.,0,Semantics,1,0.049635068
Сертификация Пейлетов Компании не гарантирует продажи Пейлетов Компании.,0,Hallucination,1,0.049773455
Солдаты грелись вблизи костров.,0,Semantics,1,0.049819656
"Те дорогие друзья, которые нас сейчас слушают, я сразу же напоминаю номер нашего пейджера....",0,Syntax,1,0.04986591
"Он чувствует, что дурак.",0,Semantics,1,0.04986591
"Только если операцию сделают немедленно, то останется еще какая-то надежда его спасти.",0,Syntax,1,0.04986591
"Даже если любой из них действительно согласится тебе помочь, ничего это не изменит.",0,Semantics,1,0.050051305
Впоследствии вела свой класс в консерваторию.,0,Syntax,1,0.050051305
Возле меня стояло такси.,0,Semantics,1,0.050051305
Мы разбили бутылку пустой.,0,Syntax,1,0.050190788
Приноси книги в аудиторию.,0,Semantics,1,0.050190788
"Разгадка «тонкого английского юмора» заключается в его простоте, в том факте, потому что за ним не скрывается глубокий подтекст.",0,Syntax,1,0.05033063
Как ты думал какую проблему решить?,0,Syntax,1,0.050470848
В квартире есть беспорядок.,0,Semantics,1,0.050517667
"Мультфильм ""Алиса"" выиграл лучший анимационный фильм в номинации «Оскар».",0,Syntax,1,0.05056453
Он сломлен уже года три.,0,Semantics,1,0.050658382
Уже триста англичан решили на всякий случай получить страховые полиса от небесной напасти.,0,Morphology,1,0.050752386
"Появится кто-нибудь совершенно новый, неведомый, порожденный нынешней ситуацией, ни на что ожидаемое не похожий.",0,Semantics,1,0.05079946
"Тома, вероятно, будет бояться собаки Мэри.",0,Syntax,1,0.050846573
Я дам тебе дочь.,0,Semantics,1,0.050846573
"Он мгновенно понял, что произошло что-то не то, причем очень изумился, потом повозмущался и умер.",0,Semantics,1,0.050893724
"Врачи сообщают, что Мика, скорее всего, полностью выздоравливает.",0,Morphology,1,0.05103542
Они называли его талантливыми.,0,Syntax,1,0.051224932
"Довольно большой здание было украшено какими-то башенками и балкончиками, которые искусно вписывались в общий ансамбль.",0,Syntax,1,0.051272422
Ты с кем-нибудь не должна там общаться.,0,Semantics,1,0.051319946
Она села отдохнуть у красивой поляны.,0,Semantics,1,0.051415112
"Меженин кончил почистить штык, вдруг перехватил мимолетно сощуренный взгляд сержанта на верхнем окне дома.",0,Semantics,1,0.051749542
Вкус к большой политике к нему пришел более позднее.,0,Morphology,1,0.051749542
"Зато как никогда захотелось быть с Ангелиной, и это не из-за только упрямства, – поднялась в душе волна уверенности, что любит её.",0,Syntax,1,0.051749542
"Джефферсон Веа установил новый антирекорд по очкам для финала игры с ""Мэдисоном"" на завершающей стадии сезона.",0,Syntax,1,0.05179748
А Матвей уже остался ― посуду мыл.,0,Semantics,1,0.05184547
Лена просит мужа позволить ей ездить туда одна.,0,Syntax,1,0.051893488
"Шотландия получила титул графа Каррика, который был первым в истории.",0,Hallucination,1,0.051893488
Братья собрали несколько ведер вишней.,0,Morphology,1,0.051893488
"Особенно когда в полуторастах метрах позади лежал скелет ящера, убитого человеческим оружием.",0,Morphology,1,0.05198967
"Юноши готовились к соревнованиям наездников, считавшихся у черкесов большим событием.",0,Syntax,1,0.052086018
"Монастырь стоял вдоль реки, на довольно высоком её берегу, отделявшей людей от города.",0,Syntax,1,0.05223086
"Сколько денег ты не знаешь, как заработать?",0,Syntax,1,0.05223086
"Это потому, что меня попросили приехать, что я здесь.",0,Syntax,1,0.05227922
"Он знает, что полк перебросят на другой участок фронта и другие планы командования.",0,Syntax,1,0.052327625
"В группу студентов, направленных на полевую практику, входят сорок один человек.",0,Syntax,1,0.052376077
"Он выписывает только как художественные, так и математические журналы.",0,Syntax,1,0.05242457
"Егорова расстраивало не столько всё происходящее, сколько настораживало.",0,Syntax,1,0.05242457
Гора у вершины заросла соснами.,0,Semantics,1,0.052473098
Один случай внезапно подтверждает мои догадки.,0,Semantics,1,0.052521672
"Слишком поздно выясняется, что он здесь.",0,Semantics,1,0.052667655
"Значит, мы с тобой уславливались?",0,Semantics,1,0.0527164
"Как будто у неё начинался дикий ларингит и катар, она кашляла, скрипела, шамкала.",0,Syntax,1,0.0527164
"Его самый верный товарищ обманул Иванова, предал, что донес.",0,Syntax,1,0.05281402
"Давно после того, как я не мог услышать его крики, они отзвучали в моих ушах.",0,Semantics,1,0.052862894
"Иван встретил Марью, которые пошли в кино.",0,Syntax,1,0.052862894
Он сидел близко от меня и плакал.,0,Semantics,1,0.05291181
"Артиллерийский огонь и авиакатастрофы, требуемые Шмиттом, никогда не приходили.",0,Hallucination,1,0.05291181
Автобус не должен отправиться ночью.,0,Semantics,1,0.053009775
Вы одни показались мне веселым.,0,Syntax,1,0.05320621
Более двух учеников видели на прогулке каких-либо птиц.,0,Semantics,1,0.053255428
"Он не поздравил ни с Новым годом, ни с Восьмым мартом, ни с днем рождения Валерки.",0,Morphology,1,0.053304687
Дорогие он видел машины.,0,Syntax,1,0.053353984
Каждый матч судит по судье.,0,Syntax,1,0.053353984
Поезд следует из нее.,0,Syntax,1,0.05340333
Ты не должен ей помочь.,0,Semantics,1,0.05340333
"Кокпит с бока на бок поместился слегка в ведущий угол крыла, а место для багажа или третье сидение поместилось в угол пересечения.",0,Hallucination,1,0.05360114
"Согласно прогнозов синоптиков, весна в этом году будет ранняя.",0,Syntax,1,0.053650703
Нельзя же пропадать нечем.,0,Syntax,1,0.053650703
"В начале марта, несмотря на весну, намело столько снегу, что на расчистку дорог была направлена рота солдатов.",0,Morphology,1,0.053749956
"На первом этапе, согласно этой методики, решается система линейных неравенств или уравнений.",0,Syntax,1,0.053749956
"Отец писал, что скучает по нам.",0,Syntax,1,0.053849377
"Онъ стреляет изъ лука, по обычаю древнего учёба.",0,Hallucination,1,0.053899154
"Говоря, например, о картине Александра Иванова «Явление Христа народу», он восхищается ею прежде всего как народной картиной, начисто отвергая какие-либо мистико-религиозные ее толкования.",0,Semantics,1,0.053899154
У меня вставили зубы.,0,Semantics,1,0.054098696
Окно было открыто час назад пятнадцать минут.,0,Semantics,1,0.054198727
"Через несколько дней после ссоры Дубровский поймал крестьян Троекурова в своих лесах, кравших дрова.",0,Syntax,1,0.05424881
"Присутствие иностранца в этом квартире, с переводчиком, пришло ему в полный сюрприз, и он потребовал объяснений.",0,Syntax,1,0.05424881
В путь-дорогу дальний я тебя отправлю.,0,Syntax,1,0.05424881
Я читал около трех страниц.,0,Semantics,1,0.05439932
В тот день он сидел дома ровно в шесть.,0,Semantics,1,0.05439932
Громадный домище заслонил от меня солнце.,0,Semantics,1,0.05444958
Они считали его талантливыми.,0,Syntax,1,0.05449988
"Привел мальчика, держа в руках книгу.",0,Syntax,1,0.05455022
"Мне кажется, что в своих выводах вы недалеки к истине.",0,Syntax,1,0.054651037
Ивана никогда не было в таком театре.,0,Semantics,1,0.054752033
Я вот стоял на площадке.,0,Semantics,1,0.054752033
Он мертвенно становится бледным.,0,Semantics,1,0.054752033
"Проведение тестирования обсуждалось на педсовете, не давая никаких полезных рекомендаций.",0,Syntax,1,0.054903854
"Безусловно, неожиданно автобус остановился.",0,Semantics,1,0.054903854
По окончанию гимназии Фонвизин стал учиться на философском факультете университета.,0,Syntax,1,0.0551069
У него есть место на «Лебединое озеро».,0,Semantics,1,0.05515777
"Французские полицейские поймали четырех ""развратников"" на почве ревности к молодым людям их круга.",0,Hallucination,1,0.05515777
"Он также использовался в последней сцене фильма ""Penelope"" и в трейлере фильма ""Дети мужчин"".",0,Hallucination,1,0.05515777
Преподаватель отобрал и посоветовал учащемуся воспользоваться дополнительной литературой.,0,Syntax,1,0.05515777
"Конечно, против такой системы ценностей решительно ополчились совдеповские образованцы, отвергавшие какие-либо традиции, а тем более столь возвышенные.",0,Semantics,1,0.055208683
"Дети, как я боюсь, не спят.",0,Semantics,1,0.055259645
Черчесов объяснил невыдачу Роналду шанса сыграть за Украину после перехода во второй отборочный раунд ЧМ 2018 года.,0,Semantics,1,0.055259645
Они часто попренебрегают фундаментальными правилами выживания.,0,Semantics,1,0.05531065
"Гость вошел в калитку, находившуюся около входа в лавку, и попал в квадратный небольшой дворик.",0,Semantics,1,0.05556634
"Отдавая паспорт, я рискнул бы нарваться на ваше сопротивление.",0,Semantics,1,0.055617616
"В письме говорилось, что в город едет ревизор, которым управляет Сквозник-Дмухановский.",0,Syntax,1,0.055668928
"В ходе встречи с Бё Андерссоном впервые назвали невероятно глупое, практически криминальное поведение.",0,Semantics,1,0.055668928
"Мы знаем, кем кадет объяснял свое решение стать.",0,Syntax,1,0.05572029
"Война была тяжёлым испытанием для всего народа, но все верили и надеялись на победу.",0,Syntax,1,0.05582314
Пелагея и Афанасьевна слушали поодаль.,0,Semantics,1,0.056029387
Вы уже дали отчет?,0,Semantics,1,0.05608106
"Хорош, если ты станешь кандидатом наук.",0,Syntax,1,0.05623634
Вблизи стоял большой каменный дом.,0,Semantics,1,0.05623634
"Они лгут, они обманывают, они расстраиваются, и они действительно производят ложные структуры.",0,Semantics,1,0.056288198
Он сидел за столом и ел несколько слив.,0,Semantics,1,0.056288198
"Там, я вижу, кто-то есть.",0,Semantics,1,0.056340095
"Съедена последняя пачка макаронов, а ты провалил вступительные экзамены в вуз и надежды на стипендию разбились.",0,Morphology,1,0.056340095
Я не прогоняю этой женщины.,0,Semantics,1,0.05639204
Этот последний был очень тяжелым.,1,0,0,0.056444023
"Помещики продавали мёртвые души крестьян Чичикову, видевшего выгоду в приобретении такого товара.",0,Syntax,1,0.056444023
Маша сидела поодаль от мужа и читала.,0,Semantics,1,0.056496058
"Скажи, казак, ты волей аль неволей противу нас, царя, заворовал?",0,Semantics,1,0.056548137
"А я думал, что он, к счастью, еще здесь.",0,Semantics,1,0.05660026
Она взяла его точку зрения.,0,Semantics,1,0.056652423
Согласно древнерусских летописных источников первые упоминания о Москве относятся к 1147 году.,0,Syntax,1,0.056704644
Левое крыло состоялось из двадцати эскадронов кавалерии.,0,Morphology,1,0.056861546
"Дядя Сергей отличался от соседей только тем, что очень любил и гордился своей дочерью.",0,Syntax,1,0.056913942
В данный момент он ест два яйца.,0,Semantics,1,0.057018865
Я дам за тебя жизнь.,0,Semantics,1,0.057018865
Никаких российских самолетов воздушное пространство Грузии не нарушало.,0,Semantics,1,0.0570714
"Я предпочитаю не быть слишком тяжелым в режиссере, а скорее позволить им поймать на него и просто увидеть, как это звучит.",0,Hallucination,1,0.057176594
Этот мой был очень тяжелым.,1,0,0,0.057229258
Каждая шелудивая пара сапогов находится под замком и под печатью писаря?,0,Morphology,1,0.057229258
"Поэтому она обратилась к государству, своих сил на это у РПЦ нет.",0,Syntax,1,0.057229258
Мама ругается с сыном за двойку.,0,Semantics,1,0.057493284
"Она приняла странные взгляды, вкусы, привычки.",0,Semantics,1,0.05754622
"Мать взглянула на женщину, она была Самойлова.",0,Semantics,1,0.057705317
"Получив письмо от Маши, перед Гриневым возникла трудная задача.",0,Syntax,1,0.05802475
"Навруз (21 марта) — это праздник нового года по солнечному календарю древних иранцев, приходящемуся на весеннее равноденствие, когда пробуждается природа и наступает время сельскохозяйственных работ.",0,Syntax,1,0.058131594
Там были расстреляны палачами.,0,Syntax,1,0.05818509
Ты сейчас же взял и вылил воду!,0,Semantics,1,0.05823863
"Я хочу, чтобы Иван работает.",0,Syntax,1,0.05850701
Весь вечер она раздражалась.,0,Semantics,1,0.0586686
Все начальники позапрещали этот спектакль.,0,Syntax,1,0.058830604
Доклад написан с шести до семи.,0,Semantics,1,0.0588847
Я купила мясо в магазине близ метро «Юго-Западная».,0,Semantics,1,0.058938842
Только ты можешь дать мне ненависть.,0,Semantics,1,0.059047267
Более ста пятидесяти лет тому назад никто не мог предполагать и думать о мобильных телефонах.,0,Syntax,1,0.059047267
"Помогай любому, какое мне дело.",0,Semantics,1,0.059047267
"Журналистка была приглашена министром, чтобы дать ей интервью.",0,Syntax,1,0.05910154
"Когда в окнах заполыхал багровый закатный свет, то музыка оборвалась.",0,Syntax,1,0.05931914
"Вы знаете, у него был эфферент, афера и хаптатическая реакция.",0,Hallucination,1,0.05937366
"Дай им монетку, потому что боюсь забыть.",0,Semantics,1,0.05937366
Она с негодованием приняла это известие.,0,Semantics,1,0.05948283
"Я бы посоветовал вам принимать гормональные средства, если бы у вас были хорошие анализы.",0,Semantics,1,0.059537493
Попробуй заметить вон ту звездочку над самой горой.,0,Semantics,1,0.05959219
Он отрицает существование всяких планов на этот счет.,0,Semantics,1,0.059646945
Хутор находится вдалеке от леса.,0,Semantics,1,0.059866417
Пожарной команды не появилось.,0,Semantics,1,0.05992141
Придет или Маша?,0,Syntax,1,0.05997644
Квартира долго пользуется странной репутацией.,0,Semantics,1,0.060031522
Они читали статьи Петра друг о друге.,0,Syntax,1,0.06008665
"Я не могу ехать, у меня есть бабушка.",0,Semantics,1,0.06008665
Они попели песни около костров.,1,0,0,0.06019705
"В одном из старинных храмов города, сохранившимся до наших дней, под слоем краски обнаружены древние фрески.",0,Syntax,1,0.06019705
Заказ будет аннулирован по истечению срока хранения.,0,Syntax,1,0.06019705
"Генрих Манн по праву считается одним из величайших прозаиков-реалистов, жившими в двадцатом веке.",0,Syntax,1,0.060252324
"Иван играл на пианино, а когда Максим — на саксофоне.",0,Syntax,1,0.060363
Всю молодость она любила говорить по телефону.,0,Semantics,1,0.06047388
"Сейчас берешь-ка животное, и мы отправляемся в зоопарк.",0,Semantics,1,0.060584944
"Лишь только мы принесли пиво, вы — рыбу.",0,Syntax,1,0.060696203
Пришлось кого-нибудь попросить помочь.,0,Semantics,1,0.060751904
"Первый огонек блеснул вдали, на противоположной горе, в одиноком домике поблизости от шлагбаума.",0,Semantics,1,0.060751904
"Когда до них оставалось не более пятиста метров, командир подал знак штурману.",0,Morphology,1,0.060751904
Вы один показались мне веселым.,1,0,0,0.060863446
"Кажется, кто-нибудь стучит.",0,Semantics,1,0.060863446
"Я не принимаю то, как они живут.",0,Semantics,1,0.0610871
"Возьми из сада мою кофту, я оставила ее в беседке.",0,Semantics,1,0.06125536
Оба родились в США и имеют американское гражданство и паспорта.,0,Syntax,1,0.061311536
"Светай тогда быстрее, мы бы могли выйти раньше.",0,Syntax,1,0.06142404
"Вчера обнаруживается, что преступник на свободе.",0,Semantics,1,0.06153674
"Катя могла сказать и так, и какую-нибудь глупость.",0,Syntax,1,0.06176271
Оплата за проезд производится при входе в общественный транспорт или не позднее проезда первой остановки после посадки пассажира.,0,Syntax,1,0.061819322
"Дом, в котором мы жили первые годы по приезду в Петербург, находился на набережной Красного канала.",0,Syntax,1,0.061819322
"Жаль, что Иван не был!",0,Semantics,1,0.061932698
Творога не горчило.,0,Semantics,1,0.06198946
"Известный американский антрополог считает то, что увеличение возраста зрелости может стать важным ресурсом для развития общества.",0,Syntax,1,0.06198946
У нее есть уродство.,0,Semantics,1,0.062046263
"Нужно бороться против кого-то, кто сеет зло.",0,Semantics,1,0.062103122
Описание событий в Лебедине известно из анонимной «Истории рутенцев» и составлено на основе ее «Истории маленькой России» НА Маркевича.,0,Syntax,1,0.062160026
Она медленно становится бледной.,0,Semantics,1,0.062160026
"Велосипед куплен два дня назад, но его украли.",0,Semantics,1,0.062216982
С 1929 года было надпечатано изображение моноплана вместо указанного слова.,0,Morphology,1,0.062445294
Управляющие вычислительные комплексы для промышленной автоматизации создадут собственные.,0,Syntax,1,0.062617026
В отдалении сверкал огонек.,0,Semantics,1,0.062617026
Пара валенков готовится три дня!,0,Morphology,1,0.06301947
"Здесь мы узнали то, что хотели зазнать уже давно, ибо табак кенда говорит только новому духу.",0,Semantics,1,0.06307716
"Может быть, им уйти пораньше, чтобы не опоздали на поезд?",0,Syntax,1,0.0631349
Мы первыми научились видеть дальше собственного порога и думать более шире родимой околицы.,0,Morphology,1,0.06319269
Но Коле не помог его иноверец.,0,Syntax,1,0.06330841
"Если бы быть честным, я был бы за то, чтобы Гетце играл по центру.",0,Syntax,1,0.063424334
"Он умер и никогда не вернулся на вокзал, где его друг ждал.",0,Syntax,1,0.063424334
У памятника собирается около тысячи человек.,0,Semantics,1,0.06394842
"В мире 27 процентов компания находится во владении ""Anheuser-Busch"".",0,Syntax,1,0.06418265
"Он думает, что слушатели, наверное, устали.",0,Semantics,1,0.06424133
МВД арестовало его городским управлением внутренних дел.,0,Syntax,1,0.06430006
Нет ли куда пойти?,0,Semantics,1,0.06430006
"Однако для тех, кто с этим согласен, давайте перейдем к «большому вопросу» номер дваówhy мы здесь?",0,Hallucination,1,0.06430006
"Это ее решение, ее злая воля заставляют Эди стоять тут под дверью больной и сумасшедший.",0,Syntax,1,0.06430006
"Бортолотти начал карьеру в 2005 с выступлений во время концертов на конкурсе ""Зимней серии Формулы-Рено"" и Formula Gloria.",1,0,0,0.06441766
На Марсе есть какие-либо (какие бы то ни было) разумные обитатели.,0,Semantics,1,0.06441766
Пригласите этого свидетеля принять у него присягу.,0,Syntax,1,0.06441766
У Маши есть брат Наташи.,0,Semantics,1,0.064594455
Вдали дважды белел парусник.,0,Semantics,1,0.064653486
"Российские педагоги проводят ежегодно профессиональные конкурсы, во время которых делились друг с другом накопленным опытом работы.",0,Syntax,1,0.064653486
"Иван думает, что своя фотография будет на выставке.",0,Syntax,1,0.06471257
Им судьбой назначено любить друг друга.,1,0,0,0.064830884
Этот замок имеет красивое положение.,0,Semantics,1,0.064830884
"Она грела руки вблизи батареи, поблизости от батареи, близко от батареи.",0,Semantics,1,0.06494939
"Колонна и Фернандо д'Авалос, оставшись без противника, захватили Генуе 30 мая.",0,Syntax,1,0.06494939
"Вообще-то он в комнате, но сейчас он вышел.",0,Semantics,1,0.065365784
Весь день я простоял возле станка.,0,Semantics,1,0.06542547
Он взял за поручень.,0,Semantics,1,0.06548521
"Употребляя ненормативную лексику, со средств массовой информации теперь взимается штраф.",0,Syntax,1,0.06554499
Не принеси мне эту чашку!,0,Semantics,1,0.065604836
Что главный фактор победы России в Отечественной войне 1812 г.?,0,Syntax,1,0.06566473
В обмен на это Ольмерт получил грязную похвалу от этих новостных изданий в течение последней недели.,0,Syntax,1,0.06572467
Задавал ли он тебе всякие каверзные вопросы?,0,Semantics,1,0.0658447
"Да, он может входить, если еще пришел!",0,Semantics,1,0.06590479
"Это то впечатление, которое вы хотите чтобы мы вынесли которое отсюда?",1,0,0,0.06590479
"Мужчина не помнил ничего, что с ним происходило вчера, и уточнио у меня про то, в чем мы разговаривали.",0,Syntax,1,0.06602513
Потратьте эти деньги на модернизацию чего бы то ни было.,0,Semantics,1,0.06608538
"Тут пара чулков барышниных, да наволочка, да два полотенца.",0,Morphology,1,0.06614568
"Кого он отомстил врагу, убив?",0,Syntax,1,0.06620602
Просто поглощайте один из этих препаратов.,0,Semantics,1,0.06620602
"Крайнюю ступень в ряду фразеологических сочетаний занимают обороты, включающие слова с единичным употреблением.",1,0,0,0.06620602
"Согласно официальных данных, в результате землетрясения в Японии погибли более пяти тысяч человек.",0,Syntax,1,0.06632688
"Как я надеюсь, ты собрался?",0,Semantics,1,0.06632688
"Ни одно значимое назначение на любой пост, ни один закон, ни одно постановление в СССР не принималось без ведома Политбюро.",0,Syntax,1,0.06638737
Он раздражен по любому поводу.,0,Semantics,1,0.06638737
Есть ли у него слишком много соли?,0,Semantics,1,0.06644793
Сосед повесил кондиционер над прямо моим окном.,0,Syntax,1,0.06650853
Он сделал вид дурачка.,0,Semantics,1,0.06650853
"Страшно умирать, уходить из жизни очень молодые.",0,Syntax,1,0.06687324
Своя точка зрения на этот вопрос была высказана автором в других работах.,1,0,0,0.06687324
"Ученые сообщили, что 6 июня 1998 года с рекордом в повышении максимума.",1,0,0,0.066934206
"Кроме того, отмечается, что сюжет очень предсказуемый и не отличается от остальных многочисленных акулских фильмов.",0,Morphology,1,0.066934206
"Маршрут и маршрут ""Старухи"" на 7 Июня.",0,Hallucination,1,0.066934206
"Но буквально в полуторах метрах к северу от центральной гробницы мы вскоре обнаружили вторую могилу, не тронутую грабителями.",0,Morphology,1,0.06705628
Но Александр Борисович отрицает все мстительные мотивы в своем выборе.,0,Semantics,1,0.06705628
"На ужин у нас огромный-огромный пирог с повидлой, сто котлет и мороженое.",0,Morphology,1,0.06717858
"И изумление, и ужас напал на меня.",0,Syntax,1,0.06717858
"Эти игры, как утверждает автор, детям вредны; я думаю, что это не так.",0,Semantics,1,0.0672398
"Когда я вошел, он ел две груши.",0,Semantics,1,0.06730107
"Два механизма сплелись в один, образуя подобие низкого колченогого стула, из брюха которого болталась пара лопнутых пружин – боевые манипуляторы.",0,Morphology,1,0.067362405
У меня есть старые родители.,0,Semantics,1,0.067423776
"Пациент умер, благодаря тому, что вовремя не была оказана медицинская помощь.",0,Semantics,1,0.067423776
"Иллирийские города капитулировали одна за другой, исключая такой крупный порт, как Аполлон.",0,Syntax,1,0.067423776
На ее лице выразилось презрение ему.,0,Semantics,1,0.06754669
"Вот дерево засохнуло, но все же оно вместе с другими качается от ветра.",0,Morphology,1,0.06760823
"Он не врет, что читал что бы то ни было.",0,Semantics,1,0.06766981
"Да у него гранаты системы, ― сказал он как можно непринужденней и, взобравшись на коня, поскакал прочь.",0,Syntax,1,0.06785488
Дверь плохо открылась.,0,Semantics,1,0.06816438
"Какие плюсы включают в себя поддержка двухпроцессорных компьютеров, адаптация к HDRI?.",0,Syntax,1,0.068288535
"И он поднял трубку, я позвонил Ване.",0,Syntax,1,0.06841291
У этой комнаты пять метров в ширину.,0,Semantics,1,0.06841291
У него есть порок сердца.,0,Semantics,1,0.068599865
Твой мобильник есть на кухне.,0,Semantics,1,0.068662286
Спроси почти любого.,0,Semantics,1,0.06884987
"Aloysius был хорошим мужем и хорошим человеком, и если он пил слишком много, то только ирландцы в нем выходили.",0,Hallucination,1,0.06910072
Она дала ему свое сердце.,0,Semantics,1,0.06910072
"На Гаити уровень воды у побережья достиг почти 21 метра, а также идет эвакуация людей с вулкана Фуэго (San Juana).",0,Syntax,1,0.06922646
Жених и невеста сидели около.,0,Semantics,1,0.06935242
Иностранных туристов не остановилось.,0,Semantics,1,0.06941547
"Я не принимаю, что я вел себя непорядочно.",0,Semantics,1,0.069604956
"В ходе исследования протестанты составляют от 1,3 до 2,4 % населения страны.",0,Syntax,1,0.069604956
"Настоящий успех может быть достигнут только благодаря настойчивости, целеустремлённости и глубоких знаний человека.",0,Syntax,1,0.06979493
"Ему приказано отступать, и отступает.",0,Syntax,1,0.06985835
"Платформа RSA enVision также построена для интеграции с сетевыми хранилищами EMC, предлагая клиентам cradle-to-grave подход для управления данными событий журнала соответствия безопасности.",0,Hallucination,1,0.06985835
"Он болен, никто не знал.",0,Syntax,1,0.06992183
Вблизи лошади стояла собака.,0,Semantics,1,0.069985375
В парижской гостинице отравилась газом на 23 февраля 1928 года.,0,Syntax,1,0.07024004
"Скажи, а нельзя постараться, чтобы Сухой Рыбак не обидел Вани?",0,Semantics,1,0.07030384
"Затем закройте слова правого столбца и постарайтесь вспомнить их, читая слова левого столбца с заглавной буквы.",0,Syntax,1,0.070495576
Я с трудом заметил в толпе Петьку.,0,Semantics,1,0.070495576
"Так что я покинул свою работу и решил, что это тема, что я хотел заняться.",0,Syntax,1,0.070623666
Он пьет стакан вина.,0,Semantics,1,0.07100922
Всего мне достаточно.,0,Syntax,1,0.071202725
"Напрасно вы думаете, что вы здоровы, у вас есть катар верхних дыхательных путей.",0,Semantics,1,0.0715912
"Если в тело человека проник всякий микроб, организм выставляет на защиту всю свою систему иммунитета.",0,Semantics,1,0.07172112
Меня ни разу в этом доме не было.,0,Semantics,1,0.07185127
"Для работы он иногда подписывал именами Lallemant, Allemanus и Alembert.",0,Hallucination,1,0.07198163
"Резидент Эвил 5 был обвинен в расизме, поскольку главный герой должен отстрелить темнокожих афроамериканцев.",0,Morphology,1,0.07204688
"Райан только пришел в лабораторию, но имел неприятные отношения с другими.",0,Semantics,1,0.072243
Ты можешь научить себя вьетнамскому.,0,Morphology,1,0.072374016
В зале повара с задумчивым видом пили из блюдцев зелёный чай.,0,Morphology,1,0.07257096
"Зина считает, что черт его знает, придет он или нет.",0,Semantics,1,0.07263671
"В домах, площадях, парках было совсем темно, стояла глубокая ночь, от которой веяло чем-то загадочным и таинственным.",0,Syntax,1,0.072834305
Поселок расположен вдалеке от реки.,0,Semantics,1,0.072834305
"Я рад, что он, наверное, вернулся.",0,Semantics,1,0.0729663
Взгляни на рисунок и вырежи из тонкого картона точно такие же очки.,1,0,0,0.07329728
"Он врет, что читал что-либо.",1,0,0,0.07343005
"Количество участников сократилось до шести, что означало, что пришлось сыграть 15 матчей.",0,Morphology,1,0.07369626
"Он давно пришел, а потом ушел.",0,Semantics,1,0.07376296
"Перед Иваном Грозным, взяв в 1552 году столицу Казанского ханства, встала задача расположить к себе новых подданных.",0,Syntax,1,0.07382972
"В России в ближайшем будущем возникнут как минимум два государственных банка, один из которых будет создан по инициативе правительства Москвы и будет финансируется из бюджета города.",0,Morphology,1,0.07416429
"Тот, кто сначала взял обязательство каждый день отжиматься на один раз больше и выполняет его, становится сильным!",1,0,0,0.074231364
"Что ж, тетка, даром жгёшь солому, варева не ставишь?",0,Morphology,1,0.07429851
Он затормозил не резко.,1,0,0,0.07429851
"Доктор, убеждая меня начать приём лекарств, говорил, что я совершенно уверен в успешности лечения и что сомневаться не стоит.",0,Syntax,1,0.074500255
"SpaceX официально приобрела в 1995 году ""Северный дом"" созданную компанию по производству теплообменников.",0,Syntax,1,0.07490527
"Если никто понял, я объясню.",0,Semantics,1,0.07490527
"Девочки, давай зайдем в магазин!",0,Syntax,1,0.07504072
"Увидевши в чем дело, Акакий Акакиевич решил, что шинель нужно будет снести к Петровичу.",1,0,0,0.075142466
Я не могу писать стихов.,0,Semantics,1,0.0751764
"История происходящих в фильме не изложена в хронологической последовательности, поэтому разгадку интриги можно обнаружить, как положено, только во второй половине.",0,Syntax,1,0.07538034
Он не был там и разу.,0,Semantics,1,0.07544843
"Он почему-то решил то, что ему надо срочно бежать на вокзал за билетом, потому что боялся опоздать.",0,Syntax,1,0.07551659
"И все по всей библиотеке разные предметы, разные пространства.",0,Hallucination,1,0.07558479
Аварии не имело места.,0,Semantics,1,0.075653054
Новые наночастицы позволяют быстро и проще очистить среду от загрязняющих веществ.,0,Syntax,1,0.075995214
Язык в моей семье и семье был русско-украинский.,0,Hallucination,1,0.07613248
Груша – довольно высокое дерева (некоторые сорта достигают в высоту до 20 метров).,0,Syntax,1,0.07613248
"Портмоне нашёлся, но вот денег и карт в нём не оказалось.",0,Syntax,1,0.07626997
Международная общественность хорошо понимает и заботится о решении социальных проблем в развивающихся странах.,0,Syntax,1,0.076338805
Ивана не было в своей комнате.,0,Semantics,1,0.076338805
Я обнаружил его лежащего одним на кровати.,0,Syntax,1,0.076407686
На дороге показался я.,0,Semantics,1,0.076614685
"Американская ""Богатейшая страна"" по версии журнала Econot признана самой успешной экономикой мира.",0,Hallucination,1,0.076614685
"Делегация направлялась к дому известного учёного, находившийся недалеко от главной площади.",0,Syntax,1,0.0766838
Начавшийся процесс его обращения надломился и прекратился трагически.,0,Semantics,1,0.076752976
Все россияне помнят и гордятся победой нашей страны в Великой Отечественной войне.,0,Syntax,1,0.07696084
Музей предложил ввести здание для экспонирования этой коллекции.,0,Semantics,1,0.07716922
По окончанию работ наладится бесперебойное движение транспорта.,0,Syntax,1,0.07723878
"Дон был известен за ""надёжные"" владения мяча, плотную оборону и хороший броском.",0,Syntax,1,0.07730842
"В этом году гонец спит, в котором говорится, что у королевы родился оборотень.",0,Semantics,1,0.0773781
Из Джона и Мери я больше люблю его.,0,Syntax,1,0.07751766
У его веры был рациональный характер.,0,Semantics,1,0.077587515
"Досхи считается один из меотских племен, живших в первом тысячелетии до Н. Э. на восточном и юго-восточном побережье Азовского моря.",0,Syntax,1,0.077587515
"Я стою поблизости от Центризбиркома и наблюдаю за тем, что происходит у входа.",0,Semantics,1,0.077727415
Кто-то из москвичек-конькобежек неудачно выступили на соревнованиях.,0,Syntax,1,0.07786754
Опасность подскользнуться на льду или соскользнуть по нему вместе с тонким слоем покрывающего его снега увеличивалась с каждым шагом.,0,Morphology,1,0.07814849
Он отличался большими способностями из своих сверстников.,0,Syntax,1,0.07814849
"После собрания кто-то сострил, что пока не разошлись, надо собрать новое собрание, чтобы подтвердить решение этого собрания.",1,0,0,0.07821887
Ученые описали похожий эффект при взаимодействии нейтронов с ядром кислорода воздуха.,0,Hallucination,1,0.078289315
"Наконец Карр вернулся домой и потом в офис Нью-Йорка, чтобы признаться в преступлении.",0,Semantics,1,0.07843036
У него было неизъяснимое блаженство.,0,Semantics,1,0.07850098
Когда-нибудь и тебе будет доводиться спать в кресле.,0,Semantics,1,0.07885492
В ноябре 1930 года открыли железную дорогу до Рапла после заезда на поезда.,0,Hallucination,1,0.07906799
Он с бешенством принял возражения оппонента.,0,Semantics,1,0.07913913
Разве может ведьма сразу у всех коров молоко застоить?,0,Semantics,1,0.07921033
Источник сообщил о состоянии здоровья Савченко после операции на мозге.,0,Syntax,1,0.07942426
Дети с трудом испугались.,0,Semantics,1,0.07956718
"Пока мы ехали, на тройке уздечки звенели звоном.",0,Semantics,1,0.07978202
Мне его няня передавала.,0,Semantics,1,0.07992552
"Три часа длился бой, затем гнали противника из деревни и по болоту.",0,Syntax,1,0.07999737
Только ты можешь дать мне горе.,0,Semantics,1,0.080069266
Я останусь и смотрю на нее.,0,Syntax,1,0.08014123
"Судя по едва заметной улыбке, которая то и дело касалась, но не коснулась губ девушки, к ней вновь вернулись хорошее расположение духа.",0,Semantics,1,0.08028533
"Стандартные модели 200 имели кузова четырёхдверный седан, двухдверное купе и трьхместное бизнес-купе (без задних сидений) и пятидверного бизнес—купе.",0,Hallucination,1,0.08028533
"Если Иван-то справится, я первый буду удивлен.",0,Semantics,1,0.08050193
В результате этого он получил оспу.,0,Semantics,1,0.08050193
Было начато строить новый район.,0,Syntax,1,0.080574244
Мая: Давайте останемся здесь вместе... и... никогда не уходим.,0,Syntax,1,0.08064662
"Важно следить и анализировать процессы, происходящие в современном языке.",0,Syntax,1,0.08064662
"Наверное, я казался себе смешным.",0,Semantics,1,0.08064662
"Заканчиваем перерыв, приступаем за работу!",0,Syntax,1,0.08064662
Поговорительница Пресли поссорилась с поп-звездой из-за этой проблемы и столкнулась с непокорным Джексоном после встречи в Неверленде.,0,Morphology,1,0.08071905
Я получил к нему склонность.,0,Semantics,1,0.08100938
В поселке не есть врач.,0,Syntax,1,0.08100938
"Каждое утро мимо нас по коридору проносили большие термоса и корзинки с провиантом для наркома на случай, если он в обеденное время окажется здесь.",0,Morphology,1,0.08108211
Сегодня отца еще не было дома.,0,Semantics,1,0.081300676
По окончанию института Григорий отправился на стажировку в Англию.,0,Syntax,1,0.08144666
"Все детство я знал немецкий язык, а потом забыл.",0,Semantics,1,0.08151975
"И Иван, я поступил в институт, очень обрадовался.",0,Syntax,1,0.08159291
Малыш уже уверенно читает слова через мягкий знак.,0,Syntax,1,0.08159291
Этот стол был очень тяжелым.,1,0,0,0.08181272
Мы дали металлу твердость.,0,Semantics,1,0.0818861
"Там нет ни трудностей, ни всяких интересных задач.",0,Semantics,1,0.08203306
В США в 2003 году состояли 35 сотрудников газеты.,0,Syntax,1,0.08210663
В этой реке есть много рыбы.,0,Semantics,1,0.082180254
Он посещает полдюжины тюрем.,0,Semantics,1,0.08232769
Девушек на сцене не пело.,0,Semantics,1,0.08247537
Должен ли мы позвонить ей?,0,Syntax,1,0.08247537
"Запомни, мои друзья: Том здесь был до того, как вода потекла и деревья выросли.",0,Syntax,1,0.08262329
"По приезду в санаторий мы тут же созвонились с родными, сообщив приятную новость.",0,Syntax,1,0.08291985
"Если три судьи говорят ""Да"" то проходит дальше по правилам.",0,Syntax,1,0.0832174
Экономисты говорят о снижении инфляции и что задержки зарплаты больше не будет.,0,Syntax,1,0.08336651
Его слова не могли убедить кого-нибудь.,0,Semantics,1,0.083441176
План два года предусматривал постройку школы.,0,Semantics,1,0.083441176
На тротуаре каждый день спотыкалось по старушке.,0,Semantics,1,0.083740406
Тяжелые мне минуты сомнения.,0,Semantics,1,0.083890386
На мгновение у нее острое желание бросить их ему в лицо.,0,Semantics,1,0.083890386
"Кто бы ни приезжали в наш городок, все поражались чистоте и опрятности, в какой содержатся дворы, улицы, пристань.",0,Syntax,1,0.08404061
"Он был квартирмейстером и казначеем в Костромском пехотном полку, дослужился до штабс-капитана и вышел капитаном в отставку с шестистами рублями ассигнациями пенсии.",0,Morphology,1,0.08426642
"Когда ты не знаешь, как играть?",0,Syntax,1,0.08449275
Бабушка до сих по любит его без памяти.,1,0,0,0.08471964
"Старинные зарадужелые стекла в рамах вспыхивали, как живые, и мне все казалось, что там, за окошками, кто-нибудь тихо плачет и скребется.",0,Semantics,1,0.08487122
"Среди домов, построившихся на этой улице, было несколько многоэтажных.",0,Syntax,1,0.08487122
"Она большая молодец — плаванием занимается, недавно выиграла соревнования.",1,0,0,0.08502305
"Он в таком восторге от всего, что связано с Францией, что хочет жениться на какой-нибудь француженке.",0,Semantics,1,0.08509905
"В начале марта, несмотря на весну, намело столько снегу, что на расчистку дорог была направлена рота солдат.",1,0,0,0.085632786
Но над святым островом поцарствовала ночь – а ночью обычные птицы не покидают своих укрытий.,0,Semantics,1,0.08578584
Толпа рассеялась один за другим.,0,Syntax,1,0.08578584
"Будь добра, бери-ка его с собой!",0,Semantics,1,0.086400524
"С тех пор как он час назад ей позвонил, она была как на иголках.",0,Semantics,1,0.086554825
Разницы не усматривается невооруженным глазом.,0,Semantics,1,0.086864166
"Как ты хочешь, чтобы я написал?",0,Syntax,1,0.086864166
Чего ты поел и попил лимонада?,0,Syntax,1,0.08694165
К ска все привыкли к одинаковому отношению.,0,Hallucination,1,0.087174505
"Она глупая, а умная.",0,Syntax,1,0.08740792
На чем они разговаривают?,0,Syntax,1,0.08740792
"В прошлое воскресенье я уже два часа гуляю по улицам, и вдруг...",0,Semantics,1,0.08756384
Он промахнулся в окно бутылкой.,0,Syntax,1,0.08756384
"Он существовал, и между прочим существовал он неплохо.",0,Semantics,1,0.087641895
Блум болен энцефалитом на греческом острове Кипр.,0,Semantics,1,0.088033125
Он получил пожатие руки.,0,Semantics,1,0.08811155
По прибытию на вокзал Анита немедленно бросилась звонить матери.,0,Syntax,1,0.08819005
"Белорусский биатлонист выступил в эстафете, которая завершилась на четвертом место.",0,Syntax,1,0.08858347
Brexit продемонстрировал высокую степень выраженности метастазов рака кожи и молочной железы.,0,Hallucination,1,0.088820286
Тормозов не лязгало.,0,Semantics,1,0.088820286
"Ей подумалось, что так её отражение выглядит более красивее обычного – лицо стало круглее, не такое худое и хмурое.",0,Morphology,1,0.08889936
"Вдобавок, в коридоре было холодно, и мальчик совсем озябнул.",0,Morphology,1,0.089057684
"Воспользуйтесь прокат автомобилей и 24-часовой прием, чтобы вы могли испытать свой пребывание, как вы хотите.",0,Syntax,1,0.08921626
Как долго вам потребовалось написать отчет?,0,Semantics,1,0.0894546
А вы ему кем придетесь?,0,Morphology,1,0.0894546
Случаи пива вылетели на улицу.,0,Hallucination,1,0.089693524
"Ральф считает про человека в желтой шляпе, что он шпион.",1,0,0,0.08977329
Вася и Маша целовались друг с другом.,0,Semantics,1,0.09017308
"Многие из тех, кто прошли войну, уже не могут участвовать в парадах и праздничных шествиях.",0,Syntax,1,0.09033345
"Согласно приказа директора, победители школьной олимпиады получат дипломы и подарки.",0,Syntax,1,0.09045389
Она с любопытством поглядывала на меня вблизи.,0,Semantics,1,0.090494074
"Вдали грузинские деревни казались прекрасными садами, а вблизи я увидел несколько бедных саклей.",0,Semantics,1,0.090494074
"Я, как только увидел пропажу, выпил и схватился за голову.",0,Semantics,1,0.09069521
Брюки у пояса мне узки.,0,Semantics,1,0.09073549
"Агриппа Неттесгеймский в 1519 г. спас тем, что вмешался, одну женщину, из деревни Войппи, обвинённую инквизиционным судом в ведовстве.",1,0,0,0.09081609
"В Париже я, может быть, встречу друга, которого буду знать со школы.",0,Semantics,1,0.09081609
Больницу принес обозу приказ комбата занять больницу очередной день.,0,Syntax,1,0.091058284
Под впечатлением от симфонии я захотел больше узнать о создателе.,0,Syntax,1,0.091058284
Афанасьевна и Софья стояли невдалеке и слушали.,0,Semantics,1,0.091139145
"Но я имею в виду, что в дальнейшем не представляется немыслимым, что люди будут членами двух социальных сетей.",0,Semantics,1,0.091220066
"Я протянул ему ложку, которую Сев выразил желание держать самому.",0,Syntax,1,0.091301054
Я не воспринимаю ненависти.,0,Semantics,1,0.091301054
"В большинстве городов и общин немецкого пространства имя носит школа, европейская улица, площадь и мост.",0,Hallucination,1,0.091625646
Она накупила кучу эту тряпку.,0,Syntax,1,0.09170697
"Я слышал вой и лай собак и радовался, воображая, что город недалеко.",1,0,0,0.09178834
Вы один показались мне веселыми.,0,Syntax,1,0.09203287
"Я не сомневался, что операция, однако, увенчается успехом.",0,Semantics,1,0.09276993
"Что полиция арестует несколько демонстрантов, не вызывало сомнений.",0,Syntax,1,0.09285216
"Я вижу здесь больших деревьев и слышу, как повсюду раздаются веселые голоса ребят и их задорный смех.",0,Syntax,1,0.09285216
"Кафка уверена в том, что он был знаком с мужской семьей раньше.",0,Syntax,1,0.092975624
"Обвиняемый в нанесении имущественного ущерба, оцененный во 1 млн фунтов, обвинили полицейскими.",0,Syntax,1,0.09326427
Но где-то в тысячу девятьсот восьмидесятом году какая-то деталь не сцепилась.,0,Morphology,1,0.09334688
"Я не узнал своего любимого деревца: его ветви обрубили, расположенные низко.",0,Syntax,1,0.09342956
Они помнили его талантливыми.,0,Syntax,1,0.093595125
"Я хочу, чтобы в комнате был виден беспорядок, все стоит вверх дном.",0,Syntax,1,0.093595125
"Мне стало холодно, и побежал в дом.",0,Syntax,1,0.093760945
"Во время ремонта пришлось не только менять все окна, но и межкомнатные двери.",0,Syntax,1,0.093760945
Они попели песни у костров.,1,0,0,0.09384396
В первую зону парка можно увидеть гнездовье.,0,Syntax,1,0.09392703
Это был первый чемпионат мира в своей карьере.,0,Morphology,1,0.09426001
Этот будь был очень тяжелым.,0,Syntax,1,0.09426001
"Пентагон вложил на 1 млрд немецких марок в расширение своей базы Фильсэкке, заявил генерал.",0,Syntax,1,0.094426885
"Солдат умолк, нахмурился, исподлобья посмотрел на мать, которая сидела, за всё время не пророняя слов.",0,Morphology,1,0.09446865
Кого Петя увидел и убежал!,0,Syntax,1,0.09488717
Никто не был дома.,0,Semantics,1,0.09509706
"М. Б. Барклай-де-Толли был одним из военачальников, удостоенный ордена Святого Георгия за участие в войне против французов.",0,Syntax,1,0.09526526
"В шкафу стоят книги, на полках лежат не только газеты, но также и стеклянная посуда.",0,Syntax,1,0.09526526
Невдалеке от горы стояла сакля.,0,Semantics,1,0.09534946
Мой друг коренной москвич и проживает в чем-нибудь на Преснена улице Заморенова.,0,Syntax,1,0.09568694
Он существует в Киеве.,0,Semantics,1,0.09568694
"Погибло около 8000 человек как советских, так и японских войск.",0,Semantics,1,0.095729195
Рыбы не пахло.,0,Semantics,1,0.09619517
"Все сбились с ног, готовясь к празднику, отдавая и принимая распоряжения, ругаясь, споря, моя полы, чистя синеющим мелом темное тяжелое серебро икон.",1,0,0,0.09623762
Все наши стены наклейки подходят для обоев woodchip!,0,Hallucination,1,0.09670579
"Тревожный человек может расслабиться и успокоиться с помощью лекарств от тревоги, и они могут помочь устранить неприятные симптомы, которые приходят с тревожностью.",1,0,0,0.096833825
"Я хочу, чтобы они зайдут, а ты спрятался .",0,Syntax,1,0.09713317
Математика и естественные науки преподавалась.,0,Syntax,1,0.097218834
Поздравляю с днём рождением и желаю долгих лет жизни!,0,Morphology,1,0.09730459
Послезавтра температура у больного снижается до нормы.,0,Semantics,1,0.0973904
"Я в поте лица зарабатываю скромное жалование и скапливаю по крохам, чтобы купить себе в конце недели килограмм сосисек.",0,Morphology,1,0.097734325
Вторая существовала с 1852 по 1973 год и была объединена с частими округа Дурхам в Дурхамский региональный муниципалитет.,0,Morphology,1,0.097734325
Комиссия разбираться в причинах аварии приступила к работе.,0,Syntax,1,0.09799297
Она сидела близко от меня и плакала.,0,Semantics,1,0.09825224
"Прямо напротив пляжа и в нескольких минутах ходьбы от супермаркета, пабов и пляжного бара.",1,0,0,0.09825224
Компании повышают ценообразование за счет целевого ценообразования на основе созданных профилей.,0,Hallucination,1,0.098512106
"Когда вода перевернулась в океан, пошла на круговорот.",0,Semantics,1,0.09890306
"Как только прозвучал третий звонок, но вдруг у меня тоже зазвенел телефон.",0,Syntax,1,0.09894658
Она неправильно приняла возражения оппонента.,0,Semantics,1,0.099120855
"Кемь является одним из самых старых городов России, расположенный на Белом море.",0,Syntax,1,0.09920809
Вы пила лекарства?,0,Syntax,1,0.09973295
"Горная Шотландия отличалась от равнинной не только рельефом, а и культурными особенностями.",0,Syntax,1,0.0997768
"На охоте неудачники, у которых всех любили накормить инспектор.",0,Hallucination,1,0.1003925
Посмотрел на я Ивана.,0,Syntax,1,0.10052487
На диване удобно Маша.,0,Semantics,1,0.100701615
У меня в саду гусеника.,0,Hallucination,1,0.10079008
Макманус сыграет в роли Джозефа Сuttonа.,0,Hallucination,1,0.10083435
"Каждый раз смешно до него, когда он делает такое лицо.",0,Syntax,1,0.100967236
Он шел в магазин?,0,Semantics,1,0.10123348
"Клиент написал мне, что проживает в Москве на Пресне на чем-то, но не назвал точный адрес.",0,Syntax,1,0.101767845
Я с трудом был целый день дома.,0,Semantics,1,0.10181249
Он расстался с не более тысячью рублей.,0,Syntax,1,0.10194652
Всего мы прошли пешком около пятиста километров.,0,Morphology,1,0.10221505
Никого не было холодно.,0,Syntax,1,0.10230471
"Стоя у двери, Ане был слышен весь разговор.",1,0,0,0.10239443
"Но он ушёл, потому что Катя.",0,Syntax,1,0.10248422
"Плоховато одетый, из плохой квартиры, с пятидесятью рублями наличности.",0,Morphology,1,0.102889135
Он наконец-то получил какие-то деньги за свою работу и пошел покупать сахар ими.,0,Syntax,1,0.10293422
Детей не разговаривало на уроке.,0,Syntax,1,0.10302443
"Жирафы могут опускать шею почти до земли, чтобы попить воды, и положить себе на бедра для отдыха, отвернув назад.",0,Syntax,1,0.10306955
Зимой склоны Арагаца доступны только вездеходу с закреплёнными по бортам используемыми брёвнами для преодоления особенно глубоких рвов.,0,Syntax,1,0.103205055
"В этот день, 20 июля 1944 года, был предпринят попытка погубить его жизнь.",0,Syntax,1,0.103295475
Он получил промывание желудка.,0,Semantics,1,0.10365786
Однажды он был встречен ею принаряженной.,0,Syntax,1,0.10379404
Земли эльфов находятся в севере от Империи.,0,Syntax,1,0.10388491
В тот момент Ян дважды ударял Павла.,0,Semantics,1,0.104021356
"Села розовая птица на песчаный берег и так неторопливо сложила свои волнистые крылья, что как будто кружевной подол платья подобрала.",0,Syntax,1,0.10443165
"Десятилетие за десятилетием автомобиль становился всё более комфортным и безопасным, но в то же время наращивал массу: увеличивал габариты, оснащался различными системами безопасности.",1,0,0,0.10447732
"Русской физиологической наукой накоплен огромный фактический материал, основанный на экспериментальном изучении функций центральной нервной системы человека и животных.",1,0,0,0.10447732
Он сейчас заходит к приятелю.,0,Semantics,1,0.10456873
Открыто место нахождения объектов в Тихом океане у побережья Чили.,0,Semantics,1,0.104980916
Пальцы у него нежно гладили переплет книги.,0,Semantics,1,0.10516457
Он ест одну мо ковку.,1,0,0,0.10530251
Потом дорога входит в леВскоре она выходит к реке.,1,0,0,0.10548666
"Большая ихчасть была официально ввезена на Тайвань по поддельным документам от ""China al"".",0,Hallucination,1,0.10548666
Я влюблен в тебя и хочу выйти за тебя замуж.,0,Semantics,1,0.10548666
"Он молча посмотрел на нее, как будто что-нибудь взвешивая.",0,Semantics,1,0.10553274
"Но Джул не ошибалась, и Томсон, тщательно подумав, согласился с ним.",0,Syntax,1,0.10571724
Этот грипп был очень тяжелым.,1,0,0,0.10580961
Из всех четырех углов зала поднимались лестницы этого белого камня.,0,Syntax,1,0.10580961
"Провалитесь они, эти книги!",0,Semantics,1,0.10631887
Никто обвинял не христиан и не русских.,0,Semantics,1,0.10631887
"Забытые воспоминания можно вернуть, если активировать клетки, отвечающие за доступ к хранящейся информации в мозге.",0,Syntax,1,0.10650459
Они начались заменять на электронные с 1984 года.,0,Morphology,1,0.10650459
"EMV первоначально представляла собой Europay, Mastercard и Visa, три компании, которые создали стандарт.",0,Hallucination,1,0.106551066
С того времени русские люди заговорили и записали двоечленными предложениями.,1,0,0,0.106644064
Колонизаторы сводят под корень — на топливо — почти все леса и устроили на их месте пастбища.,0,Syntax,1,0.107437484
"И сейчас метеорологи в своих предсказаниях погоды опираются на некоторые народные приметы, дающих довольно точный прогноз.",0,Syntax,1,0.10762492
"Мы изучили недры Земли хуже, чем поверхность Марса или Луны.",0,Morphology,1,0.107812636
"Дедушка, рассказав историю своей жизни, с горечью отметил, что мы, к сожалению, не всегда понимаем и доверяем друг другу.",0,Syntax,1,0.10800065
"Максим Горький писал, что: «Надо говорить по-русски, а не по-вятски и не по-балахонски».",0,Syntax,1,0.108471945
"Напротив, нихилистическим ядром этой политической экономики является воля и относительная свобода пересекать границы добра или допустимого, включая мораль и положительный закон.",0,Morphology,1,0.10889766
Меня никогда в этом доме не было.,0,Semantics,1,0.10903989
"Потому что его убило, другой головы не поднимает.",0,Syntax,1,0.10932483
"Как ты не думаешь, что я должен это готовить?",0,Syntax,1,0.10941996
"Это действительно показывает вам, что мы не видели хорошего экономического прогресса и прогресса в области здравоохранения нигде в мире без разрушения климата.",0,Syntax,1,0.109562784
"Он сейчас направлялся в лапы той компании, о чем мы говорили.",0,Syntax,1,0.10961044
"Я хочу, чтобы ты вернешься а я уйду.",0,Syntax,1,0.10961044
"Получив данные, будет выбран самый благоприятный момент для нанесения удара.",0,Syntax,1,0.10965809
История обогатила нас новыми идеями и расширяет наш умственный горизонт.,0,Syntax,1,0.109705776
"Занятий, я рад, не будет.",0,Semantics,1,0.109705776
"Автор книги хотел как можно подробнее рассказать об этих людях, самих хозяевах своей судьбы.",0,Syntax,1,0.10989668
"Нет никого без греха, и это.",0,Syntax,1,0.11051915
"Газет он не читает, а просматривает.",0,Semantics,1,0.11061518
"Занятий, мне жаль, не будет.",0,Semantics,1,0.110663235
Много критических замечаний и ценных предложений было внесено в ходе обсуждения вопроса.,0,Syntax,1,0.11080748
"Ученик не врет, что читал что-либо.",0,Semantics,1,0.110951886
"Название последнего диска с участием основателей группы, музыканта и композитора Мортен Веланд попало в список записей.",0,Syntax,1,0.110951886
"Особенно когда в полутораста метрах позади лежал скелет ящера, убитого человеческим оружием.",1,0,0,0.11104825
"В ООН призвали не дать ответ на вопросы об антикоррупции, почему возник ""этотизм"".",0,Syntax,1,0.111096464
Она живет в маленьком городе близ Курска.,0,Semantics,1,0.111096464
"Близ пустынных развалин Лакедемона встретил девушку, похожую на изваяние древней богини.",1,0,0,0.11114469
Он подошел рядом со мной.,0,Semantics,1,0.11138611
"Зато они и жили в Коломне, которая он не помнил того, чтобы которая так уж пострадала.",0,Syntax,1,0.111627996
Некоторые европейские страны продавали Patrol в течение некоторого времени как «Эбро Патрол».,1,0,0,0.111627996
Перемен в технической политике фирмы не началось.,0,Semantics,1,0.11172486
Многие млекопитающиеся (а звери ― это как раз и есть млекопитающиеся животные) кусают очень похоже на нас с вами.,0,Morphology,1,0.11172486
Коли где-то не было.,0,Semantics,1,0.11172486
Возле старого голландского здания с аркадами в нижнем этаже ос тановились.,1,0,0,0.11182181
Резко он не затормозил.,0,Semantics,1,0.11187033
"Иван воскликнул, что какой у нее голос.",0,Semantics,1,0.11191885
"Мальчишек не столько беспокоило будущее их проекта, сколько его настоящее, потому что сейчас ребятам не хватало материалов для работы.",0,Syntax,1,0.111967385
"Для кого ты не знаешь, как добыть сведения?",0,Syntax,1,0.112064525
"В этом есть необходимость, так как очень много яблоков я набрала с собой.",0,Morphology,1,0.112113126
"Я хочу, чтобы они зашли, а ты спрячешься.",0,Syntax,1,0.11240509
Всю молодость она была красива.,0,Semantics,1,0.11240509
"Вчера Миша купили книгу, а Коля компакт-диск.",0,Syntax,1,0.11240509
"Рука человека написала книгу, душа человека выразила долю своей сокровенной жизни.",1,0,0,0.112991005
"Уровень детской смертности снижается из-за женщин в общине, которые борются за надлежащие практики здравоохранения.",1,0,0,0.1133831
Я вчера получила в ГУМе ботинки.,0,Semantics,1,0.11353044
"Ключ к успеху США в Афганистане была готовность Вашингтона оказывать поддержку собственным программам афганского правительства, а не жестоко навязывать свой собственный повестку дня.",0,Syntax,1,0.11367795
"Оказалось, шуршание фольги, постукивание ложкой омиску и даже звон бокалов провоцирует припадки у кошек.",0,Syntax,1,0.11387488
Студент готовится всякий сдавать экзамены.,0,Syntax,1,0.11397346
"Добравшись до места назначения, у нас было достаточно времени для приготовления ужина.",0,Syntax,1,0.11436852
В департаменте обороны военные службы могут объединить все подразделения военнослужащих на собственные разведысвательные элементы в своих запасах.,0,Morphology,1,0.11446747
"Есть неловкие смены со второго на третьего, и длинные отрывки относятся к доктору Садлеру в третьем лице.",0,Hallucination,1,0.11451697
"По словам его жены, Ростоцкий целый день жалуется на сердце, однако машину повел сам.",0,Syntax,1,0.11456651
Новый сотрудник не принят.,0,Semantics,1,0.114665605
"Олег Александрович хотел, чтобы я напомнила руководителю музыкального кружка, чтобы она уточнила репертуар ансамбля на ближайшее выступление.",0,Syntax,1,0.11486402
Бабушка вяжет шарф и подарила его своему внуку.,0,Syntax,1,0.11506276
"Пишу вам из деревни, куда заехал вследствие печальным обстоятельствам.",0,Syntax,1,0.11566073
"Порази толпу ужасом, который бы отнял какую-либо способность к сопротивлению.",0,Semantics,1,0.11566073
"Пил чай то с вахтером, то сторожем.",0,Syntax,1,0.11571067
Вид питается насекомыми в течение дня.,0,Semantics,1,0.11586064
Они грелись вблизи костров.,0,Semantics,1,0.11596072
"Посыльный молча поднялся со стула и выскочил из комнаты, прихватив пустые термоса.",0,Morphology,1,0.116915174
"Она так и сидела в гостинной, окруженная полторастами произведениями своей коллекции.",0,Morphology,1,0.11711697
"И в подтверждение того, что она — Красавка, лошадь медленно по вернулась в нашу сторону.",1,0,0,0.11716748
Только ты можешь дать мне страдание.,0,Semantics,1,0.11742025
"Чтобы отмазать от шестимесячной военной подготовки, мало какая семья будет платить несколько тысяч долларов взятки.",1,0,0,0.11747085
Побережья Иванова и Кохма прошли на севере.,0,Semantics,1,0.117572136
"Искренне благодаря отца за неоценимую помощь, я всё же вопреки его совета решил уехать из родного города.",0,Syntax,1,0.1176228
Сотрудница Utair впервые самостоятельно провела поиск сотрудника на предприятии и получила премию EUR10 тыс за это.,0,Hallucination,1,0.11807966
"Говорят, если хочешь рассмешить Господа Бога, будь рассказывать о своих планах.",0,Syntax,1,0.11813053
На каждую из фраз Наполеона Балашов хотел и имел что возразить.,1,0,0,0.118232295
По окончанию Лицея Пушкин стал жить в Петербурге.,0,Syntax,1,0.118232295
"Я бежала, как бежит собака. .",0,Syntax,1,0.118487075
"Когда по истечению четырёх лет пребывания в Швейцарии Николай вернулся в свой маленький уездный город, он удивился тому, насколько тот изменился.",0,Syntax,1,0.118640155
Как мама потом нашла у дочки в шкафе этот свёрток с бельём и стала сама для неё вручную делать бельё маленьких размеров.,0,Morphology,1,0.118691206
"Даня не любил учителей, которым был Иван.",0,Syntax,1,0.11884452
"Тот добровольно объяснил, как бы это хотела выйти в отставку.",0,Syntax,1,0.11889566
Спортсмен дрался как лев и тигр.,0,Syntax,1,0.118946835
"Полярный медведь, для развития пальто, займет тысячи поколений, может быть, 100 000 лет.",1,0,0,0.118998006
"Если ты будешь решать любую из этих задач, то пользуйся аналитическими уравнениями.",0,Semantics,1,0.11910043
"Нельзя не обратиться ни к кому, когда чувствуешь себя таким не счастным.",0,Semantics,1,0.119151674
Он сейчас спит в течение некоторого времени.,0,Semantics,1,0.11920291
Она берет теорию гранулярного пламени.,0,Semantics,1,0.11935681
Необходимость в сумке-термосе может возникнуть во время длительной поездки на машине либо по приезду на дачу в жаркий полдень.,0,Syntax,1,0.11961367
"Эта история - из категории тех мамочек-золотоскатлиц, которые рассказывают моей дочери перед сном-золотоскатлицам.",0,Hallucination,1,0.11976801
"Ляжьте, пожалуйста, на тахту.",0,Morphology,1,0.11976801
"Но для того, чтобы действительно личность движения, они хотели назвать ее.",0,Hallucination,1,0.11987099
"Здесь ещё осталось несколько ветхих деревянных домишек былых, запущенных деревень.",0,Morphology,1,0.11987099
"Первый огонек блеснул вдали, на противоположной горе, в одиноком домике.",0,Semantics,1,0.11992252
"Ведь это вышло, что в Совет федерации не тех назначили.",0,Syntax,1,0.11997406
"Я чувствую, что он, наверное, где-то поблизости.",0,Semantics,1,0.1200772
"Не зная китайской жизни, китайских традиций, читателю эта мысль может показаться странной.",1,0,0,0.120438814
"Им купе бесплатно, а мы за него плати — но мы этого делать не будем.",0,Semantics,1,0.12147717
Ответственные сторожи проверили пропуск у всех.,0,Morphology,1,0.12158143
"Как по ту сторону возникло простое ясное лицо встречающего, едва отец Мухина по-хозяйски постучал в неё кулаком.",0,Syntax,1,0.12199921
Ученые создали органическое соединение из 1-го и второго родственных организмов.,0,Hallucination,1,0.12199921
"Он не побил Вани кулаками, но, увернувшись от его ударов, швырнул противника наземь через бедро.",0,Semantics,1,0.12220857
У него было много любых дел.,0,Semantics,1,0.12226098
Она стояла у брата.,0,Semantics,1,0.12236581
"Чайки, тревожно крича, летали над морем, вот уже несколько дней не желавшему успокоиться и продолжавшему биться о скалистый берег.",0,Syntax,1,0.12252322
Много ребят накупили хорошую книгу.,0,Syntax,1,0.12257572
"Концерт состоит из трёх движений примерно одинаковой длины, которые длятся всего менее 30 минут.",0,Semantics,1,0.12262824
Вы один показался мне веселым.,0,Syntax,1,0.12268078
Вани здесь ни разу не было.,0,Semantics,1,0.122838534
"Два свитера и пара джинсов, севших после стирки: пока живот не подберешь, не влезешь.",1,0,0,0.122996464
"Только телезрительское голосование определило победителя отбора в Киеве, хотя жюри заявили, что хотел бы увидеть Диму Билана.",0,Syntax,1,0.12320729
"Это наш корреспондент, который сейчас находится в городе, который подвергся бомбардировке.",0,Syntax,1,0.12389466
"Он почувствовал, что мороз.",0,Syntax,1,0.124053754
"Перед кем ты не знаешь, как выступать?",0,Syntax,1,0.12410682
"С ее помощи получаются таблицы которые определяют органы официальой госстатистики,рассчитанной по данным предприятий и организаций.",0,Syntax,1,0.12485182
На нашей фабрике существует доктор.,0,Semantics,1,0.12495857
Приехавшие делегаты на конференцию должны зарегистрироваться согласно установленной процедуре.,0,Syntax,1,0.12501197
Охота же вам было жениться!,1,0,0,0.12511882
Вчера я имела собрание.,0,Semantics,1,0.12570794
"Имеет китайское происхождение, но в указанных странах считается национальным и популярностью в качестве уличной еды.",0,Syntax,1,0.12635334
"Позже, во время драки между Рэпторами и Снайпом, все случайно были заперты в одной камере, кроме Льюги.",1,0,0,0.1266231
"Чего только не было: копчёные окороки, настоящее салями, мясо, яблоки, пироги!",0,Morphology,1,0.12683924
"Я хорошо знал и искренне восторгался сильным и одновременно мягким, деликатным характером своего отца.",0,Syntax,1,0.12683924
"Когда каждый высказал свою точку зрения, нами, взвесив все за и против, было принято компромиссное решение.",0,Syntax,1,0.12710989
"Торговля реальными деньгами на виртуальном рынке выросла, чтобы стать многомиллионной индустрией долларов.",0,Semantics,1,0.12716407
"Журналист беседовал с командой футболистов, принявшими участие в чемпионате мира.",0,Syntax,1,0.12836117
На улице не идет дождя.,0,Semantics,1,0.1284158
Эта лекция ни из чего разозлила меня и расстроила из-за потраченного впустую времени.,0,Syntax,1,0.12847047
"Докладчик заострил внимание на вопросе, что нередко поднимается на подобных собраниях.",0,Syntax,1,0.12907304
"Людей ругают или хвалят за ихние дела, а не за национальность.",0,Morphology,1,0.12918286
"Когда мы ходим на работу, покупаем квартиру, пытаемся поспекулировать акциями или валютами, то все наши действия направлены на получение доходов.",0,Semantics,1,0.12995382
"В Москве состоялось совещание директоров школ по вопросам, касающихся выпускных экзаменов.",0,Syntax,1,0.13000904
"Ей снится, что будто бы она идет по снеговой поляне, а вокруг птицы чудные летают.",0,Syntax,1,0.13011953
"Он направил кулак в эту сторону, а надо ту.",0,Syntax,1,0.1302301
Ефрем управлял одновременно и Ростовской епархией после смерти в тысячу девяностом году епископа Исайи.,0,Morphology,1,0.13061774
"В конкурсе «Библиокросс» выигрывает участник, прочитающий наибольшее количество книг.",0,Syntax,1,0.13095081
"Даже если младенец крепко спит за два часа, обычно случаются кратковременные пробуждения.",0,Semantics,1,0.13139598
Посреди глазного дна человеком имеется «жёлтое пятно».,0,Syntax,1,0.13139598
Однако вскоре его заменили и курировали только бюджетное отделение (диван Аль-Азима).,0,Hallucination,1,0.13178657
Он сейчас трижды целует ее.,0,Semantics,1,0.13195425
"Пистолет лежит на шкафе, возьми его и сразу беги из дому.",0,Morphology,1,0.13324594
Она приняла редактирование сборника.,0,Semantics,1,0.13347168
"В чешские газеты было отправлено письмо, содержащее информацию о предполагаемом будущем убийстве президента Гавеля четырьмя или пятью членами и их местонахождении.",0,Syntax,1,0.13398077
"Победитель чемпионата Румынии с ФК ""Униря"" стал победителем чемпионата 2008-09.",0,Hallucination,1,0.13403744
"В Германии скончался игрок ""Легенкхорена"", который оставался предан клубу.",0,Morphology,1,0.13488983
Император поддерживал проводившуюся политику индустриализации страны министром С.Ю.Витте.,0,Syntax,1,0.13500383
Том больше не выходит с Марией.,0,Semantics,1,0.13506086
"Ещё 21% ответивших предполагают уехать на срок больше пяти лет, т. е. не возвращаться сразу после учёбы.",1,0,0,0.13517499
У него на лице есть улыбка.,0,Semantics,1,0.13523209
Римский папа Иоанн Павел I занимал пост главы католической церкви всего 33 дня и умирает от инфаркта.,0,Syntax,1,0.13540348
"Однако космонавты испытывают состояние ее, так как они как бы все время падают на Землю, но промахиваются.",0,Syntax,1,0.13546064
Четыре года спустя на лице журналистки Агаповой появится глубокий след от удара металлической рейсшиной.,0,Semantics,1,0.13546064
"В нём совмещались те чисто русские, мужицкие черты, которые в соединении дают возвышенный образ, делавший иногда не только нашего солдата непобедимым, но и великомучеником.",0,Syntax,1,0.13546064
График проведения ремонтных работ в цехах завода был нарушен вопреки указания директора.,0,Syntax,1,0.13591877
"Лежавшая книга на полке была той самой, которую я давно искал.",0,Syntax,1,0.13620575
"Возьми из моего кармана ключ, он мне мешает.",0,Semantics,1,0.1362632
Он дал ему упрек.,0,Semantics,1,0.1363207
"По летней привычке стол ещё накрывался на улице: мой единственный приносил вечно разбредающиеся по двору стулья, я застилала скатерть с фруктовым узором на стол.",0,Semantics,1,0.13706976
"Отец часто говорил, что очень любит шахматные соревнования и ловить рыбу.",0,Syntax,1,0.13747455
"Рецепт чипы с сыром, маниоком и яйцами.",0,Morphology,1,0.13764834
"Бесстрашные пастушьи собаки встречаются в горах, которые нехотя встают из колеи, уступая дорогу автомобилю.",0,Syntax,1,0.13788036
"Я жил хорошо, потому что в Москве.",0,Syntax,1,0.13828714
"У него были сухие, а раз так, сообразит разве, что у кого-то могут быть мокрые?",0,Semantics,1,0.13834533
Калязинской ПМК-500 требуются шофера для работы на автомашинах ГАЗ-52 и ЗИЛ-585 со сдельной оплатой.,0,Morphology,1,0.1384618
"Нам нужны рыночные стимулы - налог на CO2, каприз и торговля - что-то, что получает этот ценный сигнал там.",0,Hallucination,1,0.13869494
Близ кресла на небольшом коврике лежала кошка.,0,Semantics,1,0.13945496
"Легенда французской группы Mixed air назвала две версии своего сочинения для ""Евровидения"" после того как изменила название на ic Diion.",1,0,0,0.13951358
"Таким образом, нет дискуссий: эта задача требует непрерывной преданности и духа непрерывного самопожертвования его и его людей.",0,Hallucination,1,0.13974822
Она неправильно принимает искусство.,0,Semantics,1,0.13974822
Есть блины с вареньем вкусное.,0,Syntax,1,0.13986564
Девочка хочет мать купить ей куклу.,0,Syntax,1,0.1399244
"Он по жизни, так что эта ситуация тоже не будет исключением, ни на что внимания не обращает.",0,Syntax,1,0.14027736
"Но не пробыл я у себя в кабинете и пяти минут, как горничная доложила, что меня желает видеть глазами какой-то человек.",0,Semantics,1,0.14074911
"Он вспоминал прошлое, забывая править лодкой рулем.",0,Syntax,1,0.1412222
Взглянь на рисунок и вырежи из тонкого картона точно такие же очки.,0,Morphology,1,0.14128141
"Гражданка, я за вами, а пока пойду к себе в проходе не болтаться.",0,Syntax,1,0.14217234
"Они подвинулись, и я получил место рядом с ними.",0,Semantics,1,0.14223188
Многие ценные предложения были учтены в подготовленной энциклопедии к переизданию.,0,Syntax,1,0.1432476
Котлета бы у него!,0,Semantics,1,0.14330755
"В кабинете у инструктора стоял цветок, подаренный ему коллегами и о котором он нежно заботился.",0,Syntax,1,0.1435475
Тогда руководители NASA также сначала отрицали наличие всяких серьезных технологических проблем.,0,Semantics,1,0.14378779
Он ест одну грушу.,0,Semantics,1,0.14390807
В натюрморте И. И. Машкова «Снедь московская» изображены возвышающиеся караваи на столе.,0,Syntax,1,0.14426938
Существует более одного решения для этого пузыря.,0,Hallucination,1,0.14457104
"Он дворник, помогая людям содержать двор в чистоте.",0,Syntax,1,0.14517595
У брата есть грипп.,0,Syntax,1,0.14541851
Кимхи и генеральный директор Мосада был избран в должность главы министров.,1,0,0,0.14560063
"Настя надела бальное платье и, напевая мелодию вальса, легко закружилась перед зеркалами, представляя себя героиней любимого балета, виденного ею в театре.",1,0,0,0.14608724
"Маша, он видит, бледна.",0,Semantics,1,0.14639206
Он промахнулся по зайцу пулей.,0,Syntax,1,0.1466363
У него только одни способности.,0,Semantics,1,0.1466363
"Завтра утром мы отправляемся первым же поездом и встречаемся его, – продолжил мой начальник.",0,Syntax,1,0.14773953
Он страшно был в отчаянии.,0,Semantics,1,0.14792405
"Не рассказывайте Том о том, что на самом деле произошло.",0,Syntax,1,0.14829372
Я принимаю его самоубийство.,0,Semantics,1,0.14860234
Она хотела манипулировать Кэрол Феррис посредством силы звёздчатого сапфира вместо планеты Замарон.,0,Syntax,1,0.14860234
"Брат позвонил, когда добравшись до дома.",0,Syntax,1,0.14891149
Оливье планирует закончить учебу по журналистике и хочет пробовать себя как тренер.,0,Syntax,1,0.1491592
"Снова наступила зима, красиво кутав землю своим пушистым снежным покрывалом.",0,Semantics,1,0.14934519
В настоящий момент в районе зафиксировано 110 466 человек.,0,Semantics,1,0.14996658
Сегодня отца еще не было на море.,0,Semantics,1,0.15027806
"Доказательства колебания нейтринов, вместе с прошлыми исследованиями, позволили физикам установить верхние пределы оценки массы нейтринов.",1,0,0,0.15077755
"Главное, к чему надо стремиться, это то, чтобы стать счастливым человеком.",0,Syntax,1,0.1522842
"Это была лекция из чего-нибудь вроде мотивационной книги, основная мысль которой поверить себя и идти к цели.",0,Syntax,1,0.15253651
"А сапоги я вам блестящие принесу, ещё красивше ваших!",0,Morphology,1,0.15272598
У этого животного есть острые зубы.,0,Semantics,1,0.15297888
Теперь рассмотрел его Шухов вблизи.,1,0,0,0.15304215
"Возьми с меня шляпу, она мне мешает.",0,Semantics,1,0.15310544
"Он увидел телегу и понял, что она сломана и после починена.",0,Semantics,1,0.15361266
"Я предложил ему место в своей машине, и он принял его.",0,Semantics,1,0.15405756
"Она назначила цену своей любви смерть, счастья и одиночества.",0,Semantics,1,0.15507847
Хлеб дает нам припек.,0,Semantics,1,0.15514246
Он покупает несколько журналов.,0,Semantics,1,0.15520647
"Она стояла так рядом, что я ощущала запах ее духов.",0,Semantics,1,0.15616924
Более 30 ученых защитили кандидатские диссертации под руководством.,0,Syntax,1,0.1565557
"А теперь, перейдём к непосредственному материалу и попробоваем изучить азы того самого римского счёта.",0,Morphology,1,0.15713686
"Как шумела, клокотала вода за тонкой стеной каюты, прямо возле моей головы.",0,Semantics,1,0.15720153
"Неприятный мне разговор затянулся, вопреки моего ожидания.",0,Syntax,1,0.15733096
"Зиверт признан самой популярной музыкальной группой, появившейся на музыкальном фестивале 2000 года в Азербайджане.",1,0,0,0.15778464
Он поел мяса сырым.,0,Syntax,1,0.15869518
"Мотор гудит, винты крутятся, вода из крана льёт, а людей нет.",0,Semantics,1,0.15941359
Установки не было введено в действие.,0,Semantics,1,0.16000335
Вдруг он видит рядом съежившуюся фигурку и вздрагивает от неожи данности.,1,0,0,0.16006899
"Полученное утром известие Раисой Павловной начало циркулировать по всем заводам с изумительной быстротой, поднимая на всех ступеньках заводской иерархии страшнейший переполох.",0,Syntax,1,0.16006899
"Маша увидела Тявку собаку и сказала ей: - У меня кровать неудобна, подушка душа, одеяло кусается, я не могу уснуть!",0,Syntax,1,0.16099021
"Используя языковые средства выразительности, текст выглядит более убедительным.",0,Syntax,1,0.16151853
Второй роты не приходило.,0,Semantics,1,0.16165082
Двадцать яблоней высадили на Туевой аллее и у мемориального камня «Павшим за Родину».,0,Morphology,1,0.16211456
Он быстро не понял.,0,Semantics,1,0.16231364
Он не будет есть каши.,0,Semantics,1,0.16291203
Путники невольно залюбовались появившейся радугой на небе после дождя.,0,Syntax,1,0.1631119
"Он сказал, что идет дождь и что поэтому мы останемся дома.",1,0,0,0.16317856
Имеет ли человек право ходить голый и где оно записано?,1,0,0,0.16331196
Она имела его врагов.,0,Semantics,1,0.1633787
"В те дни, так как это была школа для мальчиков, мальчики играли как мужские, так и женские роли.",1,0,0,0.16344546
Студентов первого курса включили в список?,0,Syntax,1,0.163579
"И неожиданные открытия, случающиеся стоит только выехать из города и свернуть на боковую дорогу.",1,0,0,0.16431522
"Лоси обычно ведут себя очень тихо и боятся людей, однако они могут стать очень агрессивными, наевшись перебродивших яблок.",1,0,0,0.16471791
Различия сандалетов с закрываемым носом и заднем задницей нужно учитывать.,0,Hallucination,1,0.16471791
"Следите за своим ртом, или вы его получите.",0,Hallucination,1,0.1649868
"Навстречу колонне машин, везущим продовольствие, выехал полицейский патруль.",0,Syntax,1,0.16545823
Охранника в кабинете не сидело .,0,Semantics,1,0.16559312
"Если в воздухе звуковые волны распространяются со скоростью в триста тридцать метров в секунду, то в воде эта скорость равна тысяче пятистами метрам в секунду.",0,Morphology,1,0.16566059
Учителя очень нужно увидеть.,1,0,0,0.16606592
"Это означает, что он предлагает больше места для меньше денег, чем лучшие продавцы в классе.",1,0,0,0.1668111
"Едва Олеся, закончив все приготовления на кухне, входит в комнату, как тут же, схватив что-то нужное, выбежит в столовую.",0,Syntax,1,0.16749083
"Увидев красный сигнал светофора, машина была остановлена водителем.",0,Syntax,1,0.16762705
"Вместо того он пытался напасть на Цзин, но не успел, но мир заключать все равно не стала.",0,Syntax,1,0.16796798
Благодаря повышения уровня сервиса в фирменных магазинах стало больше покупателей.,0,Syntax,1,0.16913125
"Иван прилег, чтобы он отдохнул.",0,Syntax,1,0.1696809
Чиновник росчерком пера позволил им стать миллионерами.,1,0,0,0.17009403
"Всем дано за обедом, как и в прошлом году, по пять апельсинов.",1,0,0,0.17071529
Он дал мне удар.,0,Semantics,1,0.17126901
"Заглянув к нам в комнату, тётушка, чем-то, кажется, встревоженная, спросила, что не хотите ли вы прогуляться со мной по саду.",0,Syntax,1,0.17126901
После tete-a-tete совещания председателей было проведено расширенное заседание.,1,0,0,0.17147702
"Регион Ггеркуника находится в восточной части Армении, 1500-1900 м над уровнем моря.",0,Morphology,1,0.17168523
"Оглянувшись на мой голос, собака повернулась, постояла немного и побежала дальше по освещённой улице фонарями.",0,Syntax,1,0.17182416
Половина детей были больная.,0,Syntax,1,0.17258981
"В процессе двоих заключённых убит робот, контролируемый искусственным интеллектом Тау.",1,0,0,0.17258981
"Он прав, я понимают.",0,Semantics,1,0.17265955
Поезд следует ни из чего.,0,Syntax,1,0.1727293
"Находясь низко над горизонтом, создаётся неверное представление о размерах Луны.",0,Syntax,1,0.17342815
Но эти демонстранты просто живут у него и их тревога вполне понятна.,0,Syntax,1,0.17384852
Я возмутился на него за грубость.,0,Semantics,1,0.17419945
Благодаря применения новой технологии объёмы производства значительно выросли.,0,Syntax,1,0.1742697
У нее есть старость.,0,Semantics,1,0.1742697
"Подозреваемый, продолжая отрицать свою вину, заявил, что ему не под чем соглашаться.",0,Syntax,1,0.17603327
На заведующего на самого поступают жалобы.,1,0,0,0.17617497
"Если охранник не экспортируется, то контроль не может его назвать.",0,Hallucination,1,0.1766716
"Кто рыжий, а Вася блондин?",0,Syntax,1,0.17674264
Никакого судна аварии не потерпело.,0,Semantics,1,0.1768137
На улицах считалось пустым.,0,Semantics,1,0.17688479
"Дети сотрудников, имеющих какие-либо заболевания, получают льготные путёвки в санаторий.",0,Syntax,1,0.17716932
"Вместо того, чтобы заниматься, Миша слушает диски.",1,0,0,0.17745423
"Среди популярных достопримечательностей, доступных пешком отсюда, - Augustusplatz, Opera House и Museum изящного искусства.",0,Hallucination,1,0.17766815
Женихов около нее вилось словно пчел около майского розана.,1,0,0,0.17816807
"Простодушно улыбаясь, из-за спины Саши появился букет ромашек, которые он нарвал в поле неподалёку от дороги.",0,Syntax,1,0.1782396
Она быстро пооткрывала окно и со всего размаху швырнула книгу в него.,0,Semantics,1,0.1782396
Facebook сообщила об отмене трансляции из Румынии во Флориду и к Аляске.,0,Syntax,1,0.17845422
"Он сказал то, что не успеет выполнить работу в срок.",0,Syntax,1,0.1786691
"А вдоль побережьев Америки, Африки и Евразии протянулись цепочками глубоководные впадины.",0,Morphology,1,0.17881244
Мысли отказываются остановиться на всяком предмете.,0,Semantics,1,0.1791712
"Это позволяло уменьшить размер, так и удешевит конструкцию при сохранении практически той же функциональности.",0,Syntax,1,0.17924304
"В овраге за посёлком почва была глинистой, который весной превращался в небольшой водоём и в котором почти ничего не росло.",0,Syntax,1,0.17931488
Весь он как будто воздушный и стоит более шестисот лет.,1,0,0,0.17938675
Мы первыми научились видеть дальше собственного порога и думать шире родимой околицы.,1,0,0,0.18025091
Я был несколько раз в ихней квартире.,0,Morphology,1,0.18025091
Этот пришел был очень тяжелым.,0,Syntax,1,0.18061192
"Она стояла так вблизи, что я ощущала запах ее духов.",0,Semantics,1,0.18111831
"Ходят слухи, будто всё позапрещают.",1,0,0,0.18126322
В США построен кинокинотеатр после первой мировой войны.,0,Syntax,1,0.18126322
Он разыскал рядом ручей.,0,Semantics,1,0.18133569
"Журналистка, была приглашена министром взять у него интервью.",1,0,0,0.18140818
"Полшколы участвовали в организации благотворительной акции, приуроченной к Дню матери.",0,Syntax,1,0.1814807
"Задание, выполняющееся нами, не вызвало особых затруднений.",0,Syntax,1,0.18184364
"Для того чтобы добиться цели, человеку необходима твердая уверенность в успех дела.",0,Syntax,1,0.1819163
До сих по бабушка любила его без памяти.,1,0,0,0.18198897
На территории Азербайджана археологи обнаружили самую древнюю из найденных на сегодняшний день производственную мастерскую.,1,0,0,0.18322797
Иван не понимает мое желание быть нужной близким.,1,0,0,0.18535662
На такое времени не отпущено.,1,0,0,0.18668744
"Особенно после катастрофы, вызванной дождями в 1977 году, была осознана необходимость построить барьеры для наводнений вдоль реки.",1,0,0,0.18690997
"Это были те народные изречения, которые получают вдруг значение глубокой мудрости, когда сказаны кстати.",1,0,0,0.18698418
"Я знаю, что многие актёры изливают в роли личные переживания.",1,0,0,0.18862271
"Группы J-Hip-Hop, такие как ORANGE RANGE и Кэцумэйси назвали лидеров фестиваля в 2018 году.",1,0,0,0.19095021
"Большинство атабасканских языков имеют более четырех разных слов, и все они имеют много более отличительных консонантов, чем Креа.",1,0,0,0.19132768
"Что ты не знаешь, как починить?",1,0,0,0.19352813
"Музыка, лишь только вы вошли, сразу началась.",1,0,0,0.19360435
Поселок расположен вдали реки.,1,0,0,0.19390947
"Он медленно, но несомненно умнеет.",1,0,0,0.19521025
"Окончив сбор лекарственных трав, не забудьте тщательно отряхнуть одежду и вымыть руки с мылом.",1,0,0,0.19961986
"И на всех проходящих мимо напал такой страх, и все, кто был поблизости меня пустились бежать.",1,0,0,0.200636
"Кроме того, группу транзитируют в коллекции целого ряда спиноров, которые имеют взаимно простые элементы.",1,0,0,0.20087102
"Ты уже достаточно взрослая, чтобы сама все понимать.",1,0,0,0.20204929
"Из того, что он заработал, он много пожертвовал церкви.",1,0,0,0.20291664
"Спуская отходы в реку, завод повышает содержание в воде соединений хлора.",1,0,0,0.20426252
Я одобрил Петино решение уехать.,1,0,0,0.20697418
Это о голову соседа супруга тарелки бьет.,1,0,0,0.20922722
"Эрика хорошо рисует, у нее большие способности, и она будет в этом году поступать в архитектурный.",1,0,0,0.21007673
Однажды он был встречен ею принаряженным.,1,0,0,0.21027938
Отца не было на море.,1,0,0,0.21076632
"Такое гнездо строится животными не только для себя, но и для других членов группы.",1,0,0,0.21149825
"Знай македоняне, что им предстоит биться с Кратером, они не пошли бы в бой.",1,0,0,0.2141979
"Рассмотрим два высказывания, доказать эквивалентность которых не составит труда.",1,0,0,0.21526825
"Сверх запасов, зафиксированных ЛБМ и МИА, в мире находится более 4 млн тонн алюминия, которые в основном нигде не зафиксированы.",1,0,0,0.21659093
"Можем ли мы верить, что каждый поощряет дружбу между нашими народами на основе «почитания принципа равенства прав и самоопределения народов»?",1,0,0,0.21667379
"Я узнал, что ребята пришли к финишу, первым.",1,0,0,0.21841921
Национальность — только мужчины из Италии или Америки могут стать полноправными членами семьи.,1,0,0,0.22000709
"Вскакивая с рундука на рассвете, она сразу вспомнила, что в мире — радость.",1,0,0,0.22261564
"В Мальту же, которая должна была опять сделаться достоянием ордена, император назначил коменданта и русский гарнизон из трех тысяч человек.",1,0,0,0.22609939
"Возьми у меня плед, мне тяжело его нести.",1,0,0,0.22815649
"Вот честное слово, жалко, что каждый раз ему выступать первому перед, если можно так выразиться, неразогретым залом.",1,0,0,0.22979437
"Обо всем договорились в кафе заранее, привезли залог и договорились о месте установки столов.",1,0,0,0.23014024
Теперь предстояло быть сплавленному на Землю совету насчет манных клецек.,1,0,0,0.23231015
"Чтобы побеждать в словесных баталиях, нужно прекрасно владеть родным языком и иметь острый ум.",1,0,0,0.23231015
"Они, если вы захотите, вам все покажут.",1,0,0,0.23567963
"Мальчики вошли, неся каждый по сумке.",1,0,0,0.23775285
В течение первого года обучения будущие педагоги знакомятся с работой в школе.,1,0,0,0.24023946
"Я в поте лица зарабатываю скромное жалование и скапливаю по крохам, чтобы купить себе в конце недели килограмм сосисок.",1,0,0,0.24540135
Я принимаю его теорию гранулярного пламени.,1,0,0,0.24680553
Солдаты грелись возле костров.,1,0,0,0.2539535
"Вы могли бы научиться много от них, если бы вы только слушали.",1,0,0,0.25683197
"К кому ты не знаешь, как обратиться?",1,0,0,0.2579987
Я своими близорукими глазами и то увидел.,1,0,0,0.2580922
Постарайся увидеть вон ту звездочку над самой горой.,1,0,0,0.258326
"Министр пригласил журналистку, взять у него интервью.",1,0,0,0.2590751
Всю осень город кишел иностранцами.,1,0,0,0.2592626
"На пруду, которого поверхность виднелась сквозь аллеи, заливались лягушки.",1,0,0,0.26048353
"Но время идёт, а пожара всё нет и нет.",1,0,0,0.26208568
"Основные преимущества полупроводникового секвенирования, при низких начальных вложениях, эксплуатационных расходах.",1,0,0,0.26640502
"Хотя опытные инженеры из-за границы были обещаны и были уже в дороге, но в нужный момент их не было.",1,0,0,0.2686535
Участие в командных играх и других интересных спортивных мероприятиях дарит нам живительный заряд бодрости.,1,0,0,0.27129996
Деревья ниже этой травы.,1,0,0,0.273041
"В августе 2003 года, во время падения продаж, Interbrew возобновила производство каска в северо-западной части Англии, с увеличением мощности.",1,0,0,0.27401128
"В болотистой почве содержится мало кислорода и питательных веществ, необходимых растениям.",1,0,0,0.27860016
"Я хочу, чтобы они зашли, а ты спрятался.",1,0,0,0.28170192
"Калинга — диалектный континуум провинции Калинга на Филиппинах, на котором говорит народ Игоро, рядом с Илокано.",1,0,0,0.28641868
На экскурсии в ботаническом саду школьники любовались редкими садовыми растениями.,1,0,0,0.28766775
"То ли он не затормозил вообще, то ли затормозил, но не резко.",1,0,0,0.29098085
Изумительный мы посмотрели французский фильм.,1,0,0,0.291737
При загрузке бункера асфальтоукладчика и во время его работы не разрешается находиться вблизи боковых стенок бункера во избежание ожогов горячей смесью.,1,0,0,0.29510295
"Да полно, существует ли он еще, этот дом?",1,0,0,0.29512832
"Я, как только заметил пропажу, выпил и схватился за голову.",1,0,0,0.29905403
"Большинство критиков сочли новый альбом группы ""s"" успешным, хотя песня The Do была отвергнута жюри Каннского фестиваля.",1,0,0,0.29961726
Как политический климат в то время влиял на сексуальное выражение.,1,0,0,0.3002837
Он не был там ни разу.,1,0,0,0.3003863
Реорганизации не было проведено.,1,0,0,0.30092528
"Эти 7 вопросов задает инспектор, чтобы подловить на ошибке всех водителей – как реагировать и что отвечать?",1,0,0,0.30141348
"Говоря, например, о картине Александра Иванова «Явление Христа народу», он восхищается ею прежде всего как народной картиной, начисто отвергая любые мистико-религиозные ее толкования.",1,0,0,0.30141348
"Во время взрывая оказался рядом с камином, и это спасло мне жизнь.",1,0,0,0.30192775
"Носом рыть землю перестал, я его прыскала водой за это.",1,0,0,0.30424836
"В путеводителе я позже вычитал, что киприоты всегда готовы приходить на помощь.",1,0,0,0.30668277
"Маша читает, и Саша читает книгу.",1,0,0,0.3102501
Это всё что он задумал.,1,0,0,0.3106944
"Он много построил за те годы, что был главным архитектором.",1,0,0,0.31226513
"Поселенцы этих миров имеют некоторую свободу от центрального правительства, но нет высокотехнологичных удобств внутреннего мира.",1,0,0,0.31336725
"При ознакомлении с трудом взрослых у детей пробуждается чувство уважения к их труду, бережное отношение к результату труда, желание быть похожему на этого человека.",1,0,0,0.3138402
"Все стены, крыши, балкон минарета и даже купол мечети в считанные секунды были заполнены солдатами и казаками.",1,0,0,0.31462938
"Он много путешествовал, участвовал в морских сражениях, плавал около берегов Африки, Азии, Америки.",1,0,0,0.31489265
"Каждый из учеников Кольцова выбирает в его работах свои любимые идеи, каждый лепит свой образ, создаёт свой портрет.",1,0,0,0.3155514
Каждую рукопись читало по редактору.,1,0,0,0.31584147
"Выявить факторы (объективные и субъективные, внутренние и внутренние), которые влияют на несоответствие фактического результата инвестирования от планируемых ранее результатов.",1,0,0,0.31599978
"Выставка в Шарлоттенборге включала также изображения запланированного здания музея, которое было спроектировано архитектором Германом Баагёэ Сторком.",1,0,0,0.31668618
Новых сотрудников не принято.,1,0,0,0.3191744
"Высказывая свою критику, эксперты вовсе не хотели принизить или очернить работу молодого конкурсанта.",1,0,0,0.3197583
Вместе со своим бывшим менеджером Singapore Airli Ltd стал первым создателем беспроводных пассажирских перевозок в мире.,1,0,0,0.3197583
"Какое забвение своих собственных предначертаний и мероприятий, давно не оставивших в жизни камня на камне!",1,0,0,0.32209936
"Он думает, я его испугался.",1,0,0,0.3318772
"Он остановился отдохнуть под деревом, он идёт в Италию, этот музыкант.",1,0,0,0.3357863
Игодала сначала подписала Национальное письмо о намерении играть в Арканзасе.,1,0,0,0.3373127
"Он разыскал поблизости ручей, набрал воды в чайник, развел костер из плавника.",1,0,0,0.3409239
"Что ты не знаешь, как починить!",1,0,0,0.34193948
Он начал речь приветствием.,1,0,0,0.3424066
"Иногда просыпаюсь среди ночи и брожу до утра по спящей квартире, уговаривая себя, что все уже давно в прошлом.",1,0,0,0.34309408
"На мировом рынке достаточно синтетических корков, которые некоторыми наблюдателями рассматриваются как компромисс между традиционными натуральными корками и авангардными винтовками.",1,0,0,0.3436996
Как мама потом нашла у дочки в шкафу этот свёрток с бельём и стала сама для неё вручную делать бельё маленьких размеров.,1,0,0,0.34709436
Он может зайти завтра.,1,0,0,0.35143626
"Барретт считает себя ""лидером команды"", за которым последуют другие футболисты из FINA или сборной США по футболу.",1,0,0,0.3551037
Все утро он был раздражен.,1,0,0,0.3561387
Он вызывает влечение у женщин своей харизмой (угрозами) и обещает раскрыть все тайны во время видения.,1,0,0,0.3568948
"Новые катера и водометы-толкачи гудят коротко, высоко и гнусаво.",1,0,0,0.3584092
"Как облако в небе, белые хлопья вдруг сливаются воедино, и перед вами ее фигурка.",1,0,0,0.35942033
Долгое время они нуждались.,1,0,0,0.35965928
"Сдвигая вековые камни, обрушились вниз дождевые потоки.",1,0,0,0.3598139
"Позолоченные подсвечники, мраморные скульптуры и искусная роспись в залах музея позволяют совершить путешествие во времени.",1,0,0,0.3625177
"Я своими полуслепыми глазами и то вижу, что рубашка неглаженая.",1,0,0,0.36356214
С каким увлечением он коллекционировал марки.,1,0,0,0.36517367
Канал поставки электричества через эти канаты может устанавливаться сверху основных опорных стоунеров или под ними.,1,0,0,0.3686614
Товары этой известной фирмы пользуются неизменным покупательским.,1,0,0,0.3731617
Ты можешь взять любую из этих книг.,1,0,0,0.37333307
Уже в 63 году последовало первое турне за пределами Франции с Билли Бридж.,1,0,0,0.37387583
Я была вчера на демонстрации.,1,0,0,0.37479067
Ференцварош впервые победил Каруану и завоевал второй по величине трофей за карьеру тренера чемпионов мира WBZHSR 12972.2006 (WBA).,1,0,0,0.37630793
"Все утро я считала, что он уехал.",1,0,0,0.37659448
"Просто сидит на берегу, у самой воды, любит море это и солнечный свет.",1,0,0,0.3800397
"В Чехии окончил школу астронавтики Байден, ставший впоследствии сенатором США.",1,0,0,0.38378564
Задавал ли он тебе какие-либо каверзные вопросы?,1,0,0,0.3880961
"Потом пришли европейцы, которые убили людей и животных и уничтожили природу.",1,0,0,0.38893712
"Он почувствовал, что морозит.",1,0,0,0.39207494
В поселке ли врач?,1,0,0,0.39300638
"Коллега, примите больного в свою палату.",1,0,0,0.39446333
Однажды она встретила его принаряженной.,1,0,0,0.39507583
"В «Донне Кларе» всегда вкусно, всегда недорого: можно обойтись и двумястами рублями, если потребности невысоки, а кошелек тонок.",1,0,0,0.39706138
Он постоянно имеет при себе револьвер.,1,0,0,0.39726594
"Кто куда пришел, несмотря на головную боль?",1,0,0,0.39796767
"Всего в 1000 метрах от порта, в 2 км от центра города и в 20 минутах езды от аэропорта Манисеса и Конвенционного центра.",1,0,0,0.39925522
Грядки в первой части были пригодны к сбору живого материала летом.,1,0,0,0.40113053
"Как обычно, рекомендуется быть готовому к объёмной загрузке, сохранить резервную копию данных со смартфона и полностью зарядить его.",1,0,0,0.40519634
Он был когда-то литератором и был огорчен и не признан.,1,0,0,0.4067515
"Это не обозначает, что руководящие действия, у которых нет результатов поставленной цели, называют управлением.",1,0,0,0.41291478
"Снявши голову, по волосам не плачут.",1,0,0,0.41401014
Из баллона газ вытек.,1,0,0,0.4165741
"Евгения в плане житейских и бытовых вещей, действительно, повзрослела и многое приобрела из того, что должно помочь ей в будущем.",1,0,0,0.417227
Каким образом ваятель в куске каррарского мрамора видит сокрытого Юпитера и выводит его на свет?,1,0,0,0.41845924
Он сейчас в зале периодики читает журналы.,1,0,0,0.41857806
"Особенно полюбились сказки, рассказывать которые она была мастерица.",1,0,0,0.41893464
Сейчас как раз идет одно из занятий по английскому языку.,1,0,0,0.41961822
"Вчера купили Вася книгу, а Коля компакт-диск.",1,0,0,0.42062938
"Мама с утра пошла косить сено, чтобы было, чем кормить коровку зимой.",1,0,0,0.42694122
"А сапоги я вам блестящие принесу, ещё красивее ваших!",1,0,0,0.42766562
"Он увидел телегу и понял, что ее сломали и после починили.",1,0,0,0.4297434
По состоянию на 1 января 2006 года население было 7 497 человек.,1,0,0,0.43134466
Костюм не был в химчистке два года.,1,0,0,0.4317938
"О многих своих открытиях, ввиду их закрытого характера, пока существует враждебный лагерь, я, естественно, не могу рассказать.",1,0,0,0.43360665
Унас был важный разговор с пяти до семи.,1,0,0,0.43368167
"В общем, существует много математических зависимостей, которые выявлены в расположении Гексаграммы.",1,0,0,0.43414643
Его успех был не менее чем чудом.,1,0,0,0.43922812
Отдай мне эту книг.,1,0,0,0.440379
Китай в отличие от Европы был объединённым в течение длительных периодов.,1,0,0,0.44080022
"Ваша вина, что не слышали.",1,0,0,0.44116133
"Кожа Захария захватил замок Даньо, провозгласив себя правителем Сати и даньо.",1,0,0,0.4452054
"Чего только не было: копченые окорока, настоящее салями, мясо, яблоки, пироги!",1,0,0,0.44661537
"А прочитав рассказ у Вас в 9-м номере, я хочу сходить к нему на могилу, положить цветы.",1,0,0,0.44666067
Ты Маши не встретил?,1,0,0,0.44667572
"Мои животные в плохом состоянии, но корма достаточно.",1,0,0,0.44699258
Тетя легко поднялась с дивана и заходила по комнате.,1,0,0,0.4474603
"В день рождения выдающегося пианиста в программе, названной «Романтизм от восхода до заката», будут звучать самые известные концертные произведения.",1,0,0,0.44860744
"На ужин у нас огромный-огромный пирог с повидлом, сто котлет и мороженое.",1,0,0,0.45146254
Половина детей были больными.,1,0,0,0.45180264
"Автор Веверлея существовал в действительности, а не только в легендах.",1,0,0,0.4531484
"Я хочу, чтобы они зашли, когда ты спрячешься.",1,0,0,0.45422247
Он убит вблизи города.,1,0,0,0.45550132
В химических реакциях подгруппы для синтеза белков используют соединения трех типов из перечисленных ниже групп.,1,0,0,0.45864612
"Одна из учениц нашей Школы, московская школьница Светлана Архипова, установила рекорд скорости чтения ― 60 тыс. знаков в минуту зарегистрированный в российской Книге рекордов Гиннесса.",1,0,0,0.45886397
"Я колебался, стоит ли идти, но сильный дождь решил мое недоумение.",1,0,0,0.4621203
"При этом самки обладают светлой окраской головы, а на груди - штрихами.",1,0,0,0.46330765
У него был талант рассказчика.,1,0,0,0.46338353
"Лишь только мы принесли пиво, как вы — рыбу.",1,0,0,0.46343663
Осад католиков в 1573 году был уничтожен по ошибке папы Римского.,1,0,0,0.46500027
На заведующего самого поступают жалобы.,1,0,0,0.46566275
Денег не было прислано.,1,0,0,0.471766
Опасность поскользнуться на льду или соскользнуть по нему вместе с тонким слоем покрывающего его снега увеличивалась с каждым шагом.,1,0,0,0.47253132
"Так что можно собрать по сусексам тех, кто ещё не покинул столицу нашей Родины.",1,0,0,0.47280517
"В этой ситуации бедные не имеют голоса и возможности участвовать в политической жизни, кроме поверхностных обменов с политиками во время выборов.",1,0,0,0.4740681
Такую егозу поди удержи.,1,0,0,0.47576514
В архипелаге Кука назвали имена самых уважаемых жителей ивана белухача.,1,0,0,0.47673193
В котором часу завтра утром начинается конференция?,1,0,0,0.47692984
Группа празднует свою 30-ю годовщину концертом 2 апреля 2012 года в Белградском спортивном зале.,1,0,0,0.47738665
Мальчику идти в школу.,1,0,0,0.47757506
Вкус к большой политике к нему пришел позднее.,1,0,0,0.47819757
Сколько фильмов ему мало понравилось?,1,0,0,0.47901624
Раскрывшиеся губы показали ряд блестящих зубов.,1,0,0,0.47967887
"Раменье недалеко от Москвы, всего несколько часов.",1,0,0,0.4805853
А зеленую ты куда дел тетрадь?,1,0,0,0.4806615
Журнал не был в учительской.,1,0,0,0.4812862
"Она включена в Книгу Конкорда в качестве авторитетного заявления о том, во что верят лютеране.",1,0,0,0.4813167
Мне дали эту работу на рецензию.,1,0,0,0.48322162
Мост Паук был построен в июле 1971 года и был покрашен в различные цвета на протяжении многих лет.,1,0,0,0.48437476
В этом году родилось около 22 000 Самаранцев.,1,0,0,0.48535576
Сегодня я разговаивал с директором.,1,0,0,0.48986956
Эти стены видели многое.,1,0,0,0.4904873
"Она стояла так близко, что я ощущала запах ее духов.",1,0,0,0.49180678
"Согласно легенде, кастильский вельможа дон Руис Гонсало де Толедо, граф Оргас пожертвовал этой церкви, в которой он выразил желание быть погребенным, большие сокровища.",1,0,0,0.4930119
Командир армии в Риме с 1995 посещал курсы на военном факультете.,1,0,0,0.49361452
"При посещении больного, которому была прописана строгая диета, врач, пощупав пульс, сделал больному замечание, что он нарушил предписание и съел яйцо всмятку.",1,0,0,0.49500862
"Воображаю, как она удивилась.",1,0,0,0.49889803
"Помилуй, мне и от роду нет году.",1,0,0,0.4993286
Является автором пяти книг и многочисленных научных статей.,1,0,0,0.4994049
Этот глагол при употреблении в рассмотренных условиях получает следующий дополнительный компонент.,1,0,0,0.49996185
