text,label,error_type
Почти в то же самое время и Афанасий Иванович Тоцкий опять обнаружил свое старинное желание жениться.,1,0
"Адвокат был нанят подследственным, чтобы отстаивать его интересы.",1,0
"Так как банк располагался неподалеку, логично было возвратиться.",1,0
"Мне не хватило двух минут, чтобы высказать ему все, что я о нем думаю.",1,0
Капитан подтвердил приказ рано утром выйти в море.,1,0
Фреска была освещена мною в 12 часов.,1,0
Том скучает по своей жене Марии.,1,0
Ты потратишь его на отдых и на работу.,1,0
"Брат сидел рядом со мной, а муж — сзади.",1,0
"Он говорит, что в тот момент на дороге показался я.",1,0
"Такая, как она, не может поступить иначе.",1,0
Он где-то достал 30 фунтов меда.,1,0
Димка совсем обессилел от крика и слёз.,1,0
Том часто не ходит в школу.,1,0
Фреска была освещена мною с помощью карманного фонаря.,1,0
В 1982 году он эмигрировал в Израиль и работал в кибюте Тель-Катизер.,1,0
"Политически, исламское возрождение выходит за рамки исламских режимов в Иране, Судане и Афганистане.",1,0
С ним же там жил брат-учитель.,1,0
"В Британии появилась версия названия рождественского шара ""Христос"".",1,0
"Я видел, что она волнуется.",1,0
"В одной из стран в попытке построить ""светлое будущее"" ученые потерпели поражение и устроили военный переворот.",1,0
До выполнения ремонтных работ по замене повреждённых элементов необходимо в целях безопасности огородить опасную зону.,1,0
"В том же году Дагоберт посылает войска для того, чтобы усмирить баски, что успешно было проведено.",0,Syntax
Я объяснил истоки этих ошибок.,1,0
Тогда руководители NASA также сначала отрицали наличие каких-либо серьезных технологических проблем.,1,0
Названы основные задачи по созданию Каскадных гор.,1,0
Он присутствовал на дуэли в качестве врача.,1,0
"Его затрясло, тело его наполнилось огнем, он стал стучать зубами и поминутно просить пить.",1,0
Что вы предпочитаете — водку или коньяк?,1,0
Выступили горы из-за облаков.,1,0
"Насупившийся, переполненный эмоциями Дашевский не был расположен выслушивать какие-либо оправдания.",1,0
На этом автобусе можно доехать до центра.,1,0
Туда идти было неподалеку.,0,Semantics
"И вручил мне обещанную купюру, которая позволила нам всю неделю мазать хлеб маслом.",1,0
Иван ловил в этом озере щук.,1,0
"Алексей чуть-чуть не дошел до лагеря, и мы уже рядом были, но, увы, сердце остановилось.",1,0
Нельзя ли для прогулок подальше выбрать закоулок?,1,0
Я положил ружье около себя.,1,0
Пойду к маме и возьму у нее десять рублей.,1,0
"Должен оке ты был с кем-нибудь поговорить, прежде чем начать ра боту.",1,0
"Какого человека, ты говорил, она ударила?",1,0
Мальчик выглядывает из окна.,1,0
В молодости он доставлял на господскую кухню куропаток.,1,0
С 1995 года оркестр ежегодно проводит фестиваль «Осло Винтернатт».,1,0
"Санитар рявкнул около самого ее уха, что такого-то раненого следует немедленно доставить в операционную.",1,0
"Крымские военные напали на город также в 1544, 1570, 1573, 1591 годах.",1,0
Кого покормил Вася и корову?,0,Syntax
Тебя давно не было в Москве.,1,0
"Хоронили какого-то шофера, вы шли по улице Коминтерна часа в 4 дня.",1,0
Я сейчас каждый день гуляю с собакой.,1,0
В этом лесу водятся волки.,1,0
"То, что она рассказала, не дает поводов для оптимизма.",1,0
Он стукнул меня прикладом.,1,0
Не в добрый час я ее встретил.,1,0
Я не понимаю такой музыки.,1,0
"Пришлось свернуть работы в связи с тем, что месторождение оказалось непригодным к промышленной эксплуатации.",1,0
Развиватели лошадей в большинстве стран в первую очередь интересуются развитием пуребрадов (производством высококачественных лошадей для размножения) и лошадей для спорта.,0,Hallucination
"Если ты воспользуешься любым из этих средств, ты мгновенно поправишься.",1,0
Он обиделся на мою шутку.,1,0
Петя стучал в ее окно.,1,0
Кто что сегодня купил?,1,0
Разве он захватил какие-нибудь документы?,1,0
"Тебя вообще мало касается что бы то ни было, связанное со мной.",1,0
Пожарная команда не появилась.,1,0
В прошлом Меклер был арестован и отсидел что?,0,Syntax
"Он сидел у камина и вспоминал о том, что с ним произошло.",1,0
"Он не купил машину, потому что еще не выбрал между “мерседесом” и “ауди”.",1,0
"Нам читали Иванов алгебру, а Петров — теорию вероятностей.",1,0
"Они приняли во внимание слухи, что Аня предаст Катю.",1,0
"Легко показать, что всякий иной путь длиннее этого.",1,0
"Он сказал мне, где он живет.",1,0
В XIV веке Перемышль уже существовал.,1,0
"В число присяжных не должны попасть судьи, прокуроры, люди с психическими отклонениями и моложе 25 лет.",1,0
Кое-кто из трущоб каждый день ходит на работу в приличный квартал.,1,0
Всем не хотелось возвращаться домой.,1,0
"Многие из тех, кто любят классическую музыку, с трудом выносят прослушивание современных поп-хитов.",0,Syntax
"Как не могли вы вспомнить о подарке, когда я сам был такой фаля, что о том не догадался.",1,0
Налицо неподвластность человеческого тела каким бы то ни было манипуляциям.,1,0
"Около нашей дачи, ни от кого не таясь и не прячась, КГБ установил дежурство — черная Волга, а в ней несколько человек.",1,0
"Все, бывало, с ней через забор разговариваю и под конец, чтобы недалеко было ходить, сделал в заборе калиточку.",1,0
Я варю вам борща.,1,0
Маша внимательно читает книгу.,1,0
"У меня есть сосед, который знает 200 видов вина.",1,0
Так я ему и поверил!,1,0
"Услуги, предлагаемые в Kyoto Horikawa Inn, включают бесплатную парковку и транспортный билет.",1,0
Мало кто может работать.,1,0
Студенты педагогического факультета изучают продуктивные методы обучения в начальной школе.,1,0
Фези отмечает блистательное мужество и отвагу князя.,1,0
Поезд следует из чего?,0,Syntax
"Я пригрозил ему рассказать все, что знаю.",1,0
План продуман не полностью.,1,0
Цветущая рожь всегда напоминает мне о войне.,1,0
"Российская Фабрика звёзд побеждает в финале первого сезона Квебекского реалити-шоу Star Academy, сравнимая с ""Фабрикой Звёзд"".",0,Hallucination
Он принял ее взгляды.,1,0
"Вот честное слово, жалко, что каждый раз ему выступать первый перед, если можно так выразиться, неразогретым залом.",0,Syntax
Я предпочитаю воздерживаться от какого бы то ни было вмешательства.,1,0
Очень вкусный игристый напиток можно приготовить из айвы.,1,0
"Она показала время 13.16.6, долгое время лучшее.",0,Hallucination
"Вероятно, я ее обидел каким-нибудь необдуманным глупым словом.",1,0
"Как он рассчитывает, Маша вернется завтра.",1,0
Он прочел две книги.,1,0
"Только что мне сообщили, что оргкомитет, к сожалению, отклонил мой доклад.",1,0
"Биологические часы влияют и изменяют активность гормональной, иммунной и прочих систем организма человека.",0,Syntax
"Повторяю, я продолжал работать в неутвержденном качестве заведующего отделом еще четыре года, пока не написал статью.",1,0
"Согласно правил о чередующихся корнях, их нельзя проверять ударением.",0,Syntax
"Я не знал, кто такой Ленин, никогда не слышал этой фамилии.",1,0
Одолжи отвертку разобрать механизм!,1,0
У нас возникли сомнения.,1,0
"Килбэн официально отыграл полный матч в рамках Кубка Англии против ""Дагенем энд Редбридж"".",1,0
Водопровод не работал и двух суток.,1,0
"Адвокат произнёс обдуманную, артистически разыгранную защитительную речь, благодаря которой подсудимый был помилован присяжными.",1,0
Ниже приводятся примеры торговых марок Запада.,1,0
"Кто, ты считаешь, что любит его?",0,Syntax
"Тайна такого движения лежала в гибкости вещества, которым изобретатель заменил живые мускулы.",1,0
"Мало того, что заставили человека 4 часа торчать под проливным дождем, так еще и разрешили работать больному!",1,0
Через год нам уже не нужен будет второй фронт.,1,0
"У соседей, я вижу, горит свет.",1,0
"Мы ждем, пока что не пришло ни одного человека.",1,0
Он сидел около меня.,1,0
Меня не было в Москве.,1,0
Достань мне из ее чемодана полотенце.,1,0
Я смотрела этот глупый фильм.,1,0
Дубровский назначил Кистеневскую рощу местом свиданья.,1,0
Во дворе злая собака.,1,0
"Коля не был в зале, когда выключили свет.",1,0
Тебе надо быть неприступной.,1,0
"Конечно, большая часть исследований H.Aliev охватывала исследования лесных и подлесных почв.",1,0
Он принимал у меня экзамен минут двадцать.,1,0
Все мои друзья перебывали на выставке.,1,0
"Просим учесть, что Оргкомитет, к сожалению, не сможет обеспечить гостиницей всех иногородних участников конференции.",1,0
"Иван знает, что приехала Маша.",1,0
Он подтвердил мне свое согласие.,1,0
У соседей весь день шумят.,1,0
Я слышу что-то родное.,1,0
"Как называлась эта страшная картина с толстым римлянином в том первом отдельном кабинете, с которого все началось?",1,0
"Как не сомневается Иван, изменения необходимы.",0,Semantics
"Эта гипотеза, которая, как Бор рассказывал, была предложена Дираком в 1930 г.",1,0
"Зоологи из Калифорнии проанализировали многочисленные видео зевающих слонов и выяснили о том, что животные так охлаждают мозг.",0,Syntax
В моем кошельке много денег.,1,0
"И Гайк не сделал попытки продолжить знакомство, понимал, что это бесполезно.",1,0
"Я говорил тебе, что Том занят.",1,0
Этот студент провалит любой экзамен.,1,0
"Что он меня не узнал, было странно.",1,0
"Я вижу, разговор оживляется.",1,0
Только Петя понял что бы то ни было в этом докладе.,1,0
"Чтобы не бить крыльями по земле, мотыльки сначала подпрыгивают, а уж потом начинали махать крыльями.",0,Syntax
Кошки были священными животными в Древнем Египте.,1,0
На этот раз он не выиграл.,1,0
Вандербильт назначен главой штата Род-Айленд.,1,0
Возьмите из моего стола тезисы докладов.,1,0
Он готов отдать за нее жизнь.,1,0
"Консультант по национальной безопасности Клинтона Санди Бергер заявил в интервью, что Белый дом не был информирован о деятельности ФБР.",1,0
Это начало мне надоедать.,1,0
Предметом договора является предоставление абоненту услуг связи.,1,0
В Италии обнаружены древние могильные комплексы под землей.,1,0
"Дедушка, возьми меня, пожалуйста, к себе.",1,0
"Под руководством Bhagavan, преданные Харе Кришна в Великобритании отправились на годовой марафон, чтобы собрать средства для спасения имущества британского ISKCON.",0,Hallucination
"Чепурный заметил испуг собаки и нашел ей еще кусочек домашнего пирога с яичной начинкой, но собака не стала есть пирог.",1,0
"Мы дарим подарок каждый пятьсотый заказ, определяемый по номеру накладной.",0,Morphology
"И рядом со мной шла какая-то непонятная, сложная, чужая жизнь.",1,0
По ребенку сделало себе бутерброды.,0,Syntax
"В ресторане Mendes находится ресторан The Garden, в котором подается широкий ассортимент местной и международной кухни и вин.",1,0
"Как очистить затвердевший гель-лак с пластины, каким образом удаляют механические или химые?",0,Morphology
"Материал представляет собой два слоя, при этом тиснение осуществляется на верхней поверхности.",1,0
"Я обратил внимание, в чем ошибка.",0,Semantics
Поодаль прямо перед нами поднималась фонтанная струя.,0,Semantics
"Организм человека, в котором работают сложные биохимические механизмы, требуют ежедневного поступления необходимых питательных веществ.",0,Syntax
В 6.30 роман был прочитан.,0,Semantics
Этот портрет здесь никогда раньше не висел.,1,0
"Иван оборвал пуговицы с кальсон там, где те застегивались у щиколотки.",1,0
"Одному из героев романа, ищущим смысл жизни, открывается путь к внутренней свободе.",0,Syntax
Как тебе удалось ее заметить?,1,0
"Когда мы с Максимом ходим в универмаг, он всегда теряется.",1,0
"Издали все ведь кажется или хуже или лучше, но во всяком случае иначе, нежели вблизи.",1,0
Конкурс рыбаков на праздновании Дня города выявит самого удачливого любителя рыбной ловли.,1,0
"Сев выразил желание сам держать ложку, поэтому половина тарелки оказалась на нем.",1,0
"Когда человек кого-нибудь любит, он становится совсем другим.",1,0
Он не спас семью отказом от наследства.,1,0
Каждый граф семейства Петрсен образует минимальную запрещенную границу для графов семьи ΔY.,0,Hallucination
"А предположить, что на земле могут существовать одновременно два Толстых, и тем утешиться, я, понятно, не мог.",1,0
Я выбрал кота среди других котов.,1,0
Я читал этот роман.,1,0
Не волнуйтесь о моей собаке.,1,0
Я не разрешаю тебе ставить кресло в мою комнату.,1,0
"Мы говорим врагу: сдавайся, или мы тебя уничтожим.",1,0
Десять лет тому назад я жил в маленькой комнате на Каляевской.,1,0
"Тем не менее, Эстолин совершил «исследовательское путешествие», которое стало его жизнью.",1,0
"С ней они надеялись захватить умы людей везде, будучи первыми, кто завоевал внешний пространство.",0,Syntax
В этом городе есть университет.,1,0
Иван не понимает мое желание идти на вечер одному.,1,0
Участники процесса по делу о коррупции в Мосгорсуде могли пройти еще 10 этапов и 168 заседаний подряд.,1,0
Все утро он был раздражителен.,0,Semantics
Внезапно за песчаным холмом показался камень ею с дом.,0,Syntax
Не белело вдали знакомых очертаний домов.,1,0
С транспортом задержек нет.,1,0
"Она воскликнула, что ах, то был только сон.",0,Semantics
"А как стала платить около кассы, туфли у нее исчезли.",0,Semantics
Я запретил сыну смотреть телевизор для его же пользы.,1,0
"Что-то издали мелькает, словно волк бежит.",1,0
"Я был рядом с вашим домом, но к сожалению не смог зайти к вам.",1,0
В странах с федеративным государственным устройством закон об однополых браках или союзах могут принять также в территории отдельного субъекта Федерации.,1,0
С кем ты разговаривал?,1,0
"Благодаря труда лингвистов мы узнали имена живших тысячелетия назад реальных людей: художников и скульпторов, императоров и жрецов.",0,Syntax
Средняя средняя российская общественная учебница стоит 317 человек.,0,Hallucination
Я не хочу принимать его услуг.,1,0
Ведь чем-то эту общую закономерность нужно объяснить!,1,0
Иван начал пилить дрова.,1,0
Большое спасибо за эту информацию.,1,0
При этом из молока получается простокваша.,1,0
Дело приняло неожиданный оборот.,1,0
Он живет в небольшом городке на Каспиийском море.,1,0
Какая она оказалась хитрая!,1,0
Я воспринимаю его как героя.,1,0
"Куда тебе, заморышу, браться за такое дело!",1,0
Бургани погиб при сердечном приступе в Тегеране в 48 годах.,0,Semantics
"Между тем, глупость разрушает мозг.",1,0
Я много раз уговаривал его вернуться.,1,0
"Он вернулся в Боливию, где работал в банковской сфере.",1,0
"Он, как всегда, деловит, неулыбчив, вроде серьёзной, насупленной птицы.",1,0
Из-за деревьев выглядывает крыша нашего дома.,1,0
"На столике, рядом с кроватью, стояла зажженная свеча.",1,0
Сегодня я еще не был на море.,1,0
"Американский военный преступник признался во множестве убийств и пыток заключенных ""Освенцима"".",1,0
Перемен в технической политике фирмы еще не наступило.,1,0
Он отказывался от всех предложений.,1,0
"Он не знал, что там есть столовая.",1,0
Последние лет Эрендисис была очень несчастна последние несколько своих последних десятков годов она стала печальной и несчастной.,0,Syntax
Он полностью загрузил сено в грузовик.,1,0
В мире число узлов сети растет со временем.,1,0
"Боюсь, мне не хватит на это времени.",1,0
"Короткие анимационные фильмы, посвященные женщине-кошке.",1,0
"Дед Трифон был человеком экономным, но не жадным.",1,0
Он хочет посоветоваться с каким-нибудь крупным специалистом в этой области.,1,0
Можете ли вы очистить эту грязь?,1,0
"У тебя есть молодость, красота, здоровье.",1,0
Никому не было холодно.,1,0
Занятия в техникуме начинались через два месяца.,1,0
В автосалоне были выставлены в основном автомобили представительского класса.,1,0
"Прекрасное просто, оно понятно, этого я не понимаю, не чувствую, не могу принять.",1,0
"Она не унывала, сознавая, что их разлука долго не продлится.",1,0
Одесса была крупнейшим центром еврейской черты оседлости.,1,0
Деда этого разбивал уже паралич.,1,0
У меня было с ним неприятное столкновение.,1,0
"Он был квартирмейстером и казначеем в Костромском пехотном полку, дослужился до штабс-капитана и вышел капитаном в отставку с шестьюстами рублями ассигнациями пенсии.",1,0
"Пастухи виноваты в том, что пропал баран.",1,0
"Я подписал договор, не читая его, и только спустя день задумался: я согласился под чем?",0,Syntax
"Царствуй, лежа на боку.",1,0
Сотрудники были набраны редактором.,1,0
И вы узнаете истинную радость и истинный смысл успеха – экстаз и восторжество собственного духа.,0,Morphology
Она ждала нас у поворота дороги.,1,0
Мой проигрыш огорчил отца.,1,0
"Помнишь, к тебе когда-то приходила такая блондинка.",1,0
"Читатель Пушкина имел прежде полное основание представлять себе, если не эту даму, то, во всяком случае, отношение к ней поэта в самом возвышенном идеальном свете.",1,0
"Сквозь каменное выражение лица на секунду промелькнула робкая улыбка, и Евгений Иванович вопросительно посмотрел на Машеньку.",1,0
Копье вонзилось в дерево возле самой его головы.,1,0
Мешок весит 50 кг.,1,0
В 1706 г. он получил под свое командование целую армию.,1,0
Этот случай частично объяснил странности его поведения.,1,0
Мы не для этого тебя выбирали.,1,0
"Исключения здесь составляют разве что некоторые африканские страны, однако стоит ли нам ориентироваться на их, мягко говоря, неоднозначный опыт?",1,0
"Слушай, возьми моего мужика, ступай в мясной совхоз.",1,0
"Он не тот человек, женитьба которого огорчила его мать.",1,0
"На обочине дороги стояла разбитая машина, а немного поодаль, в кювете, лежало отвалившееся колесо.",1,0
"Кто завтра не будет работать, может пойти.",0,Semantics
Моя шутка его обидела.,1,0
Я однажды решал эту задачу.,1,0
Я беру у вас эту книгу на неделю.,1,0
Утром Тамбулов встал рано и стопочкой сложил использованное белье в шкаф.,1,0
Казна истощилась от войн.,1,0
Ему бы вернуться к себе домой.,1,0
Каждую рукопись читает по редактору.,1,0
Я предпочитаю воздерживаться от всякого вмешательства.,1,0
"Вот теплятся желтые свечи, забытые в окне жителя города.",0,Semantics
"Теперь, слово на улице было, что на самом деле это было мое волонтерство, которое привело меня на фронт линии.",1,0
Выдры — необычайно смышлёные и рассудительные существа.,1,0
"Я пошуршал бумагами, чтобы его разбудить.",1,0
Иван еще не был в таком театре.,1,0
"Нет проблемы, которая бы всесторонне не обсуждалась.",1,0
"Фактически, этот конкретный объект находится либо в штате, либо за его пределами.",1,0
"Глядя на старуху, Яков почему-то вспомнил, что за всю жизнь он, кажется, ни разу не приласкал ее.",1,0
Правительство совершенно не собирается идти на какие-либо уступки и просто тянет время.,1,0
"Петя покрасил дачу, а Коля отремонтировал машину.",1,0
"Он лично поруководил боевыми действиями, в результате которых беспорядки были подавлены, а иудеи были рассеянны по всему миру.",0,Semantics
За прилавком стоял продавец.,1,0
"Мне бы хотелось открыться кому-нибудь, но разве здесь есть такие люди, которые бы могли меня понять.",1,0
С удовольствием прийду в любое место с женой для опроса.,0,Morphology
На самом деле большая часть фильмов этого периода носит мифологический характер.,1,0
В Англии существует “Закон о выдаче тела”.,1,0
"Моя жена часто звонит мне, когда она путешествует за границу.",1,0
В доме кто-то есть.,1,0
"Английский дом представляет собой своеобразную вершину уюта и удобства и включал обстановку из множества столиков, пуфиков, диванов и кресел, стоящих перед камином.",0,Syntax
Я прочел уже больше половины книги.,1,0
Он ездит туда сам.,1,0
"Я виноват, что сын такой невоспитанный.",1,0
Я не имею понятия о квантовой физике.,1,0
У нас всегда дома кто-нибудь есть.,1,0
Могу резко не тормозить.,1,0
"Он всегда говорил очень убедительно, хотя у меня возникали некоторые сомнения.",1,0
Он осознал свою вину.,1,0
"Макар Игнатьевич, будучи человеком добрым, желающим всем помочь, не только помогал нуждающимся хлебом, но и одеждой, лекарствами.",0,Syntax
"Иван ни плаща, ни куртки с собой не брал.",1,0
"Маша не знала, что Иван улетел в Марокко.",1,0
"Крейсер, видимо, получил приказ атаковать островок первый.",1,0
"День был дождливый, но Коля не взял зонт.",1,0
Кто-то видел каждого из них.,1,0
Она сейчас будет громко плакать.,1,0
Это известие лишает меня сна.,1,0
"Реалисты считают, что государство управляется анархией, то есть не существует центральной власти.",1,0
"Ошибается он, твой приятель.",1,0
Он называл соседа гусаком.,1,0
"Лауреатом этой премии стал поэтический сборник ""Стена"".",1,0
Мой дом стоит не на горе.,1,0
"Зачем спорить о семиста километрах, когда мы говорим о расстоянии до Луны?",0,Morphology
Дома не строится рабочими.,0,Syntax
"Их машина остановилась у города Клин, а затем двинулась дальше.",1,0
Он становится мертвенно бледным.,1,0
Это возвысило ее в моих глазах.,1,0
"Немного поодаль от дороги стояла большая развесистая береза, и мы решили расположиться под ней на отдых.",1,0
"Он рассказал мне замысел поэмы, которую хотел того, чтобы я прямо по замыслу, без текста перевел.",0,Syntax
А вы ноктюрн сыграть могли бы?,1,0
А для Коли почему не взяли?,1,0
Она взяла мне эту книгу в библиотеке.,1,0
Дальнейшее расширение Генерального плана КЛИА предусматривает создание еще двух взлетно-посадочных полос.,1,0
Приход Пети объясняет отсутствие Вани.,1,0
"Стая птиц, поднявшихся над болотом, покружили немного, громко крича, но вскоре успокоились.",0,Syntax
"Нужно согласиться, что неприятно видеть любимые, почитаемые образы на свалке, но кощунством назвать это нельзя.",1,0
Сектор обстрела просматривается плохо.,1,0
"Спортсмены, приехавшие на чемпионат, надеялись на победу и верят в неё.",0,Syntax
Свечи на столе не горело.,1,0
Вы когда-нибудь пили такое вино?,1,0
Бонапарт приказал артиллеристам открыть огонь первыми.,1,0
Он меня не узнал.,1,0
"Кто-то должен был пойти туда, но я не знаю кто.",1,0
Разве мосты уже не сняли.,1,0
В это время из зала в гостиную вошла незнакомая Ларе девушка.,1,0
Из-за туч показалась луна.,1,0
"Почему ты, Ваня, не был в школе?",1,0
"Создавая проект ландшафтного дизайна участка, архитектором не были учтены климатические особенности местности.",0,Syntax
У него появились боли в левом боку.,1,0
Мне приходит в голову один случай.,1,0
"Должна быть у вас моя карточка, я записывался.",1,0
Ему не повезло родиться богатым.,1,0
Он поселился вдали от какого-либо жилья.,1,0
"Том — уродливая, авантюрная кошка, описываемая как «самая популярная кошка в мире».",1,0
Возникает вопрос: почему взрослые особи некоторых видов птиц живут дольше своих несозревших сверстников; если они старше их по возраст.,0,Morphology
"В железных горшках, закрытых в двухэтажках и крышками, скрыто надёжно.",0,Syntax
"Также будут использованы два дневника транзакций, чтобы восстановить базу данных к текущему времени.",1,0
"Те, кто хоть раз в жизни бывал в Африке, с восторгом рассказывает о своих приключениях и мечтает вернуться туда снова.",0,Syntax
Павел Алексеевич уже перестал ждать какого-либо ответа.,1,0
"Несмотря на то, что я готовился, мне достался трудный билет и который я не знал.",0,Syntax
"В мире отмечены авиакатастрофы, которую на тот момент были крупнейшими в истории.",0,Syntax
"Некоторыми морскими организмами, создавая удивительно прочные микроскопические структуры, проявляются чудеса инженерной мысли.",0,Syntax
Наличие в программе даже большого числа неактивных отладочных точек не сказывается на быстродействии программы.,1,0
Звезды погасли одна за другой.,1,0
"Там, у дома, Никаша, наверное, играет в мяч.",1,0
Он воодушевил меня своей пламенной речью.,1,0
Он имел к ней какую-то особенную нежность.,1,0
Президент Венесуэлы пригласил Колокольцева посетить с рабочим визитом проектирование трансграничной железной дороги SAREX 230 километров.,0,Syntax
Я не вижу смысла.,1,0
Я ему об этом написал.,1,0
"Сначала она была в каком-то раздраженном состоянии, но потом успокоилась.",1,0
Оправдываться мне было не в чем.,1,0
В Красноярске впервые состоялся международный конкурс артистического мастерства «Весна — 2012».,1,0
И в матче с этой командой — особенно на «Петровском» я не увидел чего-то выдающегося.,1,0
Количество бездомных семей было ограничено.,1,0
Жена Николая II согласно завещанию обязана занять престол после его смерти.,1,0
С 1903 по 1907 год был командиром роты и батальона в армии США.,1,0
В машине сидели шесть человек.,1,0
Я не читал ни одного из его романов.,1,0
Этот выстрел решил мою судьбу –– я стал стрелком.,1,0
Такая мысль не возникает неожиданно.,1,0
Он прошел близко от меня.,1,0
Здесь вы не найдете работу.,1,0
Этот знак нужно взять за скобки.,1,0
"Стала бы я стараться, если бы знала!",1,0
"Он отомстил врагу, убив его родственника.",1,0
"Я знаю, что Маша уехала.",1,0
Сегодня отец уже был на море.,1,0
Он долго не приходил.,1,0
Наша машина испортилась у села Покров.,1,0
В это время князь Андрей подошел к Наташе.,1,0
"Ведь если бежать с ускорением, прыгуну сообщится больше энергии, и он прыгнет более выше.",0,Morphology
Симптомов болезни не появилось.,1,0
Кто построил этот завод?,1,0
"Считайте, что я не знаю, что он приехал.",1,0
Не боги горшки обжигают.,1,0
"Я был поражен, какая она оказалась хитрая.",1,0
Но сначала я хочу сказать тебе о твоей страсти.,1,0
Я не дочитал вашу рукопись.,1,0
"Артамонова поступила в училище легко, с первого раза.",1,0
За каменной высокой стеной находятся бывшие архиерейские палаты.,1,0
Я взялся за перила.,1,0
Я приехала низачем.,1,0
Так быстро он не справится.,1,0
"Созданные книги писателем начинают жить самостоятельно, причём жизнью активной, продолжительной, исполненной последовательности, недостающей самому автору.",0,Syntax
Этот процессор требовал всего 1 Вт мощности (более поздние версии требовали гораздо больше).,1,0
К тебе кто-то приходил.,1,0
Сверкавшие звёзды на небе искрились и переливались всеми цветами радуги.,0,Syntax
А зачем Вы завязали ногу?,1,0
Вы сами все это построили?,1,0
"Если его не остановить, он до утра быть рассказывать о своих подвигах.",0,Syntax
Ему чужды какие-либо колебания.,1,0
Я не затруднил ее своей просьбой.,1,0
Возьмите из моего чемодана полотенце.,1,0
"Комната плохо освещена, поэтому работать в ней неудобно.",1,0
Иностранных туристов у нас в гостинице еще не останавливалось.,1,0
В комнату вошел адвокат.,1,0
План полностью не продуман.,1,0
"Молчи, мать, все будет в норме.",1,0
"Мелодия исполняет песню Луги, заканчивая штормы и приносящую мир легендарным птицам.",0,Semantics
Организация исламского банка несколько отличается от традиционного банка.,1,0
Он принял на себя управление имением.,1,0
Уличных звуков сюда не доносится.,1,0
"Мы все еще не распознали его детской доверчивости, затянуты были необычным повествованием и –– вина на нас! –– не успели остеречь против наседки.",1,0
Я обрадовался его приходу.,1,0
"Он проиграл что-то много, но сколько именно, он не знал.",1,0
"Он не мог пожать мне руку, он нес два арбуза.",1,0
Такая большая пропала сумка.,1,0
"Рискуя жизнью, железнодорожники защищали пассажира от вооруженных бандитов.",1,0
"Футболист стал играть в футбольном клубе ""Реал Сосьедад"", который был запасным.",0,Syntax
Почему я тогда ушел не сразу?,1,0
Я этого не понимал.,1,0
Зубы у больного скрежетали.,1,0
Ивана разбудил звонок в дверь.,1,0
"Мы забыли, что ты не любишь пиццу.",1,0
Дайте я за вами поухаживаю.,1,0
"Мы подолгу беседуем о прочитанном (так случилось, что круг нашего чтения очень совпадал) и иногда злоупотребляли временем.",0,Syntax
Вот на этой стене висела картина.,1,0
"Он встал, медленно, с нарочито-печальным, покаянным лицом надел пальто, взял котомку.",1,0
"Я принимаю его таким, какой он есть.",1,0
"Он вырос более $10 млрд за 14,8% акций, что делает его крупнейшим IPO в России и пятым по величине в мире.",0,Syntax
Плохие новости лучше продаются.,1,0
"На встрече с жителями Беслана Николай Шепель заявил, что бунтовщики использовали фейерверки.",1,0
Он никогда не ел каши.,1,0
"Не может быть, чтобы он не усмехнулся исподтишка.",1,0
Большинство людей чистят зубы по крайней мере два раза в день.,1,0
"Глядя на вас, нам тоже хочется есть.",1,0
"И все же, - спрашивала Лора, — почему ты уехала?",1,0
Иван выращивает новый сорт пшеницы.,1,0
Я давно не был в Москве.,1,0
"Похоже, никто его не знает.",1,0
Эта речка впадала в небольшое озеро.,1,0
Кто-нибудь находил мои очки?,1,0
Даже ребенок может понять это.,1,0
У нее есть изящество.,1,0
"Проходя мимо причала, Артёму захотелось сделать несколько фотографий.",0,Syntax
"The Beatles заявили о ""американским ответе"" на ее песню.",1,0
"Это так новое, чтобы увидеть это, что кто-то на самом деле взял аналоговый аппарат и написал мне.",0,Hallucination
Решено: пойдет кто-то один.,1,0
Пять бандитов лежали на земле раненые.,1,0
Она боялась его врагов.,1,0
Его обувь нужно отремонтировать.,1,0
В 1729 году даньцзя описываются под именем «варвара из Яо» причём отношение к ней был как к животным.,0,Syntax
Он успел отправить письмо.,1,0
На родине остались несколько членов семей морганистов (см. оставшиеся в Совете).,1,0
Это такой же необычный опыт.,1,0
Никакая работа не представляла для этого блестяще образованного и высокоорганизованного человека больших затруднений.,1,0
Вместе с другой 25-этажной башней будет 821 апартамент.,0,Hallucination
После ее слов у меня опять появилась надежда.,1,0
"Получив начальное домашнее образование в Москве, Радищева зачислили в петербургский Пажеский корпус.",0,Syntax
"Сравнивая ископаемых животных с современными, биологам открылось, почему доисторические существа были такими большими.",0,Syntax
"Удачливый охотник окружён всеобщим почётом: нет большей чести, чем накормить мясом всю деревню.",1,0
И поэтому я должен разобраться с этим сам.,1,0
"Выполняя задание, мне катастрофически не хватало материала, содержащего последние статистические данные.",0,Syntax
Я не обещаю вернуться.,1,0
Стока талых вод не наблюдалось.,1,0
"Рядом с ним стоял какой-то высокий молодой человек, и они о чем-то очень оживленно разговаривали.",1,0
"Стало известно, что севере больше невозможно оставаться.",0,Syntax
"Ты приходишь, чтобы тебе заплатили пятьсот тысяч.",1,0
Он пытался заставить меня смеяться.,1,0
Баран пропал по вине пастухов.,1,0
В этой гористой местности прячутся глубокие тёмные пропасти.,1,0
Это сейчас зависит от Иванова.,1,0
"Еще раньше у лося побывали волки, — Тэдди узнал это по следам, оставленным ими, и поэтому никуда не ушел и уснул поблизости.",1,0
Я открыл ему тайну.,1,0
Я особенно не удивился.,1,0
"Он был рад тому, что он приедет, будто тому, что наступит лето.",0,Syntax
На погонах блестели звезды.,1,0
Прямая и отрезок пересекаются.,1,0
Ему в первый раз пришли вопросы о возможности для его жены любить кого-нибудь.,1,0
"Увидев Андрея рядом с командиром, всё стало легко объяснимым.",0,Syntax
В Европе растет беспокойство по поводу кризиса на Среднем Востоке.,1,0
"Внизу, на парадной двери, ящик для писем, в щель которого не протиснулось бы ни одно письмо.",1,0
"Те, кто не изучает иностранный язык, лишён возможности читать в подлиннике шедевры мировой литературы.",0,Syntax
"В 2009 г. администрация провинции Каляри утвердила правила орфографии, фонетики, морфологии, лексики и словарных правил для кампиданского языка.",1,0
Развитию торговли в Новгороде способствовала река.,1,0
В машине сидело шесть человек.,1,0
"Вот он так же неловко, как слезал минуту назад, садится на велосипед.",1,0
"Используя этот метод, мы получили полную информацию о механизме химической реакции в газовой фазе.",1,0
Руки его покоились на коленях.,1,0
"Вася что получит, то и пропьёт, а я крутись-вертись на свою зарплату.",1,0
"Проверьте, работает ли ваше соединение.",1,0
Проблема уже давно рассматривается нашими специалистами.,1,0
"Позднее было заявлено, что песня была только прологом.",1,0
Мы с вами встречались.,1,0
"Том ждал, пока все сядут.",1,0
В долгосрочной перспективе такие нестандартные источники углеводородного сырья могут иметь существенное значение для мирового топливного баланса.,1,0
Он резко не затормозил.,0,Semantics
"В последнее время в зоопсихологии появились достаточно много работ, которые убеждают нас втом, что личностные поведенческие признаки обнаруживаются у самых разных животных.",0,Syntax
К 1905 году численность населения возросла до 100 человек.,1,0
"Это же очень жизненное кино, а в жизни точку не поставишь, если только все не умерли в один день.",1,0
На берегу Ладожского острова впервые произошел конфликт с начала войны.,1,0
Картины на стене не висело.,1,0
В 1989 году она была преобразована в смешанную научно-исследовательскую группу (МСИ).,1,0
По завещанию имущество достается жене и детям.,1,0
Мой дом стоит на горе.,1,0
В этот момент он начал говорить.,1,0
"У Леонардо был виноградник близ Флоренции, на холме Фаезоле.",1,0
Он все еще ей не написал.,1,0
У нее были такие большие зубы.,1,0
Камень заваливал вход в пещеру.,1,0
"На требование Дурманова показать эту программу чиновники МОК сразу заявили: «О, мы забыли сказать – это был ручной жребий».",1,0
Публика приняла эту пьесу с восторгом.,1,0
С начала 1140 г. против него восстал Найджел - епископ Или - чьи замок Стефан конфисковал прошлым годом.,0,Syntax
"День был полон, и каждый из нас занимался чем-нибудь своим.",1,0
Недалеко от меня возле избушки человек копал канаву.,1,0
Канава сейчас отделяет нашу ферму от соседней.,1,0
Он съел мясо сырым.,1,0
"Я.А. Коменский считал, что по каждому предмету должен быть не только отдельный учебник, но и все ученики осваивают программу в едином темпе.",0,Syntax
Конституция Финляндии имеет высшую власть и устанавливает процедуры и руководящие принципы применения законодательства.,1,0
На Салоне 1838 года представлен портрет принца Ваграмского с дочерью.,1,0
Кто разбивал эту ломал этот стул?,0,Semantics
"Появится кто-то совершенно новый, неведомый, порожденный нынешней ситуацией, ни на что ожидаемое не похожий.",1,0
Меня огорчил его приход.,1,0
"В состав жюри также вошли преподаватели Лесной и технической академии, ведущие эксперты в области инструментов и оборудования для деревообрабатывающей и мебельной промышленности.",1,0
В мире есть много зла.,1,0
Иван не заставил меня написать диссертацию.,1,0
Вы не могли бы попробовать торт?,1,0
Иван отменил решение пойти на встречу один.,1,0
Инвалид-гардеробщик за деревянным барьером пил чай из термоса.,1,0
Мы не получали письмо.,1,0
"Но ему сказали, что такая не значится.",1,0
"Когда мы вышли из леса, было сыро, но дождя уже не было.",1,0
Я рискую опоздать на семинар.,1,0
"Это пострашнее всего, что творится в лагере.",1,0
"Никогда не забуду выражения растерянности и вместе с тем готовности к сопротивлению, которое было написано у него на лице, когда он выскочил на поверхность воды.",1,0
"Это было веселее, чем ходить в зоопарк, потому что Феликс позволил Августину помочь с животными.",1,0
Я не воспринимаю такой музыки.,1,0
"И про тебя, душа моя, идут кой-какие толки, которые не вполне доходят до меня.",1,0
Они сидели друг против друга.,1,0
Поговори же хоть с кем-нибудь из них.,1,0
Роза Львовна поднялась с кресел и царственной походкой направилась к двери.,1,0
"Я убежден, что кто может объять необъятное.",0,Semantics
Найманские дозорные сообщили об одном из огней Таян-хану.,1,0
"Назавтра же, когда выяснилось, что Феодосий отказывается выйти к матери, она пришла в состояние гнева.",1,0
Том пообещал поехать с нами в Бостон.,1,0
Закройте свой номер и идите сюда!,1,0
"Даже вывеску со здания, которое она занимала, сняли.",1,0
Он целый год уговаривал меня к нему приехать.,1,0
"Это хороший повод, чтобы познакомиться.",1,0
"Вот теплятся желтые свечи, забытые в окне человека.",0,Semantics
В седьмой день седьмого лунного месяца по улицам Японии под грохот барабанов и крики участников проходят красочная процессия с гигантскими фонарями.,0,Syntax
Донецкий журналист оценил реакцию граждан ЛДНР на возможное прибытие Зеленского.,1,0
"Я думаю, что он прав.",1,0
В этом дворе сторожевая собака.,1,0
Ему вручили подарок серебряные часы.,1,0
Он не высказал каких бы то ни было интересных соображений.,1,0
"И казалось, что оба они вели медицинский разговор только для того, чтобы дать Ольге Ивановне возможность молчать, т. е. не лгать.",1,0
"И вообще я с большим удивлением узнал потом от Варвары Петровны, что нисколько не испугался смерти.",1,0
Других улик не осталось.,1,0
"Эти грибы, дождь чуть-чуть пройдет, снова из земли полезут.",1,0
Есть из-за чего расстраиваться!,1,0
"Меня не было дома, когда выключили свет.",1,0
Он был весь исцарапан.,1,0
"Невдалеке от оврага начиналась тайга, и на опушке ее спрятались охотники с молодыми лайками.",1,0
Солдатам командир отдал приказ выдвигаться на позицию.,1,0
Он заслонил мне экран.,1,0
После третьей жены я тоже принял решение быть один.,1,0
"После появления малыша у женщины ему присваивают юридическое лицо с проживанием и регистрацией, как мама или отец ребенку.",0,Syntax
Сомнений у нас не возникло.,1,0
Она ходит на работу пешком.,1,0
Змея ползет по дороге.,1,0
"Как и прежде, в мире хватает социально-политических, экономических, межэтнических, религиозных и других противоречий.",1,0
Весь год у меня был друг.,1,0
"Когда Адам проснулся, Ева уже ушла.",1,0
Отдайте его в музыкальную школу!,1,0
"Знаю, что он пришел.",1,0
"Шесть лет тому назад я получил пощечину, и враг мой еще жив.",1,0
Есть ли в поселке врач?,1,0
"Кроме того, цветки липы активно посещают шмели и другие насекомые.",1,0
"Он, я с вами согласен, сильно изменился.",1,0
"А весной, когда до конца тают снега и приходит пора яростных ливней, речки возрождаются и промывают себе новые русла.",0,Semantics
Я насильно познакомил Ивана с Петром.,1,0
У крайней избы поселка стояла баба в короткой исподнице.,1,0
На поверку вся теория оказалась полной чепухой.,1,0
"Буддизм вступил на учет, члены королевской семьи по праву совершали паломничества, иногда даже уходили в монастырь насовсем во время своего существования.",1,0
"Неизбежно, это были не только динозавры, которые обнаружили Ламбе.",0,Syntax
Ни один коротышка не смог бы сорвать орех руками ― их надо было пилить пилой.,1,0
У соболя густой и длинный мех.,1,0
Работы по охране и развитию пляжа будут завершены к концу 2008 года.,1,0
По утрам открывай окно.,1,0
"Ваня вернулся, а Федя пока остается в школе.",1,0
Он не спасет утопающего прыжком в воду.,1,0
"Можно помогать только тому, кто этого достоин.",1,0
Она переняла его манеру говорить в нос.,1,0
Автобус не должен отправляться ночью.,1,0
Он проталкивался к двери и кашляет от морозного воздуха.,0,Syntax
"Мы собрались вместе, чтобы всем разобраться в этом деле.",1,0
Жилищные условия формируют здоровье представителей нескольких поколений семьи.,1,0
Крепость все еще осаждена противником.,1,0
Он так и не узнал конец этой истории.,1,0
У нас вчера было заседание сектора.,1,0
"В 1929 году Ньюкомб переехал на Мальту в качестве главного инженера, а в 1932 году ушел в отставку.",1,0
"Во многих отношениях, это то, о чем все дело.",0,Morphology
Винсент Уильямс и его коллеги (2009) опубликовали дополнительную работу по гадрозавридному зубному микрооборудованию.,1,0
"То, что он участвовал в этом сборище, меня удивило.",1,0
"Такую нагрузку, был бы ты хоть двужильным, потянутъ невозможно.",1,0
"В компаниях компаний впервые созданы устройства, преобразующие игровую консоль в компьютер.",0,Hallucination
Так они и дадут тебе эту премию!,1,0
Он показался в назначенный срок.,0,Semantics
Ведь я тогда каждый день гулял с собакой.,1,0
"В ту минуту он жалел, что остался дома.",1,0
Походные переписи 1910 года в посёлке Полукирь зафиксировали около восьми человек.,1,0
Его побили за предательство.,1,0
Абонентская плата составляет сто двадцать рублей в месяц.,1,0
"Он живет не один, уже три года у него есть жена.",1,0
Он вырос из ребенка в кого?,0,Syntax
Он выбрал местом отдыха Ялту.,1,0
Своя комната убрана каждым мальчиком.,0,Syntax
Ни один студент не был на лекции.,1,0
"Я считаю, когда ты принял решение сесть за руль пьяным, ты уже преступник.",1,0
Только что приподнялась портьера и он увидел Настасью Филипповну –– все остальное перестало для него существовать.,1,0
"Рискуя увечьем, он защитил женщину от хулигана.",1,0
"Вероятно, тебе больно идти.",1,0
Получу ли я от этого пользу?,1,0
"Некоторые шифротексты могут быть взломаны, хотя некоторых шифрования с большим количеством символов на практике, но есть нестандартные структуры.",0,Hallucination
"Я думаю, что он это сделает.",1,0
Очередная накладная с двухстами предметами легла на стол.,0,Morphology
Мне нужна ручка записать телефон.,1,0
В городе имеются продовольственные склады белых.,1,0
Я смотрю на костер догорающий.,1,0
У руководства группы были другие планы.,1,0
Я потерял ваш номер телефона.,1,0
"Мне не жаль, что он зашел.",1,0
Он сидел у печки и подбрасывал в нее дрова.,1,0
"Все, кто побывал в Крыму, увёз с собой после расставания с ним яркие впечатления о море, горах, южных травах и цветах.",0,Syntax
В небе находится неопознанный летающий объект.,1,0
Ни одна подлодка не всплыла.,1,0
"Весной река представляет собой стремительный поток, а летом уходит под землю, оставляя лишь каменистое русло.",1,0
Ваше отсутствие не будет тормозить работу.,1,0
Резким выкриком Иван обнаружил свою досаду.,1,0
"Он, правда, не очень умен, ноу него есть упорство, которое поможет ему многого добиться.",1,0
Она думала о его врагах.,1,0
Некоторое время он сидел спокойно.,1,0
Растение характерно для степи и сильвостепи на равнинах и на плато Молдавии на севере.,0,Morphology
Среди его друзей есть бизнесмены.,1,0
Неисправный мотор мотоцикла злобно тарахтел.,1,0
Иногда к ней приходит кто-нибудь из ее друзей.,1,0
"Звезда ""Улиц разбитых фонарей"" Сьюзан О'Риордан получила звезду на Аллее славы Голливуда.",1,0
Автомобильный переход на Тортосу к Таррагоне охранялся фортом.,1,0
Сигэнори две ночи назад получил тот самый приказ одному внедриться в крепость.,1,0
Поставки автомобилей из Германии начались вначале после производства.,0,Semantics
Он плотно закрыл дверь.,1,0
"Директриса сидела с той же вежливой улыбочкой, не проронив ни слова.",1,0
Не стоит принижать заслуг тренера в победе его воспитанников — юных футболистов — в матче с более опытным соперником.,1,0
"Маша вчера сказала: ""Я приеду завтра"".",1,0
С тех пор к резерву были добавлены еще небольшие земельные участки.,1,0
"Администрация города, в том числе мэр, несколько депутатов и членов комиссий, также присутствовали на открытии музея.",0,Syntax
В имидже профессионала важную роль играет деловой этикет.,1,0
"Зерно не даст всхода, если не умрет.",1,0
Все хлопоты он взял на себя.,1,0
Так он тебе и скажет!,1,0
Поселок находился вдали от железной дороги.,1,0
"Я думаю, что между ними что-то произошло.",1,0
В среду в университете начинались занятия.,1,0
В тот день мы обедали ровно в шесть.,1,0
В Хевроне в тот же день по подозрению в терроризме задержали 10 палестинцев.,1,0
"Это движение, началось как-то самопроизвольно, почти стихийно, снизу, без какого бы то ни было давления со стороны администрации.",1,0
Но и остальные жители села не должны оказаться за бортом.,1,0
Громко они не смеялись.,1,0
Мы выбрали Ивана председателем.,1,0
"Зимними холодными вечерами они сидели у камина, читали или разговаривали.",1,0
"У нее есть недостатки, но она неплохой человек.",1,0
В этот день никто не работал.,1,0
Сегодня отец еще не был на море.,1,0
Флаг развевается на ветру.,1,0
"Вынос Боевого Знамени воинской части производится в порядке, установленном Строевым уставом.",1,0
"Мне хватило двух минут, чтобы высказать все, что я о нем думаю.",1,0
Между ними началось нечто неожиданное.,1,0
"Все радовались тому, что экзамены закончатся и теперь можно немного отдохнуть.",0,Syntax
"Я просто хочу, чтобы вы знали, что я прощаю вас.",1,0
Резко он не тормозил.,1,0
Сделай эту работу к понедельнику!,1,0
Было создано новое место для Северной территории.,1,0
Жене моей нездоровится.,1,0
У меня нет родных и почти нет знакомых.,1,0
"Ваня, в отличие от других, не понял.",1,0
Это исключение подтверждает правило.,1,0
Было выпито вина.,0,Syntax
"В состав Западной провинции входят бывшие провинции Чьянгугу, Гисеньи, Кибуйе и небольшая часть Рухенгери.",1,0
"Как бабушка идет из школы, тоже видно будет сейчас.",1,0
"Художник из Италии заявил о своей причастности к созданию плаката для ""кокаинового дела"" с участием Бузовой и Децла.",1,0
После этого она захромала.,0,Semantics
В зал внесли четыре ящика.,1,0
Редкие недовыписанные родильницы не тревожат шарканьем пустынные коридоры.,1,0
Мы с ними договорились.,1,0
"Шрам от этого пореза остался у Сергея до конца его жизни, и он забинтовывал руку хирургическим бинтом.",1,0
Она сделала печальное лицо.,1,0
У магазина толпилось много народу.,1,0
На диване удобно устроилась Маша.,1,0
Длительный кашель у ребёнка нередко является симптомом серьёзного заболевания.,1,0
"Будем как хвалить, так и критиковать.",1,0
Крым всегда будет рад вас видеть.,1,0
"Не думаю, что мосты уже сняли.",1,0
Вчера в два часа магазин закрыли и открыли только сегодня.,1,0
Последнее пять человек пришли.,0,Syntax
"Найдя, это ее обрадовало.",0,Syntax
"Вопреки ожиданий служба в полку была полна неожиданностей, зачастую приятных.",0,Syntax
Мешок весит меньше 50 кг.,1,0
"И я, вероятно, как, «ноги получают работать».",0,Hallucination
Я снял пылинку со шляпы.,1,0
"К сожалению, никакого практического значения теория не имела.",1,0
Здесь можно перейти улицу.,1,0
Солировать будет не Гиндин.,1,0
"Одни ученые утверждают, что эти игры вредны, другие что полезны.",1,0
"А ты выбрось это из головы, забудь!",1,0
Ее не осудят за это.,1,0
Этот город известен своей уникальной архитектурой и славной историей.,1,0
"Это было скорее помещение, где после обеда можно отдохнуть.",1,0
Но Александр Борисович отрицает всякие мстительные мотивы в своем выборе.,0,Semantics
Я варю два яйца.,1,0
Мне нет необходимости это выяснять.,1,0
"Правда, в Вентимилъе пока нет велосипедной трассы, но уже собираются деньги для ее постройки.",1,0
"На глобальном уровне мы должны иметь больше, чем наши собственные вещи.",1,0
"Белая молния озарила лесника; трескучий и короткий удар грома раздался тотчас вслед за нею, дождик хлынул с удвоенной силой.",1,0
"Прославив своё имя исследованиями болезней и применением вакцин, у меня сложились замечательные отношения со всеми учеными.",0,Syntax
Он осознает свои собственные ошибки.,1,0
"Я отдал бы многое для того, чтобы сделать это сегодня.",1,0
"Если есть наличные, можно заказать всё что угодно.",1,0
У меня есть фото из одного места в Кентукки.,1,0
Я покупаю себе компьютер.,1,0
Дорога идет на север.,1,0
"Насколько я понимаю, он здесь был.",1,0
Иван Грозный не убил своего сына.,1,0
В лесу у нас много грибов.,1,0
Суд внимательно разбирает кажду жалобу.,1,0
"Иван знает, что занятия отменяются.",1,0
Кухня обслуживает международные и турецкие блюда с акцентом на здоровую пищу.,1,0
"Хотите восстановить свой природный голос, то есть говорить и петь более звучнее?",0,Morphology
Я поеду или к знакомым.,0,Syntax
"Бор рассказывал, что эта гипотеза была предложена Дираком в 1930 г.",1,0
"Громко засвидетельствовали, что ""пан Митя"" предлагал им три тысячи, чтобы купить их честь.",1,0
Камень завалил вход в пещеру.,1,0
Вряд ли я исправлю что бы то ни было.,1,0
"Жаль, право, что эти добрые люди так сплетничают; это отнимает всякую охоту ходить к ним.",1,0
Обширные территории Сибири и Дальнего Востока расположены в зоне вечной мерзлоты.,1,0
"Люди вы свои, и мне жалко, коли вы пропадете ни за что.",1,0
День на день не приходится: примерно двумя тысячами ответов и трёхстами вопросами получаю до 5 рублей в сутки.,0,Morphology
Я принял у него экзамен.,1,0
"Удар получился таким сильным, что она больно отбила себе руку, а банка треснула, и из нее в глаза черноволосому брызнул острый кетчуп.",1,0
Слова жены подтвердили мои догадки.,1,0
"Он не добился того, чтобы статью опубликовали.",1,0
Сергей вешал тогда эту карту.,1,0
"Чтобы завтра встать пораньше, надо завести будильник.",1,0
Ваше отсутствие не тормозило работу.,1,0
Я разрезал колбасу перочинным ножом.,1,0
Никакие российские самолеты воздушного пространства Грузии не нарушали.,1,0
"Собеседники, недовольные каждый по своей причине ходом разговора, были мрачны.",1,0
Уже не в первый раз российская женская сборная по баскетболу одерживает впечатляющую победу над командой соперниц.,1,0
Он должен был успеть на поезд.,1,0
Запись нового альбома Кинга продлена до 19 июля и включена как часть тура по США для промоутеров Remix LLP.,0,Hallucination
"Высокий баллон с кислородом стоял в отдельном запертом сейчас коридоре — в том коридоре около рентгеновских кабинетов, где когда-то Гангарт впервые уложила промокшего умирающего Костоглотова.",1,0
"Возле нее сидел молодой человек, по виду баскетболист, на полторы головы выше довольно высокой Наташи.",1,0
Весь вечер мы провели около пианино.,1,0
Но почему же никто не прочел этих надписей?,1,0
"В Кируне начались первые выборы саамского парламента, открывшуюся 26 августа 1993 года в городе Кируне.",0,Hallucination
"Брат надеется на то, что поступит в университет.",1,0
Только пули свистят по степи.,1,0
У магазина было много народу.,1,0
Я взял тебе место в мягком вагоне.,1,0
"Мы рискуем опоздать на семинар, если не поторопимся.",1,0
Я не дочитал двух страниц.,1,0
Броненосец грозно скрежетал якорными канатами.,1,0
Его первая дочь родилась К.,0,Hallucination
Танки прорвались у города Клин.,1,0
Вера чудом избежала ареста.,1,0
По части решений на сумму более восемьсот миллионов рублей выплаты перенесли на следующий год.,0,Morphology
"Если ты заручишься поддержкой любого из них, успех тебе обеспечен.",1,0
Абсолютно никакие проблемы нельзя решить с помощью террора.,1,0
В греческом алфавите буква g следует непосредственно за b.,1,0
"Удача ждала золотоискателей, пришедших первыми.",1,0
В левой части напишите слова в латинице про себя.,0,Syntax
Какая-то черная собака находится у вас на участке.,1,0
После войны эта местность получила новое название.,1,0
Я купила ей туфли.,1,0
Светила погасли одно за другим.,1,0
Сегодня в овощном были не только яблоки.,1,0
Она впервые встречается в главе 13.,1,0
"Природа врачует не только душу человека, но и может быть слепа и жестока к нему.",0,Syntax
"Он хоть и проиграл в карты целое состояние, но по крайней мере не опозорил семью женитьбой на служанке.",1,0
Сын унаследовал от него эту черту характера.,1,0
Этот случай частично объясняет странности его поведения.,1,0
"Если Джулиана умрет, то она наконец освободит и остальные вампиры, которые совершенно не хотят пить крови и убить человека.",0,Hallucination
"Чтобы как-то восполнить недостаток движения и свежего воздуха, Лиза ходила гулять к пруду.",1,0
Где я имею право загорать голый?,1,0
"В конце концов Микки признает Грэйсом, что он встречался с ним днем и ночью проводил с Рито.",0,Syntax
"У нас нет свидетеля, говорящего всю правду, ничего не скрывая и не прибавляя.",1,0
"Между тем, поездки Литвиненко в Италию стали чаще.",1,0
"Вошел врач, и лицо больного приняло опять спокойное выражение.",1,0
Они решили сами распоряжаться.,1,0
"Зина считает, что очень нужно ему в очереди стоять.",0,Semantics
Я всю косметику с каким-либо ароматом убрала.,1,0
Ты взял белье из прачечной?,1,0
Я направил к преподавателю трех студентов принять экзамен.,0,Syntax
"Они многое прошли, чтобы добраться сюда.",0,Syntax
Я посмотрел на Машу и на Петю.,1,0
Я с удовольствием вымыла посуду.,1,0
Он появился в назначенный срок.,1,0
Близнецы не позволят герою это делать.,1,0
Раньше женщины старели к сорока годам.,1,0
"Богатые коллекции кораллов и раковин, насчитывающие почти 20 тыс единиц и имеющая высокую научную ценность, радуют глаз в представленной экспозиции морской фауны.",0,Syntax
Всю ответственность я принимаю на себя.,1,0
"Ни головная компания, ни ее «дочки» не подавали заявление в ГТК.",1,0
Шведская компания MIDP ответит перед ЕС после загрязнения воздуха от химикатов Brent&Joon.,1,0
Эти препараты сейчас появились.,1,0
Мне трудно верить кому-нибудь из них.,1,0
"Михаил повернулся на оклик и стал вглядываться, пытаясь понять, кто вылезает из машины.",1,0
Ветер шелестит листьями в аллее.,1,0
Мне не надо отдыхать.,1,0
Вы должны быть дома в 9 часов.,1,0
Развал лаборатории –– не его вина.,1,0
Его письмо подтвердило его согласие.,1,0
Он был в страшном отчаянии.,1,0
"Исследования большого числа планетарных систем позволит понять, насколько наша Солнечная система, как и планета Земля, уникальны на просторах Вселенной.",0,Syntax
Оркестр расположился вблизи от сцены.,1,0
"Том пошёл в библиотеку, чтобы увидеть Мэри.",1,0
Он начинает меня раздражать.,1,0
У меня есть Маша.,1,0
Я отдам тебе книги на следующей неделе.,1,0
"Таким образом, совершенно очевидно, что новый набор показателей мог бы помочь компаниям более эффективно оценивать результаты своей деятельности.",1,0
Он спокойно принял известие об измене невесты.,1,0
"Путешествуя по Крыму и посетив Новый Свет, Коктебель и Бахчисарай, у меня появилось много новых друзей из числа местных жителей.",0,Syntax
Это был несчастный случай.,1,0
Что ты знаешь нового про Ливию?,1,0
Войска Северного флота приостанавливают операции в районе Нарвских позиций с 16 по 24 марта 2017 года.,1,0
Арест подозреваемых в коррупции вызвал протесты.,1,0
"Те бактерии, живущие в ротовой полости, кроме проблем с дёснами, могут провоцировать появление атеросклеротических бляшек в кровеносных сосудах.",0,Syntax
В моей комнате есть кондиционер.,1,0
"Начальник цеха взял на себя ответственность, выдвигая дельное предложение по организации производства.",1,0
Он раздражается по любому поводу.,1,0
"Египетский мост в Санкт-Петербурге известен благодаря не столько установленным на нём сфинксам, но и мистической истории, произошедшей в 1905 году.",0,Syntax
Он назначил отъезд на 20 августа.,1,0
Знакомство с «Сатириконом» несомненно отразилось на исторической концепции повести.,1,0
"Отвлекаемся оттого, что оно неприемлемо также и по ряду других лингвистических причин.",0,Syntax
"Рисковал жизнью, перенося сообщения через линию фронта.",1,0
"Наверное, к нему кто-нибудь пришел.",1,0
"Одни уверяли, что ее «перенесли», другие, что ее «перенесло».",1,0
Письмо обрывалось на полуслове.,1,0
"Не думаю, что Ваня тоже понял.",1,0
"Ребята следили, чтобы ни одно зерно не упало из кузовов машин.",1,0
"Я останусь здесь, пока ты не вернешься.",1,0
"Совершенно очевидно, что человек отчаянно зануждается в профессиональной консультации и радикальной перемене образа жизни.",0,Semantics
Где Том нашел эту картину?,1,0
А ведь меня могло бы здесь не быть.,1,0
Мы решили эту хозяйственную задачу.,1,0
Игрок смогут совершать прыжки на пределах игровой зоны с пониженной гравитацией.,0,Syntax
Его сегодня не будет.,1,0
Сестра после венчания с Толстым воротилась в дом брата.,1,0
"Солнечные блики скользят по воде, а параллельно с нашей яхтой движется четвёрка касаток, и только их вздохи и всплески волн нарушают безмолвие океана.",1,0
Я испугался его прихода.,1,0
Первое произведение Реймгена было опубликовано в 1937 г.,1,0
Клинические фармацевты в настоящее время являются неотъемлемой частью междисциплинарного подхода к заботе о пациентах.,1,0
"Он пришел 8 сентября, и приход мальчика был печален.",1,0
Мы решим свой спор пистолетами.,1,0
Пусть материал будет интересный!,1,0
"Я воспользовался перочинным ножом, чтобы разрезать колбасу.",1,0
"Я сказал это, чтобы сказать что-нибудь.",1,0
Страшный пожар на севере Крыма привел к гибели людей при попытке тушения.,1,0
"В течение нескольких секунд следователь копался в архивах своей памяти, пытался извлечь оттуда хоть какие-то воспоминания о событиях годичной давности.",1,0
Все гости перепробовали этот торт.,1,0
Она упала близ своей лошади.,0,Semantics
Это не то что ты имеешь ввиду.,1,0
Он дал свое согласие.,1,0
"Вера Корнильевна вышла и увидела, что близ большой лестницы вытя нулся долговязый мужчина.",1,0
"Он не в Париже, а в Лондоне.",1,0
"Кого ты хочешь, чтобы он пригласил?",1,0
Парламентские выборы в Чили прошли по системе выборщиков 15 мая.,1,0
Кто оставлял в гардеробе сверток?,1,0
Благодаря различных стилевых вкраплений в художественной речи создаётся иронический или юмористический характер повествования.,0,Syntax
"Мне не хватило двух минут, чтобы высказать все, что я о нем думаю.",1,0
"Джоуи обещает не влиять на Слейда, но это займёт неделю после появления.",0,Hallucination
Она приняла на себя редактирование всего сборника.,1,0
Будет искать новых сторонников.,1,0
Единственный из главных заколдованных персонажей не показали в человеческих обликах.,0,Syntax
"Полиция готовит обвинения по статье ""оскорбления"" от бизнесмена.",1,0
Можно ли купить новый автомобиль?,1,0
Маша после моих уговоров помирилась с Леной.,1,0
"Она съездиет на дачу, а потом ― работа и жизнь.",0,Morphology
Ваня обрадовал нашу маму своим приходом.,1,0
"Люби меня, детка, пока я на воле.",1,0
"Что вы хотите, чтобы я сказал?",1,0
"В сельских районах принято было прикрывать волосы, но не лицо.",1,0
Он отказывался от каких бы то ни было предложений.,1,0
Трава блестит на солнце.,1,0
Я приказываю вам молчать.,1,0
Каждое воскресенье мы все навещали его.,1,0
"Комендант немедленно посадил урядника под караул, а Юлая назначил на его место.",1,0
"Конфликтные регионы были включены в программы реабилитации европейских программ помощи, предусмотренные План действий ЕС по политике соседства, разработанный Грузией и ЕС.",0,Syntax
"Мальчик знал про мать свою, что она его очень любит, но вряд ли очень любил ее сам.",1,0
"У него очень хорошее место, он работает главным инженером одного экспериментального завода.",1,0
Шестой уж год я царствую спокойно.,1,0
"Она чувствовала это всякий раз, когда обижали его.",1,0
Из-за туч появилась луна.,1,0
Сознание обывателя исключает всякую симпатию к олигархам вообще и к Михаилу Ходорковскому в частности.,1,0
Эфиопия стала первым покупателем Су-25Т в качестве военной команды.,1,0
"Ее поклонник, как всегда, сидел около нее, и они о чем-то оживленно беседовали.",1,0
В тот год вода была очень высокая: Волга текла прямиком по полям.,1,0
Я ощутил запах гари.,1,0
"В тот самый день, когда была совершена покупка дома, Таня, наша невестка, сказала Володе, что Андрюша первый раз толкнулся у нее в животе.",1,0
"Если у тебя есть вопрос к Тому, спроси его сам.",1,0
Всю неделю у меня нарывал палец.,1,0
"Проходите, — сказала женщина, хлопотавшая около стола.",1,0
В кинопрокате прошел документальный фильм о жизни Элвиса Пресли.,1,0
"Соемки картины Дружинина, на которой была упала с лошади во время съёмок, отложили до середины 2018 года.",0,Syntax
"Трудно сказать, что именно подвело Ивана Николаевича.",1,0
В октябре федеральный транспортный департамент США выделил грант в 128 млн долларов на строительство.,1,0
Она выразила ему свое презрение.,1,0
"Если кто-то из них вдруг придет, я буду рада.",1,0
Я не стирала полотенца.,1,0
Клуб прекратил существование в 1935 году.,1,0
По случаю 63-й годовщины в ветеранских организациях пройдут торжественные собрания.,1,0
"Что он глуп, известно.",1,0
Я отдала ему свое старое пальто.,1,0
"Около него на небольшом столике стояли старинные часы, похожие на те, которые я видел в Михайловском.",1,0
"Ориентирование в реальности может быть представлено на тему, чтобы облегчить осознание им обстановки и собственного места пациента по необходимости.",0,Hallucination
"Стандарт более сложен для соблюдения, но производитель берет на себя эти обязательства для сохранения своей конкурентоспособности.",1,0
"Существуют реки, которые летом пересыхают.",1,0
"Я видела, что он плакал.",1,0
Ожидаемой помощи не приходило.,1,0
"Люди, стоящие поблизости от меня, бросились бежать.",1,0
"Он боится, что она, может быть, его забыла.",1,0
"Может быть, это лучшее, что было сказано о самобытной силе красоты.",1,0
К этому моменту он давно уже будет вне досягаемости.,1,0
Они месяцами не видят солнца.,1,0
"В нем все бушевало, но сейчас, как ни странно, он начал успокаиваться.",1,0
Он не успел отправить письмо.,1,0
Есть ли у вас разговорные проблемы в вашем общежитии?,1,0
"Я помню твое лицо, но не помню твоего имени.",1,0
Я был у приятеля.,1,0
В этой реке множество рыбы.,1,0
Преподаватель поощрял студентов формулировать задачи самих.,1,0
"Я не знаю, насколько стар этот мост.",1,0
"Впрочем, из них 1500 местных ополченцев, 400 гражданских.",1,0
"Поезд, скрежеща тормозами, остановился.",1,0
"И посетите местный филармонический зал, одну из крупнейших русских концертных организаций.",1,0
"Иван говорит, что во вторник он, может быть, придет.",1,0
"Пожилой пассажир, сидевший у окна железнодорожного вагона, был никто иной как профессор Тимофей Пнин.",1,0
"К мельнице бежали люди, они пробирались по плотине и кричали ― Сенька в окно видел их ноги.",1,0
"Погода была дождливая, а я не взял зонт.",1,0
"Сегодня методика допроса обвиняемого с применением электроэнцефалограммы в некоторых странах, например в Индии и Японии, активно продвигаются.",0,Syntax
Вчера у меня было с ним неприятное объяснение.,1,0
"Трудно себе представить, чтобы к 10 часам вечера они еще не выпили все шампанское.",1,0
Я никогда в этом доме не буду.,1,0
"Вы, может быть, думаете, что сумма незначительная?",1,0
"Нажмите второй кнопку, а затем перезагрузите спиртный час до нуля.",0,Syntax
Он объяснил отсутствие Вани приходом Пети.,1,0
"Признавайтесь честно, здесь все свои.",1,0
"По правде говоря, я не люблю Тома.",1,0
В Советском Союзе состоялся запуск межконтинентальной баллистиче ской ракеты.,1,0
"Когда Адам вернулся, Ева пошла в магазин.",1,0
"Всё, что было дорогим, растоптано в прах.",1,0
У меня всегда есть лучшие идеи отца.,1,0
"Бурмин – тот милый молодой человек, которого мы вчера видели у Марьи Гавриловны.",1,0
"Проводя время в постоянных увеселениях, Стрекозу врасплох застала зима.",0,Syntax
Среди моих студентов есть способные люди.,1,0
"Не думаю, чтобы в тот момент я ее жалела.",1,0
На конференции обсуждались проблемы становления целостной личности в период взросления и осознания смысла жизни.,1,0
"Названа песня из двух треков группы Godsmack, вышедшего с альбома ""Awake"".",0,Hallucination
"Она невольно сравнила себя с этой ухоженной красивой женщиной ― простые джинсы, рубашка не первой свежести, спутанные волосы, лицо без косметики.",1,0
Резко он не тормозит.,1,0
Он подошел ко мне и начал выговаривать за опоздание.,1,0
По завершению эксперимента учёные опубликуют аналитический отчёт.,0,Syntax
Он открыл шкаф и достал оттуда два больших полотенца.,1,0
Это известие лишило меня сна.,1,0
Хозяйки в доме не заметно.,1,0
"Футболист ""Спартака"" не смог выиграть первый чемпионат России по футболу в 1992 году.",1,0
Регион Пенза был сформирован в качестве субъекта Российской Федерации на его нынешних границах в 1939 году.,1,0
"Тут больных было немного, и потому пришлось ему ждать недолго, часа три.",1,0
И ночные вызова на работу случались.,0,Morphology
Стоило бы надеть куртку потеплее.,1,0
Коля или кто-нибудь из его друзей оставил на подоконнике часы.,1,0
Его способность быть счастливым самим и делать счастливыми других всегда удивляла меня.,0,Syntax
Он поселился вдали от какого бы то ни было жилья.,1,0
Полностью он не должен делать всю работу.,1,0
"Она шла с едва заметным наклоном, начинаясь почтамтом и кончаясь церковью, как эпистолярный роман.",1,0
Полям Омской области угрожает нашествие саранчи.,1,0
Ребенок тянул мать за подол.,1,0
"Иван говорит, что слегка простужен.",1,0
"Все будет вашим, если вы сами, своим копьем возьмете эти богатства, но нельзя поступать необдуманно.",1,0
"Поскольку мы не знакомы, позвольте представиться: Василий Иванович Степаненко.",1,0
Иван показал Лене на фотографии.,1,0
"Их морское путешествие, наверное, не закончилось бы никогда, если бы вдруг не пропало солнце.",1,0
"Все как будто ждали, что нe будет ли он ещё петь.",0,Syntax
"Они въехали в бор, и звук копыт стал звонче.",1,0
"Грушницкий был из числа людей, имеющим на все случаи жизни готовые пышные фразы.",0,Syntax
"Обвинив во всем сотрудников, он одного сотрудника уволил, а другому сотруднику объявил выговор.",1,0
"Журналистка, была приглашена министром дать ей интервью.",0,Syntax
Иван отдал сестре рубашки постирать.,1,0
"Женившийся в день получения титула Принцессы Хиллари актер из сериала ""Клан Сопрано"" стал мужем актрисы Кеннетт Уиттакер (1894—1979).",1,0
Осмотр дома он начал почему-то со двора.,1,0
В летнее время эта площадка превращалась в ресторан.,1,0
В начале четвертого курса она уже владела шведским языком.,1,0
Этот смешно был очень тяжелым.,0,Syntax
"И я понял, что это была сама суть искусства.",1,0
Завтра я буду принимать дела.,1,0
Сторонников новых будет искать.,1,0
Только Иван выразил какую бы то ни было готовность помочь.,1,0
Команде Джека и Ашмиты удалось сбежать из подземной ледяной пещеры через отверстие.,1,0
Цыганка звенела серебряными браслетами.,1,0
"Мечи, укрепленные над скрещенными кинжалами в форме креста впервые появились именно на турнире мечей.",1,0
"Я думаю, что он хоть пальцем пошевелит, чтобы помочь тебе.",0,Semantics
Этот бой был очень тяжелым.,1,0
"Китай также считает необходимым привлекать иностранных инвесторов — прежде всего в так называемые специальные экономические зоны, расположенные на юго-восточном побережье страны вблизи Гонконга.",1,0
"Нужно постоянно следить за ихней работой, держать наготове штат ремонтников.",0,Morphology
"Пишите рассказы, встречайте поезда дальнего следования, смейтесь, сочувствуйте страждущим.",1,0
"Emacspic — один из самых популярных речевых интерфейсов Linux, связанный с большинством основных дистрибьюций.",1,0
"Он пробежал эту дистанцию за десять секунд и, таким образом, получил преимущество перед своими соперниками.",1,0
Иван не был дома месяц.,1,0
"Может быть, с досады, что я, по эгоизму, не достал билета на спектакль в прошлый понедельник?",1,0
"Я уверен, что он несомненно прав.",1,0
"Мы сами виноваты: мы были слишком мягкотелы, и вот развелась эта гниль.",1,0
Тебе завтра не будет туда попасть.,0,Syntax
На карикатуре его изобразили лежащим под колесами мотоцикла.,1,0
"Я протянул ему ложку, которую Сев выразил желание держать сам.",1,0
Сад дошел до самой реки.,1,0
Ее матери пришлось пережить много горя.,1,0
Пелагея садится вблизи на припеке.,0,Semantics
Возьми мне на складе еще одну банку консервов.,1,0
"О, это началось невинно, с шутки, с кокетства.",1,0
"Ряд авторов считают, что все изученные ими собаки генетически друг к другу ближе, чем волки.",0,Syntax
Я смотрел фильм на французском языке с английскими субтитрами.,1,0
Она приняла к себе ребенка.,0,Semantics
Колосенцев с деловитым видом тут же поднялся.,1,0
"Он утверждает, что все знает об этом.",1,0
Перемены в технической политике фирмы еще не начались.,1,0
Протянешь руку в последний момент ― а там никого.,1,0
"Маша сказала на перроне: ""Я буду ждать тебя здесь!""",1,0
Она не несет за это ответственности.,1,0
Рядом с больным стояла чашка с бульоном.,1,0
Этого портрета здесь раньше не висело.,1,0
"Она хочет, чтобы нашелся такой богатый человек, который бы взял ее в жены.",1,0
"Всех, кто разбираются в технике, приглашают принять участие в технической олимпиаде.",0,Syntax
"Он все-таки дал ей ту книгу, которую она хотела.",1,0
Можно пойти на концерт.,1,0
"Готовиться к войне 1812 г. как Франция, так и Россия начали за два года до того, как она разражается.",0,Syntax
"Иван подозревает, что его обманывают.",1,0
Она управляла викариатом уже пятнадцать лет.,1,0
"Я сел около пирога с капустой, и мне пришлось раскладывать его по тарелкам.",1,0
"Если она не хочет принять вашу помощь, пусть примет мою.",1,0
Я шел вдоль реки по узенькой тропинке.,1,0
Я взяла ей учителя английского языка.,1,0
Я резко не затормозил.,0,Semantics
Петя не нашел Вани в школе.,1,0
"В прошлом году сквер бы прямоугольным, а потом его сделали круглым.",1,0
Скоро абоненты сотовой связи смогут оплатить проезд в метро со своего телефона.,1,0
"На собрании решили подвести итоги тому, чему нас научила работа в новых условиях.",0,Syntax
"Они вместе читали книгу, и их головы почти соприкасались.",1,0
"Каждый человек видит жизненный идеал по-своему, согласно своего характера и моральных устоев.",0,Syntax
"Я буду читать слова, а вы запоминайте!",1,0
Германия воевала с половиной Европы.,1,0
В этом районе строятся новые дома.,1,0
Сегодня отец еще не работал в саду.,1,0
Инна у купила платье.,1,0
"Когда убьют, тогда и приходите.",1,0
"Неизвестный серийный убийца, подозреваемый в убийстве по меньшей мере пятнадцати женщин в Атланте в 1911 году.",1,0
"Тетка помогла устроиться шофером к одному важному человеку, но важного человека вскоре убили бандиты, и тогда Азат решил уехать насовсем.",1,0
Сотрудник отказался от помощи.,1,0
"Первый тост был выпит, как читатели, может быть, сами догадались, за здоровье нового херсонского помещика.",1,0
"Вася читал книгу, а Петя — газету.",1,0
Я различил вдали очертания снежных массивов.,1,0
"Он получил облегчение, узнав, что она простила ему.",1,0
В этом доме жил Достоевский.,1,0
В 1950 г. на старом месте построили современную многофункциональную арену с 22 000 зрителями.,1,0
Мальчик высунулся из окна.,1,0
Бутыль вмещает пять литров.,1,0
"Толпа в Лондоне ворвалась во дворец, король с королевой покинули здание через чёрный ход.",1,0
Я хочу с вами посплетничать.,1,0
Мы разбили лагерь у деревни Татия.,1,0
Один герой Марка Твена хотел жениться на своей бабушке.,1,0
"Вообще, с приездом графа кутеж оживился.",1,0
"Этот мальчик видел, кто сбил прохожего.",1,0
"Будьте уверены, за свой проступок мальчик ещё ответит.",1,0
Чей портрет висел на стене?,1,0
"Она стягивала рукой ворот у горла, думала, полегчает, но не легчало.",1,0
"Гордость переполняла родителей, увидев фамилию сына среди авторов книги.",0,Syntax
Прогулка не состоялась благодаря плохой погоде.,1,0
"Описано точное описание внешности ""ангела с пышными волосами"".",1,0
Его даже Канкрин считал очень способным человеком.,1,0
"Дорога идёт в глухом лесу, петляя по склонам.",1,0
"Я могу сделать для вас все, что угодно, хоть сейчас.",1,0
Эффектный костюм Ольги многим показался слишком театральным.,1,0
А Матвей ещё остался ― посуду мыл.,1,0
Он обещал резко не тормозить.,1,0
"Вероятно, вы читали книгу Иванова на эту тему.",1,0
"Он сказал Дуне, где он живет.",1,0
Не одни злые люди ночью гуляют.,1,0
Я получил приказ отступать.,1,0
"Ты читал ""Капитанскую дочку""?",1,0
Учитель поставил три двойки.,1,0
"И пошлите кого-нибудь к Фу Чану, чтоб захватили несколько пар туфель.",1,0
Поставь ружье в угол!,1,0
У меня есть седые волосы.,1,0
"Должен же ты был о чем-то думать, когда делал такую вещь.",1,0
Хороший был слесарь — любые замки открывал.,1,0
Членом президиума международного союза возвращенцев стал Юрий Панов.,1,0
"Как жаль, что меня не было с вами.",1,0
Меня в этом доме никогда не будет.,1,0
"Поэтому надо согласиться с выводом, что надеяться на победу чисто парламентским путем наивно.",1,0
В прошлый раз я выразил ему свое неудовольствие.,1,0
В Хоббите открыли административный центр.,1,0
"Я хочу знать, берете ли вы эти деньги.",1,0
"Создавая веб-сайт, это кажется многим сложным.",0,Syntax
"Слезы были у него на глазах и в горле, когда в дверь вошел Лаврушка с какими-то бумагами.",1,0
"У обоих спортсменок были здесь учётные карточки, так как обе были местными.",0,Morphology
Американские девушки бросили курить.,1,0
Сильный прибой и каменистый берег сделали пляж непригодным для купания.,1,0
"Линия состоит из двух точек, соединенных прямой линейкой, и измерение проводится по ее длине.",1,0
Крепость все еще была окружена противником.,1,0
"Если что-либо случится не по нем, он вступает в бой.",1,0
Это бывший трейн SM Entertainment и изначально собирался выступать с EXO.,0,Hallucination
"Замечательным русским поэтом, тонко чувствующий природу, является С. А.Есенин.",0,Syntax
"Всё вокруг: лес, поле, журчащий ручей — было красиво необыкновенно трогательной красотой, так много говорящие русскому сердцу.",0,Syntax
"Дельфины постоянно выныривают и так что им нужно одинаково хорошо видеть и в воде, и над водой.",0,Syntax
Он получил решительное отвращение к книгам.,1,0
Маша похожа и Катя похожа.,0,Syntax
На шейке у нее темным огнем сверкал рубиновый крестик.,1,0
Каждый день я поливал и любовался этими необычными цветами.,0,Syntax
Человека на площади не осталось.,1,0
У меня написался диплом.,0,Semantics
"Убедиться, что гусь готов, проткните острым ножом бедро.",0,Syntax
Есть за границей контора Кука.,1,0
Только такое исполнение может дать истинное наслаждение!,1,0
Старосты на собрании не было.,1,0
"Группа Rolling Sto отказалась от использования песни ""Into The land"" для выхода нового сольного трека в октябре 2017 года?;.",0,Hallucination
"Я спросил у прохожего о том, что есть ли поблизости какая-нибудь станция метро.",0,Syntax
К тому времени Бразилия восстановила свои позиции в качестве ведущего производителя кофе в мире.,1,0
Он имел к этому призвание.,1,0
Вход в пещеру заваливают камни.,1,0
Что ты каждую минуту вскакиваешь?,1,0
"Теперь часовому пришлось два или три раза зажигать огонь, чтобы прикурить.",1,0
"Но в одной семье бассейном пользуются два человека, а в другой семь.",1,0
"Она говорила потом, что была так довольна этим вечером.",1,0
Я воспринимаю его как своего врага.,1,0
Он отдал мне свой велосипед на время.,1,0
"Когда бы я ни пришел, она всегда спит.",1,0
"Ты не знал, что это происходит?",1,0
Мешок не весит 50 кг.,1,0
Весь день я провела около плиты.,1,0
Он зарабатывает 50 тысяч долларов.,1,0
Достижимость этих прогнозов зависит от способности развитых стран координировать свою политику и подчинять свои текущие цели задаче построения предсказуемого и безопасного мира.,1,0
Он не рассеял моих сомнений.,1,0
"Почему я решил, что человека, с которым я сел рядом, зовут Василием Ивановичем?",1,0
Вани нигде не было.,1,0
"Однако своевременная диагностика имеет решающее значение, так как состояние может быть признаком серьезных сердечно-сосудистых и ишемических заболеваний.",1,0
"Неважно, что он скажет, не доверяйте ему.",1,0
"Я предложил ей помощь, но гордая девушка отказалась.",1,0
Деревья слабо звенели ветками.,1,0
"Рыбка пожертвовала свою пешку после данного правил, чтобы избежать ничьей на 109-м ходу вследствие данных правила, из-за особенности программы Рыбки.",0,Syntax
"Между двух мраморных львов показалась сперва голова в капюшоне, а затем и совершенно мокрый человек в облепившем тело плаще.",1,0
Я не читал твою статью.,1,0
"Кстати, чтобы не обижать миллионеров предложениями принять причитающиеся им за интервью деньги, исследователи предлагали им возможность внести эти средства в благотворительные фонды.",1,0
Ты купишь себе велосипед.,1,0
И жаловаться некому!,1,0
Был у нас на курсе один студент.,1,0
"Он сказал, что он заболел.",1,0
Варвара была умна и необыкновенно красива.,1,0
Это ведь к нам близко.,1,0
Информационный портал Всероссийской олимпиады школьников пользуется большой популярностью у старшеклассников.,1,0
Сейчас картина была вывезена в Америку и продана музею.,1,0
Любой из вас мог бы пойти туда.,1,0
Где стоит твоя машина?,1,0
"Выдача коньков производится при наличии у посетителя катка паспорта или любого другого документа, который может быть оставлен в залог.",1,0
Отца никогда не было на море.,0,Semantics
Я не брала ключи.,1,0
Я живу почти рядом с Вами.,1,0
"И чаще всего в погоне за удовольствиями, мы мягко говоря, переедаем.",1,0
Не он ли зачинщик?,1,0
"Судьбе великого математика Джона Нэша посвящен фильм «Игры разума», основанный на фактах биографии учёного.",1,0
Глава МИД Германии надеется на развитие взаимоотношений между Москвой и Берлином при сохранении целостности РФ.,1,0
"Лу Папан, известный как «Дин» Калифорнийского государственного собрания, неожиданно скончался в субботу, 28 апреля 2007 года.",1,0
"Молодёжь, которая приняла участие в экологическом форуме, убедились в необходимости правильной утилизации пластика.",0,Syntax
"Видите ли, это не очень хорошо сработало.",1,0
Там самые мощные компьютера обрабатывают колоссальный объём информации и составляют прогнозы погоды для всех регионов планеты.,0,Morphology
Он не должен делать полностью всю работу.,1,0
Отказ от игры ронял Фишера в глазах шахматистов.,1,0
Он сидел за роялем и разучивал новую пьесу.,1,0
"До печати, нет сомнения, разговор этот мог считаться совершеннейшим пустяком, но вот после печати...",1,0
"Это то, что моя мама говорила.",1,0
Многие млекопитающие (а звери ― это как раз и есть млекопитающие животные) кусают очень похоже на нас с вами.,1,0
Требуется справка с места работы.,1,0
У кровати висели фотографии ее родителей.,1,0
"Он долго не писал, и вдруг я получаю сразу два письма.",1,0
Подобные поручения очень обременяют.,1,0
"В эвакуации кафедру генетики получил профессор Шумский, который отлично поладил с деканом.",1,0
"Толстой очень хорошо понимал то, что своей «Исповедью» наживёт себе врагов, в том числе и среди священников.",0,Syntax
Твои книги мне не нужны.,1,0
В городе никого не найти.,1,0
"Официальный вид систем, которые не будут использовать однопользовательскую системы в которых Mac позволяется использование на мобильном телефоне.",0,Hallucination
Американские ученые обнаружили человеческие кости в местах расположения массовых жертвоприношений индейцев майя.,1,0
"А чем это вы тут занимаетесь, если не секрет?",1,0
Молва приписала смерть его действию яда.,1,0
Зачем ты открыл форточку?,1,0
"Напрасно вы думаете, что вы здоровы, у вас диабет.",1,0
"Публицистический стиль— разновидность литературного языка: один книжных стилей речи, использующийся в сфере политики, общественной, экономической и культурной жизни общества, в средствах массовой информации.",1,0
"Зина считает, что Иван, безусловно, вернется.",1,0
"Вот я вижу себя снова в деревне, глубокой осенью.",1,0
И сведен был как мозамбик.,0,Hallucination
"Из того, что Вы сказали, я полагаю, что он прав.",1,0
"Сашу он похвалил, а про Петю я не знаю, что он подумал.",1,0
"Если я никого не записал, скажите.",1,0
"Вчера я, наконец, встретил того, кого ждал всю свою жизнь.",1,0
Его появление вызвало замешательство.,1,0
Разве есть смысл что-либо менять?,1,0
Я попросила его постричь газон рядом с нашим домом.,1,0
"Я был убежден, что передо мной подающий надежды молодой коллега, а тут, оказывается, я уже целый час имею дело с инженером будущего.",1,0
"Риши на случай обмена после побега от террористов в Москве, убив двух из немецких.",0,Hallucination
"Когда у меня возникали некоторые сомнения, он всегда говорил очень убедительно.",1,0
Я начинаю новую жизнь.,1,0
"Я сожалею, что не сдержала своего обещания.",1,0
"Я пошла туда, чтобы хоть куда-нибудь пойти.",1,0
На дороге показался всадник.,1,0
Они запасли себе провиант.,1,0
Врач принимает за утро 18 больных.,1,0
Ты сидела слишком близко от него.,1,0
В то время как Великобритания и США становятся все богаче и богаче.,1,0
Но я смотрел этот фильм!,1,0
"Помилуй, мне и от роду нет ни году.",0,Semantics
Мне легко это сделать.,1,0
"Искусственный международный язык эсперанто стал 64-м языком, используемым в автоматическом переводе в Интернете.",1,0
"Проследи, чтобы они к 10 часам вечера уже не выпили все шампанское.",1,0
Результаты исследований должны быть проанализированы с микроскопической точностью.,1,0
"Он, конечно, опять занят.",1,0
"Мне послышалось, что кто-то плачет.",1,0
"Молодой учитель с волнением ловил на себе признательные взгляды ребят и продолжал проникновенно говорить обо всём, что накопилось у него на душе.",1,0
В настоящее время обновление происходит каждые 6 месяцев.,1,0
"Я имел возможность все видеть, сам оставаясь незамеченным.",1,0
Ты когда-нибудь возвращался этой дорогой?,1,0
"Используя метафоры и сравнения, нам интереснее читать текст.",0,Syntax
Без веры прекращает жизнь человеческие эмоции.,0,Syntax
"Получивший звание магистра теологии антонини стал наставником нового поколения выпускников колледжа при Ватикане, где преподавал более 10 лет (версию 2).",0,Hallucination
Он отдал все свое состояние.,1,0
Он мне посветил фонариком.,1,0
"Автор рассказал об изменениях в книге, готовящейся им к переизданию.",0,Syntax
В ту ночь я беспокойно ворочалась на своем сундучке.,1,0
Нынешняя международная система допускает наличие нескольких идентичных знаков в рамках различных классов товаров и услуг.,1,0
"Если бы кто-нибудь из них пришел, все было бы иначе.",1,0
"Я прожил неделю и, несмотря на то, что не было там у меня ни одного знакомого человека, провел время чрезвычайно весело.",1,0
Уже дома измерил 37 градусов в качестве температуры.,0,Syntax
"Все зашумели, задвигались, заговорили.",1,0
"Хочешь, я возьму к себе в рюкзак твой спальный мешок.",1,0
В моем кошельке есть масса денег.,1,0
"С помощью каких объектов персонаж может взаимодействовать, завися от своего класса.",0,Syntax
"Засыпает она не скоро и не сразу, вздрагивает несколько раз.",1,0
Ты обязан за нее заплатить.,1,0
С начала года было выпущено 9 модификаций в различных комплектациях.,1,0
Другие улики не остались.,0,Semantics
"У него способности, у меня деньги.",1,0
Не переходи улицу в этом месте.,1,0
"Лауреат и дипломант многих театральных фестивалей, народный театр-студия решил обновить репертуар и в ближайшее время пригласит зрителей на премьеру спектакля.",1,0
Я этого не понял.,1,0
"Я видел, как ты шпионил за Томом.",1,0
У нас в институте проводятся лекции по истории искусств.,1,0
"Используя возможность показать свой взгляд на мир природы, художниками создаются произведения пейзажной живописи.",0,Syntax
"Скрывая Стефана у себя в доме, я рисковал жизнью.",1,0
"Раза три ездоки выравнивались, но каждый раз высовывалась чья-нибудь лошадь, и нужно было заезжать сначала.",1,0
Рядом с тарелкой лежали серебряный нож и маленькая вилка.,1,0
"Если что-нибудь случится не по нем, он вступает в бой.",1,0
Она быстро усвоила его приемы работы на станке.,1,0
Россия имеет дипломатические отношения со многими странами.,1,0
Неужели он кажется тебе бледным?,1,0
Сегодня отец еще не был дома.,1,0
"Музыка, рассказчик выключает вентилятор, заканчивается.",0,Syntax
"Борис перестал бывать у Элен, ежедневно получал укоризненные записки от нее и все-таки целые дни проводил у Ростовых.",1,0
Сама Поля могла ввернуть ― мало не покажется.,1,0
"Королева сказала портному, что он болван.",1,0
В 1930-х годах началось массовое общественное движение приверженцев Пакта.,1,0
"Хорошее, чем на самом деле, кето-форма является стабильной.",0,Hallucination
Я дал ему 100 рублей.,1,0
Прямо над моим окном поселились осы.,1,0
В сражении при Гастингсе англичане потерпели поражение.,1,0
Илья и Света поцеловались.,1,0
В 1959 году в память об этом на фасаде была установена доска с текстом.,1,0
"Парк, как правило, должен был стать лучшим пиком в проекте KBO 1995 года.",0,Semantics
Он скакал по комнате с мячиком в руках и валидолом во рту и пытался весело смеяться.,1,0
От него пахнет водкой.,1,0
"Часто темой ранних стихотворений Пушкина не столько были ситуации жизненные, сколько продиктованные жанром.",0,Syntax
Двух ошибок он не заметил.,1,0
"Нет, он меня не перебивал.",1,0
Он мне только казался.,1,0
Так что изменения климата будут ужасными для них.,1,0
Операцию делали ему в Москве.,1,0
"Вася сказал: ""Я купил тебе одну книгу"".",1,0
"Наблюдая за мимикой молчащей аудитории, опытному оратору становится ясна реакция слушателей на выступление.",0,Syntax
Сплошной просмотр текста обнаружил еще двенадцать опечаток.,1,0
"Удивительно, что он согласился.",1,0
Скачи в район к телефону — кричи в ГПУ на Каспийское море.,1,0
Будет ли речь об их роли в принятии воскресного закона в Америке?,1,0
"К сожалению, его нет дома.",1,0
"Я думаю, она, вероятно, откажется.",1,0
"Они садились на пригорке над водою тихого и темного канала, недалеко от запруды, у полуразвалившейся стены монастыря св. Редегонды, и беседовали подолгу.",1,0
"Как только я покажусь из-за угла, включайте камеру.",1,0
Звуков с улицы не доносится.,1,0
"Вспоминая эти встречи, мне приходит в голову одна мысль.",1,0
Мне слышится что-то родное.,1,0
"Медсестра часто знает дело лучше, чем врач.",1,0
"Я принимаю его таким, как он есть.",1,0
"А я считаю, что она нахалка.",1,0
"Получив назначение в Париж, у Чернышёва быстро завелись обширные знакомства в кругах французской знати.",0,Syntax
"Похорони меня, и выходи замуж...",1,0
"Мастерство погонщиков слонов в Индии издревле передавалось только от отца к сыну, посторонним секреты мастерства не раскрылись.",0,Syntax
В воскресенье шел дождь.,1,0
"Я объяснял, но он не понял.",1,0
В доме нет кошки.,1,0
"Я замечал человека, который переплыл Ламанш.",0,Semantics
Для приготовления изделий впервые с 2014 года прозвучали песни.,0,Hallucination
Мы принимаем по средам.,1,0
Только ты можешь дать мне счастье!,1,0
"Из всех четырех углов зала поднимались, красиво изгибаясь, лестницы белого камня, каким-то не сразу понятным поворотом сходившиеся к нависшему над залом балкону.",1,0
За одну вечернюю смену мы получили 20 тонн руды.,1,0
"Нам уже было известно, что он приехал и другие факты.",0,Syntax
Фильм впервые составил первый звуковой фильм актрисы Этель Берримор по голосу.,0,Hallucination
"Все было тихо, и только где-то в отдалении шумели поезда.",1,0
"Это аварийную посадку на Восточном побережье назвала компания, которая задержала людей.",0,Syntax
На подоконнике недалеко от двери сидела молодая красивая девушка и курила.,1,0
Только от вас я приму деньги.,1,0
Она назначила мне свидание в метро.,1,0
Она взяла с полки кастрюлю и поставила ее на плиту.,1,0
По крайней мере сын-изверг не спас себя отцеубийством: он был казнен вместе с другими.,1,0
Из Дураццо продолжается бегство миридитов.,1,0
Почему вы пришли только сейчас?,1,0
"Свадьба будет, скорее всего, в октябре.",1,0
Установка не работала и трех лет.,1,0
Возникло здание из темноты.,1,0
"Он вспоминал, как ее зовут.",1,0
Я нашла медвежонка поблизости от нашего лагеря.,1,0
"В среднем 15—19 метеоров в час наблюдается, на которых падают звезды с запада.",0,Semantics
Через три месяца появилась новая модель на рынке Германии.,1,0
Российские военные планируют запускать межконтинентальные ракеты с помощью новой сверхзвуковой ракеты THAD в 160 километров от места запуска.,1,0
Эту статью вам внима- тельно читать не надо.,1,0
Мы возвращались этой дорогой.,1,0
"Его смущение показало, что он это знал.",1,0
Разве мосты еще не сняли?,1,0
В какое время состоится встреча?,1,0
Клеопатра назначила смерть ценою своей любви.,1,0
"Не думаю, что Том знает кого-то, кто может это сделать.",1,0
"Соответствующий закон провёл несколько лет в министерствах, несмотря на стремление Владимира Путина принять его как можно быстрее.",1,0
"Впереди, возле багажного вагона, кто-то машет фонарем.",1,0
"Однако космонавты испытывают состояние невесомости, так как они как бы все время падают на Землю, но промахиваются.",1,0
Дети не спят из-за шума.,1,0
Я не стирала полотенце.,1,0
"Я заметила, что он действительно постарел.",1,0
"А в фильме Антон вообще просто раздавлен своим преступлением, когда он узнает о том, что Егор – это тот самый ребенок, которого он дал согласие убить.",1,0
Иногда слухи порождает недостаточная информированность работающих на предприятии.,1,0
Такую котлету мне не съесть.,1,0
Более тысячи человек подписали в этот ходтайства.,0,Syntax
Участнику деловой или туристической поездки в США для оформления визы необходимо представить пакет соответствующих документов.,1,0
Опциональные или альтернативные включения в инструкцию жюри заключаются с <>.,0,Hallucination
Мне предлагали написать на нее рецензию.,1,0
"Ввод воды Ввод воды с правильной техникой, подходящей для типа потолка.",0,Hallucination
Тебе рыжиков не попадалось?,1,0
Вечером у нас будут гости.,1,0
Он вернулся с работы совсем больной.,1,0
"Под влиянием сложных отношений, сложившихся в семье, мальчик получил склонность к меланхолии.",1,0
"Не мешай, у нас важный разговор.",1,0
"По воде идут круги, а прокурор в глубоком размышлении изумляется глубине общественной язвы.",1,0
"Для каждого драйвера есть части система, которая контролирует все драйверы.",0,Syntax
"Была в ней и скромность, и изящество, и достоинство.",1,0
"Естественно, коммерсанты категорически отрицают какую бы то ни было связь между двумя фирмами.",1,0
"Рядом с торговцами лежат их двойники, поглядывая, как бы чего не украли.",1,0
"В 1885 году В. Д. Поленов экспонировал на передвижной выставке девяносто семь этюдов, привезённым из поездки на Восток.",0,Syntax
Особенно летом в городе происходит многое.,0,Semantics
У нас так не разговаривают со своими друзьями.,1,0
"Какие Художники и художникы используют проекционный мэппинг как средство креативного изъявления, веря, что он входит на основу рисования?",0,Syntax
Я провожу вечера у радио.,1,0
Он будет играть в теннис завтра odpoledne.,0,Hallucination
Напрасно ты за нее огорчался.,1,0
Она принимает теорию гранулярного пламени.,1,0
"Знакомство Коншина с Леночкой Кременецкой, работавшей в другом институте, началось не совсем обычно.",1,0
"Я чувствую, что мне, кажется, придется уезжать.",1,0
"Волшебник — не благотворительная организация и не Красный Крест, чтобы немедленно приходить на помощь.",1,0
"Сын выбрал себе жену, какую ему вздумалось ― раз!",1,0
Я совершенно убеждён: каждый из двух братьев велики в своём актёрском мастерстве!,0,Syntax
Он принял командование полком.,1,0
На тёмной листве блестели дождевые капли.,1,0
Как я смогу получить эти книги?,1,0
"То, что Азеф был провокатором, говорилось многими авторами.",0,Syntax
В этом дне была какая-то особенная прелесть.,1,0
Директор принимает по средам.,1,0
"Идя вдоль берега, морской воздух приятно освежал наши лица.",0,Syntax
Он не опозорил семью женитьбой на служанке.,1,0
"Для человека, даже находясь в состоянии угнетения, тоски и грусти, очень важна вера в светлое будущее, в то, что всё непременно будет хорошо.",0,Syntax
Он был вынужден работать больной.,1,0
Хорошо бы он снова не выиграл.,1,0
Он сразу нас не одобрил.,1,0
Иван опять провалился на экзамене.,1,0
Оружие может быть повышено до максимального уровня 3.,1,0
В нашем лесу есть озеро.,1,0
Он кое-как справился с заданием.,1,0
"Для меня лично, и ты это знаешь, родственные узы не играют никакой роли.",1,0
Звуков с улицы не доносилось.,1,0
По участнику конкурса прыгало через ров.,0,Syntax
"Дай мне какую-нибудь книгу на эту тему, любую.",1,0
"Работа молодого актёра небезупречна, однако в силу его склонности к созданию целостного образа ему удалось подчеркнуть способность героя естественно откликаться на просьбы окружающих.",1,0
"Механизмы отказали, и ни одна подлодка не всплыла.",1,0
Участие в форуме столь представительной аудитории обусловлено глобальной важностью вопросов защиты и сохранения водных ресурсов страны.,1,0
"Надо всем стоял, как гора, роковой и неразрешимый вопрос: чем кончится у отца с братом Дмитрием пред этою страшною женщиной?",1,0
"Коля считает, что свадьба будет, скорее всего, в октябре.",1,0
Ты купила две бутылки молока или одну?,1,0
Художник нарисовал и любуется прекрасной картиной.,0,Syntax
"Надо тебе заметить, что в доме у нее порядок.",1,0
Потом поставил мокрое ведро рядом с фонарем и стал смотреть в сторону далекой пристани.,1,0
После этого они начали смеяться громко.,1,0
Необходимо было срочно пополнить запасы питьевой воды.,1,0
Сегодня в овощном были яблоки.,1,0
"Когда она смеялась, она их приподнимала.",1,0
"Трон достался Глостеру, убийце своего брата.",1,0
У нее голова трясется.,1,0
Иронический мюзикл по рассказам О. Генри покажет Театр сатиры.,1,0
Я имею сведения о передвижении войск противника.,1,0
Он не будет тормозить резко.,1,0
Я виделся с ней давно.,1,0
"Сомнения в нём были, раз хотели проверить.",1,0
"Следовательно, это было бы нарушением британского суверенитета для иностранного правительства совершить такое действие на британской территории без разрешения.",1,0
"Она села в самый дальний угол, я ее заметил совершенно случайно.",1,0
"Если вы этого хотите, он получит мое ружье.",1,0
Охранник стоял сбоку от президента.,1,0
"Тем не менее, один Кандидо Наварро якобы сфотографировал небольшой самолет и странные контралы, оставленные в ихслед, которые якобы содержали облачный реагент.",0,Morphology
"Он сказал, что живет в Сан-Франциско.",1,0
Вдали окруженный горами виднелся величавый Бешту.,1,0
Кто-нибудь из вас мог бы пойти туда.,1,0
Марк пытается учить китайский язык.,1,0
Чудовища оказались каждое на своем месте.,1,0
"Показавшаяся в двух местах нива с вызревавшим житом давала знать, что скоро должна появиться какая-нибудь деревня.",1,0
"Эти две женщины остановили меня от одного из самых необдуманных шагов, который я мог бы совершить.",1,0
Стаканы будут поставлены в шкаф.,1,0
Выстраивать на столь дрянном фундаменте какие бы то ни было имперские конструкции крайне опрометчиво.,1,0
Коля не находил своего ключа.,1,0
Короткое замыкание вызвало пожар.,1,0
Российские актеры впервые вышли замуж.,1,0
"Ну скажи, что он собой представляет?",1,0
Его рассказы пестрят междометиями.,1,0
Около больного стояла ваза с цветами.,1,0
Сосняк начинался молодой рощицей искусственной посадки.,1,0
"Я принял ваши возражения, но к сожалению, я не могу с ними согласиться воспринимается как логически противоречивое.",1,0
История не есть наука.,1,0
Он выбрал смирную лошадь.,1,0
Я дарил тебе свою книгу?,1,0
Именно тогда он получил пристрастие к азартной игре.,1,0
Книга была с особой целью продана студенту букинистом.,1,0
Это ваш учебник или мой?,1,0
"Я не заметил, что был ли кто-нибудь ещё так расстроен, как она.",0,Syntax
"Как известно, в определённый период развития естественно-научного знания его гуманитарная составляющая стремительно сокращалась.",1,0
В начале xvii века французский город Анже получил статус провинции французской области Ле-Ман.,1,0
В них отсутствует всякий намек на романтизм.,1,0
"Я прочел статью, и теперь все знаю.",1,0
Он сел подле своей жены.,1,0
"Говорите, кто вы такой!",1,0
"Я хочу, чтобы они зашли, когда ты /^спрятался.",1,0
"Не проходя по коридору этого этажа, мы поднялись более выше, где было несколько свежее, но тот же отвратительный, удушливый запах был и здесь.",0,Morphology
Машу побил ее муж.,1,0
"Нужно постоянно следить за их работой, держать наготове штат ремонтников.",1,0
"Желтухин сейчас же забился в угол, стараясь показать, что дешево не продаст жизнь.",1,0
"Ездить с Ферапонтом, постоянно преодолевать его плохое настроение – себе дороже, а отправиться одной – тоска.",1,0
Статья Джона в “Times” меня рассердила.,1,0
У нас в институте есть занятия по английскому языку.,1,0
Музыкальное произведение Шопена до сих пор популярно у любителей классической музыки.,1,0
Тут мы не вправе вступать ни в какую полемику.,1,0
"Просто так народ не будет не любить, это же очевидно.",1,0
"Если бы не низкие потолки, они бросились бы качать Отто.",1,0
"Интереса к его трудам не замечено, не наблюдается.",1,0
Он не справился с заданием.,1,0
"О каком хлебе речь, когда его давно нет в природе?",1,0
"И вы будете смеяться, но такие машины уже строятся аж с двух тысячи первого года.",0,Morphology
"Он курировал работу Исполнительного комитета миссионеров, Комитета всеобщего благосостояния и Центрального совета по делам печати.",1,0
В этой легкой куртке ты рискуешь простудиться.,1,0
Он не развлекает меня своими анекдотами.,1,0
В 6.30 доклад был уже написан.,1,0
"Каждый, кто читал повесть А.С. Пушкина «Капитанская дочка», сочувствуют главным героям.",0,Syntax
Поход на пляж не должен окончиться неприятностями.,1,0
"Инопланетяне имеют сегментированные, бледистые хвосты.",0,Morphology
Она ходила в баню по субботам.,1,0
Он до сих пор встречается со своими школьными друзьями.,1,0
"Слезливый гуманизм знаком каждому, а нам нужен реальный, помогающий и поддерживающий.",1,0
"Он испуганно обвел глазами дома, как бы опасаясь в каждом окне увидеть по атеисту.",1,0
Он выбирает себе жену из казачек.,1,0
"Максим Максимыч упрекает Печорина в том, что почему он охладел к Бэле.",0,Syntax
Ты должен взять себе тренера.,1,0
На столе были книги и журналы.,1,0
"У нас есть лозунг ""За здорового советского старика!""",1,0
"Энди Уорхола написала свою работу в 1986 году на автосалоне ""Автомобили"".",0,Syntax
"Я порвал пиджак, зацепившись за гвоздь.",1,0
"Заядлый рыбак этот Сашка: выезжая с руководителем своего предприятия на лед, топил уже три машины, но сам уцелел при этом.",1,0
Теперь уравнение имеет следующий вид.,1,0
Картины старых мастеров лучше смотрятся на расстоянии.,1,0
"Она никого не хотела иметь возле себя, даже животных.",1,0
"Есть предметы, о которых можно иметь неверное или недостаточно точное понятие — без прямого ущерба для жизни.",1,0
"Имеются признаки, что условия жизни у нас действительно переменятся.",1,0
Это не должно повториться!,1,0
Женский фольклор признан самым сложным в мире по версии ученых.,1,0
Вблизи дороги стоял трактор.,1,0
"Это такой человек, ты его ни за что не переспоришь.",1,0
Исходный код программы требовал доработки.,1,0
Эти вопросы глубоко и всесторонне не были продуманы.,1,0
С первых дней эскадрилья была введена в войну в Словении.,1,0
"Коля считает, что защита состоится, скорее всего, в октябре.",1,0
Последнее пять человек пришло.,0,Syntax
"Вчера обнаружилось, что преступник на свободе.",1,0
Илья и Света поцеловали друг друга.,1,0
Сытный тётушкин суп понравился всем детям.,1,0
Внешне он ничем не отличался от многочисленных остальных гостей-мужчин.,1,0
"Перед началом тренировки сделайте несколько глубоких вдохов, чтобы успокоиться и настроить себя на нужный лад.",1,0
"Когда они зашли в него, то поразились еще больше.",1,0
Иван не пошел на концерт.,1,0
"Иван Иваныч протяжно вздохнул и закурил трубочку, чтобы начать рассказывать, но как раз в это время пошёл дождь.",1,0
Его больше нет на свете.,1,0
Ради неё сядь в машину и поедь вперёд.,0,Morphology
"Люда приехала, чтобы покупать масло самой.",1,0
"Раздражительность — это склонность несоразмерно реагировать на обыденные раздражители, выражая в словах и поступках недовольство и неприязнь к окружающим.",1,0
Лёшка протянул мне обрывок газеты и сказал: «Читай».,1,0
Есть у нас в Покрове одна удивительная женщина.,1,0
"Название отшельника Уолтера Шэрмана, который в своей книге описывает ""нахождение"" что угодно.",0,Syntax
В комнату вошел мой адвокат.,1,0
"Вопреки распространённого мнения, лучшие рестораны Франции находятся вовсе не в Париже.",0,Syntax
"У каждого драйвера тщательное контролирование часть системы, известная как восстановительный сервер.",0,Syntax
Хутор лежал вдалеке от железной дороги.,1,0
Развал нашей лаборатории –– вина заведующего.,1,0
Теперь появился новый лекарственный препарат.,1,0
"Отправиться бы нам на море, захватив с собой детей.",1,0
"Мы были с тобой одни в нашем большом, светлом и теплом доме.",1,0
Даже лебеда не выросла.,1,0
После неудачного смягчения санкций против Ирана после приговора Каддафи прекратить программу производства оружия массового поражения.,0,Hallucination
Для него не существовал общезаводской распорядок дня.,1,0
"Эй, ты в шляпе, подойди сюда!",1,0
Они не замечали меня.,1,0
Он не дошел двух километров до деревни.,1,0
Иван Франко развелся с женой после 30 лет брака.,1,0
Ваня весит сейчас 108 кг.,1,0
Пассажиры приглашаются в салон.,1,0
Я взял из его портфеля свои собственные книги.,1,0
Дорожные службы отчитались о доходах: деньги ушли в около десяти километров дороги.,0,Syntax
"Буддизм, члены королевской семьи и знать совершали в монастырь соревнований на борту, несколько раз уходили в Монастир.",0,Hallucination
В детстве и отрочестве разговоры о гербах меня раздражали.,1,0
"Солдаты сидели у костра, а немного поодаль стояли составленные вместе ружья.",1,0
Путешествие отвлечет его от себя.,1,0
Сбор исходных данных и оценка технического состояния труб для проектирования новых теплосетей позволят провести качественный ремонт к началу отопительного сезона.,1,0
Я не ел ветчины.,1,0
Он обязательно назначит ей свиданье.,1,0
Лейтенант-коммандер Ходжкинсон получил приказ быть готов к взлету.,1,0
Сегодня ситуация кардинальным образом изменилась впервые с 11сентября 2001 года.,1,0
"Мне кажется, что кто-то пришел.",1,0
Кто находил этот кошелек?,1,0
Он часто сюда приходит.,1,0
Он готов умереть за тебя.,1,0
Несмотря на что Иван пришел на спектакль?,1,0
"Мы были знакомы всего несколько дней, но у меня сложилось впечатление, что он порядочный человек.",1,0
Тут нет моего мобильника.,1,0
Они считали его талантливым.,1,0
Я говорю с Машей.,1,0
Вблизи монастыря богатый отобрал у нищего свинью.,1,0
"Ливерий, в просторечии Ливка, рос сорванцом, обнаруживая разносторонние и незаурядные способности.",1,0
Они давно живут в Стрелецке.,1,0
"Получила письмо из дома — мать написала, что все в порядке.",1,0
"В прошлом году дом был желтым, а потом его покрасили в красный цвет.",1,0
А вот Марат Сафин после турнира в «Куинс-клубе» не покидал Альбион.,1,0
"Он вспомнил, что ее зовут Татьяна.",1,0
Отец уговорил Ивана не вмешиваться в конфликт самому.,1,0
Сотрудники лесничества и пожарные совместными усилиями потушили разгоревшийся в болотистой местности крупный природный пожар.,1,0
"Похоже, что он выиграет.",1,0
"Собака уже несколько часов стояла около облупившейся грязной стены, ожидая своего хозяина.",1,0
"Дом был старый, добротный, и Никита Петрович решил остановиться именно здесь.",1,0
Новый ключ открыл дверь без труда.,1,0
Отмель врезалась в море.,1,0
Я очень гордился своим отцом.,1,0
"Люблю, когда люди рады, особенно люблю, когда я помогаю им быть радыми, вот.",1,0
"Утром я сажусь в седло и с одной собакой, с ружьем и с рогом уезжаю в поле.",1,0
Он мог хоть что-нибудь для нее сделать.,1,0
Нельзя ни с кем не общаться.,1,0
Он получил зарплату в пятьсот рублей.,1,0
Ставлю сковородку на слабый огонь.,1,0
Я просил ее быть готовой взять всю церемонию на себя.,1,0
"Сознайтесь, однако ж, что Максим Максимыч человек достойный уважения?",1,0
"Все, кто однажды почувствовал вкус поэтического слова, не сможет разлюбить поэзию.",0,Syntax
Ты и учителя старших классов остаются.,0,Syntax
Храбрость Ивана проявилась в первом же бою.,1,0
"В 2016 году китайская компания изменила логотип ""Светлого пути"", чтобы конкурировать с ney World Group на национальном телевидении.",1,0
"Такой человек, если его обидят, не стерпит.",1,0
"До появления Интернета никакая технология иопыт в человеческой истории не распространялась ещё так широко, быстро и глубоко, как сейчас.",0,Syntax
Балка не упирается в стену.,1,0
Умер американский генерал республиканской армии Джефферсон Монсон (1801— 1865) после операции по удалению рака печени.,1,0
Я готов помочь любому из них.,1,0
"Ему не повезло, что он встретил эту женщину.",1,0
"И вручил мне обещанную купюру, которая позволила нам всю неделю мазать масло на хлеб.",1,0
Неужели весь пьяный энтузиазм свободы был лишь средством замены одной формы господства другой?,1,0
"Но когда он начинал что-нибудь делать, он совершенно преображался.",1,0
"Маша читает книгу, и Саша читает.",1,0
"Я сказала Ивану, что я ему не Жанна д'Арк.",1,0
В музее капитолия Аризоны представлены пятнадцать символов.,1,0
"Выбирай, жизнь или кошелек.",1,0
"Это был первый раз, когда Исландия была представлена в конкурсе.",1,0
"Вы когда-нибудь видели, как Том танцует?",1,0
"Они касались подвала здания, который было принято решение превратить в эксплуатируемое помещение.",1,0
"Я понимаю, на что он намекал.",1,0
"Интересно оригинальное расположение лёгких ажурных балконов башни, создаваемые «воздушный переход» из одной части дома в другую.",0,Syntax
И все это твердая сталь – вы можете услышать здесь.,1,0
Они прошли совсем близко друг от друга.,1,0
Вот раз уговорил меня Печорин ехать с ним на кабана.,1,0
Тогда мы вообще не смотрим назад.,1,0
Посылку у меня не приняли.,1,0
Это самый быстрый поезд в мире.,1,0
Впереди расстилалась большая болотистая равнина.,1,0
"Мне жаль, что занятий не будет.",1,0
Темнота и облачность перестали быть препятствием для обнаружения ракет где бы то ни было.,1,0
"Вот дерево засохло, но все же оно вместе с другими качается от ветра.",1,0
Иван нарушил обещание встретиться с нами самому.,1,0
"Ессениты уверовали, что им предначертано выполнять миссию по искорене рака и войн.",0,Morphology
"Можно подумать, что ты этим довольна.",1,0
Ее сопровождали 13 танцовщиц и 3 музыканта.,1,0
"Потому что ты опять стала отдаляться от меня, опять желаешь нравиться, принимать мужские восторги.",1,0
"Не забудьте, весь материал мне нужен к началу сентября, надо, чтобы не было задержки в типографии.",1,0
Чем же мы занимаемся с тобой все эти годы после школы?,1,0
С каким напряжением она следила за этой сценой.,1,0
Однажды царь жестоко поссорился со старшим сыном и в припадке бешенства избил его.,1,0
Меня удивил его приход.,1,0
"Разрешение системных идентификаторов, связанных с объектами, производится с помощью Document.documentURI.",1,0
"Меня так же мало радует твой выигрыш, как огорчает проигрыш; меня огорчает только твоя несчастная страсть к игре.",1,0
"Слезы – настоящие слезы, а не фальшивые, которые она была мастерица проливать – хлынули из глаз, она заморгала, ее трясло от злости.",1,0
"Приказчик предложил Нехлюдову остатки обеда, но, получив отказ и извинившись за плохое угощение и убранство, удалился, оставив Нехлюдова одного.",1,0
Город все еще захвачен врагом.,1,0
"У нас есть свидетель, говорящий всю правду, ничего не скрывая и не прибавляя.",1,0
"Способ изображения данных в виде условных знаков для людей с неразвитым ""зрением"" называется методом оптического алфавита?",1,0
"Когда она играла что-нибудь прекрасное, как любил я ее.",1,0
Спокойно он сидеть не будет.,1,0
Мне его няня передала.,1,0
"Перед тем как использовать суспензию для ингаляции, контейнер необходимо встряхнуть лёгким вращательным движением.",1,0
В ночи едва различался силуэт Адмиралтейства.,1,0
Только мой ключ открыл дверь.,1,0
Havana Airw представила новый флагманский самолет для малых предприятий и малого бизнеса США .,1,0
В министерстве уже были предупреждены о нашем приезде.,1,0
Не дымились больше заводские трубы за рекой.,1,0
Интервалы движения автобусов каждый раз увеличивались.,1,0
Маша испекет пирожков и попросит медведя отнести их её дедушке и бабушке.,0,Morphology
Значит убивал ты один.,1,0
"Я думаю, что книгу взял кто-нибудь из сотрудников.",1,0
"Денисов, назвав себя, объявил, что имеет сообщить его светлости дело большой важности для блага отечества.",1,0
"Тогда появятся новые, более совершенные машины, и кто-нибудь будет иметь счастье работать с ними.",1,0
"Дело состоит в том, что «Нежный вестник» расходится в восьмьюстах копиях еженедельно, по тридцати копеек.",0,Morphology
"Мой друг работает, чтобы заработать на покупку квартиры.",1,0
В прошлом году я отдыхал в Пицунде.,1,0
Зимой сопротивляемость организма болезням ослабляется.,1,0
При выращивании таких растений на дно горшка обычно кладут большой слой керамзита.,1,0
Проблема залога обсуждается у Пешковского.,1,0
"Команда миллиардера Миядзаки начала борьбу против смерти, рака и ожирения.",1,0
"Я первыми узнал, что ребята пришли к финишу.",0,Syntax
"Автор искренне признателен всем, кто способствовал выполнению настоящей работы.",1,0
Маше указано на ошибку.,1,0
В настоящее время Алэн занимается расследованием убийства.,1,0
"Если я знал, что какой-нибудь вечер, на который мы собирались с ней, не принесет мне ни боли, ни обиды, как празднично я собирался.",1,0
Он рисковал попасть за решетку.,1,0
"В Древнем Египте управление землей было решающим, так как налоги определялись в зависимости от количества земли, принадлежащей человеку.",1,0
Он ездит туда один.,1,0
Сейчас я пишу статью о местоимениях.,1,0
"И ей, такой, фортуна посылает до поры только заученные, неуклюжие па, будто дергает за ниточку со стороны кто-то посторонний, глухой и слепой.",1,0
Свечка погорела и погасла.,1,0
"Обнаруживается, что преступник на свободе.",1,0
Разрешаю тебе поставить кресло в мою комнату.,1,0
Я тогда не могла ему ничего сказать.,1,0
Сам Ларрей был назначен капитаном этой военной части.,1,0
"Теперь, подумал я, пути к примирению отрезаны.",1,0
Иван не был в своей комнате.,1,0
Он вскоре сделался негодяем.,1,0
Будем ли мы им помогать?,1,0
Я определенно чувствовал: сейчас опять ненавижу ее.,1,0
Ярило забрался в поле после этого.,1,0
Я принимаю ваше приглашение.,1,0
"Естественно, коммерсанты категорически отрицают какую-либо связь между двумя фирмами.",1,0
"Я был в кино, а Иван не был.",1,0
Эта работа дала мне удовлетворение.,1,0
Нашему теляти да волка поймати!,1,0
"Эксперты назвали язык, наиболее подходящий для офисной работы.",1,0
Поселок расположен вдали от железных дорог.,1,0
Почему вы не хотите принять эти деньги?,1,0
"Он отрицает, что все знает об этом.",1,0
Ни в одном номере телевизора не стояло.,1,0
"Если ее огорчало поведение мужа, она ничем этого не показывала.",1,0
"Концепция потребления энергии (пассивные дома технологии) для группы полезных последовательных верхних этажей (3-4 этажей), см. п.",0,Hallucination
"Саша приказал, чтобы мы помогли ему решить задачу.",1,0
"Напомню, что его тело нашли поблизости от вашей деревни.",1,0
Какое-нибудь задание было дано каждому из них.,1,0
Она училась в Чапинской школе Нью-Йорка.,1,0
Имеются заявления от пострадавших.,1,0
Вани в комнате не было.,1,0
"Он ел суп, пока Никита ел второе.",1,0
У самовара я и моя Маша.,1,0
"Тем не менее, он только предсказывает, что болен.",0,Semantics
"Если тамильским сепаратистам удастся основать свое государство на территории Цейлона, их следующим шагом будет попытка поднять на восстание 50 миллионов тамилов, живущих в Индии.",1,0
Что вы думаете о Томе?,1,0
План Саши Маше продать квартиру.,0,Syntax
Надя бежала рядом с колонной и выкрикивала имя мужа — но он не слышал за разговором и заливистым лаем охранных собак.,1,0
Ее сестру зовут Татьяна.,1,0
В комнате книжный шкаф и письменный стол.,1,0
Глаза у нее сияли.,1,0
У Маши сын пошел в школу.,1,0
Недавно к нам приехал знакомый из Болгарии.,1,0
"Я думаю, что ты, наверное, устал.",1,0
Он взял два куска сахару и положил на блюдце.,1,0
"Он ясно понимал, что сейчас от него требовалось.",1,0
Доставляли мы в санбат?,1,0
"На африканские врачи выходят за весь список зубцов, скапус усиков короткий или не выходит за пределы заднего края головы.",0,Hallucination
"Вот тут находится молодой студент, он изучил предмет и, думаю, подтвердит мое мнение.",1,0
"Я, честно говоря, не знаю заведений подобного формата ни в Москве, ни на Западе.",1,0
"Вопреки правил пунктуации, журналисты часто употребляют тире вместо двоеточия.",0,Syntax
"Да я, впрочем, не спорить пришел, а, узнав про вторую беду твою, пришел утешить, потолковать с другом.",1,0
"Как только ты закончишь свою миссию, ты сможешь пить столько, сколько захочешь.",1,0
Женская команда заняла девятое место на Олимпийских играх в 2004 году.,1,0
Мне дали квартиру поблизости от Филевского парка.,1,0
Я предложила ей жить в моей комнате.,1,0
Ночь опускается на город и скрыла его во мраке.,0,Syntax
Среди вечных человеческих ценностей наиболее важной для него была честность.,1,0
Кольцо составляет около пяти процентов от общей яркости Хаумеа.,1,0
Я не знаю Машу Трофимову.,1,0
Над столом висели фотографии.,1,0
"Вечером с крыши нашего дома, лучшего места коллективного отдыха, мы увидели великолепное зрелище ― восход полной луны в горах.",1,0
Я хочу выпить какой-нибудь минеральной воды.,1,0
Каким мальчиком он оказался?,1,0
Да он не завязывал ногу!,1,0
Иван не сможет переплыть Москва-реку.,1,0
На прошлой неделе картина была продана.,1,0
"Ему говорили, что он читает классики на их оригинальных языках, но он не всегда заканчивает книгу, когда он начинает ее.",0,Syntax
Прошу у вас прощенья за вчерашнее.,1,0
"Адресантка сообщила, что раньше никoгдa не писала в газету, но теперь поняла, отчего человек берется за перо: писать — значит, общаться.",1,0
"Но, как только она сказал это, он вдруг выпрямился, и лицо его приняло гордое и строгое выражение.",1,0
Мы осмотрели их каждого по отдельности.,1,0
Я не был дома весь день.,1,0
Отменены какие бы то ни было телесные наказания.,1,0
У нас здесь редко снег.,1,0
Он не держал книгу в руках ни минуты.,1,0
"Московский эстамп стал членом объединения ""Москва-Эстомпа"" в 1997 году.",1,0
Вождь хочет поговорить с кем-нибудь из вас.,1,0
"Насчет того, что следует брать с собой и от чего воздерживаться, существовала целая теория.",1,0
"Российский банк, крупнейший в Северной Европе финансовый клуб ""Норд"".",1,0
"В 1930 году романский дом построено в стиле с деревянным балконом, отреставрирован.",0,Syntax
"Вы надеетесь, что вам этого не нужно делать.",1,0
"Я спрашиваю, хотите ли вы чаю.",1,0
Ходить по проезжей части опасно.,1,0
Сдавшегося полиции дортмундского террориста заключили под стражу на пять лет.,1,0
"Были в ней и скромность, и изящество, и достоинство.",1,0
"Я вижу, Джона здесь нет.",1,0
"Она не нарушает семейную традицию, выходя замуж за иностранца.",1,0
Пиджак не стоит двух тысяч.,1,0
Вместо обеда он съел несколько слив.,1,0
Наблюдается приток иностранного капитала.,1,0
"В 2017 году компанией ""БелАЗ"" запустили завод по производству тормозных колодок, дисков, накладок в городе Старые дороги.",0,Syntax
Он вырос из него в юношу.,1,0
Я взял лыжи напрокат.,1,0
После обеда спать вредно.,1,0
Железо тонет в воде.,1,0
Осенью следующего сезона юная лука будет иметь сформированный и довольно большой будущий лист.,0,Hallucination
Маша только что мыла пол в коридоре.,1,0
В таких партиях он практически не проигрывает.,1,0
Отсутствием на собрании он подтвердил плохое мнение о себе.,1,0
"В памяти один за другим возникали другие, давно и недавно минувшие санные пути.",1,0
"Лесные запахи набегали волнами; в них смешалось дыхание можжевельника, вереска, брусники.",1,0
А в лучший телескоп мы можем увидеть примерно 100 миллионов звезд.,1,0
"Мы испугались, что Евгению Эмильевичу собираются что-то “пришить”.",1,0
Лично для меня хрущевская оттепель началась с рисунков Збарского.,1,0
Англия во многих отношениях похожа на Японию.,1,0
"Как будто бы в меня вселилась другая, посторонняя мне женщина, а я, настоящая Я, только с ужасом прислушивалась и приглядывалась к ней.",1,0
Наши на последней минуте гол забили.,1,0
Ответа мы не получили.,1,0
"Никто не думал, что что-то случится.",1,0
Студент по моей просьбе купил книгу у букиниста.,1,0
"Вина Джулии состояла в том, что она оставила ребенка без присмотра.",1,0
"Известный российский боксер признался, что появление в ревю гарантировало успех.",1,0
Внимательно вы эту статью не прочли.,1,0
Дерево у корней заросло мхом.,1,0
"Я не мог поверить, что этот человек и есть я.",1,0
Власти получили приказ сохранять нейтралитет и воздержаться от применения ядерного оружия.,1,0
"И сам выбрал ему имя ― Амир, что переводится как «повелитель».",1,0
Поселок расположен далеко от реки.,1,0
Ковалев вылез у крыльца с клеенчатой дверью и небольшим навесом.,1,0
Перед домом есть колодец.,1,0
"Я считаю, что Маша очень мила.",1,0
"И Илья, внезапно обессилев, опустился на пол спортивного зала и завертел бессмысленно головкой, пока вдруг не рассмотрел что-то маленькое и круглое под штангой.",1,0
Узенькая тропинка шла вдоль реки.,1,0
Я опять потерял нить.,1,0
"Несколько фрамуг в спортзале, оставленные открытыми, то открывалось, то с шумом захлопывалось.",0,Syntax
Университета Бернард Шоу не кончал.,1,0
Стаканы есть поставлены в шкаф.,0,Syntax
Я работаю на заводе.,1,0
Он получил ее согласие.,1,0
"Если ты возьмешь сумку, то я— чемодан.",1,0
Прошу тебя открыть окно.,1,0
"Если в тело человека проник какой бы то ни было микроб, организм выставляет на защиту всю свою систему иммунитета.",1,0
Ожидаемого скандала не разразилось.,1,0
Величественный горный пейзаж вызывал восхищение.,1,0
Тогда мы с тобой оделись потеплее и пошли гулять.,1,0
В дом вошла радость.,1,0
Для получения дополнительной информации свяжитесь с Nokia Care Point или с дилером вашего устройства.,1,0
"Ты подыграйся к тетушке, она женщина богатая.",1,0
"Трудно себе представить, чтобы к 10 часам вечера они уже не выпили все шампанское.",1,0
"Истинная правда: не столько ­я вам служу, сколько ¯вы за мной ходите.",1,0
По завершению эксперимента учёные публикуют аналитические отчеты.,0,Syntax
Он ушел в отставку из футбола в 33 года.,1,0
"Может быть, потребуется изменить место встречи.",1,0
"Между тем он по-прежнему отрицает свою вину, говорит, что «чист перед жителями области, Балакова и перед Россией».",1,0
"Изделия из натурального черепашьего панциря, довольно распространённые ранее, стали в наше время редкостью.",1,0
"Масса звезды солнечной системы составляет 11,3% от Солнца, светимость - 0,1%.",1,0
Наблюдается спад интереса к беллетристике.,1,0
Мы пойдем до него.,1,0
"Нельзя ни к кому не обращаться, когда ты нуждаешься в помощи.",1,0
Он был арестован по ложному обвинению.,1,0
В своей повести писательница с большим юмором рассказала о романтических мечтах юного бездельника.,1,0
Он дал ему подзатыльник.,1,0
Это было бы самое любимое место в жизни.,1,0
"Туристы прорвались через брешь с криками ""Помни Канпур"".",1,0
Первые датированные доказательства человеческого поселения в горах Кайзера относятся к 4000-5000 годам.,1,0
Как вы узнали друг друга?,1,0
"Руководитель обещал нам, что всем понездоровиться, если мы и дальше продолжим опаздывать и не выполнять свои рабочие обязанности.",0,Syntax
В тот самый момент я влюбилась в этот язык.,1,0
У нас в лесу есть озеро.,1,0
"Из всех узлов, скрученных, только узел тривиального и грузового узлов являются скрученными.",0,Syntax
"Ваня видел, как они купались.",1,0
"Он ясно понимал, что сейчас от него требуется.",1,0
"Фуфлыгин посмотрел на часы, захлопнул крышку и стал вглядываться в даль, откуда к железной дороге приближалась шоссейная.",1,0
"В студии группы ""Счастливы вместе"" снимали диджеев Широкова, Смирнова и Моисеенко.",1,0
Ты взяла мне одну бутылку молока или две?,1,0
"Огни реклам погасли, не осталось ни покупателей, ни продавцов.",1,0
Я увидел этот фильм.,1,0
Том никогда не забывал Мэри.,1,0
"Венецианская штукатурка способна передать оптические свойства мрамора: неповторимый блеск, глубинное свечение, игру света и тени, на фоне которых проступает причудливая вязь прожилок.",1,0
"Запорожский технический университет в 1995 году стал кандидатом на первое высшее образование по специальности ""Машины и технология плавильного производства"".",1,0
Его убили недалеко от «Трех утопленников».,1,0
"Даже неточное, строго говоря, упоминание про песню рекрутов дает нам представление о том, какие разговоры велись в семье Блоков.",1,0
"Она все еще не доставала то, что держала в ридикюле.",1,0
Этот институт находится близко от метро «Академическая».,1,0
"Куда Иван пришел, несмотря на головную боль?",1,0
Прошу вас прийти пораньше.,1,0
В 13 лет он дал первый концерт профессиональной музыки.,1,0
Покупал эти часы отец давно.,1,0
Он выпил стакан воды.,1,0
Я хочу посоветоваться с хорошим врачом.,1,0
Весь год у меня был помощник.,1,0
"Жизнь и развлечения тесно связаны между собой, что делает просмотр программы забавным и расслабляющим.",1,0
Эта трава выше деревьев.,1,0
"Некрасивого, доброго человека, каким он себя считал, можно, полагал он, любить как приятеля.",1,0
"Когда он с кем-то едет в экспедицию, я спокойна.",0,Semantics
"Глава семьи, которого вообще звали Бенджамин Хьюджер, был американским патриотом и участником революции во время Британской оккупации.",1,0
"Вышеупомянутую пресс-конференцию Саркози единственный текст, в котором она упоминается на официальном сайте президента.",0,Hallucination
"Она сидела так далеко от меня, что я не видел, когда она ушла.",1,0
С этим ушибом каждый врач справится.,1,0
По кому вы скучаете?,1,0
"Эдуард и Татьяна Петровы объяснили, почему не хотят отдать своих детей.",1,0
Хлеба должно было хватить.,1,0
"В конце концов, заметив, что я не имею против него никаких злостных намерений, Симыч и мне стал доверять.",1,0
В работе жюри фестиваля любительских театров принимает участие профессор кафедры сценической пластики университета театрального искусства.,1,0
Я буду завтра в банке.,1,0
Бóльшая часть продуктов хранилась в морозильной камере.,1,0
"Не скрою, он мне понравился.",1,0
"Причина события менее важна, чем само событие.",1,0
"Он запер дверь, которую я закрыл.",1,0
Президент лично пригласил нас.,1,0
Емy не уехать.,1,0
"Чтобы как следует использовать окружающее их на суше пространство, люди изобрели всевозможные приспособления: эскалаторы, лифты, лестница и многое другое.",0,Syntax
Он уехал из Москвы в Петербург.,1,0
"Я никогда не думал, что это сделаю.",1,0
"Все, кто изучал биографию Пушкина, знает о необычайном расцвете его творчества в осеннюю пору.",0,Syntax
Эта речка впадает в небольшое озеро.,1,0
Возле каждой чашки я положил по шоколадке.,1,0
В этот момент он врывается в комнату и открывает окно.,1,0
Студент купил книгу у букиниста.,1,0
"Возле печки стало жарко сидеть, и он отодвинулся.",1,0
"Назван главный план действия Хатанаки, на котором зафиксировали свой план.",0,Hallucination
С древних времен пробка используется в рыболовном оборудовании.,1,0
Хорошо этот рояль звучать не будет.,1,0
Напротив моего дома есть колокольня.,1,0
Леха не мог отомстить и очень переживал.,1,0
"Я увидел мальчика, которого мы вчера видели во дворе.",1,0
Не существует никаких доказательств.,1,0
"Когда комья снега временами срывались с высоких сосен, они нарушат тишину.",0,Syntax
Так они и дали тебе эту премию!,1,0
Командовал вторым парашютно-десантным полком Иностранного легиона при взятии Колвезы.,1,0
Власти Австралии могут лишить граждан возможности указывать ссылки на сайты при выдаче им лицензий медиахолдинга без разрешения властей страны.,1,0
Но Коле не помог его единоверец.,1,0
Доступно 29 сентября 2015 года.,1,0
Она поставила корзину себе на колени.,1,0
"Я считаю, что ты, несомненно, справишься.",1,0
"Все яркие, бесчисленные звезды безоблачного, темного неба заняли свои места, когда издали мелькнули красный и зеленый фонари поднимавшегося вверх, против течения, парохода.",1,0
Сразу по приезде приехавшие родственники к нам в гости поселились на даче.,0,Syntax
Ученые провели в ноябре второй этап испытаний.,1,0
Его схватили за шиворот.,1,0
Я дочитал вашу рукопись до середины.,1,0
Куда мне деваться?,1,0
Власти разрешили оппозиции провести митинг.,1,0
Этот аргумент отвергло большинство теоретиков.,1,0
Маши в зале не видно.,1,0
Наиболее заметным изменением является добавление концепции контроля за отходами.,1,0
Но с этого момента мы рассчитываем на одного человека.,1,0
Вместе с тем у нее не было никаких причин скрывать от меня что бы то ни было.,1,0
Здесь всегда холодно.,1,0
Я люблю отдыхать у Черного моря.,1,0
"Боб, как честный человек, отказался.",1,0
Каждый человек потребляет в день около двух литров воды.,1,0
По дороге шла женщина.,1,0
"Я звонил Маше, но ее дома не оказалось.",1,0
Я не привык разговаривать в таком тоне.,1,0
"Какой персонаж в брачных играх должен стоять возле своей соперницы, преследуя неудачников.",1,0
"В 1944 году этот завод получил номер ""491"".",1,0
"Он тоже был зачинщиком, хотя в последнюю минуту решил не принимать участия.",1,0
Сократ умер в тюрьме.,1,0
"Между тем я вашего адреса не записал и рисковал потерять то, что вчера было продиктовано.",1,0
"Выход первого издания книги был довольно драматичным, почти детективным.",1,0
Названо самое популярное произведение рэпера XXXTentacion.,1,0
Он дал мне десять рублей.,1,0
От гражданина требуется только одно: будь честным.,1,0
Мы должны найти способ не быть убитыми.,1,0
"Пожалуй, стоит изменить место встречи вокзал.",0,Semantics
"Она подняла с пола записку, развернула ее и стала читать.",1,0
Они читали мои жалобы на себя.,1,0
"Учреждённая лига группой экспертов, считающих себя независимыми, готовится предоставлять практически любые виды услуг.",0,Syntax
Перед домом есть девочка.,0,Semantics
Я получила незаслуженный упрек.,1,0
Возьми свой пистолет — Ашурков велел тебе отдать.,1,0
Консервация старинной постройки должна предотвратить её дальнейшее разрушение.,1,0
Мы просим вас нам спеть.,1,0
"Нет, весь я не умру.",1,0
"Иван считает, что он почти закончил диссертацию.",1,0
Суббота началась со скандала.,1,0
Большинство высказались против проведения выборов в парламенте.,1,0
Быть приглашенным на уколовские празднества почиталось за большую честь.,1,0
"Как следствие, любое коммутативное семейство нормальных матриц может быть приведено к треугольному типу.",1,0
Около стола стояло большое кресло.,1,0
"Если бы ты спросил бабушку, как она научилась этим методам, она бы нарисовала пустоту!",1,0
Его сумели выманить за город.,1,0
Доброта и милосердие священника влияют на женщину.,1,0
"Выступление юного скрипача было настолько эффектным, что публика аплодировала стоя.",1,0
"Развитие этой драмы, о которой мы отчасти имеем прямые свидетельства, отчасти догадываемся по косвенным указаниям, отразилось и увековечилось в диалогах.",1,0
Крепостные валы еще сохранились.,1,0
"Обратная связь с ними была очень лестной, что, естественно, придало нам большую уверенность.",1,0
"Участники переговоров, оба говорящие по-английски, не нуждались в переводе.",1,0
Это предприятие возглавляет некто Иванов.,1,0
"Эти скалы поражают нашу Землю около трех миллиардов лет, и они отвечают за большую часть того, что произошло на нашей планете.",1,0
Композитора госпитализировали после заражения вирусом Зика во время химиотерапии в США .,1,0
Суд опроверг участие якуб мемона в операциях хавала с целью противодействия в организации взрывов.,0,Hallucination
Только ее поддержка давала мне силу продолжать эту работу.,1,0
"Я думал, ты со мной согласишься.",1,0
"Не знаю, какой вы краской голову и волосы красите, мне бы дали.",1,0
"Дюшен послал свою диссертацию в Институт Пастера, но не получил ответа.",1,0
В 2009 году компания открывает хостинговую площадку в дата-центре штата Сан Хосе.,1,0
"Мне было тяжело обращаться к кому-нибудь с такой просьбой, и я решил все сделать сам.",1,0
В конце XIX в. группа педагогов начали работу по подготовке реформы школьного математического образования.,0,Syntax
"Зачем понадобилось им туда, зачем?",1,0
Обидный промах привёл теннисиста к поражению в матче.,1,0
"Раз мы затронули тему коррупции, есть ли, на ваш взгляд, свет в конце тоннеля?",1,0
"Молодая исполнительница не только любила классическую музыку, но и джаз.",0,Syntax
Я строил такие мосты.,1,0
Он решил задачу прямым перебором.,1,0
"Создатели Roland Gar собрались устроить для школьников ""роль"" Роскосмоса.",0,Hallucination
"Вам не нужно знать, почему.",1,0
Кириллин день еще не миновал.,1,0
"Когда до них оставалось не более пятисот метров, командир подал знак штурману.",1,0
"Мы ждали, но ни одной подлодки не всплыло.",1,0
Он не прислал ответ.,1,0
Он нас обидел обоих.,1,0
Память ему начисто отшибло у меня.,0,Syntax
С 1973 года уровень льда контролируется спутниками.,1,0
На официальной церемонии в январе 2005 года группа зарегистрировалась в качестве юридической политической партии.,0,Syntax
Мне все-таки удалось получить место в мягком вагоне.,1,0
На Политбюро 17 октября 1987 года Горбачев снова и весьма определенно высказался на эту тему.,1,0
Ни один фонарь не горел.,1,0
Неужели мы не можем ее сжечь?,1,0
Это свойство не передается по наследству.,1,0
Они виделись в Петербурге.,1,0
"Среди моих студентов есть такие, которые видели этот фильм.",1,0
В здании Консьержери после революции была тюрьма и суд.,1,0
Иван не может опоздать.,1,0
Публика холодно приняла его выступление.,1,0
"Сходя на берег в очередной гавани, меня удивили способности местных проводить время в расслабленно-созерцательной позиции.",0,Syntax
Преподаватель французского языка объясняет правило согласования по роду.,1,0
Вопрос: Нужны ли России малые предприятия вообще?,1,0
Отец не был на море.,1,0
"Я чувствую, что он прав.",1,0
Белоконев не работает в Университете.,1,0
"Увидев в предлагаемом тексте несколько проблем, мне стало понятно, что к ним несложно подобрать литературные аргументы.",0,Syntax
На этот раз открытую лекцию в музее читал действительный член Академии наук.,1,0
Он сажал все деревья в том саду.,1,0
Только это дало мне смелость обратиться к Вам за помощью.,1,0
Почему ты за обедом все время оборачивался?,1,0
"Будучи закадычными друзьями, у Лёшки с Женькой просто не могло быть серьёзных ссор и недомолвок.",0,Syntax
Обнаружилась солидная эрудиция Берлиоза.,1,0
Я уговаривал ее вернуться.,1,0
"Один из них, тщедушный и сгорбленный старичок с седою бородою, не имел в себе ничего замечательного, кроме голубой ленты, надетой через плечо по серому армяку.",1,0
"Он чувствовал, что между им и ею существовала преграда.",1,0
"Девушка рассказала о переезде своей матери в столицу, и я переспросил ее: ""Ваша мама проживает в Москве на чем?""",0,Syntax
Заговора не было раскрыто.,0,Semantics
Несколько посетителей что-нибудь написали в книгу отзывов.,0,Semantics
"Я звонил в дверь, но звонка не было.",1,0
Она никого не хотела иметь около себя.,1,0
Наконец-то я ее увидел.,1,0
Вместе с тем у нее не было никаких причин скрывать от меня что-либо.,1,0
"Глюцилин, ― сказал Миша, смотрев вперёд, на спящую бледную девушку.",0,Morphology
Он обозначил мне границы.,1,0
Вопреки рекомендаций врачей спортсмен не снижал нагрузки во время тренировок.,0,Syntax
"Я был близко от ее дома, но подойти к самому дому не смог.",1,0
"Вырыли яму, чтобы ловить людей, но ни одного человека в нее не упало.",1,0
Иван был назначен командованием на свою нынешнюю должность.,1,0
"Приехав в поместье, мне стало легко, будто камень с души свалился.",0,Syntax
Новых сторонников будет искать.,1,0
Доход на душу населения в 2017 году составит $20543.,1,0
Он живет недалеко возле каменной церкви.,1,0
Он отказался от всякой помощи.,1,0
"Уже три года у них есть собственная дача, а они туда совсем не ездят.",1,0
"Браминские сычи живут парами или в семьях, состоящих из 3—4 особей, хотя состав этих групп определить подчас невозможно.",1,0
"Количество судов, которые будут построены для этого проекта, пока не установлено, так как анализ всей предполагаемой транспортной цепи не завершен.",1,0
"Мне было неприятно им помогать, но я все-таки помогал.",1,0
"А ведь вам кто-то тогда помог, рискуя головой.",1,0
"Когда журналисты получили информацию, глава пресс-центра муниципальной полиции Илья Шакалов подтвердил это.",1,0
Иван оставил нам телефон позвонить в случае необходимости.,1,0
"Он думал о том, что вот в его жизни было еще одно похождение или приключение, и оно тоже уже кончилось.",1,0
На работе нормально функционирующей системы смена руководства не дол- жна сказаться отрицательно.,1,0
Его давно не было в Москве.,1,0
"Чтобы нести тяжёлый груз в правильном направлении, для этого группа муравьёв постоянно передаёт друг другу руководство переноской.",0,Syntax
"Думаю, что эту передачу больше не повторяли.",1,0
Разговоры нельзя считать делами.,1,0
Он выбирает между виллой в Испании и на Лазурном берегу.,1,0
"Лучше разговаривать в саду, а не на пыльной дороге.",1,0
Еще недавно мы гуляли с ним по этим лесам.,1,0
В вас я заметил несколько более благоразумия и ясного взгляда на вещи.,1,0
Глаза Тома стали красными от плача.,1,0
"Попов полагал, что, раз прибор научился сам звонить в звоночек, можно заставить его и трубочку встряхивать самому.",1,0
Она решила взять сына домой.,1,0
"Искусственный алмаз получают из сырья, богатого углеродом.",1,0
Ты должен ей помочь.,1,0
"Писатель пригласил журналистку, чтобы дать ей интервью.",1,0
"Он бывал везде: и на Рейне, и на Ганге.",1,0
Стены уже который год грозятся перекрасить.,1,0
Мы обращаем внимание на некоторые ихние письма.,0,Morphology
Телефон есть на кухне.,1,0
"Люди заселили Южную Америку в результате одной миграционной волны вскоре после того, как их предки впервые приходили из Сибири в Западное полушарие.",0,Syntax
Убийца своего брата захватил трон.,1,0
"Я вижу, там кто-то есть.",1,0
"Пошли то по песку, то по гравию, а там, где дорогу преграждали камни и скалы, поднимались наверх и шли по холмам.",1,0
"Узко разрезанные, уголками врозь поставленные глаза придавали ей шаловливый и лукавый вид.",1,0
Возьми у меня корзинку и поставь ее куда-нибудь поблизости.,1,0
"Том не тратит много времени, думая о деньгах.",1,0
Тебе надо показаться врачу.,1,0
За забором я увидел мальчика.,1,0
"Мы уже не стали продолжать, чтобы снова не прозвучало то, что прозвучало.",1,0
Могу ли я говорить искренне?,1,0
Она редко вообще произносила что бы то ни было.,1,0
"Оба мужчины были полностью поглощены друг другом, откровенно игнорируя Маши.",0,Semantics
Однажды играли в карты у конногвардейца Нарумова.,1,0
Не гремело победных маршей.,1,0
Позвольте мне что-нибудь взять на память.,1,0
"Это две партии, с кем разговаривается политика.",0,Morphology
"Альба появилась в двух рекламных роликах, сыгравшей в нескольких независимых фильмах.",0,Syntax
Условия переговоров я сам назначу.,1,0
"Осетровые рыбы, как считают знатоки, утратили свой былой вкус.",1,0
Она сидела рядом со мной и горько плакала.,1,0
Давным-давно они жили в Стрелецке.,1,0
"В первые недели на Кубке мира нойер вновь впервые побил рекорд клуба, выпустив за 1000.",0,Hallucination
"Его ежедневно кормили кусочком хлеба и капустой, но ему отказывали в доступе к медицинской помощи.",1,0
Петя Иванов нарочно медленно ест суп.,1,0
Ты смотрел на нее и не видел.,1,0
"На пути к победе солдаты готовы были претерпеть все бедствия, преодолеть все преграды.",1,0
Ивана и недели не было в Москве.,1,0
"Чтобы встать пораньше, надо завтра завести будильник.",1,0
"Разница, мягко говоря, есть.",1,0
"Как звали главного тренера сборной Англии, в составе которой был участником чемпионата Европы 1980-1989 года и чемпионата мира 1982года.",0,Syntax
Всю ночь налимы не могли уснуть и лениво шевелились в садке.,1,0
Иван взял с собой плащ или куртку.,1,0
Что же ты не предложишь мне сесть?,1,0
Где-то невдалеке и вверху замигал огонек.,1,0
Калязинской ПМК-500 требуются шоферы для работы на автомашинах ГАЗ-52 и ЗИЛ-585 со сдельной оплатой.,1,0
"Ты зачем говоришь, что наш папа в тюрьме?",1,0
На такой фабрике не осталось бы работниц.,1,0
Ты зря тратишь свое время.,1,0
Том не пытается вас впечатлить.,1,0
"Ролл показывает только имена, а не ранги или другие награды, так как «все люди равны в смерти».",1,0
"Она по прежнему увлекается аниме и думает, что Томоко с ней все равно не смогла быть своей собственностью.",0,Hallucination
Заболевший лихорадкой Зика заявил о планах переехать на территорию Соединенных Штатов Америки.,1,0
"Можно сказать, что мозг людей стал стареть медленнее благодаря многообразной информационной среды.",0,Syntax
Он второпях не оставил ключи.,1,0
Категорически запрещалось вступать с ними в какие-либо разговоры.,1,0
Индейцы — общее название коренного населения Америки.,1,0
"Какой тут отдых, когда дел столько?",1,0
Я нарезал колбасу перочинным ножом.,1,0
Около сторожки дорога повернула.,1,0
Он дал мне толчок.,0,Semantics
Мне видится это так.,1,0
Компания начинает обсуждать дальнейший план действий.,1,0
"А смерть, которую Олег видел собственными глазами, была обманом.",1,0
"Она сказала, что хочет выиграть.",1,0
Но давайте подумаем: нужна ли мне ручная MOA литературная экспозиционная деятельность?,0,Hallucination
"В финале комедийного шоу актёр отбирал наиболее выгодные кадры, по которым кинопрокатка получила три камеру.",0,Syntax
"Мировая общественность очень удивилась, когда в январе 2012 года обыкновенно улыбчивые и доброжелательные мальдивцы выходят на демонстрации против президента.",0,Syntax
Прием посетителей проводится строго по предварительному согласованию.,1,0
Есть о чем рассказывать!,1,0
"Человек идет в аптеку, предоставляет свою ID-карту, и аптекарь видит все назначения у себя в компьютере.",1,0
Сообщение не рассердило Марию.,1,0
"Так что я уволился с работы и решил, что это та тема, которую я хотел бы обсудить.",1,0
Мы приняли его в партию.,1,0
Над сектором сгущаются тучи.,1,0
"Естественно, коммерсанты категорически отрицают всякую связь между двумя фирмами.",1,0
Белые здания внезапно выступили из темноты.,1,0
"Это допущение, считает Остин, приводит к философской ошибке.",1,0
Теологическая школа возобновит свою деятельность.,1,0
"У котов, шнырявших возле веранды, был утренний вид.",1,0
Он сыграл в двух турнирах Кубка мира ФИФА для Шотландии в 1978 и 1982 годах.,1,0
В апреле 1959 года вышел на пенсию.,1,0
"Большая танковая колонна стояла некоторое время у города Клин, а затем двинулась на юго-восток.",1,0
Она родила ребенка от иностранца.,1,0
Не белело парусов на горизонте.,1,0
Церковь стоит на холме.,1,0
О староверах я уже писал.,1,0
Он вскоре понял свою ошибку.,1,0
"А сама завидует, что у него картины более красивее получаются, и многое у него лучше получается, просто не всегда есть бумага или фломастеры.",0,Morphology
Сейчас мы изменили порядок оформления документов.,1,0
Его доклад был информативным и познавательным.,1,0
Сомневается в преданности конера и Филиппа.,0,Morphology
"Я думаю, что он этого не сделает.",1,0
Термическая обработка дает металлам исключительную твердость.,1,0
Осетинцы и осетин Юго-Осетинской автономной области вернули кириллица в 1954 году.,0,Hallucination
Том разговаривает с Геком.,1,0
Воздушные шары хорошо раскупаются.,1,0
Для этой программы были проведены два программ.,0,Hallucination
"В России нашли несколько существенных у классических авторов табличек, а также сохранившимися топонимами и наименованиями племён.",0,Syntax
Он спит мимо сада.,0,Syntax
Нельзя не общаться с кем-нибудь.,1,0
Принцип концентрации на собственной работе придёт более позднее в ином контексте.,0,Morphology
"К чужому горю он разучился относиться сочувственно ― он просто его не понимает, не хочет понимать.",1,0
Здесь какие бы то ни было эмоции неуместны.,1,0
"Дорогие друзья, я сразу же напоминаю номер нашего пейджера...",1,0
Я слышу хрип звонка.,1,0
Он выбирает из двух зол меньшее.,1,0
"У многих видов растений и животных пол зависит от обстоятельств среды: например, у рыб сибасов смена пола у взрослых особей могут происходить под действием температуры.",0,Syntax
"И мы столкнем их с другим лучом протонов, движущимся в противоположном направлении.",1,0
Собрали меньше центнера хлопка с гектара.,1,0
Коряга высунулась из воды.,1,0
Вани не было дома.,1,0
"Хочу любить вас вечно, хочу спасти вас от самого себя.",1,0
По какой причине социальное доказательство важно установить точки зрения человека.,0,Semantics
"Они наняли энергичного менеджера, который знакомится с сотнями малых фирм и дает рекомендации, кого стоит рассмотреть кого внимательнее...",1,0
Я различаю вдали очертания снежных массивов.,1,0
"В поредевшем саду далеко видна дорога к большому шалашу, усыпанная соломой, и самый шалаш, около которого мещане обзавелись за лето целым хозяйством.",1,0
"Гимн подчеркивал дружественные отношения с Советским Союзом, приверженность ленинизму.",1,0
"Ты сказал так тихо, что никто не слышал.",1,0
"Направление сетевых изданий зачастую почти неуловимо, отсутствует какая бы то ни было внутренняя цензура.",1,0
С ребятами занимаются опытные тренеры.,1,0
Каждая гонка длится менее 30 секунд.,1,0
Кассир выдал мне зарплату.,1,0
"Кроме того, разведчик обязан быть натренирован на тактическую наблюдательность.",1,0
Мне не нужно отдыхать.,1,0
"Она была женщиной экономной и управляла поместьем, как небогатый правитель своим маленьким царством: мудро, расчётливо, кропотливо, при этом деспотически и на феодальных началах.",1,0
"Линолеум можно оставить у нас, а насчет краски что-нибудь придумаем.",1,0
"FOREXYARD рекомендует всем трейдерам с балансом менее $1,000 торговать счетом SuperMini.",1,0
Ваня не решал задачу.,1,0
"Проследи, чтобы он второпях не оставил ключи.",1,0
В данный момент окно балконная дверь заперта.,1,0
В работе имеются ссылки на Якобсона.,1,0
"Аудитория, особенно выступавшие с докладами, одобрили проект резолюции конференции.",0,Syntax
Каждый из создателей этого фильма сказали на его премьере несколько слов о процессе съёмок.,0,Syntax
"Рядом с Воландом на постели, на тяжелом постаменте, стоял странный, как будто живой и освещенный с одного бока солнцем глобус.",1,0
"Хотя погода была хорошая, он не пошел гулять.",1,0
"Они зайдут, когда ты спрячешься.",1,0
Я хочу увидеть Машу.,1,0
"Вероятно, он что-нибудь там делает.",1,0
Что-то долго он гуляет.,1,0
Все лето трава была зеленой.,1,0
Фитнес-центр почти всем не по карману.,1,0
Солдаты получили от командира приказ выдвигаться на позицию.,1,0
Ни облачка на небе не бродило.,1,0
Меня рассердила его невнимательность.,1,0
Ты послал ей приглашение на свадьбу?,1,0
Ответ был составлен в дипломатичных выражениях.,1,0
Возьмите у него из стола мои книги.,1,0
Столицей провинции является город Палпа.,1,0
"Около него на столе лежит африканская маска, которую он привез из своей последней экспедиции.",1,0
"Я начал изучать новые языки, хотя даже не был уверен в том, что пригодится ли мне это когда-нибудь.",0,Syntax
Перестань вести себя как ребенок.,1,0
Однажды при Гоголе стал рассказан анекдот который его вдохновил на создания повести “Шинель”.,0,Syntax
Юра давно обещал им статью о Блоке.,1,0
"Таким образом, нет дебатов: эта задача призывает к непрерывному преданию и духу непрерывного саможертвования его и его людей.",0,Hallucination
"Шел отряд по берегу, шел издалека.",1,0
Хозяйки в доме не чувствуется.,1,0
"Автор «Слова о полку Игореве» призывал к единению русских князей, постоянно враждующим друг с другом.",0,Syntax
Он часто кому-нибудь помогает.,1,0
Быть другом Франции — это не значит быть недругом какой-нибудь другой страны.,1,0
"У зачитывавшихся людей в детстве русскими сказками, былинами дух захватывало от богатырских подвигов.",0,Syntax
Объяснение с ним я беру на себя.,1,0
"Ибо каким судом судите, таким будете судимы; и какою мерою мерите, такою и вам будут мерить.",1,0
Муж собирается просить Лену разрешить ему поехать туда одному.,1,0
"Книга второй в Германии первым по версиям ""Моей борьбы"".",0,Syntax
Образованность и неспособность нормально общаться с людьми не исключают друг друга.,1,0
Эта штука сэкономит тебе массу времени.,1,0
Музыкант Дариус Макс включает темы моды и рэпа во вступлении к своему инструменту на церемонии посвящения Skate America.,0,Syntax
Появление Пети объяснило мне отсутствие Вани.,1,0
"Так что фискалы, мягко говоря, не совсем правы.",1,0
"Это был один из первых синтетических каучуков, который стал известен как неопрен.",1,0
"Главное в том, что Иисуса-то этого, как личности, вовсе не существовало.",1,0
Мне нужно получить ботинки в мастерской.,1,0
"Объяснение, мягко говоря, странное: читать документы о взаимоотношениях с Евросоюзом или Германией можно в кремлевском кабинете.",1,0
Князь Андрей в своем стремлении к духовному совершенству совершает немало ошибок и осуждал себя за них гораздо больше других.,0,Syntax
"Верфь на столе - Большой фототур (около триста фотографий) по трем парусникам, стоящим в морских музеях Сан Диего и Сан Франциско (США).",0,Morphology
Трудно ничего не делать.,1,0
"Задача отряда состояла в том, чтобы принять на себя его охрану до Мурманска.",1,0
С вас тридцать два рубля.,1,0
Твои советы мне не нужны.,1,0
Дисциплинарные взыскания применяются при неисполнении или при ненадлежащем исполнении работником своих обязанностей.,1,0
Я с удовольствием с ним говорил.,1,0
Рыжиков ему не попалось.,1,0
Здесь есть прехорошенькие женщины.,1,0
Иванова на лекции в зале нет.,1,0
Новый законопроект взволновал и активно обсуждался в широких кругах общественности.,0,Syntax
У нас были занятия с пяти до шести.,1,0
Высшее учреждение подтвердило беззаконное решение низшего.,1,0
"Если вы летите на самолете, вы летите над вершиной, вы не весите на 25 секунд.",0,Hallucination
Около двух тысяч человек вместе пытаются разгадать загадку таинственного сада.,1,0
Действительно ли он был таким плохим?,1,0
Экономисты применяли к реализации макроэкономических задач математические модели физики.,1,0
Мосты еще не сняли.,1,0
"Значение для пятого экземпляра «имя пользователя» — это учетная запись, которую использует модель процесса ASP.NET.",1,0
Он показывал мне эти письма.,1,0
Этот фильм показали по телевизору?,1,0
Он мечтал увидеть хоть какого-нибудь из этих прославленных слонов.,1,0
Иван признал свою вину перед сыном.,1,0
Поблизости от лесопилки построили деревоперерабатывающий завод.,1,0
"Так вы полагаете, что он имеет большое влияние на Анну Сергеевну.",1,0
"За отсутствием быков и лошадей, крестьянин обрабатывает поле личным трудом, вскапывая землю мотыгою и заступом.",1,0
На город за время войны не упало ни одной бомбы.,1,0
"Не хочу знать, кто и зачем его сюда привел.",1,0
"Ну, наклоняйся ко мне!",1,0
Я сегодня буду гулять.,1,0
Как обстоят дела с новой работой?,1,0
"Поезд подошел к станции, но там никого не было.",1,0
Ты купишь себе велосипед?,1,0
"Он сказал, что Иван болеет.",1,0
"Цифровая аудитория музыкальных каналов выросла до 8,5 млрд пользователей за год.",1,0
Азарий стал последним представителем школы придворных летописцев.,1,0
Я выслушала его возражения.,1,0
Эта мысль прослеживается у Тютчева.,1,0
"Меня посадили около какого-то молодого человека, удивительно похожего на Блока.",1,0
"Каждое утро мимо нас по коридору проносили большие термосы и корзинки с провиантом для наркома на случай, если он в обеденное время окажется здесь.",1,0
Эта порода тигров встречается на Дальнем Востоке.,1,0
"Маша книгу, и Саша читает книгу.",0,Syntax
Вы хотите посмотреть мои картины?,1,0
Пастух играл на свирели.,1,0
В два часа я еще не буду в институте.,1,0
Я гуляю с трех до пяти.,1,0
Напрасно вы отождествили Волошинова с Бахтиным.,1,0
Дня не проходило без скандала.,1,0
"Говорят, она не находит себе места, бедняжка.",1,0
"Хоккейный клуб ""Атлеты"" объявил о подписании контракта с французским защитником Денисом Ири д'Анже (Scharen).",1,0
"Мне кажется, я клал книгу в портфель.",1,0
Муж Марии воображает себя гением.,1,0
"Я не мог поверить своим глазам, когда впервые увидел это.",1,0
"В 1856 году на место Линкольна, названного в честь Джорджа Блумбергского острова был основан город Ланкастер.",0,Hallucination
В отдалении показался человек.,0,Semantics
"Хотя, конечно, есть множество людей, которое нас поддерживают.",1,0
"Я сделаю, как вы попросили.",1,0
Книга была нарочно продана студенту букинистом.,1,0
Температура за это время повышалась?,1,0
После завершения подготовительных работ в квартире нашли сбойное место.,1,0
"У нас точные данные, что они знали все это.",1,0
Я очень чувствителен к холоду.,1,0
Спросите любого врача: есть аппетит ― есть здоровье.,1,0
Здесь никакие эмоции неуместны.,1,0
Гессен не был виновен ни в каких преступлениях.,1,0
Так вы берете этот свитер или нет?,1,0
Преподаватель указал Маше на ошибку.,1,0
"Необходимо добавить, что на поэта иностранец с первых же слов произвел отвратительное впечатление.",1,0
"Хватит проветривать, закрывай окно!",1,0
"Его успехам способствовало многое: раскованная манера поведения, прекрасная внешность, несколько спортивных разрядов в прошлом, уверенность в свои силы.",0,Syntax
Был президентом Международной ассоциации эмпирической эстетики и председателем Общества поведения и когнитивной неврологии.,1,0
Такой партии не было.,1,0
Ветер гудит в проводах.,1,0
Записку и веточку она положила рядом с ним.,1,0
Он пролил клумбу водой из лейки.,1,0
Вблизи таких полян можно ожидать появления тетеревиных выводков.,1,0
"Строительство комплекса началось в конце 1990-х, поэтому кризис 1998 года помешал завершить проект.",1,0
Областная комиссия по землепользованию выделила каждой многодетной семье участок под личное подсобное хозяйство.,1,0
Они уже две недели путешествуют по Кавказу и вчера пришли в Терскол.,1,0
"Эта ваза стоит 300 рублей, но я отдам ее за 250 рублей.",1,0
Какой машины водитель спровоцировал скандал?,0,Syntax
Он поцеловал ее трижды.,1,0
"Ученые назвали причины размножения двух вирусов в организме мышей, что не способно выделить другого.",0,Syntax
Он подошел совсем близко ко мне.,1,0
"Около самого его лица блестели два огромных глаза, и эти глаза пугали и притягивали его.",1,0
Анализ таких важных исторических событий должен быть всенепременно фактичным и должен строиться только на фактах.,1,0
"Что он болен, никто не знал.",1,0
Захоронения были обнаружены и возле полицейских участков.,1,0
Его принцип отвергает какое бы то ни было облучение мозга.,1,0
Так я ему и поверю!,1,0
"Дональд Трамп пообещал исполнить желание каждого трубача и разрешил каждому из них найти своего ""барабанщика"".",1,0
На вокзале имеется камера хранения.,1,0
"Я видел вашу жену, но не узнал ее.",1,0
В городе масса народу.,1,0
"Совершив многокилометровый марш по территории противника в Сирии и Ираке, отряд Минобороны РФ вышел к границе Киргизии.",1,0
И я сыграл первое движение бетовенного виолетового концерта.,0,Morphology
"Не думаю, что он снова выиграл.",1,0
И вот он едет сейчас в сторону водокачки.,1,0
Я всю косметику с каким бы то ни было ароматом убрала.,1,0
Я брал твой ключ.,1,0
"Они ей отказали, дураки.",1,0
Это привело к созданию в Керале единой православной церкви.,1,0
Его поведение меня удивило.,1,0
"Так думают почти все люди, может, даже и не почти, а все без исключения люди.",1,0
Двор у сарая зарос крапивой.,1,0
А в больницу меня привезли с брюшным тифом.,1,0
Я взяла домашнюю работницу.,1,0
Ответа из полка не пришло.,1,0
"Говорят, что он кого-то отравил.",1,0
"Все считают, что Иван продолжает бить свою жену.",1,0
Он дал мне рану.,0,Semantics
Простым глазом мы можем увидеть около 6 тысяч звезд.,1,0
"Потом, когда наступило время расплаты, всех виновных «гайцев» уволили, а нескольких привлекли к уголовной ответственности.",1,0
"Я стоял около него и случайно слышал, что он сказал своему адъютанту.",1,0
Он три года не спал и пяти часов в сутки.,1,0
"Он не пользовался самоструйным пером –– верное указание (как подтвердит вам всякий психиатр), что пациент –– репрессивный ундинист.",1,0
"Хорошо же ты обычно ее моешь, если я перемыл, и вода такая грязная!",1,0
"Вы должны были взять космический корабль, уменьшить его, ввести в кровоток.",1,0
Он одним своим словом решил мою судьбу.,1,0
Неизвестный угрожает взорвать здание ГУВД Москвы.,1,0
"Отец сейчас, наверное, в банке.",1,0
Здесь денег не лежало.,1,0
Мне пришлось остановиться протиснуться сквозь них.,0,Syntax
Этот аргумент был отвергнут большинством теоретиков.,1,0
Я этого не знаю.,1,0
"Слесарь, был нам прислан починить трубу.",1,0
Я никогда не думал так и столько о какой бы то ни было женщине.,1,0
Причём американцы поклонялись им с самого начала своего развития.,1,0
"И главное, что вы должны думать только о нем, о всемогущем Боге любви.",1,0
"Где новая большая мечеть в Гудауте, которую он взял на себя то обязательство построить?",0,Syntax
Они принесли мне некоторые бумаги подписать.,1,0
"Вероятно, там кто-то был?",1,0
"Около горящей избы стало жарко и так светло, что видна была каж дая травинка.",1,0
"Если бы Сергей Петрович сказал, что остается, мне кажется, я бы расцеловал его.",1,0
Они встречались в сквере у Большого театра.,1,0
Я снял нитку с перчатки.,1,0
"Можно сказать, что это один из симптомов, который входит в симптомокомплекс рахита, но одного этого признака недостаточно для диагностики заболевания.",1,0
Я не могу это сделать.,1,0
"Албанские экстремисты стремятся уничтожить всё, что в Косово и Метохии имеет какие бы то ни было сербские признаки.",1,0
"Люди громко кричали свои лозунги у дворца, и царь вышел на это к толпе.",0,Syntax
"Студентам, обоим знатокам эскимосского языка, не удалось разобрать здесь ни слова.",1,0
"Может быть, нам открыть окно, чтобы как следует проветрить комнату?",1,0
Завтра я буду иметь демонстрацию.,0,Semantics
Я резал мясо тупым ножом.,1,0
"Я не могу с Вами бежать, у меня дети.",1,0
"И хоть документы следствия не вызывали сомнения в его личной вине, слова ""сел за других"" беспокоили.",1,0
"Они так богаты, но не такие здоровые, как Керала.",0,Syntax
Это будет лучше для вас.,1,0
Остальную часть вечера я не отходил от Веры и досыта с ней наго ворился.,1,0
На задних рядах зашевелились.,1,0
Источники финансирования кооперативного кино были самыми разными.,1,0
Снег шёл не переставая и неожиданно заканчивается.,0,Syntax
"Боб, который ездил в Баку, пропустил последний семинар.",1,0
"Приютив бездомного котёнка, нам следовало позаботиться о его прививках.",0,Syntax
В 2008 году была изменена последовательность символов Milestone.,1,0
Мне ни рубля не накопили строчки.,1,0
Правила хорошего тона и тактичность в отношении деятелей искусства неукоснительно соблюдаются на страницах известного издания.,1,0
"Советский военный корабль обнаруживает Гант и атаки, стреляет ракеты и пытается запустить вертолет.",0,Hallucination
"Возвращение традиционной геополитики, национальных государств в качестве главных игроков, выявило исторический усталость Европы.",0,Syntax
"Добрый поступок создает и накапливает добро, сделает жизнь лучше, развивает гуманность.",0,Syntax
"Директор попросил учителей прислать отчеты к восьми вечера и умолял, чтобы они не наделали ошибок.",0,Syntax
Они также насильственно эвакуировали огромное количество людей.,1,0
С тех пор в резерв были добавлены новые небольшие участки земли.,1,0
Коты по чердаку бегают.,1,0
"Возьми с меня плед, мне жарко.",0,Semantics
"Он много путешествовал, участвовав в морских сражениях, плавал близко от берегов Африки, Азии, Америки.",0,Semantics
Он взял на себя управление имением.,1,0
"И такие люди более, чем когда-нибудь нужны.",1,0
Иван выучился в колледже на слесаря и решил пойти на завод им.,0,Syntax
"Алла почти плакала прямо здесь, на сцене: ее не было в списке лауреатов.",1,0
"Англичане Олкок и Браун были первыми из людей, испытавших острую рассинхронизацию биологических ритмов.",0,Syntax
Мы имели возможность работать каждый со своим материалом.,1,0
В прошлом году я лежал в больнице с воспалением легких.,1,0
Он не показал жене фотографию.,1,0
Программа переноса в 2013 году будут переноситься с 2013 года и каждый год.,0,Hallucination
Им мешала неуверенность в себе.,1,0
"Между странами начались переговоры в рамках ""ООН"" 22 декабря.",1,0
"Каждый год в конце лета на Землю обрушивается звездопад, несмотря на это на самом деле мы видим вовсе не звёзды.",0,Syntax
Я жду его уже довольно долго.,1,0
Он все время вскакивал.,1,0
"Его осуждали на пять лет, но тут вышел указ.",1,0
В 1980 году исполнялось столетие со дня рождения Блока.,1,0
Тут мы не вправе вступать в какую бы то ни было полемику.,1,0
Он вылил лейку воды на клумбу.,1,0
"Я дописывал ""Романтиков"", когда однажды вечером ко мне вошел худой юноша и представился корреспондентом местной газеты.",1,0
"Сегодня, наконец, я собираюсь сказать Тому, что я действительно думаю о нем.",1,0
В Москве нашли несколько домовладений без указания улицы.,1,0
Она с полным безразличием приняла постигшую ее неудачу.,1,0
"Я был поражен удивительной красотой, карнавальная маска которой висела на стене приемной.",0,Syntax
"Если нам удастся обеспечить понимание этих двух моментов, то формулирование на бумаге соответствующих договоренностей не должно составить труда.",1,0
Она расположена на улице Лонарно Торригиани.,1,0
Они виделись всего несколько минут.,1,0
Я не взяла ключи.,1,0
"Приняв сражение, он рисковал бы потерей армии.",1,0
Но никогда не видел таких людей.,1,0
"Ральф считает, что человек в желтой шляпе шпион.",1,0
"На уроке все, кто прочитал учебник, смог выполнить самостоятельную работу.",0,Syntax
"Соломон Волков хочет насильно выпустить книгу о Бродском, а тот грозит ему судом.",1,0
В декабре 1998 года Ибрагимова выступила с Николаем Бенедетти на церемонии открытия 50-й годовщины Всемирной декларации прав человека в ЮНЕСКО в Париже.,1,0
"Адмирал Родни провел 1780 и 1781 годы в Карибском бассейне, грабив и угнав голландские Карибские острова.",0,Syntax
Мне нездоровится и лучше прилечь.,1,0
"Однако именно атомщики, мягко говоря, скептически настроены к созданию нового свободного рынка.",1,0
"Третья модель, которая состоит в создании местных зон, где конкурируют перевозчики, может быть реализована с минимальным риском.",1,0
Что-то я не вижу в вас рвения.,1,0
"Ты не знаешь, зачем он приходил?",1,0
В 1902 году в газете «Насьон» был опубликован посмертный отчет Мадеро.,1,0
"Я не забыл, что у нее сегодня день рожденья.",1,0
Ты еще не взял белье из прачечной?,1,0
"Я не видела, плакал он или нет.",1,0
"С этих пор на их дом опустилась тайна, то есть тишина.",1,0
Какая уж там ирония!,1,0
"Отец этого прадеда какой-нибудь Нелюб-Злобин, сын такой-то, был еще нетронутый служака вполне старого покроя.",1,0
Он постепенно решил эту задачу.,1,0
Можно куда-нибудь поехать и поговорить?,1,0
"Я получу возможность, наконец, вернуться в Кесарию.",1,0
Я живу у самой Волги.,1,0
Из этого он выстрелил.,1,0
Я стоял на перепутье.,1,0
Появились новые лекарственные препараты.,1,0
"В прошлом году я была толстой, а потом похудела.",1,0
Эти студенты — сами хорошо знающие эскимосский язык.,1,0
"Подъездная дверь хлопнула, сзади раздался топот ног, короткие смешки и шумное дыхание от быстрой ходьбы.",1,0
На праздник он принес цветы для красивой и обаятельной девушки.,1,0
Около носа была большая бородавка.,1,0
Эту книгу я уже покупал.,1,0
Одна женщина подарила мальчику яблоко.,1,0
Работать вчера мне было.,0,Syntax
"На кухне, он ясно слышит, кто-то есть.",0,Semantics
Я впервые столкнулся с такой проблемой.,1,0
"Сергей вешал карту, у него спроси.",1,0
"Что он испугался, не удивительно.",1,0
На улице была толпа народа.,1,0
Ему это обстоятельство известно из своих источников.,1,0
Дуня косит на правый глаз.,1,0
"Сожалею, что не смог вас известить.",1,0
"Он вдруг понял, что ей неприятны какие бы то ни было подробности его домашней жизни.",1,0
Ее статью приняли в журнал «Вопросы языкознания».,1,0
Иди скорее в школу.,1,0
Его легкомыслие ведет его к гибели.,1,0
"Люди рисковали своей свободой, но переводили, печатали, распространяли.",1,0
"Эд, который сейчас не в ладах с законом, не уехал во Флориду.",1,0
Вы покупали это для них?,1,0
"Иван не знает, что занятия отменяются.",1,0
Повествование начинается с 19 июня 1941 года.,1,0
"Как готов поклясться Иван, изменения необходимы.",0,Semantics
Сразу же по приезду из лагеря Иринка побежала к Светке похвастаться найденным кусочком янтаря.,0,Syntax
"Это была либо моя мать, либо сестра.",1,0
"Я чувствую, мне, кажется, придется уступить.",1,0
Немедленно выключи телевизор и иди к себе в комнату.,1,0
Она сидела на диване рядом с мужем.,1,0
Я получил от него указание.,1,0
"Я не могла прийти, потому что у меня было собрание.",1,0
"Словения стала называться в честь трёх языков-северных славян - словенцев, хорватов или сербов.",1,0
"Команды, проигравшие свои первые два матча, сталкиваются в квалификационных играх.",1,0
"При этом не нужно объяснять, каким образом получено решение, достаточно лишь заполнить сетку головоломки.",1,0
Мы разбили палатку у подножия горы.,1,0
"Владимир уже не существовал: он умер в Москве, накануне вступления французов.",1,0
"Пойманных акул выбрасывают за борт, уровень выживаемости до низкого (траления), пойманные.",0,Hallucination
Окна смотрят на юг.,1,0
"Нить, и шар всплыл, оборвалась.",0,Syntax
"Вопреки прогнозов специалистов, уровень безработицы за минувший год существенно снизился.",0,Syntax
"Я заметил это желтое пятнышко, но не придал ему значения.",1,0
"Юрий Андропов, бывший глава КГБ и член Политбюро с 1973 года, был назначен председателем важной комиссии по похоронам 25 человек.",1,0
Завтра я приеду и подпишу акт.,1,0
Приносить спиртные напитки и распивать их запрещается.,1,0
"Вернемся, сразу же по следу пойдем.",1,0
"Тем не менее, у него есть воздушная полоса, аэропорт Никольский.",1,0
"Вы думаете, что я толстая?",1,0
Он работает мимо сада.,0,Syntax
Он спокойно принял возражения оппонента.,1,0
"Иногда он шел домой пешком, а иногда садился в троллейбус.",1,0
Пакет содержит ценные документы.,1,0
"И мне напомнила фантастическая презентация Карена Армстронга, что религия действительно правильно понята не о вере, а о поведении.",0,Syntax
"Двойно нажмите на элемент или выберите один или несколько элементов и нажмите «ОК», чтобы увидеть средства, используемые в проекте.",0,Hallucination
Вчера этот прибор имел использование.,0,Semantics
"Она знает, что парадные трубы уже начищены и лавровые венки сплетены.",1,0
Я вспоминаю о ней с сожалением.,1,0
Она сидела за столом и кормила двоих детей.,1,0
Почему же вы сердитесь?,1,0
Он живет поблизости от меня.,1,0
Мы оба здесь по одной и той же причине.,1,0
"Добыча угля не возросла на 10 млн тонн, как ожидалось.",1,0
Он живет очень поблизости со мной.,0,Semantics
"Кто бы ни изучали историю русского флота, все восхищались блестящим военным искусством адмирала Фёдора Ушакова.",0,Syntax
Его положили в больницу.,1,0
Вчера все время с кем-нибудь говорила.,1,0
Возле крайней избы поселка стояла баба в короткой исподнице.,1,0
"На неприличный вопрос я получил и соответствующий ответ, причем в голосе Поликсены послышалась какая-то вибрация.",1,0
Она прекрасный специалист с лингвистическим образованием.,1,0
"Я поступил, и Иван очень обрадовался, в институт.",0,Syntax
"Тут к нему подошёл боец без погон, назвавшийся старшиной Огрызковым, который, по-видимому, уже имел какой-то парашютный опыт.",1,0
У него было много всяких дел.,1,0
"Выделив все грамматические основы, устанавливается структура предложения.",0,Syntax
"Слухи ими специально распространялись, чтобы вызвать общественное возбуждение.",1,0
"Иван не знал, что там есть гостиница.",1,0
"Её сынишка, годовалый малыш, беспрестанно что-то лепетал на совершенно непонятном языке.",1,0
"Если он может решить любую из этих задач, то у него выдающиеся математические способности.",1,0
Это платье больше по ширине в длину.,1,0
Будь дома в три часа.,1,0
Мальчики принесли каждый по яблоку.,1,0
"Неизвестно, была ли эта повесть когда-либо закончена.",1,0
Любви все возраста покорны.,0,Morphology
Вчера я смогла весь день работать.,1,0
Том взял немного денег из коробки.,1,0
"Вы видели, что меня там не было, коли сами там были.",1,0
"Хотя никто никогда конкретно не объяснял, в какой степени огромные инвестиции в эту программу оправданы для нашего общества.",1,0
"Нужно стараться обращать внимание на явление в целом, а не на единичные его проявления.",1,0
Я не знаю эту женщину.,1,0
"Важным ключом к раскрытию смысла романа является и авторская ирония, раскрывающую не только характеры основных персонажей, но и идейную нагрузку романа.",0,Syntax
Она была удивительно мила в своем новом спортивном костюме.,1,0
"Еще один такой выкрик, и его выгонят.",1,0
"В этих условиях кристаллы не образуются, а разрушаются.",1,0
Он шел около пленного и время от времени бил его.,1,0
"Парадигма обучения прогрессивного обучения не зависит от числа ограничений на классы, удерживая знания предыдущихклассов.",0,Hallucination
"Не он, а она смутились.",0,Syntax
"Заболевание, вызываемое головнёй, долгое время было загадочной для учёных, которые считали их то нарушением обмена веществ у растений, то поражением насекомыми, то происками инфузорий.",0,Syntax
Ситуация принципиально не изменилась.,1,0
"Он всегда говорил очень убедительно, а у меня возникали некоторые сомнения.",1,0
"Нельзя не любить того, кто обладает такими достоинствами.",1,0
"Мне самой это совершенно ясно, но другие почему-то не верят, даже самые близкие друзья.",1,0
РCZ может достичь своего успеха.,1,0
Это значит — рядом прыгает Тобик и уже на подходе Николай Иванович.,1,0
Технология выращивания клубники имеет свои особенности.,1,0
Эти студенты — сами сведущие в эскимосском языке.,1,0
"Она как-то странно восприняла то, что я ей сказала.",1,0
У него был какой-то испуганный ви.,1,0
"В программе праздничного вечера, который состоится в «Олимпийском», намечались выступления не только русских, а также зарубежных исполнителей.",0,Syntax
Новый проект не удивил нас своей беспомощностью.,1,0
Особой гордостью державы был океанический рыболовецкий флот.,1,0
Вы не хотите посмотреть мои картины?,1,0
"Были неприятности, имеются последствия.Например, долго нельзя на государственную службу.",1,0
Девочки оказались каждая на своем месте.,1,0
"Почти все астрономические труды, которые я опубликовал за это время, берут своё начало в той или иной главе моей первой работы.",1,0
Он был утешен кем-то.,1,0
"Он вообразил, что он гений.",1,0
"Исполняя эту пьесу, было чувство радости, переполнявшее исполнительницу.",0,Syntax
Письмо оборвалось на полуслове.,1,0
У него не было никаких причин что-либо менять.,1,0
Завтра в это время я буду уже далеко.,1,0
При термической обработке металлы становятся очень твердыми.,1,0
Необходимая принадлежность многих игр — это игральный кубик.,1,0
"В течение следующих нескольких недель по всей стране появились фотографии пяти стройных, улыбающихся мальчиков в возрасте от 9 до 12 лет.",1,0
"Как уверен Иван, изменения необходимы.",0,Semantics
Он пригласил нас проследовать в зал переговоров.,1,0
Звуки с улицы не доносились сквозь двойные рамы.,1,0
Существуют равнобедренные прямоугольные треугольники.,1,0
Здесь нельзя переходить улицу.,1,0
Все валюты будут конвертированы в доллары США в течение каждого периода гонки.,1,0
Крепость все еще окружена противником.,1,0
"Какие слова не имеют кластеров согласных, максимальная слоговая структура при этом — CVC (согласный-гласный-согласный) и потому что в случае срока?",0,Syntax
Архитектура церкви типична для Новгорода.,1,0
После этого она стала ему доверять.,1,0
Кто строил эту дорогу?,1,0
Хорошо бы он не выиграл снова.,1,0
Его приняли в институт.,1,0
"Тут он отвернулся, чтоб скрыть свое волнение, и пошел ходить по двору около своей повозки, показывая, будто осматривает колеса.",1,0
Вчера мне не передали этого письма.,1,0
"Я пригласила ее, чтобы пригласить кого-нибудь.",1,0
"По глазам вижу, что у тебя и на уме-то.",1,0
Кто из женщин вышел в этот момент из дома?,1,0
Я тебе не Жанна д'Арк.,1,0
Он был скрытным человеком и никому не доверял своих секретов.,1,0
Колеса отвратительно скрежетали по щебню.,1,0
"Я на минуту подняла глаза, но сейчас же опять опустила, потому что он продолжал серьезно смотреть мне прямо в лицо.",1,0
Мы на детское горе смотрим очень легко.,1,0
Мы проехали Аникеевку –– теперь придется идти назад пешком.,1,0
"Они зайдут, а ты спрячешься.",1,0
"Упреки этого рода, будь они иначе поставлены, были бы для меня самыми драгоценными упреками.",1,0
Ты не должен оглядываться.,1,0
Глаза резало на свету.,1,0
Он схватил ее в объятия.,1,0
"Балашов сказал, что имеет приказание лично передать пакет самому императору.",1,0
"Когда вы впервые увидите этот цветок, вы не можете понять, что это действительно поинсетия.",0,Morphology
Он уже назначил день отъезда.,1,0
Петя принял решение уехать.,1,0
Под затрудненным дыханием подразумевается неприятное ощущение сложности выполнения вдоха или выдоха.,1,0
Они ссорятся из-за пустяков.,1,0
Между тем эксперты считают подобные меры популистскими и нереализуемыми.,1,0
"Зверь осторожно пробирался по дороге, ведущей к деревне и по которой он ходил уже не раз.",0,Syntax
"Слишком поздно выяснилось, что он здесь.",1,0
Длинные перечисления утомили меня.,1,0
Благодаря обучения в медицинском институте Устименко стал работать сельским врачом.,0,Syntax
Иван питает надежду встретиться с тобой сам.,1,0
"Тут начинает звонить телефон, и он вскакивает.",1,0
Из трубы не идет дыма.,0,Semantics
"Сегодня в это время по всем каналам радио я могу услышать только музыку, которая мне, мягко говоря, не очень близка.",1,0
"Именно это оно и радует, что можно жить как хочешь.",0,Syntax
"Присутствующие несколько раз заявляли, что слышится шум вроде шуршания бумаги.",1,0
Это разграничение последовательно не проводилось.,1,0
В 1859 году он стал членом национального совета по образованию.,1,0
"Это не имело никакого значения, после того как что мы подписали?",0,Syntax
"Сколько адреса станции источника содержится в исходном кадре, поэтому станция-получатель знает, кому нужно послать ответ.",0,Hallucination
У нее седые волосы.,1,0
У меня есть для вас одно приятное известие.,1,0
"Здесь пока тщательно не оденешься, из дому не выйдешь.",1,0
Он сегодня здесь в три часа был.,1,0
"Среди популярных достопримечательностей, доступных пешком оттуда, находятся Augustusplatz и Opera House и Музей изобразительного искусства.",0,Syntax
На скамейке рядом со мной сидел какой-то военный.,1,0
"Опубликована дата объединения бирж Женевы, Базеля и Цюриха в единую швейцарскую биржу SWX Swiss Exchange.",1,0
Афанасьевна и Софья стояли вблизи и слушали.,0,Semantics
Его внимание остановилось на небольшой картине в углу.,1,0
"Я тебя увезу на край света, будем жить у моря, солнца, путешествовать.",1,0
Я за тебя и смерть приму.,1,0
Всякий школьник знает теорему Пифагора.,1,0
Мы недалеко от вас.,1,0
"Студентам, самим хорошо знающим эскимосский язык, не разобрать здесь ни слова.",1,0
Я у вас ручку брала.,1,0
Что он на это сказал?,1,0
Учитель попросил учеников учить языки потому что XXI век несет угрозу старому миру и новому сознанию.,1,0
"В Киргизии девочка вышла в очередной раз, несмотря на попытки матери получить гражданство.",0,Hallucination
"Она ожидала, что родители похвалят ее.",1,0
Ну что ему сделается?,1,0
"Она выдержит, она, женщина, многое выдержит.",1,0
Она живет в маленьком городе поблизости от Курска.,1,0
"Занимаясь определённым делом, оно начинает хорошо получаться.",0,Syntax
Супруги из Канады назвали дочь в честь любимой собаки канадцами собачки по имени Шарик .,0,Hallucination
Белинский принял этот роман с восторгом.,1,0
Этот реальный мир сейчас не существовал для нее.,1,0
Он представлял Индию в ООН.,1,0
Каждый редактор читает по рукописи.,1,0
Пробовал кликнуть жену — ни одного звука не вырвалось из его гортани.,1,0
Лена собиралась пообещать мужу больше не ездить туда одна.,1,0
Почему бы твоим друзьям обоим не прийти.,1,0
"У нее есть способности, но способным человеком в целом ее не назовешь.",1,0
Он рискует остаться один.,1,0
Бигашский сельский округ войдет в состав Сельского поселка.,1,0
И именно в это самое время в нем возникло какое-то чувство беспокойства.,1,0
"Многие театралы считают, что главное в спектакле — это режиссёрский замысел, который усилиями всех участников процесса создаёт новую сценическую реальность.",1,0
"Он первым описывал форму млечного пути и предположил, что слабая туманность - это далекие галактики.",1,0
Ванин приход не обрадовал нашу маму.,1,0
Реорганизации не было проведено в срок.,0,Semantics
Вчера президент имел неофициальную беседу с голландским послом.,1,0
"Автобус, безусловно, остановился неожиданно.",1,0
Соната была сыграна пианистом самим для себя.,1,0
"Я считаю, когда ты принял решение сесть за руль пьяный, ты уже преступник.",1,0
Художественная гимнастика — один из самых эффектных и красивых видов спорта.,1,0
"Я не воспринимаю его как крупного ученого, хотя и знаю, что он крупный ученый.",1,0
Замужество решило ее жизненную проблему.,1,0
"Все, кто пробовали савойское фондю, считают, что французы знают толк в еде.",0,Syntax
"Читая книги писателя-фантаста Ивана Ефремова, понимаешь, что насколько экспедиционный опыт помог ему в продумывании сюжетов произведений.",0,Syntax
Мы сейчас проезжаем Аникеевку.,1,0
"Зерно падает в землю, чтобы взойти в виде растения.",1,0
"В воздухе почуялась свежесть; по дороге вились крутящиеся ветерки, которые обыкновенно предшествуют грозе.",1,0
Я не читаю газет.,1,0
"Вот эта девушка, что я влюблен.",1,0
"И живи потом со своей правдочкой, пока заживо не сгниёшь, мучайся.",1,0
Благодаря использования инновационных технологий заметно повысилось качество выпускаемой продукции.,0,Syntax
"Мне не нравится то, как они живут.",1,0
"Надрывая голосовые связки, она неустанно не взывала к коллегам по съёмочной группею.",0,Semantics
Английский язык является языком мира.,1,0
"Опера Д. Д. Шостаковича «Леди Макбет Мценского уезда» — это два с половиной часа непрерывной музыки, почти нестерпимой в своём драматизме.",1,0
Книга была с особой целью куплена студентом у букиниста.,1,0
"Я полагаю, что афганские беженцы вообще не должны появиться на нашей территории.",1,0
Этот период закончился восстанием императорской династии Цинь и последующей очищением разногласий.,1,0
"На данный момент смартфоны находятся в разработке, и их конструкция может претерпеть изменения.",1,0
"Ашот лежал около меня, спал.",1,0
"Мать считает, что еще один такой выкрик, и его выгонят.",1,0
Я поставил чемодан около себя.,1,0
У меня в памяти остался лишь небольшой отрывок из этого стихотворения.,1,0
"Федеральная торговая комиссия в Калифорнии отказалась от иска к компаниям, владеющим подобной комбинацией.",1,0
"Не понимаю, как я здесь очутился.",1,0
Том старается изо всех сил.,1,0
"Был еще Брутенц и киевский секретарь обкома, не помню фамилии, его жена и другие.",1,0
Окно было открыто час назад.,1,0
Для верности еще раз повернул ключ в замке.,1,0
"Она хотела что-то сказать, но голос отказался произносить какие-нибудь звуки.",1,0
Против наибольшей стороны разностороннего треугольника лежит наибольший его угол.,1,0
"Выйдя из переговорной, Радмиле многое показалось странным.",0,Syntax
"Название в фильме, которому Ли хотел высмеять после нападения на ""Hawken"", ушел из жизни за несколько лет назад.",0,Hallucination
Для каждого растения существует оптимальный состав минеральных и органических элементов для роста и развития.,1,0
"Лицо ― длиннее, чем надо, а тело ― короче.",1,0
"У меня сосед есть, — сказал Троекуров, — мелкопоместный грубиян; я хочу взять у него имение — как ты про это думаешь?",1,0
"Я представляю, как дедушка сидит в лесу над костром, зажаривает куски буйволятины и ест.",1,0
Очередной день принес обозу приказ комбата занять-таки больницу.,1,0
"Как выяснилось впоследствии, подлодку заметили с гидроплана.",1,0
Ты хоть раз вешал эту карту?,1,0
У Маши есть ее брат.,1,0
Все шесть читателей журнала рекомендовали игру для ознакомления.,1,0
Около сторожки дорога поворачивала направо.,1,0
Я отдала ему твой свитер.,1,0
"Подле Кутузова сидел австрийский генерал в странном, среди черных русских, белом мундире.",1,0
"Анна и Сергей собрался отправиться в горы, чтобы восстановить силы после всего произошедшего и просто полюбоваться красотой природы.",0,Syntax
"Я не знаю, приехала она или нет.",1,0
"Он не знает, приехал ли Иван.",1,0
Он назначил ей прийти в двенадцать.,1,0
Музей в центре Москвы официально открыт 17 мая 1917 года.,1,0
На них сидят и лежат люди в синих больничных халатах.,1,0
Глава Внешэкономбанка стал председателем Европейского инвестиционного совета без права вето (video).,1,0
Его приняли в партию.,1,0
Я купил ее на рынке рядом с метро «Университет».,1,0
"Сусанинская площадь была переименована в ""историческое название"" с 1992 года.",1,0
"На свете счастья нет, но есть покой и воля.",1,0
Иван оставил надежду встретиться с тобой сам.,1,0
"Лягте, пожалуйста, на тахту.",1,0
Она собиралась пообещать пойти попробовать понаблюдать сама.,1,0
Зарубежным коллегам предложили проповерять результаты.,0,Morphology
Я передал ему эти деньги.,1,0
"Фактически он предписывает не брать в первый класс детей, у которых нет регистрации или которые зарегистрированы в другом муниципалитете.",1,0
Хабенский в третий раз стал участником международного форума экономистов.,1,0
"Выясняется, что он здесь.",1,0
Он не хотел ничего делать.,1,0
Я получил 10 рублей за работу.,1,0
"Рассматривая наскальные изображения эпохи каменного века, рисунки могут быть поняты людьми разных национальностей.",0,Syntax
"Решая какую бы то ни было частную задачу, надо думать о языке в целом.",1,0
Российские военные в течение месяца занимались боевой подготовкой и участвовали в строительстве фронтовой дороги.,1,0
Его появление не вызвало замешательства.,1,0
"Новая группа, состоящая из талантливых музыкантов и исполнителей, быстро завоевали любовь публики.",0,Syntax
"Я ждал тебя полчаса, потом ушел.",1,0
Он оказался очень сообразительным мальчиком.,1,0
Вчера в два часа дня иду я по Кузнецкому.,1,0
Руки у него дрожали.,1,0
"Я прочел его, том за томом, на третьем курсе и сразу же, на всю жизнь был захвачен.",1,0
Отказ от игры роняет его в глазах шахматистов.,1,0
Я рисковал потерей своих преимуществ.,1,0
Я взял с него обещание.,1,0
Они решили съездить туда каждый по нескольку раз.,1,0
Инспекторы рыбнадзора продолжают выявлять злостных браконьеров на реках.,1,0
Ты пойдешь завтра к Ивановым?,1,0
"Конечно, и мы, и родители— все беспокоились за то, чтобы успешно сдать выпускные экзамены.",0,Syntax
"Кандидат на пост руководителя отдела технической энциклопедии, членом ГРУСа в составе советского комитета профтехобразования.",0,Syntax
"Он смотрел на меня, словно бы ему что-то было непонятно.",1,0
"Я сказал это, чтобы что-то сказать.",1,0
У меня есть хорошие студенты.,1,0
"Трудно себе представить, чтобы власть так легко отказалась от использования СМИ в своих целях.",1,0
"Есть проблемы и в самом игорном бизнесе, о чем звучало в выступлении Иванова.",1,0
"Я почувствовал, что он несомненно устал.",0,Semantics
"Я невольно стиснул рукоять моей шпаги, вспомня, что накануне получил ее из ее рук.",1,0
Платье у ворота скреплено булавкой.,1,0
Мне стыдно было напрашиваться на какое бы то ни было внимание к себе после более чем двух десятилетий молчания.,1,0
Ему не до разговоров.,1,0
"Он понимает, что она права.",1,0
"Я не позвонил потому, что хотел увидеть ее.",1,0
"Итак, преодолевая массу каких-то унизительных ощущений, я нырнул в чёрный провал.",1,0
"Я пил кофе, приготовленный барменом и в который добавили сливки.",0,Syntax
"Вера Корнильевна вышла и увидела, что прямо на полу около запертой каморки старшей сестры, близ большой лестницы, вытянулся долговязый мужчина в сапогах.",1,0
"В конце концов это было просто юношеское предчувствие, сладкие туманы, но Ганину теперь казалось, что никогда такого рода предчувствие не оправдывалось так совершенно.",1,0
"Пиросмани усмехался: эти двое молодых людей думают, что где-то на земле для него есть место, и есть круг людей, который он имеет право назвать своим.",1,0
"Там уверены, что Лужков как политик не должен дожить до президентских выборов 2000 года.",1,0
"Кому ты хочешь, чтобы я дал по шее?",1,0
Около 12% сельскохозяйственной территории Канады находится в Манитобе.,1,0
У Федорова имеются последователи.,1,0
Ваше отсутствие не тормозило работы.,1,0
"Ядерные испытания ни в России, ни в США не прекращались.",1,0
Ну что мне за диковинка кабан!,1,0
Нам было не разрешено принимать посетителей после 6 часов.,1,0
"Это движение, началось как-то самопроизвольно, почти стихийно, снизу, без какого-либо давления со стороны администрации.",1,0
Я решил дать вам дело №126 на доследование.,1,0
"Все было тихо, и только где-то вдали шумели поезда.",1,0
"Причем в случае, если возникнут какие бы то ни было экономические проблемы, виноват будет Кудрин.",1,0
Она всегда душится какими-нибудь необыкновенными духами.,1,0
"Сколько ты хочешь, чтобы тебе заплатили?",1,0
Иван поехал на конференцию в Марокко.,1,0
"Вследствие этого решено было летом уехать всей семьей в Самарские степи, где у папа было имение.",1,0
Последнее может достигать расстояния в 1 AU от звезды и является сильно плоским и наблюдается на крае.,0,Hallucination
Кое-кто на лекции присутствовал.,1,0
Мой зубной врач пришла.,1,0
Я стоял возле пирога с капустой и облизывался.,1,0
У него было какое-то странное выражение лица.,1,0
В этом разделе нет ничего для отчета.,1,0
Этот закон был принят в 1944 г.,1,0
"В одном только дедушка не последовал примеру большей части помещиков, живущих на покое: он завелся всем дворянским хозяйством, только не выбрал себе по сердцу хозяюшки.",1,0
Он нашел по крайней мере двух желающих.,1,0
Он имел к ней доверие.,1,0
"Облако Оорта вокруг Солнечной системы было первым постулировано Эрнстом Эпиком в 1932 году в 1960 году, независимо представил Яном Оморе.",0,Syntax
"И пользовались этим учебником арифметики, астрономии, физики и навигации полвека, пока один из учеников Леонтия Филипповича не написал новый.",1,0
"Если бы не банкет, он бы так тщательно не оделся.",1,0
В географическом смысле Малая земля не существует.,1,0
"Мне казалось, что он по-прежнему молод.",1,0
"Шеварднадзе проезжал по улицам Тбилиси стремительно, его автомобиль с четырех сторон облепляли (сам видел) машины охраны.",1,0
Многим людям может понадобиться помощь в вычислении.,1,0
Он не пропьет все деньги.,1,0
"И каждый раз, когда раздавался какой-нибудь звук, даже самый слабый, старуха вздрагивала.",1,0
"Сначала на поле Аустерлица князь Андрей осознал все ничтожество своего стремления к славе, а после понимает необходимость жизни для других.",0,Syntax
"Машину занесло на повороте, развернув поперек шоссе.",1,0
В первом же сражении он обнаружил свою отчаянную храбрость.,1,0
"Идет снег, так что холодно и так что не хочется идти гулять.",0,Syntax
Сознание обывателя исключает какую бы то ни было симпатию к олигархам вообще и к Михаилу Ходорковскому в частности.,1,0
Ближний этот был Ноздрев.,1,0
ARMAT работает с 1984 года.,1,0
Сторож наполняет бассейн водой.,1,0
"Наполнив ящик и вытащив его из комнаты, тут же появился новый ящик, который тоже надо было наполнить.",0,Syntax
"Наклонись ко мне, я тебе кое-что скажу.",1,0
Лесные рыжие муравьи приносят неоценимую пользу человеку.,1,0
"Все, кто бывал в небольших городах Италии, видел каменные мосты, заросшие плющом, обветшалые старинные мраморные фасады зданий, мерцание позолоченных куполов.",0,Syntax
В США завершилась антисахарная кампания против алкоголя.,1,0
Она была в стороне от каких-либо интриг.,1,0
"Все было тихо, и только где-то вдалеке шумели поезда.",1,0
Его статью приняли в журнал «Филологические науки».,1,0
Вскоре мы сможем отправить вас в тюрьму.,1,0
Дель Рио сильно избил Родригеса.,1,0
Он не завязал ногу.,1,0
"Он видел невдалеке большую деревню, раскинувшуюся по обеим сторонам озера.",1,0
В Москву приехал с семьей Солженицын.,1,0
Верховный суд может обязать президентов Украины и РФ подписать соглашение об осуждении Януковича.,1,0
"Она уже устала, а ведь нужно еще рыть яму метровой глубины.",1,0
Сильно этот поезд не опоздает.,1,0
Звезд на погонах не блестело.,1,0
Вчера я была у мамы и получила от нее эту книгу.,0,Semantics
"Отец пообещал, что по прибытию из командировки непременно расскажет во всех подробностях, что видел за границей.",0,Syntax
"Он слишком самолюбив, чтобы хоть немного беспокоиться о том, что с тобой.",1,0
"Он думает, его за это похвалят.",1,0
Дом назначен на слом.,1,0
"Хочу, чтобы, если вы захотите, то вам все показали.",0,Syntax
Иногда каждый человек может так поступить.,1,0
Им выдали сетки защищаться от комаров.,1,0
Деталь постоянно имеет отверстие.,0,Semantics
У него есть некоторая фантазия.,1,0
По крайней мере четыре ученика что-нибудь прочли.,1,0
Я получил его донесение только вчера.,1,0
"Адам слишком устал, чтобы делать какую бы то ни было домашнюю работу.",1,0
Лена просила мужа не ходить ночью одному.,1,0
"Законы России отражают идеи автократии, и введение Конституции привело бы к их ограничению.",1,0
Он снял шляпу с гвоздя.,1,0
Иван вчера не позвонил.,1,0
Этот по был очень тяжелым.,0,Syntax
У тебя очень красные щеки.,1,0
"Ни в поле, ни в лесу никого не было.",1,0
Студент не смог ответить на вопросы о проделанной работеи промолчал на эту тему.,1,0
Кровельные работы Сергеев возьмет на себя.,1,0
В этом доме Пушкин когда-то читал «Бориса Годунова».,1,0
"Я не сказал, что это я придумал.",1,0
"Сигэнори, один из обозримых сподвижников Хидэёси, две ночи назад получил приказ один внедриться в крепость.",1,0
"Я пошёл по стопам отца на специальность, по которой я не знаю, как он работал.",0,Syntax
"И пошлите кого-нибудь к Фу Чану, чтоб захватили несколько пар туфлей.",0,Morphology
"Ночь последовала за днем без промежутка, как это бывает на юге.",1,0
Ему не нужен какой-либо совет.,1,0
Давно мы вас в нашем захолустье ждем….,1,0
"Студенты, сами хорошо знающие эскимосский язык, не смогли разобрать здесь ни слова.",1,0
"Мне было неприятно помогать кому-нибудъ из них, но я все-таки помогал.",0,Semantics
Альфред не не любит современную музыку.,1,0
Я не обвиняю Джона в национализме.,1,0
"Все, кто сегодня пришел на встречу с писателем, остался доволен интересной беседой.",0,Syntax
"Он прав, я думаю?",1,0
"Я хочу, чтобы они зайдут, когда ты спрячешься.",0,Syntax
Она смотрела вдаль усталыми глазами.,1,0
"Тут именно танцевалось в простоте сердец, чтоб веселиться и даже беситься.",1,0
"Говоря о богатстве языка, в аудитории началась дискуссия, продолжавшаяся до позднего вечера.",0,Syntax
Около села Покров наша машина вдруг испортилась.,1,0
На дне Марианской впадины найдены три неизвестных судна США.,1,0
Петя стучал ей в окно.,1,0
"Тем эффектнее представилось зрелище в центре цеха легкий, пушистый сноп изящно мерцающих и быстро гаснущих искр.",1,0
Знакомых по дороге нам не встретилось.,1,0
Авто* — принтер пытается подключиться к сети с текущей скоростью сети.,0,Hallucination
"У них есть планы после выборов, или их PR просто плохой?",1,0
Мать убаюкивала ребенка тихим пением.,1,0
"Он не решил, куда поедет.",1,0
Президент не может быть переизбран.,1,0
В результате всех пережитых страданий его лицо приобрело какое-то жесткое выражение.,1,0
Сторож наполнил бассейн водой.,1,0
Их целью было сократить польскую территорию на две части и парализовать польские попытки организовать линию обороны к востоку от реки Буг.,1,0
Ни одной травинки не было примято.,1,0
"Семейных конфликтов здесь не бывает, соседские распри крайне редки, люди по отношению друг к другу неизменно доброжелательны и отзывчивы.",1,0
"Вторую половину группы составляли громкоголосые, ярко одетые девицы, все без исключения сильно накрашенные и с наращенными ногтями.",1,0
Но почему-то он не сообщал этих мечтаний своему другу.,1,0
В лесу около нашей деревни много грибов.,1,0
"Каждому времени нужен как свой летописец в области исторических событий, так и быта и уклада.",0,Syntax
Не вижу оснований так поступать.,1,0
Она не могла собраться с духом ответить что-нибудь.,1,0
"Конфеты съел Петя, хотя купила их Маша.",1,0
От кого вы получили эти сведения?,1,0
"Знаете, лучше с ним не связываться.",1,0
"Я-то как раз за то, чтобы мужчина был мужчиной в доме, просто жизнь меня заставила делать все самой.",1,0
Иван не может переплыть Москва-реку.,1,0
Он не будет утомлять тебя разговором.,1,0
Мы с вами долго не увидимся.,1,0
Это влияет на любые инициативы сдвига во всякую сторону.,0,Semantics
"Куда ты не знаешь, как добраться?",1,0
Влагой и весенней прелостью пахло у ручейка.,1,0
"Косуля—очень пугливое животное, и встретить его удается очень редко.",1,0
Я похож с братом.,0,Syntax
Новый проект удивил нас кое-какими интересными деталями.,1,0
"Игоря душили полиэтиленовым пакетом, пока он не терял сознание.",1,0
"Ему приказано отступать, и он отступает.",1,0
Вагоны шли привычной линией.,1,0
"Одним из моих любимых поэтов, написавших поэму о лишённых зрения зодчих, был Д. Кедрин.",0,Syntax
Станция находится в 100 метрах отсюда.,1,0
"Надо бы как-то об этом подумать, как-то осознать это!",1,0
"Марья Ивановна, следовавшая глазами за всеми ее движениями, испугалась.",1,0
Советую тебе пойти к врачу.,1,0
"Если бы он резко не затормозил, произошла бы авария.",1,0
Букинист по моей просьбе продал книгу студенту.,1,0
Я поговорю с ними со всеми.,1,0
Предоставьте мне возможность самостоятельно подготовиться к собеседованию.,1,0
"Поедет она с тобой, дожидайся!",1,0
"Он оставил сына в деревне, а сам уехал в Ленинград.",1,0
Политика тебя не волновала.,1,0
"На галерее какой-то смятенный гражданин обнаружил у себя в кармане пачку, перевязанную банковским способом и с надписью на обложке: “Одна тысяча рублей”.",1,0
Люди не любят правду.,1,0
Я exhausted после этого долгого путешествия.,0,Hallucination
Ваша организация не выполнила гарантийные обязательства.,1,0
Мужиков в деревне не осталось.,1,0
На металлургическом заводе в Брисбене начинается забастовка грузчиков и упаковщиков вагонов.,1,0
Она часто о чем-то мечтает.,1,0
"Этот порыв откровенности, вместе с другими мелкими событиями, имел для него и всей семьи его огромные последствия.",1,0
Приказ отступать был отдан солдатам командиром.,1,0
Я очень рад встретиться с вами.,1,0
Он был утешен чем-то.,1,0
Он берет это слово в кавычки.,1,0
Рыбак быстро надел наживку на крючок и забросил удочку в воду.,1,0
Они угрожают убить всех заложников.,1,0
В данный момент мы пролетаем над Аляской.,1,0
"Человек, который родился 19 февраля 1970 года.",1,0
Он рискует попасть за решетку.,1,0
Волосы у затылка собраны в пучок.,1,0
"Невозможность вернуться после войны 1812 года к старым порядкам широко ощущалась в обществе, пережившим национальный подъём.",0,Syntax
Вечно ты его выгораживаешь!,1,0
Для ребенка здесь сыро.,1,0
"Если вы сознаетесь в том, то я вполне буду вознагражден за свой, может быть, слишком длинный рассказ.",1,0
Машину я ему уже покупал.,1,0
Она не могла ничего произнести.,1,0
Демократичный порядок работы конференции способствовал свободному и продуктивному обмену мнениями.,1,0
"Выяснилось, что он здесь.",1,0
У нас нет ничего.,1,0
Я взяла отпуск со следующего понедельника.,1,0
Он выделялся своим умом среди сверстников.,1,0
Я не считаю уместным давать какие бы то ни было указания.,1,0
"С понедельника она идет в школу, каникулы закончились.",1,0
"В то время она была единственной женщиной, работающей на мраморном дворе студии.",1,0
"Рита сказала, что не помнит телефона.",1,0
Почтальон приходил в 8 утра.,1,0
Кого-то не бежало по аллее.,0,Syntax
"Готовясь к устному выступлению, понадобится личная убеждённость оратора.",0,Syntax
"Напрасно вы думаете, что вы здоровы, у вас катар верхних дыхательных путей.",1,0
Ваня не решил задачу.,1,0
"Фигурки шахмат были костяными, очень дорогими, то ли из слоновой кости, то ли из самого мамонта, и Костя очень дорожил ими.",1,0
В путь-дорогу дальнюю я тебя отправлю.,1,0
Во сколько ты обычно встаешь в субботу?,1,0
Берлиоз обнаружил солидную эрудицию.,1,0
Детям не было где спать.,1,0
"Этот вид мудрости находится в руках каждого из нас, если только мы начнем обращать внимание.",1,0
Этот человек — его сослуживец.,1,0
Она долго звала сына домой.,1,0
"Танк, получив большое количество пробоин, был подожжен.",1,0
С Вами говорит ученый секретарь Института точной механики.,1,0
Нужного лекарства в аптеке не нашлось.,1,0
У всякого равнобедренного треугольника биссектриса угла при вершине является осью симметрии.,1,0
Он хочет жениться на француженке.,1,0
Он выбирает смирную лошадь.,1,0
"Его родители познакомились, когда учились в Московской консерватории.",1,0
"Конечно, настроение это, мягко говоря, не улучшает.",1,0
"Читая романы Дюма, пробуждается интерес к изучению зарубежной истории.",0,Syntax
Я никогда не думал так и столько о какой-либо женщине.,1,0
"Гость молчал, и хозяин тоже молчал.",1,0
В этом году она снималась в сериале молодые варшавянки.,1,0
Оправдываться мне не в чем.,1,0
Спортсмен еще не отдохнул.,1,0
"Я накормлю, уходи скорей.",1,0
"Кто, как не классики литературы, должны быть авторитетом в плане владения русским языком?",0,Syntax
"Напротив, здесь жил дух свободы, и это чувствовалось всеми.",1,0
"Вдруг решетка беззвучно поехала в сторону, и на балконе возникла таинственная фигура, прячущаяся от лунного света, и погрозила Ивану пальцем.",1,0
"Статья подписана ""Иван Петров"", и я знаю, что ты сам ее написал.",1,0
"Или вынырнет откуда-то автомашина, бежит рядом с поездом, перед ней прыгает светлое пятно от фар.",1,0
"Обвинив во всем сотрудников, он одного уволил, а другому объявил выговор.",1,0
"Он ищет кого-нибудь, кто бы мог ухаживать за его больной матерью.",1,0
"Вспоминаю выступление фронтовой концертной бригады, состоящее из артистов Мурманского драмтеатра.",0,Syntax
"Статья 48, часть первая - о защите прав потребителей товаров и услуг.",1,0
"Его одежда была неизменно демократичной, почти бедной.",1,0
"Скрывая Стефана у себя в доме, она рискует жизнью.",1,0
Я принес цветы для и обаятельной девушки.,0,Syntax
Я не понимаю его.,1,0
"Страны согласились основывать свои обсуждения на документе, разработанном в Группе друзей председателя (ГФК) во время межсессийного периода.",1,0
Он сегодня пришел на работу вовремя.,1,0
Так что я не собиралась никуда уезжать.,1,0
"Он умер давно, больше столетия тому назад.",1,0
"Сын, он описан мною в очерке «Артист лопаты», был хуже, чем всякий блатарь.",1,0
Мы будем жить в доме близ Елисеевского магазина.,1,0
По приезду все собрались у костра: пили горячий чай и обменивались впечатлениями о посёлке.,0,Syntax
Ты должен был поговорить с кем-нибудь из них.,1,0
"Сомневаюсь, что она знает какие-либо детали.",1,0
"Отвечая ей небрежно, ты рискуешь потерять ее доверие.",1,0
Этот процесс никто не исследовал.,1,0
"В браке родились девять детей, шесть мальчиков и три девочки.",1,0
Я ждал его с двух до трех.,1,0
Внешний аудитор постоянно смотрит на финансовую отчетность организации.,1,0
"Постепенно она перестала к разнообразным и странным событиям как бы то ни было относиться, а лишь наблюдала и иногда соучаствовала.",1,0
Никто не превосходит римлян в доблести.,1,0
Скоро он не пришел.,1,0
"Оба вымокнув под дождем, они добежали до станции.",1,0
Но как пробить дыру в стене?,1,0
Я тебя не перебил?,1,0
"Маша, он видел, была бледна.",1,0
"К нему-де со стороны городов Балашова и Калача продвигаются чехословаки, а потому, мол, «вы разъезжайтесь из Саратова», просил нас докладчик.",1,0
"Перед началом наступления ему нужно было поговорить с Фабием, одним понимавшим, как надо воевать с Ганнибалом.",0,Syntax
Инициативная группа собрала подписи граждан под обращением в защиту природы.,1,0
Он не в Париже.,1,0
У него нет избранных правительственных органов.,1,0
"Приверженцы фэншуй верят, то что можно создать гармонию в жизненном пространстве, управляя потоками энергии.",0,Syntax
Иван не отправил письмо.,1,0
Она взяла его под руку.,1,0
Он надеялся опубликовать и познакомить читателей со своей повестью до начала следующего года.,0,Syntax
"Она стояла совсем рядом со мной, и я смог внимательно ее разглядеть.",1,0
"Они, если вы захотите, то вам все покажут.",0,Syntax
"Я так устала, что совершенно не воспринимала того, что она говорила.",1,0
Я хочу посоветоваться с кем-нибудь из хороших врачей.,1,0
"Что позволяет большую часть свойств существующих числовых систем приписывать числам, полученным на основе субъективных оценок?",1,0
"Петя, и узнал расписание, позвонил в деканат.",0,Syntax
Какой странной показалась мне его просьба.,1,0
"Скажи, а нельзя постараться, чтобы Сухой Рыбак обидел Ваню как-нибудь иначе?",1,0
"В своих идеях и принципах он остался примером человека, противостоящего какому бы то ни было подавлению большинством.",1,0
"Надеюсь, он хотя бы улыбнется.",1,0
"Включив весёлую музыку, уборка в доме становится приятным занятием.",0,Syntax
Символическая власть есть власть творить вещи при помощи слов.,1,0
Назначили ему пенсию в 5 тысяч.,1,0
Ее рука доверчиво на его плече.,0,Semantics
В этот момент окно было открыто и мы наслаждались прохладой вечера.,1,0
У него хватило ума не касаться этого вопроса.,1,0
Быть убитому лекаpством – в наше вpемя уже не смешно.,1,0
"Заедь завтра ко мне, я тебе прочту.",0,Morphology
Он объясняет начальству свое отсутствие.,1,0
Где-то за спиной раздался воинственный клич атамана и дробный цокот копыт.,1,0
Каждый цветок может покинуть своё место спустя несколько лет.,0,Semantics
"Если мысленно проследить обратный путь метеоров, то оказалось, что все они вылетают из одной области неба — созвездия Персея.",0,Syntax
"Студенты, сами сведущие в эскимосском языке, не смогли разобрать здесь ни слова.",1,0
"Тут Паша Эмильевич, обладавший сверхъестественным чутьем, понял, что сейчас его будут бить, может быть, даже ногами.",1,0
Драка еще не началась.,1,0
"Я был наказан за проступок, совершённый неделю назад.",1,0
"Смотрел во всех углах, но ничего не нашел.",1,0
Сообщение с ней только по пешке.,0,Hallucination
Что она там делает?,1,0
Лестница и под лестницей было подметено.,0,Syntax
Ему дали кличку «попугай».,1,0
Весь год я ходила туда.,1,0
"За что он ненавидит Лаевского, а тот его?",1,0
Я взяла лыжи напрокат.,1,0
Эта задача имеет решение.,1,0
"Затмение прошло, и я опять ясно понимал суть происходящего.",1,0
"В последние годы Ливонской войны Ладога была одной из передовых крепостей, в задачу которых было отражать нападения шведов.",0,Syntax
Секретаря на месте не оказалось.,1,0
"Но при этом, конечно, у нас есть не очень образованные, мягко говоря, лица в правоохранительных органах, которые используют эту ситуацию так, как хотят.",1,0
В чем они сознались?,1,0
Обсуждать что бы то ни было всерьез становится практически невозможно.,1,0
"Любая болезнь имеет свой корень, и если мы попытаемся перечислить их здесь, мы можем сделать справочник по альтернативной медицине.",1,0
До 1990-х годов аэродром носил кодовое название «Пicture» (ранее — «Конституция»).,0,Hallucination
"Члены должны быть частью оси, но эту команду можно применить либо к оси ряда, либо к оси столбца.",1,0
У него в отделе есть хорошие биохимики.,1,0
Вот пошел Иван в лес.,1,0
"Он не такой человек, который женился, тем самым огорчив свою мать.",1,0
"Здесь недостаточно места, чтобы заседать.",1,0
Я давно не брился.,1,0
"Насколько я понимаю, он прав?",1,0
Разницы между ними не усматривается.,1,0
"Ты, наконец, передал ему мою книгу?",1,0
Иван не понимает мое желание загорать голой.,1,0
"Гулко пришлепывая сандалиями, взвилась на дороге пыль.",0,Syntax
Девочка из соседнего подъезда поступила в МГУ.,1,0
Вина за проигрыш лежит на тренере.,1,0
Он выбирал сотрудницу по анкетным данным.,1,0
Я разбирал нечто похожее в прошлом году.,1,0
Иногда я любуюсь на старую фотографию.,1,0
Billboard набрал рекордный количество участников чарты в течение недели от 11 марта 2006 года.,0,Syntax
"Брюсов на чердаке своего дома учился стрелять из револьвера, если забастовщики придут грабить.",0,Syntax
"Я забыл, что у Маши сегодня день рождения.",1,0
"Если он отказался, то уже пожалел об этом.",1,0
Врач будет ровно в шесть.,1,0
"Вероятно, в Анне было что-нибудь особенное, потому что Бетси тотчас заметила это.",1,0
Она смотрит на него и бледнеет.,1,0
Я сначала ему не поверил.,1,0
"Он понял, что она согласилась.",1,0
Уберите этого в кепке.,1,0
Егерь косил глазом на соседа.,1,0
В коробочке лежало что-то белое.,1,0
Он не был дома два дня.,1,0
"Лидер, вокалист, автор песен группы The Cars стал известным мировым лидером.",1,0
"В ракету ""Протон"" помимо разгонного блока вместе с головной частью был помещён еще один топливопровод.",1,0
Я так и уснул в ту ночь с чувством жестокой вины перед Рыжиком.,1,0
Близ шлагбаума стоит деревянный домик.,1,0
Соседние стромальные клетки (фибробласты) также размножаются.,1,0
Я приняла ваши извинения.,1,0
Каждого из них кто-то видел.,1,0
"Что касается меня, то я ухожу.",1,0
Тогда она была маленькой девочкой.,1,0
"В качестве примеров были приведены случаи, о которых, кажется, что где-то я уже читал.",0,Syntax
"Затопления от наводнений заторного типа, которые мало зависят от уровня водности года, следует ожидать в апреле и в мае.",1,0
Игровое поле для волейбола должно быть прямоугольным и симметричным и включать площадку для игры и свободную зону.,1,0
"Некоторые члены этой группы действительно существовали, а остальные придуманы.",1,0
В составе московского клуба ГК Веленье выиграл чемпионат Словении.,1,0
"Если он отказался, то он уже пожалел об этом.",1,0
Командир ввел обычай сам принимать все доклады.,1,0
"Будь вы повнимательней, ошибка была бы исправлена.",1,0
Том и Мэри раньше были друзьями.,1,0
Ты хочешь со мной поговорить о деле.,1,0
Она вынула из сумки деньги и протянула их продавцу.,1,0
"Поварня, какой, право, и в Петербурге не у всякого большого барина увидишь.",1,0
Он сидел две минуты.,1,0
"Он пришел не потому, что соскучился.",1,0
Он дал очень какой-то ответ.,0,Semantics
Пианист сыграл сонату сам для себя.,1,0
Не хочется как бы то ни было его к себе привязывать.,1,0
В воронежском реабилитационном центре оказались беженцы из Сирии.,1,0
Я ударил собаку кошку.,0,Syntax
В России предложили сократить диаметр охлаждающей установки до 300 мм2.,1,0
"По письмам и мемуарам, написанными современниками А. С. Пушкина, историкам литературы с точностью до деталей удалось восстановить день дуэли.",0,Syntax
"А. С. Пушкин был первым среди тех, кто не только признавал, а также поощрял литературное дарование Н. В. Гоголя.",0,Syntax
"Этот игрок был куплен «Реалом», чтобы избавиться от нынешнего вратаря.",1,0
"Вообще-то я сейчас работаю над проектом, но сегодня я решил немного отвлечься.",1,0
"Главные лица и соучастники сразу же метнулись в сторону, и вся вина легла на одного Климова.",1,0
Я воспринимаю ее только как красивую женщину.,1,0
Петя стучал в окно.,1,0
"Воланд, по своему обыкновению, находился в спальне, а где был кот –– неизвестно.",1,0
"Ивану Ильичу предложено было место судебного следователя, и Иван Ильич принял его.",1,0
За дисциплинарный проступок работнику завода был вынесен строгий выговор.,1,0
Эта комната имеет пять метров в длину и четыре метра в ширину.,1,0
Бабушка испекет булочки и пойдёт по соседям.,0,Morphology
Ее поклонник как всегда сидел около нее.,1,0
Мне сейчас очень плохо.,1,0
"Ее поклонник, как всегда, сидел около нее.",1,0
Тринадцатая и последная ярмарка была проведена в 1970-1971 годах.,1,0
В комнату вошла молодая женщина.,1,0
"Я показал этот текст студентам, самим специалистам в эскимосском языке.",0,Syntax
"Иногда ты играешь с ней в одной сцене и не понимаешь, что она делает, пока не посмотришь отснятый материал.",1,0
"В этот момент он думает о том, что мы уехали и ему придется теперь жить одному.",1,0
Парочка прилетела на Бермудские острова на следующий день после свадьбы для медового месяца.,1,0
"Там мы задержались ненадолго, решая, стоит ли рискнуть и выехать на поляну.",1,0
"Учитель сказал ученикам, что даже он с трудом понял ту теорему.",1,0
Ребятишки ползают по двору и роются в песке.,1,0
"Господа, поверьте, что я постараюсь быть достойным той чести, которую мне делает Раиса Павловна, избирая меня своим супругом.",1,0
"Для большинства серий, производство в отрасли миндаль в Денвере и Сан-Франциско составило менее десяти миллионов штук в год.",0,Syntax
Не скоро ели предки наши.,1,0
Она одевается со вкусом.,1,0
"Я выслушал ваши возражения, но, к сожалению, я не могу с ними согласиться.",1,0
Озеро у берегов заросло водорослями.,1,0
Сколько радости было в этой встрече.,1,0
Хлеба начало не хватать.,1,0
Кто-нибудъ из них часто приезжал сюда со своими друзьями.,0,Semantics
"Американский, азиатские и австралийские университеты поддерживают журнал Pacific Journal of Mathematics (ISSN 000-88530) который разработал ряд математических исследований.",0,Hallucination
"Том спросил Мэри, куда она хочет пойти пообедать.",1,0
Вчера мы получили неприятное известие: едет ревизор.,1,0
Откуда я возьму такие деньги?,1,0
"Сначала таблетки глотай, потом молока дам.",1,0
Я буду работать с тобой.,1,0
"Поскольку поле нестабильности угрожает погрузиться в комнату Ниссы, за ней появляется дверь, и пятый доктор говорит ей пройти через нее.",1,0
"Мне давали квартиру совсем близко от химического завода, и я отказался.",1,0
"А под интеллигентностью разумеют не честность и порядочность, а умение есть ножом и вилкой.",1,0
Некоторые книги он прочел.,1,0
Марта смотрела на собор.,1,0
Она дала своему сыну прекрасное воспитание.,1,0
Я позволила ей жить в моей комнате.,1,0
Мои знакомые хотели прийти все.,1,0
Его жена руководит аспирантом.,1,0
Книга была принесена мальчиком.,1,0
"Гигантскими плодами помидоров мы обязаны генетическими мутациями, затрагивающими систему управления стволовыми клетками растений.",0,Syntax
Отец и дед Тетюева служил управителями в Кукарском заводе и прославились в тёмные времена крепостного права особенной жестокостью по отношению к рабочим.,0,Syntax
Из-за раскрывшихся губ показался ряд блестящих зубов.,1,0
"Я не могу остаться после уроков, у меня бабушка.",1,0
Британскому математику Чарльзу Мэнсфилду присудили нобелевскую премию в 1901 г.,1,0
"Я бы даже не сразу узнала Тусю, если бы уже не видела ее раньше на этой кровати.",1,0
В каждом озере плавало по утке.,1,0
Вася похож на Петю по характеру.,1,0
"Я считаю недопустимым жить так, как они живут.",1,0
Мальчики оказались каждый на своем месте.,1,0
"Битти получил информацию об отсутствии у ""Роона"" три американских крейсера, за которыми следили вокруг него еще два корабля.",0,Syntax
Она уже задумывается о будущем.,1,0
"Он не дает привилегий, он дает лишь возможность бороться за обновление нашей школы не порознь, а вместе.",1,0
Это обнажило суть явления.,1,0
"Есть люди, которые не любят правду.",1,0
"За легкой стеной палатки, прямо возле моей головы, начиналось гречишное поле.",1,0
Стаканы будут ставить в шкаф.,1,0
"Совещание по изменению плана работы менеджер проекта назначил на пол-одиннадцатого и предупреждал, чтобы не опаздывали.",0,Syntax
"Может и ему ни к чему ее воскресные, скажем, завтраки.",1,0
Не получилось у нас разговора.,1,0
"Продуктовая политика, как и прежде, будет строиться на двух направлениях: базовые технологические продукты и бизнес-приложения.",1,0
"Вася сказал, что он купил мне какую-то книгу.",1,0
У нас нет дачи.,1,0
Завтра я буду принимать экзамены целый день.,1,0
Откуда она это взяла?,1,0
Дерево было срублено у самых корней.,1,0
"Вечером я дописывал ""Романтиков"".",1,0
У Матвея с детства был звучный голос.,1,0
"Разговаривая с малышом о случившемся, называя вещи своими именами, события утрачивают ореол таинственности, помогая ребёнку осваивать реальность.",0,Syntax
"Железнодорожники рисковали жизнью, защищая пассажира от вооруженных бандитов.",1,0
Камень закрывал вход в пещеру.,1,0
Брат надеется на поступление в университет.,1,0
Телевизор не был в мастерской два года.,1,0
"На тонких ножках качались бутоны гвоздик, ещё до конца не распустившимся.",0,Syntax
Враг поднялся на городскую стену и встретил на ней ожесточенное сопротивление.,1,0
"На смену традиционным пластикам, сохраняемым в окружающей среде столетиями, приходят новые материалы, способные к биологическому разложению.",0,Syntax
Встретимся в сквере рядом с метро «Университет».,1,0
"Башенные конструкции таких типов появились в Германии, Франции и Италии.",1,0
Она принимает ванну уже десять минут.,1,0
Около кресла на небольшом коврике лежала кошка.,1,0
И меня будут жалеть и не будут ругать.,1,0
В России снизились налоговые показатели.,1,0
"Подразделения полка, наступающие по долине, стремятся выйти в тыл противнику, обороняющему высоты, поражая его фланговым огнем своей артиллерии, минометов и пулеметов.",1,0
Хорошо бы он не надел второпях мою шляпу.,1,0
"Она была группой с благодарными мертвыми и предполагала, что в то время у нее был лесбийский опыт.",0,Hallucination
Я сделала его своем помощником.,1,0
"Около рояли стояла высокая лампа под оранжевым абажуром, и свет её падал на ноты, на клавиши, на щёку и волосы игравшей.",0,Morphology
Наша лодка плыла по Оке четвертые сутки.,1,0
Человек смотрит в окно.,1,0
В большой вазе имеются цветы.,1,0
"Посещая галерею современного искусства, меня привлекли работы молодых авторов — выпускников Московского художественного института им. В. Сурикова.",0,Syntax
Надо принимать строго и серьезно эту страшную необходимость.,1,0
Стив Кокс снова в группе по биатлону сменил командный тренер.,0,Syntax
"Некоторые гусеницы окраской и формой так похожи на птичий помёт, вследствие чего птицы предпочитают их не трогать.",0,Syntax
Дядя Федя снова исчез и возник у сарая.,1,0
"Он всегда говорил очень убедительно, но у меня возникали некоторые сомнения.",1,0
Очки лежали около книги.,1,0
Учеников не выступало на концерте.,0,Syntax
На крыльцо вышел небольшого роста коренастый мужичок и приветливо кивнул головой.,1,0
Она передумала задавать им какие бы то ни было вопросы.,1,0
Оштрафованы злостные нарушители правил дорожного движения.,1,0
"Когда философу подтвердили настойчивое желание Остапа, черноглазый старец заволновался.",1,0
"Отними ружье у Антошки, я приказываю тебе.",1,0
Лодка скрежетала цепями о причал.,1,0
"Все, кто видел работу гончара, поражался его удивительному мастерству.",0,Syntax
Том и Мария никогда не были в Бостоне.,1,0
Первое же сражение обнаружило его отчаянную храбрость.,1,0
"Придет он или нет, зависит от ряда обстоятельств.",1,0
Танцевало три человека.,1,0
Ни одна книга была не интересна.,1,0
"Надо объяснить, почему Октябрина превратилась в Кису.",1,0
По кому вы ходите?,0,Syntax
Два часа просил у него покататься на велосипеде.,1,0
"Иван хочет, чтобы Петр пригласил его к себе.",1,0
Первого января я пишу отчет.,1,0
"Каждый раз задаёшь себе вопрос, что может ли быть две правды.",0,Syntax
"Раньше я думала, что он действительно талантливый ученый.",1,0
Он перецеловал всех девушек.,1,0
Я могу что-нибудь для вас сделать хоть сейчас.,1,0
Он позвал меня на свой концерт.,1,0
Это первые в мире исламские супергерои.,1,0
"Вообще, часто так выходит, что людей принимают не за тех, кем они являются в действительности, а за тех, кого они в себе сами видят.",1,0
Она всю дорогу плакала.,1,0
"Статья, которой об этом написано в.",0,Syntax
"Она видится с кем-то из них, но очень редко.",1,0
Я залил картошку водой.,1,0
Я дал ему деньги.,1,0
Ребенок не соглашался из упрямства есть суп.,1,0
"К куску фирменной запеканки, отрезанной в виде треугольника, подали немного мороженого.",0,Syntax
Главный принцип вашей студии ― избегать прямого цитирования какого бы то ни было стиля.,1,0
Распивать спиртные напитки воспрещается.,1,0
Я решил не все ваши задачи.,1,0
"В этой машине есть специальное устройство для того, чтобы регулировать число оборотов.",1,0
Я не имею никакого представления об этом человеке.,1,0
"В Украине создали национальный музыкальный телеканал ""BANDEI"".",1,0
Он основал свой монастырь в Петербурге.,1,0
Он рассаживает студентов в гостиной.,1,0
"Я думаю, что Том должен был остаться в Бостоне.",1,0
В первом же сражении он обнаружил отчаянную храбрость.,1,0
Туда идти было поблизости.,0,Semantics
Том обычно едет на работу на автобусе.,1,0
"Он слышал, что она отказалась.",1,0
"В лета 2008 года вошел во второй раз, побывав на футбольном поле в основном составе.",0,Syntax
А кто покупал билеты?,1,0
"Тем не менее, партия никогда не описывала себя как явно коммунистическую.",1,0
"Я рад, что ты мне рассказала.",1,0
Семья переехала из Лондона после авиаудара по его восточной части 30 июня 1941 года (примечание 2).,1,0
После серии поражений он и остатки фризийской армии были захвачены в 1523 году и перевезены в город Лиуварден в Фризии.,1,0
"Атлантический сезон 2006 года стал менее активным, чем рекордный предыдущий год.",1,0
"Теперь я стала более эмоционально исполнять свои песни, созрела даже для исполнения баллад.",1,0
"Я надеюсь, что он не уедет.",1,0
"Свидетели говорят о двух взрывах, происшедшими в двадцать три часа.",0,Syntax
Боезапас 150 мм орудия в батарее уменьшили почти вдвое за 2 года.,1,0
Анна сидела около него и иногда дополняла что-нибудь.,1,0
У него все было готово для жизни вдали от дома.,1,0
Отсутствие жены президента на вечере журналисты объясняют болезнью.,1,0
"Менеджеры группы уже не знают, как это выглядит.",1,0
"Укутавшись в тёплое одеяло, мне стало тепло и уютно.",0,Syntax
Трава здесь не растет.,1,0
"Авиакомпании адаптировали свою программу лояльности в рамках программы ""Платинум"" к услугам постоянных пассажиров, на фоне которого авиакомпанияы пошли под тарифы Qantas.",0,Syntax
Вани не было за городом две недели.,0,Semantics
Хоть бы он взял с собой куртку и надел бы свитер.,1,0
"Стебли и пистиллы расположены спирально вокруг центрального пика или гинеция; стебли выпадают, а пистиллы становятся самарами.",0,Hallucination
"У бассейнов метались негры в алых повязках, серебряными черпаками наполняя из бассейна плоские чаши.",0,Semantics
Так ты уже пришел?,1,0
"В федеральных магазинах оно и радует, что ценник одинаковый.",0,Syntax
Я нигде не встречал такого безразличия.,1,0
Приём травяных настоев способен повысить сопротивляемость организма инфекциям.,1,0
Каждую субботу он ходит в баню.,1,0
Через 3 часа все были освобождены.,1,0
Фигура 2: Основные логические ворота.,1,0
"Если все они могут это сделать, то зачем приглашать какого-то знаменитого специалиста.",1,0
"Выбирает себе жену обыкновенно в другой станице и чтоб её похитить, пользуется отсутствием ближних и друзей.",1,0
"Министр пригласил журналистов, чтобы ответить на их вопросы.",1,0
Днище лодки скрежетало о камни.,1,0
Какой же я посторонний!,1,0
Множество людей пришло за кулисы.,1,0
Он давно не был в Москве.,1,0
Один случай внезапно подтвердил мои догадки.,1,0
"Конституция Республики Карачай-Черкс, статья 63.",1,0
"Я думаю, вы читали книгу Иванова.",1,0
Прошлый год оказался благоприятным для розничного банковского сектора России.,1,0
"Браун заявил о не верности в обвинения Мардаса, что происходит после него.",0,Syntax
"Если помолится грешник святому небу в это время, то сбудутся все его желания.",1,0
Ты сегодня покупал кожаную куртку?,1,0
"Я думаю, тебе больно идти.",1,0
"Парк обошёл инвесторам 20 миллионов долларов, в том числе 15 процентов финансовых средств предоставило Минтуризма Ирана.",0,Syntax
Ты попросил книгу почитать.,1,0
Герой произведения чувствует себя совершенно одиноким в огромном враждебном мире.,1,0
Под действие закона о рекламе подобные ролики буквально не подпадают.,1,0
Каждое утро новости пополняются еще большем количеством зверств и убийством бессказанного числа невинных людей.,0,Syntax
В этом слове я всегда делала ошибку.,1,0
Не разбивал я чашки.,1,0
На этой неделе в Москве проходит книжная ярмарка.,1,0
"Останавливающий путь - это расстояние, которое проходит автомобиль за время реагирования водителя и время работы системы тормоза.",1,0
Он вынул платок из кармана.,1,0
"Газеты США опубликовали лишь одну версию доклада Мюллера по России ""в розовых тонах"".",1,0
"Путин заявил о нежелании видеть на посту главы Крыма героя ""Кавказской пленницы"".",1,0
Он лег и снял брюки.,1,0
Я сейчас буду писать письмо.,1,0
Я сделал это по его просьбе.,1,0
"Увидев поздно ночью свет в окне Александры, мне стало не по себе.",0,Syntax
В середине 1880-х годов интерес к механизму механизированной обработки дерева привёл его к идее расширения предприятия и внедрение новаторских методов в технологии производства фанеры.,0,Morphology
Долгое время она звала сына к себе.,1,0
Иванов присутствует в классе.,1,0
"Те, кто побывают в армянских горах, заметят, что впалитре пейзажей преобладают вулканические оттенки.",0,Syntax
Ты взяла две бутылки молока или одну?,1,0
"В тот час, когда уже, кажется, и сил не было дышать, никто не пришел под липы.",1,0
"Надо, чтобы жена принесла свое, а муж — свое.",1,0
Кого он только не спрашивал!,1,0
До конца матча осталось 5 минут.,1,0
"К кому ты хочешь, чтобы мы обратились?",1,0
Дров в камине не горело.,1,0
"Поехала она с тобой, дожидайся!",1,0
"Явился Родион с тем, что он называл фриштык.",1,0
"Кандидата в президенты США назвали ""шпионом"" за попытку заменить кандидатов.",1,0
Его и часа не было на работе.,1,0
"Поскольку у меня возникали некоторые сомнения, он всегда говорил очень убедительно.",1,0
Ты купался в горных реках?,1,0
"Это обусловлено влиянием кризиса и, как следствие, увеличением стоимости денег.",1,0
"Обнаружилось, что преступник на свободе.",1,0
Я точно не помню.,1,0
"Он не знает дороги к партизанам,— ответила мать.",1,0
Клюква растет на дереве.,1,0
"Потом пожалел, что не взял собаку.",1,0
Весь год он был очень добр к нам.,1,0
"Гауди — инициатор проведения электричества в соборе, добавляя в его пространство больше света.",0,Syntax
"Мне послышалось, будто он между слов, в разговоре обещал помочь семенною картошкой.",1,0
"Думаю, что и я потерял в тебе самое дорогое, что имел в жизни.",1,0
"Боюсь, что ты не прав.",1,0
"Дюрренматт рассказал о ""неадекватном"" жанре, в котором невозможно отражать современную действительность.",1,0
Какую ты купил машину?,1,0
Павел Алексеевич уже перестал ждать какого бы то ни было ответа.,1,0
"После окончания школы, он принял решение пойти работать на завод, и задумался: ""Пойти на завод кем?""",0,Syntax
Но что-то сильнее смерти не давало ему умереть.,1,0
"Солнце светило поверх холмов путникам в лицо, будто не желая пропускать их в долину.",1,0
"Молодого человека, который стоит у окна, зовут Леонардо.",1,0
"Всадник для порядка пустил ещё несколько стрел и, оставив после себя клубы пыли, скрылся за лесистым холмом.",1,0
Отец обещал сыну привезти игрушки из города.,1,0
Местоположение Эммауса точно до сих пор не установлено.,1,0
"Иван, когда я поступил в институт, очень обрадовался.",1,0
"А как стала платить у кассы, туфли у нее исчезли.",1,0
"Нас увлекали совершенно разные предметы: как химия и биология, также и физика, казавшаяся нам хранительницей всех законов неживого мира.",0,Syntax
Гессен не был виновен в каких-либо преступлениях.,1,0
Мне предложили написать на нее рецензию.,1,0
"Ум мой бессознательно отказывался выводить какие бы то ни было заключения из того, что я видел.",1,0
Консультация назначена –– на пятницу.,1,0
Дорога пролегала через лес.,1,0
"Скажи ей, кто ты такой!",1,0
"Во время второй мировой войны капитан Крулак служил адъютантом у генерала Холланда М. Смита, командующего механизированным десантным корпусом Атлантического флота.",1,0
"Дома, в котором я родился, больше нет.",1,0
"Он опускался на колени на ледяной кафельный пол, бил поклоны.",1,0
"Те, кто добивается в спорте наибольших успехов,становится примером для подражания.",0,Syntax
Завтра мы будем принимать его в члены нашего общества.,1,0
Я не достал билетов на «Щелкунчик».,1,0
Он не хочет ничего слышать.,1,0
"Несмотря на какую боль, Иван пришел на спектакль?",1,0
Кто после Второй мировой войны занимал должность командующего сухопутными войсками Пакистана с 15 августа 1947 по 10 февраля 1948 года?,1,0
Мировые события 1939 года нарушают всю жизнь.,1,0
У него воспаление легких.,1,0
"Стас, например, выучился на парикмахера и очень хорошо стригёт.",0,Morphology
"После лечения пациент получает брошюру с описанием мер профилактики, которые позволят не перезаразиться ему гриппом.",0,Syntax
Я сел у пирога с капустой и приготовился его резать.,1,0
Неожиданно ее заслонили другие события.,1,0
"Он забыл, что сейчас времена другие.",1,0
"Том сказал Мэри, что поцеловал Алису.",1,0
Это известие надолго лишило меня сна.,1,0
Российский центр поддерживает проведение научных исследований и стандартизацию проектов по разработке систем защиты информации.,1,0
Таких сведений у нас не имеется.,1,0
"То, что он недоволен, удивляет меня.",1,0
Новый медицинский препарат стимулирует мозговое кровообращение.,1,0
Он ^жонглировал для полного зала.,1,0
"Мы все были расслаблены, но там не было алкоголя, только 3 друзья гуляли и стреляли в ветер.",0,Morphology
Коля не опаздывает на лекции.,1,0
"Потенциальные инвесторы продолжают выжидать подходящего момента для вложений денежных средств, оценивая наиболее перспективные направления инвестиций.",1,0
Точно я не могу сейчас вспомнить.,1,0
На мгновение у нее появилось острое желание бросить их ему в лицо.,1,0
Петрович провозился с шинелью всего две недели.,1,0
"Самое сильное впечатление тех лет — древний Херсонес, около кото рого мы жили.",1,0
"А этот упрямый осел пусть не показывается мне на глаза, если хочет быть цел.",1,0
Студентов первого курса включи в список!,1,0
Такой странной показалась мне его просьба.,1,0
"Смотри, сейчас наш Иртыш будет впадать в Обь.",1,0
Суд повторно арестовал актрису Ирину Сенотову.,1,0
"Взрыв, причинивший широкомасштабный ущерб, был слышен более чем в миле отсюда.",1,0
"Иван говорит, что в тот момент на дороге показался я.",1,0
"В повести «Капитанская дочка» имеется ряд эпизодов, указывающие не только на жестокость обеих борющихся сторон, но и на их способность к милосердию и великодушию.",0,Syntax
"Я думаю, что эту рукопись взял кто-нибудь из сотрудников.",1,0
Она приняла его под свое покровительство.,1,0
Ее голос до сих пор звенит у меня в ушах.,1,0
Установка не работала три года.,1,0
Я предпочитаю воздерживаться от какого-либо вмешательства.,1,0
"Совершая тысячекилометровые перелёты, восхищает способность птиц ориентироваться.",0,Syntax
"Я принес документы, чтобы мне не быть на суде голословным.",1,0
Том купил это для меня.,1,0
"Из всех задач выбирает самую трудную задачу, чтобы с нее начать.",1,0
За обозом чинно следовали женщины.,1,0
После гибели кормильца семья оказалась в бедственном положении.,1,0
Печка-нагреватель стоила сорок рублей.,1,0
На правой ладони отсутствовали всякие признаки ожога.,1,0
Никакого Беннета в гостинице не останавливалось.,1,0
Всю неделю мечтала об отпуске.,1,0
"Ты хочешь, чтобы я поговорил с Томом?",1,0
"Не скажу, чтобы он мне так уж нравился.",1,0
"Если ты, может быть, занят, скажи прямо.",1,0
"Среди доверчивых людей нередко встречаются те, кто поплатился за свою доверчивость.",1,0
"Возле самого его лица блестели два огромных глаза, и эти глаза пугали и притягивали его.",1,0
Решение превратить подвал в эксплуатируемое помещение было принято первым.,1,0
"Прошло то время, когда сегодняшний день был похож на вчерашний.",1,0
Регистрация была проведена сразу по прибытию участников симпозиума в аэропорт.,0,Syntax
Ребята накупили хороших книг.,1,0
У него в доме имеется плантация марихуаны.,1,0
"Мой дядя восходил на Эверест, может и на эту гору взойти.",1,0
С 28 мая в Москве дорожает бензин.,1,0
В первых же раскопах взорам археологов открылось поразительное зрелище: одетые в шелка глиняные статуи воинов с деревянными руками.,1,0
Ты получил белье в прачечной?,1,0
Почему все на меня смотрят?,1,0
"В фабулу романа включены факты, не только не соответствующие действительности, а также воспринимаемые как просто нелепые.",0,Syntax
"Мне все время казалось, что гора падает, хотя я и знала, что этого не может быть.",1,0
Наша опора на профессионализм и эффективность позволяет нам достичь максимальных результатов для предприятий на стабилизирующем рынке при одновременном сведении к минимуму риска.,1,0
"Продумав распорядок дня до мелочей, учитывалось то, что у меня напряжённый график работы.",0,Syntax
"Размышляя над этой проблемой, мне вспомнился рассказ М.А. Шолохова «Судьба человека».",0,Syntax
Это в начале года руководство клуба увеличило мне зарплату.,1,0
Некоторые члены комиссии не идиоты.,1,0
"Мысль их обнять, увидеть Марию Ивановну, от которой не имел я никаких известий, одушевляла меня восторгом.",1,0
"И тотчас загоготал надо мною Кир, глядел на меня странно как-то, будто издалека, и хохотал.",1,0
"Те, кто в детстве начитались книг Редьярда Киплинга и Джералда Даррелла, мечтают увидеть настоящие джунгли.",0,Syntax
Переговоры по нормализации отношений между Россией и Украиной должны проходить в письменной форме.,1,0
Пойду к маме и попрошу ее дать мне десять рублей.,1,0
Он не видел там никого.,1,0
Я лежал в больнице в прошлом году.,1,0
Рассмотрим типичные векторные волны для электрополя.,1,0
"Я просто сделал то, что вы попросили меня сделать.",1,0
Конференция состоится в Москве на факультете лингвистики.,1,0
"Вообще-то он в институте, но сейчас он вышел.",1,0
"Мы отправим на эту конференцию наши доклады, потому что она для нас была очень важна.",1,0
Он выбрал сосну повыше.,1,0
"Интересно, что Том на самом деле имел в виду.",1,0
"Я попросил Тома сказать мне, чего он хочет.",1,0
"А вот та комната, которую я ищу.",1,0
"Я не могу ехать, у меня бабушка.",1,0
"Все товары, продающиеся в нашем магазине, имеют гарантийный срок обслуживания.",1,0
"Если Иванов вернулся в Москву, он тебе поможет.",1,0
На торжественную выдачу дипломов пришли родственники выпускников каждого по нескольку человек.,0,Syntax
Мы не получили письмо.,1,0
"Я долго сидел у дома, но входить внутрь мне не хотелось.",1,0
Я прошу у вас прощенья за вчерашнее.,1,0
Он видит в этом препятствие.,1,0
Они насилу дошли до конца сада.,1,0
Пять плит перекрытия из гипсокартона смонтированы в одной плоскости благодаря применению сварочных аппаратов.,1,0
Хоббс рассчитывает человека на базе.,0,Semantics
Звуки с улицы не доносятся.,1,0
"Говорят, что он ее чем-то обидел.",1,0
"Буду молчать, пока все не успокоятся.",1,0
"Сначала он предложил им сбежать в среду вечером, но позже решил отложить до четверга.",1,0
Он выбрал сотрудницу по внешности.,1,0
"Она казалась тонкой и худенькой и выше, чем на самом деле, в своей длинной ночной убашке до пят.",1,0
"Таким образом, исследование «Открытый бюджет» оценивает возможности, доступные общественности для участия в процессах принятия национальных бюджетных решений.",1,0
"Это были студенты, сами сведущие в эскимосском языке.",1,0
Встречный ветер мешал идти.,1,0
"Ребенок проснулся потому, что вы громко разговаривали.",1,0
Выразительно и ярко передаёт Достоевский душевные терзания ставшего героя «Преступления и наказания» убийцей.,0,Syntax
"Роте выяснить обстановку, самой не вступая в бой.",1,0
Он давно нам не писал.,1,0
"Напрасно вы думаете, что вы здоровы, у вас нервное расстройство.",1,0
На стене справа висела картина.,1,0
Оперения у совы с тёмными глазами и белым оперением практически идентичны параду курантов на родине автора.,0,Hallucination
Альфред любит современную музыку.,1,0
"В 1985 году часть шведского финансового сектора не регулировались, это привело к крупнейшему кредитному экспансии в последние годы.",0,Syntax
Некоторые сотрудники нашего института имеют международное признание.,1,0
"Автор мемуаров Киссинджер, который, как сообщают, получит за них два миллиона долларов.",1,0
"Приняв ванну, она села завтракать.",1,0
Мы обращаем внимание на некоторые их письма.,1,0
Мальчишка схватился за кувшин и жадно принялся пить.,1,0
"Я один раз ее увидел, хочу еще раз увидеть.",1,0
"Проект, мягко говоря, оригинальный.",1,0
"Это пальто было подбито простеганной ватой, напоминая матрац.",1,0
"И наконец, если вам нужен рабочий телефон в дневное время и мультимедийное устройство ночью, то Nokia N73 идеально подходит для вас.",1,0
"Том думает, что ты врешь.",1,0
Легенда заменила настоящую правду.,1,0
Он берет уроки русского языка.,1,0
Одна женщина подарила яблоко мальчику.,1,0
Если хочешь быть услышан в мире – пой по-английски.,1,0
"О таких, как Дергачев, я вырвал у него раз заметку, что они ниже всякой критики.",1,0
"Я думаю, что это была бы большая ошибка.",1,0
Это комнатное растение отличается эффектной окраской листьев.,1,0
От дяди Олега мне ничего не было.,1,0
Это влияет на любые инициативы сдвига в какую бы то ни было сторону.,1,0
У Юдиной была комфортабельная дача.,1,0
"Зачастую тем, кто пользовались особым доверием, а то и любовью монаршей особы, приходилось работать в поте лица.",0,Syntax
"В 1888 г. здание было разрушено пожаром, город лишился театра.",1,0
Сегодня в далекие страны легко добраться самолетом.,1,0
М. Ю. Лермонтов писал романтические поэмы.,1,0
Белинский отнес донские казачьи песни к жанру исторических.,1,0
Однако его не покидала тревога — как бы легкомысленный зять не набедокурил снова.,1,0
"Отдыхая в кресле, передо мной висит картина ""Март"".",0,Syntax
Кто находил мой кошелек?,1,0
Первая акция по освобождению животных прошла в тот же период времени.,1,0
Советую вам обратиться к врачу.,1,0
Этот сильно был очень тяжелым.,0,Syntax
Я позвоню тебе сегодня или завтра.,1,0
"Так она женщина смирная, но денег вы, пожалуйста, не давайте.",1,0
Он прошел три четверти расстояния.,1,0
"Его инаугурация в качестве первого исполнительного президента СССР, десятая также его Нобелевская премия мира.",0,Syntax
Они каждый день разжигают костер.,1,0
Мне тяжело ни с кем не общаться.,1,0
"Открыв окно, Мартину показалось, будто что-то свистит.",0,Syntax
Мои друзья хотели арендовать прошлым летом под Москвой садовый участок.,1,0
Я люблю отдыхать на Черном море.,1,0
Статистическое управление Норвегии (1983 год).,1,0
"После этого я медленно возвратился в кафе, стараясь читать по дороге газетные витрины.",0,Semantics
"Безрелигиозный максимализм, в какой бы то ни было форме, ведет к деградации общества.",1,0
"Этот Коноплянников был дельным мужиком: не поленился сделать небольшой ремонт – обои свежие, оконные рамы выкрашены.",1,0
"Мы не можем вести дела с компаниями, у которых есть соглашения с секретными положениями и которые неразборчивы.",1,0
"Новый князь Трансильвании, Янош Кемени, бежал в Вену, чтобы получить поддержку Австрии.",1,0
"В общем, думаю, что за тысячу рублей ваш видеомагнитофон отремонтировать реально.",1,0
Я когда-то читал «Бориса Годунова».,1,0
"Учитель указал о том, что в сочинении есть ошибки.",0,Syntax
"Замечу, кстати, что это не первый случай.",1,0
Родственники раздражали его бесконечными вопросами.,1,0
Почему не пригласили молодежи?,1,0
Она покупает несколько квартир.,1,0
Вдали послышалась песнь соловья.,1,0
Я испугался громкого стука в дверь.,1,0
"Он продолжал идти, несмотря на боль в ноге.",1,0
"Думаю, тебе не стоит говорить Тому правду.",1,0
На кухне имеется мама.,0,Semantics
"Взяли и чего-то обрадовались: нацепили бутоньерки, поехали во все места на извощиках, перепились, немного поругались, и всё это с важною миною жрецов науки.",1,0
На его газоне благоухают розы.,1,0
"В выступлении приводились данные, которые, кажется, что где-то частично уже звучали.",0,Syntax
Через два дня я еще не буду в Москве.,1,0
"Незадолго до отпуска мы детально изучили предложения туристических фирм, помещённых в рекламные буклеты.",0,Syntax
"Если бы они разговаривали громко, я бы услышал.",1,0
Список словенских романов «Седьмой свет».,1,0
"С 1772 года он колесил по стране, посещая памятники старины зарисовывая свою память.",0,Hallucination
"Он делает вид, что ему все безразлично.",1,0
По поводу этого последнего открытия тоже возмущались на философском семинаре.,1,0
"В большинстве стран, несмотря на значительное развитие железных дорог, перевес всё еще приходился на сухопутные и водные пути.",1,0
Они читали статью друг о друге.,1,0
У нас в группе много хороших инженеров.,1,0
Вячеслав стоял возле примуса и по обыкновению зубрил что-то.,1,0
Через некоторое время эта сцена исчезла.,1,0
"Опомнившись и схватив рюкзак, ноги понесли Сергея прочь от этой тёмной улочки.",0,Syntax
Очень каким мальчиком он оказался?,0,Syntax
После этого рыба обжаривается хозяйкой.,0,Syntax
Зачем ты покупал эту пластинку?,1,0
"Катер уже стоял возле пристани, слабо были видны его красный и зеленый огни по бортам.",1,0
Приехал директор института член-он.,0,Syntax
"Имена предков, что они не помнят до седьмого поколения.",0,Syntax
"Прославив своё имя глубокими исследованиями болезней и применением вакцин, у меня сложились замечательные отношения со всеми учёными.",0,Syntax
"Благодаря стараний всей команды, нам удалось обойти главных конкурентов.",0,Syntax
Стекла звенели от проезжающих карет.,1,0
У нас нет каких бы то ни было.,1,0
Я не застал Машу у себя.,1,0
Я считала его твоим другом.,1,0
"Он пошел к брату, чтобы узнать что-нибудь о случившемся.",1,0
"Пришедший откинул капюшон, обнаружив совершенно мокрую, с прилипшими ко лбу волосами, голову.",1,0
Маша и Саша читают книгу.,1,0
Надо вырабатывать навыки дипломатичного поведения.,1,0
Магазин в два часа закрыт.,1,0
"Я открыл окно, чтобы комната проветрилась.",1,0
Всю следующую неделю я сижу дома.,1,0
Мы пообедали в два часа.,1,0
Постепенно работа комиссии по браку приняла форму технической учебы и вместе с тем суда над техническим невежеством.,1,0
"Руководитель серьёзного проекта, в котором принимают участие сотни людей, должен быть глубокой и цельной личностью.",1,0
Целыми днями смотрит в окно.,1,0
"Потом пожалел, что не взял собаки.",1,0
Унас редко есть занятия по истории.,0,Semantics
"Что ж на самом деле павильон трехэтажный, хотя он выглядит двухэтажным.",1,0
Здесь мы сталкиваемся с совершенно новой проблемой.,1,0
Не помогать вам — это не значит не помогать никому.,1,0
"Опять настала немая тишина, Агеев потоптался возле Вики, потом отошел, поднялся на берег.",1,0
Афанасьевна и Софья стояли поодаль и слушали.,1,0
Этот человек мог бы по достоинству реализовать свой изобретательский талант.,1,0
В этой реке много рыбы.,1,0
"Я забыл, что у нее сегодня день рожденья.",1,0
"Стекло разбил Коля ли, Петя ли.",0,Syntax
"Зина взяла вину на себя, сказав, что это она велела ему уйти.",1,0
"К сожалению, реальные действия официального Таллина такую перспективу пока, мягко говоря, не приближают.",1,0
"Сомневаюсь, чтобы не выданные Жанне деньги возвратились в казну.",1,0
"Все заметили по краске ее лица и по живости речи, что она была сердита.",1,0
"Сколько трепетной нежности было для нас даже в одном этом — в совместных усилиях тащить ее, то и дело касаясь рук друг друга.",1,0
Пушкин родился в 1799 году.,1,0
В 1973 г. США временно прекратили свои боевые операции в юго-восточном регионе.,1,0
Посетитель может попасть из центрального холла во внутренний дворик через террасу зимнего сада.,1,0
В ясные летние ночи поднимались они на один из холмов рядом с Флоренцией.,0,Semantics
Решить задачу удалось не всем.,1,0
Николай взял в жены Ольгу в двадцать три года.,1,0
Откуда-то сверху гудит колокол.,1,0
Ты хоть кому-то помоги.,1,0
"Я обещал Тому, что никому не скажу.",1,0
Она была в стороне от всяких интриг.,1,0
Он сидел недалеко от меня в большом мягком кресле.,1,0
По окончанию университета выпускник может преподавать математику в школе или работать в одном из научно-исследовательских институтов.,0,Syntax
Мать укрыла ребенка платком.,1,0
"В жизни случаются разочарования, и неприятности были – их нужно научиться преодолевать.",0,Syntax
"Пойди, докажи ей что-нибудь!",1,0
Клюква не растет на дереве.,1,0
Он сейчас не спит на диване.,1,0
Он не заехал ни разу.,1,0
Внезапно до его слуха донёсся явственный звук колокольчика.,1,0
"Иван очень обрадовался, когда я поступил в институт.",1,0
"Было в ней и изящество, и скромность, и достоинство.",1,0
Тебе лучше сначала спросить его.,1,0
"Приняв экзамен, он поехал в министерство.",1,0
"Ее мать была мягкой, доброжелательной, хотя и нерешительной, любившей искусство и ценящей образование.",1,0
"Ты когда-нибудь замечал, что он странно себя ведет?",1,0
Сообщение не обидело Марию.,1,0
Он располнел и постарел.,1,0
Последние пять человек пришло.,0,Syntax
"Страшно умирать, уходить из жизни очень молодыми.",1,0
Эта женщина обращает на себя внимание.,1,0
Тринадцатый и последний кубок ярмарок был с 1970 по 1971 годы.,1,0
"Настоящее было прекрасно, а на смену ему приближалась весна, уже улыбающаяся издали и обещавшая тысячу радостей.",1,0
Он изменился в лице.,1,0
"Всего из-за стихийного удара в США погибли 9 человек, из них трое в Виргинии.",1,0
"Вася сказал, что у него что-то для меня есть.",1,0
"Ирландская национальная бейсбольная команда, в том же году она провела свой первый ммеждународный матч, в котором проиграла команде Чехии со счётом 2—23.",0,Syntax
"Тут на дороге показался я, и он спрятался в кусты.",1,0
"Виктор выручил меня, сказав, что я в отпуске.",1,0
"Перейдя через площадь, он вошел в кафе, заказал напиток, привстал, чтобы вынуть из-под себя свою же задавленную шляпу.",1,0
"Найдя чужую вещь, она немедленно возвращается её хозяину.",0,Syntax
Они провели вечер очень весело.,1,0
Я тебя не перебивал.,1,0
"Так как идет дождь, мне лучше вернуться домой.",1,0
"Наши пути разошлись: он пошел налево, а я — направо.",1,0
Он вернулся с работы совсем больным.,1,0
"Он сумел это сделать быстрее, чем кто-либо ожидал.",1,0
Обязательным требованием для получения диплома о высшем образовании является прохождение производственной практики.,1,0
Он еще не вернулся.,1,0
Этого письма он не написал.,1,0
Мне во что бы то ни стало нужно иметь это кольцо.,1,0
"Я всегда получаю удовольствие, когда она поет.",1,0
"Я все видел, сам оставаясь незамеченным.",1,0
Коля находил свой ключ.,1,0
"В душе наступает покой, когда кто-то рядом с тобой.",1,0
Страны НАТО хотят взять с Ирана обязательство не применять ядерное оружие первым.,1,0
"Он, я думаю, согласится.",1,0
"Привычное еще с войны, с госпиталя, не проходящее чувство вины перед обреченным угнетало меня.",1,0
Ивану удалось попасть на концерт Макаревича.,1,0
"Иван прилег, чтобы отдохнул.",0,Syntax
"Возможно, что учитель поставил три двойки.",1,0
Много детей наплавало в бассейне.,0,Syntax
Она выполняет первую половину вашего задания.,1,0
В этом дворе есть сторожевая собака.,1,0
Лишь бы дождь опять не начался.,1,0
"В подобных случаях прокурор выступает официально в качестве гаранта законности, обеспечивая правосудие.",1,0
"Стихотворный размер стихотворения относится ко временам язычества (эпохи средневековья), но в его основе лежит глубокий религиозный смысл.",1,0
"Я не думаю, что Иванов вернулся в Москву.",1,0
Автор и соавтор учебника по гражданскому праву зарубежных стран и правовому регулированию внешнеэкономических связей.,1,0
Моя мама ненавидит смотреть телевизор.,1,0
Долго я не сомневался.,1,0
"Эшелон его формировался трое суток назад, где-то за Москвой, там же он и побрился у полкового парикмахера.",1,0
"Я надеялся, что она, может быть, еще придет.",1,0
"Мы спросили о том, что можем ли вдвоём выполнить одну проектную работу.",0,Syntax
Мне придется найти неполный рабочий день.,1,0
"Он говорит, что не собирается идти.",1,0
"Я хочу, чтобы они зайдут, а ты спрячешься.",0,Syntax
Людей на площади не осталось.,1,0
"Прежде, когда на Пьера находили такого рода сомнения, сомнения эти имели источником собственную вину.",1,0
Лягушки кишат в болоте.,1,0
"Может быть, автомобиль и есть цель нападения?",1,0
"Я не ужинал, чтобы мне не опоздать на поезд.",0,Syntax
Они сообщили свыше пятистам рабочим.,0,Syntax
Я поздоровался с ней первой.,1,0
"Для летающего ""РПК"" разработали реактивную систему питания.",1,0
Он говорил о самом важном рассмотреть этот вопрос.,0,Semantics
Над чем вы работаете в настоящее время?,1,0
Дворец Советов строил целый коллектив архитекторов.,1,0
"Этот зонтик был у какой-то дамы, я видел ее вместе с Куколевым накануне его убийства, но лица не рассмотрел.",1,0
"Эй, слезь с моего велосипеда.",1,0
Он улыбнулся мне вблизи.,0,Semantics
Около флакона духов стояла пудреница.,1,0
Он женат на одной полячке.,1,0
У тебя самоуверенности не занимать.,1,0
Никто из внуков не смогли устоять перед бабушкиным свежеиспечённым караваем.,0,Syntax
"Он или в Челябинской, или Владимирской тюрьме.",1,0
"Картофелина же эта ― не плод, как многие говорят, а корневое образование.",1,0
"Когда она играла что-то прекрасное, как я любил ее.",1,0
Иван почти закончил диссертацию.,1,0
"Даже если бы я рискнул оставить Розалинду и Петру, чтобы выйти на разведку, то вряд ли мне удалось бы вернуться.",1,0
"У нас есть точные данные, что они знали все это.",1,0
Многие смельчаки находили там себе могилу.,1,0
"Эта гипотеза, которая Бор рассказывал, что была предложена Дираком в 1930 г.",0,Syntax
Она приняла его в своем кабинете.,1,0
"Люди, и без того жившие на грани нищеты, оказались лишены каких-либо средств к существованию.",1,0
"Задача состоит в том, чтобы можно было заводить машину, не выходя из дома.",1,0
"Жизнь имеет смысл, пока существует Эверест.",1,0
Две молодые елки посажены по обоим ее концам.,1,0
"Специалисты съехались со всех концов страны, с других трубных заводов, и живут без семей.",1,0
"Во время быстрой фазы сна нейроны мозга, отвечающего за зрительное восприятие, ведут себя так, как будто мы видим что-то незнакомое.",0,Syntax
Гегель определяет свободу как познанную необходимость.,1,0
Он не выбрал себе преемника.,1,0
Лейтенант-коммандер Ходжкинсон отдал приказ быть готовым к взлету.,1,0
В прошлом месяце я болел.,1,0
Попробуем проследить биографию антиквариата как особой категории товаров.,1,0
Я не вижу солнце.,1,0
По улицам звенели трамваи.,1,0
"В конце концов, сокращение пяти дней в неделю сокращает 70% вашего потребления мяса.",1,0
"Как ты хочешь, чтобы я поступил ?",1,0
"Поймите же, что у нее есть талант.",1,0
Она готова помогать кому угодно.,1,0
На фасаде церкви был нарисован крест.,1,0
"Нежнейший, розовый по краям раструб крохотного цветочка, такого прозрачно-легкого, почти невесомого, источал тяжелый плотский запах нагретой солнцем земли.",1,0
Вскоре после издания «Слова» ― даже еще до гибели списка ― возникли сомнения в древности памятника.,1,0
Он сидел за своим письменным столом и работал.,1,0
"Человек любознательный и практичный, Шишкин с энтузиазмом изучал технические новинки своего времени и особенно интересовался различными способами получения изображения.",1,0
В сознании его снова и снова возникали глуховатый колодезник и дорога –– зимняя и лунная.,1,0
Он ест все маслины.,0,Semantics
Категорически запрещалось вступать с ними в какие бы то ни было разговоры.,1,0
"У меня всегда была мечта, что появится кто-то, который или купит, или подарит, или даст Спивакову в пожизненное пользование настоящую скрипку.",1,0
"И.С. Тургенев в своих романах исследовал проблемы, волнующих многих его современников.",0,Syntax
Знакомых никого в ней не жило.,1,0
"Там, около швейцара, стояла, надевая перчатки, молодая девушка с длинными косами.",1,0
Сам еще тогда здравствовавший сотник вызывал его нарочно в Полтаву выкрасить дощатый забор около его дома.,1,0
Блестяще проведенным экспериментом он доказал свою гипотезу.,1,0
Он заинтересовался этими около десятью километрами.,0,Syntax
"По мнению редакторов, различия между заблуждением и ложью, очевидно, не существует.",0,Semantics
Есть за что любить!,1,0
Всё это я не знал.,1,0
"Наши правительства, наши предприятия и институты гражданского общества должны обратить внимание на устранение этого дисбаланса.",1,0
"Можно предположить, что различные фирмы НОО имеют другой подход/процесс, чем то, как они работают.",0,Syntax
"Ей казалось, что она сейчас упадет без чувств посреди улицы.",1,0
Он оговаривает это в примечании.,1,0
"Завод спускает отходы в реку, повышая содержание в воде соединений хлора.",1,0
Иван порадовал нас своим возвращением.,1,0
"Ученые рассказали, почему земляне в теплое время года переходят на большие глубокое местообитание.",1,0
"Может, даже на дачу куплю старенький телевизор, лишь бы ни одного матча не пропустить.",1,0
"Ученые рассказали, почему люди стали сильнее после Войн Стихий.",1,0
Возле серого «Москвича» стояла красивая вишневая «Волга».,1,0
"Иван ли пришел на спектакль, несмотря на головную боль?",1,0
"Зажегся зеленый свет, но ни одной машины не тронулось с места.",1,0
Я получила истинное наслаждение от ее игры.,1,0
Знаю эту кофейню — она раньше была рестораном.,1,0
"Так ведь и я тебя тоже люблю, — за то и боль приняла.",1,0
"Причем в случае, если возникнут те или иные экономические проблемы, виноват будет Кудрин.",1,0
По окончанию гастролей у музыкантов было уже довольно много идей для записи нового альбома.,0,Syntax
Ты не будешь больше сюда ходить.,1,0
Он сажает все деревья в том саду.,1,0
Информированность депутата в вопросах сельского хозяйства помогла достаточно быстро и квалифицированно решить многие проблемы.,1,0
У нее были темные жесткие волосы и маленькие колючие глаза.,1,0
"Я не отвечал, но так же прямо смотрел в глаза его превосходительства.",1,0
"В своих идеях и принципах он остался примером человека, противостоящего какому-либо подавлению большинством.",0,Semantics
"Я сегодня убрала квартиру, купила продукты и занавески постирала.",1,0
Родственники Феодора стали правителями от Фессалоник в связи с этим.,0,Syntax
Я уже выражал ему свое неудовольствие.,1,0
"Все помещения церкви также расположены на одной и той же оси: дверь из покрытого порошка, рефлекторный зал типа, летний храм.",0,Hallucination
Моргал он после этого неровно.,1,0
Ты неправильно решил задачу.,1,0
Он близко наклоняется к ней и с улыбкой говорит ей что-то.,1,0
"Персонаж был популярен, и в результате Риверо начал получать след.",0,Hallucination
"Поймите же, что у нее талант.",1,0
Общезаводской распорядок дня не существовал.,1,0
После турецкой войны австро-венгерский политик посоветовал Италии прекратить военную деятельность на фоне конфликта с Австрией.,1,0
Мы оговорили возможность работать каждому со своим материалом.,1,0
Мне этого заранее не сказали.,1,0
"Кто-то продолжал работать по старинке, но кто-то перешел на новые условия труда.",1,0
Книга была адаптирована в сценарий дважды.,1,0
Я отдаю книгу сестре.,1,0
Ни одного депутата в парламент не могла провести.,1,0
Легенда о возникновении государства древних людей объясняет появление прототипа современного госорганизации.,0,Syntax
Он должен успеть на поезд.,1,0
Том был расстрелян по обвинению в сексуальном насилии.,1,0
Деревни на берегу не видно.,1,0
Диктат традиций оказался очень силён.,1,0
"Окончив свой туалет, на Наполеоне красовался синий мундир и белый жилет.",0,Syntax
"Зато как никогда захотелось быть с Ангелиной, и это не только из-за упрямства, – поднялась в душе волна уверенности, что любит её.",1,0
Я с самого сначала ему не поверил.,1,0
После этого он утратил весь интерес к происходящему.,1,0
"Было тепло и солнечно, несмотря на то, что осень явно перешла в наступление.",1,0
"Исполняя эту роль, у зрителей возникло двойственное чувство от игры актёра.",0,Syntax
Ваш пропуск у вахтера.,1,0
"Даже когда взрывается дом, президент не должен за это отвечать, для этого есть Грызлов, Патрушев, они за это деньги получают.",1,0
Ты гулял с собакой?,1,0
Он этого определенно не сказал.,1,0
Есть бассейн в заливе Ларгс под названием Лефевр Портсайд Пляжный центр.,1,0
Сломить ему свои рога.,1,0
Молодое поколение художников стремится и выбирает для себя новые ценности и ориентиры в искусстве.,0,Syntax
"В ночь, когда ополченцы отбивали Новосветловку, можно было читать газету, так было светло.",1,0
"Что мне ему сказать, чтобы утешить?",1,0
У нас редко бывают занятия по истории.,1,0
Лизавета Ивановна вышла замуж за очень любезного молодого человека: он где-то служит и имеет порядочное состояние.,1,0
А где же Ваша жена?,1,0
Сведения о продвижении войск не поступали.,1,0
Я никогда не считал и не считаю Коминтерн безгрешным.,1,0
Очки лежали возле книги.,1,0
"Маша только мало того что на пять минут опоздала, еще и сделала прекрасный доклад.",0,Syntax
В мире много зла.,1,0
Она часто бывает у кого-нибудь из своих друзей.,1,0
Павел Петрович восседал между Катей и Фенечкой; мужья пристроились возле своих жен.,1,0
Они стояли довольно рядом.,0,Semantics
"Вследствие этого решено было летом уехать ей в Самарские степи, где у папа было имение.",0,Syntax
"Он не понимает, что это может быть началом гораздо более серьёзного дела.",1,0
Бунин никого не хотел поставить рядом с собой.,1,0
Конный клуб предлагает программы индивидуального обучения.,1,0
Плато получит пять лет испытательного срока.,1,0
Он отличался большими способностями среди своих сверстников.,1,0
Террористы не взрывали газопровода.,1,0
"Андрей Гончарук стал для нее больше, чем режиссёр и наставник.",1,0
Они сидели в гостиной и слушали рассказ Петра Ивановича.,1,0
Иван пошел на концерт.,1,0
У тебя есть чем писать?,1,0
Что состоится на факультете лингвистики конференция?,0,Syntax
"Я думаю, что лучше поехать с тобой.",1,0
"Американская культура по-прежнему присутствует во многих странах, но ситуация начинается меняться.",1,0
"Ум мой бессознательно отказывался выводить какие-либо заключения из того, что я видел.",1,0
На охоте мне удалось промахнуться в зайца.,0,Semantics
"В этой комнате, где в шестнадцать лет выздоравливал Ганин, и зародилось то счастье, тот женский образ, который, спустя месяц, он встретил наяву.",1,0
"Только в 1000 метрах от порта, в 2 км от центра города и в 20 минутах от аэропорта Манисеса и Конвенционного центра.",0,Hallucination
В 1970 году Джаго присоединился к «Куинс Парк Рейнджерс» в качестве тренера и стал тренером в январе 1971 года.,0,Hallucination
Послышались шаги и веселый говор.,1,0
"Она его уговаривает, а он ни в какую.",1,0
"Он сказал Дуне, что живет в Сан-Франциско.",1,0
"Потом она достала книжку, села у лампы, подождала около часу и, наконец, сама легла в постель.",1,0
Он всегда обедает с кем-нибудь из своих друзей.,1,0
По возвращению из Стамбула Николай с особенным вдохновением взялся за работу.,0,Syntax
Пассажиров просят пройти на посадку в 3-ю секцию.,1,0
"Вдруг она, по счастью, увидала мальчика на противоположном тротуаре.",1,0
"Любой знает, что волки жадны.",1,0
Тебе Ивана не попадалось?,0,Semantics
Окна гостиницы выходят на юг.,1,0
Я подарю ей эти книги.,1,0
В этой реке масса рыбы.,1,0
"Те, кто называют себя патриотами, должен хорошо знать родной язык.",0,Syntax
Это ты верно увидел.,1,0
Паспарту проснулся только на другой день в полуторастах милях от китайского берега.,0,Morphology
В его воображении существовало какое-то наследство.,1,0
"А если туалет где и есть, то его, мягко говоря, не афишируют.",1,0
"Маша сказала Лене, что пригласили на день рождения.",1,0
Я принял его в свою группу.,1,0
Мне бросилась в глаза его бледность.,1,0
Сообщение не взволновало Марию.,1,0
Достань из моего стола тезисы докладов и дай Ивану Сергеевичу.,1,0
"Мы говорим врагам: сдавайтесь, или мы вас уничтожим.",1,0
"Завершится праздник театральным представлением, руководить которым будет Петр.",1,0
"На кровати на одеяле лежали сорочки, чулки и белье, скомканное же белье валялось просто на полу рядом с раздавленной в волнении коробкой папирос.",1,0
Сражение под городом Клин было решающим.,1,0
Солнце посветило и зашло за тучу.,1,0
У воды есть кислород.,0,Semantics
"В марте те, кто достиг 18 лет, участвовал в выборах Президента Российской Федерации.",0,Syntax
Такая форма предотвращает самоопыление и обеспечивает высокий уровень генотипической разнообразности.,1,0
"Отличие нового способа укладки пола от ранее известных кажется на первый взгляд несущественным, но значительно облегчает работу.",1,0
В течение этого периода были выпущены 9 моделей различных комплектаций.,1,0
Окно было открыто пятнадцать минут.,1,0
"Когда отец Мухина после речи пополнился на сто пятьдесят граммов водки, то утратил какой бы то ни было интерес к происходящему.",1,0
У Паши за последнее время появилась некоторая самоуверенность.,1,0
Мысли отказываются остановиться на каком бы то ни было предмете.,1,0
Мы встречались с ней в два часа.,1,0
Офицер повторил конвойному приказание взять девочку.,1,0
Любой человек всегда чем-то лучше кого-то другого.,1,0
"Даниил прошел мимо него, на отца ― ноль внимания, как будто его просто нет в комнате.",1,0
По возвращению в Петербург Толя отказался ехать домой сразу из аэропорта.,0,Syntax
МВД Украины заявило о присутствии армии при разгоне массовых протестов во вторник вечером.,1,0
"Он не столько старомодно одевается, сколько не следит за чистотой обуви.",1,0
Его обувь не нужно ремонтировать.,1,0
Мать оставила ребенку хлеба покормить голубей.,1,0
"Я уверен, что возмутительное сообщение ТАСС о митинге 4 февраля кто-то и где-то редактировал.",1,0
Я достал из кошелька деньги и подал продавцу.,1,0
"Первый массовый авиалайнер ""Густав Карлов"" совершил первый полет весной 1935 г., после чего попал на публичную экспозицию.",1,0
Известный режиссёр снял навеянный автобиографическими мотивами фильм — групповой портрет своего поколения.,1,0
Только вряд ли бы успел Абакумов эту власть проявить первый.,1,0
Иван не порадовал нас своим возвращением.,1,0
"Значит, мы с тобой условились?",1,0
Коля нигде не бывает.,1,0
Я совершенно не представляю себе этого человека.,1,0
Он остановил внимание на небольшой картине в углу.,1,0
"Кот забрался на крышу, спрятался от палящего солнца в тени дымохода и, улёгшись поудобнее, начнёт наблюдение за Шариком.",0,Syntax
Горы поражают своим величием.,1,0
Да и как было ни встать во время прихода Мейерхольда?,0,Semantics
"Назареи (секта, I век) - христианская секта древних иудеев.",1,0
Она назначила мне встречу.,1,0
Причиной пожара было повреждение изоляции.,1,0
"Я думаю, что вы сидите на моем сиденье.",1,0
"Иван ведь тогда говорил, что она, мол, сейчас без работы.",1,0
"Ему казалось то, что ещё не всё потеряно и что успеть в срок возможно.",0,Syntax
Почему ты сегодня не носишь свитер?,1,0
Кошка не ест ветчину.,1,0
Во вторник он еще не подал заявление.,1,0
"О соседках Васин сообщил, что живут они здесь недели с три.",1,0
Следующий довод опровергает его утверждение.,1,0
Он выбирал сотрудницу по внешности.,1,0
"Как бы ни был предан своему делу и усерден управляющий контрольной или казенной палатой, он имеет право быть занятым лишь в присутственные часы.",1,0
Вы не хотите закусить?,1,0
"Товар в складе и дом были застрахованы, так что в случае пожара я не рисковал потерей своих богатств.",1,0
"Я спросил у старшего брата, что могу ли я взять его конструктор.",0,Syntax
Я разбирал одно похожее дело в прошлом году.,1,0
"Агильные команды почти всегда разрабатывают тестовые планы одновременно с определением требований; если требование не поддается тестированию, то оно еще не полностью разработано.",1,0
"И разве не понятен после этого мой порыв написать Вам, что-то высказать, что-то разделить с Вами, на что-то пожаловаться.",1,0
У него дача уже три года.,1,0
После такого припадка способность логически мыслить возвращается к нему только через несколько дней.,1,0
С этого времени и до моего приезда в Шанхай мы жили втроем в одной комнате.,1,0
"Когда курфюрст въехал на площадь, ему предшествовали двести рыцарей с обнаженными, на солнце сверкавшими саблями.",1,0
Манера девушки экономно расходовать свои эмоции меня заинтересовала.,1,0
"Министр пригласил журналистку, дать ей интервью.",0,Syntax
"У.Журналисты были приглашены министром, чтобы сделать заявление об отставке.",1,0
Вынь из моего кармана пакет и выброси в окно.,1,0
"Приди он на час раньше, ничего бы не случилось.",1,0
"После этого все серии первого сезона стали показываться на телеканале BBC 2, начиная с 9.11.04.",1,0
Он удивил меня своим поведением.,1,0
"Альбом группы ""Алиса"" поднялся на семь позиций и завоевал пять наград Billboard 76.",1,0
Перед домом есть пруд.,1,0
"Группа бывших первоначально определённо не монахами фк ""Монако"" стала членом европейской школы футбола под названием Монте Кристо (Барселона).",0,Hallucination
Новый проект не удивил нас какими-либо интересными деталями.,1,0
"Да и не больно надо, раз не поехал.",1,0
"Если нравственный долг нарушил человек, он должен за это отвечать.",1,0
Кого он пересиливал острое желание схватить кого за ворот роскошной куртки?,0,Syntax
Комнату осветила только лампада.,1,0
Отказ от игры роняет Фишера в глазах шахматистов.,1,0
"В 1708 году Пётр I, чтобы упростить начертание букв русского алфавита, поэтому ввёл гражданский шрифт.",0,Syntax
"И что он был разбит, было замечено всеми.",0,Syntax
После этого он утратил какой бы то ни было интерес к происходящему.,1,0
Она много раз обманывала кого-нибудь из своих друзей.,1,0
"Гийом получил Нобелевскую премию по физике 1920 года за эти открытия, которая показывает, как важны эти сплавы для научных приборов.",0,Syntax
Горькая складка обозначилась у губ гостя.,1,0
"Это произведение Василя Быкова я прочитал летом, посвященное Великой Отечественной войне.",0,Syntax
"Снижение добавки эфирной «головки» до 2% восполняется добавкой кубового остатка до 3%, что в сумме составит не менее 5%.",1,0
У меня есть гордость.,1,0
"Группа популяций разных видов, населяющие определённую территорию, образует сообщество.",0,Syntax
Мне нужно во что бы то ни стало получить это кольцо.,1,0
"Возьми меня в пустыню, я засохну по тебе в Европе!",1,0
Только об этом и думаешь!,1,0
"К группе читавших подошел исхудалый, давно не мывшийся и оттого казавшийся смуглым человек одичалого вида с котомкой за плечами и палкой.",1,0
"При расставании я целовал три раза чудесные, синие глаза.",1,0
Древний город был окружён земляным валом.,1,0
"Мир будет очень разным, когда и если Китай устанавливает повестку дня, и они могут.",0,Hallucination
Недалеко от него сидит молоденькая девушка и читает какую-то книгу.,1,0
"Следователь, мягко говоря, вводит сенаторов в заблуждение.",1,0
"Ну да, он недавно ездил в Москву, я еще ему командировку подписывал.",1,0
"Ранимый, впечатлительный ребёнок тяжело переносит неудачи в играх, поражения в соревнованиях, и, попадая в такие ситуации, он долго плачет и сердится.",1,0
Ваше присутствие помешало мне громко произнести слово «Позор!»,1,0
"В усадьбе сохранились уникальные липовые аллеи, вековые дубы и высаженные в прошлом веке сибирские кедры.",1,0
"В обучении в школе есть свои плюсы, да даже возраст, когда мы там учимся, наибольше беззаботный.",0,Morphology
"Некоторые люди думают, что Сумо больше подходит для женщин, потому что матч короткий и нет замков, удушья или болезненных методик.",1,0
"Все вымокнув под дождем, они добежали до станции.",1,0
Иван перестал ходить на лыжах.,1,0
"Сколько я ни старался различить вдалеке что-нибудь наподобие лодки, но безуспешно.",1,0
Где это ты порвала платье?,1,0
Все три дня она провела возле Белого дома.,1,0
"Петр Иванович, у него характер отвратительный.",1,0
Рыба не весит двух килограмм.,1,0
"Иван не жалеет, что поехал на конференцию в Марокко.",1,0
В моем кошельке есть много денег.,1,0
"Он жил в Москве в 18 веке, и между прочим жил он превесело.",1,0
Это подразделение было ядром финской Белой гвардии во время финской гражданской войны (июнь-май 1918).,1,0
Ваня опять вызвал всеобщее беспокойство.,1,0
"Чтобы человеку, владеющему иностранным языком, научиться свободно общаться с носителями этого языка, ему необходимо преодолеть языковой барьер.",1,0
"Устав канонического патриархата предусмотрен, что это важный ексапостиларий исполняется посреди храма со свечой в руках, молящиеся совершают земной поклон.",0,Syntax
В два часа меня уже не будет в институте.,1,0
"Но он почти не видел одним глазом, запойную страсть к чтению он унаследовал от отца и основательно испортил зрение.",1,0
За кого Вы собственно меня принимаете?,1,0
"Отвечая на экзаменационный вопрос, студент сказал: «Большой вклад в нашу устойчивость к болезням вносила эволюция самих возбудителей, направленных на минимизацию вреда хозяину».",0,Syntax
Ситуация качественно не изменилась.,1,0
"Отсутствует, чтобы не видеть.",0,Semantics
"Родился в небогатой семье, в которой было седьмым ребенком, в тринадцать лет утратил отца, был отправлен в детский сад.",0,Morphology
"Ей слишком нездоровилось, чтобы принимать гостей.",1,0
Она девушка Теда и один из друзей Брайана.,0,Syntax
"Картины этой группы молодых художников не только выставлялись в скромных клубах и на городских площадках, но и в больших музейных залах.",0,Syntax
"А потом был рассказывать, что за правду пострадал.",0,Syntax
Награда на выборах будет почти 5000 долларов.,1,0
Он объяснил отсутствие жены болезнью.,1,0
"Согласно последних генетических данных предки всех современных собак были одомашнены в одном месте, ане в разных уголках мира.",0,Syntax
У меня есть одна хорошая портниха.,1,0
Он сел возле нее и взял ее за руку.,1,0
"Она долго бежала вдоль забора, а потом повернула налево.",1,0
Члены Олимпийского комитета исполнены решимости добиться высокого качества подготовки трасс для лыжных гонок и биатлона.,1,0
Никто его не видел.,1,0
У меня возникло сомнение в истинности его слов.,1,0
Исследование гистогенеза гематопоетических органов и глиальной клетки связано с этим периодом.,1,0
"Артём очень любит своего четвероногого друга, появившегося в его жизни столь загадочным образом, и позаботится о нём.",0,Syntax
"Это было инициацией двух заводчиков, нацеленных на улучшение породы, которые также были в значительной степени ответственны за введение крови Шайра в Клейдесдаль.",0,Semantics
"Пратс принял это решение также потому, что знал о заговоре и о том, что не может его предотвратить.",1,0
"Люди работают не просто ради денег, а хотят самореализации – личностной и творческой – в новых проектах.",1,0
"Тем, кто играют на фортепьяно, известны имена великих пианистов.",0,Syntax
"Армянская колонизация и колонию Афины смогли сосредоточить внимание на росте, не приблизившись к конфликту.",0,Syntax
Том унес свой секрет в могилу.,1,0
Что сегодня получил Саша?,1,0
"Бана назвала Харши — Харшачариту, одного из ранних романов в мире Кадамбари, один из первых книг в истории.",0,Hallucination
Назначили нового директора Иванова.,1,0
Вася и есть мой муж.,1,0
"Все, кто изучал процесс развития языка, знает о различных исторических изменениях на уровне фонетики, грамматики.",0,Syntax
"Но все поняли, что молотобоец поддерживает кузнеца, которого он не мог не поддерживать.",1,0
На его груди блистали звезды.,1,0
"Перчатки она решила поигнорировать – для неё, почти всю жизнь проходившей в футболках и джинсах, это было уже слишком.",0,Semantics
"Узнав об избрании себя, кардинал заплакал.",0,Semantics
"Уже намёкнуто было, что Чикобава — агент американского империализма.",1,0
Благодаря газеты мы узнали о возобновлении теплоходного маршрута к «Северным островам».,0,Syntax
Небольшая картина в углу остановила его внимание.,1,0
"Чтобы морозило на Гавайях, надо, чтобы земля перевернулась.",1,0
"Псы полагаются на социальный инструмент, когда просишь помощи и используешь не собственные лапы и зубы, а чужие руки.",0,Syntax
"В Лос-Анджелесе после массовых съемок интервью, многие кварталы и заведения попали в кадр, были использованы к сносе.",0,Syntax
"Те, кто читал критическую статью Н. А.Добролюбова, знаком с оценкой критика «тёмного царства».",0,Syntax
Графиня приняла его в своем кабинете.,1,0
"Студенты-дипломники Веймарского университета создали компьютерный проектор, который показывает как кинофильмы, а также телепередачи на любой поверхности.",0,Syntax
Они стояли у обрыва и смотрели вниз.,1,0
"В приведенном выше примере используются таблицы ResellerSales_USD, DateTime и ProductCategory из образцовой рабочей книги DAX.",1,0
Задания были поделены поровну между шестистами учениками.,0,Morphology
"Том сказал мне, что боялся.",1,0
Рейс был выбран Лос-Анджелесом Гэлакси в третьем раунде проекта колледжа MLS 1998 года.,0,Syntax
"Слово для человека не только может стать живой водой, но и острым ножом.",0,Syntax
Я принял его в свою лабораторию.,1,0
Мама идет с рынка.,1,0
"Иван считает, что книги, которые сгорели, не сгорели.",1,0
Ты режешь слишком мелкие куски.,1,0
"Он много путешествовал, плавал далеко от родных берегов.",1,0
Отчего у тебя конь захромал?,1,0
Это был не портрет.,1,0
Алиса со вздохом отдала документы и отвернулась к окну.,1,0
Ты сегодня покупал хлеб?,1,0
В это время мы сидели за столом и обедали.,1,0
Настасья Петровна давно собиралась погостить к знакомым в город.,1,0
"В 1938 году 17летняя Сотирия встретила своего мужа, кондуктора автобуса.",1,0
Я позвал Машу и Петю.,1,0
А дом превращался в груду развалин.,1,0
"Берио зарабатывал себе на хлеб, аккомпанируя в вокальных классах консерватории, познакомившись со своей первой женкой Кэти Берберян.",0,Syntax
Его шерсть приняла красивый ореховый оттенок.,1,0
"Глубокого уважения заслуживает плодотворная педагогическая, общественная и просветительская деятельность известного актёра.",1,0
Отмель врезается в море.,1,0
Вас здесь не стояло.,1,0
На небе появились тучи.,1,0
С двух до пяти он перепечатывал статью.,1,0
В школе выпускной бал.,1,0
"Готовясь к экзаменам, я не только делаю практические задания, но и выучил теорию.",0,Syntax
Короткий коридор сразу же сворачивает направо.,1,0
"Человек, вошедший в подъезд и который стал подниматься на самый верхний этаж, привлёк моё внимание.",0,Syntax
Если бы я упал — разбился бы насмерть.,1,0
Не все хотели решать задачу.,1,0
"В 1863 году ботаник Александр Кроалл был назначен первым библиотекарем и куратором, а в следующем году музей и библиотека объединились.",1,0
"Каждый знает, что волки опасны.",1,0
Мне случалось терять паспорт.,1,0
Я взял за работу 10 рублей.,1,0
"Согласно легенде, кастильский вельможа дон Руис Гонсало де Толедо пожертвовал этой церкви, в которой он пожелал быть погребенным, большие сокровища.",1,0
"В Москве ежегодно проходят научные конференции ""В мире книг"" с участием ученых, артистов или музыкантов.",1,0
"Белокурый несколько удивился, что ему удалось создать, довольно, впрочем, плохой, каламбур.",1,0
"По словам Гитлера, подготовку этих частей необходимо было осуществлять для того, чтобы продолжить наступление.",1,0
"Занимать денег у Фили Герой не стал ― и тем самым остался на равных со старым приятелем, не испортил дружбу деньгами.",1,0
Он не должен успеть на поезд.,1,0
Ваня отстает по математике.,1,0
"На конференцию, которая проходила в Москве, прибыли триста один участник из всех регионов России.",0,Syntax
Когда вместо указанного слова появилось изображение моноплана с 1926 года.,0,Hallucination
Кружева выглядывают из-под юбки.,1,0
"Она предоставляется только один раз любому лицу, группе лиц, учреждению или организации.",1,0
Он сел рядом с ней и стал ей что-то оживленно говорить.,1,0
"Как я заметил еще из окна, каждый из них что-то нес.",1,0
"Она сразу вспомнила, что в мире есть радость.",1,0
"Такой дискомфорт может привести к тяжёлым последствиям, вплоть до депрессии.",1,0
Расплата с Андреем Антоновичем началась немедленно.,1,0
В прошлом году я два месяца лежал в больнице.,1,0
"Порази толпу ужасом, который бы отнял какую бы то ни было способность к сопротивлению.",1,0
"Пришел ли Иван на спектакль, несмотря на головную боль?",1,0
В понедельник он не приехал.,1,0
"Компания смогла удивить своих клиентов двухэтажным стендом, где одновременно можно было проводить переговоры с двухстами заказчиками.",0,Morphology
"Я выбрал кота, а не мельницу.",1,0
Отец еще остался на работе.,1,0
"Я думаю, что мы можем к нему зайти.",1,0
Грибов здесь не растет.,1,0
"Эти результаты свидетельствуют о том, что регулирование воспалительных процессов может повлиять на развитие возрастных заболеваний.",1,0
Пьеса довольно сценична и прекрасно сыграна.,1,0
Ученые нашли парадокс в экономике США и призвали власть его устранить.,1,0
Он дал этот концерт в честь своего учителя.,1,0
Сегодня в овощном были только яблоки.,1,0
Соня присутствовала в зале при укладке хрусталя и фарфора.,1,0
"Письмо, которого он давно ждал, в конце концов пришло к Ивану.",1,0
Пуля пробила дырку в фуражке.,1,0
"Если ты будешь решать какую-нибудь из этих задач, то пользуйся аналитическими уравнениями.",1,0
"Пес уже лежал рядом с корзинкой угля и смотрел, как работает Дарья Петровна.",1,0
"Итак, эффектность, сценичность есть необходимые условия оперы.",1,0
"Приведя собаку, мальчик привяжет ее.",1,0
"Во время взрыва я оказался рядом с камином, и это спасло мне жизнь.",1,0
"Ну вот, а теперь, будь любезен, расплачивайся за собственное легкомыслие!",1,0
Я не считаю уместным давать какие-либо указания.,1,0
"Яконов по несколько раз на дню бывал в Семёрке, поэтому приход его не воспринимался тут как приход большого начальства.",1,0
Он способен воспринимать даже абстрактные идеи.,1,0
Но позвольте на прощанье дать вам один совет.,1,0
Встретимся около рыбного магазина рядом с метро «Университет».,1,0
Посетители удивлялись и хвалили изобретательность мастера.,0,Syntax
И тогда ведь писал тоже Дранишников.,1,0
"Этих людей, недоброжелателей друг друга, нельзя помирить.",1,0
"Город полон военных, и возле нашего здания всегда толпятся моряки — ждут.",1,0
"Глостер, убийца своего брата, захватил трон.",1,0
"Долго бродил, пока не дошел до какой-то деревни.",1,0
"Я думаю, что фотографии говорят сами за себя.",1,0
"Путин и Лукашенко обсудили вопросы военнотехнического сотрудничества, обороны страны.",1,0
"Тут у вас болотце есть, возле осиновой рощи.",1,0
Я не люблю никого.,1,0
У тебя в голове каша.,1,0
Я ему об этом писал.,1,0
Ивану удалось устроиться на работу.,1,0
Телевизора не было в мастерской.,1,0
"Посмотри, какое я письмо от старосты получил, да реши, что мне делать.",1,0
С полки упал чайник.,1,0
Ивану не удалось попасть на концерт Макаревича.,1,0
Пруста очень трудно читать.,1,0
"Если его обидят, то он не стерпит.",1,0
Он пьет полстакана молока.,0,Semantics
Дерево над корнями заросло мхом.,1,0
Мальчики принесли каждый по сумке.,1,0
Мешок весит не 50 кг.,1,0
Она мужественно приняла обрушившееся на нее несчастье.,1,0
"Карфаген после поражения в Сицилии отказался от территориальных и финансовых притязаний, чтобы не уступать Италии.",1,0
В корне легенды «Дикая охота» - свора собак Дьявола Денди.,1,0
Он отдал крестьянам землю.,1,0
"Земельные участки, до которых у хозяев не доходят руки, не упущение, а необходимы для процветания фермы.",0,Syntax
Очень нужно мне за ним следить!,1,0
Вместо зуба зияла дыра.,1,0
"Все успокоилось, и лишь где-то вдалеке все еще гремел гром.",1,0
"Впереди, у багажного вагона, кто-то машет фонарем.",1,0
Внезапно за песчаным холмом показался камень величиной с дом.,1,0
"Те, кто с лёгкостью осваивает материал, вынужден ждать, пока с ним справятся отстающие.",0,Syntax
"Анатолий Куйвашев стал солистом группы ""Самоцвет"".",1,0
У меня дома есть эта книга.,1,0
"Они уйдут, а вместо них появится кто-нибудь новый.",1,0
"Ну, а когда не было, сама шла добывать и рубить дрова ― тут она человек не гордый и на принцип не идет.",1,0
Покупаю мяса нам на обед.,1,0
"Все были в ужасе от того, что может случиться, если испанцы ворвутся.",1,0
"Если человек нарушил нравственный долг, он должен за это отвечать.",1,0
Тома и Мария сильно изменились?,1,0
На работе он застал только секретаря.,1,0
Мы сейчас проехали Аникеевку.,1,0
Патриотизм и верность воинскому долгу — главные качества защитника Отечества.,1,0
"Он не раз упрекал меня за то, что я не имею дачи на побережье, так как там, по его словам, настоящий рай.",1,0
"Ты считаешь меня ничтожеством, я в твоих глазах влюбленный студент, которого приятно держать около себя.",1,0
Он не хотел рисковать повторением кубинского кризиса.,1,0
"Такие ужасающие ошибки в тексте у авторов статьи, обоих хороших лингвистов, очень расстраивали.",0,Syntax
"Она себя считала существом отсталым, неудачливым, обречённым прожить тусклую, тяжёлую жизнь.",1,0
Доклад написан уже час.,0,Semantics
"Светит солнце, но все-таки холодно и но все-таки не хочется идти гулять.",0,Syntax
"Вдруг они заметили, что он остановился.",1,0
Иван читал статью Петра о себе.,1,0
Поодаль от тополя стояла Даша и смотрела на него.,0,Semantics
У меня нет мобильника.,1,0
Они селились у больших рек.,1,0
"Советской власти было выгодно, что на окраине России существует такое образование, как Дальневосточная республика.",1,0
В Лондон приехал с семьей Герцен.,1,0
"XQuery предлагает решение для поддержки OLAP, предоставляя связь на основе запросов между несколькими хранилищами данных.",1,0
"Я не нашёл другого способа ответить, чем то, чтобы промолчать.",0,Syntax
Я не мог понять причину его враждебных взглядов и в целом неприязненного отношения ко мне.,1,0
"Выйди, выйди, так лучше будет.",1,0
Поздравляю с днём рождения и желаю долгих лет жизни!,1,0
"Просмотрев документ, у меня возникло сомнение в его подлинности.",0,Syntax
Ты давно не был в Москве.,1,0
Это обозначило мне границы.,1,0
Он научился быстро решать эти задачи.,1,0
Я целовал ее три раза.,1,0
Я знаю это от Ивана.,1,0
"Я выхожу на морозный воздух, стою под белой, как зеркало, луной, на белом снегу.",1,0
Назван первый актер в конце сезона.,1,0
Это пальто они покупали вместе.,1,0
"Я, например, для внучки настегала своими руками лоскутное одеяло, зная, что оно будет её оберегать, давать ей энергию.",1,0
"Если человеку постоянно завышать планку и не сформировать позитивной самооценки, он никогда не будет удовлетворён результатами.",0,Syntax
"Я очень боялся, чтобы меня нечаянно не приняли за кого-нибудь.",1,0
"Мягкие дробные звоночки сыпались в это время по всей квартире, а в отдалении из передней то и дело слышались голоса, звенел телефон.",1,0
Возьми какую-нибудь из этих тетрадей.,0,Semantics
Купили ли вы мясо в супермаркете?,1,0
Он пересмотрел все фильмы.,1,0
"Как создавался ""Подросток"" и ""Братья Карамазовы""?",1,0
На площадке близ него построен домик с красной крышей.,1,0
Он чуть ли не гением себя считает.,1,0
"Глава британского лейбла назвал основную тему ""Песни о распаде"".",1,0
"Когда я вышел, он запер дверь.",1,0
"Я утешил его соображением, что время лечит.",1,0
"Он воображает, что его примут.",1,0
"Тот, кто пришёл на репетицию вовремя, успели выбрать костюмы по своему вкусу.",0,Syntax
"Для того места, где я нахожусь, могло бы быть неверно, что я там нахожусь.",1,0
"Я был совсем рядом с ее домом, но к самому дому меня не пропустили.",1,0
"Я вообще замечаю: если человеку по утрам бывает скверно, а вечером он полон замыслов, и грез, и усилий, он очень дурной, этот человек.",1,0
Он снова вырубился и очнулся в больнице через несколько дней.,1,0
"День города, котором я живу в.",0,Syntax
"Видно было, что по ней давно уже не ходили люди.",1,0
Преподавались математика и естественные науки.,1,0
"Пушистый снег одел в серебристые наряды вековые сосны, устремившие свои вечнозелёные вершины в чистое небо.",1,0
Лодка скрежетала днищем о камни.,1,0
Статей не было прочитано.,0,Syntax
"Цукуси говорит, что она все еще не может простить её.",1,0
Эта новость меня огорчила.,1,0
Его приняли в общество охраны памятников старины.,1,0
Ты не обязан ей помогать.,1,0
Он воспринял мое замечание как личное оскорбление.,1,0
В Белоруссии либеральных газет не осталось.,1,0
"Как в Румынии и Молдавии попали наименования современных валют, то от неё произошло это.",0,Hallucination
"Он поплыл к берегу, как будто ни о чём не подозревал.",1,0
"А не хочешь заплатить ему изволь: у каждого дома есть сквозные ворота, и ты так шмыгнешь, что тебя никакой дьявол не сыщет.",1,0
"Я начал читать и зачитался так, что, к огорчению взрослых, почти не обращаю внимания на нарядную ёлку.",0,Syntax
Ушел из жизни бывший священник Одесского района Борис Гребенщиков.,1,0
"Фома сунул руки глубоко в карманы брюк, а грудь выпятил вперед, отчего вся его фигура сразу приняла явно вызывающий вид.",1,0
Канава отделила нашу ферму от соседней.,1,0
"Редакция с вами прощается, до новых встреч!",1,0
"Подожди, я заканчиваю письмо.",1,0
"Каждый программист закреплён за определённым компьютером, следящим за его состоянием.",0,Syntax
Водопровод не работал двое суток.,1,0
"Перейдя мостик, усмотрен мною без всяких признаков жизни повесившийся труп мертвого человека.",0,Syntax
"Иван войдя, он поздоровался.",0,Syntax
Стоило из-за него божью птицу губить!,1,0
"Мальчик, ушедший было вперед, медленно возвращался к Арсению.",1,0
Вам не видать таких сражений.,1,0
"Петр Степанович, конечно, знал, что рискует, пускаясь в такие выверты.",1,0
Новый информационный ресурс набирает популярность.,1,0
"Я надеюсь, что Том будет арестован.",1,0
"Каждая из этих моделей включают в себя целое семейство модификаций, комбинируемых из обширного набора узлов и агрегатов.",0,Syntax
Это предприятие возглавляет Иванов.,1,0
Маятник отклонился примерно на шестьдесят градусов.,1,0
Солдаты грелись у костров.,1,0
Он до сих пор ухаживает за барышнями.,1,0
Отец подарил брату книгу.,1,0
"Программное обеспечение включает в себя зависимость в предварительно интегрированном самоконтейнерном устройстве, так что пользователям больше не придется беспокоиться о решении зависимости программного обеспечения.",0,Hallucination
Не соглашался из-за упрямства.,1,0
Разве ты не бываешь там каждый день?,1,0
Я выбрал тему диплома.,1,0
Он живет в двухэтажном доме на тихой лондонской улице возле Риджент-парка.,1,0
Пробовал кликнуть жену — ни один звук не вырвался из гортани.,1,0
Он говорил об упразднении всех званий.,1,0
"Маша читает книгу, и Саша читает книгу.",1,0
Вместо ответа рыжий снял котелок и взял его на отлет.,1,0
Я часто вспоминаю Лёшины печальные карие глаза.,1,0
Где он дал согласие быть прописанному?,0,Syntax
"Он воображает, что все знает об этом.",1,0
"Сторож стуком колотушки доказывал, что он не спит.",1,0
Она была в стороне от каких бы то ни было интриг.,1,0
"Заключив годовой контракт, команда, которой, по условиям договора, предстояло дать более 60 концертов в разных городах нашей страны, начали напряжённо готовиться к туру.",0,Syntax
Он не моется уже неделю.,1,0
"Поймите, какую это дает уверенность и крепость.",1,0
"Это, но никто не отозвался.",0,Syntax
Пять бандитов лежало на земле раненые.,0,Syntax
Известная актриса объявила о прекращении съемок двух последних фильмов и намерении найти новую работу.,1,0
"Вина этих людей была только в том, что они добросовестно трудились на своей земле.",1,0
"Нужно было уметь виртуозно завязывать узел на шароварах, а то в экстренней момент его могло так «заесть», что о последствиях лучше и не думать.",1,0
Я был огорчен этой новостью.,1,0
"Среди сотрудников нашего института есть такие, которые отдыхали на юге.",1,0
Я опаздываю на концерт.,1,0
"Со всей очевидностью выяснилось, насколько различались интересы и устремления местных жителей и греческих колонистов.",1,0
Я встречаюсь с приятелями.,1,0
Президент распорядился отчитаться с визитом в Москву 14.02.2012.,1,0
Он нас долго не замечал.,1,0
"Витгенштейн, который вначале признавал только доказуемые истины, впоследствии изменил свою точку зрения.",1,0
Он пришел откуда-то изблизи.,1,0
Он отдал ей свое сердце.,1,0
Это очень тяжелая щетка для полировки пола.,1,0
Вчера в 10 часов я лежал на диване.,1,0
Механическая обработка не полностью отвердевшей формованной конструкции бывает затруднительной вследствие повышенной вязкости этой конструкции.,1,0
"Первый огонек блеснул вдали, на противоположной горе, в одиноком домике близ шлагбаума.",1,0
Оркестр расположен вблизи сцены.,1,0
Он делает три шага к стене.,1,0
"Думаю, что мосты еще не сняли.",1,0
"Он взял свой складной ножик, разрезал на ладони картошку на две равные части и подал своему спутнику.",1,0
"Хочешь, возьми наш ножик!",1,0
В библиотеке всегда кто-нибудь сидит.,1,0
"Последний роль Юсак Мацуда, ушедший из жизни через семь недель после того, как его премьера состоялась в США.",0,Syntax
Они не встречали никакого сопротивления на своем пути.,1,0
Так я и пошел!,1,0
"Специалисты Центра электромагнитной безопасности провели замеры уровня электромагнитного излучения в квартирах домов, расположенных вблизи Останкинской телебашни.",1,0
Я не обвиняю его в жульничестве.,1,0
Частная коллекция — предмет гордости её обладателя.,1,0
Бабушка уговаривает внучку надеть пальто.,1,0
Эта черта характера мне в себе не нравилась.,1,0
Я выпивал по более пяти бутылок в день.,0,Syntax
"У него только одни достоинства, а недостатков нет.",1,0
Я люблю его как брата.,1,0
Они читали жалобы на себя.,1,0
"Это была моя книга, которую ваш ребенок разорвал на куски.",1,0
Ты показал ей это письмо?,1,0
Он вылил воду из лейки на клумбу.,1,0
"Важное сведение, по-видимому, действительно произвело на путешественника сильное впечатление.",1,0
"Люди, и без того жившие на грани нищеты, оказались лишены всех средств к существованию.",1,0
"Казалось бы, положи на стол хлеб, поставь кофейник, мы справимся.",1,0
Иван прождал ее два часа.,1,0
В четвертом квартале 2009 года этот показатель вырос примерно на 35%.,1,0
"Память мне изменяет, и я уже начинаю забывать и путать имена.",1,0
Эта местность получила название Панония.,1,0
"Употребляя букву «ъ» на конце слов, в XIX веке это была лишь дань традиции.",0,Syntax
Я хорошо жил в Москве.,1,0
Два эпизода были сняты на Каннском кинофестивале 2017 года.,1,0
"У кассы горит одна лампочка, и снег на платформе блестит, как соль.",1,0
Я обнаружил его лежащего одного на кровати.,1,0
"Мы согласились, и вот его девушка выходит на сцену перед четырёхстами людьми, и начинает играть музыка.",0,Morphology
Банк в свое время рискнул значительной частью уставного капитала.,1,0
Уже после взаимоотношений с поставщиком или вступать в долгосрочные отношения - отпишит на наших форумах о Компании или корректирует рейтинг компании.,0,Hallucination
Президент Германии пообещал помочь с возвращением домашнего скота в Россию после войны.,1,0
Елка не касается потолка.,1,0
"Одним из упрямцев, умевшими отстоять своё мнение перед преподавателем, был Дельвиг.",0,Syntax
Она часто видится с кем-то из них.,1,0
Картина изображает зимний пейзаж.,1,0
"Проехав два километра в машине, его уже тошнит.",0,Syntax
С начала 1990-х годов европейцы стали использовать ресурсы Канады для производства товаров в США.,1,0
Мой дядя восходил на Эверест.,1,0
"Никсон заявил, что сожалеет о том, что он не знал о действиях своих подчиненных.",1,0
Этот в был очень тяжелым.,0,Syntax
"Студенты, оба знатоки эскимосского языка, не смогли разобрать здесь ни слова.",1,0
Первое появление О. С. Минора в Вильно надолго не затянулось.,1,0
Однажды она встретила его принаряженным.,1,0
Я ощущаю запах гари.,1,0
"Он воображал, он ясно представлял себе, как этот мерзкий пучок станет рассказывать про серую лошадь, про глупого барина.",1,0
Он имеет положение в обществе.,1,0
Девочка опять стояла у окна.,1,0
Она работает в телефонном центре.,1,0
"Я не сомневаюсь, погода изменится.",1,0
"Если вы можете видеть их, хоп не должен быть таким плохим.",0,Morphology
"Ты достаточно взрослая, чтобы разумная все понимать.",0,Syntax
"Животное рисковало жизнью, пытаясь отвести охотника от спрятавшегося олененка.",1,0
У меня было некоторое пристрастие к этому слову.,1,0
Митя повязал платок на шею.,1,0
Я не должен привыкать.,1,0
"Том точно не знает, где живет Мария.",1,0
"Когда он их опустил, Иван Ильич подумал, что чувствует себя хуже.",1,0
"Я подозреваю, что его обманывают.",1,0
Профессор решил поехать на дачу к своей сестре.,1,0
После счастливого конца Тюлин предложил зайти в кабинет к директору.,1,0
"Мне пришло даже в голову, что я не имею нравственного права задавать такие вопросы незнакомому человеку.",1,0
"На деле же то, что выступает под оболочкой «аппаратного» конфликта, есть конфликт более глубокий ― социальный, классовый, идейный.",1,0
У него был какой-то необъяснимый страх перед этим человеком.,1,0
Дома возникли из тумана.,1,0
"Если это возможно, включите в рацион молоко, гей и мясо.",0,Hallucination
Я Ивану об этом рассказывал одному.,1,0
"Если он может решить все задачи,у него выдающиеся математические способности.",1,0
Компания была вынуждена переориентировать инжекторные и производственные колодцы и изменить объемы закачивания воды в различные части водохранилища.,1,0
Это здание напоминает античный храм.,1,0
"Кроме того, впервые литовцы однозначно высказали требования к полной независимости Литвы.",1,0
"Кстати, не случайно первым указом преемника было освобождение Ельцина и его семьи от ответственности за любые, совершенные в бытность на посту президента.",1,0
Не благоухает больше роз на его газоне.,1,0
"Сначала я долго гулял, а после возвращения домой, расположившись в беседке, страницы нового романа захватили меня до самого вечера.",0,Syntax
У малыша отняли единственную игрушку.,1,0
"Из всех задач выбрал самую трудную задачу, чтобы с нее начать.",1,0
Сестра красивая Андрея очень.,0,Syntax
"Смотри, они начали ставить палатку.",1,0
В зал вносят четыре ящика.,1,0
В том же году он официально отказался от своих прав на Саксонский трон и стал иезуитским священником.,1,0
Именно этим объясняется неприемлемость предложений вроде.,1,0
Вам не обязательно иметь собственный телевизор.,1,0
Athos Travel предлагает размещение в Moclips по непобедимым ценам.,1,0
"Немного поодаль, на лугу, паслись выпря женные лошади.",1,0
У дивана стоял маленький журнальный столик.,1,0
"Аналитики утверждают, что в наступившем году на рынке ценных бумаг можно ожидать значительных изменений.",1,0
В этом слове я все время делала ошибку.,1,0
Мы пригласили лично президента.,1,0
"Закончив все сборы, по громкой связи было объявлено о том, что на первом этаже корпуса №1 состоится общая заключительная встреча.",0,Syntax
"Редко так бывает, чтобы она подолгу никуда не ходила.",1,0
На лекции присутствовал Иванов.,1,0
Он отрицает существование каких-либо планов на этот счет.,1,0
"Природа играет огромную роль не только в творчестве художников, но и композиторов, писателей, людей других творческих профессий.",0,Syntax
Ко мне приехали родственники.,1,0
"Он сидел в кресле, а рядом с ним стояла недопитая бутылка вина.",1,0
"Стараясь убедить читателей, многое зависит от того, какие примеры вы приводите.",0,Syntax
"Я хочу, чтобы в комнате был виден беспорядок, чтобы все стояло вверх дном.",1,0
"Провожая взглядом осенний караван журавлей, деду Семёну всегда становилось грустно.",0,Syntax
Звенела музыка в саду.,1,0
Жалобы этой женщины мне надоели.,1,0
"Вокруг все спали, и большое количество спящих мужчин напоминало картину «Поле после битвы».",1,0
"Некоторых читателей, забывшимся и потерявшим ход времени, библиотекарям приходится просить покинуть учреждение после закрытия.",0,Syntax
"Они показали впечатляющую работу, которая смело бросала вызов молодёжи с различными жанрами.",0,Syntax
Вблизи перед нами серебряной нитью взвивалась почти бесшумная фонтанная струя.,1,0
"Я не надеюсь, что он уедет.",1,0
Этот ручей прошлым летом пересыхал.,1,0
"Расположен в городе Ниш, Крвени-Крст.",1,0
"Честно говоря, Бобби зарвался.",1,0
"В Музее изобразительных искусств представлены не только полотна живописцев, а и творения мастеров Клуба авторской куклы.",0,Syntax
"В ту субботу я, окончив дела, как обычно поехала к Игорю.",1,0
Иван не попал на выставку.,1,0
Он не погладил рубашку.,1,0
Они не встречали какого-либо сопротивления на своем пути.,1,0
"Мы отправим на эту конференцию наши доклады, потому что она для нас будет очень важна.",1,0
"Тут у самого входа на Бронную со скамьи навстречу редактору поднялся тот самый гражданин, что тогда при свете солнца вылупился из мирного зноя.",1,0
"Замечательнее всего то, что знакомство с секретами, известными ими, позволит вам перенять эти секреты.",0,Syntax
"Не требуется разрешение, если необходимо пройти прямо по парку без остановки.",1,0
"А вот сидит возле Ирочки, будто сам парализованный.",1,0
Меня не оказалось дома.,1,0
Она кажется отсюда такой молодой!,1,0
Провода гудят от ветра.,1,0
"Оно либо ничего не будет делать, либо будет метаться — совершать в беспорядке все действия, которые есть в таблице.",1,0
Ни одна дыня не попала в магазин.,1,0
Ты не оперся о мою руку.,1,0
"В 9.15 слушайте рассказ Гайдара ""Дым в лесу"".",1,0
Иван обнаружил у себя в кармане дыру.,1,0
"Пришлось еще раз перепроверить результаты, в которых он выразил желание быть уверенному на 100%.",0,Syntax
"В Риме умер один из величайших художников нашего века, мой соотечественник Орест Кипренский.",1,0
"Она сидела рядом с мужем, слегка прижимаясь к нему.",1,0
Я не хочу стричь волосы.,1,0
"Вы республиканец, но я демократ.",1,0
Он держал книгу в руках хотя бы минуту.,1,0
Вечной красою сияет природа и удивляет нас своим величием.,1,0
"Я думаю, что ты несомненно прав.",1,0
"Теперь я понимаю, как ей тяжело.",1,0
Статья была всё-таки опубликована вопреки мнения журналиста.,0,Syntax
Я получила эту книгу в подарок.,1,0
Лена собиралась пойти посмотреть сама.,1,0
"Несмотря на учёную степень, мой собеседник оказался редкостным невеждой, мало что знающим в области науки.",1,0
"Жена Аршавина рассказала о том, что муж всегда казался ей похожим на знаменитого английского футболиста Питера Соломона.",1,0
"И вдруг однажды замечаю, что в одной из бутылок, которую я опорожнил накануне, почему-то осталось граммов сто водки.",1,0
С первыми четырьмя из приведенных тезисов мы уже разобрались.,1,0
В комнату вошла девочка лет восьми с двумя мелко заплетенными косичками.,1,0
"В долинах, пастбищах, склонах гор зазеленела трава, воздух наполнился ароматом весны.",0,Syntax
Они решили одни распоряжаться.,1,0
"Разбрелись по каруселям, балаганам, качелям, слушают песни цыган, пляски, сами пляшут, купаются в реке.",1,0
"Нет, мой брат не дома.",1,0
"Чтобы заметить это явление, нужна полная тишина.",1,0
Инфекция ослабляет сопротивляемость организма и повышает риск нового заболевания.,1,0
Шампанское не было в холодильнике.,1,0
До него эти звуки не доносятся.,1,0
Победных маршей не гремело.,1,0
Я скучаю по ним ужасно.,1,0
"Оставляя ребенка одного, я рисковала.",1,0
Кино в СССР считалось «самым важным из искусств».,1,0
"Елизавета, воспитанная в строгих правилах, очень любила и восхищалась своей матерью.",0,Syntax
Платье на красавице шелестело.,1,0
Она сразу не стала использовать свой диплом.,1,0
Она сегодня кого-то ждет.,1,0
Можно не ходить на концерт.,1,0
Голословно заявилось о преследованиях мирного населения.,0,Semantics
"Попугайчика вовремя не покормили, и он умер.",1,0
"Дай Бог, чтобы все обошлось благополучно.",1,0
Эти студенты — сами специалисты в эскимосском языке.,1,0
"Чем хочешь ты, чтобы я поклялся?",1,0
С вершины горы будет открываться прекрасный вид.,1,0
План Саши Маша продать квартиру.,0,Syntax
Отец никогда не был в Москве.,1,0
"Роспотребнадзор рекомендует взрослым есть не больше 0,5 кг мясных продуктов в неделю.",1,0
Он был в полном отчаянии.,1,0
"Дети видят это не как работу, а как помощь, потому что чувствуют ответственность за то, что происходит в их сообществах.",1,0
Кто не был в музее Толстого?,1,0
"Вертясь у нее на глазах, ты рискуешь ей надоесть.",1,0
"Конечно, ни Иванушка, ни этот клетчатый не толкали под трамвай несчастного председателя МАССОЛИТа, физически, так сказать, его падению под колеса не способствовал никто.",1,0
Телевизора нет в мастерской.,1,0
"Напомни мне, позвонить Саше.",1,0
В каких странах проводится исследование загрязнения воды?,1,0
Вопреки вчерашнего неблагоприятного прогноза весь день светило яркое солнце.,0,Syntax
"Снизу, у фундамента, густо выбивался чертополох: пахло сыростью и известкой.",1,0
Книга была нарочно куплена студентом у букиниста.,1,0
"Каждое утро подается марокканский завтрак, а местные блюда можно съесть на террасе, на террасе или в традиционной гостиной.",1,0
"Я уверен, что он возможно прав.",0,Semantics
Премьера этого реалити-шоу состоялась на ABC 19 марта 2013 года.,1,0
Он не выбрал преемником Бибикова.,1,0
Мексиканский боксер сумел избежать гибели после серии пулевых ранений.,1,0
Ни один звук не вырвался у меня из гортани.,1,0
"Готовые тосты можно украсить базиликом, который нужно предварительно вымыть, хорошо отряхнуть от капель и нарезать полосками.",1,0
Букинист с особой целью продал книгу студенту.,1,0
"Вчера у меня была Маша, и я отдала ей все деньги, которые у меня были.",1,0
Альфред не любит современную музыку.,1,0
Мюрат создал военный трибунал под председательством генерала Груши.,1,0
"Иван не знает, что она приехала.",1,0
В понедельник в Бостоне шел дождь.,1,0
"Нельзя не обратиться к кому-то близкому, когда чувствуешь себя таким несчастным.",1,0
"Заглянув на урок, директору представилась интересная картина.",0,Syntax
Платье у бедер слегка расширяется.,1,0
И не был он только на Днепре.,1,0
Я здесь по своей воле.,1,0
Когда вы поедете снимать дачу?,1,0
Реакция журналов и фанатов была очень хорошей!,1,0
Вымой руки и накрывай на стол!,1,0
"В ходе охотничьей войны в Кангерлуссуак не были поселений, но этого было.",0,Hallucination
"Мне предоставилась возможность все видеть, самому оставаясь незамеченным.",1,0
Члены НСЭТ избираются сроком на пять лет.,1,0
"В основном среди депортируемых оказались женщины, дети и старики, так как большая часть мужского населения находилась в плену.",1,0
До провозглашения независимости Ливии (1951 год) Триполи был одним из центров национально-освободительной борьбы.,1,0
"Я думаю, он согласится.",1,0
"Поджоги нельзя принять за причину, так как и без поджогов все было бы то же самое.",1,0
"Пожалуйста, скажите мне, что это не так.",1,0
В офисе компании нам предоставили всю необходимую информацию.,1,0
Не сохранили каких бы то ни было записей.,1,0
"Иди, а то Иван скажет, что ты заставил его ждать.",1,0
Более простых решений мне неизвестно.,1,0
Эта закономерность была подмечена им первой.,1,0
"Проходя мимо дуба, уходящего ветвями далеко в небо, на меня свалился жёлудь.",0,Syntax
Он даже на себя перестал быть похож.,1,0
В углу комнаты — бывший камин и бронзовые часы на нём.,1,0
Но трудно человеку недовольному не упрекать кого-то другого.,1,0
Я беру за страницу 20 копеек.,1,0
"Это чай, который ты попробовал торт и не допил.",0,Syntax
"При условии, что много заниматься с ребенком, можно добиться больших успехов.",0,Syntax
Чего ради я побегу?,1,0
"Петербургский период в творчестве А.С. Пушкина не только характеризуется большей стилистической свободой, но и ломкой жанровых границ.",0,Syntax
"Жестокая, почти невыносимая боль пронзила его тело.",1,0
Рыба изобиловала в реке лососем.,0,Syntax
"Только бы он громко не закричал, когда найдет решение.",1,0
"Когда прибыло больше китайских мусульманских войск, они усилили китайский гарнизон в Кашгаре.",1,0
В каких населенных пунктах есть склады?,1,0
Когда вы в последний раз были в зоопарке?,1,0
Ветви сирени почти касаются моего балкона.,1,0
"Все разбежались, когда началась гроза.",1,0
"Образованный человек как хорошо знает литературу, так и историю.",0,Syntax
Мой первый эксперимент был с небольшим количеством белой волны ткани.,0,Hallucination
"Все это не так весело, как вам кажется, садитесь и пишите объяснительную!",1,0
"Буддизм призвал разглядеть половое поведение с точки зрения этого, что оно вредоносно.",0,Morphology
Он встал около меня и начал выговаривать за опоздание.,1,0
Он ест две груши.,0,Semantics
Он преодолел уже две трети расстояния.,1,0
Где я имею право загорать голым?,1,0
"Кто, как не сама природа, научила будущего скульптора пристальнее вглядываться в формы предметов.",0,Syntax
"Кто написал ""Войну и мир""?",1,0
Наиболее интересные из них связаны с туризмом.,1,0
"Одни продолжали работать по старинке, а другие перешли на новые условия труда.",1,0
"Выставили вино, чтобы все не разбежались.",1,0
"Если они и смеялись, то не громко.",1,0
"Никогда не знавшая семейного уюта Алена пригрелась возле Нины Карповны, как бездомный котенок.",1,0
"Глава местного женского института отказывается санкционировать календарь, поэтому Крис и Анни подали заявление на национальный конгресс женского института в Лондоне.",1,0
"Это лучшее злое, но я даю ему ноль в качестве цели.",0,Hallucination
У тебя есть с кем посоветоваться?,1,0
"Размышляя над живучестью шариковых, понимаешь, что до какой степени они лишены человеческих чувств, кроме инстинкта самосохранения.",0,Syntax
"Что запирается, так что инструментом не смогут воспользоваться без ведома владельца?",0,Syntax
"Я сказал, что уорхол не буду ограничиваться только вместо этого или если он изобразительным искусством или дизайном.",0,Hallucination
"И я бы прибавил, что, когда я был заперт в этих четырех стенах, именно тогда я понял самое главное.",1,0
"Мы, забыв про ссоры, вместе пытались выяснить, что получил ли каждый участник ответное письмо.",0,Syntax
"Уильям Шрёдер стал первым в мире человеком, выписанным из больницы с искусственным сердцем.",1,0
Два часа мы хлюпали по болоту.,1,0
"Хорошо, если ты станешь кандидатом наук.",1,0
Вода кипит при 100 градусах.,1,0
В это время у соседей послышался шум.,1,0
В этот момент он ее уже ненавидел.,1,0
"Если никто не являлся на работу, она воспринимала это как личное оскорбление.",1,0
"В конце XVII столетия науке стало известно о существовании необычного млекопитающего, откладывающем яйца и насиживающем их: это был утконос.",0,Syntax
"Я запросил 10 рублей, и он мне дал.",1,0
"Добавлю, что он, возможно, вообще откажется.",1,0
"Я видел, как машина взорвалась.",1,0
Задавал ли он тебе какие бы то ни было каверзные вопросы?,1,0
"У «Белого дома» были и русские, и евреи, и армяне.",1,0
"Морщины, спина согнулась, а все-таки в слабых кривых ногах видны были приемы старого кавалериста.",1,0
Этот звук его долго доставал.,1,0
Почему Вани не было в школе?,1,0
Я стучал три раза.,1,0
Я о тебе тогда вспоминала.,1,0
Его взяли в наш институт.,1,0
Он тоже исчезает в инопланетяне.,0,Morphology
"Когда я закончил читать эту книгу, то я понял то, что у автора глубокий смысл.",0,Syntax
Мы благодарны за вашу помощь.,1,0
Душа писателя выразила долю своей сокровенной жизни.,1,0
"Брана подтвердил, что планировал начать съемки в январе 2010 года, после чего Marvel сдвинула дату релиза фильма почти на год позже планировавшейся.",0,Syntax
"Многие млекопитающие – дальтоники, они не различают те или иные цвета.",1,0
Я удивился его приходу.,1,0
"Читая стихотворение, чувствуются переживания автора.",0,Syntax
Тут перед глазами Римского возник циферблат его часов.,1,0
"После крушения ""Стокгольма"" он вернулся в Швецию.",1,0
"Я не мог поверить, что этот ужасный человек и есть я.",1,0
Я взял деньги у сестры.,1,0
"Ваши данные не просто данные, это ваши семейные фотографии, ваши финансовые документы, ваша музыка – ваша жизнь.",1,0
"Наша дивизия была довольно глухая, стоявшая вдали и от Петербурга и от Москвы.",1,0
В то время у меня был друг.,1,0
Завтра я буду ему звонить.,1,0
В прошлом году я лежал в больнице МПС с воспалением легких.,1,0
"Что за случаи нарушается произношение, в 15—40 % случаев при малой хорее за счёт непроизвольных сокращений мышц.",0,Hallucination
Мама забрала меня в парк.,1,0
Он никогда не поет.,1,0
"Я и раньше любил литературу, но сейчас она мой любимый предмет.",0,Semantics
Среди моих студентов есть способные.,1,0
"Кто ты не знаешь, как работает?",0,Syntax
Так саркастически может писать только этот журналист.,1,0
"Звезду ""Смугения"" стал бывшим трейни впервые назвали.",0,Hallucination
Политехнический музей проводит огромную работу по сохранению и популяризации истории технических достижений страны.,1,0
В настоящее время в девяти регионах Восточной Сибири и Дальнего Востока ведется работа по проектированию и строительству газоснабжения.,1,0
Я не решил всех ваших задач.,1,0
Я хочу купить учебник по физике.,1,0
В настоящее время РНЗНВР состоит из четырех региональных подразделений.,1,0
На веранде имеется кресло –– ты можешь отдохнуть.,1,0
"Ляг на спину, вытяни левую ногу, правую согни в колене и тяни её к себе.",1,0
"Несколькими яркими, красочными мазками художник изобразил разбежавшуюся по лужайке детвору.",1,0
Я стою прямо рядом с вашим домом.,1,0
Ставшие первыми статьи о коррупции назвали важные для судебно-правовой системы государства вопросы (94).,1,0
"Он унаследовал семейную землю от своего отца, Обицзо II, которого Данте предложил в аду убить.",1,0
Никогда я на Камчатке не был.,1,0
Он решил не все задачи.,1,0
Он стоял совсем близко от меня.,1,0
"На спектакль в каком театре пришел Иван, несмотря на головную боль?",1,0
Количество сахара в хлопьях по норме снижено до 11граммов на порцию.,1,0
Налицо неподвластность человеческого тела каким-либо манипуляциям.,1,0
Уокера можно сказать это девиз в жизни: он ел только экологически чистую пищу с помощью лишь здоровой пищи.,0,Hallucination
Иван не был дома и месяца.,1,0
"Голдман утверждал, что участвовал в более чем 400 ботах, но большинство из них были незамеченными.",0,Hallucination
Вы уже совсем здоровы.,1,0
Незнайка ударил его палкой по спине.,1,0
"Станцию метро ""Комсомольская"" построили рядом со снесенным взрывом зданием 1С к северу от Тольятти.",1,0
Я принял его за военного.,1,0
Это не займет много времени.,1,0
Пальмер был членом около 25 североамериканских и 4 зарубежных научных и природоохранных организаций.,1,0
"Два примуса ревели на плите, возле них стояли две женщины и переругивались.",1,0
Диагональ ромба является его осью симметрии.,1,0
Toyota подготовила путеводители по безопасности в стране (Time).,1,0
"Сбербанк представил новую операционную систему для смартфонов ""Серафим"".",1,0
"Иван сказал, что он заболел.",1,0
В данный момент т. Иванов перелетает Атлантику.,1,0
"Те, кто читал роман Л. Н. Толстого «Война и мир», помнит описание Бородинского сражения.",0,Syntax
"Он задел часы щеткой, когда подметал пол.",1,0
Тот камень имеет форму книги.,1,0
Вы закладываете; стоит ли это больше читать?,0,Semantics
"Если вы поторопитесь, вы рискуете попасть к такому же Мельнику, от которого столь поспешно сбегаете.",1,0
"Я пошла к бабушке, и возле нее время незаметно про текло до 11 часов.",1,0
"У него отсутствуют все рефлексы, кроме глотательного.",1,0
"Неведомая сила, казалось, привлекала его к нему.",1,0
"Его губы шевелились, но слов не было слышно.",1,0
"Сила эта — ветер и волны, которые захлестывают узкое пространство берега возле гор.",1,0
Ему назначен небольшой оклад в $300.,1,0
Ребёнок XXI века слабо развит физически и подверженный большому количеству заболеваний.,0,Syntax
Он жил в одном из переулков около Арбата.,1,0
"Считается, что атланты, уцелевшие по окончанию катаклизма, разбрелись по всему свету и передали свои знания и египтянам, и майя, и ацтекам.",0,Syntax
Миша и Коля купили вчера книгу.,1,0
"Я видела его вчера нет, позавчера.",1,0
Раньше их программа состояла из трех пунктов.,1,0
"Она дала ему три карты, с тем, чтобы он поставил их одну за другой, и взяла с него честное слово впредь уже никогда не играть.",1,0
Стаканы есть в шкафу.,1,0
"Штрафуй нас, товарищ всемирный академик!",1,0
"Я наконец решился и задал ему вопрос: ""С кем ты виделся и беседовал в чем?""",0,Syntax
Двух недель не прошло.,1,0
Разбуженный Алёша грохотом грома потом долго не мог заснуть.,0,Syntax
Не прочту даже предисловия.,1,0
Чтобы я стала с ним связываться!,1,0
Я гулял уже полчаса.,1,0
Пока же нет даже приличного ответа на вопрос: почему так возбудилась прокуратура?,1,0
"В РФ создали новую пушку, которая позволяет наносить урон сквозь стены.",1,0
К около десяти километрам скоро достроят новые пять километров набережной.,0,Syntax
Ты зачем чужое взяла?,1,0
У нее есть седые волосы.,1,0
"В своих статьях этот журналист поставил вопросы, волнующих многих его современников.",0,Syntax
Бурмин был в самом деле очень милый молодой человек.,1,0
"Я считаю, что он, несомненно, прав.",1,0
"У меня есть Мария, а у нее есть я.",1,0
"Как сейчас, когда почти все деньги уходят на выплаты по кредитам и бывает не на что залить бак бензином.",1,0
Приехал директор института член-корреспондент Петров.,1,0
"Вася сказал: ""У меня кое-что для тебя есть"".",1,0
"Этот визит, вероятно, уже давно был решен и обдуман.",1,0
Я говорю с адвокатом.,1,0
"Родители наняли мальчику гувернера, учить его французскому языку.",1,0
Бондар заявил о своём намерении защищать свои честь и достоинство в суде.,1,0
Приступать с такими важными сборами к суду над маленьким поэтом — все равно что описывать жизнь какого-нибудь столоначальника тоном Плутарха.,1,0
"Эти врачи, специалисты каждый по нескольким областям медицины, готовы к экстренному приему.",1,0
"Новая эстетика, которая возникла в творчестве художников-авангардистов, коренным образом изменила прежние греко-римские представления о художественной ценности искусства.",1,0
Он не помог нам советом.,1,0
Следов высокоорганизованной материи не обнаружено.,1,0
Иван заставил меня написать диссертацию.,1,0
"Потом вскочил, обмотал шею шарфом два раза почему-то и велел нам с мамой срочно пойти гулять.",1,0
"Какое наименование имеют танки, сделанные в 1951—1954 годах.",1,0
Формы единственного числа не существует.,1,0
Я говорил с ним только ради Вас.,1,0
"Мальчик-реалист с остановившимися глазами и испуганным выражением лица, не спуская глаз, смотрел на старика.",1,0
Перед домом стоит девочка.,1,0
Прямо против двери пруд.,1,0
В феврале 1866 года в долине реки Кудако в Кубанской области образовалась первая в стране нефтяная фонтана.,0,Syntax
Кольцо составит примерно 5% от общего освещения Хаумеи.,1,0
"Она его уговаривает, а он твердит: ""Ни за что!""",1,0
За стеной кто-то кашлял.,1,0
"В Пенсильвании девушка получила степень бакалавра искусств по специальности ""востоковедение"".",1,0
"На мелководных участках растительность образует перемычки, разделяющими озеро на отдельные плёсы.",0,Syntax
"И как чувствовал я в этот день всю сладость страстных рыданий матери, когда заливающийся тенор грустно утешал ее неизреченной красотою небесных обителей.",1,0
"Опытные садоводы считают, что правильно выращенная живая изгородь намного долговечнее и надёжнее самых крепких заборов.",1,0
"Заметьте, стоимость ужина не включает в себя напитки.",1,0
Танцоры стучали каблуками в такт музыке.,1,0
Этот процесс имеет решающее значение в электронной промышленности.,1,0
Это поселок лежал вдали от больших городов.,1,0
"Первый огонек блеснул вдали на противоположной горе, в отдаленном домике близ шлагбаума.",1,0
"Транзит 1639 года также наблюдал Уильям Крабтри из своего дома в Бротоне, недалеко от Манчестера.",1,0
Она стояла на коленях возле постели умирающего сына.,1,0
Планировка состояла из двух коротких прямоугольников.,1,0
Он мог бы там с кем-нибудь познакомиться.,1,0
"Тут пара чулок барышниных, да наволочка, да два полотенца.",1,0
У него есть много статей на эту тему.,1,0
Возьми из моего чемодана плед и накрой Машу.,1,0
"Если бы кто-нибудь из них уехал, мы бы об этом знали.",1,0
Но решение начала строительства принято было только в 1812 г.,1,0
Михаил Бабич вступил в должность министра занятости Белоруссии 5 апреля.,1,0
Он объясняет отсутствие аппетита утомлением.,1,0
"Это то, что они пришли к пониманию, что самое важное, чему дети должны научиться, это характер.",0,Syntax
По вечерам они сидят возле своих телевизоров.,1,0
Какой он там ученый!,1,0
"Когда он делает что-то, он делает это тщательно.",1,0
Он не ест каши.,1,0
"Меня не было в зале, когда выключили свет.",1,0
"Эмпирические данные подтверждают существование ""динамического поведения"" частиц во внешней атмосфере газа.",1,0
"Граф же Строганов внимательно слушал каждую лекцию с начала до конца, никогда не оскорбляя профессора преждевременным выходом из аудитории.",1,0
"Он был задержан участковым милиционером, приведён в отделение за нарушение порядка на улицах Прибайкальска.",1,0
"В целом — не то чтобы сногсшибательная, но чрезвычайно важная пластинка.",1,0
Ледяной покров продержался на реке до апреля.,1,0
Это начинает мне надоедать.,1,0
Специалисты связывают понижение курса с падением индексов.,1,0
Ты посылал ей приглашение на свадьбу?,1,0
"Я слышал, что вы заплатили кому-то, чтобы это сделать.",1,0
Вдали близ шлагбаума виднелся маленький красный домик.,1,0
"Самого Филиппа Царь решает помиловать, но навечно ссылает его в монастырь, где тот содержится как узник, лишённый даже воды.",1,0
Нужны мне ваши деньги!,1,0
"Поскольку погода была хорошая, он не пошел гулять.",1,0
Он шел около пленного и подталкивал его прикладом.,1,0
"Это был 1950 год, он закончил аспирантуру на нем в трудное время после войны.",0,Syntax
Вчера мне нужно ехать на завод.,0,Semantics
Это дает нам веру в победу.,1,0
Он взял на себя расследование этого запутанного дела.,1,0
"Леша одел младшую сестрёнку, и они отправились встречать папу с работы.",1,0
Это не связано ни с какими конкретными задачами.,1,0
Длительное время эта известная актриса поражает своим талантом зрителей и театральных критиков.,1,0
"Я не знаю, статью ли Саша пишет.",1,0
"Я очень люблю ловить рыбу и занимаюсь этим не только летом, а также зимой.",0,Syntax
Он живет в небольшом городке на Оке.,1,0
Иван прождал уже два часа и продолжает ждать.,1,0
"Финансовый строй Веймарской республики, сложившийся в результате ноябрьской революции 1918 года, также не способствовал эффективному функционированию СФВ, несмотря на создание хорошо разработанной законодательной базы.",1,0
Несколько дней тому назад я получила еще одну посылку.,1,0
"В 2016 году количество безработных увеличилось до уровня 2009 года на рынке труда США; экономика Китая испытала ""деэскалацию"".",1,0
"И помните, что иногда именно те вещи, которые вы не ожидаете, станут самыми большими изменениями.",0,Semantics
Я получила к нему отвращение.,0,Semantics
"Но, уже поняв, что это морковь, она понюхала пучок, как букет роз, и продолжала раскланиваться, как будто ничего не случилось.",1,0
"Мне надоело сидеть здесь, выслушивая глупости.",1,0
Проблема экономического роста и его темпов — одна из важнейших в макроэкономике.,1,0
Нам назначили консультацию на 2 января.,1,0
Они не вытекают из подлинной сексуальной взаимодополняемости.,1,0
"Солигорский турнир завершился вничью, кому достался титул чемпиона России.",0,Hallucination
Он долго не огорчался.,1,0
"Рядом с ней бежала молодая женщина в темно-синем пальто, а сзади — высокий мужчина в полушубке.",1,0
Каждое утро я его будил.,1,0
"Выслеживая добычу, в душе охотника просыпаются чувства предков, рисковавших жизнью ради пропитания.",0,Syntax
Ты когда-нибудь разбивал ценную вазу?,1,0
Где в Москве состоится конференция?,1,0
В детский центр Шахтёрского поселка в Трёхкилометрах от московских шахтеров проходит школьная школа.,0,Hallucination
В мае в Москве проходит книжная ярмарка.,1,0
Других улик не сохранилось.,1,0
Я встречался с приятелями.,1,0
"Я знал, что этот таинственный незнакомец часто мне помогает.",1,0
"В народном творчестве о Байкале не только звучит огромная любовь, но и ещё нечто большее.",0,Syntax
Он взял ребенка на руки.,1,0
Она была названа в честь югославской народной армии.,1,0
Он получил доказательство теоремы Ферма.,1,0
"Но я считаю нелишним сохранить его здесь в том виде, как он был рассказан мне Владимиром Галактионовичем 24 июня 1910 года.",1,0
Я встретила ее около своего дома.,1,0
"Том сказал, что он видел, как Мария делает это.",1,0
К злостным нарушителям правил дорожного движения будут применяться суровые штрафные санкции.,1,0
"Высказав мысль о необходимости разностороннего образования, она очень слабо аргументирована.",0,Syntax
"Слепой мальчик тянулся за дудкой, брал ее дрожащими руками и прикладывал к губам.",1,0
Никогда до этих пор я не слышал от него таких безнадежно-отчаянных стихов.,1,0
Операция может иметь или не иметь различных свойств.,0,Syntax
Ветки деревьев слабо звенели.,1,0
Два билета по двенадцать будет двадцать четыре.,1,0
Сегодня мы выдаем замуж Машу Кулакову.,1,0
Мне не хотелось спрашивать об этом кого-нибудь из них.,1,0
На козлах тарантаса сидел крепкий мужик.,1,0
Я уже полчаса тебя бужу.,1,0
Иван стоит на углу.,1,0
Но эти демонстранты просто живут у озера и их тревога вполне понятна.,1,0
"В США назвал два сольных альбома, которыми он совершил турне с участием в группе Dry Bones.",0,Syntax
Она сидела рядом со мной и плакала.,1,0
"Длительное время (примерно 200 лет) историки и лингвисты полагали, будто единый центр расселения славян находился в среднем Приднепровье.",1,0
Сейчас она старше своей матери.,1,0
Настина мама гораздо красивее Аниной мамы и Настиного папы.,1,0
"Она выразила желание быть мне полезна, и я поспешил им воспользоваться.",1,0
Сколько их было в красных местах?,1,0
Нобелевскую премию кому дадут?,1,0
"Шимпанзе сидело в клетке и злобно скалилось, показывая жёлтые зубы.",0,Syntax
"После того, как Шлезвиг-Голштейн был отторгнут от Дании, между Австрией и Пруссией возник конфликт.",1,0
"Не смотри на них, пусть себе смеются, ошибка в грех не ставится.",1,0
Загрязнения воды не существует.,1,0
"Я думаю, что он, несомненно, прав.",1,0
Близко от него сидит молоденькая девушка и читает какую-то книгу.,1,0
Молодая красивая девушка сидела на подоконнике недалеко от двери и курила.,1,0
Некоторые сотрудники нашего института отдыхали на юге.,1,0
Далеко он не ушел.,1,0
Слушатели передачи ожидали и надеялись на встречу с известным телеведущим.,0,Syntax
Перворазрядник выиграл у чемпиона.,1,0
"Абонементы на концерты, проходящие в Концертном зале имени П.И. Чайковского, можно приобрести во всех кассах Московской государственной академической филармонии.",1,0
Сотни безработных мужчин спит там день и ночь.,0,Syntax
Это помогает обойти необходимость манипулирования DOM и облегчает инициализацию и прототипирование веб-приложений.,1,0
Ни одна стрела не попала в цель.,1,0
"Лечебные учреждения региона оказывают их, руководствуясь правилами, утвержденными областным управлением здравоохранения, а документ этот, мягко говоря, несовершенен.",1,0
"На Маше ли он женился, или на Кате – все лучше, чем одному.",1,0
"Когда ты вошел, я не обедал, а читал газету.",1,0
Он выбрал для прогулки тихую улицу.,1,0
"Закончив самостоятельную работу, тетради были сданы учителю.",0,Syntax
"Последним выступающим был вице-губернатор Марон, которому пришлось также отсидеть пять часов, чтобы удостовериться, что выиграл кандидат, поддержанный администрацией.",1,0
Защита от произвольного и незаконного вмешательства в частную жизнь обеспечивается четвертой поправкой к Конституции и федеральным законодательным актам.,1,0
В Астане много иностранных туристов.,1,0
Более 50% зданий на бывшей военной базе под Екатеринбургом подверглись разрушительному налету животных или вандалов.,1,0
Тираны всюду и везде уподобились пастухам старых басен.,1,0
Комитет как и любой другой орган имеет внутренние недостатки.,1,0
"Он рассказал мне замысел поэмы, которую, вероятно, хотел, чтобы я прямо по замыслу, без текста перевел.",1,0
И какой же русский не любит быстрой езды.,1,0
Один из них — профессор Макс Мюллер.,1,0
Все это время чайник кипел.,1,0
"По крайней мере она берегла все, что могло его напомнить.",1,0
"Появился этот юноша, можно сказать, при романтических обстоятельствах.",1,0
Я гуляю уже два часа.,1,0
"Делайте так, как вам было сказано.",1,0
Кирпичный завод был построен у деревни «Малые Вяземы».,1,0
Он остался невредимой и в морозе.,0,Syntax
Корабли растаяли в тумане.,1,0
Одного языка никогда не бывает достаточно.,1,0
В Индии произошло мощное землетрясение.,1,0
Некоторые из моих одноклассников - чистые тупики; они ничего не знают о компьютерных науках.,1,0
"Не только гуманитарные науки привлекали Павла: с не меньшим жаром он отдавался математике, астрономии, химии, минералогии.",1,0
В первом туре партия не поддержала партию о своих кандидатах.,0,Hallucination
"Суть Государственного совета определена в его названии — он должен давать советы, к которым президент может, но не обязан прислушиваться.",1,0
"Ваша единственная цель - выяснить, что произошло с Бату Ремом.",1,0
Действительно развитая цивилизация основана на достижениях в области энергетики.,1,0
У меня сейчас отпуск.,1,0
"Лыжи, мешок с сухарями и все нужное для побега было давно запасено у него.",1,0
"Пастуший сезон кончился, и пастух был озабочен поисками работы на зиму.",1,0
"На мгновенье возникло передо мной окровавленное лицо учительницы, но кровь не напугала, не отрезвила меня.",1,0
"У меня не было денег, а у тебя были.",1,0
"Социалистическая пресса, политические встречи, партия борьбы – огромный и красивый праздник интересов и страстей.",1,0
Наполеон разбил войска коалиции.,1,0
Он не решил всех ваших задач.,1,0
"Если вы красивы, вы будете проданы на рынке, вы станете товаром.",1,0
"Я получил возможность все видеть, сам оставаясь незамеченным.",1,0
И ночные вызовы на работу случались.,1,0
"Там нет ни трудностей, ни каких-либо интересных задач.",1,0
Ефим тоже растерялся и второпях – от благодарности – слишком занизил цену.,1,0
С каждого дерева упало по груше.,1,0
Ты еще за это поплатишься!,1,0
"В это время появились новые более совершенные машины, и кто-ни будь имел счастье работать с ними.",0,Semantics
Этот фильм показывали по телевизору.,1,0
Работа с денежной наличностью — вопрос серьёзный для каждого предприятия.,1,0
Только один раз ко мне приехали родственники.,1,0
Он никому не написал.,1,0
Каждому произведению дается одностороннее введение.,1,0
"Я утверждаю, что кто может объять необъятное.",0,Semantics
Я сейчас пишу письмо.,1,0
"Витя, чтоб наверняка, стреляй по этим.",1,0
"Я считаю, что ему надо отдохнуть.",1,0
В Кабмине планируют увеличить продолжительность государственной докторантуры.,1,0
Коряга высовывалась из воды.,1,0
Он дошел до деревни.,1,0
"Кибергруппа ""Ленинград"" нашла музыканта для своего состава.",1,0
Обычно проданный ламбик является смесью различных сортов его.,0,Syntax
"Я показал этот текст студентам, обоим специалистам в эскимосском языке.",0,Syntax
"Изменив название пьесы, была подготовлена новая афиша.",0,Syntax
Такой мысли не возникает.,1,0
Пришел бы Миша поскорее.,1,0
Мы не считаем его виновным.,1,0
Он заболел еще в прошлом месяце и до сих пор с него болеет.,0,Syntax
"Это вдвое меньше прошлого летнего турнира в Афинах в Аруба, где было представлено четыре спортсмена в трех видовах.",0,Morphology
Я ехал на перекладных из Тифлиса.,1,0
Весь позор я принимаю на себя: пусть меня судят.,1,0
Сильно они от этого не зависят.,1,0
Вы хоть что-нибудь записать успели?,1,0
"Благодаря уникального набора микро- и макроэлементов, аминокислот, лецитина, перепелиные яйца с успехом используются в косметологии.",0,Syntax
"Специалисты съехались со всех концов страны, с других трубных заводов, и живут без них.",1,0
"После работы просыпался, как говорят, зверский аппетит, и он, этот аппетит, требовал котлет или хотя бы колбасы.",1,0
Я разговаривал с директором на прошлой неделе.,1,0
Коли на месте не оказалось.,1,0
Он купил несколько журналов.,1,0
Она взяла для больного сиделку.,1,0
"Но ближе к вечеру стало холодать, а у Максима для ночевки была только рубашка с коротким рукавом и туристический коврик.",1,0
Я прочел около трех страниц.,1,0
"Вскоре он сожалеет о том, что порвал с ней, и вскоре они помирились.",0,Syntax
Пакет содержал ценные документы.,1,0
Пьер не имел духа отказать ему и присел вместе с ним в зале.,1,0
"Я думал, что Том ненавидел Мэри.",1,0
"Да его никто и не слушал, потому что Старшов смотрел на Олексина-старшего, а тот мучительно преодолевал неимоверно разросшуюся застенчивость.",1,0
"Обернувшись назад, мне показалось, что пёс всё ещё идёт за мной, но никого не было.",0,Syntax
Вот обновленная версия этого входа.,1,0
"У вас не горел свет, и я решил, что вы уехали.",1,0
"Я сказал Тому, что не помогу ему.",1,0
"Я не знаю, почему вы хотите, чтобы я сделал это.",1,0
Дрожь явление физиологическое и ничего общего с нормальным страхом не имеет.,1,0
Возникшее чувство вины увеличило ее страдания.,1,0
"Если лишить человека возможности слышать, видеть, осязать, лишить контактов с миром –– он перестанет осознавать себя и сойдет с ума.",1,0
У кого-нибудь из моих малышей в кармане лежит горсть сладких вишен.,1,0
У меня есть один знакомый врач.,1,0
Я не съел ветчины.,1,0
"Она приняла его взгляды, вкусы, привычки.",1,0
"Кто-то стучит в дверь, откройте!",1,0
Я дал ему пощечину.,1,0
Врач лечит Ивана от малярии хинином.,1,0
"Пересматривая фильм, самые любимые или просто самые запоминающиеся моменты снова радуют нас.",0,Syntax
Эти школьники скоро будут писать диктант по русскому языку.,1,0
"Нами было сделано все возможное, чтобы избежать огласки.",1,0
Он промахнулся кулаком мне в лицо.,0,Syntax
"У тебя как, вечер сегодня свободный?",1,0
"Нет, ну скажи, могла ты думать вчера в это время, что будешь сидеть в тепле и пить горячий чай?",1,0
Согласно приказа № 167 от 3 мая 2014 г. руководители отделов обязаны сдавать письменный отчёт не позднее десятого числа каждого месяца.,0,Syntax
Я своими близорукими глазами и то заметил.,0,Semantics
Несколько минут я стою и не могу сдвинуться с места.,1,0
Камни заваливают вход в ущелье.,1,0
"Кто знает, почему Том лгал?",1,0
"Он приходил, чтобы проститься.",1,0
А сейчас-то ты куда торопишься?,1,0
В сезоне 2003—2004 он вышел в 4-й дивизион.,1,0
Не ешь весь сыр.,1,0
"Трамвай остановился, чтобы высадить пассажиров.",1,0
Он опозорил семью женитьбой на служанке.,1,0
"Цесарочка стояла все там же, ждала.",1,0
"Все имеют одинаковое право на землю и на все преимущества, которые она дает людям.",1,0
"Путин получил псевдоним ""Коротышка Цезарь"".",1,0
"И право, так мало делается этим кому-то зла, а себе столько удовольствия.",0,Semantics
"Он думает, что все люди по природе добры.",1,0
"Для генералитета желательно также, чтобы армия умела ходить голая и питаться подножным кормом, не отнимая кровных рублей у генералов.",1,0
"Нельзя предать кого-то, кто столько для тебя сделал.",1,0
В окне шрифта выбрать шрифт и размер из колонок.,1,0
Множество людей пришли за кулисы.,1,0
"Мэтт Фоулер назвал новый эпизод ""Чёрно-Белого дома"" значительно лучше чем пятый сезон, как он был снят за 8 процентов.",0,Hallucination
B ee голосе появилась горькая нотка.,1,0
Я здесь уже три часа.,1,0
Вы не могли бы передать мне соль?,1,0
Не стану давать тебе какие бы то ни было указания.,1,0
Патриарх берет на себя всю вину за составление и рассылку воззвания.,1,0
Я взял у него деньги.,1,0
Деревни пока не видно.,1,0
Мне нравились его черты.,1,0
В последнее время здесь часто вспыхивают волнения.,1,0
Она нас очень хорошо принимала.,1,0
"Все, кто бывали в городе на Неве, конечно, видели памятник Пушкину на фоне величественной колоннады Русского музея.",0,Syntax
С горы сбегает ручей.,1,0
"Те, кто на предыдущем собрании негативно отзывался о работе нового управляющего, в этот раз не явился.",0,Syntax
Знакомство с «Сатириконом» несомненно отражается на исторической концепции повести.,1,0
"Все, кто присутствовал на заседании Учёного совета, убедился в обоснованности отклонения диссертации.",0,Syntax
"Да, Михаил Александрович никуда не мог позвонить, и совершенно напрасно возмущались и кричали Денискин, Глухарев и Квант с Бескудниковым.",1,0
"В «Толковом словаре живого великорусского языка» В.И.Даля содержится более 80 тысяч слов, ранее не записанные.",0,Syntax
"Японская компания разработала новую компанию на экспорт морской силы самообороны, но также активно предлагается.",0,Hallucination
"Зиму пришлось выдавать себя за ребенка с редким кожным заболеванием, в том числе у девочки.",0,Hallucination
Чего она вообще хочет от жизни?,1,0
И вдруг догадка ожгла Крымова — не Греков ли стрелял в него ночью?,1,0
"Те, кто знает больше в силу своего образования или увлечённости, будет восполнять пробелы других.",0,Syntax
"Он спустился в нижний этаж, увидел длиннейшую очередь возле кассы.",1,0
Оба находятся в собственности и управляются американскими силовиками.,1,0
До переводов «Одного дня» Папа Римский Иоанн XXIII не дожил нескольких недель.,1,0
"Это оттого, что ты работаешь много.",1,0
"Они молча постояли у Могилы Неизвестного Солдата, глядя на мечущееся на ветру пламя вечного огня.",1,0
"Петя покрасил дачу, а Коля отремонтировал машину Иванова.",1,0
Мне действительно нужно кого-то убить.,1,0
Иван купил игрушки не на рынке.,1,0
Вода течет в лодку.,1,0
"Не только покупал, но и купил.",1,0
"У фирмы прекрасное, нежное название, которое я по известным причинам не имею возможности привести.",1,0
На всех не хватит.,1,0
Он спрашивал меня минут двадцать.,1,0
Иван не прилетел на свадьбу дочери.,1,0
"Если после столкновения футболист через секунду не вскочил и снова не бросился в бой — значит, у него действительно очень серьезная травма.",1,0
"Все эти барышни где-то работали, лакированные туфельки покупали на сбережённые гроши.",1,0
"Конечно же, я дала свое согласие, даже не подозревая о том, что ждет меня впереди.",1,0
"Она стояла у рояля, слегка опираясь рукой о спинку кресла.",1,0
Броненосец скрежетал якорными канатами.,1,0
Я даю тебе полную свободу.,1,0
У вас бывают интересные разговоры?,1,0
"Владимир увидел невдалеке деревушку, состоящую из четырех или пяти домов.",1,0
"Вежливо и заискивающе улыбаясь, сидел Тальберг против германского лейтенанта и говорил по-немецки.",1,0
Изредка она взглядывала на кого-нибудь из нас.,1,0
Вам все по кажут.,1,0
Диссертация отвечает требованиям ВАК.,1,0
Передо мной простиралась бескрайняя равнина.,1,0
"Кому ты хочешь, чтобы мы сообщили?",1,0
"Они были обессилены так, что подняться не могли.",1,0
"Трудно не пытаться ничего не сделать, когда ты понимаешь, что от этого зависит вся твоя жизнь.",1,0
Почему вы продали свой дом?,1,0
Катя выпила соку.,1,0
Сангкум объединял более миллиона человек в 1960 году.,1,0
"Амагу течет сначала на северо-восток, потом принимает широтное направление и только вблизи моря немного склоняется к югу.",1,0
"Учительница предупреждала, что тест будет тяжелым.",1,0
Следующий довод опроверг его утверждение.,1,0
Здесь собрался все свой народ.,1,0
В США открыли национальный парк на место древнего Ашкелона.,0,Syntax
Я принял его в свой дом.,1,0
Я сейчас выразил ему свое неудовольствие.,1,0
"Все это делалось не потому, что кто-нибудь желал зла Левину или его хозяйству.",1,0
"Если человек любит кого-то, он не может не разделять интересов лю бимого человека.",1,0
Я видел желтое пятнышко.,1,0
В озере никакой утки не плавало.,1,0
Мы получили прекрасный урожай.,1,0
Личный состав группы составляет около 3500 чел.,1,0
Он не прочел и двух книг.,1,0
Дубровский назначил им местом свиданья Кистеневскую рощу.,1,0
В Переделкине есть музей Пастернака.,1,0
В Мортань-о-Перве ежегодно проводят конкурс по приготовлению кровяных колбас в марте.,1,0
У него нет никаких вредных привычек.,1,0
"Мне в моем углу становилось восхитительно весело и легко, словно Бог подтвердил мне бессмертие души или гений похвалил мои книги.",1,0
Она намеревалась использовать самолет для рекордного полета над Южной Атлантикой.,1,0
"Я думаю, что сделаю это позже.",1,0
"Свяжись со своим врачом, если раны не заживут в течение двух недель.",1,0
Он подтверждает свое согласие.,1,0
"Если откроешь свое дело, придется всем взятки давать.",1,0
"Петя сказал, что стоять там холодно, и это действительно оказалось холодно.",0,Semantics
"Ты читал сегодняшние ""Известия""?",1,0
Так я любила тогда выражаться.,1,0
"Матросы вынуждены были спускаться за борт под обстрелом, рискуя сорваться в воду.",1,0
"Выиграв первый круг у кубинцев Йосмани Пиккера, он проиграл представителю Северного Корея Ким Кэн Чен.",0,Morphology
Поезд был задержан из-за сильного снега.,1,0
Почему ж в синтаксическом отношении не хотят видеть ничего сходного между формою именительного падежа и формами косвенных падежей?,1,0
"О посягательствах некоей Madame Alice, проживающей с детьми под фамилией Живаго в Париже, я слышал давно.",1,0
Крушение произошло совсем близко от берега.,1,0
Они заключили мир с французами.,1,0
"Я теперь уверена, что она была виною всего, всех последовавших, доныне постигающих наше поколение несчастий.",1,0
"Сомневаюсь, что он действительно болен.",1,0
Сегодня письмо получил Саша.,1,0
Иван не перестал ходить на лыжах.,1,0
Решили заночевать в предыдущей деревне.,1,0
Меня вчера не было в кино.,1,0
Я не теряю надежды.,1,0
"Вы можете посмотреть, что сделала Япония?",1,0
Она не один раз теряла паспорт.,1,0
"Надеясь узнать что-то, он пошел в ложу брата.",1,0
Я заметил там одни развалины.,1,0
Меня испугал его приход.,1,0
Врач советует Тане не менять климат.,1,0
"Если ты решишь хоть какую-нибудь из этих задач, ты получишь право участвовать в конкурсе.",1,0
"В ночь на 15 апреля 1912 г. потерпел крушение не только пароход «Титаник», а вместе с ним миф о его непотопляемости.",0,Syntax
Немедленно прекратите всякие поисковые работы.,1,0
"Тем не менее, он преуспевает.",1,0
Гуманитарные науки изучают различные аспекты человеческого бытия.,1,0
М.Ю. Лермонтов писал романтические поэмы.,1,0
"Увидал, что у санитара нет сапог ― велел дать.",1,0
"Хозяйка жилья, защищая бывшего мужа, схватила нож, ударила им зачинщика ссоры в шею и скрылась.",1,0
"Ну-ка, расскажи об этой борьбе поподробнее.",1,0
Коля нигде не был.,1,0
Уголовное дело на него заведено в апреле 2014.,1,0
"Хотя у меня возникали некоторые сомнения, он всегда говорил очень убедительно.",1,0
"Вздохнув ― надо сводить воюющие стороны, ― я пошел навстречу ему.",1,0
"На западном берегу кратера, вдоль реки Лангрен находится Море Чудес.",1,0
Ванин приход обрадовал нашу маму.,1,0
Сотрудники компании имели гарантированный отпуск.,1,0
Нам не досталось билетов.,1,0
Я много раз находил клад.,1,0
По внешнему виду его можно было принять за отставного военного.,1,0
"Журналистка была приглашена министром, чтобы взять у него интервью.",1,0
"У нее ест талант, а у меня есть деньги.",1,0
Парк хоть раз окружал усадьбу?,1,0
"Люди, находившиеся на борту транспорта, явно не желали поафишировать своё присутствие и, нужно сказать, им это удавалось в полной мере.",0,Semantics
Почему я должна принимать такое пренебрежительное к себе отношение?,1,0
"Мы отправили на эту конференцию наши доклады, потому что она для нас будет очень важна.",1,0
Жена не понимает причин обвально обрушившейся на неё нежности.,1,0
"Игры полны грубых сексуальных действий, хватает насилия над женщинами (оральный секс в большинстве случаев).",1,0
Было услышано его историю.,0,Syntax
У меня сегодня занятия по английскому языку.,1,0
"Но самое важное, чтобы сделать его работать - и он подчеркнул это - это то, что нужно знать людей в сообществах.",0,Syntax
"Он может сделать все, что угодно.",1,0
Эти изменения - это обобщение изменений Лоренца на фиксированное пространственное направление (хк+1) в многомерном времени и в многомерном пространстве.,1,0
"Проснешься не торопясь, посердишься на что-нибудь, поворчишь.",1,0
Он готов взять хоть какую-нибудь новую секретаршу.,1,0
Врачи и ученые ведут себя как сорняки.,1,0
Афазий и других отклонений от нормы раньше не изучалось.,1,0
"Ну сядь, я тебя прошу.",1,0
В 1992 году Мазовецкий стал специальным представителем Комиссии ООН по правам человека в бывшей Югославии.,1,0
Да оставь ее в шкафу.,1,0
Они решили оба распоряжаться.,1,0
"Иван не знает, что приехала Маша.",1,0
Память его казалась священною для Маши.,1,0
"Как-то я проанализировала свой режим жизни, начиная лет с 14, и, мягко говоря удивилась: по-хорошему, меня и близко нельзя было назвать прилежной ученицей.",1,0
Она прижала к себе ребенка.,1,0
"Следователь обязан выяснить обстоятельства, также и оправдывающие обвиняемого, также и смягчающие его вину.",1,0
"Не в состоянии сложить три и пять, подумала Айя чуть ли не с жалостью.",1,0
Правильная и своевременная корневая подкормка растений является гарантией высокого урожая.,1,0
"В любом случае ей с ребенком лучше находиться дома, чем где бы то ни было.",1,0
Сообщение не испугало Марию.,1,0
Ему теперь праздник не в праздник.,1,0
Более или менее удовлетворительно.,1,0
Он работает в саду.,1,0
"Кто, ты думаешь, придет?",1,0
"Рука гравёра с инструментом, как правило, двигается мало: лежащая на специальной подушке, перемещается пластина.",0,Syntax
При нагревании вода превращается в пар.,1,0
"Этот мужчина весь был беспощадно вежливый, ироничный, строгий и всепонимающий.",1,0
"Года через два перешел он в училище живописи, пробыл здесь чуть ли не пятнадцать лет и кончил по архитектурному отделению, с грехом пополам.",1,0
"Лавиния берет трость в зубы и начинает писать, поддерживая ее остатками рук.",1,0
Я начал свое путешествие 30 лет назад.,1,0
Я никогда не ездила на скорости свыше ста семидесяти километрах в час.,0,Morphology
Мне встречается девочка с ведром.,0,Semantics
Я был там в году.,0,Semantics
Производственные помещения соответствуют нормативам по освещённости.,1,0
В первый же день Иван легко освоил новый музыкальный инструмент.,1,0
После новогодних поздравлений началась раздача подарков.,1,0
"У тебя три брата и две сестры, и если потребуется, ты должен помогать любому из них.",1,0
"Это случилось через 2 дня после того, как начались переговоры.",1,0
"Статья подписана ""Иван Петров"", и я знаю, что на этот раз ты ее писал сам.",1,0
"Республиканский национальный комитет (RNC) — политический комитет США, являющийся национальным лидером Республиканской партии Соединенных Штатов.",1,0
"Я знаю, что придёт время, что когда по морям будут плавать пароходы из стекла.",0,Syntax
"Я воспользовался перочинным ножом, чтобы нарезать колбасу.",1,0
"Важно спросить себя ни вокруг чего устроена ваша жизнь, а вокруг кого.",0,Syntax
У деревни пасется стадо коров.,1,0
"При всем том я оптимист и думаю, что мой конфликт с моим государством по поводу моего еврейства надолго не затянется.",1,0
"Всякий душеврачитель, как и всякий растлитель, подтвердит вам, что пределы и правила этих детских игр расплывчаты.",1,0
С вами говорит ученый секретарь Института точной механики.,1,0
"В этой голове гудел тяжелый колокол, между глазными яблоками и закрытыми веками проплывали коричневые пятна с огненно-зеленым ободком.",1,0
Альтернативой использования общих секретов для аутентификации является использование асимметричной криптографии.,1,0
Немного поодаль лежал еще один раненый.,1,0
"Пулю нашли почти сразу — она пролетела над столом и ударилась в стену недалеко от кресла Супрунова, на высоте груди стоящего человека.",1,0
"Том сказал, что это не единственная причина.",1,0
"Слезы, сознание до сих пор не выветрившейся полностью вины сделали свое дело, в конце концов я махнул рукой: быть по-твоему!",1,0
В прошлом году он написал портрет молодой женщины.,1,0
Здесь мы столкнулись с совершенно новой проблемой.,1,0
В этот момент я представляла себе тебя на моем месте.,1,0
У нас редко проводятся занятия по истории.,1,0
Памятные дни устанавливаются в честь значительных событий в мировой истории или истории России.,1,0
"И, конечно же, доказательством его сильной воли является его решительный поступок, когда он принял решение сам избавиться от собачки.",1,0
Я рисковал опозданием на семинар.,1,0
"Я помню, как мы купались в Москве-реке.",1,0
Ружье лежало довольно далеко от него.,1,0
"Вообще-то вода в этой реке теплая, но сегодня она холодная.",1,0
Он и минуты не держал книги в руках.,1,0
"Если айсберги существуют, то зачем уму непостижима беспечность к ним?",0,Syntax
Почему вы всегда на его стороне?,1,0
Надежда на новое будущее может появиться у планеты.,1,0
Таких у нас на предприятии не работает.,1,0
В том положении удивительно напоминал он портрет Наполеона.,1,0
"В журнале «Этнографическое обозрение» Д. Н. Ушаков не только опубликовал ряд статей об обычаях, но и о поверьях русских крестьян.",0,Syntax
Петя решал такие задачи.,1,0
Каждый человек всегда должен об этом помнить.,1,0
Дикое существо была эта Бэла.,1,0
"Ну что ж, мы и одни посидим.",1,0
"Такой сценарий мог бы очертить конец гидроэнергетических перспектив Таджикистана и Кыргызской Республики, которые в значительной степени отражены в стратегиях развития этих стран.",1,0
Он остался очень доволен своей неудачной остротой.,1,0
После выхода из больницы он был лишен каких-либо средств к существованию.,1,0
"У меня какое-то странное ощущение: мне кажется, что я куда-то падаю.",1,0
Затопление угрожает сотням домов в райцентре Майма на Алтае.,1,0
Целый день я скитаюсь по пустым равнинам.,1,0
Геологической партии не было на базе.,1,0
"США заинтересовались работами Альберса, которых придумал художник в различных стилях.",0,Syntax
"Он отрастил небольшую бородку, и суровое выражение не сходило с его лица даже в минуты довольства.",1,0
Молния ярко сверкает и осветила всё вокруг.,0,Syntax
"Всадник поскакал к реке, а не заскакал.",1,0
Опять началось состояние: комната освещена только лампадой.,1,0
Кто-то бродит по ночам возле нашего дома.,1,0
Он сидел возле аппарата и что-то писал в журнале.,1,0
"Будьте осторожны, чтобы не стать рабами по вашему графику.",1,0
"Через пример семьи следователей я узнал, что обещания Господа уверены, когда мы прислушаемся к закону пасты с верой и целью.",0,Hallucination
После этого он утратил всякий интерес к происходящему.,1,0
Две ошибки он не заметил.,1,0
"Язык — лучший показатель не только общей культуры, но и лучший воспитатель человека.",0,Syntax
Он относился к ней с какой-то особенной нежностью.,1,0
"Я надеюсь на Машу больше, чем Петя.",1,0
"Она попросила меня выяснить причины конфликта, самому не вмешиваясь в него.",1,0
Под впечатлением от симфонии я захотел больше узнать о ее создателе.,1,0
"Тем, кто ценят культурно-познавательную сторону отдыха, прямая дорога к живописным развалинам финикийских времен.",0,Syntax
"Это первая часть проекта, который будет рассказывать о советских детских книгах.",1,0
"Так вот, в те страны, где они, по каким-либо причинам, найдут пристанище, в эти страны они принесут с собой идеологию нетерпимости, насилия.",1,0
"Морозно, остро пахло зимним лесом, а на безвестных станциях вдоль эшелона хрустели торопливые шаги.",1,0
Вчера поздно вечером иду я по Кузнецкому.,1,0
Немедленно прекратите какие бы то ни было поисковые работы.,1,0
Лисица обыкновенная имеет густой и мягкий мех рыжевато-красного цвета.,1,0
"В театре около меня сидел какой-то странный молодой человек, который непрерывно шуршал бумажками и мешал мне слушать.",1,0
Начальник заставлял его работать больным.,1,0
"Рассмеёмся мы в ответ на шутку или же просто улыбнёмся, во многом зависит от серотониновых генов, доставшимся нам от родителей.",0,Syntax
Скоро ваши усилия будут вознаграждены.,1,0
Дерево было срублено близко от корней.,1,0
"Он всегда говорил очень убедительно, и у меня возникали некоторые сомнения.",1,0
Аэродром малой авиации в Москве.,1,0
Как здесь очутился этот чемодан?,1,0
Предстояло расширить фронт работ.,1,0
В коробочке лежал белый предмет.,1,0
"Роте выяснить обстановку, сама не вступая в бой.",0,Syntax
Мать убаюкивала ребенка пением.,1,0
"Ну, что же, если хотите жить на свободе, идите, я дам вам волю.",1,0
Он выбрал себе жену из казачек.,1,0
"Две женщины, стоя около своих керосинок, переругивались.",1,0
"Не удивительно, что он согласился.",1,0
Наконец-то мне дали шофера.,1,0
Государь сам назначил войскового командира.,1,0
Пусть она встанет туда!,1,0
"Стоимость отопительного сбора вблизи заднее крыло, алюминиевые splitters может быть повышенной на уровне 1,5 тыс. рублей за сутки с целью переохлаждения автомобиля.",0,Hallucination
"Родители требовали, чтобы я по приезду отправил им подробный отчёт и рассказал всё в мельчайших подробностях.",0,Syntax
Ее укладка продолжалась до мая 1800 года.,1,0
"Иван пришел на спектакль, несмотря на головную боль.",1,0
"Сейсмограф регистрирует любое колебание земной коры, когда оно имеет место.",1,0
"Сэр Чарльз считает, что Баббингтона отравили.",1,0
Это лекарство применяется при лечении кожных болезней.,1,0
Я видел вашу жену.,1,0
Бензин кончился у села Покров.,1,0
"И мы просто встали рядом, прикрываясь руками от света, и, напряженно улыбаясь, стали смотреть на катер.",1,0
Вы клали эту книгу в мой ящик?,1,0
"Он лишь перенес Каллисто на небо, чтобы она вновь не стала добычей какого-нибудь охотника.",1,0
"Он всякий раз делает вид, что не усматривает в том ничего особенного.",1,0
Вы всегда звонили мне из ее дома.,1,0
"Дайте мне коня, я требую.",1,0
"Вся бытовая техника, как правило, выходит из строя на другой день после окончания гарантийного срока.",1,0
Они получили очень интересные результаты.,1,0
У меня есть деньги.,1,0
"Хотя, безусловно, есть люди, которые могут провести параллели ни между чем угодно.",0,Syntax
"Уж не знаю, почему я так много стала задавать вопросов подловить тебя.",0,Syntax
"Как только деньги придут на счёт, мы отправим Вам подробный план путешествий по электронной почте.",1,0
"Пиши стихи, а не прозу.",1,0
"Погода, ей казалось, была плохая.",1,0
Ему дали государственную премию.,1,0
Альбомы будут стоить 9 долларов 95 центов.,1,0
Он ищет какую-нибудь интересную пьесу на современную тему.,1,0
Он второпях не надел шляпу.,1,0
У царя Мидаса ослиные уши.,1,0
"А тыква превращалась в спектакле ""Золушка"" в карету.",1,0
"Между тем, их выводы не имели данных о существующих рисках.",1,0
"И все, что дает земля, принадлежит людям.",1,0
В каждой группе по ребенку стало нездоровиться.,0,Syntax
Хозяин просит дорогих гостей послушать пастораль “Искренность пастушки”.,1,0
"Петька подтвердил, что Ольги не было на елке у Шмелевых.",1,0
Реформу ОбОГ можно считать первой частью.,1,0
"Наверное, я выглядел смешным.",1,0
Хирург принимал в среду.,1,0
У нас сейчас дождь.,1,0
Поскольку еще один такой выкрик и его выгонят.,0,Semantics
В 1914 г. в этих районах были найдены запасы камня.,1,0
Мне еще придется перед ним краснеть.,1,0
Туристическая фирма обязана предоставить потребителю информацию о своей государственной регистрации и наименовании зарегистрировавшего её органа.,1,0
Саша раздобыл себе сигареты.,1,0
Как он ее в этот момент ненавидел.,1,0
В то утро я сижу на открытой веранде.,1,0
Мы пойдем до поворота.,1,0
"И право, так мало делается этим кому-нибудь зла, а себе столько удовольствия.",1,0
"Я знаю, что она приехала.",1,0
"Бой часов напомнил мне, что пора уходить.",1,0
"Не беспокойтесь, ответственность я беру на себя.",1,0
Почему бы Том сделал это?,1,0
Мы увидели славный город-герой.,1,0
"Видимо, он все-таки успел заметить, куда я положила ключ.",1,0
Ему дали целый институт для проведения исследований в области физики низких температур.,1,0
Этот пиджак он шил себе сам.,1,0
"Иван не прилетел на свадьбу дочери, а приехал на поезде.",1,0
Обидный промах в матче выбил действующего победителя из чемпионата.,1,0
"Вероятно, он может с кем-нибудь там общаться.",1,0
Девушка ничего не ответила и продолжала читать книгу с каменным выражением лица.,1,0
На собрании присутствовали все члены кооператива.,1,0
"Он добился того, что статью опубликовали.",1,0
"Кроме того, учреждены специальные призы правительства, мэрии, приз союза цирковых деятелей и зрительских симпатий.",1,0
"Мария стыдится того, что ее муж воображает себя гением.",1,0
"Противники ""гендерного насилия"" признали совершение этой операции правонарушением.",1,0
На террасе пахнет розами.,1,0
Он пересмотрел все фильм.,0,Syntax
Он прибил мне вешалку в прихожей за пять рублей.,1,0
"Я заметил человека, который переплыл Ламанш.",0,Semantics
"В пять часов утра, как всегда, пробило подъём — молотком об рельс у штабного барака.",1,0
Я не намерен ничего менять.,1,0
Из кабинета вышла женщина.,1,0
"Вероятно, там кто-нибудь был?",1,0
Ты не должен ей помогать.,1,0
Этот день был очень тяжелым.,1,0
Были получены эти два извещения.,1,0
"Думаю, Том не понял вопроса.",1,0
Детей жалко –– они не виноваты.,1,0
"Ждите, пока свет остановит движение.",1,0
"Опять, уже в другом месте, ударила щука, и тотчас возле берега испуганно сверкнула плотвичка.",1,0
"Я спросил, может ли быть третье решение?",1,0
Он сделал глубокий вдох и решительно подошёл к Герасиму.,1,0
Он с трудом доходит до двери.,1,0
Он рассердил меня своей невнимательностью.,1,0
"Три митрополита были посажены, отправлены в ссылку и там один за другим скончались, но перед смертью каждый из них назначил преемника из епископов.",1,0
В результате инцидента на той же улице в городе прогремел больший список популярных мест.,0,Hallucination
"Кондратенко заявил, что Тимошин предлагает ему цену по обвинению в конфликте с инспектором.",1,0
В 1905 году он был преобразован в город.,1,0
"Я его спрашиваю, а он молчит.",1,0
Меня обрадовал его приход.,1,0
Он нес домой два арбуза.,1,0
Модель театра с фирменным фестивалем хороша и для города и театра.,0,Syntax
В его словах есть правда.,1,0
"Трактирщик сказал, что, дескать, не дам.",1,0
Я две недели не был дома.,1,0
"Когда ты позвонил, я не спал.",1,0
Они расстраивали его разговорами о настоящем искусстве.,1,0
Это возвышает ее в моих глазах.,1,0
Он побледнел еще больше.,1,0
"Предстояли очередные выборы, на которых он дал согласие баллотироваться в депутаты Совета Союза Верховного Совета СССР на новый срок.",1,0
"Те из лингвистов, кто занимался исследованием языка художественной литературы, не сомневается в особой роли глагола и в поэтическом,и в прозаическом тексте.",0,Syntax
"Чашечка опадает, когда появляются плоды, с пять мелких или целых чашелистиков.",0,Syntax
"Я готов жениться на ком угодно, лишь бы только избавить вас от нужды.",1,0
"Мы долго спорили над книгами, написанных известным телеведущим.",0,Syntax
"Это был клёст-сосновик, с перьями кирпичного и клюквенного цвета, с клювом, скрещенным, как два кривых костяных ножа.",1,0
Я помыл посуду.,1,0
Я изловчился и схватил пса за ошейник.,1,0
"Оставь его дома, чтобы он не раздражал меня глупыми шутками.",1,0
"Я знаю, что ты хочешь сказать, и сама прекрасно понимаю, что обыкновенному милиционеру с этим монстром не справиться.",1,0
"Я стою сейчас рядом с Центризбиркомом и могу наблюдать за тем, что происходит перед входом.",1,0
"ETA имел только один продукт, ETA-10.",1,0
Дался тебе тот мотоцикл!,1,0
Выбери себе еду по вкусу.,1,0
У кассы стояла длинная очередь.,1,0
"Он сказал, что ему бы молочка.",1,0
Напротив моего дома есть маленькая беседка.,1,0
"Кто знает, почему Том лжет?",1,0
"Проведение в жизнь директив является поэтому сейчас более необходимым, чем когда-либо.",1,0
Я не разбил чашки.,1,0
"Он был одним из тех, кто не любили говорить по пустякам.",0,Syntax
Я увидел там одни развалины.,1,0
"Книги, которые сгорели, не сгорели.",1,0
Нас тупил холодный осенний вечер.,1,0
"Это хорошо, что мы всегда скучаем по своим родителям.",1,0
В этом взгляде было только горе.,1,0
Мой муж приходит домой примерно в 8 часов.,1,0
В 1955 г. эта страна получила независимость.,1,0
"Прекрасные подснежники распускаются ранней весной, которых не увидишь больше ни в одном уголке Земли.",0,Syntax
Я не брал свои деньги месяц.,1,0
Душа Павлова рухнула под нестерпимым чувством вины.,1,0
"Когда я пришел, ты спал.",1,0
"В обучении в школе есть свои плюсы, да даже возраст, когда мы там учимся, наиболее беззаботный.",1,0
"Материал статьи оказался не таким информативным, как хотелось.",1,0
Стадион был объявлен национальным историческим памятником в 1987 году.,1,0
Тёмное вещество определяется гравитационным взаимодействием с обычными веществами и излучениями.,1,0
"Возможно, она так и сказала.",1,0
"На земле существовало еще одно лицо, к которому Варвара Петровна была привязана не менее, как к Степану Трофимовичу, — единственный сын ее, Николай Всеволодович Ставрогин.",1,0
"В 1649 году из жизни Токугавой был привезен архитектор по архитектуре ""гонгэн-дзукури"" Иэмацу Тоугина.",0,Hallucination
Потому что у меня слов не находится.,1,0
"Обращаясь к творчеству М. А. Булгакова, осознаёшь, что до какой степени велик его вклад в нашу литературу.",0,Syntax
Лет десять — пятнадцать назад такая выставка не могла пройти незамеченной.,1,0
Я наслушался всякие истории о житье-бытье.,0,Syntax
"Бойкий языкастый парень, продававший неподалёку книги и календари, время от времени сочувственно поглядывал на молоденькую продавщицу, у которой никак не получалось привлечь покупателей.",1,0
Новый фильм произвёл на нас двойственное впечатление.,1,0
"Представляю, как смешно это выглядело снизу.",1,0
У нас и трех гостей не обедало.,1,0
Он имеет только одну руку.,1,0
"Я не виноват, что сын такой невоспитанный.",1,0
Согласно плана в качестве итоговой работы мы писали рецензию на недавно прочитанную книгу.,0,Syntax
Только Потапов и был ничего.,1,0
Его не пришлет ответа.,0,Syntax
Бутыль не вмещает пяти литров.,1,0
Лидер Либеральной партии теряет кресло после перевыборов?,1,0
"Я сказал, чтобы Верочка шла домой.",1,0
"Все, кто рано начинает учить иностранный язык, овладевает им в совершенстве.",0,Syntax
Меня огорчает его отказ.,1,0
"И вдруг после первых, ничего не предвещавших фраз эта скрытная, необщительная женщина нервно открыла нараспашку свою душу.",1,0
"Грол считает, что диск является самостоятельным произведением, однако без док-фильма в нем слишком много остается непонятным и непонятным.",0,Hallucination
Этот фильм показывали по телевизору?,1,0
"В отсутствие императора, который находился в Европе, принцесса Изабель стала регентом.",1,0
Вы обязаны явиться на поверку.,1,0
Это ты верно заметил.,1,0
Я на это смотрю просто.,1,0
Он сидел неподалеку от нас и читал.,1,0
Он увидел прямо перед собой большую деревню.,1,0
Это лекарство имеет сильное действие.,1,0
"Он надел эту шапочку и показался Ивану в профиль и в фас, чтобы доказать, что он - мастер.",1,0
Он достал платок из кармана.,1,0
Он нашел хотя бы двух желающих?,1,0
Он не упомянул твоей подруги.,1,0
Ты когда-нибудь ехал в город на телеге?,1,0
Ты хоть раз забывал свою шляпу в поезде?,1,0
Кресло на веранде есть.,1,0
"Оказывался бесцеремонный нажим, но даже под ним мы не изменили решения.",1,0
Травы не было примято.,0,Syntax
В большинстве отрядов содержалось более 20 человек.,1,0
В луже возле него зеленовато отражалась неполная луна.,1,0
Поезд отправлялся в 5 часов.,1,0
Как бы он уже не потратил все деньги!,1,0
Наш полк стоял вдали от Москвы.,1,0
Противник выбит из деревни и с высоты.,1,0
Я умру в крещенские морозы.,1,0
Отдай мне твою шляпу.,1,0
В 1989 году он стал встречаться с актером Дженнифером Греем.,1,0
У самовара стоял чайник.,1,0
Магазин открыт час назад.,1,0
"Том хочет, чтобы мы остались.",1,0
"Все знали, что Том умирает.",1,0
Для проведения этих исследований он получил целый институт.,1,0
"Древние индуистские святыни, Садхус, агрессивные обезьяны, калеки и невероятная картина на дереве и камне на темы индуистских богов - все здесь.",0,Syntax
"Журналистка была приглашена писателем для того, чтобы взять у него интервью.",1,0
"Ни вдали, ни вблизи никого не было.",1,0
Дэн присутствовал на антирасистском митинге.,1,0
"Видимо, Троцкий не проявил сочувствия.",1,0
Она приходила как-то летом.,1,0
"Если матч транслируется, то Иван сейчас сидит перед телевизором.",1,0
Предварительная экспертиза подтвердила результаты замеров радиоактивного пятна в Константиновке.,1,0
Он решал эту задачу.,1,0
"Подожди, я возьму из чемодана кофточку и выйду к тебе.",1,0
Теперь комнату освещала только лампада.,1,0
"Этот игрок был куплен «Реалом», чтобы он играл на правом фланге защиты.",1,0
"Растерянно ухмыльнувшись, Никанор Иванович и сам не заметил, как оказался у письменного стола покойного.",1,0
"Парнас существует, но не как обиталище Аполлона и муз.",1,0
Она приняла ребенка к себе на руки.,1,0
Очень нужно ему в очереди стоять! - сказала Зина.,1,0
Вы уже написали отчет?,1,0
"Он чувствовал, что ему явно не хватало Маши.",1,0
"Только графиня Елена Васильевна, сочтя для себя унизительным общество каких-то Бергов, могла иметь жестокость отказаться от такого приглашения.",1,0
Ты обо мне хоть раз вспоминала?,1,0
"Подбежала собака, обнюхала чемодан и стала тереться боком о деревянный столб.",1,0
Вся квартира гудит от этого магнитофона.,1,0
"Расскажи, как прошел экзамен!",1,0
"У человека есть постоянный поиск, который помогает сотворить сложные планы в общем не детские.",0,Semantics
"Дрязги не существуют для человека, если только он не захочет их признавать.",1,0
"Была резерва 3,500 кавалерийских и 10,300 пехотинцев Ген.Портера V Корпуса, ждящих вблизи среднего моста, в километрах.",0,Syntax
Ты еще многое не знаешь.,1,0
"Поскольку очень нужно ему в очереди стоять, у тебя ничего не выйдет.",0,Semantics
"Говори, кто ты такой!",1,0
Не держал ли он в руках газету?,1,0
Попробуй увидеть вон ту звездочку над самой горой.,1,0
Ибрагим не будет не улыбаться.,0,Syntax
Тонкими пальцами стала быстро заплетать косу.,1,0
"Когда отец Мухина после речи пополнился на сто пятьдесят граммов водки, то утратил всякий интерес к происходящему.",1,0
В тот момент я считал это несущественным.,1,0
"КПА опровергла сообщения об уходе с ""ревизионистами"" из СПА.",1,0
Он бежит в саду.,1,0
"Но Norilsk Nickel продемонстрировала значительный уровень безопасности, и его позиция без предрассудков лучше, чем у многих других предприятий отрасли.",0,Syntax
"Машина, которую вы купили, мне не пригодилась, так как все студенты в институт ездиют на автобусе, а я не хочу выделяться.",0,Morphology
Кожа у виска была желтой.,1,0
В 1967 году он закончил среднюю школу.,1,0
Таким не подают руки.,1,0
"Ты тогда сказала, что наверное уезжаешь в Италию.",1,0
"Оказав сопротивление, преступник был убит.",1,0
Никакая катастрофа не произойдет.,1,0
Пара валенок готовится три дня!,1,0
Никого не было дома.,1,0
Дружное нападение нашего войска решило исход дела.,1,0
"Лингвист, логик и специалист по поэтике берут средства выражения под разными углами.",1,0
"Фильм в 1975 году был номинирован на ""Золотой Глобус"" как лучший иностранный фильм.",1,0
"Я рад, что ты принял мое предложение.",1,0
Река течет на северо-восток.,1,0
"Кроме того, они могут быть использованы только в том случае, если работник знал, что работодатель считает их важными.",1,0
Неподалеку от нас был родник.,1,0
"Возможно, она не смогла уговорить кого-нибудь из них.",1,0
Я вас немножко поэксплуатирую.,1,0
В 1710 году был построен шпиль.,1,0
Пришел мужик в лес и стал рубить дрова.,1,0
Иванов присутствовал на лекции.,1,0
"Появление новой яркой звезды на небосклоне всегда привлекало внимание людей, и такие события часто попали в древние летописи.",0,Syntax
Петров не приедет в Москву для участия в конкурсе.,1,0
"Потом твой друг возвращает ее, и вы договариваетесь не тревожить пространство информированием третьих лиц.",1,0
Книга была охотно продана студенту букинистом.,1,0
Он готов защитить свою честь в судебном порядке.,1,0
"Мне жаль, что он не зашел.",1,0
"Выбирай, какое на тебя смотрит.",1,0
"Там, он ясно видит, стоит человек.",0,Semantics
Зимний дворец строил Растрелли.,1,0
Что такое Цзянь Синь Сунь Фуцюань.,1,0
Все видели желание власти уйти от всякой ответственности.,1,0
Ты не должен ей потакать.,1,0
"В доме был большой круглый стой, все любили собираться и разговаривать в гостиной у него.",0,Syntax
Конференция происходила в небольшом городке близ Вашингтона.,1,0
"Сомневаюсь, что она знает все детали.",1,0
Кутузов весьма охотно отпустил его и дал ему поручение к Барклаю де Толлю.,1,0
Ты еще многого не знаешь.,1,0
Не наблюдается спада интереса к беллетристике.,1,0
Расположенное в лесной части Калужской губернии именье Отрадное принадлежало князьям Оболенским.,1,0
Я под всякими предлогами внушал ей одно: живи только для меня и мной.,1,0
"Наверняка существует выход, но я его не знаю.",1,0
Демократичный стиль управления подразумевает гармоничное распределение инициативы и ответственности между руководством и подчинёнными.,1,0
"Учитель сказал, что даже он с трудом решил эту задачу.",1,0
"Если ты мне во всем признаешься, так я тебя не высеку и дам еще пятак на орехи.",1,0
"Я люблю не только читать газеты, но и журналы.",0,Syntax
"Красивая Пелагея, такая деликатная и на вид такая мягкая, принесла простыни и мыло.",1,0
"В начале 2009 года никто не ожидал, что рынок будет восстановлен столь быстро.",1,0
"В мировой литературе есть огромное количество произведений, посвящённым женщине.",0,Syntax
"Иванова, к сожалению, не будет.",1,0
Я обязательно отдам эти деньги.,1,0
В начале XVIII века карта Кореи адаптировалась к туристам.,0,Semantics
"Вспомнил, что Н.С. Михалков недавно выразил желание быть похороненным здесь.",1,0
Она спокойно приняла это известие.,1,0
В игорном зале казино было уже много людей.,1,0
"Да и сам директор обладал, как говорят, «деляческим» подходом и видением проблем.",1,0
Вскоре он уедет из Москвы.,1,0
Ты показывал ей это письмо?,1,0
"Кстати, еще один узбекистанский спортсмен Сердар Кариагдиев выиграл бронзовую медаль.",1,0
"Ну что ж, если хотите жить на свободе, идите, я дам вам волю.",1,0
Много говорить о себе считается неприличным.,1,0
Кого я уже не обижу дотошностью своего недоброго глаза?,1,0
"Он не знает, что Иван приехал.",1,0
Иван не повез жену в больницу.,1,0
"Вася сказал, что живет на Басманной.",1,0
"Набирая скорость, он ворвался в штрафную площадку.",1,0
Он сел рядом с ней и поцеловал ей руку.,1,0
Они еще успели купить билет.,1,0
Ни одного фонаря не горело.,1,0
"На песню группы Берлин назвали композитора ""Берон"".",0,Syntax
Он воздержался от всяких комментариев.,1,0
"Филипп считает, что столица Гондураса находится в Никарагуа.",1,0
Весь день он с радостью был в горах.,0,Semantics
Он был безработным уже несколько лет.,1,0
Наша кошка поймала в подвале пять мышей.,1,0
"Уже с юности, проведённой за кулисами театра, где служила мама, а отчим был заведующим музыкальной части, я стал завсегдатаем театра.",0,Syntax
"Если Иван опять провалился на экзамене, то он не будет больше сдавать.",1,0
"Когда секретарь назначил место встречи, Феликс понял, почему Эрнесто Гонсалес назвал шейха эксцентричным человеком.",1,0
"Как-то я проанализировала свой режим жизни, начиная лет с 14, и, мягко говоря удивилась: по-хорошему, меня и близко нельзя было назвать прилежной студенткой.",1,0
Многие не хотят перемен.,1,0
У нас сейчас урок.,1,0
Мне необходимо это выяснить.,1,0
Она сняла две комнаты.,1,0
"Квартирохозяин мой, почтальон, учится играть на скрипке, потому что любит свою мамашу и не хочет огорчать ее женитьбой.",1,0
"Маша вчера сказала, что приедет на следующий день.",1,0
Один из преподавателей предложил новый план развития факультета и увеличить количество студентов.,0,Syntax
При подсчетах мы получили очень странную цифру.,1,0
Сани оказались каждые на своем месте.,1,0
Не нашел нужным кого-либо предупредить.,1,0
Роскошь все еще имела для него прелесть новизны.,1,0
Иван Грозный не убивал своего сына.,1,0
Некоторые члены комиссии идиоты.,1,0
Фишер уронил себя отказом от игры.,1,0
"Принеси из сада мою кофту, я оставила ее в беседке.",1,0
Вечер нередко начинал он спектаклем.,1,0
Она давно уже слышала очень многое об его дочерях и давно уже привыкла глубоко и искренно уважать их.,1,0
"Кованые изделия отличает высокое качество, эстетичный вид и долговечность.",1,0
Теперь они встречались каждый день и отправлялись вместе попьянствовать.,0,Semantics
Ни одна из этих вещей не произошла.,1,0
"Рассмотрим два высказывания, которых доказать эквивалентность не составит труда.",0,Syntax
Лесистая гора привлекла внимание туристов.,1,0
"Поверьте, это и так лишь одна тысячная доля того, что могла бы сказать по данному поводу Лариса Александровна.",1,0
Список матчей Майами Хит в Национальном баскетбольном союзе.,1,0
Эта закономерность была подмечена им первым.,1,0
"Смешивая кислоту со щелочью, мы получаем нейтральную жидкость.",1,0
Он всегда сидит в библиотеке.,1,0
С 2010 года Дипломатическая школа работает в MFA Республики Армения.,1,0
"Подождав минут двадцать, мы двинулись назад, как вдруг на опушке возникла наша собака.",1,0
На экране появились странные изображения.,1,0
"Ивану письмо, которого он давно ждал, в конце концов пришло к.",0,Syntax
Все были довольны большой молодцом.,0,Syntax
Лоси в нашем лесу не водятся.,1,0
"Родители опасались то, что состояние сына ухудшится.",0,Syntax
Теплым осенним вечером я сидел в одном старинном московском дворике близ Чистых прудов.,1,0
У нас фамилии и имена начинались с одной буквы.,1,0
"У конюшни стояла крытая ямская повозка; вблизи нее, на лужку, сидела женщина.",1,0
Американцы выбрали президентом Буша.,1,0
Через минуту кофе будет здесь.,1,0
"Следующий день начался мелким дождем, солнце не показалось над Чевенгуром.",1,0
"Серьезным претендентом на роль преемника Чехова мог бы оказаться председатель горсовета Сергей Михайлов, если бы не его, мягко говоря, натянутые отношения с коммунистами.",1,0
Сам Турно не смог избежать плена.,1,0
"Когда я вернулся, он спал.",1,0
Это могло бы повлиять на США на сотни лет.,1,0
"Когда я вошел в аудиторию, он открывал окно.",1,0
Таких людей у нас в санатории еще не отдыхало.,1,0
Я не встретил Машу.,1,0
Ты в торт рукавом попал.,1,0
"После ужина пили чай и просматриваем газеты, только что привезенные с почты.",0,Syntax
"Когда он с кем-то едет в экспедицию, я готовлю для них две разные программы.",1,0
О проделках хитрого кота скоро знал весь дом.,1,0
Мы вам десять тысяч рублей даем.,1,0
"Я уже сказал вам все, что вам нужно знать об этом.",1,0
Есть за что полюбить.,1,0
"Пообещайте мне, что вы не скажете ей.",1,0
Он не дошел до деревни.,1,0
"Я только насчет того хотел, что они испортят ковры и, пожалуй, разобьют что-нибудь.",1,0
Формы единственного числа не существует вне оппозиции чисел.,0,Semantics
"Странно, что Иван дал мне служебный телефон.",1,0
"В 1979 году вернулась в МГИК, работая на пост преподавательницы.",0,Syntax
Никелевые сплавы получают при термической обработке одно интересное свойство.,1,0
"Алексей доволен твоим приездом, как он редко бывает чем-нибудь.",1,0
Он не прочел «Капитанской дочки».,1,0
"Это ее решение, ее злая воля заставляют Эди стоять тут под дверью больным и сумасшедшим.",1,0
"Ему многое нужно узнать от француженки, очень многое.",1,0
У него получилась неплохая статья.,1,0
"Язык дан людям, чтобы скрывать свои мысли.",1,0
"Она съездит на дачу, а потом ― работа и жизнь.",1,0
"Когда я позвонил Маше, она пришла.",1,0
В 1845 г. он получил место судебного следователя.,1,0
Он дал мне некоторое представление о случившемся.,1,0
"Мне досталось больше, чем кому-либо: книжки мои были вычеркнуты из планов издательств.",1,0
"Вода либо не кипела, либо перестала кипеть.",1,0
Когда же выпал этот снег?,1,0
Музей Пастернака есть в Переделкине.,1,0
Кто-то должен взять на себя эту тяжелую обязанность.,1,0
"Главною его слабостью была страсть к прекрасному полу; не редко за свои нежности получал он толчки, от которых охал по целым суткам.",1,0
"Если что-то будет найдено при повторном обыске, она ответственность не несет.",1,0
"Администрация школы, прежде всего директор и завуч, особое внимание уделяли повышению профессионального мастерства педагогов.",0,Syntax
"Я не ревную, но я оскорблен, унижен тем, что кто-нибудь смеет думать, смотреть на тебя такими глазами.",1,0
Защита конфиденциальности От произвольного и незаконного вмешательства в конфиденциальность защищена Четвёртой поправкой в Конституцию и федеральными законами.,0,Hallucination
"Этот недавно восстановившийся студент пытается, но еще не попытался понять непомерно трудные лекции в университете.",0,Semantics
"В канун Нового года заведующий неврологическим отделением больницы вместе с коллегами оригинально поздравили приморцев, сняв видеоклип.",0,Syntax
"В США нашли сразу не менее пяти машин, которых отсутствуют к исчерпанию двигателей.",0,Syntax
"Не знаешь, пенсию не дадут?",1,0
"Кошки чрезвычайно терпеливы и могут часами выжидать, когда мышь покинет своё убежище.",1,0
И в те времена такие вещи ценились.,1,0
Этого не требуется доказывать.,1,0
"Вода поступает по капле, так что ведро наполнится не скоро.",1,0
"Я склоняюсь к тому, чтобы коньяка.",0,Syntax
Я испугался его приходу.,1,0
"Я отдала все деньги, которые у меня были.",1,0
Когда я смогу получить эти книги?,1,0
В этот момент женщина вышла из кабинета.,1,0
"В Supermicro, кстати, ориентируются исключительно на процессоры Intel, в то время как Tyan работает также и с AMD.",1,0
Эта спустившая шина стоила мне двух часов времени.,1,0
"Создавая пейзажные зарисовки, художниками запечатлевается красота России.",0,Syntax
Наш спор решат пистолеты.,1,0
"Вождь хочет говорить, причем среди вас есть тот, с кем он хочет говорить.",1,0
Что-то треснуло в лесу.,1,0
"Когда мы подымемся, справа будет открываться замечательный вид.",1,0
Вчера президент имел неофициальную беседу с английским послом.,1,0
"Я смотрю на детей, бросающих друг другу мяч.",1,0
"Где новая большая мечеть в Гудауте, которую он взял на себя обязательство построить?",1,0
Я положил ружье рядом с собой.,1,0
"В этом письме было достаточно правды, чтобы заставить меня почувствовать себя неловко.",1,0
На ее лице выражалась тревога.,1,0
Собор ниоткуда не смотрится во весь рост. поч не *?,1,0
Она взяла его за плечи и начала трясти.,1,0
"Она это любит, а я нет.",1,0
Я хочу посоветоваться с каким-нибудь хорошим врачом.,1,0
"Я открыл окно, чтобы проветрить комнату.",1,0
"Если любой из них может это сделать, то зачем приглашать какого-то знаменитого специалиста.",1,0
"Я показал этот текст студентам, самим знающим эскимосский язык.",0,Syntax
Возьми со стола свои книги.,1,0
Умудрился провалить экзамен преподавателю по западной литературе.,1,0
Он часто проводил такие эксперименты вместе с кем-нибудь из своих сотрудников.,1,0
Ты хоть кому-нибудь помоги.,1,0
"Потому что именно это изменилось, такова скорость, с которой мы забираем все наши ресурсы.",1,0
В этой встрече была только радость.,1,0
Участок назначен к продаже.,1,0
"Мемоизация используется для обеспечения того, чтобы каждая хэшированная таблица вычислялась только один раз.",1,0
"Испанию, сборную Андалусии впервые завоевали национальную сборную.",0,Syntax
Я разрешил детям налить самим себе чаю.,1,0
На юге люди рано стареют.,1,0
"Он поступил в гимназию в Загребе, изучал философию в Грацце и теологию в Trnava.",0,Hallucination
Ты не видел Машу?,1,0
"Брат надеется, что поступит в университет.",1,0
"Мало того, что заставили человека 4 часа торчать под проливным дождем, так еще и разрешили работать больной!",0,Syntax
Бухарину слишком глупо и беспомощно было погибать совсем невиновному.,1,0
Том прилетел в Бостон в понедельник.,1,0
Фонари погасли один за другим.,1,0
Я не слышал этой сонаты.,1,0
"Мне не нравится вэл Килмер, мне не понравилось больше работы на фоне срока для разговора Франкенхаймера.",0,Hallucination
Гармоничные пропорции здания основаны на классических образцах.,1,0
Новые слова в тексте не встретились.,1,0
Порыв ветра разбил окно.,1,0
Достань из моего чемодана плед и накрой Машу.,1,0
Он больше не развлекает меня анекдотами.,1,0
Я ребят каждого предупредил.,1,0
"Вероятно, с ним что-то произошло.",1,0
"В те годы каждая пара туфлей, каждая юбка были проблемой.",0,Morphology
"Учебники, полученные в начале года и которые указаны в списке, должны быть сданы на перерегистрацию.",0,Syntax
Привозят меня в больницу с брюшным тифом.,1,0
"Иван Андреевич внимательно осмотрелся и идёт прямо к столу, о котором только что говорили свидетели.",0,Syntax
"Студенты, сами знатоки эскимосского языка, не смогли разобрать здесь ни слова.",1,0
"После сурового выговора от отца Нергал получил приказ отправляться в Нижний мир один, вооруженный лишь советами родителя.",1,0
Иван отменил решение пойти на встречу одному.,1,0
"Тысячелетиями Китаем управляла каста способнейших, которых отобрали через государственную систему экзаменов с жёсткой конкуренцией.",0,Syntax
"Она то стихи читает, картины то показывает.",0,Syntax
Я беру у вас эту книгу.,1,0
Моя дочь связалась с негодяем.,1,0
Римляне никому не уступают в доблести.,1,0
"Ему казалось, что около самого его уха непрерывно ревет сирена, и этот звук был для него непереносим.",1,0
"Перметрин является химическим веществом, классифицированным в группе пиретроидных инсектицидов.",1,0
"Никто не удивился, что он идёт и стал копать вместе с рабочим.",0,Syntax
В этом дне было много происшествий.,0,Semantics
Лахич был основан в IV веке и является историческим архитектурным заповедником.,1,0
Напрасно вы отождествляете Волошинова с Бахтиным.,1,0
Его не было дома два дня.,1,0
Ребенок спит днем два часа.,1,0
Я вернусь домой к шести часам.,1,0
Весь он как будто воздушный и стоит более шестиста лет.,0,Morphology
Фотографии находятся в отличном состоянии.,1,0
"Иван говорит, что его сосед, которого ты видел однажды у Егоровых, уехал на Шпицберген.",1,0
"Воланд рассмеялся громовым образом, но никого не испугал и смехом этим никого не удивил.",1,0
Он часто бывает раздражен.,1,0
Ни одного звука не вырвалось из его гортани.,1,0
Государь император под обаянием личности А. Д. Протопопова назначил его на пост министра внутренних дел.,1,0
"Впрочем, с каждой книгой так: хочется донести наконец этот груз, сбросить с плечей.",0,Morphology
Он совершенно спокойно принял возражения своего оппонента.,1,0
Я беру карту и заворачиваю ее в платок.,1,0
Он часто болеет; всегда мерзнет.,1,0
В результате она так и не получила диплома.,1,0
Я содрогнулся от этой мысли.,1,0
Его беседы имели для меня неизъяснимую прелесть.,1,0
"Где-то в отдалении, почему-то очень волнуя сердце, шумели поезда.",1,0
Мы еще и не начали репетицию.,1,0
До меня наш производственный процесс выглядел так: с утра мы садились и играли в сику.,1,0
"Видно, что по ней давно уже не ходят люди.",1,0
Король Хуссейн выбирает себе в преемники своего сына Абдуллу.,1,0
"Сообщают, что Киссинджер, кажется, получит за свои мемуары два миллиона.",1,0
Желаю вам счастливо доехать.,1,0
В 1961 году в авиационной катастрофе в штате Иллинойс погибло 78 человек.,1,0
Поворота в научно-технической пропаганде не наступило.,1,0
Отклонений от нормы не было замечено.,1,0
Американский союз штата отмечает своё столетие.,1,0
Родился 15 мая 1964 года.,1,0
Французский является её первым языком.,1,0
"Трое вакуумщиков действительно ходили как пленные звери возле своих насосов — у них был срочный заказ, и их уже вторые сутки не пускали спать.",1,0
Токийский комедийный магазин был основан в 1994 году под названием «Токийский комедийный клуб» Кевином Бернсом.,1,0
Он благодарит своих хозяев за теплый прием.,1,0
Она взяла на себя стирку белья.,1,0
Сегодня только США могут позволить себе такие дорогие программы.,1,0
"Угадай, что мы тебе подарим.",1,0
В результате этого он получил воспаление легких.,1,0
Этот на был очень тяжелым.,0,Syntax
"Я имею книгу, чтобы читать.",0,Semantics
Среди его учеников есть талантливые.,1,0
"Шел берегом среди темных елей, пронизанных солнцем, словно прошитых парчовым узором.",1,0
У меня было только одно желание: поскорее остаться одному.,1,0
Сколько часов вы можете сидеть перед компьютером?,1,0
"Они ходили гулять каждое утро, но воскресную прогулку пришлось отложить.",1,0
Он переписал свой роман.,1,0
Я подарю ей какую-нибудь из этих книг.,1,0
"Уже после отношений с поставщиком, или вступления в долгосрочные отношения – отпишите на наших форумах о Компании или скорректируйте рейтинг компании.",0,Semantics
Это даже поощряется местным правительством.,1,0
Ты когда-нибудь отправлял письмо экспресс-почтой?,1,0
Она приняла это известие очень спокойно.,1,0
Что ты заболел — плохо.,1,0
"В конце 2006 года он покинул свой пост в министерстве, чтобы присоединиться к ПРООН в качестве консультанта по национальной стратегии развития Афганистана.",1,0
Он имеет порок сердца.,0,Semantics
"Том не знает, как ездить на велосипеде.",1,0
"На следующий день было объявлено, что аэропорты работают на нормальной мощности.",1,0
"Находясь в лесу, многое представляет опасность, поэтому будьте осторожны и внимательны.",0,Syntax
"Потом ему предложили место следователя в районном отделении милиции, и он согласился.",1,0
"Начальник умел пользоваться дипломатичными и корректными выражениями, чтобы объяснить подчинённым суть своих требований.",1,0
"Иван, к сожалению, в отпуске.",1,0
"Мне подарили книгу Л.Н.Толстого, опубликованного ещё при жизни писателя.",0,Syntax
Дорога проходит через лес.,1,0
Утюг 45 минут был включен.,1,0
Где это я вас встречал?,1,0
Новых пассажиров в купе не появилось.,1,0
У него в лаборатории есть хорошие биохимики.,1,0
В молодости она была красивой.,1,0
Я совсем не понимаю квантовую физику.,1,0
Над столом висела картина.,1,0
"Те, кто изучают английский язык, могут читать произведения Диккенса в оригинале.",0,Syntax
Автобус должен отправиться ночью.,1,0
Это влияет на любые инициативы сдвига в какую-либо сторону.,1,0
"Зная горячий, взрывной характер отца, мы не хотели его беспокоить.",1,0
"Зине кажется, что черта с два он придет.",0,Semantics
"Я был в Лондоне, но не видел Машу.",1,0
"Лучше быть невинному в неволе, чем виноватому на свободе: верь этому!",1,0
Праздничным утром пастухи сажали позади себя на белых лошадей нарядных дам и отправились к древнеримскому амфитеатру.,0,Syntax
"Хороший был слесарь, любые замки открывал.",1,0
Ваня наконец прибил мне вешалку.,1,0
Эти студенты — оба сведущие в эскимосском языке.,1,0
В данном разделе представлены параметры настройки автоматического определения номеров исходящих и входящих звонков.,1,0
У Нижнего Новгорода Волга достаточно широка.,1,0
"Назначьте, когда вам угодно будет выступить.",1,0
"Мы отправляем на эту конференцию наши доклады, потому что она для нас была очень важна.",1,0
"Он сейчас не спит на диване, а сидит за компьютером.",1,0
Он сейчас посещает родственника.,0,Semantics
Врач лечит малярию хинином.,1,0
"Он считает, что вдалеке виднелись мы с Володей.",1,0
"Когда молодому специалисту предоставили слово, в зале наступила тишина.",1,0
"Я на что-то надеюсь, сам не знаю на что.",1,0
В тот день он был дома ровно в шесть.,1,0
"Боб, к сожалению, отказался.",1,0
Как бы он не надел второпях мою шляпу.,1,0
"Как знать, кто и что окажутся итогом «переработки» в данном случае.",0,Syntax
"Студентам, обоим хорошо знающим эскимосский язык, не удалось разобрать здесь ни слова.",1,0
"На собрании группы обсуждались вопросы посещаемости и то, что нет ли возможности досрочно сдать зачёты.",0,Syntax
Отдай кольцо и ступай.,1,0
Я купался в горном озере.,1,0
Скоро он встретит великолепную Эрику.,1,0
"Куда, ты говоришь, он девался?",1,0
"Компания Buick Roadmaster Riviera создала первые по версии своего бренда ""Хардтоп"" без стоек.",1,0
Я пришел побыть возле вас.,1,0
"Нефтяные загрязнения являются угрозой всему живому в Мировом океане, возникающие при транспортировке нефти.",0,Syntax
Иван не может успеть.,1,0
Где вступали в брак?,1,0
Джон удивил нас своей решимостью.,1,0
"Добиться высоких целей можно благодаря таких качеств человека, как целеустремлённость, трудолюбие и упорство.",0,Syntax
Не дымилось больше заводских труб за рекой.,1,0
Я неделю не выходил из дому.,1,0
"Мы общаемся, и у нас вроде происходит какой-то благотворный взаимообмен энергиями, я это чувствую.",1,0
Он мог ее уговорить.,1,0
"Я согласен с вашим советом, но, к сожалению, не могу им воспользоваться.",1,0
"Проделав еще несколько подобных неважных фокусов, незнакомец схватил себя за голову.",1,0
Общий вес пакета в орбите составил 3969 кг (8750 фунтов).,1,0
Он был схвачен за шиворот.,1,0
"Весь тот ряд был сегодня лучевой, и они медленно продвигались, Вера Корнильевна садилась около каждого, смотрела, разговаривала.",1,0
Вы пришли очень вовремя.,1,0
"Как узнаешь, звони в 210 номер.",1,0
Отопление включено неделю назад.,1,0
"Уважая судебные процедуры государства Катар, наши адвокаты подадут апелляцию с целью пересмотра принятого решения.",1,0
Я огорчил отца своим проигрышем.,1,0
"Гора, которую они посетили, была в данной местности, в самом деле, самой высокой, – по крайней мере, выше гор и холмов близвозвышающихся.",1,0
"Я нахожусь там, где я сейчас нахожусь.",1,0
Анна Федоровна пошла надеть для чего-то платье.,1,0
Он дал ему красивое и звучное имя.,1,0
"Иван, наверное, в отпуске.",1,0
После этого они начали громко смеяться.,1,0
В активном использовании количество танков «Челленджер 2» сократилось на 40%.,1,0
Я стою прямо рядом с метро.,1,0
Я не смог уговорить никого из них.,1,0
"Они оказались в приемной, на стене которой висело старинное бронзовое зеркало с ручкой, а над ним – удивительной красоты венецианская карнавальная маска золотого цвета.",1,0
"Одна из дам, которых он отдал приказ скинуть с поезда, оказалась американкой.",1,0
Маши тут не видно.,1,0
Какой красивый у вас пояс!,1,0
В горах гибнут беженцы.,1,0
Ты можешь быть завтра дома в это время?,1,0
"Увы, теперь поля, леса и дороги пахнут автору слабо.",1,0
"Когда она играла что-нибудь прекрасное, как я любил ее.",1,0
Он не отдал мне дочери.,1,0
Я гуляю два часа.,1,0
"Он прощается с героиней и бежит к вагону, потому что поезд тронулся.",1,0
Иванов не прилетел в Москву.,1,0
Она приняла его точку зрения.,1,0
"В медицине не существует метода лечения, который бы уже не был нами испробован.",1,0
Она попросила дать ей денег.,1,0
"Только какой-то негоциант, живший рядом с приютом и потерявший счет деньгам, ежегодно при получении из-за границы транспорта с фруктами присылал в приют ящик апельсинов.",1,0
Двор около дома засыпан был гравием.,1,0
"Те, кто не знал слова песни, молча раскрывал рот.",0,Syntax
Он получил высшее образование.,1,0
Старые обычаи еще сохранились.,1,0
"Я чувствую, что за мной определенно следят.",1,0
"Если лингвистика окажется неподготовленной к новым условиям своего существования, она рискует утратить авторитет в смежных областях.",1,0
На это обстоятельство кое-кем намекалось.,1,0
"Обладая умением рисовать, он также выполнял интересующие его места.",0,Semantics
Она вынула из сундука маленький коврик и постелила его перед диваном.,1,0
Похвалы в честь любимого издательства из уст ребятишек.,1,0
"Я рад, что занятий не будет.",1,0
"Он говорит, что именно в этот момент на дороге показался я.",1,0
"Если ты требуешь, то кто-нибудь из нас поможет ей завтра.",1,0
"Женщина эта была довольно крупная, однако это не мешало ей быть пластичной, выглядеть органично и женственно.",1,0
"Я получил его донесение, но еще не прочел.",1,0
Я принял это во внимание.,1,0
"Ашот лежал поодаль от меня, спал.",1,0
"Я вижу, он не придет, и не видит в том потери.",1,0
В январе и феврале в двух больницах лечили 540 раненых.,1,0
Он съел одну грушу.,1,0
"Но трудно человеку недовольному не упрекать кого-нибудь другого и того самого, кто ближе всего ему в том, в чем он недоволен.",1,0
"Безрелигиозный максимализм, в какой бы то ни было форме, отметает проблему воспитания в политике и в социальном строительстве.",1,0
После этого они начали громко разговаривать.,1,0
"Хотя объекты, подвергающиеся механическим колебаниям, могут иметь разнообразный характер, в настоящем исследовании мы ограничиваемся только обнаружением и диагностикой живого человека.",1,0
Том уже давно не живет здесь.,1,0
"Толпа слушателей, как только выступление было закончено, вскочили с мест и стали громко кричать.",0,Syntax
Ему это нравится самому.,1,0
Он причислил меня к разряду патриотов.,1,0
У стола висела картина.,1,0
"Скажи, а нельзя постараться, чтобы Сухой Рыбак не обидел Ваню?",1,0
"Я ответил, что считаю его умным и опытным политиком, крупной фигурой современности.",1,0
"Идите, можете любить кого вам угодно я и развод дам.",1,0
"Христофоров, явившийся в ложу первым и одиноко сидевший у ее красно-бархатного барьера, чувствовал себя затерянным в огромной, разодетой толпе.",1,0
"Санитар рявкнул возле самого ее уха, что такого-то раненого следует немедленно доставить в операционную.",1,0
В этот день профессор чувствовал себя не очень хорошо.,1,0
Я полностью поддерживаю его идею.,1,0
Я обвиняю Джона не в национализме.,1,0
Мощность C множества А превосходит мощность С множества В.,1,0
"Я подозреваю, что там есть проход.",1,0
"Важно, что теперь мы можем ездить за границу.",1,0
Я передавал ему журнал в два часа.,1,0
"Он знает, что волки опасны.",1,0
Иван показал Лене себя на фотографии.,1,0
Садись сюда и читай вот этот рассказ.,1,0
"Он меня не видал, и, следственно, я не мог подозревать умысла; но это только увеличивало его вину в моих глазах.",1,0
Сильно под ребром ноет.,1,0
У этого животного есть зубы.,1,0
"Здесь слишком жарко, чтобы заседать.",1,0
Она пришла вся мокрая.,1,0
"Но поскольку монополия на внешнюю торговлю принадлежит именно государству, и только ему, то не грозит ли вашему агентству риск самому быть подвергнутому уголовному преследованию?",1,0
"Она напомнила мне, что завтра выходной.",1,0
"Подъезжая к сией станции и глядя на природу в окно, у меня слетела шляпа.",0,Syntax
Вскоре обнаружились его жульнические операции с недвижимостью.,1,0
Все члены этой группы действительно существовали.,1,0
"Он рискнул остаться на мосту, чтобы наблюдать за ходом событий.",1,0
"Маша, одетая в розовое платьице, выходит из подъезда и пошла вдоль по тротуару к детской площадке.",0,Syntax
Почему ты все время вскакиваешь?,1,0
"По территории парка, ставшей теперь частью заповедника, гуляло фламинго.",0,Syntax
"Эдвард был женат на Шарлотте Смит, и ее унаследованное богатство, вероятно, было необходимо для покрытия расходов на строительство их нового особняка.",1,0
"Министр пригласил журналистку, чтобы дать ей интервью.",1,0
В Одесской области создали новую мощнейшую базу для ремонта судов.,1,0
"В комнату вошла женщина маленького роста, одетая в простое ситцевое платье, она была молода и довольно миловидна.",1,0
Неужели он сказал это вслух?,1,0
"Пьер не отвечал ему и коротко спросил, будет ли принято его предложение.",1,0
Теперь уравнение выглядит так.,1,0
Отсюда я впервые увидел его во весь рост.,1,0
"Подарок предназначался для Нины, но она уехала.",1,0
У Маши есть брат.,1,0
"Стрекочут кузнечики, нестерпимый зной стоит над лугом.",1,0
Я воспринимаю его как брата.,1,0
"Вы читали ""Капитанскую дочку""?",1,0
Наше войско дружным нападением решило дело.,1,0
"Он попытался утешить себя, что так грубо и гадко вышло потому, что он именно отступил от своих аккуратных правил.",1,0
Он живет в небольшом городке на Волге.,1,0
Сегодня я особенно остро воспринимаю твою красоту.,1,0
Перед домом есть скамья.,1,0
Окно разбилось от порыва ветра.,1,0
Однако на собрании в Смольном мнение директора Эрмитажа было проигнорировано.,1,0
"В стартовой системе также входили средние опорные пояса и хвостовой отсек, сбрасываемые после выхода из воды ракеты.",1,0
У лампы стояла красивая малахитовая шкатулка.,1,0
Артистические коллективы неоднократно посещали наш город.,1,0
Ни в одном номере телевизор не стоял.,1,0
"Чтобы пройти к Рябцеву, занимавшего кабинет на пятом этаже, Настасье пришлось объяснить цель своего визита доброму десятку охранников.",0,Syntax
"В стенах было не менее четырех башен, а не более восьми ворот, которые были установлены.",0,Semantics
У меня есть сила.,1,0
"Все, кто слушал доклад академика, был удивлён необычностью речи оратора.",0,Syntax
"Конечно, против такой системы ценностей решительно ополчились совдеповские образованцы, отвергавшие всякие традиции, а тем более столь возвышенные.",1,0
Он немедленно не ушел.,0,Semantics
"Если бы то был волчонок, было бы ясно, что он сейчас завоет.",1,0
"У меня была возможность все видеть, самому оставаясь незамеченным.",1,0
В соседнем подъезде установили новый лифт.,1,0
После конца смены я сижу на лавочке возле проходной.,1,0
Полиция распечатывает письма мужа к жене и приносит их читать царю.,1,0
Появились первые цветы.,1,0
Французы всегда верны себе.,1,0
Этот вывод заслуживает дальнейшего расследования.,1,0
Иван перестал бить свою жену.,1,0
Японские дзюдоисты стали чемпионами мира по версии WBSS.,1,0
В 6.30 доклад был закончен.,1,0
"Долина сменилась трясиной, где росли кривые и чахлые болотные берёзки.",1,0
"Маша книгу, и Саша читает.",0,Syntax
"Все автоматы, оформляющие абонементы для пассажиров электричек, отмечены специальными плакатами.",1,0
Математика и естественные науки преподавались.,1,0
Это должен быть новый подход к реализации прокрутки в Lion.,1,0
"Бранивший себя последние дни за то, что взял Синцова в адъютанты, Серпилин был сейчас рад, что этот человек рядом.",1,0
Лестницы чего поднимались из четырех углов зала?,0,Syntax
"Ещё недавно в любом обществе человек вырастал, взрослел, становится тем, кем ему полагалось стать, но в последние лет сто все изменилось.",0,Syntax
"Я признаю, что теория гранулярного пламени правильна.",1,0
"Иногда поищешь, поищешь и бросишь: ладно, в другой раз.",1,0
Футболисты испытывали двойственные чувства от прощального матча.,1,0
"Шварценеггеру не понравилась идея поставить шоу, которое сочетание между ""полицейской драмой"" и экстремальной версией сериала.",0,Syntax
"Мальчик кошку принес, а отец прогнал.",1,0
Хозяина в доме не чувствуется.,1,0
"Все, кто изучали процесс развития языка, знает о различных исторических изменениях на уровне фонетики, грамматики.",0,Syntax
"Цокая языком, зверьком издаются звуки, которые, отражаясь от предметов, помогают определить их пространственное положение.",0,Syntax
"Йенсен в девятом матче за сезон побил пять мячей, примет участие во всех десяти играх подряд.",0,Syntax
ADE 651 широко используется иракской полицией и иракской армией.,1,0
Все члены экипажа разбившегося в Италии самолета вернулись домой.,1,0
"Директор пророка в мечети Пророка долгое время преподавал, но почему не остался дома.",0,Hallucination
"Швейцар смерил сердитого чиновника полным сомнения взглядом, но все же исчез за дверью.",1,0
Вскоре он был оставлен самыми близкими друзьями и зол на весь мир.,0,Syntax
Отец осужденного украинского журналиста Дадаева посетил его перед отправкой во Францию.,1,0
Травы здесь не растет.,1,0
"Где-то вдали, почему-то очень волнуя сердце, шумели поезда.",1,0
Я еще не достал билетов на «Щелкунчик».,1,0
"Ему дают 1/4 фунта хлеба (на него и жену, и то не каждый день! ), за которым он должен идти больной за две версты.",1,0
Он принял таблетку аспирина.,1,0
"В тот момент я представляла себе такую возможность, сейчас уже нет.",1,0
"В русских сказках заяц обычно пугливый, словно от латинского наименования вида «робкий заяц».",1,0
"Возможности пересечь границу А.С. Пушкин окончательно лишился после написания оды «Вольность», обвиняющую императора в отцеубийстве.",0,Syntax
На чем они сидят?,1,0
Что мы будем сейчас делать.,1,0
Я дал приказ отступать.,1,0
У нее есть молодость.,1,0
"Иван, к счастью, сможет прийти в редакцию.",1,0
"В садах, где обитают огурцы, обитают огурцы, в которых обитают огурцы.",0,Hallucination
"Ты прочел ""Капитанскую дочку""?",1,0
Он дал крестьянам землю.,1,0
Боливарский генерал назвал дату провозглашения Венесуэлы новой республикой и похода на Боготу 1 мая 1812 года.,1,0
Здесь построили два комбината.,1,0
Отец уговорил Ивана не вмешиваться в конфликт самого.,1,0
"Он появился ровно в три, как было условлено.",1,0
В результате социологического опроса был выявлен рейтинг покупательского спроса.,1,0
Добрые люди существуют всегда.,1,0
Его тело найти недалеко от деревни Сосенки.,1,0
"Те, кто мечтает стать инженером, исследователем, лётчиком, космонавтом, должен развивать свою зрительную память.",0,Syntax
Он может воплотиться через нерождённого мальчика Джудит.,0,Hallucination
"Если любой инженер может выполнить эту работу, то зачем приглашать какого-то знаменитого специалиста.",1,0
"Светит солнце, но все-таки холодно и но не хочется идти гулять.",0,Syntax
Ему повезло родиться богатым.,1,0
Это были письма 866-го года.,1,0
Во время перерыва я пошел искать Тома в вестибюле.,1,0
Неуверенные люди обычно сожалеют о только что совершенном поступке.,1,0
"Он пообещал прийти, но не пришел.",1,0
Все хлопоты я беру на себя.,1,0
Он даже не поздоровался.,1,0
"Предки современных птиц довольно быстро стали искусными летунами, одновременно освоившие прибрежные и болотистые пространства.",0,Syntax
Мы всех их собрали в одну высокую корзинку и оставили ночевать в теплой кухне возле плиты.,1,0
"Невозможно, пишет Линке, «не восхищаться его плохим эланом, его мужеством и упорностью».",1,0
Место встречи — возле расписания.,1,0
Некоторые стояли в коридоре.,1,0
Она раздражается все сильнее.,1,0
Исследователь предложил многообещающие направления лечения рака.,1,0
"Мобилизация также необходима в гражданских политических и экономических сферах, в военной сфере, в культуре, образовании и изобразительных искусствах.",1,0
Дача продалась от брата.,0,Semantics
Я угрожаю тебе казнью.,1,0
Им это всё не принадлежит.,1,0
С кем Петя пришел?,1,0
В документе приводится метод определения конкурентоспособности промышленной продукции с точки зрения экологических факторов на основе использования сложного и комплексного показателя.,1,0
"Помогай, кому угодно, какое мне дело.",1,0
Милиционеры расспрашивали арестованных друг о друге.,1,0
Вы не можете так исчезнуть.,1,0
"Он знал, какой хищной цепкостью, быстротой и мягкостью в стрельбе владел бывший наводчик Меженин, но как-то необъяснимо было это его решение наводить самому.",1,0
Эти колонны дают зданию устойчивость.,1,0
Фильм смотрится школьниками.,0,Syntax
Кое-какие следы еще сохранились.,1,0
"Услышав это, Миша немедленно не ушел.",0,Semantics
"Поведенческая – предназначена для моделирования потенциальных организационных, социальных и психологических реакций на распространение болезни.",1,0
Он мужественно плыл против течения.,1,0
"Я чувствовал, что она волнуется.",1,0
"Одним словом, мне невыразимо тяжело было иметь с ним какие бы то ни было отношения.",1,0
"Впоследствии, когда, откровенно говоря, было уже поздно, разные учреждения представили свои сводки с описанием того человека.",1,0
Он получил похвальную грамоту.,1,0
Незачем собирать вместе чуждых друг другу людей.,1,0
Возьми из моего стола тезисы докладов и дай Ивану Сергеевичу.,1,0
"Я надеюсь, ты собрался?",1,0
У нашей фирмы имеется представитель в Красноярске.,1,0
"Кого ты хочешь, чтобы я погладил по голове?",1,0
"Брат ушел в театр, и я сижу дома.",1,0
Вчера мы пользовались этим прибором.,1,0
Остальную часть вечера я провел возле Веры и досыта наговорился с ней о старине.,1,0
Рекомендуется не задавать лишних вопросов.,1,0
На самом деле нынешний мир под управлением США абсолютно лишен каких бы то ни было моральных предрассудков.,1,0
Он открыл шкаф и взял оттуда два больших полотенца.,1,0
"Жюнь 1998 г. — Зеваго Костиантин является членом парламентского комитета по вопросам экономической политики, управления государственной экономикой, имущества и инвестиций.",0,Morphology
Он ошибся за своего младшего брата.,0,Semantics
"Иду я, щурюсь, будто на солнце, вдыхаю, будто и воздух-то здесь другой.",1,0
Он воздержался от всех комментариев.,1,0
На этой площади будет театр.,1,0
Мы живем здесь давно.,1,0
"Долгое время держалось у Анюты то самое праздничное настроение, которое помогало ей с лёгкостью решать даже самые трудные проблемы.",1,0
"Иван ведь тогда говорил, что она сейчас без работы.",1,0
Ему завтра исполнится 60 лет.,1,0
Миша пожертвовал две тысячи долларов на благотворительность.,1,0
Каждый день он приносил мне какую-нибудь новую игрушку.,1,0
"Побыстрее выходим из вагонов, не задерживаем отправление поезда!",1,0
Укреплены только фрагменты некоторых сооружений крепости в столице.,1,0
У нее был грипп.,1,0
"Вполне можно ожидать, что результаты этой мыслительной деятельности кремлевских экспертов окажутся, мягко говоря, нестандартными.",1,0
Мальчик был наказан родителями.,1,0
"Рядом с ним — элегантный и аристократичный Борис Савинков, которому тоже отведено большое место в романе.",1,0
Просто Герман оказался здоровее других.,1,0
Она живет в маленьком городе близ Москвы.,0,Semantics
"Он достал опять складной ножик, разрезал на своей ладони картошку на две половины, посыпал соли из тряпочки и поднес Пьеру.",1,0
"Получив свои деньги, девушка, о которой я говорю, приехала к Толстому посоветоваться насчет своих денег.",1,0
"Поручив барышню попечению судьбы и искусству Терешки-кучера, обратимся к молодому нашему любовнику.",1,0
"Если потребуется, то любой из нас ей поможет.",1,0
Вячеслав стоял у примуса и по обыкновению зубрил что-то.,1,0
"Я был уже не первой молодости, но вздумал учиться живописи, — у меня всегда была страсть к ней.",1,0
"Когда я вхожу в этот огромный универмаг, я всегда теряюсь.",1,0
Я видел ее только в профиль.,1,0
"Все больше людей возвращаются, и особенно молодых.",0,Syntax
Неужели ты до сих пор обижаешься?,1,0
"Он сидел в кресле, рядом с ним стояла недопитая бутылка вина.",1,0
Трудно не делать что-нибудь.,1,0
Гость пришел не вовремя.,1,0
"О, да: вы получите мой Amazing Stack шаблон абсолютно бесплатно с этой частью, Нет дополнительной платы!",0,Hallucination
Волшебный алгоритм позволяет найти максимальное паросочетание.,1,0
Дремучее невежество посетителя изумило даже видавших виды опытных сотрудников.,1,0
Книга была назло мне продана студенту букинистом.,1,0
Я не выключала плиту.,1,0
"Поезжай в деревню, занимайся землеустройством!",1,0
Начавшийся процесс его обращения надломился и кончился трагически.,1,0
"Если бы Том попросил меня о помощи, я бы помогла ему.",1,0
Я не был дома.,1,0
Я находил в этом лесу рыжики.,1,0
"Поэтому меры, которые предстоит принять Генеральному директору, основаны на выводах и некоторых рекомендациях, содержащихся в докладе.",1,0
Мы стояли у самой границы.,1,0
Здесь мы сразу натолкнулись на препятствие.,1,0
Кто покупал эти билеты?,1,0
"Хозяин, не желая показаться невежей, поспешно вышел из гостиной и первым протянул необычному гостю руку для крепкого рукопожатия.",1,0
"Иван показал мне, что коробка пуста.",1,0
Меня убедили не отнимать у ребенка лишний год из детства.,1,0
Он проплыл пятьдесят метров.,1,0
"В этом молодом луку осенью, конечно, в самый сжатый вид, уже заложена стебля с цветами нового года.",0,Hallucination
"Вспомнил, что Н.С. Михалков недавно выразил желание быть похоронен здесь.",1,0
"Ее книга 1896 года « Уроки истины, курс двенадцати уроков практического христианства » теперь считается одним из основных текстов учений Церкви единства.",1,0
При термической обработке металлы получают исключительную твердость.,1,0
"Люди пола не замечают, ходят –– не чувствуют...",1,0
Аминокислоты и вода образуют цепную структуру самой ДНК.,1,0
Я не считаю квартиры.,1,0
Colonel Nozzaire (голос Колина Мёрдока) — бывший член Французского иностранного легиона и новый начальник Гаджета.,1,0
"Сообщить отрядам, в каких пунктах имеются продовольственные склады.",1,0
О чем ты хочешь со мной поговорить?,1,0
Он поделился со мной своим супом.,1,0
Она поставила на стол кастрюлю с супом.,1,0
"Светит солнце и не холодно, но и не хочется идти гулять.",0,Syntax
"Для работы над нашим новым проектом он привел людей, всех получивших хорошее образование.",0,Syntax
"Когда развивается остро, действие стремительное, нечасто жесткое и разрушительно носят общественно опасный характер.",0,Syntax
"Ваня думает, что Маша любит его.",1,0
"Вчера я была у ма мы, и она дала мне эту книгу.",1,0
Мальчик ударил брата и убежал.,1,0
У нас сейчас белые ночи.,1,0
Тем временем или помощь подоспеет.,0,Syntax
Я застал его мрачным.,1,0
Она может потребляться в качестве пищи.,1,0
В то время он пил стакан воды.,0,Semantics
"Еще большее, настоящее представление о путешествии получила от поездки всей семьи в 1906 году в Берлин.",1,0
Мне не стать членом этого союза.,1,0
Он ищет новую секретаршу.,1,0
"Вода капает, так что ведро наполнится не скоро.",1,0
Николай еще раз подтвердил свое распоряжение Воронцову усиленно тревожить Чечню.,1,0
"Чем расслабленней тело, тем лучше оно резонирует — за счёт этого голос более звучнее при тех же усилиях со стороны связок.",0,Morphology
В данном случае наши интересы совпадают.,1,0
Сотрудник был набран редакторами.,0,Syntax
Такому безответственному работнику нельзя поручать важные дела.,1,0
"Прошли слухи, будто он продает квартиру.",1,0
Она вдруг запнулась и долго смотрит непонимающими глазами на Елену Николаевну.,0,Syntax
Федеральное правительство может также проводить общенациональные референдумы по основным вопросам.,1,0
Сообщение с ним просто пешком.,0,Hallucination
Конная статуя звенела стременами.,1,0
У окна стояла девочка и отчаянно махала рукой.,1,0
Этот выдающийся учёный-физик считал себя полным невеждой в литературе.,1,0
Ожидается приход Пети.,1,0
Она была в стороне от всех интриг.,1,0
Ваши рыжие волосы примелькаются и вас начнут просто бить.,1,0
Он растащил трубы по участку.,1,0
За стеной кашлял человек.,1,0
"Она любила Анну, но ей приятно было видеть, что и у нее есть слабости.",1,0
"Директор сообщил, что «предусмотрели ли разработчики проекта возможные риски и меры их предупреждения».",0,Syntax
Я не могла тогда сказать ему что-нибудь определенное.,1,0
"Он делал гимнастику, потом час-два работал, а после этого бежал к реке купаться.",1,0
Порядок еженедельной выдачи мыла всем проживающим в общежитии сохраняется.,1,0
Он приходил к нам на прошлой неделе.,1,0
Я понравился Маше и Пете.,1,0
Она выполнила половину вашего задания.,1,0
Охотник заваливал чем-то вход в пещеру.,1,0
Врач пришел только к вечеру.,1,0
Командира минометного взвода Савостина убило пулей.,1,0
"Я не сомневался, что операция, тем не менее, увенчается успехом.",1,0
Могу ли я взять напрокат ваш карандаш?,1,0
"Обновлённому составу депутатского корпуса предлагалось избрать секретаря совета, постоянные депутатские комиссии и новый состав исполкома.",1,0
"Это то впечатление, которое вы хотите того, чтобы мы вынесли которое отсюда?",0,Syntax
Есть одна удивительная женщина у нас в Покрове.,1,0
Сейчас и на войне и в мирное время одной лихостью ничего не добьешься.,1,0
Перемен в технической политике фирмы еще не началось.,0,Semantics
Моего паспорта не было в сумке.,1,0
Он запер закрытую мною дверь.,1,0
Он читал стихи для целого стадиона.,1,0
"Поодаль где-то была лужа, и, вероятно, это туда с высоты огромных деревьев поочередно сучья роняли капли.",0,Semantics
"Я поднял глаза и увидел то, что высоко в небе неслись над станицей птицы.",0,Syntax
"В рассказе описывается путешествие к замку, находящегося на самой вершине живописного холма.",0,Syntax
"Это Садуа, который пришел и подал своего медведя.",0,Morphology
Детские врачи рекомендуют переводить ребёнка на искусственное питание с десятимесячного возраста.,1,0
"Сотский, то есть десятник, пришёл через несколько дней.",1,0
"Даже в эпоху практичных людей появляются те, кто воюет с несправедливостью.",1,0
Мальчиком была прогнана собака.,1,0
Я отказался от ее услуг.,1,0
Дима завершил свой туалет итальянским плащом болонья с золотыми пряжками на погонах.,1,0
До шуток ли ему теперь!,1,0
Я не всегда буду с вами.,1,0
Наши знакомые нам на пляже не встретились.,1,0
"Медсестра Люся из поликлиники, делавшая ему уколы, тоже была бодра и в меру улыбчива.",1,0
В каждой банке ползало по таракану.,1,0
У тебя есть любимый артист?,1,0
"Я думаю, мы можем к нему зайти.",1,0
Телли отказывается отрицать существование ее сына.,1,0
Мяч уходит на угловой.,1,0
"Ведущие банкиры страны уверены в том, что надвигается очередной экономический кризис.",1,0
"Меня попросили приехать на пару дней пораньше, чтобы вместе обсудить сценарий.",1,0
"Так я жил для других, и не почти, а совсем погубил свою жизнь.",1,0
"Самовар, молчавший до сих пор, неожиданно запел.",1,0
"Звёзды на плечах символизируют честность и достоинство человека, живущего по его принципам.",0,Syntax
Мне и рубля не накопили строчки.,1,0
"Если Вы узнаете о несанкционированном использовании Вашего пароля или Вашего аккаунта, Вы соглашаетесь немедленно об этом уведомить Google.",1,0
По возвращению из эмиграции поэт с удвоенной силой взялся за работу.,0,Syntax
"Он говорил очень убедительно, но у меня возникли сомнения.",1,0
Я с трудом провел целый день дома.,1,0
"Заметив опасливый взгляд брата, я тоже насторожился.",1,0
"Дети в школе на 9 мая рассказывали про своих прадедушек, которые прошли возвращение из плена, много перенеся.",0,Syntax
Преподаватель предложил студенту сократить курсовую работу.,1,0
Мало где можно спать.,1,0
У нас в городе много фабрик.,1,0
ЦГВУ будет и впредь оказывать поддержку координации на страновом и региональном уровнях и служить центром тяжести для более тесного сотрудничества на глобальном уровне.,1,0
Стану я пса кормить!,1,0
"Все же пропали гробы, все видят.",1,0
Забудьте о своих экологических отпечатках.,1,0
Миша тоже ощутил легкое прикосновение кисти; и ему стало мокро и противно.,1,0
Сегодня сингапурские вооруженные силы относятся к числу наиболее оснащенных в Азии.,1,0
"Осип Брик в ряде статей обнаружил, что он никогда не понимал Маяковского.",1,0
"Коли не было в зале, когда выключили свет.",1,0
Я приняла его возражения.,1,0
"Отец был небогат, но мать получила в приданое 10 тысяч десятин земли.",1,0
"Клуб ""Волшебный круг"" (1964—1967 годы) ""Детское шоу"" (1964 год)!",0,Hallucination
"Кроме того, библиотеки создали широкий выбор различных веб-инструментов для поиска полезного и качественного материала в Интернете.",1,0
У него было чувство страха перед этим человеком.,1,0
Я один раз пробовал китайскую водку.,1,0
Украинская флотилия начала громить ледовые заторы в Белом море.,1,0
"Хочу, чтобы, если вы захотели, то вам все показали.",0,Syntax
Дело слушалось окружным судом Тель-Авива 12 мая 1998 года.,1,0
"AD RMS использует шаблоны политики, основанные на XML, чтобы позволить совместимым приложениям, поддерживающим IRM, применять последовательную политику защиты.",1,0
Для сохранения нематериального культурного наследия создано специальное учреждение.,1,0
Ему оставили одну маленькую комнату.,1,0
Должен же он был там что-нибудь делать.,1,0
Так я вас и побоюсь!,1,0
Всю войну свет был тусклым.,1,0
"Если бы он вскоре не понял свою ошибку, возникла бы опасная ситуация.",1,0
"Том пока не знает, что сделала Мэри.",1,0
"На лбу выступил пот, и кулак, в котором она сжимала простыню, тоже стал мокрым, пальцы скользили.",1,0
"Также он мог оскорблять, предать кого-либо, даже свою жену - не с какой-то большой целью, а просто ради удобства в разговоре...",1,0
"Не видно, чтобы он куда-либо ходил.",1,0
Мне не нравится этот магазин.,1,0
У нее интересные книги.,1,0
"У тебя три брата и две сестры, и если потребуется, ты должен помогать им всем.",1,0
"Все, кто слушал выступление профессора, в очередной раз был удивлён яркостью, оригинальностью и глубиной его речи.",0,Syntax
"Чтобы наблюдать казнь, он выбрал не лучшую, а худшую позицию.",1,0
Поезд следует из Варшавы в Берлин.,1,0
"Покажи, я умираю от любопытства!",1,0
"Я точно помню, что мы тогда купались.",1,0
Он избегает встреч с этой женщиной.,1,0
Наиболее важной функцией РКА остается ее служба британской разведки.,1,0
Правая рука его судорожно хрустела бумажками.,1,0
"У дома стоял грузовик, вблизи него прямо на тротуаре сидел человек.",1,0
Гончарова обратила на себя внимание царя.,1,0
У меня голова начала кружиться.,1,0
Его застрелили возле его машины.,1,0
"В 1987 году Барр переехала в Сидней (англ.)русск на экскурсии с ""Симптом"".",0,Hallucination
"Том сказал, что знает, что планирует сделать Мария.",1,0
"Или, может быть, поисково-спасательные работы?",1,0
Когда же вы назначите цену?,1,0
"Вода была ледяная, от неё ныли зубы, и глоталась она со звоном.",1,0
Маша и Лена после моих уговоров помирились.,1,0
"Оказалось, что он жил с матерью в подмосковной деревне у канала.",1,0
"У Нонны горело лицо, ее даже знобило от волнения.",1,0
"Научившись 40 тысяч лет назад добывать огонь, развитие человечества заметно ускорилось.",0,Syntax
Помню свои впечатления от этой поездки ― по обеим сторонам дороги тянулись заросли сирени.,1,0
Я не воспринимаю этой музыки.,1,0
Это решение пьяным сесть за руль он принял под давлением обстоятельств.,1,0
"Благодаря приёму олицетворения А.А. Фет наделяет явления природы настроениями, свойственными для людей.",0,Syntax
Подавляющее большинство женщин подвергаются тому или иному насилию в возрасте до 15 лет.,1,0
В четверг я поеду и вернусь к ней.,0,Semantics
Морщины у глаз не старили его.,1,0
Его не пришлет ответ.,0,Syntax
Он долго был в отчаянии.,1,0
Финансовой катастрофы не вырисовывается.,1,0
"Ники не оказалось ни в саду, ни в доме.",1,0
Благодаря благородного поступка вашего сына никто не пострадал.,0,Syntax
Через минуту возле его правого уха ступил в лужу большой тяжеловесный сапог.,1,0
"Но вчера Москва подтвердила свою репутацию как самый дорогостоящий в мире город, открыв роскошный отель, предназначенный для мега-богатых.",1,0
Он так и не дал ответа.,1,0
"Я по себе знал: когда что-то не выходит, все сделаешь для того, что бы вышло, так просто не отступишься.",1,0
Я дал ему обещание.,1,0
"Начался экспорт клеящих материалов, особенно в соседние европейские страны.",1,0
С тех пор и года не прошло.,1,0
В Которском заливе прошли восстановительные работы.,1,0
"Она остановилась, когда вдали показалась рига.",1,0
Этой весной опять был сильный голод: уже второй год шла война.,1,0
Багаж можно будет получить в терминале аэропорта через час по прилёту лайнера.,0,Syntax
Пятна от чая с трудом отстирываются.,1,0
Я был там на неделе.,1,0
"Еще ребенком он последовал за отцом, которого сослали в Сибирь.",1,0
Много горя ее матери пришлось пережить.,1,0
"Я показал этот текст студентам, обоим знающим эскимосский язык.",0,Syntax
Но Дрынов получил приказ «ни шагу назад» и намерен был его выполнить.,1,0
"Но самое главное, это должно включать служение другим, если это будет духовно полезно для вас.",1,0
Справочник россиян насчитывает почти 19 млн имён.,1,0
"Собака шла через зал, стуча когтями по паркету.",1,0
Я приеду в субботу или в воскресенье.,1,0
"Заключенных оставили в изоляции на три месяца, заставляли трудиться.",1,0
Она села отдохнуть у теннисного корта.,1,0
Иван не купил на рынке игрушек.,1,0
"Ты хочешь, чтобы тебе заплатили пятьсот тысяч.",1,0
Вы никогда не были похожи на него.,1,0
Я с удовольствием испекла пирог.,1,0
"Автор пытается донести до читателя, то что нужно быть честным, справедливым, порядочным человеком.",0,Syntax
"И именно в это самое время он получил то спокойствие и довольство собою, к которым он тщетно стремился прежде.",1,0
Выпущен 23 мая 2007 года.,1,0
"Я стал бояться, как бы он нечаянно не нажал собачку.",1,0
"Сомневаюсь, что это было кому-нибудь известно.",1,0
Охотник закрывал чем-то вход в пещеру.,1,0
"Сторож стуком колотушки доказал, что он не спит.",1,0
"Студентам, обоим сведущим в эскимосском языке, не удалось разобрать здесь ни слова.",1,0
"Рядом с тем местом, где стоял стул, лежал маленький коврик.",1,0
Я получила десять рублей.,1,0
"Население не просто не имеет понятия, что такое НПФ или инвестиционный портфель, но даже считает, что накопительная система уже сама по себе обеспечит большие накопления.",1,0
По возвращению из Болгарии супруги занялись обустройством дома.,0,Syntax
После короткого завтрака мы продолжаем двигаться.,1,0
Отказ от игры уронил его в глазах шахматистов.,1,0
При вечернем освещении ее волосы получают удивительный орехово-золотистый оттенок.,1,0
Здесь часто кто-нибудь занимается.,1,0
У него на лице улыбка.,1,0
Обсуждать что-либо всерьез становится практически невозможно.,1,0
Он пришел весь мокрый.,1,0
"Зная, что что-то случилось, но не зная, что именно, Вронский испытывал мучительную тревогу и, надеясь узнать что-нибудь, пошел в ложу брата.",1,0
Кто-то из них не пришел.,1,0
Каждому ребенку досталось по конфете.,1,0
К тебе только что приходила какая-то блондинка.,1,0
"Три внука Муаммара Каддафи, идентифицированные властями как дети Ханибала, Мухаммеда и их сестры Айеши, также были похоронены.",1,0
"С начала массовых репрессий в Монголии ОВС сильно пострадало, с началом первоначальных успехов вынуждено мигрировать в Китай.",0,Syntax
"Врачи посоветовали мне жить поблизости от Москвы, на даче.",1,0
Он не пропьет всех денег.,1,0
Задержаны несколько десятков российских националистов.,1,0
"Вот приучили народ не думать, а быть радому миске похлебки, но по льготам.",1,0
Я принимаю самоубийство как выход из безвыходного положения.,1,0
Его пламенная речь меня воодушевила.,1,0
"Эти два способа сбора информации называются ""представляющими имена"" и ""притягивающими имена"".",1,0
Ты хочешь что-нибудь сказать Тому?,1,0
"Боюсь, что он женится там на какой-нибудь француженке.",1,0
В эмиграции Марина Цветаева часто вспоминала и восхищалась поэзией Бориса Пастернака.,0,Syntax
Ванина двойка не огорчила маму.,1,0
"Он рассмотрел случаи, считающиеся особенно трудными.",1,0
Пуля попала в стену возле самого его плеча.,1,0
В дополнение к описанным выше усовершенствованиям службы и инструменты VA в Windows 7 работают лучше и требуют меньшего объема системных ресурсов.,1,0
"Он приехал, как если бы абсолютно не понимал, что этого делать нельзя.",1,0
Ему здорово от нее достается.,1,0
Он долго не думал.,1,0
"Вероятно, кто-нибудь так бы поступил при подобных обстоятельствах.",1,0
Я не вижу карандашей.,1,0
В своем “Синтаксисе” Пешковский обсуждает проблему залога.,1,0
"Неизвестно, где его искать, тот банк.",1,0
"Те остатки угля, обнаруженные при исследовании стоянки, позволят определить, какие именно деревья росли здесь пять тысяч лет назад.",0,Syntax
Тираны всюду и везде уподобились пастухам старых басней.,0,Morphology
Приказано было отпечатать его в двухстах экземплярах и вручить Кару.,1,0
У меня возникло подозрение.,1,0
Я выслушала ваши извинения.,1,0
Завтра я прихожу к вам.,1,0
Никаких российских самолетов воздушного пространства Грузии не нарушало.,0,Semantics
Он оказался очень сообразительным кем?,0,Syntax
"Но лучше всего было лицо — аскетически худое, со страдальческими морщинками возле губ, со втянутыми щеками, запавшими висками, очень трагический профиль.",1,0
Хлеб убрали на 140 гектарах.,1,0
Они пошли каждый к себе домой.,1,0
"Совсем не то, когда бездетной женщине в дом попадется почему бы то ни было чужой ребенок.",1,0
"Мне все время казалось, что я говорю с тобой.",1,0
"В результате запланированные структурные реформы были в значительной степени игнорированы в структуре и приоритетизации бюджетных ассигнований, с неопределенными последствиями.",0,Syntax
"Как раз в это время я оказалась поблизости от их дома и видела, что оттуда кто-то выходил.",1,0
Здесь нельзя перейти улицу.,1,0
Хочу поговорить с ними с обоими.,1,0
Я не знаю никаких ирландских художников.,1,0
"Тогда, если невозможны оба варианта, остаётся третий.",1,0
"Утром ходили купаться к озеру: наш излюбленный маршрут, знакомый до подробностей.",1,0
"Во дворце спорта есть две ледовые арены, два бассейна, большой спортивный зал.",1,0
"Он получил большое облегчение, узнав, что она простила ему.",1,0
"Идя вдоль берега, оказалось, что все удобные для рыбалки места заняты.",0,Syntax
"Только родное слово может напоить душу поэзией, рождённую опытом народа.",0,Syntax
После землетрясения многие решили спать снаружи в палатках.,1,0
Он мужественно перенес наказание.,1,0
"Заметив опасливый взгляд собеседника, я на минуту задумался.",1,0
Бутылки не было в холодильнике.,1,0
"Должен же ты был с кем-нибудь поговорить, прежде чем начать ра боту.",1,0
В декабре нужно сдать годовой отчёт о работе библиотеки.,1,0
По дежурному оставаться на каждом этаже.,1,0
"Творческую силу можно назвать производительной при условии, что она используется для социальных изменений.",1,0
Даже учитель с трудом решил эту задачу.,1,0
Мы не оскорбим нашего учителя покупным подарком.,1,0
"Куда бы он ни шел, он всегда надевал джинсовые брюки и клетчатую рубашку.",1,0
"Видите, я все средства пускаю, чтобы не быть одинокому.",1,0
В каких населенных пунктах находятся склады?,1,0
"Ты всегда считаешь, что я неправа.",1,0
"Я полагаю, что он должен так поступить.",1,0
"Как не исключает Иван, изменения необходимы.",0,Semantics
"Набежали тучи, и пошел дождь.",1,0
Мы подходили к концу века.,1,0
Ошибка Маше была указана на неправильную форму глагола преподавателем.,0,Syntax
"Придется, если откроешь свое дело, всем взятки давать.",1,0
Он говорил об упразднении каких бы то ни было званий.,1,0
"Я рад, что вы признаете Маргарет Thatcher.",0,Hallucination
Её карьера включала семь лет работы на радио и телевидении в качестве звезды Декабря Bride.,0,Hallucination
Они грелись у костров.,1,0
"Когда наступает время на брезент-рок, если вы используете экорок, это примерно четверть воплощенной энергии стандартной брезент-рок.",0,Hallucination
Николай женился на Ольге в двадцать три года.,1,0
Лейтенант-коммандер Ходжкинсон получил приказ быть готовым к взлету.,1,0
Если мой голос имеет какое-нибудь значение ― послушай меня!,1,0
Он сам ходит в магазин.,1,0
От длинных перечислений я утомился.,1,0
"Ашхабад становится центром привлечения научных и культурных идей, где регулярно собираются представители интеллектуальной и творческой элиты из многих стран мира.",1,0
"Министр обороны США признал систему ПРО в режиме ""сухого листа"".",1,0
Ни одной болезни не протекает без осложнений.,0,Semantics
Борода у губ слегка курчавится.,1,0
Никто не заметил ее букета.,1,0
Реорганизация не была проведена в срок.,1,0
В городе ожидается приезд масс.,1,0
Волга поворачивает на запад у Саратова.,1,0
Плащ защитил меня от дождя.,1,0
Вина за катастрофу А-310 возложена на погибших летчиков.,1,0
Отсутствовало всякое желание этим заниматься.,1,0
С принятием христианства русская культура преодолевает локальную ограниченность и приобретает универсальные намерения.,1,0
Ответственность за продукцию: Рекреационное и спортивное оборудование.,1,0
"Иван ни плаща, ни куртки с собой не взял.",1,0
Он не пошел на работу.,1,0
"На другой день утром мы похоронили ее за крепостью, у реки, возле того места, где она в последний раз сидела.",1,0
А вот как объяснял свое решение стать военным летчиком кадет Майкл Томлинсон.,1,0
Я жду его уже полтора часа.,1,0
Но Александр Борисович отрицает какие бы то ни было мстительные мотивы в своем выборе.,1,0
Наука ли есть история?,0,Syntax
"Он не знает, зачем приехал Иван.",1,0
Сплошная проверка обнаружила массу ошибок.,1,0
Геккерн на все способен: это человек без чести и совести.,1,0
"Генетика научно узаконивала неравенство рождения, отдавая предпочтение родовым признакам, объективно утверждая, что дворянскому сыну легче стать ученым или политическим деятелем, чем сыну крестьянина.",1,0
Благодаря антибиотиков многие заболевания перестали быть смертельно опасными для человека.,0,Syntax
У него есть имя.,1,0
"Первый бандит, так неудачно промахнувшийся по «мишени», был жив, но в беспамятстве.",1,0
"Он рад, что непохож на мужа барыниной Аннушки, с которым скандалы происходят раз в две недели: он ломится к жене, а та боится.",1,0
"При допущении, что он еще увидит Антипову, Юрий Андреевич обезумел от радости.",1,0
Данные шифруются только при запросе удаленного сервера.,1,0
Договора не было нарушено.,0,Semantics
"Они уйдут, а вместо них появится кто-то новый.",1,0
"Приняв управление имением, он решил на несколько дней поехать в Москву.",1,0
Он назначен в начальники всем корпусам.,1,0
Выгодность сделки была очевидна.,1,0
"Эти слова, напоминание себе об опасности, прозвучали вовремя.",1,0
"На самом деле, они делают свою жизнь на подобных вещах.",1,0
В лесу раздавался топор дровосека.,1,0
В 1995 году Йоханссон передал свои работы Национальной и Университетской библиотеке Исландии для сохранения.,1,0
"Лично я очень доволен, что мы отказались от обедов.",1,0
"Ты думай о том, как мы здесь сидим, пьем чай, смотрим на небо, на землю, и нам хорошо.",1,0
"Ты захотел посетить своего приятеля; но ты опоздал, amice, и мы уже имели с ним продолжительную беседу.",1,0
Сегодня она была особенно молода и внушительно красива в новом го лубом капоте.,0,Semantics
"Алёшу привезли на полигон, когда уже смеркалось.",1,0
"Это девушка твердая, благоразумная, терпеливая и великодушная, хотя и с пылким сердцем, что я хорошо в ней изучила.",1,0
В театральном училище учатся артистичные и одарённые люди.,1,0
Петя получил разрешение уехать.,1,0
"Посмотри, как далеко мы зашли.",1,0
"Он уже знал, что не напишет ей письма, пока не вернется в Москву.",1,0
Тут мы не вправе вступать в какую-либо полемику.,1,0
Природный заповедник Альто Тахо находится в 27 км от Посады.,1,0
"Отсюда деревни не видно, надо доплыть до поворота.",1,0
"Всё, что он говорил и слушал до сих пор, не вызывало у него ровно никаких образов.",1,0
"В реверсе монет первого типа изображён Христос, сидящий на троне; на реверсе второго крестзображен Сидящим в мандорле.",0,Morphology
"Все выигрышные билеты должны быть погашены в течение 120 дней после даты розыгрыша, напечатанной на билете.",1,0
Он вскоре не сделался негодяем.,0,Semantics
За огородами следовали крестьянские избы.,1,0
"Те, кто изучал математику, конечно, знает о Евклиде.",0,Syntax
От Лахти до Куопио вы будете любоваться невероятной синевой финляндских озер.,1,0
Я три дня не садился за стол.,1,0
Перед началом занятия он открывает окно.,1,0
"Мне вспомнился город моего детства и те самые знаменитые глиняные свистульки, которыми торговали на базарах.",1,0
Отказ от игры не уронил бы Фишера в глазах шахматистов.,1,0
"В нашем лесу есть озеро, а в их лесу нет.",1,0
Виктор Ерофеев выразил желание выступать вторым.,1,0
"Если используется другой редактор, то сохранение файла и его код UTF-8 (пункт 4-9) могут отличаться от этого описания.",1,0
Нашел о чем говорить!,1,0
Весло задело своим концом подол ее платья.,1,0
Он дал мне время кончить работу.,1,0
"Нет уж, что бы там ни было, она не обрадует узурпатора расспросами и виду не подаст, насколько ей сейчас тревожно.",1,0
"Да, следует отметить певую странность того страшного майского вечера.",1,0
"Перед тем как изложить на бумаге свои воспоминания о ком бы то ни было, Репин рассказывал о них нескольким людям.",1,0
Иван нарушил обещание встретиться с нами сам.,1,0
Тогда руководители NASA также сначала отрицали наличие каких бы то ни было серьезных технологических проблем.,1,0
"Авиакомпаниям разрешили использовать сервис ""onechuckle"" для заказа самых популярных авиамар.",0,Morphology
Все элементы должны составлять единое гармоничное целое и соответствовать вашему идейному замыслу.,1,0
И опять весь вечер мы говорили о чем-нибудь постороннем.,1,0
"Журналисты газеты распространяли слухи, что СССР планировал взорвать термоядерную бомбу на Луне.",1,0
Это конец какой бы то ни было свободной экономике.,1,0
"Том действительно отвратительный, не так ли?",1,0
"Жаль, что Ивана не было!",1,0
"Если разговор слышал Матвей, то зачем ему сообщать об этом вам ― под каким бы то ни было соусом.",1,0
Дэйв в 12 лет начал учиться играть на гитаре.,1,0
"Выходя из дома, я заметил, что калитка открыта.",1,0
"В ту ночь он узнает, что Шарлотта хочет ребенка.",1,0
"Осина –– дерево ненадежное, но он все-таки рискнул: подпрыгнул и ухватился за ветку.",1,0
"По-моему, здесь пахнет газом.",1,0
Она начисто забыла какие бы то ни было подробности.,1,0
Арина Васильевна сидела на низенькой скамеечке возле двери и только по временам уходила молиться.,1,0
"Мой единственный помощник, студент В. Каменский, вряд ли мог чем помочь в этом отношении ― он первый раз принимал участие в такой экспедиции.",1,0
Такие газопроводы не строят в течение двух лет.,1,0
"Сюда каждый день привозят кирпич, разгружая его у дороги.",1,0
"Как дипломатичный человек, он не стал продолжать спор, который грозил перерасти в серьёзный конфликт.",1,0
Виктор Ерофеев выразил желание выступать второй.,1,0
Они также насильно удалили огромное число людей.,1,0
Он отошел на 20 метров.,1,0
Канада продолжит поддерживать ОИС путем предоставления технической помощи развивающимся странам.,1,0
Его поступок имеет объяснение.,1,0
Ни одного студента не было на лекции.,1,0
"В американском кинофильме ""Дикая роза"" герой фильма Фрэнк Комо чуть не погиб во время полёта дирижабля с акте.",0,Morphology
Не нужно мне твоих советов.,1,0
"В результате раскопок учёные установили то, что ещё в глубокой древности янтарь использовали как украшение.",0,Syntax
"Меня удивило, что он дал тебе свои деньги.",1,0
Кто-то бежал по аллее.,1,0
Закройте номер и возвращайтесь!,1,0
Ты долго у нее пробудешь?,1,0
Он отрицает существование каких бы то ни было планов на этот счет.,1,0
В этом лесу волков не водится.,1,0
МАРУ организует и поощряет деятельность в области радиоспорта во всем мире.,1,0
Его пристрастие к курению раздражает Луциус.,1,0
"Он дал этой местности красивое, звучное название.",1,0
Она взяла на себя правку корректуры.,1,0
Папа римский Франциск после нападения Германии на Нидерланды выразил соболезнования бельгийской королевской семье (результаты опроса).,1,0
"На вопрос, почему он бы стал жениться на Мелани и ответил: так он сможет целовать в любое время.",0,Hallucination
На самом деле нынешний мир под управлением США абсолютно лишен каких-либо моральных предрассудков.,1,0
Благодаря состоявшегося разговора с Гайдном решение Бетховена учиться у знаменитого композитора и ехать в Вену укрепилось.,0,Syntax
Он рассадил полсотни людей в профессорской гостиной.,1,0
Обсерватория открывала памятник Воейкову.,1,0
"Поэтому он так и ответил, что ягод в тундре много.",1,0
Его левая рука судорожно хрустела бумажками.,1,0
"Всё: набережная, крытые павильоны, кусты олеандров, южные пальмы, так любящие тепло, — были покрыты снегом.",0,Syntax
Она принимает у него заказ уже десять минут.,1,0
Ваня нигде не был.,1,0
"Коренные зубы у детей растут в той же последовательности, как выпадали молочные.",1,0
Хорошо бы на этот раз он не выиграл.,1,0
"Вопреки прогнозов синоптиков, погода в сентябре стояла тёплая и сухая.",0,Syntax
"Давайте посмотрим, как это выглядит с экономической точки зрения.",1,0
Вместе с другой 25-этажной башней будет построено 821 квартира.,0,Syntax
Он отдал ему все свое состояние.,1,0
У Самары Волга поворачивает на запад.,1,0
Тогда появилась идея объяснить позицию нестяжателей религиозно-нравственными побуждениями.,1,0
"Самое удивительное, что я никак не могу написать его словесный портрет.",1,0
Эти препараты сейчас исчезли.,1,0
Гордыня и тщеславие — вот что сгубило великий талант молодого писателя.,1,0
"Парк в старом русле реки Турии, раскинувшиеся под арками древних мостов, является самым большим в Испании.",0,Syntax
"Съедена последняя пачка макарон, а ты провалил вступительные экзамены в вуз и надежды на стипендию разбились.",1,0
"Решал, но не решил.",1,0
"Я так рада сказать о себе песни, как со посланием.",0,Hallucination
Все расходы он взял на себя.,1,0
"Разумеется, они смогли разоблачить свою историю, добавив, что они вернулись, чтобы завершить монстра, который жил в дренах под городом.",0,Semantics
"Адам слишком устал, чтобы читать какую бы то ни было газету.",1,0
В этом месяце он написал три статьи.,1,0
"В своём романе «Герой нашего времени» М.Ю. Лермонтов раскрыл индивидуализм Печорина и рассматривает не только его психологию, но и мировоззренческие основы его жизни.",0,Syntax
Он порезал мясо на мелкие куски.,1,0
"Он рисовал, а она стояла так возле и следила за тем, что он делал.",0,Semantics
Такие инструменты называют русскими гармониками или гармоническими тулами – полуклапанками.,1,0
Я не разбивал чашки.,1,0
"Оказалось, что он женат.",1,0
На следующей неделе он уходил в отпуск.,1,0
"Княжна Марья написала князю Андрею о том, как отец принял его письма.",1,0
"Наша инновация сосредоточена на обеспечении большей мощности и производительности с меньшим количеством дисков, не пожертвовая производительностью или доступностью данных.",0,Syntax
Я сегодня видел того самого гражданина.,1,0
"Не только на полу, стенах и столах, а также и во всех углах террасы красовались разнообразные вазы и горшки с цветами, источавшими тонкий аромат.",0,Syntax
"Все, кто бывал в Москве на Воробьёвых горах, видел с высоты белые стены и башни Новодевичьего монастыря, украшенные красным кирпичом.",0,Syntax
"Карфаген, я настаиваю, должен быть разрушен.",1,0
Он не ел мяса сырым.,1,0
"Пётр чувствовал о том, как слипаются от усталости глаза и страшно ломит тело.",0,Syntax
"На кухне, он ясно слышал, кто-то был.",1,0
"Студентам, самим знатокам эскимосского языка, не удалось разобрать здесь ни слова.",1,0
"Все-таки я считаю, вина Бухарина не доказана.",1,0
Ни Кати ни Лены не было дома.,1,0
Она с любопытством поглядывала на меня издалека.,1,0
"Обнаружив в кометах органические вещества, была выдвинута новая гипотеза о происхождении жизни.",0,Syntax
Том решил купить старый автомобиль вместо нового.,1,0
Колодец уж конечно вырыли вблизи дома председателя.,0,Semantics
Ваш корреспондент ведет передачу из телефонной будки около Центризбиркома.,1,0
"Она уже за дверью обнаружила, что у матери гость.",1,0
"Вообще он замечательный отец, все время возится с детьми.",1,0
Сведений о продвижении войск не поступало.,1,0
В детстве особенно важно научиться любить природу и понять её красоту и тайну.,0,Syntax
"Голдсмит официально объявил, что он уволен после завершения своей работы.",1,0
Я не имею намерения вредить вам; я пришел умолять вас об одной милости.,1,0
На опушке обнаружились следы медведя.,1,0
"Хотя он всегда брал с собой кого-нибудь, на случай поломок или возможных недоразумений, но автомобилем он правил сам.",1,0
Ее сестра звалась Татьяна.,1,0
"Приходится признать, что ни одна из сводок никуда не годится.",1,0
Они читали жалобы друг на друга.,1,0
Есть о ком подумать.,1,0
Никакого виновника не найдется.,1,0
"Те руководители секций, кто выступали с докладами, должны сдать тезисы в печать.",0,Syntax
"Он пошел к брату, чтобы узнать последние новости.",1,0
Молва приписывает смерть его действию яда.,1,0
Ты сидишь слишком далеко.,1,0
Поздравляю вас с Новым годом.,1,0
Наташа положила цветы и села рядом.,1,0
"Вы не позволяете себе даже прикоснуться к руке девушки, если не намерены взять ее в жены.",1,0
В 2015 году незаконные взносы замплантата нашли нелегалов.,0,Morphology
"Он видел, что она сейчас не расположена к разговору.",1,0
Мария проверяет свои сообщения на телефоне.,1,0
Песчаных бурь здесь не бывает.,1,0
После конца смены я сижу на лавочке и жду Валю.,1,0
"Албанские экстремисты стремятся уничтожить всё, что в Косово и Метохии имеет какие-либо сербские признаки.",1,0
"Он почувствовал, что его определенно кто-то догоняет.",1,0
"Поэты сравнивают храм Покрова на Нерли с парусом, уносящемуся вдаль по безбрежным волнам времени.",0,Syntax
Вчера этим прибором пользовались.,1,0
Я дочитал вашу рукопись.,1,0
"Это было пропагандистское заявление, полезное как президенту Путину, так и президенту Воронину.",1,0
Я не обиделась на него за отказ.,1,0
Мне не работается.,1,0
"Они вызвали слесаря, чтобы починить кран.",1,0
"На меже, около дороги стоял трактор, вблизи него, на лугу, сидело человек пять трактористов.",1,0
"Сотрудники миссии ""Спирит"" сообщили о счастливой встрече с пыльным дьяволом, которая очистила батареи солнечных батарей от пыли 12 Марта 2005 года.",0,Hallucination
Комнатная служба готова помочь 24 часа в сутки.,1,0
"Боюсь, что мне не хватит на это времени.",1,0
На литературные заработки мало кто из писателей эмиграции мог прожить.,1,0
"Он входит в темный коридор, задевает за что-то железное, сваленное у стены, нашаривает и открывает дверь.",1,0
"Когда он с кем-нибудь едет в экспедицию, я спокойна.",1,0
"Весь год я была толстой, а потом похудела.",0,Semantics
Это были мечты моего отца.,1,0
Я не хотел заставлять его плакать.,1,0
"Пользуясь фразеологическим словарём, некоторые примеры вам покажутся знакомыми.",0,Syntax
"Учительница эта обратилась к Нехлюдову с просьбой дать денег для того, чтобы поступить на курсы.",1,0
"Если у людей есть способ удалять или использовать инструменты, тогда какие некачественные продукты используют вместо продажи.",0,Hallucination
"С такими, как он, часто что-нибудь случается.",1,0
"Ученые нашли остров Нунавута, который был учрежден в школе с ᓄᓇᕗ癯ᐊ髭剃ить莪?",0,Hallucination
"Разве можно работать с кем-то, кто с тобой так обращается.",1,0
"Характеристики и преимущества, описанные ниже, являются лишь небольшой частью очень большой системы.",1,0
Выступил пот на лбу.,1,0
В 2003 г. благодарные родственники установили памятную доску на стенах школы.,1,0
"Когда в разгар лета горожанам хочется убежать из каменных джунглей, кто-то из них колдует над мангалом, а кто-то добрался до диких цветов.",0,Syntax
"Уверен, что завтра ничего не случится.",1,0
У въезда в город стояла разбитая машина.,1,0
Ничего этого я не знал.,1,0
Полковник отдал майору приказ солдатам выдвигаться на позицию.,1,0
"В тексте поднимается проблема «отцов и детей», ставшая традиционной для русской классики, и раскрыто отношение автора к молодому поколению.",0,Syntax
Пальто из кожи мой друг надевает в промозглые осенние дни.,1,0
Каждую субботу она ходит в баню.,1,0
Я не вижу карандаши.,1,0
Гости были приглашены Машей.,1,0
"Заезжай завтра ко мне, я тебе прочту.",1,0
Стоявшая около дверей стража насторожилась.,1,0
Он сейчас совершает двухчасовую прогулку.,1,0
Она рисует хорошо и мечтает стать художньей.,0,Morphology
"Видно было по его коренастой фигуре, по его ручищам, какой огромной физической силы был этот человек.",1,0
"Когда узнаете, что такое метранпаж, позвоните в 210 номер.",1,0
А ты живи с нами до смерти в пастушьем колхозе.,1,0
Бонапарт первым приказал артиллеристам открыть огонь.,1,0
"Эксперты назвали способ защититься от ""парадокса мужской силы"".",1,0
Как он покончил с мировой культурой ?,1,0
"У нее болит голова, она осталась дома.",1,0
Дети на день рождения смеются.,1,0
"Об островах Зелёного Мыса, разбросанного по Атлантике у западного побережья Африки, писал ещё Плиний Старший.",0,Syntax
"Ему повезло, что он встретил эту женщину.",1,0
Какую Петя прочитал книгу и «Синтаксические структуры» Хомского!,0,Syntax
"Гость вошел в калитку, находившуюся рядом со входом в лавку, и попал в квадратный небольшой дворик.",1,0
"Итак, я прихожу к вам завтра в семь.",1,0
"После Второй мировой войны в США хлынул поток иммигрантов, стремящийся сделать успешную карьеру в стране больших возможностей.",0,Syntax
Судно было направлено в бордо.,1,0
"Иван не знает, что Маша уехала.",1,0
Всё пережитое сделало его будто бы взрослее и жёстче.,1,0
Почти непосредственно над черными кисточками раскиданных бровей начиналась густая головная щетка.,1,0
"В других контекстах, например при решении дифференциальных уравнений, используется другое определение численной устойчивости.",1,0
"Выходя из комнаты, плечи Наденьки подёргивались от всхлипываний.",0,Syntax
А вы не могли бы сыграть ноктюрн?,1,0
"Истоками музыкальных суставов могут быть общественные комнаты, которые иногда строились на плантациях, чтобы темнокожие люди могли общаться во время рабства.",0,Hallucination
"Ташкент принимал ряд визитов высших американских генералов и дипломатов, которые, как полагают, направлены на обеспечение более тесного сотрудничества в Афганистане.",1,0
Парламент Канады объявил во вторник 3 января 1984 года постановление об ужесточении санкций против Туниса.,1,0
Солдаты получили от майора приказ полковника выдвигаться на позицию.,1,0
Вчера я с удовольствием была весь день дома.,1,0
Врач был ровно в шесть.,1,0
Я взяла десять рублей.,1,0
Трудно любить женщину и делать что-нибудь.,1,0
Через полчаса он уже сидел в буфете и пил пиво.,1,0
"Этот продукт был одним из первых синтетических каучуков в истории, известен как неопрен.",1,0
Ты тогда вешал карту?,1,0
Мария наконец нашла свои ключи.,1,0
После такого припадка он получает способность логически мыслить только через несколько дней.,1,0
"А он-то сейчас думает, что мы послушались его и остались на даче.",1,0
Он принял на себя расследование этого запутанного дела.,1,0
"Когда я вошел, она поливала цветы.",1,0
Я не мог этого отрицать.,1,0
Оттуда привезли в последний момент взвод солдат и военный оркестр.,1,0
После переправы дорога уходит влево.,1,0
"Это такой человек, его ни за что не переспоришь.",1,0
"Если ты хочешь говорить с кем-нибудь из них, приходи завтра в пять часов.",1,0
"Наконец, вижу сквозь стекло двух сидящих женщин.",1,0
Каким объемом средств вы желаете рискнуть и сколько прибыли хотели бы получить?,1,0
"Через минуту нам опять открылась панорама громадного северного порта, масса зданий, и дымов, и труб, и судов на Двине.",1,0
Ее матери много горя пришлос пережить.,1,0
"Я надеюсь на Машу больше, чем на Петю.",1,0
"Люди, и без того жившие на грани нищеты, оказались лишены каких бы то ни было средств к существованию.",1,0
Раньше к нему заходили товарищи.,1,0
Слишком уж он серьезен.,1,0
Через четверть часа он уже сидел в ресторане.,1,0
Он принял чужое имя.,1,0
"Мать дала ему свою необыкновенную красоту, а отец — исключительную физическую силу.",1,0
"Он рассмотрел случаи, являющиеся особенно трудными.",1,0
"Она, конечно, знала, что рискует, отказываясь от его предложений.",1,0
Каждый человек поступил бы так при подобных обстоятельствах.,1,0
Перед домом стоит машина.,1,0
"Там на поляне, вблизи которой можно было ожидать тетеревиных выводков, я отпустил Верного.",1,0
Записку и веточку она положила около него.,1,0
"Нет, моего брата нет дома.",1,0
Диксон Денхэм отправился через год и догнал экспедицию.,1,0
Дождь поморосил и кончился.,1,0
"Ножка 7—25 см длиной, часто немного утолщённая в основании, с кольцом белого или коричневатого цвета.",1,0
Она взяла с него обещание вернуться к вечеру.,1,0
Мы могли бы это сделать.,1,0
"Он предсказал, кто будет президентом.",1,0
Найдена альтернатива громоздким вышкам сотовой связи.,1,0
Телевизора на тумбочке не стояло.,1,0
"Он поясняет, что у Боба врожденный порок сердца и предположит, что у Боба была давняя ненависть к Барту.",0,Syntax
"Михаил спросил, что не возникают ли у меня сложности в работе.",0,Syntax
"Я рад сообщить вам, что я полностью выздоровел.",1,0
Я был вчера на собрании.,1,0
Мне во что бы то ни стало нужно получить это кольцо.,1,0
"Быть прописанным при сестре опять-таки полезно на случай того же обыска – кажется, мысль о возможности нового обыска сделалась навязчивой идеей.",1,0
Мать не простила мне моего замужества.,1,0
Героиня фильма любит модную одежду и вкусно поесть.,0,Syntax
"В Его устах слово “стадо” звучало совсем иначе, нежели в наши дни.",1,0
"Арнольд написал сценарий к пилотному эпизоду, NBC сделал прямой заказ (без съемок пилотного сезона) первого сезона из 10 серий.",1,0
Лена просила мужа не ходить ночью одного.,1,0
Все это не делалось не потому что кто-нибудь желал зла Левину.,1,0
Я готов выполнить любую работу.,1,0
"В то время как случилось несчастье с Никанором Ивановичем, в кабинете Римского находились двое.",1,0
Эту передачу больше не повторяли.,1,0
"Наталья Геннадьевна, мой научный руководитель, работает в университете.",1,0
Он считает себя счастливым.,1,0
Белинский еще не раз вернется к той теме.,1,0
"К. Симонов называл роман «Белая гвардия» М. Булгакова не только талантливой прозой, а также очень любопытным документом эпохи.",0,Syntax
Зачем ты снимал перед ним шляпу?,1,0
Солидняк никогда не показывался возле комиссионок.,1,0
Газету Иван купил после обеда.,1,0
"Чтобы получить льготы на санаторно-курортное лечение, необходимо представить документы, перечисленные ниже.",1,0
"Кому ты хочешь, чтобы я достал книгу?",1,0
"Как насчет того, чтобы позвонить?",1,0
"Приняв командование над армиями, Кутузов вспомнил о князе Андрее и послал ему приказание явиться в главную квартиру.",1,0
Около тополя стояла Даша и смотрела на него.,1,0
Бутылка не в холодильнике.,1,0
Были получены два извещения.,1,0
"Я показал этот текст студентам, обоим сведущим в эскимосском языке.",0,Syntax
Он взял на себя покупки.,1,0
"Солдату надо быть развязному, красивому, видному, а он у меня, как девочка, застенчив.",1,0
"Она приняла его взгляды, привычки, вкусы.",1,0
"Ашот лежал на своей койке и спал, а я сидел у окна.",1,0
"Более подробных разъяснений об этом уплотнении дать не могу, ибо не имею разрешения.",1,0
Он не держал книгу в руках и минуты.,1,0
Я рискнул пятью рублями и выиграл тысячу.,1,0
"Фильм получил смешанный, но очень положительный отзыв: сайт Almas de sustos оценил фильм в 85 процентах.",0,Syntax
В течение длительного времени наша команда готовилась к восхождению на гору.,1,0
"На меже, около дороги, стоял трактор.",1,0
"Проверка, произведенная в банке, подтвердила его показания.",1,0
"Пусть скажут нам, кто же отдал этот приказ снять первого сентября все посты на подъездах к школе?",1,0
Дело приняло неприятный оборот.,1,0
"С наступлением темноты дозоры русских начинают не стрелять в ответ на каждое шевеление листьев, на каждую хрустнувшую ветку.",0,Semantics
"Команды, потерявшие первые две игры в классификационных играх.",1,0
"В этом же году он принял приглашение поехать в Южнюю Америку, участвовать в строительстве железнодорожных путей.",1,0
"В годы кончины «хрущевской оттепели» подобную прозу ожидали, мягко говоря, неприятности.",1,0
Он получает много заказов.,1,0
"Вы никогда не были такими, как он.",1,0
"Юрий почему бы то ни было попадает в Нижний Новгород, где Минин призывал народ к освобождению отечества от поляков.",1,0
Ваш приказ к 16 часам вернуть высоту 193 выполнен.,1,0
Не выходец ли ты с того света?,1,0
Это звучало в субботу в заявлении Юрия Михайловича.,1,0
"Взошло солнце, позолотило перила веранды и открывает вокруг необыкновенную чистоту и свежесть.",0,Syntax
У меня есть родители.,1,0
Вдали виднелись очертания домов.,1,0
Назначьте сыну приличное по званью содержанье.,1,0
Он взял ее за руку и потянул за собой.,1,0
Я читал эту статью.,1,0
Всего мы прошли пешком около пятисот километров.,1,0
"Иван играл на пианино, а Максим — на саксофоне.",1,0
"Пошел узнать, не случилось ли несчастья.",1,0
Я ходил по этому шоссе.,1,0
Собрания не отменено.,0,Syntax
Гостиницы не было построено.,1,0
Мне попался хороший пример.,1,0
Я вынул из кармана платок и вытер слезу.,1,0
Спортсмен еще не отдыхал.,1,0
"Бюро, однако же, не гнушалось и поиском мелких воришек или разоблачением супружеских измен.",1,0
"Возможно ли, что это случится?",1,0
"Сухость и формальность этого утверждения не должны затенить тот факт, что кое-что экстраординарное было обнаружено.",1,0
Он взял книгу дрожащей рукой.,1,0
"Для второго эпизода телесериала 1984 года «Приключения Шерлока Холмса» были адаптированы ""Пляшущие человечки"".",1,0
Иванова не будет в Москве долго.,1,0
Ты можешь доехать до вокзала на этом автобусе.,1,0
"Приподнятые уголки губ придают его лицу какое-то веселое, добродушное выражение.",1,0
"Что мне делать с шестистами спортсменами, я не могу их всех отправить?",0,Morphology
Здесь какие-либо эмоции неуместны.,1,0
Вода наполняет бассейн до краев.,1,0
"Сильно вьюжит, заметая свежие следы.",1,0
Иван ехал на телеге в город.,1,0
"Тогда совет принял то самое решение, которого мы так опасались.",1,0
"Как ты относишься к тому, чтобы пойти к врачу?",1,0
"Туристические маршруты, разрабатывающиеся опытными инструкторами, нравятся как россиянам, так и зарубежным путешественникам.",0,Syntax
Ты неэффективно используешь время.,1,0
Сильно этот поезд не опоздал.,1,0
В Евросоюзе принят закон об идентификации сотрудников по отпечатку пальца (паспортам Евросоюза).,1,0
"Писатель придавал большое значение делу декабристов, выражая уверенность, что оно будет продолжено потомками, пожелающих увидеть Россию свободной.",0,Syntax
Он покупает три журнала.,1,0
Сын огорчал ее своей прямолинейностью.,1,0
Пять лет я любил эту девушку и пять лет она меня не любила.,1,0
Тут он встает и идет к двери.,1,0
Разве есть смысл что-нибудь менять?,1,0
Мне предложили написать рецензию на эту книгу.,1,0
Незнакомец опять обратился ко мне.,1,0
Обращение получило практически мгновенный отклик: десятки людей готовы были приютить «потеряшку».,1,0
"Журналистка была приглашена писателем, чтобы дать ей интервью.",0,Syntax
Она была на несколько лет старше его.,1,0
Котис успешно сохранил своё королевство.,1,0
Но это будет полезно и для нас.,1,0
Через четыре недели после первой публикации книги она была в первой десятке Амазонки.,0,Hallucination
А кому он теперь должен был докладывать кому?,1,0
Такие случаи не редки.,1,0
"Он не поздравил ни с Новым годом, ни с Восьмым марта, ни с днем рождения Валерки.",1,0
Однако пора спать: уже без четверти шесть.,1,0
"Лингвистика не теряет не только своеобразия своих методов, но и щедро делится ими со смежными науками.",0,Syntax
Он быстро научился решать эти задачи.,1,0
"Мать взглянула на женщину, это была Самойлова.",1,0
Геофизики завершили и познакомили со своим исследованием научную общественность.,0,Syntax
Евгений Базаров похоронен в этой могиле.,1,0
Я велела Верочке идти домой.,1,0
Алену огорчит твой отъезд.,1,0
В прошлом году он часто приходил сюда.,1,0
"Живется ему скучно, ничего его не интересует.",1,0
"Чем объясняется ваш смокинг, которым вы, насколько я знаю, не злоупотребляете?",1,0
"Те, кто знал Николая до войны, не мог не заметить перемен в его характере.",0,Syntax
Преподаватель поощрял студентов формулировать задачи самим.,1,0
"Хотя некоторые приморские газеты поспешили сообщить, что губернатор «отвоевал» для края 20 процентов забранных квот, это оказалось, мягко говоря, преувеличением.",1,0
Весь вечер я волновалась.,1,0
"Он принимал в себя звуки целого мира, но пифийской расщелины в нем не было.",1,0
Приказ был отдан отступать солдатам командиром.,0,Syntax
Тропинка кончилась у реки.,1,0
"Работа идет у меня очень хорошо, и едва ли уже не целая половина действия оркестрована.",1,0
"Операция была приостановлена, чтобы избежать больших потерь.",1,0
"Министр обороны заявил, что французские подразделения будут выведены из Берлина.",1,0
"Коля заметил, что Лебедев по получасу простаивает у двери и подслушивает, что они говорят с князем, о чем, разумеется, и известил князя.",1,0
Он любит не тебя.,1,0
Геологическая партия была на базе.,1,0
"Она сидела в первом ряду, а рядом с ней сидел какой-то высокий молодой человек.",1,0
"В 1983 году основал компанию Bachman Information Systems, которая разработала линию программного обеспечения с помощью компьютера (CASE).",1,0
"Начинает он суетиться, начинает говорить без умолку, покрикивает на Аленку, разводит возле сторожки большой яркий костер.",1,0
Посылки появления product placement в кинематографе у братьев Люмьер появились уже у братьева Люмьера.,0,Hallucination
В озере никакая утка не плавала.,1,0
"Сконструировав электроскоп, у Пьера Кюри появилась возможность измерять степень ионизации воздуха.",0,Syntax
"Если вы не боитесь ожечься о крапиву, то пойдемте по узкой тропинке, ведущей к флигелю, и посмотрим, что делается внутри.",1,0
Маша сидела рядом с мужем и читала.,1,0
Абсолютно недопустимо решение каких бы то ни было проблем с помощью террора.,1,0
"На сгибе ручки ковша Большой Медведицы есть вторая звёздочка под названием Алькор, которую разглядят лишь те, кто не имеют проблем со зрением.",0,Syntax
"Маша призналась, что он кончил работу только вчера, нет, позавчера.",1,0
У нас в институте бывают лекции по истории кино.,1,0
С того чтобы он играл в первой спецбригаде большинства и проиграл на площадку даже в меньшинстве.,0,Syntax
Всю следующую неделю я буду сидеть дома.,1,0
"Я его заметила только в очках, хотя перед глазами было лишь цветное расплывчатое пятно.",0,Semantics
Я сейчас писал письмо.,1,0
У нее в жизни было несколько счастливых дней.,1,0
"М. Горький в пьесе «На дне» показывал людей, сломленных жизнью, и раскрывает их внутренний мир преимущественно из разговоров.",0,Syntax
"Я полагаю, что он должен на ней жениться.",1,0
Я взял книгу и тетрадь.,1,0
"Говорят, среди жуликов попадаются и такие, которые не попадаются.",1,0
Мой дом не стоит на горе.,1,0
Я считала его умнейшим человеком.,1,0
Где у тебя документы?,1,0
"Эта гипотеза, как Бор рассказывал, была предложена Дираком в 1930 г.",1,0
Иван прилетел на свадьбу дочери.,1,0
"После проведения своего пребывания в американских конгрессменах Сильверман заявил, что он был президентом после первых выступлений с участием США.",0,Semantics
"Всё это могло быть ловким трюком, рассчитанным на то, что сотрудник войдёт в доверие к врагам и начнёт двойную игру.",1,0
Вчера мы применили этот метод обработки металла.,1,0
"Там стоял Ахмаков, спиной к нему, у колонны.",1,0
Самовар пошипел-пошипел и заглох.,1,0
Около сторожки дорога поворачивает.,1,0
Чайник покипел и перестал.,1,0
Я поселила ее в своей квартире.,1,0
"Вася жалеет, что соврал.",1,0
Они уничтожили пол роты вражеских автоматчиков.,1,0
"Мне сообщили об этих планах, и они мне понравились.",1,0
Ленский выбрал из двух сестер меньшую.,1,0
"Только бы он быстро не понял, в чем подвох.",1,0
Я тоже хотел видеть Тома.,1,0
Проще не иметь с Россией дела.,1,0
"Доверяя политической защите, нападавшие даже не помешали бежать из Мадрида.",0,Syntax
"Она создавала какие-то планы про себя и, кажется, сделалась еще скупее, чем прежде, и еще пуще стала копить и сердиться за карточные проигрыши Степана Трофимовича.",1,0
"Все, кто побывал в Долине гейзеров, понимает, почему её считают одним из чудес света.",0,Syntax
У меня есть доказательства его невинности.,1,0
Он не отдал мне ключа.,1,0
"Наша инновация ориентирована на предоставление большей мощности и производительности с меньшим количеством дисков, не теряя производительности или доступности данных.",0,Syntax
"Вынь у меня из кармана ключ, он мне мешает.",1,0
Он возмутился моим поведением.,1,0
Мало кто имел какое бы то ни было представление о предмете.,1,0
Благодаря нашего проводника поход оказался очень интересным.,0,Syntax
Бери что-нибудь с собой.,1,0
"Платонов в повести «Котлован» не только ведёт спор с философией Нового времени на уровне содержания, но и на уровне формы.",0,Syntax
Эти идеи об алхимии возникли в XVIII веке или позже.,1,0
"Мы отправили на эту конференцию наши доклады, потому что она для нас была очень важна.",1,0
Они не нарушили договора.,1,0
"Если ты воспользуешься каким-нибудь из этих средств, ты мгновенно поправишься.",1,0
Разговоры нельзя принимать за дела.,1,0
Петя так и в Москве.,0,Syntax
"Все, кто посмотрел новую киноверсию «Войны и мира», был возмущён вольностью иностранного кинорежиссёра в искажении содержания романа.",0,Syntax
"Нельзя не любить кого-то, кто обладает такими достоинствами.",1,0
"Первая акция ""Отряда милосердия"" по освобождению животных прошла в тот же период времени.",1,0
"Будь ему интересно там учиться, он бы не бросил институт.",1,0
"Том сказал, что чувствует себя счастливым.",1,0
Его убили около «Трех утопленников».,1,0
"Около одного из пунктов, окружающих город Fullerton в Калифорнии остались остановки на которых висела обложка группы.",0,Hallucination
У него в отделе хорошие биохимики.,1,0
Его шерсть имеет красивый оттенок.,1,0
"Длительный и сильный стресс заставляет белый накопительный жир превращаться в бурый, и который сжигает жировые молекулы.",0,Syntax
"Абрикосовая дала обильную желтую пену, и в воздухе запахло парикмахерской.",1,0
"Это то, что вы называете сайтом социальных новостей.",1,0
Внутри Советов вместо демократии устанавливался диктат большевиков.,1,0
"Ну ладно, Витька, иди, занимайся!",1,0
"Мария считает, что какой-то крокодил пугает ее кошку.",1,0
"Я едва удержался, чтобы его не ударить.",1,0
Одиночный альпинизм — рискованное занятие.,1,0
То есть я сам еще на самом-то деле только начинал обо всем догадываться.,1,0
"Бебов не может связать двух слов и не понимает, что это такое.",1,0
"Приобретение ядерной технологии не делает Северную Корею более опасной; важно то, как режим использует эту технологию.",1,0
Иванова на лекции на заседании нет.,1,0
Снега на полях уже не лежало.,1,0
Нам прислали каждому по два письма.,1,0
"Он врет, что кого-нибудь убедил.",1,0
Ее лицо приняло печальное выражение.,1,0
"Дачу отдадите Клаве, а квартиру себе берите.",1,0
"У нас есть сайт ракеты-маверики.com с моими фотографиями, если вы хотите узнать больше об этом, принять участие, быть зрителем.",1,0
"У водоемов, особенно в поливных местах, растительность значительно развитее.",0,Morphology
"Для пенсионеров, кто живут на острове в рыбацком посёлке, главное, чтобы лодка была в порядке.",0,Syntax
Беженцы гибнут в горах.,1,0
Приближался нечеловеческие рев и топот.,0,Syntax
"Все были в ужасе от того, что может произойти, если испанцы вторгнуться.",1,0
"Как широкая река, этот поток заполняет собою книгу от корки до корки, и не всякая птица долетит до середины могучего потока.",1,0
"Я окинул взглядом кабинет, портрета на стене не висело.",1,0
"Если в заявке нет ничего позитивного и отсутствуют три числа, она получает силу отрицательной ставки.",1,0
В 1985 году окрестности Шеврёза объявили природным парком.,1,0
Я открыл дверь своим ключом.,1,0
"Решая какую-нибудь частную задачу, надо думать о языке в целом.",1,0
Судьба не всегда бывает к нам благосклонна.,1,0
"В неясном, рассеянном свете ночи открылись перед нами величественные и прекрасные перспективы Петербурга: Нева, набережная, каналы, дворцы.",1,0
"Я не был в зале, когда выключили свет.",1,0
Третьего человека в списке нет.,1,0
"Кого Маша заплакала после того, как Егор ударил?",0,Syntax
Я не могла тогда сказать ему ничего определенного.,1,0
Я взяла в библиотеке книги.,1,0
Они разговаривали не громко.,1,0
Коля увидел себя в зеркале.,1,0
И все то время суетились как пчелы.,1,0
У меня есть один прекрасный учитель математики.,1,0
Он может пойти туда с кем-нибудь из них.,1,0
В этот момент я поднял глаза.,1,0
В 2000 году за 28-м февраля следовало 1-е марта.,1,0
"Таня обрадовалась, что никому ничего не надо объяснять, и опять пошла шататься без цели и без смысла.",1,0
Прошлой ночью мне приснился ужасный сон.,1,0
В деревне имеется группа самопомощи.,1,0
У тебя есть уродство.,1,0
Младшенькая из знаменитой голливудской семьи Барни Уиттакер получила медицинское образование за пределами штата Иллинойс.,1,0
Через два дня меня уже не будет в Москве.,1,0
"Human Rights Watch заявила, что у блоггеров не было справедливого судебного разбирательства.",1,0
"Матвея, которого толкали в толпе у самой цепи, осенила простая и гениальная мысль.",1,0
"Свет — главный регулятор биологических ритмов, и уровень мелатонина напрямую зависит от того, что темно ли вокруг нас или светло.",0,Syntax
"Бедность лишает треть населения мира возможности развивать свой потенциал и свои таланты и мешает им жить жизнью, соответствующей человеческой достоинству.",0,Syntax
"Книга, что была на полке.",1,0
Вчера мне не дали это письмо.,1,0
"В новом парке представлена мозаика из луковичных цветов, изображающая знаменитый памятник истории.",1,0
Иван оставил надежду встретиться с тобой самому.,1,0
"Кажется, доставай тетрадь.",0,Semantics
Как тебе не стыдно!,1,0
"Пока ещё есть время понять, что от надёжности микроэлектроники не только зависят успешные запуски роботов, но и жизнь космонавтов.",0,Syntax
Уже на стадии проектирования застройки учитываются реальные покупательские предпочтения.,1,0
"Лучший музыкант, лидер, музыканта группы The Cars, автор песен группы.",0,Hallucination
"Парламент Пара входит в штат Пентагона, какие власти уходят на территорию.",0,Hallucination
"Я рассказала ему о случившемся, чтобы хоть с кем-нибудь поделиться.",1,0
Выстрелов больше не раздавалось.,1,0
"Ваня сомневается, чтобы вернуться.",0,Semantics
Мы оставили бутылку пустой.,1,0
Выстраивать на столь дрянном фундаменте какие-либо имперские конструкции крайне опрометчиво.,1,0
Только этого недоставало!,1,0
Новая музыкальная школа открывается на ул. Герцена 13.,1,0
Эдвардссон пришел почти первым к заключению после годичного перерыва (результаты повторных анализов).,0,Hallucination
Примите меня в свою группу.,1,0
"Я вижу, что не уедем.",1,0
"Вася сказал, что он купил мне одну книгу.",1,0
Больной менингитом Менетриэ не смог принять участие в собрании.,1,0
"Вставай, вставай! –– дребезжала ему на ухо нежная супруга.",1,0
Клинические опыты показали эффективность применения микроскопических частиц золота в предотвращении распространения инфекции.,1,0
Не приводится субстантивных доказательств каких-либо связей прежнего иракского режима с организацией бен Ладена.,1,0
Для командированных забронированы номера в гостинице «Звёздная».,1,0
"Она, как правило, рассматривается как особо опасная форма парашютирования.",1,0
Он поцеловал ее на прощанье.,1,0
"На лице ее выразилась такая глубокая, такая сокрушительная жалость, что я не знаю, мог ли бы кто-нибудь в то время глядеть на нее равнодушно.",1,0
Поговори хоть с кем-нибудь из них.,1,0
"Видеться мы с тобой и не будем, пока приедет мой муж: рисковать из-за свиданий непростительно.",1,0
Есть о ком думать!,1,0
Специалисты связывают понижение курса и падение индексов.,1,0
Крымские феодалы осадили и разграбили астраханский город Арбаат 5 мая 1475 года.,1,0
Маму не огорчила Ванина двойка.,1,0
"Как бы нам уйти, ни с кем не прощаясь?",1,0
В таких партиях он почти не проигрывает.,1,0
Я встретил ее здоровым.,1,0
"Это были студенты, оба сведущие в эскимосском языке.",1,0
"Иван знает, что она приехала.",1,0
Я смогла ему помочь.,1,0
Школа - это всего лишь пятиминутная прогулка.,1,0
"Лиля, кто твой любимый писатель?",1,0
С этой ночи началась для него новая жизнь.,1,0
Дом у фундамента выложен красным кирпичом.,1,0
В такие минуты особенно остро воспринимается красота природы.,1,0
"Вопреки настойчивых уговоров родственников, Дмитрий принял решение о переезде в Саратов.",0,Syntax
Иван читал статью о себе.,1,0
Он выполнил чрезвычайно сложный прыжок.,1,0
Я надеюсь только на чудо.,1,0
Руководство определило жёсткие сроки для реализации проекта.,1,0
Вместе с женами партизан в лагере появилось новое лицо.,1,0
Я был несколько раз в их квартире.,1,0
Я не знаю фамилию Тома.,1,0
"Мы, к сожалению, знаем, что Наталья Николаевна справилась со своим заданием.",1,0
"Один из британских фильмов рассказывает, что Дар Адал заказал слежку.",1,0
"Такой период позволяет последовательным образом обнаружить поверхность Марса, сдвигаясь на 120° по длине.",1,0
"На спектакль ли Иван пришел, несмотря на головную боль?",1,0
Никого там не было.,1,0
Не слышалось никакого звука.,1,0
Я воздержался от каких-либо комментариев.,1,0
"Он сидел близко от меня, и я видел, что он все время что-то писал.",1,0
"Создавая образ Акакия Акакиевича Башмачкина в повести «Шинель», Н.В. Гоголь показывает, что насколько общество чёрство к проблемам и нуждам маленького человека.",0,Syntax
"Реципционисты очень добрые и добрые, особенно одна старая женщина, чьё имя Бриджит.",0,Hallucination
Поблизости от нашего лагеря поселился медведь и стал время от времени наведываться к нам.,1,0
"Всем дано за обедом, как и в прошлом году, по пять апельсин.",0,Morphology
От стыда не мог глаз поднять.,1,0
На этот раз он не раздражал меня своими глупыми шутками.,1,0
В статье «Вы и ваши дети» психолог стремится привлечь внимание родителей к теме воспитания детей; для этого он рассказывал об интересных случаях из собственной практики.,0,Syntax
Я встретил ее здоровой.,1,0
Парк тогда окружал усадьбу?,1,0
Наш поселок расположен далеко от железной дороги.,1,0
Я не буду обременять его своей просьбой.,1,0
Они не ссорятся из-за пустяков.,1,0
Вдалеке послышалась песнь соловья.,1,0
В эту минуту она его ненавидела.,1,0
Этот тип уже пришел.,1,0
Прибор научился сам звонить в звоночек.,1,0
На дороге сани дожидались их.,1,0
В результате увеличения воздушного трафика 70 лет назад был построен дополнительный терминал с почти четыре раза большей площадью.,0,Syntax
В Лондон Герцен приехал с семьей.,1,0
Старик ловил неводом рыбу.,1,0
"Оно бы, конечно, хорошо, чтобы «числом поболее, ценою подешевле».",1,0
Выбор второго ключевого поставщика для IBM PC современниками также оценивался неоднозначно.,1,0
У Путина почти полмиллиона стихотворений забыли.,1,0
"Большинство астрофизиков согласились с тем,что планетарная система вне Солнечной системы существовать действительно невозможно.",0,Syntax
Я привык разговаривать не в таком тоне.,1,0
Пелагея садится невдалеке на припеке.,0,Semantics
В комнате кто-то имеется.,0,Semantics
Ему бы только спать.,1,0
Безответственное потребление «природного капитала» влечёт за собой негативные экономические последствия и ставит под угрозу будущее процветание всего мира.,1,0
Самолет не вылетал из Москвы.,1,0
Он еще не прочитал эту статью.,1,0
Сейсмограф регистрирует любое колебание земной коры.,1,0
С каждого дерева упала груша.,1,0
У меня было платье беж из креп-марокена.,1,0
Ее усталые глаза смотрели вдаль.,1,0
Мой радиоприемник не принимает короткие волны.,1,0
"Жил историк одиноко, не имел нигде родных и почти не имел знакомых.",1,0
Тотчас из-за одного из памятников показался черный плащ.,1,0
"Приступая к написанию сочинения-рассуждения на ЕГЭ, учитывается авторская позиция.",0,Syntax
Саша и Лена оба лингвисты.,1,0
"Надеюсь, что не оскорбил вашей дочери вопросом, касающимся религии.",0,Semantics
Поговори же хоть с любым из них.,0,Semantics
С Томом не было ничего плохого.,1,0
Он не заметил холода.,1,0
"Посмотри, не белеет ли Колин парусник на горизонте.",1,0
Перемен в технической политике фирмы не наступило.,1,0
Я живу недалеко от метро «Калужская».,1,0
Левая рука его сжимала хрустящую бумажку.,1,0
"Однако та стеснительность, которая разве что молодым к лицу, не разъединяла их, а рождала ощущение слитности, в былые годы неведомой.",1,0
Ваня завтра не придет в школу.,1,0
Старосты на собрании не присутствовало.,0,Semantics
"Вы разговариваете, а места для ночлега не выбрали.",1,0
"Как мне сохранить тебя, лучшая из учениц, чтобы ещё через несколько лет ты, быть может, в самом деле набралась сил сломать мою клетку?",1,0
Он скептически воспринял мое предложение.,1,0
"Вы его чем-нибудь рассердили? –– отозвался князь, с некоторым особенным любопытством рассматривая миллионера в тулупе.",1,0
"Когда же герои хотят, чтобы их случайно не подслушали милиционеры на улице, то переходят с фирменно кубинского аглицкого на иностранный французистый.",1,0
Вани не было в школе.,1,0
"Я был озлоблен, он угрюм.",1,0
"Мой багаж, по-видимому, прибудет следующим рейсом.",1,0
В меморандуме об изменении климата согласованы новые версии системы контроля воздуха.,1,0
На поверку вся теория оказывается полной чепухой.,1,0
"Свобода всегда враждебна диктату, тоталитарности, авторитаризму.",1,0
"Обнаружив неполадки в работе прибора, он должен быть немедленно отключён от электросети.",0,Syntax
В феврале 1878 года сменил его Адельардо Лопес Де Аяла (либеральная консервативная партия).,1,0
У меня вчера было совещание.,1,0
"Скажите ей, кто вы такой!",1,0
Я не могу принять такой дорогой подарок.,1,0
В ее библиотеке есть интересные книги.,1,0
"Я видел, как та женщина давала пленному хлеба.",1,0
По этой причине Роберт Брайл был назван основателем современной химической мысли Дж.,0,Hallucination
