premise,hypothesis,label,curated_score,compressed_score,diversity_score
"Это должно дать свой результат - поголовье птиц станет в два раза больше, считают специалисты.",Специалисты планируют рост поголовья птиц.,entailment,2,2,0.0826
"""Как говорится в сообщении, следствием была собрана достаточная доказательственная база для признания вины подозреваемого. Однако по результатам судебно-психиатрической экспертизы выяснилось, что в момент совершения преступлений он не осознавал фактический характер и общественную опасность своих действий и не мог руководить ими. """"Поскольку имеющееся у него психическое расстройство связано с возможностью причинения им иного существенного вреда либо с опасностью для себя или других лиц, суд признал необходимость в стационарном лечении"""", - отмечает прокуратура.""",Была проведена судебно-психиатрическая экспертиза.,entailment,0,0,0.0678
"Это должно дать свой результат - поголовье птиц станет в два раза больше, считают специалисты.",Специалисты пересчитают поголовье птиц другим способом.,not_entailment,3,5,0.0818
"Девушка работала в павильоне торгового центра, где продавала косметику и парфюмерию.",Девушка продавала ткани в торговом центре.,not_entailment,2,3,0.0929
"Музей, расположенный в Королевских воротах, меняет экспозицию. На смену выставке, рассказывающей об истории ворот и их реставрации, придет «Аптека трех королей». Как рассказали в музее, посетители попадут в традиционный интерьер аптеки.",Музей закроется навсегда.,not_entailment,2,3,0.094
"И хотя первая неделя января приходится на нерабочие и праздничные дни, ее доставка будет идти по графику.",Доставка пройдет согласно графика.,entailment,1,1,0.0993
"""""""Дай бог им здоровья"""", - добавил он. """"Но я предпочитаю меньше обращать на это внимания. Потому что, если придавать этому слишком много значения, это начнёт влиять на принятие решений"""".""",Он пожелал им здоровья.,entailment,3,3,0.0815
"Метрополитен Екатеринбурга разместил на сайте госзакупок запрос на кредит в 150 миллионов рублей. Напомним, что ранее руководство подземки неоднократно заявляло, что метро работает в убыток, а цена жетона намного ниже себестоимости поездки.",Метро не работает в убыток.,not_entailment,0,5,0.095
"Преступник ударил в живот сначала одну сестру, потом вторую, после чего зачем-то повел младшую в неизвестном направлении. На улице девушка стала говорить, что ей плохо. Тогда парень разбил окно в одном из домов, затащил ее туда, но, услышав, что кто-то идет, сбежал.",На улице девушке стало плохо.,not_entailment,0,5,0.0604
"Видимо, ему стало скучно в незнакомом городе, и он решил развлечься. Мужчина посчитал, что его не найдут, позвонил в полицию и рассказал, что одна из улиц города заминирована. - Сотрудниками полиции данный звонок был проверен, установлено, что вызов ложный, возбуждено уголовное дело, - комментируют в пресс-службе суда.",Мужчина позвонил в полицию.,entailment,0,0,0.0587
"Аркадий завоевал медаль за профессионализм в компетенции «Гостиничный сервис (ресепшн)». — Необходимо было выстроить приоритеты: какую задачу решать первой, какую — последней. Это было очень тяжело, но и очень интересно, потому что ситуации по легенде были максимально приближены к жизни.",Аркадий заслужил медаль.,entailment,0,0,0.0902
"17-летняя петербурженка переходила железнодорожные пути в неположенном месте. И не заметила идущего поезда. Не слышала она и шума, поскольку была в наушниках.",17-летняя петербурженка осталась в живых.,not_entailment,0,5,0.1009
"В четверг, 29 декабря, Черемушкинский суд Москвы принял решение об аресте 17-летнего парня, которого обвиняют в убийстве своего 10-летнего брата . Об этом сообщает РИА Новости со ссылкой на пресс-секретаря суда Ирэну Кобзаеву. Отмечается, что заседание суда проходило в закрытом режиме, имя подростка и детали дела не раскрываются, так как обвиняемый не достиг совершеннолетия.",Парень мог убить брата.,entailment,0,0,0.1042
"За время работы ее посетили свыше тысячи человек, сообщает министерство здравоохранения.",Посетителей было больше тысячи.,entailment,2,2,0.1044
"В среду, 9 ноября, глава ведомства Александр Нерадько сказал журналистам, что Росавиация готова отложить принятие решение об аннулировании лицензии дискаунтера на три месяца.",В среду Нерадько общался с журналистами.,entailment,2,2,0.0738
"Вместе мы многого добились. В Пензенской области собран рекордный урожай, сохранены темпы промышленного роста, реализованы крупные инвестиционные проекты. Мы смогли найти решение многих актуальных социальных задач – в здравоохранении, образовании, культуре и спорте и сделать значительный задел на будущее!",Урожай в Пензенской области рекордный!,entailment,0,0,0.0871
"""""""Лимузин сломался, так как он был ошибочно заправлен не тем типом топлива"""", - говорится в сообщении.""",В сообщении сказано о плохом качестве топлива.,not_entailment,1,4,0.0929
"""Его кандидатуру предложил губернатор Тульской области Владимир Груздев, Медведев ее поддержал. """"Михаил Анатольевич, вы как к этой идее относитесь? Потому что на такие позиции нельзя приходить просто потому, что тебя назвали в присутствии президента"""".""",Медведев поддержал кандидатуру.,entailment,0,0,0.0763
"Прошу подойти ответственно к этому вопросу. Поставить галочку и забыть — не выйдет. Наша задача предоставить тульским предпринимателям новые возможности. Что губернатор сказал про медицину, читайте здесь.",Вопрос требует ответственного подхода.,entailment,3,3,0.0763
"""""""Я говорил это и раньше: НХЛ - это лига игроков. Если профсоюз и хоккеисты хотят играть на Олимпиадах, мы должны им разрешить. Думаю, это будет благом для лиги, но здесь есть повод для обсуждения, так как на переговорах о коллективном соглашении этот вопрос не поднимался"""".""",НХЛ - это лига игроков.,entailment,0,0,0.0846
"""Отпраздновавший на прошлой неделе 60-летний юбилей президент России Владимир Путин в интервью телеканалу НТВ заявил, что считает приговор Pussy Riot """"правильным"""".""",На той неделе Путин праздновал 60-летний юбилей.,entailment,1,4,0.0885
"В ходе проверки нашли дома с наледью и сосульками на крышах. Информацию о них передали коммунальщикам. Во избежание несчастных случаев спасатели рекомендуют гражданам быть осторожней, а коммунальщикам – оперативней, при выходе из зданий советуют смотреть на крыши и, по возможности, обходить края зданий.",Сосульки больше не станут причиной несчастных случаев.,not_entailment,0,5,0.0822
"Полицейские поймали похитителя сосен, который прославился благодаря видео.",Полицейские задержали похитителя сосен.,entailment,0,0,0.0961
"Сотни военнослужащих из Катара принимали участие в военных операциях на стороне ливийских оппозиционеров, сообщил в среду журналистам командующий Генеральным штабом катарских Вооруженных сил Хамад бен Али Аттыйя. По его словам, оппозиционеры нуждались в такой поддержке, поскольку большинство из них составляли гражданские люди, никогда не имевшие дело с военной наукой.","Большинство оппозиционеров - гражданские люди, никогда не имевшие дело с военной наукой.",entailment,0,0,0.08
"""Как рассказали """"Комсомольской правде"""" в пресс-службе комитета культуры южной столицы Псковской области, все трое учатся в Образцовом художественном коллективе Театра детской песни """"Летний дождь"""".""",Все трое учатся в интернате.,not_entailment,3,5,0.08
"В метро люди, не задумываясь, заявляют о том, что у них или у их друзей в сумке находится взрывное устройство.",В метро люди заявляют о взрывном устройстве.,entailment,1,1,0.0916
"Как рассказали «Комсомольской правде» в пресс-службе администрации региона, собравшиеся обсудили реализацию государственной политики по физкультуре и спорту.",Собравшиеся осудили реализацию государственной политики по физкультуре и спорту.,not_entailment,2,5,0.0778
"Они искали места, где незаконно продают выпивку.",Они искали места незаконной продажи спиртного.,entailment,3,3,0.0614
"Подросток был срочно госпитализирован. Сейчас он находится в реанимации, за его жизнь борются врачи. По факту произошедшего проводится проверка, устанавливаются все обстоятельства трагичного инцидента.",В трагичном инциденте пострадал подросток.,entailment,1,1,0.0746
"Судебные журналисты у нас были хорошо подготовлены, с хорошим языком, игравшие важную роль в развитии судебной системы. Если вы специализируетесь на земле, ничего в этом зазорного нет. Ваш вопрос крайне важен, потому что вопрос земли - это вопрос социальной справедливости.",Вы специализируетесь на земле.,not_entailment,0,0,0.0727
"В среду, 9 ноября, глава ведомства Александр Нерадько сказал журналистам, что Росавиация готова отложить принятие решение об аннулировании лицензии дискаунтера на три месяца.",В среду Нерадько выгнал журналистов.,not_entailment,2,5,0.0757
"Я бы дал деньги на командировки, потому что спортивный журналист здесь сидеть не должен, он должен ездить.",У меня нет денег на командировки.,not_entailment,1,5,0.0764
"Виновная сторона будет возмещать убытки родственникам, поскольку они готовили похороны, которые пришлось перенести.",Виновники заплатят родственникам.,entailment,1,4,0.096
"Браконьеров поймали с поличным сотрудники полиции. Суд рассмотрел это дело в особом порядке. Мужчины полностью признали свою вину, раскаялись и возместили материальный ущерб водным биологическим ресурсам региона.",Браконьеров решили не задерживать.,not_entailment,0,5,0.0875
"Удар пришелся в грудную клетку. Женщина сама вызвала мужу скорую и полицию. Мужчину госпитализировали, но медики не смогли спасти ему жизнь.",Медики вызвали полицию.,not_entailment,3,5,0.0748
"Во время праздничной церемонии в муниципалитете он заявил, что главными задачи для него является максимальное использование всех возможностей в области предпринимательства и экономического развития.",Праздничная церемония проходила в муниципалитете.,entailment,0,0,0.0821
"Прокурор просит огласить показания ключаря храма Христа Спасителя Михаила Рязанцева. По его словам, сам свидетель не может явиться в суд, потому что находится в командировке.",Свидетелем был прокурор.,not_entailment,1,5,0.0757
"Во время праздничной церемонии в муниципалитете он заявил, что главными задачи для него является максимальное использование всех возможностей в области предпринимательства и экономического развития.",Он сделал заявление в муниципалитете.,entailment,2,2,0.0794
"В документах было указанно, что в контейнере находится пряжа.",В контейнере и правда находилась именно пряжа.,not_entailment,0,0,0.0855
"""Как заявляли в октябре представители нигерийских властей, судно зашло в территориальные воды Нигерии без разрешения, тем самым нарушив местное законодательство. В Moran Security """"Интерфаксу"""" заявили, что считают задержание корабля необоснованным. """"Мы считаем этот арест необоснованным, потому что о заходе судна в порт было известно заранее"""".""",В территориальных водах Нигерии задержан корабль.,entailment,0,5,0.0888
"В Ульяновской области появится региональный закон «О технологической долине», который станет основополагающим в создании «умного региона».",В Ульяновской области готовят закон для переименования в «умный регион».,not_entailment,2,5,0.0915
"В Липецкой области ищут серийного вора и мошенника, который гастролирует по регионам.",Серийный вор и мошенник гастролирует по регионам.,entailment,0,0,0.1041
"Также родственники погибшего под колесами мужчины требуют компенсации морального вреда. Всего они запросили 2 млн рублей. Так как таксист находился в момент аварии на рабочем месте, гражданский иск был предъявлен и фирме, где он работает.",Родственники погибшего требуют денег.,entailment,2,2,0.0704
"""Оппозиционер Алексей Навальный заявил, что будет продолжать с соратниками протестную активность. """"Мы будем выходить сюда столько раз, сколько потребуется"""", - сказал Навальный, выступая в понедельник на митинге оппозиции на Болотной площади. При этом, как заявил оппозиционер, он ничего не боится, потому что знает, за что борется.""","Навальный заявил, что ничего не боится, потому что знает, за что борется.",entailment,0,0,0.0823
"Напомним, на него завели уголовное дело, заподозрив в халатности.",На него завели уголовное дело.,entailment,0,0,0.0642
"""""""Пишу сюда, потому что надоело отвечать одно и то же: никто ко мне не обращался"""".""",Никто ко мне не обращался.,entailment,0,0,0.0827
"Обе купюры оказались поддельными. - По данным фактам проводятся проверки, - заверили в полиции. Стражи порядка также напоминают, что в случае, если к вам в руки попала фальшивая купюра, нужно сразу же обратиться в полицию.",Две купюры кто-то подделал.,entailment,0,1,0.0689
"Все, что доступно простым жителям города в магазинах, можно запускать и взрывать прямо во дворе своего дома, не боясь быть задержанным. Главное - не нарушать условия использоваться, указанные на упаковке. Уголовная ответственность может наступить лишь в случае, если салют нанес ущерб окружающим.","За запуск и взрывы салютов во дворе своего дома полиция не накажет, если нет пострадавших и ущерба.",entailment,0,5,0.0909
"После того как клиент оформит подписку на сервис, он будет получать уведомления о наличии штрафов автоматически.",Клиент может подписаться на уведомления о штрафах.,entailment,3,3,0.0826
"Известно, что девушка отдыхала в кафе и употребляла там алкогольные напитки. Вдруг она потеряла сознание. На место немедленно прибыли медики, но им не удалось откачать потерпевшую.",Девушка выпивала в кафе.,entailment,1,1,0.0884
"Ранее также были арестованы предполагаемый лидер преступной группы, ранее судимый 52-летний Андрей Вишневский, Олег Новак и Владимир Попов.",Предполагаемому лидеру группировки 52 года.,entailment,0,0,0.0843
"Может, это один из этапов нового способа мошенничества? Был в полиции, написал заявление. Что-то мне подсказывает, что не найдут они его.",Полиция приняла заявление.,entailment,3,3,0.076
"Преступник ударил в живот сначала одну сестру, потом вторую, после чего зачем-то повел младшую в неизвестном направлении. На улице девушка стала говорить, что ей плохо. Тогда парень разбил окно в одном из домов, затащил ее туда, но, услышав, что кто-то идет, сбежал.",Преступник ударил сестер по очереди.,entailment,0,0,0.0611
"Лежал там лишь пакетик с порошком. Но мужчина обрадовался находке больше, чем всем сокровищам Земли. Потому что жаждал дозы.",Мужчина жаждал дозы.,entailment,0,0,0.0909
"""Она до сих пор остается единственным человеком, у которого есть к нему доступ. Мне кажется, это человек, чья репутация абсолютно безупречна, гарантированна, никто не посмеет ее упрекнуть в каких-нибудь злоупотреблениях"""", - указал, в свою очередь Пархоменко в интервью телеканалу """"Дождь"""". Он отметил с иронией, что был бы рад, если бы эта проверка привела к судебному разбирательству, так как тогда бы пришлось вызвать в суд всех, кто переводил деньги, а таковых, по его словам, сотни тысяч человек.""","""Пархоменко дал интервью телеканалу """"Дождь"""".""",entailment,0,0,0.0776
"Вину женщина признала частично признала. Мотивом к совершению преступлений была ревность. Похищенные вещи обвиняемая считала своими, так как они были куплены на ее деньги, - рассказали в пресс-службе областной прокуратуры.",Женщина украла сердце.,not_entailment,3,5,0.0646
"Он позвонил со своего мобильного на номер единой экстренной службы 112 и сообщил о заминировании «Сити – Парка «Град». Спасателям пришлось эвакуировать всех посетителей ТЦ. После рассмотрения полиция отказала в возбуждении уголовного дела, так как мальчик не достиг возраста уголовной ответственности.",Мальчик заминировал ТЦ.,not_entailment,0,5,0.0815
"""""""Они не могут допустить, чтобы Продюсерским центром студии руководил по-настоящему деловой, экономически грамотный человек - при политике абсолютной непрозрачности всех решений такой человек очень невыгоден"""", - считает Сокуров. В минувшую пятницу стало известно, что Сокуров решил покинуть совет директоров """"Ленфильма"""" и направил министру культуры Мединскому соответствующее письмо. """"Я написал это письмо, потому что считаю нахождение в совете формальным"""".""","""Сокуров решил покинуть совет директоров """"Ленфильма"""".""",entailment,2,2,0.0774
"Организаторы подготовили новогодние подарки, конкурсы и угощения. Также горожанам представят китайскую комедию «Дорога с приключениями». Она расскажет о владельце фирмы по производству игрушек, который спешит домой, чтобы встретить Новый Год с семьей.","Горожан ждут подарки, конкурсы и комедия.",entailment,2,2,0.0774
"По следам, оставленным на месте преступления, было установлено, что налетчиком является 38-летний ранее судимый мужчина. Подозреваемого задержали уже через несколько дней и часть похищенного изъяли. Он рассказал полицейским, что сознательно пошел на ограбление.","По следам было видно, что налетчика судили ранее.",not_entailment,2,5,0.0462
"""""""Я вместе с другими адвокатами с 13:00 нахожусь у СИЗО """"Лефортово"""" и пытаюсь пройти к своему доверителю Развозжаеву. Некоторое время назад к нам вышел заместитель начальника изолятора, который сообщил, что созвонился со следователем и тот дал ему указание не пускать к Развозжаеву адвокатов, так как они не допущены к делу"""", - сообщила """"Интерфаксу"""" защитница Виолетта Волкова. По ее словам, это абсолютно незаконно, так как в материалах дела есть ее ордер.""","""""""Интерфакс"""" пообщался с Виолеттой Волковой.""",entailment,0,0,0.0689
"Как сообщает ОПС судов общей юрисдикции Нижегородской области, во время пожарной проверки в декабре прошлого года на рынке было выявлено почти полсотни таких нарушений. ЗАО был выписан штраф на сумму 150 тысяч рублей. Однако руководство рынка с этой суммой не согласилось и обратилось в суд с просьбой уменьшить штраф, поскольку после проверки принимаются все меры для устранения выявленных нарушений.",Пожарная проверка на рынке нашла почти 50 нарушений.,entailment,1,1,0.1032
Таксист поблагодарил водителя трамвая за помощь.,Таксист водил трамвай.,not_entailment,2,5,0.099
"Это является тяжким вредом здоровью. После этого на подозреваемого завели уголовное дело. Полицейским удалось узнать, что мобильник он сдал в местный ломбард, а сам уехал за пределы области.",Составлен административный протокол.,not_entailment,0,5,0.0574
"Это должно дать свой результат - поголовье птиц станет в два раза больше, считают специалисты.","Специалисты верят, что птиц будет больше.",entailment,2,3,0.0822
"Как рассказали в краевой полиции, еще летом прошлого года молодой человек за денежное вознаграждение осуществил фиктивную постановку на учет шести иностранных граждан, указав в месте пребывания свой дом. В действительности граждане в этом жилом помещении не проживали. Обвиняемый объяснил, что решился на преступление, так как не имел постоянно работы и нуждался в деньгах.",Парень осуществил фиктивную постановку иностранцев на учет.,entailment,1,5,0.0743
"""""""Сегодня поисковая операция была прекращена, так как она стала слишком опасной"""", - сказал он на условиях анонимности.""",Поисковая операция стала слишком опасной.,entailment,3,3,0.0747
"Соревнования прошли в бескомпромиссной борьбе, но в этот день случилось более знаковое событие, которое затмило все остальные.",События были бескомпромиссными,not_entailment,0,5,0.0866
"Как сообщалось, в среду и четверг Наполитано провел консультации с лидерами представленных в парламенте партий, чтобы выяснить, готовы ли они договориться. На недавних парламентских выборах больше всего голосов набрала Демократическая партия. Однако она не может без помощи других партий управлять страной, так как не обладает большинством в сенате.",Наполитано два дня консультировал политиков по всем вопросам.,not_entailment,2,4,0.0855
"Как сообщили в правительстве области, на ней можно будет купить товары местных производителей.","В правительстве области сообщили, где можно будет приобрести товары местных производителей.",entailment,3,3,0.0697
"Сначала необходимо законсервировать здание, просушить - здесь полно воды, провести экспертизу и понять, сколько это будет стоить, и начинать ремонт.",В здании недостаточно воды.,not_entailment,0,5,0.0844
"""Начиная от магазина """"Крейсер"""", скопилась крупная пробка, так как троллейбусы объехать затор не могут.""",Пробка была большой.,entailment,1,1,0.0797
"В ограблении кафе на Ладожском вокзале пострадала несовершеннолетняя девушка, которая была здесь на стажировке.",Кафе на Ладожском вокзале ограбили.,entailment,1,1,0.0993
"Областной главк полиции сообщает о том, что в регионе проходит операция «Гражданин – Оружие».",Главк полиции сообщил об операции.,entailment,2,2,0.0832
"Тогда к стражам правопорядка обратился пенсионер, поскольку у него из дома пропала крупная сумма денег.",У пенсионера в доме раньше была крупная сумма денег.,entailment,2,2,0.0775
"Авария произошла на ровном месте, машина будто поскользнулась на снежной дороге и оказалась на крыше.",Машина попала в аварию.,entailment,1,1,0.0769
"По словам очевидцев, злоумышленников было около десятка, и они внезапно появились из-за памятника.",Очевидцы видели злоумышленников.,entailment,3,3,0.0815
"Оказалось, вспыхнула однокомнатная квартира.",Однокомнатные квартиры часто вспыхивают.,not_entailment,0,0,0.0781
"Его тут же осмотрели медики, оказали первую помощь, но от госпитализации он отказался. Пожар удалось быстро локализовать, огонь не успел перекинуться на соседние дома. Сейчас специалистам предстоит установить, что стало причиной возгорания.",Огонь перешел на соседние дома.,not_entailment,0,0,0.0669
"""""""Это очень важно, что тысячи людей сейчас заявляют о своем желании быть наблюдателями. Это значит, что процесс наблюдения будет вестись не только Советом Европы, БДИПЧ. Это важно, потому что они нам помогут"""", - сказал он.""",Тысячи людей стремятся в наблюдатели.,entailment,3,3,0.0784
"""Три участницы панк-группы Pussy Riot, приговоренные судом к двум годам лишения свободы за акцию в храме Христа спасителя, получили то, что хотели, заявил президент РФ Владимир Путин в специальном фильме программы """"Центральное телевидение"""" на НТВ в воскресенье. """"На самом деле правильно, что их арестовали, и правильно сделали, что суд у нас такое решение принял. Потому что нельзя подрывать основы морали, нравственности, разрушать страну"""".""",Суд принял решение отпустить на 2 года участниц группы Pussy Riot.,not_entailment,1,5,0.0827
"Четыре сотрудника получили травмы различной степени тяжести, одного даже пришлось госпитализировать.",Четыре сотрудника травмированы.,entailment,0,0,0.1123
"Как сообщила в понедельник газета Daily Telegraph, ожидается, что во вторник законопроект будет отправлен на окончательное согласование в нижнюю палату парламента. Никаких препятствий на пути к окончательному принятию законопроект не должен встретить, поскольку ранее палата общин уже одобрила его первоначальную версию подавляющим большинством голосов.",Палата общин ранее согласовала его первоначальную версию подавляющим большинством голосов.,entailment,0,0,0.0731
"Он обвинялся в убийстве жены, сообщается в пресс-службе областной прокуратуры.","Несомненно, он убил жену.",not_entailment,3,5,0.0642
"Пенсионерка рассказала, что ее ограбили.",Пенсионерка сообщила об ограблении.,entailment,2,3,0.0692
"Кроме того, власти Грузии подписали на добровольной основе соглашения  о взаимопонимании, которые тоже полностью выполняют. Что касается отношений непосредственно с представителями грузинской власти, вы знаете, что наша миссия является миссией нейтральной и независимой от грузинских властей, но мы пытаемся, стремимся к тому, чтобы иметь наилучшие отношения со всеми участниками Женевских переговоров. Но, конечно, мы придаем большее внимание отношениям с грузинскими властями, так как были приглашены грузинским государством, и мы находимся на грузинской территории.",Власти Грузии полностью выполняют подписанные соглашения о взаимопонимании.,entailment,1,1,0.1015
"""""""Система аккредитации - это ключевой инструмент допуска на рынок. Мы сейчас готовим закон об аккредитации, который весной хотим внести в Госдуму"""", - сказала она. """"Этот закон очень важен, потому что он будет предусматривать переход на международные стандарты аккредитации"""", - сказала она.""",Она сказала о бесполезности закона.,not_entailment,1,5,0.0751
"То есть в этой области у нас была большая экспертиза. Начали мы с России. Но очень быстро к нам пришли зарубежные компании, которые сказали, что хотят именно нас пригласить в инвесторы, потому что у нас есть экспертиза и обширные международные связи в облачной индустрии.",Мы не смогли выйти на уровень экспертизы в России и тем более за рубежом.,not_entailment,0,5,0.0837
"""В Сухуми взорван внедорожник, припаркованный недалеко от жилого дома по ул.Когония, сообщил """"Интерфаксу"""" начальник УВД города Гарри Аршба. По словам собеседника агентства, взрыв произошел около 12:30 в субботу. В результате взрыва никто не пострадал, так как в автомобиле никого не было.""",У жилого дома в Сухуми взорвался пустой внедорожник.,entailment,2,5,0.0704
"В сентябре утвердили схему размещения щитов, по которым пройдут электронные торги.",По щитам пройдут электронные торги.,entailment,0,3,0.0915
"""При этом он затруднился сообщить, сколько времени может продлиться это отстранение. Сам Губерниев заявил радиостанции """"Эхо Москвы"""", что его отстранение от ведения футбольных программ не повлияет на работу на телеканале. """"Очень сложно меня отстранить от футбольных матчей, потому что я на них редко работаю"""".""",Губерниев отстранен от ведения программ о футболе.,entailment,2,2,0.0761
"15 сентября 2012 г. во второй половине дня в сквере на пл. Свободы при проведении несанкционированного администрацией Нижнего Новгорода митинга сотрудники ОМОН УТ МВД России по ПФО охраняли общественный порядок. Так как публичное мероприятие не было согласовано, полицейские требовали, чтобы собравшиеся разошлись.","Полицейские требовали, чтобы собравшиеся разошлись.",entailment,0,0,0.0734
"2 августа пьяные приятели, шагая по грунтовке, увидели оставленную без присмотра «Ниву». Ребята искали кого-нибудь, чтобы вытащить застрявший неподалеку автомобиль своей подруги, но ждать или искать хозяина внедорожника не стали: просто разбили стекло.",Стекло ребята разбили.,entailment,3,3,0.0768
"В Ульяновской области появится региональный закон «О технологической долине», который станет основополагающим в создании «умного региона».",В Ульяновской области хотят создать «умный регион».,entailment,2,2,0.0901
"Общественный резонанс получил и традиционный Парад Памяти. -Этим парадом мы напомнили россиянам роль Самары в годы Великой Отечественной войны. Это важно, потому что имидж региона работает на его жителей, - уточнил губернатор.",Парад Памяти - новое мероприятие.,not_entailment,0,5,0.0777
"Наполитано подтвердил, что отставка Берлускони ожидается после принятия парламентом Италии пакета антикризисных мер.",Ожидается отставка Берлускони.,entailment,2,3,0.0971
"Ежедневно в плотины поступает всё больше и больше воды, что не может не радовать.",Вода поступает в плотины.,entailment,0,0,0.0969
"Как стало известно, женщина воровала в автобусах либо на остановках транспорта.",Женщина совершала кражи в автобусах либо на остановках транспорта.,entailment,0,0,0.0838
"Сорокалетнего мужчину задержали прямо в подъезде, в тот момент, когда он выходил из лифта.",Сорокалетний мужчина выходил из лифта.,entailment,0,0,0.0915
"Врачи поставили ей диагноз: «алкогольное опьянение». Данным фактом заинтересовалась областная прокуратура. - В настоящее время проводится проверка, выясняются подробности происшествия, а также при каких обстоятельствах был приобретен алкогольный напиток.",Врачи диагностировали алкогольное опьянение.,entailment,1,1,0.0643
"Сборка уникального аттракциона шла такими темпами, что конструкция быстро обрела очертания громадного колеса.",Уникальный аттракцион собрали быстро.,entailment,2,2,0.1029
"Полиция ведет расследование, в то время как отчаявшийся отец малышек угрожает врачам расправой.",Отчаявшийся отец малышек расправился с врачами.,not_entailment,0,5,0.0972
"""Уголовное дело возбуждено в связи с крушением самолета Ан-12 в Магаданской области, сообщил официальный представитель Следственного комитета РФ Владимир Маркин. """"Дело возбуждено по статье 263 УК РФ (нарушение правил полетов и подготовки к ним)"""", - сказал Маркин """"Интерфаксу"""" во вторник. По его словам, информация о гибели экипажа и пассажиров судна является предварительной, """"поскольку их тела пока не обнаружены"""".""",Ан-12 куплен для нужд Магаданской области.,not_entailment,2,2,0.1001
"Мужчина опубликовал в Интернете музыкальные записи, которые имели экстремистский подтекст.",Мужчина опубликовал музыкальные записи в Сети с экстремистским подтекстом.,not_entailment,0,0,0.0808
"Она рассказала, что в дверь ее комнаты в общежитии постучали.",У нее комната в общежитии.,entailment,0,0,0.0772
"Вы имеете в виду выборы любого уровня? - Да, я считаю, что выборы любого уровня, кроме выборов президента. Потому что прямые выборы президентов – это одно.",Разговор касается выборов.,entailment,3,3,0.0817
"Как выяснилось, женщина выпала из окна собственной квартиры.",Женщина упала из окна квартиры.,entailment,0,0,0.0761
"Чиновники обещают, что все бригады будут функционировать в круглосуточном режиме «Повышенной готовности».","Есть вероятность, что все будет так, как обещали чиновники.",entailment,2,2,0.0664
"""Возраст людей определить не смог. Их лица были закрыты капюшонами, - рассказал журналисту """"Комсомольской правды""""-Саратов один из автолюбителей, проезжавших на мосту. - Со стороны обоих городов образовалась пробка, так как прибывшие машины спасателей и полиции перегородили полосу движения.""",Люди прятали лица под капюшонами.,entailment,2,2,0.0815
"На заседании областного Совета при губернаторе по развитию физической культуры и спорта чиновники отметили, что прошедший год был для отрасли успешным.",Прошедший год был для отрасли лучшим.,not_entailment,3,5,0.0741
"""Верзилов отметил, что его жена в целом удовлетворительно оценивает условия, в которых сейчас находится. """"Она говорит, что достаточно мало видела, поскольку больница большая, но в целом она удовлетворена отношением сотрудников, наличием нормального оборудования"""".""",Верзилов рассказал о впечатлениях жены от больницы.,entailment,0,3,0.0862
"После этого мужчина развернулся и поспешно покинул здание вокзала. Стражам порядка такое поведение показалось подозрительным, и они задержали мужчину. При личном досмотре, выяснилось, что у него в нагрудном кармане лежат семь патронов.",Мужчина украл из здания вокзала семь патронов.,not_entailment,0,5,0.0812
"Она рассказала, что поймала на дороге машину, чтобы поехать на работу.",Она не хотела на работу.,not_entailment,2,5,0.0883
"В Ульяновскую область пришли снегопады, и в ближайшие дни, по сообщениям синоптиков, погода только ухудшится: к осадкам присоединятся резкое понижение температуры, метели и гололедица. Ульяновские госавтоинспекторы настоятельно советуют водителям воздержаться от поездок по области на личных автомобилях. Если вам все же придется выехать, то стоит придерживаться некоторых правил: быть внимательными на дорогах, так как видимость может ухудшиться, проявлять бдительность около остановок общественного транспорта и на «зебрах», не превышать скорость, тормозить заранее.",Ульяновскую область ждет ухудшение погоды.,entailment,2,2,0.0772
"И все эти люди размещали в интернете объявления о том, что их питомцы потерялись. На объявление откликался мужчина. Он говорил, что вернет любимца хозяину.",Мужчина украл всех потерявшихся питомцев.,not_entailment,2,5,0.0901
"""""""Мы, к сожалению, не слышали каких-то заявлений, связанных с этим судебным процессом, и особо за ним не следим, честно говоря"""".""",Судебный процесс закончился.,not_entailment,0,0,0.0869
"Подробности преступления рассказали в Следственном комитете по Кировской области. Известно, что пенсионерка работала на местного предпринимателя - принимала ягоды и грибы, которые собирали местные жители, а потом отправляла их на продажу. Ее односельчанин знал, что у женщины с собой крупная сумма денег, а поскольку сам он нигде не работал, решил ее ограбить.",Пенсионерка работала на приемке ягод и грибов.,entailment,2,2,0.0685
"Молодого человека, который явно только-только употребил наркотическое вещество, обнаружили в подъезде одного из домов.","Молодой человек, употребивший наркотик, был обнаружен в подъезде одного из домов.",entailment,2,2,0.0798
"Видимо, ему стало скучно в незнакомом городе, и он решил развлечься. Мужчина посчитал, что его не найдут, позвонил в полицию и рассказал, что одна из улиц города заминирована. - Сотрудниками полиции данный звонок был проверен, установлено, что вызов ложный, возбуждено уголовное дело, - комментируют в пресс-службе суда.",Одна из улиц города была заминирована.,not_entailment,0,5,0.0595
"""""""Думаю, нужно будет смотреть в каждом конкретном случае, так как не любое здание годится в качестве жилого дома"""", - заявил Шаронов в интервью """"Российской газете"""", которое будет опубликовано во вторник.""","""Шаронов взял интервью у редактора """"Российской газеты""""""",not_entailment,0,5,0.0783
"После того как клиент оформит подписку на сервис, он будет получать уведомления о наличии штрафов автоматически.",Клиент может подписаться на автоматическую оплату штрафов.,not_entailment,3,3,0.0828
"В комнате горела мебель и вещи. Площадь пожара оказалась невелика – всего один квадратный метр. Однако и этого оказалось достаточно, чтобы пострадали люди.",В комнате горела лампа.,not_entailment,0,3,0.0611
"Съезд является важным политическим событием в жизни страны. Наши делегаты получили прекрасную возможность высказать свою позицию. Они поделились опытом работы своих первичных отделений, выказали предложения по усовершенствованию нормативно-правовой базы во всех сферах, задали вопросы руководителям министерств,  ведомств,  модераторам площадок.",Наши делегаты поделились опытом работы своих первичных отделений.,entailment,0,0,0.0607
"Мероприятие прошло без инцидентов. По итогам акции был составлен административный протокол, так как количество участников превысило заявленное число.",Акция прошла без нарушений.,not_entailment,0,5,0.064
"После застолья гость не захотел уходить с пустыми руками. Он взял с кухни нож и, угрожая им, потребовал отдать все деньги и ценные вещи. Напуганный хозяин рассказал мужчине, где лежат деньги и ювелирные украшения.",Гость ограбил хозяина.,entailment,0,5,0.0687
"Дело в том, что женщина имела хорошие связи среди приставов, и эти деньги она должна была передать судебным исполнителям, чтобы те закрыли глаза на долги.",Женщина отказывалась воспользоваться связями.,not_entailment,0,5,0.0783
"Преступник ударил в живот сначала одну сестру, потом вторую, после чего зачем-то повел младшую в неизвестном направлении. На улице девушка стала говорить, что ей плохо. Тогда парень разбил окно в одном из домов, затащил ее туда, но, услышав, что кто-то идет, сбежал.",Преступник ударил обеих сестер в одно и то же место.,entailment,0,3,0.0614
"Руки подсудимого были забинтованы и находились не за спиной, как это положено, а спереди. По просьбе мужчины наручники не зажали максимально плотно. Как только украинец был доставлен в суд, наручники сняли.",Подсудимый хотел стать украинцем.,not_entailment,0,0,0.0828
"""""""Сегодня это незаконная торговля, потому что это не является товаром для продажи"""".""",Это не товар для продажи.,entailment,0,0,0.0947
"Витебские таможенники изъяли лекарство, в котором содержится опасное психотропное вещество.",Витебская таможня изъяла опасное лекарство.,entailment,2,2,0.1048
"За несколько лет сумма накопилась огромная, но должник не спешил платить.",Сумма копилась веками.,not_entailment,1,5,0.0846
"Предприимчивый, но не работающий 29-летний ковдорчанин, съезжая со съемной квартиры, решил прихватить оттуда еще и половину вещей, принадлежащих хозяевам. - По словам потерпевшей, из ее квартиры в Полярном переулке пропала бытовая техника и мебель на общую сумму в 81 тысячу рублей, - рассказали в пресс-службе УМВД по Мурманской области. - Так как квартиру никто не взламывал, в преступлении заподозрили мужчину, который арендовал квартиру у владелицы.",Ковдорчанин съехал с квартиры вместе со всеми вещами хозяев.,not_entailment,0,5,0.0717
"Экстренные и коммунальные службы города перешли на круглосуточный режим работы. Автомобилистов просят не выезжать без необходимости, особенно без зимней резины. В ближайшие дни морозы на курорте ослабнут, к конце недели столбики не будут опускаться ниже ноля, сообщают синоптики.",Морозы вот-вот ослабнут.,entailment,0,5,0.0753
"Как сообщили в региональном министерстве образования, в состязаниях примут участие спортсмены спортивных и туристских клубов, образовательных организаций области.",В состязании примут участие спортсмены различных организаций.,entailment,3,3,0.0834
"Подробности преступления рассказали в Следственном комитете по Кировской области. Известно, что пенсионерка работала на местного предпринимателя - принимала ягоды и грибы, которые собирали местные жители, а потом отправляла их на продажу. Ее односельчанин знал, что у женщины с собой крупная сумма денег, а поскольку сам он нигде не работал, решил ее ограбить.",Пенсионерка сушила грибы.,not_entailment,2,3,0.069
"Грабитель поджидал своих жертв и, угрожая им пистолетом, отбирал у них все деньги и ценные вещи.",У грабителя был пистолет.,entailment,0,0,0.0718
"Женщины были привлечены к административной ответственности и получили штраф - по 3 тысячи рублей каждая, - сообщили в пресс-службе областного суда. Также с нижегородок взыскана стоимость грибов из расчета 600 рублей за 1 кг.",Женщины заплатили по 3 тысячи рублей каждая.,entailment,3,3,0.0823
"2 августа пьяные приятели, шагая по грунтовке, увидели оставленную без присмотра «Ниву». Ребята искали кого-нибудь, чтобы вытащить застрявший неподалеку автомобиль своей подруги, но ждать или искать хозяина внедорожника не стали: просто разбили стекло.",Неподалеку застрял автомобиль их подруги.,entailment,3,5,0.0733
"""""""Это обыкновенная гнусная ложь, потому что я никакую коммерческую деятельность не веду, находясь на должности депутата, никаким отмыванием денег я не занимаюсь"""".""",Я отмываю только грязные деньги.,not_entailment,0,5,0.0912
"""""""Система аккредитации - это ключевой инструмент допуска на рынок. Мы сейчас готовим закон об аккредитации, который весной хотим внести в Госдуму"""", - сказала она. """"Этот закон очень важен, потому что он будет предусматривать переход на международные стандарты аккредитации"""", - сказала она.""",Она сказала о важности закона.,entailment,0,1,0.0739
"В большинстве случаев, сделать это невозможно из-за припаркованных или вовсе брошенных автомобилей. Помимо проблем с уборкой и содержанием дорог, возникают трудности у водителей: зачастую автолюбители не могут разъехаться. Если эффективность схемы даст желаемый результат, ее применят к участкам центральных и других улицах, где есть аналогичные проблемы.",Брошенные машины помогают убирать дороги.,not_entailment,0,5,0.0752
"Как рассказали в пресс-службе УМВД по Липецкой области, потерпевший арендовал помещения под свой бизнес в одном из торговых центров в Липецке. После того, как арендатор повысил стоимость аренды, он съехал и остался должен определенную сумму денег. Бизнесмен попросил отсрочить выплату, так как возникли проблемы в бизнесе.",У предпринимателя возникли проблемы в бизнесе.,entailment,2,2,0.0916
"Согласно заявлению Кипрской организации по туризму (КОТ), остров является идеальным местом для велосипедного спорта, поскольку здесь благоприятные погодные условия, соответствующий рельеф местности, качественное дорожное покрытие и относительно небольшие расстояния.",Кипр подходит для синоптиков.,not_entailment,2,2,0.1157
"Когда силовики стали досматривать автомобиль, то обнаружили в нем подозрительный пакет с порошком внутри, который был отправлен на экспертизу.",Автомобиль был отправлен на экспертизу.,not_entailment,0,5,0.0707
"""Минкомсвязи РФ запустило сайт интернет-трансляций процедур голосования и подсчета голосов на выборах президента РФ с избирательных участков. """"Запуск сайта в тестовом режиме за месяц до проведения выборов осуществлен, в том числе, для того чтобы определить модель угроз - подготовиться к отражению хакерских атак, включая DDoS-атаки, - заявил журналистам в пятницу заместитель министра связи и массовых коммуникаций Илья Массух. - В первую очередь, к отражению последних, поскольку создаваемая в рамках данного проекта сеть - выделенная и в значительной степени защищена от хакеров"""".""",Сайт запустили в тестовом режиме за месяц до выборов.,entailment,0,0,0.0938
"17-летняя петербурженка переходила железнодорожные пути в неположенном месте. И не заметила идущего поезда. Не слышала она и шума, поскольку была в наушниках.",17-летняя петербурженка была в наушниках.,entailment,0,0,0.1016
"Ваня нашел кое-как место в Ясногорске. У него были смены - по 29 часов. Он детей практически не видел. Неурядицы в семье начались, потому что они оба очень сильно уставали - и морально, и физически, денег постоянно не хватало.",Вася спал по 29 часов.,not_entailment,2,5,0.0972
"Их усилиями героями рекламы сайта бесплатных объявлений стали офицеры Северного флота. Сюжет ролика незамысловат и даже напоминает те, что сейчас крутят по нашему телевидению. Два рыбака сидят с удочками и решают, что им делать с холодильником, который находится тут же, в лодке на середине озера.",У рыбаков в лодке телевизор.,not_entailment,0,0,0.0794
"По следам, оставленным на месте преступления, было установлено, что налетчиком является 38-летний ранее судимый мужчина. Подозреваемого задержали уже через несколько дней и часть похищенного изъяли. Он рассказал полицейским, что сознательно пошел на ограбление.",Налетчика судили и раньше.,entailment,2,2,0.0477
"Они стажировались на крупных событиях регионального проекта «Моя территория», где выступали в качестве модераторов рабочих групп.",Они выступали в качестве модераторов рабочих групп.,entailment,0,0,0.0866
"Спасатели рассказали, что точки находятся в режиме постоянной готовности и в случае необходимости быстро окажут помощь пострадавшим.",Пострадавшие получат помощь.,entailment,2,2,0.0823
"На вопрос классного руководителя о причинах их появления мальчик ответил, что подрался со старшим братом.",У мальчика были синяки или ссадины.,entailment,0,0,0.072
"Судно прибывает в сочинский порт за 7 часов. В то же время, билет на самолет до Сочи в летнее время стоит 3 тысячи, а время в пути – чуть меньше часа.",Билет на самолет до Сочи летом стоит 3 тысячи.,entailment,0,0,0.1251
"Когда силовики стали досматривать автомобиль, то обнаружили в нем подозрительный пакет с порошком внутри, который был отправлен на экспертизу.",Пакет с порошком нашли в автомобиле.,entailment,0,0,0.0706
"""Он добавил, что поскольку письмо было оформлено с нарушениями, оно отправлено заявителю для устранения """"недостатков"""".""",Письмо вернулось к заявителю.,entailment,0,4,0.0821
"Вину женщина признала частично признала. Мотивом к совершению преступлений была ревность. Похищенные вещи обвиняемая считала своими, так как они были куплены на ее деньги, - рассказали в пресс-службе областной прокуратуры.",Обвиняемая признала часть вины.,entailment,3,3,0.0586
"Прокурор просит огласить показания ключаря храма Христа Спасителя Михаила Рязанцева. По его словам, сам свидетель не может явиться в суд, потому что находится в командировке.",Свидетелем был ключарь.,entailment,1,1,0.076
"Как сообщил источник в правоохранительных органах, начальник полиции уже подал рапорт о своем увольнении.",Источник сообщил о местонахождении начальника полиции.,not_entailment,3,5,0.0811
"Разбив оконное стекло, преступник проник в помещение бани и вынес оттуда два электрических чайника и фонарь на общую сумму более 3500 рублей. По подозрению в совершении преступления был задержан 41-летний безработный, ранее уже привлекавшийся к уголовной ответственности. Задержанный пояснил, что в баню залез, потому что не было свидетелей, а похищенной техникой собирался пользоваться сам.",В бане было не меньше двух чайников.,entailment,0,0,0.0657
"Суд не стал рассматривать соответствующее ходатайство, поскольку оно было заявлено не в письменной форме.",Суд не смог разобрать ходатайство.,not_entailment,0,5,0.0812
"""""""В зависимости от того, какое решение будет принято премьером, президентом, я буду принимать решение, откликаться. Хотя я сказал, что, наверное, на их месте я бы учел первое соображение, а именно, что необходима определенная рокировка, и попробовал бы поставить каких-то новых людей"""", - заявил Фурсенко в онлайн-интервью """"Газете.ru"""". По его словам, он остается """"долгожителем"""" среди министров образования и науки разных стран - и западных, и восточных, и южных, однако """"на таких постах так долго не живут"""", поскольку это """"направление, которое требует постоянных изменений"""".""",Фурсенко пообещал откликнуться на решения премьера и президента.,entailment,2,2,0.0841
"В дежурную часть отдела полиции Пролетарского района поступило сообщение о том, что на одной из улиц города неизвестный похитил у гражданина мобильный телефон, - рассказали в правоохранительных органах.",Неизвестный отжал у гражданина мобильник.,entailment,3,4,0.0581
"""По словам очевидцев, их было как минимум три. Сотрудник министерства рассказал местной газете Postimees, что сидя у себя в кабинете на первом этаже услышал стрельбу, после чего быстро закрыл двери и покинул здание через окно. """"Что там сейчас происходит, не знаю, так как не нахожусь в здании"""".""",Сотрудник министерства слышал стрельбу.,entailment,1,1,0.0785
"Несколько дней назад мужчине позвонил незнакомец и, узнав, что пенсионер когда-то приобретал биологические добавки, предложил получить компенсацию.",Пенсионер продавал биодобавки.,not_entailment,2,5,0.098
"По имеющимся данным, это произошло в пятницу, когда судно с пиратами, несмотря на предупредительные выстрелы, не подчинилось требованию остановиться. Британские морские пехотинцы на быстроходных катерах приблизились к судну, поднялись на его борт и арестовали пиратов, которые были вооружены пулеметами и гранатометами. Пираты, судя по всему, решили сдаться без боя, так как силы оказались неравными.",У пиратов были гранатометы.,entailment,0,0,0.0921
"Полицейские поймали похитителя сосен, который прославился благодаря видео.",Похититель сосен прославился благодаря видео.,entailment,0,0,0.0955
"То, что трасса здесь сложная, было известно в прошлом году. Она с того времени не изменилась, но погодные условия внесли коррективы. Я шел с запасом, так как знал, что на финишном круге будет непросто.",Эта трасса сложна.,entailment,0,0,0.0744
"Врачи диагностировали у мужчины перелом плеча и травму тела, которые оцениваются как вред здоровью средней тяжести.",У мужчины сломано плечо.,entailment,1,1,0.0791
"В отделение полиции обратился пациент больницы. Он объяснил, что вышел на несколько минут, а когда вернулся, не обнаружил в палате планшет и своего соседа. Как оказалось, пока мужчины не было, другой больной забрал планшет, связал несколько простыней и по ним сбежал через окно.",У пациента есть еще один планшет.,not_entailment,1,1,0.0426
"""Начиная от магазина """"Крейсер"""", скопилась крупная пробка, так как троллейбусы объехать затор не могут.""",Пробка была незначительной.,not_entailment,1,5,0.078
"Сыграло ли это событие роль в решении обвиняемого начать работать на иностранную разведку, пока не известно. Рассмотрение дела Дивенни по существу начнется 12 декабря. Поскольку речь идет о секретных материалах, часть процесса будет проходить в закрытом режиме.",Часть рассмотрения дела Дивенни будет проходить в закрытом режиме.,entailment,0,0,0.0659
"Преступная группа, осужденная этим летом, смогла вывести из Фонда более миллиарда рублей. 4 августа суд приговорил фигурантов данного дела к срокам от трех до шести с половиной лет лишения свободы. Процесс проходил в особом порядке, поскольку все подсудимые признали свою вину.",Все подсудимые признали свою вину.,entailment,0,0,0.0806
"На заседании областного Совета при губернаторе по развитию физической культуры и спорта чиновники отметили, что прошедший год был для отрасли успешным.",Чиновники довольны итогами года.,entailment,3,3,0.0741
"""Как сообщил Кобзев агентству """"Интерфакс"""" во вторник, сам Навальный также ожидает, что приговор будет обвинительным, """"он в этом уверен"""". При этом Кобзев отметил, что каким будет обвинительный приговор - условным или реальным - ни он, ни Навальный судить не берутся. """"Поскольку здесь явно решение будет приниматься не судьей, то и предполагать очень трудно"""".""",Решение об обвинительном приговоре будет приниматься не судьей.,entailment,3,5,0.0669
"Впрочем, водителя машины вскоре нашли. Им оказался 32-летний местный житель. Он сообщил, что скрылся с места аварии, потому что испугался.",32-летний местный житель испугался.,entailment,3,3,0.0621
"Сотрудники городского управления потребительского рынка провели рейд по торговым точкам, где нелегально продают новогодние деревья.",Во всех торговых точках нелегально продают новогодние елки.,not_entailment,3,5,0.0794
"""""""В зависимости от того, какое решение будет принято премьером, президентом, я буду принимать решение, откликаться. Хотя я сказал, что, наверное, на их месте я бы учел первое соображение, а именно, что необходима определенная рокировка, и попробовал бы поставить каких-то новых людей"""", - заявил Фурсенко в онлайн-интервью """"Газете.ru"""". По его словам, он остается """"долгожителем"""" среди министров образования и науки разных стран - и западных, и восточных, и южных, однако """"на таких постах так долго не живут"""", поскольку это """"направление, которое требует постоянных изменений"""".""",Фурсенко пообещал не принимать решения без учета мнений премьера и президента.,entailment,2,4,0.0839
"Если раньше редакции только гадали, сколько человек реально читают газету, какой у них возраст и какие темы нравятся больше всего, то сейчас все изменилось.","Теперь редакции могут не только гадать, сколько человек реально читают газету, какой у них возраст и какие темы нравятся больше всего.",entailment,0,0,0.0803
"Жители неоднократно жаловались в полицию, но им было отказано в розыске коллекторов.",Полиция отказалась разыскивать коллекторов.,entailment,2,2,0.0872
"В воскресенье в Липецкой области потеплеет, сообщают синоптики.",В воскресенье в Липецкой области точно потеплеет.,not_entailment,1,4,0.098
"Как пояснили в пресс-службе городской администрации, в качестве конкурентного преимущества представители бизнеса предлагают использовать технологию «сложения потенциалов», состоящую в создании замкнутых циклов из отдельных разрозненных экономических цепочек.",Представители бизнеса предлагают использовать технологию «сложения потенциалов» в качестве конкурентного преимущества.,entailment,3,4,0.0746
"Три торговые точки посетили рабочая группа партийного проекта «Народный контроль» и сотрудники управления муниципального заказа и торговли администрации Пуровского района. Как сообщает пресс-служба администрации Пуровского района, основные нарушения, которые были выявлены, - неправильное оформление ценников, отсутствие документов на выпечку, отсутствие маркировки на животноводческой продукции. Предприниматели пообещали исправиться, а контролеры вновь прийти с проверкой на данные объекты.","""""""Народный контроль"""" проверял торговые точки на предмет нарушений.""",entailment,2,2,0.0983
"Он направлялся из города Сергиева Посада в Санкт-Петербург, с туристической группой в количестве 41 человека, в том числе там был один ребёнок. На место происшествия отправились отделение пожарно-спасательной части №13, экипаж ДПС и бригада скорой помощи. Пассажиры автобуса не пострадали, так как спасатели прибыли оперативно и доставили их в ближайший гостиничный комплекс.",В составе туристической группы был 1 ребенок.,entailment,0,0,0.0906
"Группа вооруженных до зубов бандитов обстреляла здание прокуратуры мексиканского штата Кинтана-Роо в курортном городе Канкун, убиты как минимум три человека, еще несколько ранены. Как сообщает местное издание Excelsior, преступники подъехали на мотоциклах и открыли огонь по зданию, охрана прокуратуры вступила с ними в перестрелку. Из-за стрельбы пожарным пришлось срочно эвакуировать людей из расположенного рядом магазина, потому что шальная пуля попала в цистерну с газом, была опасность взрыва.",В Канкуне разрушено здание прокуратуры.,not_entailment,1,5,0.0909
"Я бы дал деньги на командировки, потому что спортивный журналист здесь сидеть не должен, он должен ездить.",У меня есть деньги на командировки.,entailment,1,1,0.0745
"""В Сухуми взорван внедорожник, припаркованный недалеко от жилого дома по ул.Когония, сообщил """"Интерфаксу"""" начальник УВД города Гарри Аршба. По словам собеседника агентства, взрыв произошел около 12:30 в субботу. В результате взрыва никто не пострадал, так как в автомобиле никого не было.""",В Сухуми взлетел на воздух внедорожник.,entailment,2,2,0.0718
"Мужчина опубликовал в Интернете музыкальные записи, которые имели экстремистский подтекст.",Музыкальные записи имели экстремистский подтекст.,entailment,0,0,0.0804
"""Адвокат участницы группы Pussy Riot Марии Алехиной заявил отвод судье Таганского суда Наталье Коноваловой. Как передает корреспондент """"Интерфакса"""", на рассмотрении ходатайства следствия об ограничении сроков ознакомления с материалами дела Алехиной и ее защиты, адвокат Николай Полозов высказал свое недоверие суду. Адвокат заявил отвод председательствующей по данному делу, поскольку она вынесла уже два аналогичных решения не в пользу наших подзащитных.""",В Таганском суде разбирают дело участницы группы Pussy Riot Марии Алехиной.,entailment,1,1,0.0912
"""""""Я всегда мечтал играть за """"Барс"""", ничего не изменилось. Я счастлив быть здесь и даже не думаю об уходе. Я не просил о продлении контракта, потому что и так хочу здесь остаться"""".""","""Я хочу остаться в """"Барсе"""".""",entailment,2,2,0.0903
"""""""Будем участвовать в выборах (главы Химок - ИФ). Мы уже часть документов собрали, через несколько дней подадим на регистрацию и будем собирать подписи"""", - заявил он """"Интерфаксу"""" в понедельник. По его словам, у него есть несколько идей для предвыборной кампании: """"Например, все посты в правительстве будут занимать немцы, потому что наши чиновники все воруют"""".""",Предстоят выборы главы Химок.,entailment,0,0,0.079
"По словам очевидцев, злоумышленников было около десятка, и они внезапно появились из-за памятника.",Очевидцы не видели злоумышленников.,not_entailment,3,5,0.0785
"За несколько минут пламя пожара охватило крышу, а затем огонь перекинулся на другие постройки.",За несколько минут пожар охватил крышу.,entailment,1,1,0.0615
"Тут ведь запросто можно ноги переломать! Соседям, похоже, все равно, все давно привыкли, что управляющая компания ничего не делает. Я ни разу не видела дворника и не знаю, есть ли он вообще.",Дворника нет вообще.,not_entailment,0,5,0.0893
"Трагедия произошла из-за того, что водитель машины забыл закрыть дверь.",Водитель машины оставил дверь открытой.,entailment,0,1,0.0748
"Причиной этому стал звонок от неизвестного мужчины, который сообщил в полицию о нахождении в здании бомбы.",Неизвестный мужчина позвонил в полицию и сообщил о звонке.,not_entailment,1,5,0.071
"«Скорбим вместе со всей страной...», говорится в сообщении команды.",Команда скорбит со всей страной.,entailment,1,1,0.0877
"Производители молока подали в суд, который в итоге вынес решение.",Производители молока решили судиться.,entailment,0,2,0.103
"Замоскворецкий суд Москвы постановил провести комплексную экспертизу по делу против чемпиона мира по боевому самбо Расула Мирзаева, который нанес 19-летнему Ивану Агафонову удар, ставший смертельным. Вопрос о проведении новой экспертизы был поставлен председательствующим на процессе судьей. Сторона потерпевших согласилась с необходимостью провести новое исследование, поскольку увидела противоречия в предыдущих.",Чемпион мира по боевому самбо убил Ивана Агафонова одним ударом.,entailment,2,2,0.0915
"Он уже пришел в сознание. Спорт есть спорт – случилось перенапряжение, поскольку была очень жесткая борьба. Про судейство говорить бессмысленно, поскольку ничего не изменишь.",Он уже в сознании.,entailment,2,3,0.0842
"Мужчина опубликовал в Интернете музыкальные записи, которые имели экстремистский подтекст.",Мужчина распространил музыкальные записи с экстремистским подтекстом.,entailment,0,3,0.0815
"Передачу помещений школ спортивным секциям городские власти хотят сделать правилом, так как в администрацию постоянно обращаются различные спортивные секции, которые не могут найти средства на аренду залов.",Некоторые спортивные секции не могут найти средства на аренду залов.,entailment,3,3,0.0829
"Уголовное дело в отношении парня возбудили после того, как неравнодушные граждане пожаловались на него в полицию.",На парня завели уголовное дело.,entailment,1,1,0.0672
"Сначала он позвонил в ГИБДД, чтобы эту машину эвакуировали, но те отказались, так как на авто не было номеров, а поэтому установить его владельца невозможно. После этого рассерженный северянин и сообщил в полицию о бомбе, - пояснила начальник пресс-службы.","Северянин сделал ложный звонок о бомбе, чтобы эвакуировать машину.",entailment,1,5,0.0639
"На реке в Новосибирской области погиб мужчина, который упал со снегохода.",Мужчина упал со снегохода на озере.,not_entailment,2,5,0.1186
"""""""Это очень важно, что тысячи людей сейчас заявляют о своем желании быть наблюдателями. Это значит, что процесс наблюдения будет вестись не только Советом Европы, БДИПЧ. Это важно, потому что они нам помогут"""", - сказал он.""",Совет Европы будет наблюдать.,entailment,3,5,0.0792
"Хозяин авто рассказал оперативникам, что приехал на машине в гости к знакомому.",Оперативники пообщались с хозяином машины.,entailment,0,0,0.0788
"""Военнослужащие ВМС Израиля в субботу высадились на судно """"Эстель"""", перевозившее активистов в сектор Газа, передает агентство АФП. Источник в израильском военном командовании сообщил агентству, что военные захватили контроль над судном. По его словам, в ходе этой операции силу применять не пришлось, так как никто из активистов не стал оказывать сопротивление.""",Активисты отчаянно сопротивлялись военным.,not_entailment,0,5,0.102
"""""""Ласточки"""" засыпает снегом, они ржавеют и гниют, но в какой-то мере это правильное решение.""","""""""Ласточки"""" гниют от снега.""",not_entailment,0,5,0.0942
"По предварительным данным, водитель иномарки не справился с управлением и вылетел на встречную полосу.",Произошло ДТП.,entailment,0,0,0.0634
"Исследователи отмечают, что такое развитие ситуации может во много раз увеличить в море содержание ртути.",В море будет больше ртути.,not_entailment,0,0,0.0937
"Все это может привести к осложнению оперативной обстановки на автомагистралях, которые проходят через Смоленскую область.",Есть риск усложнения оперативной обстановки на автомагистралях.,entailment,3,3,0.0693
"""Как говорится в сообщении, следствием была собрана достаточная доказательственная база для признания вины подозреваемого. Однако по результатам судебно-психиатрической экспертизы выяснилось, что в момент совершения преступлений он не осознавал фактический характер и общественную опасность своих действий и не мог руководить ими. """"Поскольку имеющееся у него психическое расстройство связано с возможностью причинения им иного существенного вреда либо с опасностью для себя или других лиц, суд признал необходимость в стационарном лечении"""", - отмечает прокуратура.""",Была отменена судебно-психиатрическая экспертиза.,not_entailment,0,5,0.0666
"Сумма долга предприятия перевалила за два миллиона рублей, кроме того, работодатель не спешил выплачивать работникам компенсацию за задержку зарплат.",Долг предприятия полностью выплачен.,not_entailment,0,5,0.0764
"""По ее словам, суд согласился с доводами следствия, что Воротников уклоняется от участия в расследовании, не является на допросы. Кроме того, в отношении него было возбуждено второе уголовное дело. """"Мы будем обжаловать, потому что следователь указал на суде, что Воротников не является по вызовам в рамках второго дела"""".""",Воротников не является на допросы.,entailment,0,0,0.0718
"Ранее в допинг-пробе боксера обнаружили запрещенный препарат остарин. «Мое мнение - это некомпетентность людей, которые работают с Александром Поветкиным, из чьих рук он получил этот препарат», - заявил Хрюнов Радио «Комсомольская правда». Он добавил, что считает произошедшее «ужасом», поскольку раньше спортсмен не употреблял допинг.",В допинг-пробе Поветкина нашли остарин.,entailment,0,0,0.077
"Как сообщают в социальных сетях местные жители, на свет появилось одноглазое животное, напоминающее циклопа.",Местные жители увидели рождение настоящего циклопа.,not_entailment,3,5,0.0828
"""В ходе встречи с участниками акции прокурор разъяснил им причины, по которым было отказано в проведении митинга. """"Когда они пришли подавать заявление, то не указали в нем ответственного за порядок, время проведения акции и численность участников, поэтому им было отказано. Никого из пришедших на площадь привлекать к ответственности не будут, так как собрались всего несколько человек, так что можно сказать, что никакой акции протеста и не было"""", - подчеркнул он.""",Прокурор согласился встретиться с участниками.,entailment,0,0,0.0699
"Дело возвращено для устранения препятствий его рассмотрения судом, так как в обвинительном заключении были нарушены права потерпевшего.",В обвинительном заключении были нарушены права потерпевшего.,entailment,0,0,0.072
"Как рассказали «Комсомольской правде» в пресс-службе регионально прокуратуры, мужчину подозревают в хищении крупной суммы денег.",Мужчину подозревают в отравительстве.,not_entailment,0,0,0.0789
"""""""Это обыкновенная гнусная ложь, потому что я никакую коммерческую деятельность не веду, находясь на должности депутата, никаким отмыванием денег я не занимаюсь"""".""",Я нахожусь на должности депутата.,entailment,0,0,0.0894
"Пока пристав-исполнитель опрашивала пожилую хозяйку, ее коллега прошелся по квартире. В кладовке висела зимняя одежда – старые шубы, пальто. Именно эти вещи и привлекли пристава, потому что одежда подрагивала, словно кто-то за ней прятался.",Одежда была мокрой.,not_entailment,0,0,0.083
"""Приговор суда о мере наказания подсудимого должен быть объявлен позднее в пятницу. Сам он в суде заявил: """"Даже если вы мне не верите, я сожалею о содеянном. Я хотел представить вам мои извинения, потому что это последний раз, когда я могу выступить"""".""",Приговор объявят в пятницу.,entailment,0,0,0.0815
"Они не знают обидчиков. - По словам потерпевших, накануне около четырех часов дня на них напали трое неизвестных подростков и избили. По данному факту проводится проверка, - рассказывает источник в правоохранительных органах.",Потерпевшие обвиняют трех подростков.,entailment,2,2,0.0737
"Большинство застрявших в пробках водителей жаловались на неубранные дороги. В выходные в городе не прекращался снегопад и, похоже, городские власти вновь оказались к этому не готовы. Впрочем, если верить заявлениям чиновников, они сделали все, что смогли.",Водители застряли в пробках.,entailment,0,0,0.068
"Сотрудники городского управления потребительского рынка провели рейд по торговым точкам, где нелегально продают новогодние деревья.",По нелегальным точкам продажи елок проведен специальный рейд.,entailment,3,3,0.0829
"""""""Мы в ежедневном формате с коллегами в Турции держим связь, никаких инцидентов нет, паник нет среди российских граждан и российских туристов. Абсолютно спокойная ситуация. Кончено, есть напряжение, потому что это крайне шокирующая новость"""".""",Российские туристы никогда не паникуют.,not_entailment,2,5,0.0866
"""По словам Касима Джамаля Сулеймана, руководителя правительственной комиссии по расследованию произошедшего, все """"мученики"""" были выходцами из """"мирных семей, которые никогда не участвовали в вооруженной борьбе с государством"""". """"Они были не согласны с вооруженными группировками, это подтверждает, что у последних был интерес и цель для убийств"""", - сказал Сулейман, добавив, что все погибшие умерли от пуль и """"острых предметов"""", а не от артиллерии. Он также отметил, что правительственные войска не входили в Хулу во время бойни, поскольку пострадавшие районы находятся вдали от их позиций.""","""Касим Джамаль Сулейман назвал погибших """"мучениками"""".""",entailment,0,0,0.0832
"""""""Википедия"""" пишет, что это был период избирательной президентской кампании в России, а Макфол тогда занимался изучением избирательных технологий. Как писал один из коллег Макфола, он поначалу хотел отклонить приглашение Коржакова, который в то время входил в предвыборный штаб Ельцина. Однако приятель посоветовал ему принять приглашение, поскольку последствия отказа были бы намного хуже.""",Коржаков входил в предвыборный штаб Ельцина.,entailment,3,3,0.0763
"Он обвинялся в убийстве жены, сообщается в пресс-службе областной прокуратуры.",Его обвиняли в смерти супруги.,entailment,3,3,0.0682
"""""""Воздушные шары символизируют открытость и честность выборов, а их количество равно числу ТИКов в республике"""", - пояснил агентству поднесший спичку к чучелу, облив его перед этим жидкостью для разведения костров, правозащитник Эдвард Мурзин. Участники митинга, организованного одним из лидеров общественного движения """"Голос Уфы"""" Андреем Андреевым, прошли колонной с речевками и знаменами несколько кварталов к площади перед Русским драмтеатром. Полиция не перекрывала движение автотранспорта, поскольку колонна участников акции двигалась только по тротуарам.""",Честность и открытость выборов символизирует колонна с речевками.,not_entailment,3,5,0.0672
"""Проректор ВГУ по инновационной деятельности и коммерциализации технологий Татьяна Давыденко покинула занимаемый ею пост. Информацию подтвердили в пресс-службе вуза. Однако причину ухода прокомментировать не смогли, так как это """"конфиденциальная информация"""".""",Проректор ВГУ покинула пост по конфиденциальным причинам.,entailment,2,5,0.0969
"Псковская область получит из федерального бюджета больше пяти миллионов рублей, которые потратят на подготовку к проведению единого государственного экзамена.",Псковская область получит деньги из федерального бюджета.,entailment,0,0,0.1095
"В Нижегородской области выясняют причины крупного пожара, в результате которого сгорел дом и пострадал подросток.",В Нижегородской области сгорел подросток.,not_entailment,1,5,0.0875
"""Береговой в суде пожаловался на противоправные действия и угрозы со стороны друзей Агафонова. """"После инцидента 15 августа 2011 г. ко мне приезжал молодой человек со стороны Агафонова, он требовал видеозапись с камер наблюдения, - рассказал он. По его словам, угрожавший обещал """"всем устроить, так как побили хорошего человека"""".""",Береговой жаловался на качество видеозаписи.,not_entailment,1,1,0.0612
"Суд не стал рассматривать соответствующее ходатайство, поскольку оно было заявлено не в письменной форме.",Суд не рассмотрел ходатайство.,entailment,0,0,0.0837
"Они стажировались на крупных событиях регионального проекта «Моя территория», где выступали в качестве модераторов рабочих групп.",Они стажировались как модераторы.,entailment,0,3,0.0869
"Пострадавший пробирался между вагонами состава, когда поезд начал движение.",Человек пострадал.,entailment,0,4,0.0783
"Фотографии процесса демонтажа уже появились в социальных сетях, и, комментируя их, горожане спрашивают: что же будет построено на этом месте?",Горожане ежеминутно комментируют фотографии демонтажа.,not_entailment,3,5,0.0634
"Спасатели вынули в 15.40 дня из полыньи тело утонувшего пожилого человека. - Мужчина провалился под лед на снегоходе, - рассказал «Комсомольской правде»-Саратов начальник областной службы спасения Юрий Юрин. - Транспортное средство осталось пока в воде, на берег его мы не извлекали, поскольку ждем указаний следователей.",Пожилой человек ехал по льду на снегоходе.,entailment,2,2,0.0934
"Как рассказали в пресс-службе УМВД по Липецкой области, потерпевший арендовал помещения под свой бизнес в одном из торговых центров в Липецке. После того, как арендатор повысил стоимость аренды, он съехал и остался должен определенную сумму денег. Бизнесмен попросил отсрочить выплату, так как возникли проблемы в бизнесе.",Потерпевший был арендатором.,entailment,2,4,0.0921
"""""""Мы в ежедневном формате с коллегами в Турции держим связь, никаких инцидентов нет, паник нет среди российских граждан и российских туристов. Абсолютно спокойная ситуация. Кончено, есть напряжение, потому что это крайне шокирующая новость"""".""",Новость оказалась крайне шокирующей.,entailment,2,2,0.0822
"Представители Церкви и Исполкомов, исходя из целесообразности, примут совместное решение о проведении крещенских купаний, а также известят МЧС о сроках их проведения. В местах с купелями обеспечивать безопасность должны будут спасатели, полицейские и медики.","В местах с купелями обеспечивать безопасность должны будут спасатели, полицейские и медики.",entailment,0,0,0.094
"Когда на место приехали сотрудники полиции, они составили описание со слов свидетельницы.",Свидетельница помогла составить описание.,entailment,2,3,0.0724
"Соотношение скорости встречного автомобиля и его машины… От этого получился сильный удар. Если кто-то читал когда-то физику, то думаю, люди поймут. Звонит очень много людей на его номер и на мой, кто знает.",Его машина и встречный автомобиль столкнулись.,entailment,3,4,0.0731
"""Как рассказали """"Комсомольской правде"""" в пресс-службе комитета культуры южной столицы Псковской области, все трое учатся в Образцовом художественном коллективе Театра детской песни """"Летний дождь"""".""","""В Образцовом художественном коллективе Театра детской песни """"Летний дождь"""" всего три ученика.""",not_entailment,3,5,0.082
"Со стороны пр. Ленина городок обрамляют ледяные горы и деревья с подсветкой. От заливки катка пришлось отказать, так как площадь с уклоном.",По всему городу есть деревья с подсветкой.,not_entailment,1,2,0.0785
"Деньги поступят из федерального бюджета в рамках приоритетного проекта «Формирование комфортной городской среды», сообщают в Брянской городской администрации.",Проект «Формирование комфортной городской среды» не является приоритетным.,not_entailment,2,5,0.0877
"""""""Все три птицы чувствуют себя хорошо, ведут себя спокойно и уверенно, - сообщают в Ленинградском зоопарке. - Самки и самец расположились в соседних вольерах, но между ними проложили небольшой проход. Места там хватит, чтобы самки могли пройти, а вот самец уже не поместится"""".""",Самец не помещается в проход.,entailment,0,5,0.074
"В метро люди, не задумываясь, заявляют о том, что у них или у их друзей в сумке находится взрывное устройство.",В метро люди разыгрывают знакомых.,not_entailment,1,5,0.0919
Водители грузовых автомобилей простаивают в очереди по нескольку суток из-за медленного таможенного оформления товаров в связи с недостатком кадров у таможни.,На таможне слишком мало сотрудников.,entailment,0,5,0.0885
"Паром, совершавший рейс из Занзибара, с более 600 пассажирами на борту потерпел крушение у берегов Танзании, сообщает британская телерадиокорпорация Би-Би-Си. По данным местной полиции, около 260 пассажиров были спасены, остальные числятся пропавшими без вести. Точное число пропавших установить не удается, поскольку паром, по словам очевидцев, был переполнен.",С парома спасли примерно 260 пассажиров.,entailment,2,2,0.1036
"""""""В первую очередь это гарнизонная служба и все, что с ней связано. Туда же хотим включить дисциплинарные батальоны и военную автоинспекцию"""", - заявил он в интервью """"Российской газете"""", которое будет опубликовано в среду. По словам министра, в первую очередь будет создана структура, которая будет готовить военных полицейских, поскольку они должны обладать юридическими знаниями и организаторскими способностями.""","""Министр забрал интервью у """"Российской газеты"""".""",not_entailment,3,3,0.0715
"""По данным источника """"Интерфакса"""" в авиадиспетчерской службе, лайнеру не хватает топлива, чтоб долететь до пункта назначения. """,У лайнера мало топлива.,entailment,1,1,0.0774
"Теперь об отсутствии таблички напоминают только куски осыпавшейся побелки на полу. – Им пришлось исправить, подбелить стену по краям, – отмечают в музее. – Потому что вырывали «с мясом», была дыра.",На полу планетария - побелка.,not_entailment,0,5,0.0888
"Как рассказывают очевидцы, инцидент произошел около восьми утра. Всем пассажирам удалось вовремя покинуть салон. - Классным было утро, ничего не скажешь.",Пассажиры не стали покидать салон.,not_entailment,0,5,0.0814
"Она рассказала, что в дверь ее комнаты в общежитии постучали.",У нее две комнаты в общежитии.,not_entailment,0,0,0.0799
Выяснять отношения подшофе – одна из самых ужасных и опасных привычек многих людей. Почему опасных? Да потому что именно в таком состоянии большинство не контролируют своих эмоции и в порыве ярости могут пойти на что угодно.,У людей нет опасных привычек.,not_entailment,1,5,0.0774
"""Миноритарий банка Алексей Навальный заявил тогда, что покупка буровых установок была совершена по завышенной цене и через офшор, собственники или бенефициары которого не известны. """"Я не понимаю, почему весь набсовет ничего не делает (чтобы расследовать сделку). Вы пособники этой кражи, потому что вы получаете деньги, чтобы защищать наши интересы"""".""",Навальный обвинил наблюдательный совет в убийстве.,not_entailment,2,2,0.081
"Она рассказала, что поймала на дороге машину, чтобы поехать на работу.",Она хотела поехать на работу.,entailment,2,2,0.0853
"По словам президента, налог один из самых низких в мире. Средства с этого налога поступают в казну и распределяются на социальные нужды. Что касается сборов – я знаю, что происходит, но не знаю этого в деталях.","Средства, собранные с помощью этого налога, идут на социальные нужды.",entailment,2,2,0.0954
"""""""В магазинах очереди"""", - рассказала агентству одна из очевидцев, приехавших из Краснодара. Пожилая женщина рассказала, что когда началось наводнение, в доме кроме нее были только двухлетний внук, кошка и собака. Она их подняла на крышу сарая, а сама туда забираться не стала, поскольку побоялась обрушения.""",Пожилая женщина пострадала от наводнения.,entailment,0,4,0.0876
"15 сентября 2012 г. во второй половине дня в сквере на пл. Свободы при проведении несанкционированного администрацией Нижнего Новгорода митинга сотрудники ОМОН УТ МВД России по ПФО охраняли общественный порядок. Так как публичное мероприятие не было согласовано, полицейские требовали, чтобы собравшиеся разошлись.",Полицейские разгоняли собравшихся силой.,not_entailment,0,5,0.0731
"Свои поступки женщина объяснила тем, что муж бросил бы ее, если бы она родила ему много детей. К 2006 г. в семье уже росли два ребенка. Личность осужденной сохранена в тайне, поскольку разглашение этой информации противоречит немецкой системе правосудия.",Муж не любил много детей.,entailment,3,3,0.0793
"""Члены президентского совета отметили, что это не первое определение КС, указывающее судам, что Уголовный кодекс не предусматривает признание вины обязательным для решения об УДО. Однако такой вывод можно сделать из нормы Уголовно-исполнительного кодекса, где указано, что """"администрация должна представить документы на осужденного, выразить свою позицию о том, что ему не нужно больше отбывать наказание, поскольку он признал вину, раскаялся, возместил ущерб"""", отметила Морщакова. """"Это """"поскольку"""" и заставляет суды считать, что они вправе отказать на таком основании"""", - сказал член президентского совета.""",Члены президентского совета отметили Новый год.,not_entailment,0,0,0.0894
"""Она пройдет в центре Брянска 5 февраля. По словам пресс-секретаря главы брянской городской администрации Константина Касаминского, """"городские власти в проведении акции не отказали, в таких вещах никто не отказывает"""". """"Однако уведомление не было принято, поскольку не были соблюдены сроки"""".""",5 февраля в центре Брянска запретили проводить акцию.,not_entailment,1,5,0.078
"В течение этой недели на проекте Всероссийского конкурса юных талантов «Синяя птица» проходит голосование за участников, чтобы те вышли в финал.",Юные таланты уже вышли в финал.,not_entailment,0,5,0.1163
"""""""В нашей группе компаний идея объединенного чемпионата даже не обсуждалась. Может, где-то в курилке. Только я об этом не ведаю, поскольку не курю"""".""",Я не курю.,entailment,0,0,0.0896
"Он привлек полицию тем, что заметно нервничал.",Он был хладнокровен.,not_entailment,2,5,0.0882
"""По его словам, сотрудники уголовного розыска ОМВД по району Крюково совместно с сотрудниками службы банковской безопасности провели проверку и выяснили, что деньги пропадали дважды, и оба раза материально ответственным лицом была один и тот же кассир-операционист - 48-летняя жительница Зеленограда. """"На первой же беседе с оперативниками женщина призналась, что просто забрала из кассы деньги, так как оказалось в очень сложной жизненной ситуации и должна выплачивать несколько кредитов"""", - сообщили в полиции.""",Оба раза деньги пропадали в один и тот же день недели.,not_entailment,0,0,0.0797
"Общественный резонанс получил и традиционный Парад Памяти. -Этим парадом мы напомнили россиянам роль Самары в годы Великой Отечественной войны. Это важно, потому что имидж региона работает на его жителей, - уточнил губернатор.",Парад Памяти - традиционное мероприятие.,entailment,0,0,0.0777
Премьер-министр РФ Владимир Путин поручил правительству в течение недели проработать текст послания президента и представить ему соответствующие предложения по работе кабинета министров.,Путин дал правительству поручение.,entailment,2,2,0.0908
"Как рассказывают очевидцы, инцидент произошел около восьми утра. Всем пассажирам удалось вовремя покинуть салон. - Классным было утро, ничего не скажешь.",Пассажиры покинули салон.,entailment,0,0,0.0806
На Ура_губу в этом году приехало 15 человек.,Люди не приехали на Ура_губу.,not_entailment,0,5,0.1107
"Судебные журналисты у нас были хорошо подготовлены, с хорошим языком, игравшие важную роль в развитии судебной системы. Если вы специализируетесь на земле, ничего в этом зазорного нет. Ваш вопрос крайне важен, потому что вопрос земли - это вопрос социальной справедливости.",Вопрос земли - это вопрос социальной справедливости.,entailment,0,3,0.0738
"""И желательно, по его словам, быть энергичными в интернет-пространстве, поскольку """"Единой России"""" сложнее быть в Сети, чем другой политической силе, так как партия находится у власти: """"Вот вы сказали, что выходили к людям, сначала тяжело, критикуют, пар выпускают. У меня та же самая ситуация, когда подходишь. Радуются вначале, потому что видят людей знакомых, а потом говорят: у нас вот это плохо, это, это"""".""","""Партия """"Единая Россия"""" находится у власти.""",entailment,1,1,0.0647
"Представитель внешнеполитического ведомства отметил, что злоумышленника задержали местные власти.",Злоумышленник напуган.,not_entailment,3,3,0.0803
"Предполагается, что погибшие мужчина и женщина находились в близких отношениях, однако имели разные фамилии. На место происшествия незамедлительно прибыла и аварийная служба. Поскольку причиной смерти пары стало отравление химическими веществами, весь шестой этаж отеля эвакуировали в целях предосторожности.","Погибли двое, а эвакуировали весь этаж.",entailment,0,4,0.0905
"Это подтвердилось во время прокурорской проверки, основанием для которой стало обращение местной жительницы.",Состоялась прокурорская проверка.,entailment,3,3,0.0761
"""В момент совершения преступления был одет во все черное. """"Его приметы: был одет в синюю куртку фирмы """"Найк"""", серые спортивные штаны, черную вязаную шапку, волосы до плеч"""", - отмечает пресс-служба ведомства. Сотрудники полиции просят горожан не выходить на улицу, так как в городе проходит спецоперация.""",В городе идет спецоперация.,entailment,0,0,0.063
"Изначально он попал в поле зрения полиции, так как был в нетрезвом состоянии.","Полиция заметила его, так как он был нетрезв.",entailment,2,2,0.0706
"С наступлением зимы вопрос качества теплоснабжения выходит на первый план в сфере предоставления жилищно-коммунальных услуг. По каким причинам температура воздуха в квартире может не соответствовать санитарным нормам? И какую работу проводят работники жилищно-коммунального хозяйства, чтобы жильцы обслуживаемых домов чувствовали себя комфортно в квартирах на протяжении всего отопительного периода?",Жильцы обслуживаемых домов чувствуют себя комфортно в квартирах на протяжении всего отопительного периода.,not_entailment,0,5,0.0929
"Организаторы подготовили новогодние подарки, конкурсы и угощения. Также горожанам представят китайскую комедию «Дорога с приключениями». Она расскажет о владельце фирмы по производству игрушек, который спешит домой, чтобы встретить Новый Год с семьей.",Горожане увидят китайскую комедию.,entailment,2,3,0.0795
"""Новый полигон отличается повышенной сложностью и увеличенным количеством препятствий, сообщает """"Федеральное агентство новостей"""".""",Новый полигон сложнее многих.,entailment,0,3,0.1084
"""Очевидцы: в Саратове подростки обстреляли трамвай. """"Я как обычно ехала домой из школы, - сообщила юная саратовчанка. - До дома оставалась одна остановка. На ней обычно трамвай стоит подольше, потому что кондуктор и водитель сменяются"""".""",Юная саратовчанка рассказала подробности.,entailment,0,0,0.0968
"Чтобы хозяйка ноутбука не заметила пропажу, он подложил ей в сумку книги по кулинарии.",Ноутбук был украден.,entailment,1,5,0.101
"Женщина несколько дней искала пропажу, а потом обратилась в полицию.",Женщина несколько дней обращалась в полицию.,not_entailment,3,4,0.0778
"Это является тяжким вредом здоровью. После этого на подозреваемого завели уголовное дело. Полицейским удалось узнать, что мобильник он сдал в местный ломбард, а сам уехал за пределы области.",Завели уголовное дело.,entailment,0,0,0.0591
"""Однако она подчеркнула, что композиция нужна действительно хорошая. """"Все будет зависеть от песни. В том, что он споет ее гениально, я не сомневаюсь"""".""",Певцу нужна хорошая песня.,entailment,2,5,0.0967
"Сначала он позвонил в ГИБДД, чтобы эту машину эвакуировали, но те отказались, так как на авто не было номеров, а поэтому установить его владельца невозможно. После этого рассерженный северянин и сообщил в полицию о бомбе, - пояснила начальник пресс-службы.",На машине не было номеров.,entailment,1,1,0.0662
"Их стоит запускать в подъезды, офисы и магазины. Желательно также кормить животных. Собаки, а тем более кошки не смогут на улице пережить холод, когда температура воздуха опускается ниже -30 градусов.",В холода животных желательно кормить и пускать в подъезды и магазины.,entailment,3,3,0.0834
"Она сообщила, что ее сын подвергся избиениям со стороны других воспитанников. Его также облили кипятком. Мать утверждает, что в учреждении процветает дедовщина.",Ее сына облили кипятком.,entailment,0,0,0.0825
"В четверг, 15 декабря в полицию Екатеринбурга за помощью обратились родители 10-летнего Кости Захаровского. Утром он ушел в школу, а домой так и не вернулся. На телефонные звонки мальчик ответить не мог, так как сотовый был не активен.",В Екатеринбурге нашелся мальчик.,not_entailment,0,0,0.0995
"Как сообщили в правительстве области, на ней можно будет купить товары местных производителей.",В правительстве области можно будет приобрести товары местных производителей.,not_entailment,3,4,0.0695
"Пассажиры жалуются на то, что отсутствуют последние рейсы, в салонах грязь и холод, водители курят, не покидая салона, и проезжают мимо остановок, экипажи не помогают инвалидам попасть в салон.",Пассажиры хвалят последние рейсы.,not_entailment,0,5,0.0786
"Метрополитен Екатеринбурга разместил на сайте госзакупок запрос на кредит в 150 миллионов рублей. Напомним, что ранее руководство подземки неоднократно заявляло, что метро работает в убыток, а цена жетона намного ниже себестоимости поездки.",В Екатеринбурге есть метро.,entailment,0,0,0.0957
"Если первый блин вышел комом, то второй точно удался.",Кто-то точно совершил как минимум две попытки.,entailment,0,5,0.1105
"Один из покупателей решил утащить товар с прилавка. И это ему, к сожалению, удалось. Вынес мужчина спиртные напитки. Отрабатывая территорию прилегающего района стражи порядка задержали подозреваемого и изъяли у него перечисленный продавцом товар, исчезнувший из магазина.",Товар исчез из магазина сам собой.,not_entailment,1,5,0.0614
"Их усилиями героями рекламы сайта бесплатных объявлений стали офицеры Северного флота. Сюжет ролика незамысловат и даже напоминает те, что сейчас крутят по нашему телевидению. Два рыбака сидят с удочками и решают, что им делать с холодильником, который находится тут же, в лодке на середине озера.",У рыбаков в лодке холодильник.,entailment,0,1,0.0798
"""В момент совершения преступления был одет во все черное. """"Его приметы: был одет в синюю куртку фирмы """"Найк"""", серые спортивные штаны, черную вязаную шапку, волосы до плеч"""", - отмечает пресс-служба ведомства. Сотрудники полиции просят горожан не выходить на улицу, так как в городе проходит спецоперация.""",В городе действуют врачи.,not_entailment,0,0,0.0621
"Обе купюры оказались поддельными. - По данным фактам проводятся проверки, - заверили в полиции. Стражи порядка также напоминают, что в случае, если к вам в руки попала фальшивая купюра, нужно сразу же обратиться в полицию.",Две купюры оказались поддельными.,entailment,0,0,0.0712
"""Коллектив вуза принял решение подать иски в суды о защите чести и достоинства института, подать заявление в прокуратуру с просьбой проверить процедуру мониторинга эффективности вузов и провести """"протестный митинг против политики министерства образования"""". Студенты РГТЭУ ранее бастовали две ночи подряд - с 18 по 20 декабря против того, что их институт попал в список вузов с признаками неэффективности. Забастовка была прекращена, поскольку у студентов появилась надежда, что с ситуацией разберутся в руководстве государства.""",Студенты РГТЭУ бастовали две ночи подряд.,entailment,0,0,0.0866
"Таким образом, правящая коалиция получит большинство в обеих палатах, так как она уже занимает большинство мест в нижней палате.",Правящая коалиция может получить большинство в обеих палатах.,entailment,0,0,0.0991
"В пресс-службе ведомства сообщили, что в течение декады в муниципалитетах пройдут профилактические мероприятия.",Муниципалитеты будут заняты профилактическими мероприятиями.,entailment,2,2,0.0817
"Регион присоединится к Всероссийской акции «Студенческий десант». Данная акция стала уже традиционной и пройдет в четвертый раз. В течение нескольких дней учащиеся средних и высших образовательных учреждений будут посещать разные подразделения полиции, познакомятся с работой стражей порядка.",Студентов пустят посмотреть работу полицейских.,entailment,1,3,0.0903
"Дело возвращено для устранения препятствий его рассмотрения судом, так как в обвинительном заключении были нарушены права потерпевшего.",Дело закрыли.,not_entailment,0,5,0.0715
"На заседании областного Совета при губернаторе по развитию физической культуры и спорта чиновники отметили, что прошедший год был для отрасли успешным.",В областном Совете при губернаторе прошло заседание по развитию физической культуры и спорта.,entailment,2,2,0.0741
"""Трудовые мигранты - и проблема, и надежда России, заявил президент России Дмитрий Медведев в субботу в ходе общения с региональными журналистами. По его словам, для некоторых городов мигранты """"это действительно большая проблема, особенно для относительно небольших городов, где поток мигрантов может просто разрушить трудовой баланс, и за этим нужно следить"""". ""","Медведев назвал мигрантов надеждой РФ, но и ее проблемой.",entailment,1,5,0.0809
"""В Сухуми взорван внедорожник, припаркованный недалеко от жилого дома по ул.Когония, сообщил """"Интерфаксу"""" начальник УВД города Гарри Аршба. По словам собеседника агентства, взрыв произошел около 12:30 в субботу. В результате взрыва никто не пострадал, так как в автомобиле никого не было.""",В Сухуми взлетел на воздух жилой дом.,not_entailment,2,5,0.0717
"В деревне Дайон в кантоне Вале на юге Швейцарии местный житель открыл стрельбу по прохожим, убив трех человек и ранив еще двоих, сообщает британская телерадиокорпорация Би-Би-Си. Полиция арестовала стрелявшего. При задержании он получил огнестрельное ранение, поскольку стал угрожать полицейским оружием.",Швейцарец стрелял по прохожим.,entailment,1,4,0.1058
"Огонь удалось потушить через восемь минут. Есть пострадавший. Также одна часть дома сгорела, вторая выгорела.",Огонь тушили восемь минут.,entailment,1,1,0.0587
"Я сегодня первый раз вышла. Когда волна недовольства только начинала подниматься, я как-то равнодушно к этому отнеслась. Тогда муж сказал, что хочет пойти на Болотную - даже пыталась его отговорить, так как очень испугалась, что его могут замести.",Муж хотел пойти на Болотную.,entailment,1,1,0.0695
"""По словам очевидцев, их было как минимум три. Сотрудник министерства рассказал местной газете Postimees, что сидя у себя в кабинете на первом этаже услышал стрельбу, после чего быстро закрыл двери и покинул здание через окно. """"Что там сейчас происходит, не знаю, так как не нахожусь в здании"""".""",Сотрудник министерства выбрался из здания через окно.,entailment,1,5,0.0775
"Напомним, на него завели уголовное дело, заподозрив в халатности.",Его заподозрили в халатности.,entailment,0,3,0.0683
"Снег с крыши ни разу за зиму не скидывали, и вот лавины снега начали падать, там даже ограждения вырвало, - комментирует автор фото. - Ладно, машины, а если бы это были люди… Однако мнения комментаторов разделились. Одни жалеют пострадавших автовладельцев, которые оставили свои автомобили в непосредственной близости возле дома.",Крышу не чистили всю зиму.,entailment,0,0,0.0751
"Сотни военнослужащих из Катара принимали участие в военных операциях на стороне ливийских оппозиционеров, сообщил в среду журналистам командующий Генеральным штабом катарских Вооруженных сил Хамад бен Али Аттыйя. По его словам, оппозиционеры нуждались в такой поддержке, поскольку большинство из них составляли гражданские люди, никогда не имевшие дело с военной наукой.",Сотни военослужащих Катара воевали за ливийских оппозиционеров.,entailment,3,3,0.0831
"В настоящее время производственная  мощность завода составляет 150 тысяч автомобилей в год, и при благоприятной тенденции продаж планируется до 2012 года увеличить производство до 200 тысяч автомашин. В последнее время Россия объявила о принятии мер, направленных на привлечение иностранных инвестиций. Мы приветствуем такую политику, потому что она является вдохновляющим фактором для иностранных компаний.",Завод производит 150 000 автомобилей в год.,entailment,0,0,0.0837
"В Нижегородской области выясняют причины крупного пожара, в результате которого сгорел дом и пострадал подросток.",В Нижегородской области пострадал подросток.,entailment,1,1,0.0897
"""Она пройдет в центре Брянска 5 февраля. По словам пресс-секретаря главы брянской городской администрации Константина Касаминского, """"городские власти в проведении акции не отказали, в таких вещах никто не отказывает"""". """"Однако уведомление не было принято, поскольку не были соблюдены сроки"""".""",В центре Брянска пройдет акция.,entailment,1,1,0.0812
"Я не выступал, потому что очень сложная организация.",Организация сложна.,entailment,1,1,0.0953
"Соревнования прошли в бескомпромиссной борьбе, но в этот день случилось более знаковое событие, которое затмило все остальные.",Борьба была бескомпромиссной.,entailment,0,0,0.0843
"Автор поста написал в комментарии, что прорвалась канализация.",Автор поста написал про канализацию.,entailment,1,1,0.1041
"""Следствие рассматривает несколько версий преступления, в том числе и связанное с ее профессиональной деятельностью. """"В числе основных версий следователи рассматривают убийство на бытовой почве, а также в связи с профессиональной деятельностью одной из погибших"""", - сообщила руководитель СУ СКР по Тульской области Татьяна Сергеева журналистам во вторник. Предполагается, что убитая семья могла знать убийцу, так как дверь квартиры была закрыта с внешней стороны.""",Убита целая семья.,entailment,0,0,0.0905
"Как рассказали «Комсомольской правде» в пресс-службе администрации города, на том участке наконец появился светофор.",Светофор установлен.,entailment,2,2,0.0691
"Впрочем, водителя машины вскоре нашли. Им оказался 32-летний местный житель. Он сообщил, что скрылся с места аварии, потому что испугался.",Водитель машины убрался на месте аварии.,not_entailment,3,5,0.059
"7 января на личной странице бизнесмена в соцсети Facebook появилось сообщение, в котором говорилось, что он намерен добиваться проведения прокурорского расследования.","Предприниматель хочет, чтобы прокурор во всем разобрался.",entailment,2,2,0.0861
"""Как сообщили «Комсомольской правде» в пресс-службе музея, выставка получила название """"Добрые друзья детства"""".""","""О названии выставки """"Комсомольская правда"""" узнала у пресс-службы музея.""",entailment,3,5,0.0801
"""Береговой в суде пожаловался на противоправные действия и угрозы со стороны друзей Агафонова. """"После инцидента 15 августа 2011 г. ко мне приезжал молодой человек со стороны Агафонова, он требовал видеозапись с камер наблюдения, - рассказал он. По его словам, угрожавший обещал """"всем устроить, так как побили хорошего человека"""".""",Береговой жаловался в суде на друзей Агафонова.,entailment,1,1,0.0611
"Прошу подойти ответственно к этому вопросу. Поставить галочку и забыть — не выйдет. Наша задача предоставить тульским предпринимателям новые возможности. Что губернатор сказал про медицину, читайте здесь.",Вопрос требует второго подхода.,not_entailment,3,5,0.0761
"Фотографии процесса демонтажа уже появились в социальных сетях, и, комментируя их, горожане спрашивают: что же будет построено на этом месте?",Горожане комментируют фото демонтажа в соцсетях.,entailment,3,3,0.0655
"Врачи поставили ей диагноз: «алкогольное опьянение». Данным фактом заинтересовалась областная прокуратура. - В настоящее время проводится проверка, выясняются подробности происшествия, а также при каких обстоятельствах был приобретен алкогольный напиток.",Врачи испытали алкогольное опьянение.,not_entailment,1,5,0.0625
"Пострадавший пробирался между вагонами состава, когда поезд начал движение.",Пострадавший пробирался между вагонами поезда.,entailment,0,0,0.0768
"Я не выступал, потому что очень сложная организация.",Таинственная организация заставила меня подписать отказ от выступления.,not_entailment,1,5,0.095
"""Возраст людей определить не смог. Их лица были закрыты капюшонами, - рассказал журналисту """"Комсомольской правды""""-Саратов один из автолюбителей, проезжавших на мосту. - Со стороны обоих городов образовалась пробка, так как прибывшие машины спасателей и полиции перегородили полосу движения.""",Люди целиком прятались под капюшонами.,not_entailment,2,5,0.0808
"Я бы дал деньги на командировки, потому что спортивный журналист здесь сидеть не должен, он должен ездить.","Спортивный журналист должен ездить, а не сидеть.",entailment,1,5,0.0703
"Сначала состязались талисманы Восточной и Западной конференций, а потом фавориты сошлись в финале.",Талисманы дрались.,not_entailment,0,5,0.096
"Водителя легкового автомобиля госпитализировали в реанимационное отделение районной больницы. У него взяли кровь на анализ. Отметим, что место происшествия очагом аварийности не является.",У водителя легковушки взяли кровь на анализ.,entailment,2,3,0.0532
"Как сообщает Государственная инспекция труда, водитель подготавливал дежурный автомобиль.",Шофер готовил дежурный автомобиль.,entailment,3,3,0.0788
"В пресс-службе ведомства сообщили, что в течение декады в муниципалитетах пройдут профилактические мероприятия.",Десять дней в муниципалитетах будут идти профилактические мероприятия.,entailment,2,3,0.0851
"Коррекция высоты орбиты проводиться не будет, поскольку объект не представляет угрозы станции.",Объект не угрожает станции.,entailment,0,0,0.0995
"Как сообщают в социальных сетях местные жители, на свет появилось одноглазое животное, напоминающее циклопа.",Местные жители обсуждают одноглазое животное в соцсетях.,entailment,3,3,0.0798
"Как сообщила в понедельник газета Daily Telegraph, ожидается, что во вторник законопроект будет отправлен на окончательное согласование в нижнюю палату парламента. Никаких препятствий на пути к окончательному принятию законопроект не должен встретить, поскольку ранее палата общин уже одобрила его первоначальную версию подавляющим большинством голосов.",Газета рассказала о тёмном прошлом законопроекта.,not_entailment,3,3,0.0733
"Министр внутренних дел Румяна Бычварова объявила, что на днях у Болгарии появится возможность осуществлять такую проверку всех въезжающих и выезжающих из страны, какой нет ни в какой другой европейской стране. Новая система контроля стала возможной, благодаря соглашению с США. Министр отказалась сообщить подробности, так как речь идет о конфиденциальной информации, и лишь уточнила, что повышается уровень безопасности и проверок.",Министр не сообщила подробности.,entailment,1,1,0.0975
"Женщину обвиняли в том, что она фиктивно ставила на учет иностранцев, регистрируя их в своей квартире. Как сообщили в облпрокуратуре, фактически она не собиралась предоставлять им жилье. Во время судебного процесса женщина свою вину признала, раскаялась и пояснила, что шла на преступления, поскольку ей требовались деньги.",Женщина раскаялась.,entailment,0,0,0.0678
"""Целый оружейный арсенал, на который вышли полицейские, вывел на след предполагаемых убийц.""",Полицейские организовали арсенал.,not_entailment,0,5,0.0761
"""Президент России Владимир Путин поздравил членов команды """"КАМАЗ-Мастер"""" с завоеванием трех призовых мест на  прошедшем в январе ралли """"Дакар"""". """"Я вас поздравляю с этим, безусловно, серьезным результатом. Хочу пожелать, чтобы вы всегда, так как вы умеете делать, могли концентрироваться и добиваться победы"""", - сказал он на встрече с представителями команды во вторник.""","""Президент России Владимир Путин встретился с представителями команды """"КАМАЗ-Мастер"""" во вторник.""",entailment,1,1,0.098
"По данным следствия, в июне прошлого года в подъезде одного из домов по улице Отрадной обвиняемый избил свою бывшую супругу и сломал ей палец.",Обвиняемый сломал руку бывшей супруге.,not_entailment,0,4,0.0704
"Теперь об отсутствии таблички напоминают только куски осыпавшейся побелки на полу. – Им пришлось исправить, подбелить стену по краям, – отмечают в музее. – Потому что вырывали «с мясом», была дыра.",На полу музея - побелка.,entailment,0,0,0.0889
"Преступники выбрали своей целью отделение на Ленинском проспекте, дом 93. Ближе к полуночи неизвестные грабители отжали входную дверь банка, проникли в помещение филиала и выкрали оттуда сейф, рассказывает источник в правоохранительных органах ФБА «Экономика сегодня». Поскольку банк охраняемый, и в нем установлена сигнализация, оперативная группа оказалась действительно оперативной и прибыла на место уже через восемь минут после сигнала.",Преступники подменили сейф в банке.,not_entailment,2,5,0.0883
"В воскресенье в Липецкой области потеплеет, сообщают синоптики.",Синоптики обещали потепление.,entailment,1,1,0.092
"Но она не поверила ему, так как слышала о мошенниках.",Она слышала о мошенниках.,entailment,0,0,0.0723
"Между тем, другие уверяют, что стекло было целым. Возможно, мужчина выпал из двери. - Муж ехал по главной, ГАЗ не уступил дорогу.",Стекло точно было целым.,not_entailment,0,5,0.0918
"Деревянный черенок от метлы стал причиной преступления, которое унесло жизнь пенсионера.",Черенок от метлы унес жизнь пенсионера.,not_entailment,0,5,0.0826
"По данным источника агентства, именно в одной из последних двух машин находился освобожденный во вторник спортсмен. Он находится под усиленной охраной и будет вывезен в безопасное место. Это сделано во избежание каких-либо инцидентов, так как у здания суда скопилось несколько десятков человек, в основном - противников такого приговора.",Спортсмена плохо охраняют.,not_entailment,2,5,0.0768
"Концерт стал знаменателен и тем, что во время выступления певица презентовала свой новый альбом.",Во время концертов певица всегда презентует свои новые альбомы.,not_entailment,0,5,0.1051
"""Как рассказали """"Комсомольской правде"""" в пресс-службе комитета культуры южной столицы Псковской области, все трое учатся в Образцовом художественном коллективе Театра детской песни """"Летний дождь"""".""",Все трое учатся в образцовом художественном коллективе.,entailment,3,3,0.0807
"Поначалу он надеялся, что с мальчиком ничего страшного не произошло. Но малышу было все хуже. «Скорую» вызвали только около двух часов ночи, спустя несколько часов после того, как мальчик упал и получил травмы.",С мальчиком ничего страшного не произошло.,not_entailment,1,5,0.0886
"Сумма долга предприятия перевалила за два миллиона рублей, кроме того, работодатель не спешил выплачивать работникам компенсацию за задержку зарплат.",Работодатель не спешил платить.,entailment,0,0,0.0742
"Причины пожара устанавливаются сотрудниками экстренных служб. Напомним, накануне в Северной столице тушили крупный пожар в квартире многоэтажного дома. Огонь бушевал на балконе, жильцу пришлось прятаться от пламени на соседнем балконе.",Причины пожара пока неизвестны.,entailment,3,3,0.0616
"Всех пострадавших медики доставили в ближайшую больницу. Областной главк полиции сообщает, что водители находились в трезвом состоянии. По факту дорожного инцидента проводится проверка, после которой примут соответствующее процессуальное решение.","Главк полиции удивлен, что все водители были трезвыми.",not_entailment,3,4,0.0425
"Автобус, когда подъехал к одной из остановок, загорелся.",При приближении к остановкам автобусы обычно загораются.,not_entailment,1,1,0.073
"Задать свой вопрос или оставить жалобу смогут все желающие, рассказали «Комсомольской правде»-Красноярск в городской администрации.",Желающих жаловаться будет много.,not_entailment,3,5,0.0805
"Я просто об этом даже не думаю, потому что если кто-то что-то захочет, никуда не спрячешься.",Спрятаться не удастся.,entailment,0,4,0.0703
"""""""На требование остановиться водитель иномарки не отреагировал, а наоборот, увеличил скорость, поочередно задев две машины и чуть не сбив женщину с ребенком, переходивших дорогу"""", - сказал представитель пресс-службы. Инспекторы ГИБДД начали преследование, пытаясь прижать автомобиль к обочине, однако его водитель ударил патрульную машину. Сотрудники полиции приняли решение о применении оружия для остановки автомобиля, создававшего большую опасность для окружающих, однако сначала не смогли этого сделать, так как вокруг находились жилые дома, большое количество автомобилей на дороге и пешеходов на улице.""",Большое количество автомобилей на дороге и пешеходов на улице не позволило полицейским стрелять в преследуемую иномарку.,entailment,0,4,0.059
"Их номер про друга крокодила Гены рассмешил и зрителей, и жюри шоу. Своеобразие дуэта и оригинальные шутки позволили Антону и Алине пройти в финал программы, где ребята смогут побороться за главный приз – семь миллионов рублей. К слову, ранее дуэт не смог пройти на полуфинал, так как члены жюри не оценили их шуток.",Антон и Алина поставили номер про друга крокодила Гены.,entailment,0,0,0.1097
"Девушка работала в павильоне торгового центра, где продавала косметику и парфюмерию.",Девушка продавала парфюм в торговом центре.,entailment,2,2,0.0969
"Во время праздничной церемонии в муниципалитете он заявил, что главными задачи для него является максимальное использование всех возможностей в области предпринимательства и экономического развития.",Он сделал заявление по окончании праздничной церемонии.,not_entailment,2,5,0.081
"Как сообщили «Комсомольской правде» в пресс-службе музея, выставка получила название «Добрые друзья детства».",Выставке придумали название.,entailment,3,3,0.0777
"""Бывший глава полиции ранее подтвердил, что он перешел на сторону мятежников. """"Я объявляю, что дезертировал из армии и присоединяюсь к народной революции"""", - говорится в видеообращении, распространенном этим военным. Он пояснил, что принял такое решение, так как сирийская армия уничтожает мирных жителей вместо того, чтобы защищать их.""","Сирийская армия уничтожает мирных жителей вместо того, чтобы защищать их.",entailment,0,0,0.0742
"Они не знают обидчиков. - По словам потерпевших, накануне около четырех часов дня на них напали трое неизвестных подростков и избили. По данному факту проводится проверка, - рассказывает источник в правоохранительных органах.","Потерпевшие уверяют, что нападавших было трое.",entailment,2,5,0.0743
"Строение было небольшое и пожар потушили в считанные минуты. Однако, огонь успел уничтожить крышу и повредить стены. На пожаре никто не пострадал, сейчас специалисты устанавливают точную причину возгорания.",Маленькое строение быстро потушили.,entailment,1,5,0.0573
"Аркадий завоевал медаль за профессионализм в компетенции «Гостиничный сервис (ресепшн)». — Необходимо было выстроить приоритеты: какую задачу решать первой, какую — последней. Это было очень тяжело, но и очень интересно, потому что ситуации по легенде были максимально приближены к жизни.",Аркадий получил медаль за работу на ресепшн.,entailment,0,4,0.0915
"Владельцем ружья оказался 50-летний кандалакшанин. Двустволку он получил в наследство. О краже он не стал сообщать, потому что испугался наказания.",У кандалакшанина украли наследную двустволку.,entailment,0,0,0.0964
"Ноябрь и часть декабря удивили сильными морозами, но сейчас погода стабилизировалась и будет тепло.","Теперь будет жарко, как летом.",not_entailment,2,5,0.0659
"Об этом вечером во вторник, 17 января, сообщила пресс-служба Спасательного департамента, отметив, что немецкую противотанковую мину Tellermine 42 обнаружили в на улице Кеэвисе в ходе земляных работ. Спасатели эвакуировали жителей окрестных домов, офисов и складских помещений. Уничтожать мину на месте не стали, поскольку это угрожало повреждению трассы трубопровода.",В ходе земляных работ нашли воду.,not_entailment,0,0,0.0804
"""""""Воздушные шары символизируют открытость и честность выборов, а их количество равно числу ТИКов в республике"""", - пояснил агентству поднесший спичку к чучелу, облив его перед этим жидкостью для разведения костров, правозащитник Эдвард Мурзин. Участники митинга, организованного одним из лидеров общественного движения """"Голос Уфы"""" Андреем Андреевым, прошли колонной с речевками и знаменами несколько кварталов к площади перед Русским драмтеатром. Полиция не перекрывала движение автотранспорта, поскольку колонна участников акции двигалась только по тротуарам.""",Честность и открытость выборов символизируют воздушные шары.,entailment,3,3,0.0694
"Так как техника одновременно идет колонной сразу по нескольким полосам, власти города призывают водителей с понимаем отнестись к временным неудобствам и не мешать работе коммунальщиков.","""Власти города просят у водителей """"понять и не мешать"""".""",entailment,0,3,0.0735
"""""""Система аккредитации - это ключевой инструмент допуска на рынок. Мы сейчас готовим закон об аккредитации, который весной хотим внести в Госдуму"""", - сказала она. """"Этот закон очень важен, потому что он будет предусматривать переход на международные стандарты аккредитации"""", - сказала она.""",Она ждет весну.,entailment,0,0,0.0745
"Стало известно, где собираются отмечать праздник Крещения Господня первые лица региона.",Первые лица региона не отмечают Крещение.,not_entailment,1,5,0.0979
"Так как у мужчины не было постоянного заработка, ему пришлось взять кредит в банке.",Мужчина взял кредит в банке.,entailment,0,0,0.0809
"Чиновники хотят купить для очистки магистралей 16 машин. Директор управления дорожного хозяйства и благоустройства Владимир Казимиров отметил, что кроме самосвалов и снегопогрузчиков закупят и две единицы мини-техники специально для содержания улиц Чокана Валеханова и Ленина. Также в управлении отметили: техники не хватает для уборки снега, потому что она постоянно ломается.",Чиновники хотят приобрести самосвалы и снегопогрузчики.,entailment,1,1,0.0818
"Подсудимый, в свою очередь, в последнем слове, предоставленном ему судьей, попросил у родственников погибших и потерпевших прощения.",Подсудимому не дали права на последнее слово.,not_entailment,1,5,0.0687
"Прокуратура поддержала ходатайство следователей и мужчину арестовали на два месяца. В ходе судебного заседания стали известны подробности преступления. Мотивом убийства, как выяснилось, стала ревность.",Подробности преступления удалось выяснить.,entailment,2,2,0.066
"""Президент РФ Дмитрий Медведев отметил, что стоимость новой радиолокационной станции в Калининграде существенно ниже, чем стоимость станций, которые строились в Советском Союзе. """"Стоимость строительства этой станции, не раскрывая каких-то цифр, она существенно ниже, чем аналогичные станции, которые строились в советские времена, включая действующие станции"""", - сказал президент РФ на совещании с Вооруженными силами РФ. Он подчеркнул, что это немаловажный вопрос, поскольку экономия средств - """"всегда крайне актуальная задача для министерства обороны"""".""",Дмитрий Медведев поднял тему стоимости новой радиолокационной станции в Калининграде на совещании с Вооруженными силами РФ.,entailment,2,2,0.0954
"В среду, 9 ноября, глава ведомства Александр Нерадько сказал журналистам, что Росавиация готова отложить принятие решение об аннулировании лицензии дискаунтера на три месяца.",Росавиация спешит с аннулированием лицензии дискаунтера.,not_entailment,2,5,0.0753
"Мужчина, который ранее не раз был судим, на улице напал на подростка.",Мужчину уже судили за нападение на подростка.,not_entailment,3,5,0.0803
"Соотношение скорости встречного автомобиля и его машины… От этого получился сильный удар. Если кто-то читал когда-то физику, то думаю, люди поймут. Звонит очень много людей на его номер и на мой, кто знает.",Мне звонит много людей.,entailment,3,3,0.0789
"""Она до сих пор остается единственным человеком, у которого есть к нему доступ. Мне кажется, это человек, чья репутация абсолютно безупречна, гарантированна, никто не посмеет ее упрекнуть в каких-нибудь злоупотреблениях"""", - указал, в свою очередь Пархоменко в интервью телеканалу """"Дождь"""". Он отметил с иронией, что был бы рад, если бы эта проверка привела к судебному разбирательству, так как тогда бы пришлось вызвать в суд всех, кто переводил деньги, а таковых, по его словам, сотни тысяч человек.""",Ее трудно упрекнуть в злоупотреблениях.,entailment,0,5,0.0777
"Ее признали виновной в крупном мошенничестве, которое она совершила с использованием своего служебного положения.",Она совершила мелкое мошенничество.,not_entailment,0,5,0.0883
"""Как сообщает пресс-служба министерства, вызов связан с делом вокруг попытки банкротства Cartu Bank. Сама Кобалия заявила перед тем, как войти в здание МВД, что получила SMS-сообщение с просьбой явиться в министерство для дачи показании в качестве свидетеля. """"Я сразу же решила прийти на допрос, так как готова сотрудничать со следствием"""", - сказала она, выразив надежду на то, что беседа не продолжится долго, так как она на пятом месяце беременности.""",Кобалия на пятом месяце беременности.,entailment,0,0,0.0998
"Пожарные приехали к дому в полдень, обнаружили очаг возгорания и начали тушить огонь.",Пожарные приехали на вызов.,entailment,0,0,0.0579
"За несколько лет сумма накопилась огромная, но должник не спешил платить.",Сумма копилась несколько лет.,entailment,1,1,0.0818
"Там горожане могут купить хвойные деревья и лапник, пишет пресс-служба администрации.","В пресс-службе администрации планируют, что горожане будут покупать там хвойные деревья и лапник.",entailment,3,3,0.0723
"Как сообщила в понедельник газета Daily Telegraph, ожидается, что во вторник законопроект будет отправлен на окончательное согласование в нижнюю палату парламента. Никаких препятствий на пути к окончательному принятию законопроект не должен встретить, поскольку ранее палата общин уже одобрила его первоначальную версию подавляющим большинством голосов.",Daily Telegraph рассказала о предстоящей судьбе законопроекта.,entailment,2,2,0.0751
"Победу в гонке одержали норвежские спортсмены, тройку лучших замкнули немцы.",Норвежцы не смогли обойти немцев.,not_entailment,1,5,0.0947
"Он отметил, что благоприятная ситуация складывается, потому что быстро срабатывают аварийные бригады, создан необходимый запас резервной техники и топлива.",Необходимый запас резервной техники и топлива уже создан.,entailment,3,3,0.0741
"В документах было указанно, что в контейнере находится пряжа.","По документам, в контейнере должна была быть пряжа.",entailment,0,2,0.0867
"В сентябре утвердили схему размещения щитов, по которым пройдут электронные торги.",Схема размещения щитов утвержена.,entailment,0,0,0.0931
"""Миноритарий банка Алексей Навальный заявил тогда, что покупка буровых установок была совершена по завышенной цене и через офшор, собственники или бенефициары которого не известны. """"Я не понимаю, почему весь набсовет ничего не делает (чтобы расследовать сделку). Вы пособники этой кражи, потому что вы получаете деньги, чтобы защищать наши интересы"""".""",Навальный обвинил наблюдательный совет в бездействии.,entailment,2,5,0.0786
"Региональный главк полиции сообщает, что закон не соблюдали в павильоне, расположенном на улице Революционной в областном центре.",В павильоне соблюдали закон.,not_entailment,0,0,0.0903
"""Его кандидатуру предложил губернатор Тульской области Владимир Груздев, Медведев ее поддержал. """"Михаил Анатольевич, вы как к этой идее относитесь? Потому что на такие позиции нельзя приходить просто потому, что тебя назвали в присутствии президента"""".""",Медведев и Груздев сошлись во мнении относительно кандидатуры.,entailment,0,4,0.0751
"Преступная группа, осужденная этим летом, смогла вывести из Фонда более миллиарда рублей. 4 августа суд приговорил фигурантов данного дела к срокам от трех до шести с половиной лет лишения свободы. Процесс проходил в особом порядке, поскольку все подсудимые признали свою вину.",Все подсудимые признали себя виновными.,entailment,0,5,0.0805
"«У меня простые принципы подбора людей в команду: порядочность и компетентность. Кто-то на новой должности справляется и продолжает работать, кто-то уходит, а кто-то показывает максимальную эффективность и переходит на решение других, более сложных задач. Так будет происходить и впредь, потому что команда должна работать эффективно», – подчеркнул глава региона.","Глава региона рассказал, что ценит умеренность и аккуратность.",not_entailment,3,5,0.0736
"Назначена судебно-медицинская экспертиза. По результатам проверки будет ясно, возбуждать ли уголовное дело. Также в ведомстве отметили, что это не первый случай, когда в квартире случился пожар.",Уголовное дело еще не возбуждено.,entailment,3,5,0.0709
"Как выяснилось, конфликт разгорелся на почве ревности.",Ревность подожгла почву.,not_entailment,2,5,0.0961
"Они искали места, где незаконно продают выпивку.",Они искали места незаконной продажи сигарет.,not_entailment,3,5,0.0743
"Мужчина окунулся в бассейн, где у него прихватило сердце.",В бассейне у мужчины стало плохо с сердцем.,entailment,1,1,0.0923
"Всех пострадавших медики доставили в ближайшую больницу. Областной главк полиции сообщает, что водители находились в трезвом состоянии. По факту дорожного инцидента проводится проверка, после которой примут соответствующее процессуальное решение.",Пострадавшие попали в ближайшую клинику.,entailment,3,3,0.0401
"Когда стражи порядка задержали двух мужчин, выяснилось - они совсем не местные.",Полицейские задержали мужчин.,entailment,2,2,0.0897
"Музей, расположенный в Королевских воротах, меняет экспозицию. На смену выставке, рассказывающей об истории ворот и их реставрации, придет «Аптека трех королей». Как рассказали в музее, посетители попадут в традиционный интерьер аптеки.",Экспозицию музея Королевских ворот ждут перемены.,entailment,2,2,0.0955
"Он отметил, что благоприятная ситуация складывается, потому что быстро срабатывают аварийные бригады, создан необходимый запас резервной техники и топлива.","Он не нашел причин для того, чтобы сложилась благоприятная ситуация.",not_entailment,3,5,0.0768
"""""""Это наши русские часы, недорогие часы с гербом - маленькие, аккуратные часы"""", - процитировал патриарха В.Соловьев, делясь в эфире радио """"Вести FM"""" впечатлениями о встрече с ним. По словам Соловьева, когда предстоятель увидел ту фотографию, он очень удивился. """"Потому что, когда мы надеваем одеяние для службы, часы невозможно надеть, невозможно носить часы"""".""","В.Соловьев процитировал слова патриарха о том, что тот носит недорогие русские часы с гербом.",entailment,1,1,0.0955
"Удар пришелся в грудную клетку. Женщина сама вызвала мужу скорую и полицию. Мужчину госпитализировали, но медики не смогли спасти ему жизнь.",Медики  спасли мужчине жизнь.,not_entailment,3,3,0.0758
"Ежедневно в плотины поступает всё больше и больше воды, что не может не радовать.","Вчера в плотины поступало не так много воды, как сегодня.",entailment,0,4,0.0956
"Сначала необходимо законсервировать здание, просушить - здесь полно воды, провести экспертизу и понять, сколько это будет стоить, и начинать ремонт.",В здании полно воды.,entailment,0,0,0.0842
"Лежал там лишь пакетик с порошком. Но мужчина обрадовался находке больше, чем всем сокровищам Земли. Потому что жаждал дозы.",Мужчина радовался всем сокровищам Земли почти так же сильно.,not_entailment,0,5,0.0915
"Прибывшие на место спасатели выяснили, что загорелась частная баня.",Спасатели прибыли к горящей бане.,entailment,0,5,0.0806
"""""""Они не могут допустить, чтобы Продюсерским центром студии руководил по-настоящему деловой, экономически грамотный человек - при политике абсолютной непрозрачности всех решений такой человек очень невыгоден"""", - считает Сокуров. В минувшую пятницу стало известно, что Сокуров решил покинуть совет директоров """"Ленфильма"""" и направил министру культуры Мединскому соответствующее письмо. """"Я написал это письмо, потому что считаю нахождение в совете формальным"""".""","""Сокуров стал гендиректором """"Ленфильма"""".""",not_entailment,2,5,0.0758
"Модельер не явился за заседание суда, чтобы избежать встречи с журналистами и не попасть в объективы камер. Адвокаты обвиняемого ранее заявили о том, что Гальяно потерял над собой контроль из-за злоупотребления алкоголем и поэтому нагрубил посетителям. Один из адвокатов сказал, что его подзащитный не помнит, что происходило в баре, так как он был болен.",Гальяно отсутствовал на заседании суда.,entailment,0,0,0.0753
"""В среду, 9 ноября, глава ведомства Александр Нерадько сказал журналистам, что Росавиация готова отложить принятие решение об аннулировании лицензии дискаунтера на три месяца. """"Может быть, те, кто этот проект (""""Авианову"""" - ИФ) инициировали, может быть, у них изменятся планы. Потому что проект сам по себе очень привлекателен для людей из-за низких тарифов"""".""",Проект привлекателен для людей из-за низких тарифов.,entailment,2,4,0.0757
"Иностранному бизнесу было бы выгодно активно инвестировать в экономику России. Об этом заявил министр экономического развития страны Максим Орешкин. Он отметил, что сейчас самое подходящее время вложений, поскольку экономика вновь поднимается.",Экономика вновь поднимается.,entailment,0,0,0.094
"Ранее также были арестованы предполагаемый лидер преступной группы, ранее судимый 52-летний Андрей Вишневский, Олег Новак и Владимир Попов. Следователь в обоснование своего ходатайства в суде заявил, что, находясь на свободе, подозреваемые могут скрыться. А поскольку не установлены все участники преступной группы, то они также могут оказать давление на свидетелей и попытаться воспрепятствовать расследованию по делу.",Не установлены все участники преступной группы.,entailment,0,0,0.0666
"""Как сообщил Кобзев агентству """"Интерфакс"""" во вторник, сам Навальный также ожидает, что приговор будет обвинительным, """"он в этом уверен"""". При этом Кобзев отметил, что каким будет обвинительный приговор - условным или реальным - ни он, ни Навальный судить не берутся. """"Поскольку здесь явно решение будет приниматься не судьей, то и предполагать очень трудно"""".""",Навальный ожидает приговора.,entailment,3,3,0.0686
"Как сообщили «Комсомольской правде» в пресс-службе музея, выставка получила название «Добрые друзья детства».",Выставке не дали название.,not_entailment,3,5,0.0785
"Ожидается, что перед судом выступит руководитель группы гособвинения Виктор Антипов, который предложит наказание подсудимым.",Подсудимые смогут выбрать себе наказание.,not_entailment,0,5,0.0892
"В Кирове в полицию обратилась 63-летняя женщина, поскольку у нее из дома пропали ювелирные украшения. Браслет, три кольца и серьги пенсионерка оценила в 18 тысяч рублей. Точную дату пропажи украшений женщина не могла сказать, поскольку давно не проверяла место, где хранила золото, но она точно знала, что никто дверь в ее квартиру не взламывал, а значит вор был среди тех, кого пускали в гости.",В Кирове украли ювелирные украшения на сумму 18 тысяч рублей.,entailment,2,2,0.0737
"В день президентских выборов американские избиратели отдают свои голоса выборщикам, которые назначаются партийными съездами на уровне штатов, их количество определяется числу представителей каждого штата в конгрессе (сенате и палате представителей). Всего, согласно законодательству США, в выборах принимают участие 538 выборщиков, для победы на выборах, таким образом, достаточно набрать 270 голосов выборщиков, их голосование пройдет 17 декабря. Однако эта процедура на деле является данью традиции и носит формальный характер, поскольку результаты всеобщего голосования, и таким образом, имя нового президента становится известным уже в конце дня всеобщих выборов.",538 выборщиков участвуют в выборах в США.,entailment,1,1,0.0822
"""По словам Клинтон, данный проект """"содержит ряд элементов, которые мы не можем поддержать"""". В частности, по ее словам, в тексте просматривается """"кажущийся паритет"""" между сирийским правительством, обвиняемым многими странами в применении силы против своих противников, и мирными оппозиционерами. По ее мнению, такого паритета быть не должно, так как сирийские власти в значительно большей степени несут ответственность за беспорядки в стране.""",Клинтон осудила ряд элементов проекта.,entailment,1,1,0.0922
"Свои поступки женщина объяснила тем, что муж бросил бы ее, если бы она родила ему много детей. К 2006 г. в семье уже росли два ребенка. Личность осужденной сохранена в тайне, поскольку разглашение этой информации противоречит немецкой системе правосудия.",Женщина нашла способ не рожать слишком много детей.,entailment,3,5,0.0807
"""""""И когда я узнал, какие там результаты в моей Москве, просто сегодня не мог не прийти"""", - отметил он. Чуть дальше стояла группа молодых людей с плакатами в виде """"диалогов"""" и надписью: """"Свобода выбора"""", """"Свобода должна быть не только в Facebook"""". """"Мы здесь, потому что мы против того, чтобы за нас кто-то что-то решал, хотим честности, справедливости, и чтобы нас услышали"""".""",У молодых людей были плакаты.,entailment,0,0,0.0734
"Передачу помещений школ спортивным секциям городские власти хотят сделать правилом, так как в администрацию постоянно обращаются различные спортивные секции, которые не могут найти средства на аренду залов.",Не все спортивные секции могут найти деньги на аренду залов.,entailment,3,5,0.0829
"Судебные журналисты у нас были хорошо подготовлены, с хорошим языком, игравшие важную роль в развитии судебной системы. Если вы специализируетесь на земле, ничего в этом зазорного нет. Ваш вопрос крайне важен, потому что вопрос земли - это вопрос социальной справедливости.",Вы не специализируетесь на земле.,not_entailment,0,5,0.0721
"После, в 8 вечера, наступило время возвращаться на базу, находящуюся на военном аэродроме за пределами Астрахани. Завтра впервые за все это время мы проведем целых две ночи в одном месте. Это, конечно, очень радует всю команду, поскольку необходимость собирать и разбирать палатку после нескольких часов сна, естественно, дает о себе знать.",База дислоцирована на военном аэродроме.,entailment,2,2,0.0972
"Сделал он это на лестничной клетке в доме, в котором он проживает.",Он проживает в многоквартирном доме.,entailment,1,1,0.0987
Выяснять отношения подшофе – одна из самых ужасных и опасных привычек многих людей. Почему опасных? Да потому что именно в таком состоянии большинство не контролируют своих эмоции и в порыве ярости могут пойти на что угодно.,У людей есть опасные привычки.,entailment,1,1,0.0794
"Необходимо разработать пакет поправок, так как в законе есть многочисленные пробелы и коллизии.",Закону требуются поправки.,entailment,0,2,0.0977
"Съезд является важным политическим событием в жизни страны. Наши делегаты получили прекрасную возможность высказать свою позицию. Они поделились опытом работы своих первичных отделений, выказали предложения по усовершенствованию нормативно-правовой базы во всех сферах, задали вопросы руководителям министерств,  ведомств,  модераторам площадок.",Наши делегаты усовершенствовали нормативно-правовую базу во всех сферах.,not_entailment,0,5,0.06
"Дело в том, что ранее он уже попадался на употреблении запрещенных препаратов. Кроме того, появилась информация, что у мужчины было диагностировано психическое расстройство. Стоит отметить, что полиция сразу задержала подозреваемого: его схватили прямо на месте преступления.",Подозреваемый ранее употреблял запрещенные препараты.,entailment,0,5,0.0663
"Это позволяет испаряться влаге на месте предполагаемой заплатки. В мэрии добавили, что такие кадры лучше всего отправлять непосредственно властям. Так как не всегда на данные работы выходят муниципальные подрядчики.",На месте предполагаемой заплатки испаряется влага.,entailment,3,3,0.0693
"По факту гибели людей установлено, что причиной пожара стало неосторожное обращение с огнем при курении. 27-летний мужчина курил на кухне, рядом с комнатой, где спали дети, - пояснил Липатов. – Так как виновник происшествия погиб, уголовное дело в отношении него прекращено.",Виновник сбежал.,not_entailment,0,5,0.0638
"Авария произошла на ровном месте, машина будто поскользнулась на снежной дороге и оказалась на крыше.",Машина перевернулась.,entailment,1,4,0.0785
"Как сообщили в правительстве области, на ней можно будет купить товары местных производителей.",Товары местных производителей можно будет приобрести.,entailment,3,3,0.0708
"Шторм привел к поднятию уровня воды, высокие волны вызывали остановку движения паромов.",Паромы ходят в два раза реже.,not_entailment,0,0,0.0998
"То, что трасса здесь сложная, было известно в прошлом году. Она с того времени не изменилась, но погодные условия внесли коррективы. Я шел с запасом, так как знал, что на финишном круге будет непросто.",Эта трасса достаточно проста.,not_entailment,0,5,0.0737
"Главное управление МЧС России по Ярославской области выложило на своем сайте предупреждение о гололедице на дорогах региона. И призвало жителей быть предельно аккуратными и внимательными. - Пешеходам необходимо переходить дороги только в установленных местах, так как тормозной путь автомобилей значительно удлиняется.",МЧС призывает к вежливости.,not_entailment,2,2,0.084
"Парень сознался в преступлении. У задержанного изъяли нож и сумку, которые он использовал при разбойном нападении. Выяснилось, что эти вещи он украл из дома в деревне Алексеевское.","Парень разбойничал, урожая украденным ножом.",entailment,3,3,0.0705
"Он прогулялся между рядов, затем схватил с полки бутылку недорогого коньяка.",Он пришел погулять между рядов.,not_entailment,0,0,0.0946
"Женщина успела закрыться в подсобном помещении, откуда вызвала полицию.",Женщина спряталась в подсобке.,entailment,3,3,0.0639
"После этого преступник скрылся, а женщина вызвала полицию.",Женщина обратилась за помощью в полицию.,entailment,3,3,0.059
"По предварительным данным, водитель иномарки не справился с управлением и вылетел на встречную полосу.",Иномарка вылетела на встречную полосу.,entailment,0,3,0.0686
"Когда эксперты огласили результаты, выяснилось – наиболее привлекательными для иностранных туристов стали наши кубанские курорты.",Кубань привлекает иностранных инвесторов.,not_entailment,0,5,0.1134
"Женщина сообщила, что стала жертвой обмана.",Женщина пожаловалась на жертву.,not_entailment,3,5,0.051
"""Владимир Путин поставил точку в вопросе о деньгах, ошибочно выделенных на восстановление домов, пострадавших от наводнения в Крымском районе Краснодарского края. Соответствующее заявление президент сделал на состоявшемся во вторник в Сочи совещании по выполнению поручений о ликвидации последствий наводнения. """"Чего не следовало делать, так это отбирать эти деньги у людей, потому что они же могли уже их истратить"""".""",Крымский район Краснодарского края пострадал от наводнения.,entailment,0,0,0.0975
"Я просто об этом даже не думаю, потому что если кто-то что-то захочет, никуда не спрячешься.",Я думаю только об этом.,not_entailment,0,5,0.0701
"К сожалению, барнаульцы не смогли взять реванш после первого досадного поражения 63:64. Во втором матче на площадке в составе хозяев появился Глеб Бейгельзимер, который не принимал участия в первой игре. Он давно знаком алтайским болельщикам, так как уже защищал цвета нашей команды.",Глеб Бейгельзимер уже защищал цвета нашей команды.,entailment,0,0,0.084
"""Как сообщил корреспондент """"Интерфакса"""", из метро """"Китай-город"""" двигалась большим потоком толпа, некоторые организованными группами, состоящими в основном из молодых людей. В одной из таких групп мужчины спрашивали друг у друга, куда им идти, и им ответили - на Ильинку, дом 5. Одна из шедших в сторону Гостиного двора женщина кому-то говорила по телефону о том, что она почти на месте и идет в конце, потому что с ней много людей.""",Корреспондент подробно рассказал о движении толпы.,entailment,0,0,0.0898
"Так что никто из ребятни не пострадал. Сам пожар случился из-за неисправной проводки. Сам автобус потушили, и огонь не успел перекинуться на топливный бак.",Автобус догорел.,not_entailment,3,5,0.0628
Таксист поблагодарил водителя трамвая за помощь.,Водитель трамвая помог таксисту.,entailment,2,2,0.0992
"Руки подсудимого были забинтованы и находились не за спиной, как это положено, а спереди. По просьбе мужчины наручники не зажали максимально плотно. Как только украинец был доставлен в суд, наручники сняли.",Подсудимый был украинцем.,entailment,0,0,0.0838
"Мероприятие прошло без инцидентов. По итогам акции был составлен административный протокол, так как количество участников превысило заявленное число.",Количество участников превысило заявленное число.,entailment,0,0,0.0642
"Женщину обвиняли в том, что она фиктивно ставила на учет иностранцев, регистрируя их в своей квартире. Как сообщили в облпрокуратуре, фактически она не собиралась предоставлять им жилье. Во время судебного процесса женщина свою вину признала, раскаялась и пояснила, что шла на преступления, поскольку ей требовались деньги.",Женщина предоставляла иностранцам регистрацию и жилье.,not_entailment,0,5,0.0698
"""По данным источника """"Интерфакса"""" в авиадиспетчерской службе, лайнеру не хватает топлива, чтоб долететь до пункта назначения. """,Лайнер полетит без топлива.,not_entailment,1,5,0.0786
"Напомним, акция «Полицейский Дед Мороз» проходит по всей стране.",Акция «Полицейский Дед Мороз» проходит в трех странах.,not_entailment,0,0,0.1079
"В противном случае отец ставил провинившихся на колени и читал им молитвы, а за более серьезные проступки избивал. Дети боялись идти домой после школы и часто приходили к маме на работу. Жена боялась сообщить об издевательствах мужа в полицию, поскольку он грозился убить ее.",Отец наказывал провинившихся работой в саду.,not_entailment,0,0,0.0772
"Как рассказали «Комсомольской правде» в пресс-службе администрации города, на том участке наконец появился светофор.",Светофора ждали долго.,entailment,2,5,0.0659
"Ипотека в структуре их кредитных портфелей достигла трети к концу прошлого года, что является историческим максимумом.",Треть их кредитных портфелей составила ипотека.,entailment,0,0,0.0994
"Инцидент произошел в Нижнекамске в ночь на субботу. В ЦРБ доставили 39-летнего мужчину с ножевым ранением в живот. Медики вызвали полицейских, так как было ясно, что на потерпевшего напали.",Мужчину ранили в голову.,not_entailment,1,5,0.0846
"На одной из остановок в автобус вошел мужчина, и на этом безмятежное путешествие для наших героинь закончилось.",Мужчина сел в автобус.,entailment,1,1,0.0864
"Была угроза того, что огонь перекинется на соседние дома.","Огонь был слишком слаб, чтобы перейти на стоящие рядом дома.",not_entailment,3,5,0.0689
"""При этом он затруднился сообщить, сколько времени может продлиться это отстранение. Сам Губерниев заявил радиостанции """"Эхо Москвы"""", что его отстранение от ведения футбольных программ не повлияет на работу на телеканале. """"Очень сложно меня отстранить от футбольных матчей, потому что я на них редко работаю"""".""",Губерниева отстранили на неопределенное время.,entailment,2,5,0.0723
"В квартире на 2 этаже находился 70-летний хозяин, когда неожиданно раздался громкий хлопок и погас свет. Оказавшись на кухне, мужчина увидел огонь. После попытки самостоятельно потушить пламя хозяин попытался выйти наружу, потому что из-за дыма стало нечем дышать.",Из-за дыма стало трудно дышать.,entailment,3,5,0.0629
"Областной главк полиции сообщает об очередной самарской торговой точке, в которой нарушали законодательство о розничной продаже алкоголя.",В Самаре нарушали законодательство о розничной продаже алкоголя.,entailment,0,0,0.0883
"Она сообщила, что ее сын подвергся избиениям со стороны других воспитанников. Его также облили кипятком. Мать утверждает, что в учреждении процветает дедовщина.",В учреждении процветает дедовщина.,not_entailment,0,5,0.0841
"Подсудимый, в свою очередь, в последнем слове, предоставленном ему судьей, попросил у родственников погибших и потерпевших прощения.",Подсудимый выступал в свою очередь.,entailment,1,1,0.0666
"В Кирове в полицию обратилась 63-летняя женщина, поскольку у нее из дома пропали ювелирные украшения. Браслет, три кольца и серьги пенсионерка оценила в 18 тысяч рублей. Точную дату пропажи украшений женщина не могла сказать, поскольку давно не проверяла место, где хранила золото, но она точно знала, что никто дверь в ее квартиру не взламывал, а значит вор был среди тех, кого пускали в гости.",У пенсионерки пропало золото.,entailment,2,2,0.0718
"""Военное руководство Египта выразило во вторник вечером готовность уйти от власти, если местные жители потребуют этого на референдуме. """"Армии не нужна власть. Она управляет страной, так как действует исключительно в интересах народа"""".""",Военное руководство Египта назвало условие своего отказа от власти.,entailment,0,4,0.0941
"Фотографии процесса демонтажа уже появились в социальных сетях, и, комментируя их, горожане спрашивают: что же будет построено на этом месте?",Горожане игнорируют фото демонтажа в соцсетях.,not_entailment,3,5,0.0646
"""""""В шествии приняло участие около 800 человек, серьезных правонарушений не зафиксировано"""", - сказал собеседник агентства. Он отметил, что в ходе акции были задержаны четверо граждан. """"Организаторы обратились к полицейским с просьбой о задержании, так как указанные лица не являлись участниками шествия"""", - пояснили в пресс-службе.""",На акции задержали четверых.,entailment,3,3,0.0658
"Разбив оконное стекло, преступник проник в помещение бани и вынес оттуда два электрических чайника и фонарь на общую сумму более 3500 рублей. По подозрению в совершении преступления был задержан 41-летний безработный, ранее уже привлекавшийся к уголовной ответственности. Задержанный пояснил, что в баню залез, потому что не было свидетелей, а похищенной техникой собирался пользоваться сам.",Вор проник в баню через окно.,entailment,0,5,0.0655
"""Президент РФ Дмитрий Медведев отметил, что стоимость новой радиолокационной станции в Калининграде существенно ниже, чем стоимость станций, которые строились в Советском Союзе. """"Стоимость строительства этой станции, не раскрывая каких-то цифр, она существенно ниже, чем аналогичные станции, которые строились в советские времена, включая действующие станции"""", - сказал президент РФ на совещании с Вооруженными силами РФ. Он подчеркнул, что это немаловажный вопрос, поскольку экономия средств - """"всегда крайне актуальная задача для министерства обороны"""".""","Президент сказал, что на строительстве новой радиолокационной станции удастся сэкономить деньги.",entailment,2,4,0.0938
"Женщина успела закрыться в подсобном помещении, откуда вызвала полицию.",Полиция сидела в подсобном помещении.,not_entailment,3,5,0.0656
"«Соответствующие российские ведомства занимаются этой темой, это не вопрос президента», - заявил Песков.","Песков заявил, что президент этой темой не занимается.",entailment,3,4,0.0822
"Пожарные приехали к дому в полдень, обнаружили очаг возгорания и начали тушить огонь.",Пожарные потушили пламя.,not_entailment,0,5,0.0566
"Их усилиями героями рекламы сайта бесплатных объявлений стали офицеры Северного флота. Сюжет ролика незамысловат и даже напоминает те, что сейчас крутят по нашему телевидению. Два рыбака сидят с удочками и решают, что им делать с холодильником, который находится тут же, в лодке на середине озера.",Рыбаки утопят в реке холодильник.,not_entailment,1,5,0.0798
"""Как сообщает МВД по Республике Татарстан, 19 февраля в отдел полиции """"Япеево"""" УМВД России по городу Казани был сопровожден для дачи показаний мужчина, подозреваемый в совершении кражи денег. При доставлении в отдел манера поведения и речь подозреваемого вызвали предположение, что он находится в состоянии наркотического опьянения. Так как состояние подозреваемого не позволяло его опросить, ему была вручена повестка с указанием времени прибытия в отдел полиции.""",Мужчина подозревается в краже денег.,entailment,3,3,0.0687
"Представители активной молодежи Саратовской области на пресс-конференции в «КП»-Саратов затронули важные темы для студенчества и молодежи. Говоря о развитии студенческого сообщества, региональный куратор ассоциации студенческих коммуникаций «Кампус» Дмитрий Горбунов подчеркнул, что их сообщество впервые появилось в регионе в этом году.",Студенческому сообществу Саратова меньше года.,entailment,0,5,0.0867
"""Роман Ле Карре уже однажды экранизировали в виде минисериала Джона Ирвина, но Томасу Альфредсону, снявшему удивившую многих историю про девочку-вампира """"Впусти меня"""",  было позволено сделать свою версию. Даром что исходный материал текстового первоисточника и режиссерская манера самого Альфредсона во многих неуловимых моментах оказываются удивительно схожи и попросту прекрасно совместимы. В самом сердце лондонской разведки грядут рядовые для любого учреждения перемены: кто-то уходит на пенсию, кого-то увольняют, кто-то уходит, потому что уходит любимый начальник, кто-то остается, с тем, чтобы просто продолжить свою работу.""",Роман Ле Карре - хороший писатель.,not_entailment,0,0,0.0963
"""""""И когда я узнал, какие там результаты в моей Москве, просто сегодня не мог не прийти"""", - отметил он. Чуть дальше стояла группа молодых людей с плакатами в виде """"диалогов"""" и надписью: """"Свобода выбора"""", """"Свобода должна быть не только в Facebook"""". """"Мы здесь, потому что мы против того, чтобы за нас кто-то что-то решал, хотим честности, справедливости, и чтобы нас услышали"""".""",У молодых людей были флаги.,not_entailment,0,0,0.0727
"По его словам, около 11:20 в северо-восточной части столицы пошел небольшой снег, который затем перерос в самую настоящую метель. Видимость на дорогах значительно снизилась, температура упала за короткий промежуток времени на два градуса. Так как земля по-прежнему сохраняет тепло, падающий снег моментально тает.",Снег сменился градом.,not_entailment,0,0,0.077
"Прокуратура поддержала ходатайство следователей и мужчину арестовали на два месяца. В ходе судебного заседания стали известны подробности преступления. Мотивом убийства, как выяснилось, стала ревность.",Мужчина убил из ревности.,entailment,2,4,0.0646
"Разбив оконное стекло, преступник проник в помещение бани и вынес оттуда два электрических чайника и фонарь на общую сумму более 3500 рублей. По подозрению в совершении преступления был задержан 41-летний безработный, ранее уже привлекавшийся к уголовной ответственности. Задержанный пояснил, что в баню залез, потому что не было свидетелей, а похищенной техникой собирался пользоваться сам.",Безработный вернул в баню фонарь и два электрочайника.,not_entailment,0,5,0.0683
"По словам задержанного, никого заранее он грабить не собирался, а общежитие зашел, чтобы согреться. Увидев золото, решил забрать украшения себе. После нападения вернулся домой, спрятал добычу, переоделся и отправился гулять.",Задержанный мечтал кого-нибудь ограбить.,not_entailment,0,5,0.077
"Ипотека в структуре их кредитных портфелей достигла трети к концу прошлого года, что является историческим максимумом.",Ипотека не достигла исторического максимума в кредитных портфелях.,not_entailment,0,5,0.0955
"Еще 30 машин расчищают тротуары. Эти цифры назвали в администрации города Кирова. Подрядчики активизировали вывоз снега, так как резкое похолодание, которое вскоре обещают синоптики, может ухудшить ситуацию на дорогах.",В Кирове идет сильный снегопад.,not_entailment,1,5,0.0829
"Так что никто из ребятни не пострадал. Сам пожар случился из-за неисправной проводки. Сам автобус потушили, и огонь не успел перекинуться на топливный бак.",В автобусе была неисправна проводка.,entailment,3,3,0.0645
"""""""В первую очередь это гарнизонная служба и все, что с ней связано. Туда же хотим включить дисциплинарные батальоны и военную автоинспекцию"""", - заявил он в интервью """"Российской газете"""", которое будет опубликовано в среду. По словам министра, в первую очередь будет создана структура, которая будет готовить военных полицейских, поскольку они должны обладать юридическими знаниями и организаторскими способностями.""",Будет создана структура подготовки военных полицейских.,entailment,3,4,0.074
"Это сделает стадион более доступным для людей с ограниченными физическими возможностями и маломобильных групп, отметили в Калининской управе. На встрече присутствовали представители общественных организаций, в том числе и Всероссийского общества инвалидов, специалисты департамента по спорту и молодежной политике, здравоохранения, управы. Проект был одобрен, так как соответствует всем требованиям.",На встрече были представители Всероссийского общества инвалидов.,entailment,2,2,0.1009
"Дорожную обстановку сегодня осложнили погодные условия. Всю ночь и утро валил снег, трассу не успели почистить. По предварительным данным, сначала дорогу не поделили две легковушки, затем в них въехала «Газель».",Пять машин попали в аварию.,not_entailment,0,4,0.0767
"В полицию города Остров обратилась женщина, которая пожаловалась, что стала жертвой мошенников.",Женщина наказала мошенников.,not_entailment,3,5,0.0714
"Женщину доставили в больницу, за ее жизнь сейчас борются врачи.",Женщину спасли врачи.,not_entailment,2,5,0.0817
"При проведении таможенного контроля авто в нем обнаружили товар, который соответствовал заявленным в документах весу и странам изготовления.","Товар в машине не совпадал с тем, что было написано в документах.",not_entailment,0,5,0.09
"""Верзилов отметил, что его жена в целом удовлетворительно оценивает условия, в которых сейчас находится. """"Она говорит, что достаточно мало видела, поскольку больница большая, но в целом она удовлетворена отношением сотрудников, наличием нормального оборудования"""".""",Жена Верзилова построила больницу.,not_entailment,0,0,0.0874
"Заметив приближающийся грузовой поезд, он залез на снежную насыпь на обочине, но поскользнулся и был смертельно травмирован железнодорожным вагоном.",Пострадавший попал под поезд.,entailment,0,4,0.0924
"В Ульяновскую область пришли снегопады, и в ближайшие дни, по сообщениям синоптиков, погода только ухудшится: к осадкам присоединятся резкое понижение температуры, метели и гололедица. Ульяновские госавтоинспекторы настоятельно советуют водителям воздержаться от поездок по области на личных автомобилях. Если вам все же придется выехать, то стоит придерживаться некоторых правил: быть внимательными на дорогах, так как видимость может ухудшиться, проявлять бдительность около остановок общественного транспорта и на «зебрах», не превышать скорость, тормозить заранее.",Ульяновскую область ждет хорошая погода.,not_entailment,2,5,0.076
"""""""Будем участвовать в выборах (главы Химок - ИФ). Мы уже часть документов собрали, через несколько дней подадим на регистрацию и будем собирать подписи"""", - заявил он """"Интерфаксу"""" в понедельник. По его словам, у него есть несколько идей для предвыборной кампании: """"Например, все посты в правительстве будут занимать немцы, потому что наши чиновники все воруют"""".""",Предстоят выборы главы республики.,not_entailment,0,5,0.0777
"Молодого человека, который явно только-только употребил наркотическое вещество, обнаружили в подъезде одного из домов.",Молодой человек явно был под кайфом.,entailment,2,3,0.08
"Они и решили выяснить, кто же из них лучше всех поет.",Кто-то из них лучше всех поет.,entailment,2,2,0.1136
"Он рассказал, что к нему в гости пришли его знакомая вместе с подругой и ее сыном.",Он рассказал о четырех гостях.,not_entailment,0,5,0.096
"""""""В нашей группе компаний идея объединенного чемпионата даже не обсуждалась. Может, где-то в курилке. Только я об этом не ведаю, поскольку не курю"""".""",Я курю только в курилке.,not_entailment,0,5,0.0909
"Модельер не явился за заседание суда, чтобы избежать встречи с журналистами и не попасть в объективы камер. Адвокаты обвиняемого ранее заявили о том, что Гальяно потерял над собой контроль из-за злоупотребления алкоголем и поэтому нагрубил посетителям. Один из адвокатов сказал, что его подзащитный не помнит, что происходило в баре, так как он был болен.","Гальяно не помнит, что происходило в баре.",not_entailment,0,5,0.0753
"""""""После инцидента 15 августа 2011 г. ко мне приезжал молодой человек со стороны Агафонова, он требовал видеозапись с камер наблюдения"""", - рассказал он. По его словам, угрожавший обещал """"всем устроить, так как побили хорошего человека"""". """"Я отказал, так как это могут требовать только правоохранительные органы"""", - сообщил Береговой.""","Береговой рассказал, как с него требовали видеозапись.",entailment,3,3,0.0634
"""Рыбаченко уехала из России еще летом 2012 года и в настоящее время живет в Эстонии, где намерена закончить университет. Как заявила Рыбаченко, ее отчислили после того, как в вуз пришли следователи. """"Я пытаюсь закончить образование, потому что четыре года я отучилась, и мне оставался один год, чтобы получить диплом"""".""",Рыбаченко отчислили из университета.,entailment,0,5,0.105
"В суде установили, что у ООО «Бежицкие маршрутные такси» есть лицензия и два договора с администрацией на перевозку пассажиров по маршруту «улица Молокова – Бордовичский водозабор», - говорится на сайте арбитражного суда Брянской области.",ООО «Бежицкие маршрутные такси» действует в Брянской области.,entailment,1,1,0.0814
"Это позволяет испаряться влаге на месте предполагаемой заплатки. В мэрии добавили, что такие кадры лучше всего отправлять непосредственно властям. Так как не всегда на данные работы выходят муниципальные подрядчики.",На месте предполагаемой заплатки не испаряется влага.,not_entailment,3,5,0.0693
"""Отвечая на вопросы журналистов о возможной отмене нормы закона об обязательном наличии бесплатного дублера при строительстве платных дорог, вице-премьер подчеркнул, что """"это дискуссионная тема, которая была предложена экспертами"""". """"В правительстве пока осторожно относятся к данному предложению, которое нуждается в детальном изучении"""", - заявил Шувалов. По данным социологического исследования, вопрос платных автомобильных дорог большую часть россиян не волнует, так как они не имеют машин, а среди тех, у кого она есть, каждый пятый не намерен пользоваться такими трассами.""",У каждой платной дороги обязательно будет бесплатный дублер.,not_entailment,3,3,0.0817
"Он обвинялся в убийстве жены, сообщается в пресс-службе областной прокуратуры.",Он не мог убить жену.,not_entailment,3,5,0.0676
"По данным следствия, в июне прошлого года в подъезде одного из домов по улице Отрадной обвиняемый избил свою бывшую супругу и сломал ей палец.",Обвиняемый сломал палец бывшей супруге.,entailment,0,0,0.0718
"Однажды вечером, употребив алкоголь, товарищи решили отправиться в Нижний Новгород и вызвали такси, заранее решив не платить за услугу. С собой они взяли свою подругу. Но просто доехать бесплатно мужчинам показалось мало – они стали угрожать таксисту ножом, чтобы заставить его отдать им всю выручку. Водитель получил несколько царапин на лице, шее и руке и, опасаясь за свою жизнь и здоровье, предпочел покинуть автомобиль.",У пьяных мужчин было огнестрельное оружие.,not_entailment,0,0,0.0803
"Это во-первых. А во-вторых, квартира оказалась с многочисленными дефектами. Владелица пригласила эксперта, и тот составил целый список: стены нужно выравнивать и красить, обои – менять, керамическую плитку в ванной и туалете – перекладывать.",Квартира не требовала ремонта.,not_entailment,0,5,0.0894
"Пассажиры жалуются на то, что отсутствуют последние рейсы, в салонах грязь и холод, водители курят, не покидая салона, и проезжают мимо остановок, экипажи не помогают инвалидам попасть в салон.",Пассажиры жалуются.,entailment,0,0,0.0785
"И лично я считаю, что в Россию начнется приток инвестиций после выборов в марте. Но этот уникальный шанс нужно реализовать. Потому что есть неэффективность в компаниях, отраслях.",После выборов ожидается приток инвестиций в Россию.,entailment,0,1,0.0893
"По предварительным данным, смерть наступила в результате отравления продуктами горения, а причиной возгорания явилось неосторожное обращение с огнем во время курения в состоянии алкогольного опьянения, - говорится в сообщении.",В результате пожара погибло шесть человек.,not_entailment,0,0,0.0651
"""""""Википедия"""" пишет, что это был период избирательной президентской кампании в России, а Макфол тогда занимался изучением избирательных технологий. Как писал один из коллег Макфола, он поначалу хотел отклонить приглашение Коржакова, который в то время входил в предвыборный штаб Ельцина. Однако приятель посоветовал ему принять приглашение, поскольку последствия отказа были бы намного хуже.""",Коржаков входил в предвыборный штаб Макфола.,not_entailment,3,5,0.0764
"Как сообщает пресс-служба региональной прокуратуры, в сентябре прошлого года житель Московского района был привлечен к административной ответственности за неуплату алиментов.",За неуплату алиментов мужчину привлекли к административной ответственности.,entailment,2,2,0.0935
"Исследователи отмечают, что такое развитие ситуации может во много раз увеличить в море содержание ртути.","Если ситуация будет развиваться в том же направлении, в море станет больше ртути.",entailment,0,4,0.0937
"Как рассказали в краевой полиции, в сентябре женщина нашла на интернет-сайте объявление о продаже породистых щенков и связалась с продавцом из другого города.",Женщину привлекло объявление о продаже щенков.,entailment,2,2,0.0963
"""20 января пострадавшая в результате расстрела семейной пары грибников Ольга Борщева рассказала журналистам, что полностью удовлетворена вердиктом Рязанского областного суда и обжаловать приговор не собирается. Женщина рассказала, что испытала чувство облегчения, когда поняла, что долгий судебный процесс закончился, а убийцы ее мужа понесут заслуженное наказание. Также она сообщила, что полностью восстановилась после ранения и физически чувствует себя хорошо: """"Правда, накануне суда я совсем не спала, так как была на дежурстве и сразу после него пришла на заседание"""".""",В грибников кидали бумажками.,not_entailment,0,0,0.0917
"На одной из остановок в автобус вошел мужчина, и на этом безмятежное путешествие для наших героинь закончилось.",Мужчина сошел с автобуса.,not_entailment,1,4,0.0824
"""Количество участников акции протеста """"Захвати Уолл-стрит"""", которые на протяжении нескольких недель не покидают небольшой парк недалеко от Уолл-стрит, превысило 600 человек, сообщает в пятницу британская газета Guardian. Полиция приказала демонстрантам покинуть парк, чтобы в нем можно было провести уборку, необходимую из-за продолжительного пребывания здесь палаточного городка и связанной с этим антисанитарии. Однако демонстранты не собираются выполнять требование полиции, поскольку считают его отговоркой для разгона акции протеста.""",Демонстранты подчинились требованиям полиции.,not_entailment,0,0,0.0786
"К сожалению, барнаульцы не смогли взять реванш после первого досадного поражения 63:64. Во втором матче на площадке в составе хозяев появился Глеб Бейгельзимер, который не принимал участия в первой игре. Он давно знаком алтайским болельщикам, так как уже защищал цвета нашей команды.",Команда Барнаула выиграла.,not_entailment,0,5,0.0776
"В Воронежской области задержали молодого человека, который угнал авто по необычным причинам.",Молодой человек угнал авто по необычным причинам.,entailment,0,0,0.085
"На место происшествия тут же выехали сотрудники полиции, однако вскоре выяснилось, что что заявление ложное.",Обещанного происшествия не было.,entailment,3,5,0.0828
"""При этом он затруднился сообщить, сколько времени может продлиться это отстранение. Сам Губерниев заявил радиостанции """"Эхо Москвы"""", что его отстранение от ведения футбольных программ не повлияет на работу на телеканале. """"Очень сложно меня отстранить от футбольных матчей, потому что я на них редко работаю"""".""",Губерниева отстранили на год.,not_entailment,0,0,0.0738
"""Патриарх Московский и всея Руси Кирилл призвал священников не участвовать в ток-шоу и не стремиться к """"мнимой популярности"""" в социальных сетях. """"Не дай Бог нам, людям церковным, соблазниться мнением о нас в блогах или даже в СМИ. Потому что, поступив так единожды, мы попадаем в ловушку и начинаем делать все, для того чтобы поддерживать сложившийся рейтинг"""".""",Патриарх Московский и всея Руси Кирилл призвал священников отказаться от участия в ток-шоу.,entailment,0,0,0.0963
"Инцидент произошел в Нижнекамске в ночь на субботу. В ЦРБ доставили 39-летнего мужчину с ножевым ранением в живот. Медики вызвали полицейских, так как было ясно, что на потерпевшего напали.",На потерпевшего напали.,entailment,1,1,0.0852
"После этого мужчина развернулся и поспешно покинул здание вокзала. Стражам порядка такое поведение показалось подозрительным, и они задержали мужчину. При личном досмотре, выяснилось, что у него в нагрудном кармане лежат семь патронов.",Мужчина поспешил покинуть вокзал.,entailment,0,0,0.0817
"Так как у мужчины не было постоянного заработка, ему пришлось взять кредит в банке.",Мужчина взял два кредита в банке.,not_entailment,0,0,0.0869
"Он пройдет в рамках четвертого городского фольклорного фестиваля «Мудрость православия - в традициях народной культуры», сообщает Брянская городская администрация.",В Брянске пройдет очередной фольклорный фестиваль.,entailment,1,3,0.1087
"Водителю отомстили моментально. Мусорными пакетами закидали крышу, капот авто, а также повесили один мешок на дворник, расположенной на заднем стекле. И, надо сказать, пользователи поддержали тех, кто наказал водителя.",Водителя засыпали мусором.,entailment,2,2,0.0759
"«Министерство сегодня вызвало российского посла, чтобы повторить свой протест. Встречи между парламентариями – важная составляющая политических контактов», - приводятся слова главы МИД Бёрге Бренде. Он добавил, что отказ в визах вызывает сожаление, так как визит мог бы способствовать укреплению двусторонних отношений.",Визит мог бы способствовать укреплению двусторонних отношений.,entailment,0,0,0.0765
"Победу в гонке одержали норвежские спортсмены, тройку лучших замкнули немцы.",Норвежцы оказались лучшими гонщиками.,entailment,1,1,0.0937
"И хотя первая неделя января приходится на нерабочие и праздничные дни, ее доставка будет идти по графику.",Доставка пройдет согласно графику.,entailment,1,3,0.0998
"Их стоит запускать в подъезды, офисы и магазины. Желательно также кормить животных. Собаки, а тем более кошки не смогут на улице пережить холод, когда температура воздуха опускается ниже -30 градусов.","Домашние животные не смогут на улице пережить холод, когда температура воздуха опускается ниже -30 градусов.",entailment,3,5,0.0821
"Организацией данной акции для малышей, которые остались без родительской заботы, занимается профсоюзный комитет студентов ТОГУ, - рассказали в пресс-центре ТОГУ.",Это акция для ребят из детского сада.,not_entailment,1,3,0.1045
"Пострадавшему была оказана своевременная медицинская помощь и на данный момент он лечится дома. Латвийской полиции удалось задержать подозреваемого в нападении на таксиста. Оказалось, что пассажир ударил таксиста ножом в шею, так как не мог оплатить поездку.",Пострадавший лечится дома.,entailment,0,0,0.0941
"Деньги поступят из федерального бюджета в рамках приоритетного проекта «Формирование комфортной городской среды», сообщают в Брянской городской администрации.",Из федерального бюджета выделят деньги.,entailment,2,2,0.0892
"В ходе расследования были установлены и задержаны пятеро подозреваемых в преступлении - жители Куйбышевского и Кировского районов Самары. Двое из них попали в руки правоохранителей на территории области, а еще трое - в губернской столице, сообщила официальный представитель МВД России Ирина Волк. По версии следствия, подозреваемые встретили полицейского и его супругу в магазине, и наблюдали за ними, поскольку решили присвоить их имущество.",Подозреваемые решили отдать свое имущество полицейским.,not_entailment,1,5,0.0717
"По словам представителя правительства Германии Штеффена Зайберта, новый американский лидер Дональд Трамп пригласил главу немецкого правительства в Вашингтон в ходе состоявшегося между ними в минувшую субботу телефонного разговора.","Есть информация, что в субботу Трамп по телефону пригласил главу немецкого правительства в Вашингтон.",entailment,1,1,0.0912
"Со стороны пр. Ленина городок обрамляют ледяные горы и деревья с подсветкой. От заливки катка пришлось отказать, так как площадь с уклоном.",Рядом с городком есть деревья с подсветкой.,entailment,1,1,0.0804
"Была угроза того, что огонь перекинется на соседние дома.",Огонь мог перейти на стоящие рядом дома.,entailment,3,3,0.0623
"""""""Я всегда мечтал играть за """"Барс"""", ничего не изменилось. Я счастлив быть здесь и даже не думаю об уходе. Я не просил о продлении контракта, потому что и так хочу здесь остаться"""".""","""Я устал играть за """"Барс"""".""",not_entailment,2,5,0.0859
"По его словам, после ухода с поста президента он пока не собирается занимать какие-нибудь государственные должности, будет проводить больше времени с семьёй, но и насовсем уходить из политики тоже не намерен.","Бывший президент надеется, что будет проводить больше времени с семьёй.",entailment,2,2,0.0901
"Чиновники обещают, что все бригады будут функционировать в круглосуточном режиме «Повышенной готовности».","Все будет именно так, как обещали чиновники.",not_entailment,2,5,0.0672
"Сорокалетнего мужчину задержали прямо в подъезде, в тот момент, когда он выходил из лифта.",Сорокалетнего мужчину не поймали.,not_entailment,0,5,0.087
"Экспертиза также подтвердила, что права ненастоящие. Впоследствии водитель признался, что приобрел удостоверение через интернет в Туле несколько лет назад. Раньше предъявлять документ полицейским ему не приходилось, так как за руль он садится крайне редко.",Экспертиза признала права фальшивыми.,entailment,3,3,0.0786
"Как сообщил источник в правоохранительных органах, начальник полиции уже подал рапорт о своем увольнении.",Источник сообщил о решении начальника полиции.,entailment,3,3,0.0828
"Водителя легкового автомобиля госпитализировали в реанимационное отделение районной больницы. У него взяли кровь на анализ. Отметим, что место происшествия очагом аварийности не является.",После произошедшего водитель попал в реанимацию.,entailment,2,2,0.05
"""""""Я тоже хотел продолжения. Но правила есть правила"""", - заявил Кличко-старший на пресс-конференции после боя, состоявшегося ночью в воскресенье в Москве. """"Рад, что отстоял титул, но, к сожалению, не так, как хотелось бы"""".""",Правила помешали Кличко насладиться продолжением.,entailment,1,4,0.0832
"В противном случае отец ставил провинившихся на колени и читал им молитвы, а за более серьезные проступки избивал. Дети боялись идти домой после школы и часто приходили к маме на работу. Жена боялась сообщить об издевательствах мужа в полицию, поскольку он грозился убить ее.",Отец наказывал провинившихся молитвами.,entailment,0,0,0.0744
"""Как заявляли в октябре представители нигерийских властей, судно зашло в территориальные воды Нигерии без разрешения, тем самым нарушив местное законодательство. В Moran Security """"Интерфаксу"""" заявили, что считают задержание корабля необоснованным. """"Мы считаем этот арест необоснованным, потому что о заходе судна в порт было известно заранее"""".""",Судно вошло в акваторию Нигерии.,entailment,0,0,0.0866
"Министр по вопросам Brexit Дэвид Дэвис призвал коллег-депутатов не вставлять палки в колеса премьер-министру и закончить рассмотрение как можно более оперативно, чтобы начать переговоры до конца марта этого года, передает ТАСС.",По вопросам Brexit есть отдельный специальный министр.,entailment,0,0,0.111
"Мужчина окунулся в бассейн, где у него прихватило сердце.","Когда мужчина окунался, у него остановилось сердце.",not_entailment,1,5,0.0948
"Наполитано подтвердил, что отставка Берлускони ожидается после принятия парламентом Италии пакета антикризисных мер.",Парламент Италии готовится принять пакет антикризисных мер.,entailment,2,2,0.0973
"Когда внедорожник тронулся, то без труда вырвал бензоколонку с корнем.",Внедорожник поехал.,entailment,1,1,0.0939
"""""""Это наши русские часы, недорогие часы с гербом - маленькие, аккуратные часы"""", - процитировал патриарха В.Соловьев, делясь в эфире радио """"Вести FM"""" впечатлениями о встрече с ним. По словам Соловьева, когда предстоятель увидел ту фотографию, он очень удивился. """"Потому что, когда мы надеваем одеяние для службы, часы невозможно надеть, невозможно носить часы"""".""",В.Соловьев встретился с патриархом на горе Афон.,not_entailment,1,3,0.0907
"К спасательной операции подключились силы Национальной гвардии США и дополнительные полицейские подразделения. На грузовиках они подвезли провиант и воду в районы у восточных склонов Скалистых гор, которые в данный момент оказались полностью блокированы в результате разлива рек. Работы осложняются, так как многие дороги оказались непроходимы из-за оползней, спровоцированных разливом воды.",В Европе наводнение.,not_entailment,0,0,0.0656
"Ноябрь и часть декабря удивили сильными морозами, но сейчас погода стабилизировалась и будет тепло.",Сейчас погода начнет удивлять еще больше.,not_entailment,2,5,0.0641
"""""""Я тоже хотел продолжения. Но правила есть правила"""", - заявил Кличко-старший на пресс-конференции после боя, состоявшегося ночью в воскресенье в Москве. """"Рад, что отстоял титул, но, к сожалению, не так, как хотелось бы"""".""","Кличко сказал, что хотел продолжения.",entailment,1,1,0.0855
"""Думаю, что большинство желающих стать депутатами от нашей партии уже выразили это желание на этапе праймериз. Предварительные выборы, кстати, оказались очень эффективной процедурой. Потому что у человека появляется возможность не только выразить свое желание стать депутатом, но и проверить себя, что называется, """"в поле"""".""",Предварительные выборы оказались эффективной процедурой.,entailment,1,1,0.0636
"Когда потерпевшая не обнаружила свою норковую шубу в раздевалке, она обратилась в отдел полиции.",Потерпевшая искала свою шубу в раздевалке.,entailment,0,0,0.0851
"Женщина сообщила, что стала жертвой обмана.",Женщина пожаловалась на обман.,entailment,3,3,0.0492
"В день президентских выборов американские избиратели отдают свои голоса выборщикам, которые назначаются партийными съездами на уровне штатов, их количество определяется числу представителей каждого штата в конгрессе (сенате и палате представителей). Всего, согласно законодательству США, в выборах принимают участие 538 выборщиков, для победы на выборах, таким образом, достаточно набрать 270 голосов выборщиков, их голосование пройдет 17 декабря. Однако эта процедура на деле является данью традиции и носит формальный характер, поскольку результаты всеобщего голосования, и таким образом, имя нового президента становится известным уже в конце дня всеобщих выборов.",538 выборщиков организуют всенародные выборы в США.,not_entailment,1,5,0.0812
"Прибывшие полицейские обнаружили, что неизвестный почти не оставил следов своего пребывания в доме.",Следов неизвестного в доме было мало.,entailment,3,3,0.0677
"По одной из версий он выехал на полосу встречного движения, где столкнулся с автокраном.",На самом деле он столкнулся с автокраном именно на полосе встречного движения.,not_entailment,0,5,0.0787
"""""""Я вместе с другими адвокатами с 13:00 нахожусь у СИЗО """"Лефортово"""" и пытаюсь пройти к своему доверителю Развозжаеву. Некоторое время назад к нам вышел заместитель начальника изолятора, который сообщил, что созвонился со следователем и тот дал ему указание не пускать к Развозжаеву адвокатов, так как они не допущены к делу"""", - сообщила """"Интерфаксу"""" защитница Виолетта Волкова. По ее словам, это абсолютно незаконно, так как в материалах дела есть ее ордер.""","""""""Интерфакс"""" не дозвонился до Виолетты Волковой.""",not_entailment,0,5,0.0692
"По словам представителя правительства Германии Штеффена Зайберта, новый американский лидер Дональд Трамп пригласил главу немецкого правительства в Вашингтон в ходе состоявшегося между ними в минувшую субботу телефонного разговора.","Есть информация, что в субботу Трамп был в Германии.",not_entailment,1,5,0.09
"На пресс-конференции о итогах встречи Нового года и Рождества сотрудники МЧС озвучили статистику происшествий. - В Саратовской области нет ледовых переправ, поэтому выезжать на лед на транспортном средстве категорически нельзя, - сказал начальник отдела обеспечения безопасности людей на водных объектах службы МЧС области Роман Сулейманов. - Даже на велосипедах, потому что это тоже - транспорт.",В Саратовской области выезжать на лед категорически нельзя даже на велосипедах.,entailment,2,5,0.0859
"""В Воронежской области задержали молодого человека, который угнал авто по необычным причинам.""",Молодой человек угнал грузовик.,not_entailment,2,2,0.092
"Как сообщает официальный сайт правительства региона, участниками турнира стали семь команд.",В турнире будут участвовать спортсмены из правительства региона.,not_entailment,3,4,0.0821
"""Космонавты очередной экспедиции на МКС с трудом перешли на """"перевернутый"""" режим, когда спать приходится днем, а бодрствовать ночью, сообщил командир корабля """"Союз ТМА-08М"""" Павел Виноградов. """"На нас отразились первые два-три дня, когда мы """"переворачивались"""" (меняли распорядок - ИФ). Но больше всего это отразилось на оперативной группе, потому что они смотрели за нами и когда мы спим, и когда мы бодрствуем.""","Оперативная группа смотрела за космонавтами и когда они спали, и когда бодрствовали.",entailment,2,5,0.1018
"В Сомали в прошлом году было потрачено 120 млн. долларов, и мы кормили  более 1 млн. человек, так как там происходили и конфликты, и стихийные бедствия.","В Сомали происходили и конфликты, и стихийные бедствия.",entailment,0,0,0.0872
"""""""Все три птицы чувствуют себя хорошо, ведут себя спокойно и уверенно, - сообщают в Ленинградском зоопарке. - Самки и самец расположились в соседних вольерах, но между ними проложили небольшой проход. Места там хватит, чтобы самки могли пройти, а вот самец уже не поместится"""".""",В Ленинградском зоопарке три птицы этого вида.,entailment,0,0,0.0726
"Общественный резонанс получил и традиционный Парад Памяти. -Этим парадом мы напомнили россиянам роль Самары в годы Великой Отечественной войны. Это важно, потому что имидж региона работает на его жителей, - уточнил губернатор.",Имидж региона редко работает на его жителей.,not_entailment,0,5,0.0763
"""По словам Касима Джамаля Сулеймана, руководителя правительственной комиссии по расследованию произошедшего, все """"мученики"""" были выходцами из """"мирных семей, которые никогда не участвовали в вооруженной борьбе с государством"""". """"Они были не согласны с вооруженными группировками, это подтверждает, что у последних был интерес и цель для убийств"""", - сказал Сулейман, добавив, что все погибшие умерли от пуль и """"острых предметов"""", а не от артиллерии. Он также отметил, что правительственные войска не входили в Хулу во время бойни, поскольку пострадавшие районы находятся вдали от их позиций.""","""У """"мучеников"""" были пули и острые предметы.""",not_entailment,0,5,0.0803
"""Руководству РГТЭУ предстоит в максимально сжатые сроки провести реорганизационные мероприятия и дать возможность студентам и преподавателям полноценно учиться и работать в одном из ведущих экономических вузов страны"""", - сказал Ливанов. Студенты РГТЭУ бастовали две ночи подряд - с 18 по 20 декабря против того, что их вуз попал в список вузов с признаками неэффективности. Забастовка была прекращена, поскольку у студентов появилась надежда, что с ситуацией разберутся в руководстве государства.""","Студенты РГТЭУ две ночи подряд бастовали против того, что их вуз попал в список вузов с признаками неэффективности.",entailment,0,5,0.089
"Водителю отомстили моментально. Мусорными пакетами закидали крышу, капот авто, а также повесили один мешок на дворник, расположенной на заднем стекле. И, надо сказать, пользователи поддержали тех, кто наказал водителя.",Водителя наказали мусорными пакетами.,entailment,2,5,0.0751
"Мы считаем этот арест необоснованным, потому что о заходе судна в порт было известно заранее.","Арест, несомненно, был необоснованным.",not_entailment,0,5,0.0891
"""Также ребята, в рамках акции """"Студенческий десант"""", узнали о комплексе """"Безопасный город"""", и задали стражам порядка вопросы.""",Ребята задали стражам порядка вопросы.,entailment,1,1,0.0788
"Мужчина пришел в один из супермаркетов областной столицы, взял с полок продукты питания и направился к кассе.",Мужчина пришел ограбить супермаркет.,not_entailment,1,5,0.0948
"Областной главк полиции сообщает о том, что в регионе проходит операция «Гражданин – Оружие».",Главк полиции сообщил об обнаружении оружия.,not_entailment,2,4,0.0797
"Стало известно, где собираются отмечать праздник Крещения Господня первые лица региона.",Первые лица региона отметят Крещение.,entailment,1,1,0.0928
"И речь тут идет далеко не о бокале вина, а большом количестве алкоголя, что нередко приводит к плачевным последствиям.",Бокал вина всегда приводит к плачевным последствиям.,not_entailment,1,5,0.0921
"Огонь удалось потушить через восемь минут. Есть пострадавший. Также одна часть дома сгорела, вторая выгорела.",Вторая часть дома выгорела.,entailment,1,3,0.0596
"Как сообщает Государственная инспекция труда, водитель подготавливал дежурный автомобиль.",Водитель уже подготовил дежурный автомобиль.,not_entailment,3,4,0.0761
"Потом обманутую женщину настигли сомнения, и она обратилась в полицию. Сейчас следователи выясняют, была ли задержанная по этому делу причастна к другим подобным преступлениям. Если вы тоже стали жертвой этой женщины, обратитесь в полицию.",Обманутую женщину задержали.,not_entailment,3,5,0.0638
"На него завели уголовное дело, - рассказали «Комсомольской правде»-Саратов в областной прокуратуре.",На него завели уголовное дело в «Комсомольской правде»-Саратов.,not_entailment,0,5,0.0783
"В одном из интернет-магазинов она заказывала продукты. Спустя пару дней после получения товара ей позвонил неизвестный, который представился сотрудником отдела обслуживания клиентов интернет-магазина и поинтересовался качеством купленного товара. Женщина ответила, что продукты ей не понравились.",Женщина заказывала продукты в соседнем городе.,not_entailment,0,0,0.0774
"Как рассказали в краевой полиции, еще летом прошлого года молодой человек за денежное вознаграждение осуществил фиктивную постановку на учет шести иностранных граждан, указав в месте пребывания свой дом. В действительности граждане в этом жилом помещении не проживали. Обвиняемый объяснил, что решился на преступление, так как не имел постоянно работы и нуждался в деньгах.",Парень осуществил фиктивную постановку оперы.,not_entailment,1,1,0.0803
"""В момент совершения преступления был одет во все черное. """"Его приметы: был одет в синюю куртку фирмы """"Найк"""", серые спортивные штаны, черную вязаную шапку, волосы до плеч"""", - отмечает пресс-служба ведомства. Сотрудники полиции просят горожан не выходить на улицу, так как в городе проходит спецоперация.""",В городе проходит спецоперация.,entailment,0,0,0.0628
"А причина в том, что на всю зиму эти зверьки впадают в спячку. Но 8-месячному сурку Федору - новому обитателю ярославского зоопарка - в мороз приходится бодрствовать. - Мы приняли решение не вводить его в спячку, так как он не набрал нужных запасов жира и ему сложно будет пережить длительный период голодания, - пояснили в зоопарке.",Сурки впадают в спячку на зиму.,entailment,0,0,0.1046
"Была угроза того, что огонь перекинется на соседние дома.",Огонь угрожал перекинуться на соседние дома.,entailment,3,3,0.0598
"""Он добавил, что поскольку письмо было оформлено с нарушениями, оно отправлено заявителю для устранения """"недостатков"""".""",Письмо было оформлено с нарушениями.,entailment,0,0,0.0816
"Вину женщина признала частично признала. Мотивом к совершению преступлений была ревность. Похищенные вещи обвиняемая считала своими, так как они были куплены на ее деньги, - рассказали в пресс-службе областной прокуратуры.",Женщина украла вещи.,entailment,3,5,0.0575
"Группа вооруженных до зубов бандитов обстреляла здание прокуратуры мексиканского штата Кинтана-Роо в курортном городе Канкун, убиты как минимум три человека, еще несколько ранены. Как сообщает местное издание Excelsior, преступники подъехали на мотоциклах и открыли огонь по зданию, охрана прокуратуры вступила с ними в перестрелку. Из-за стрельбы пожарным пришлось срочно эвакуировать людей из расположенного рядом магазина, потому что шальная пуля попала в цистерну с газом, была опасность взрыва.",В Канкуне обстреляно здание прокуратуры.,entailment,1,1,0.0901
"Во избежание несчастных случаев ГУ МЧС России по ЯНАО обращается к населению с предупреждением и рекомендациями и советует изучить методы оказание первой медицинской помощи при обморожении. При низких температурах воздуха рекомендуется без необходимости не выходить на улицу, избегать пребывания даже домашних животных, без особой необходимости не покидать приделы населенных пунктов. Поскольку период действия низких температур может длиться несколько дней, нужно заблаговременно создать в доме запас продовольствия, приготовить источники аварийного освещения.",ГУ МЧС России по ЯНАО рекомендует населению готовиться к холодам и изучать первую помощь при обморожении.,entailment,2,5,0.0869
"Речь в ней идет о нарушении правил дорожного движения, которое по неосторожности водителя повлекло смерть двух и более человек.",По неосторожности водителя погибли двое.,not_entailment,0,5,0.0794
"Испания, Италия, Греция, Франция, Португалия и Тунис раскроют чарующие ароматы своей кухни. Популярность средиземноморских блюд сегодня объясняется, прежде всего тем, что жители стран Средиземноморья менее подвержены риску сердечно-сосудистых заболеваний, реже страдают от избыточного веса, повышенного давления, диабета. Это обусловлено, прежде всего, обильным употреблением в пищу свежих овощей и фруктов, блюд из зерновых культур и умеренного количества мяса и рыбы, так как жиры поступают в организм в основном из оливкового масла.",Жители Средиземноморья реже стредают от диабета.,entailment,0,0,0.1112
"""Трудовые мигранты - и проблема, и надежда России, заявил президент России Дмитрий Медведев в субботу в ходе общения с региональными журналистами. По его словам, для некоторых городов мигранты """"это действительно большая проблема, особенно для относительно небольших городов, где поток мигрантов может просто разрушить трудовой баланс, и за этим нужно следить"""". ""","Медведев не нашел слов, говоря о мигрантах.",not_entailment,1,1,0.0798
"Замоскворецкий суд Москвы постановил провести комплексную экспертизу по делу против чемпиона мира по боевому самбо Расула Мирзаева, который нанес 19-летнему Ивану Агафонову удар, ставший смертельным. Вопрос о проведении новой экспертизы был поставлен председательствующим на процессе судьей. Сторона потерпевших согласилась с необходимостью провести новое исследование, поскольку увидела противоречия в предыдущих.",Чемпион мира по боевому самбо Расул Мирзаев нанес 19-летнему Ивану Агафонову смертельный удар.,entailment,2,4,0.0942
"Против мужчины, который во вторник угрожал ножом водителю медицинского транспорта, возбудили уголовное дело.",Во вторник мужчина угрожал ножом водителю медицинского транспорта.,entailment,0,0,0.0823
"Недавно здесь, у пересечения с улицей Трудовой, построили многоквартирный дом, а за конструкцией в виде парусника «прячется» детская площадка.",На Трудовой улице построили многоквартирный дом.,not_entailment,0,0,0.0958
"В ограблении кафе на Ладожском вокзале пострадала несовершеннолетняя девушка, которая была здесь на стажировке.",Стажерка пострадала во время ограбления.,entailment,1,5,0.0921
На Ура_губу в этом году приехало 15 человек.,На Ура_губу в следующем году приедет 15 человек.,not_entailment,0,0,0.1045
"""Сегодня около двух часов дня очевидцы заметили, как некий мужчина перелез через ограду """"горбатого"""" моста.""","""Некий мужчина перелез через ограду """"горбатого"""" моста.""",entailment,1,1,0.101
"""""""Но работа его команды - это просто смешно"""", - заявил украинец. """"Все их заявления только показывают, что они снова не относятся серьезно к ситуации. Меня это беспокоит, потому что я теряю время"""".""",Украинец назвал работу его команды смешной.,entailment,0,0,0.0952
"Когда на место приехали сотрудники полиции, они составили описание со слов свидетельницы.",Полицейские составили описание со слов свидетельницы.,entailment,2,2,0.074
"Напомним, трое слуг народа выдвинули инициативу отмены прямых выборов мэра.",Трое депутатов хотят отменить прямые выборы мэра.,entailment,3,3,0.0812
"О стихах Галины Колесниковой говорить легко и трудно. Легко – потому что это истинная поэзия, идущая от сердца к сердцу. Трудно – потому что автор особенный, пребывающий в поэтической зрелости.","Галина Колесникова - автор особенный, пребывающий в поэтической зрелости.",entailment,3,3,0.083
"Женщина же успела позвонить матери и брату с просьбой о помощи. Однако супруг не унимался и продолжал защищать жену от «злых сил». Когда же они покинули дом, оказалось, что женщина не подает признаков жизни.",Женщина звала на помощь мать и брата.,entailment,3,3,0.0761
"То есть в этой области у нас была большая экспертиза. Начали мы с России. Но очень быстро к нам пришли зарубежные компании, которые сказали, что хотят именно нас пригласить в инвесторы, потому что у нас есть экспертиза и обширные международные связи в облачной индустрии.","У нас экспертиза, очень большая экспертиза.",entailment,0,0,0.0852
"В дежурную часть полиции поступило сообщение из продуктового магазина по улице Мира о том, что покупатель украл товар из торгового зала и скрылся.",Покупатель оказался воришкой.,entailment,1,1,0.0757
"""Экспорт иранской нефти составляет 2,280 млн баррелей в сутки. Между тем, в воскресенье министр нефтяной промышленности Исламской республики Ростам Гасеми заявил журналистам, что Иран готов противостоять нефтяному эмбарго, введенному Евросоюзом. """"Введение нашими врагами санкций не является проблемой, они не возымеют никакого эффекта, поскольку правительство приняло необходимые меры и полностью готово к противодействию"""", - сообщил он.""","Из Ирана вывозят 2,280 млн баррелей нефти в сутки.",entailment,0,0,0.1095
"""Как передает корреспондент """"Интерфакса"""", на данный момент истекли три часа, данные присяжным для принятия единодушного вердикта. В настоящее время началась процедура голосования. В случае если голоса присяжных разделятся поровну, вердикт будет считаться оправдательным, так как непреодолимые разногласия трактуются в пользу обвиняемого.""",Присяжные придут к единому мнению.,not_entailment,0,5,0.0761
"Каждый день дежурные корреспонденты будут рассказывать о том, что происходит в городе и регионе.",В городе много корреспондентов.,not_entailment,0,0,0.0985
"На них горожане могут купить хвойные деревья и лапник, пишет пресс-служба администрации.",Горожане купили хвойные деревья и лапник.,not_entailment,3,5,0.0746
"Она всегда знала, что тот хранил свои сбережения в металлическом ящике, а ключи от него - в серванте. Вот однажды она решила взять деньги себе - и потратила. Вскоре обман раскрылся, женщина во всем призналась.",Она вытащила деньги из металлического ящика.,entailment,2,2,0.0777
"Экспертиза также подтвердила, что права ненастоящие. Впоследствии водитель признался, что приобрел удостоверение через интернет в Туле несколько лет назад. Раньше предъявлять документ полицейским ему не приходилось, так как за руль он садится крайне редко.",Фальшивым правам было несколько лет.,entailment,3,5,0.0775
"Но после того, как первый корпус уронили, его решили заменить вторым.",Первый корпус уронили.,entailment,0,0,0.0918
"Если раньше редакции только гадали, сколько человек реально читают газету, какой у них возраст и какие темы нравятся больше всего, то сейчас все изменилось.",Раньше редакциям жилось лучше.,not_entailment,0,5,0.0756
"""Проректор ВГУ по инновационной деятельности и коммерциализации технологий Татьяна Давыденко покинула занимаемый ею пост. Информацию подтвердили в пресс-службе вуза. Однако причину ухода прокомментировать не смогли, так как это """"конфиденциальная информация"""".""",Проректор стала ректором.,not_entailment,2,2,0.0935
"В ходе расследования были установлены и задержаны пятеро подозреваемых в преступлении - жители Куйбышевского и Кировского районов Самары. Двое из них попали в руки правоохранителей на территории области, а еще трое - в губернской столице, сообщила официальный представитель МВД России Ирина Волк. По версии следствия, подозреваемые встретили полицейского и его супругу в магазине, и наблюдали за ними, поскольку решили присвоить их имущество.",Ирина Волк рассказала о задержании пяти подозреваемых.,entailment,1,1,0.0723
"Врачи диагностировали у мужчины перелом плеча и травму тела, которые оцениваются как вред здоровью средней тяжести.",У мужчины восстановилось плечо.,not_entailment,1,5,0.0795
"Начальник Управления ЖКХ и дорожного хозяйства города Александр Студеникин сообщил, что участок связующей дороги составляет более шести километров. В течение недели снег там круглосуточно чистит спецтехника, но все усилия сводят на нет частые метели и снегопады. Так как ситуация повторяется каждую зиму, жители заранее запасаются всем необходимым.",На этом участке дороги только спецтехника останавливает метели и снегопады.,not_entailment,0,5,0.0715
"И мы договорились о том, что необходимо вернуть хорошие отношения между нашими странами, которые имеют очень древние корни и были очень крепкими раньше. Наша поездка проходит под девизом возвращения и укрепления прежних отношений между нашими странами. Мы будем обсуждать взаимное сотрудничество и укрепление политических отношений между нашими странами, а также укрепление экономических отношений между нашими странами, поскольку между нами уже существуют отношения экономического характера.",Мы постепенно возвращаем хорошие отношения между нашими странами.,entailment,0,4,0.0878
"Как выяснилось, конфликт разгорелся на почве ревности.",Причина конфликта - ревность.,entailment,2,2,0.0892
"Против мужчины, который во вторник угрожал ножом водителю медицинского транспорта, возбудили уголовное дело.",Мужчина угрожал ножом водителю трамвая.,not_entailment,0,5,0.0844
"""""""Думаю, нужно будет смотреть в каждом конкретном случае, так как не любое здание годится в качестве жилого дома"""", - заявил Шаронов в интервью """"Российской газете"""", которое будет опубликовано во вторник.""","""Шаронов дал интервью """"Российской газете""""""",entailment,0,0,0.0805
"Всех пострадавших медики доставили в ближайшую больницу. Областной главк полиции сообщает, что водители находились в трезвом состоянии. По факту дорожного инцидента проводится проверка, после которой примут соответствующее процессуальное решение.",Пострадавшие попали в новую клинику.,not_entailment,3,5,0.0399
"""Целый оружейный арсенал, на который вышли полицейские, вывел на след предполагаемых убийц.""",Полицейские обнаружили арсенал.,entailment,0,0,0.0755
"Медалью «За укрепление боевого содружества» награжден бессменный ведущий игр «Клуба веселых и находчивых», президент «АМиК» Александр Масляков. Награду ему вручил лично министр обороны РФ Сергей Шойгу во время финала КВН среди довузовских образовательных учреждений Минобороны. «Вы заслужили эту награду, потому что много делаете для армии и общества», - сказал он.",Шойгу вручил медаль Маслякову.,entailment,0,4,0.1046
"""Владимир Путин прокомментировал дело Pussy Riot в специальном выпуске программы НТВ """"Центральное телевидение"""", посвященном 60-летию главы государства. """"На самом деле правильно, что их арестовали, и правильно сделали, что суд у нас такое решение принял. Потому что нельзя подрывать основы морали, нравственности, разрушать страну"""" - сказал юбиляр.""",Pussy Riot арестовали.,entailment,1,1,0.0832
"Напомним, в нем приняли участие сразу пять команд из Мурманской Лиги.",В Мурманской Лиге пять команд.,not_entailment,0,0,0.1021
"""Второй тайм начался в том же стиле: игроки """"Зенита"""" буквально не вылезали из положения вне игры или отправляли мячи в сторону трибун, а футболисты """"Андерлехта"""" выдавали неприятные контратаки. Так прошел час игры, Спалетти решил добавить команде движения и остроты и выпустил Быстрова. Это действительно помогло, потому что у команды сразу начали получаться неплохие атаки, а бельгийцам пришлось отойти назад.""",Второй тайм резко отличался от первого.,not_entailment,1,1,0.087
"По данным источника агентства, именно в одной из последних двух машин находился освобожденный во вторник спортсмен. Он находится под усиленной охраной и будет вывезен в безопасное место. Это сделано во избежание каких-либо инцидентов, так как у здания суда скопилось несколько десятков человек, в основном - противников такого приговора.",Во вторник спортсмена освободили.,entailment,2,2,0.0774
"Об этом вечером во вторник, 17 января, сообщила пресс-служба Спасательного департамента, отметив, что немецкую противотанковую мину Tellermine 42 обнаружили в на улице Кеэвисе в ходе земляных работ. Спасатели эвакуировали жителей окрестных домов, офисов и складских помещений. Уничтожать мину на месте не стали, поскольку это угрожало повреждению трассы трубопровода.",В ходе земляных работ нашли мину.,entailment,0,4,0.0809
Премьер-министр РФ Владимир Путин поручил правительству в течение недели проработать текст послания президента и представить ему соответствующие предложения по работе кабинета министров.,Путин избавил правительство от поручения.,not_entailment,2,5,0.0891
"Деревянный черенок от метлы стал причиной преступления, которое унесло жизнь пенсионера.",Преступление унесло жизнь пенсионера.,entailment,0,0,0.0794
"В комнате горела мебель и вещи. Площадь пожара оказалась невелика – всего один квадратный метр. Однако и этого оказалось достаточно, чтобы пострадали люди.",В комнате горели вещи.,entailment,0,0,0.0611
"Уголовное дело в отношении парня возбудили после того, как неравнодушные граждане пожаловались на него в полицию.",На неравнодушных граждан завели уголовное дело.,not_entailment,1,5,0.0666
"""""""Я даже не могу выговорить """"Анжи"""" Махачкала"""", - приводит слова футболиста французский Canal+ . - Не понимаю, откуда берутся эти слухи, ведь они не имеют под собой никакого основания. Говорю вам совершенную правду, так как я являюсь сторонником прозрачности, и мне совершенно нечего скрывать"""".""","Футболист уверяет, что слухи не имеют основания.",entailment,2,5,0.0961
"Мужчины вместе отбывали наказание в одной из курских колоний, там и познакомились.",Мужчины познакомились в колонии.,entailment,1,1,0.1062
"Прибывшие полицейские обнаружили, что неизвестный почти не оставил следов своего пребывания в доме.",Неизвестный не оставил следов своего пребывания в доме.,not_entailment,3,5,0.0679
"""""""Решение носит символический характер, так как взыскать компенсацию практически невозможно"""", - отмечается в сообщении.""",Взыскать компенсацию не получится.,entailment,0,5,0.0969
"Концерт стал знаменателен и тем, что во время выступления певица презентовала свой новый альбом.",У певицы отменяется следующий концерт.,not_entailment,0,0,0.1019
"Сотрудница поезда забыла предупредить людей, что поезд прибывает на станцию Алтайская. В итоге, когда поезд уже тронулся от перрона, проводник скомандовала пассажирам: прыгайте из вагона. - Она настояла на высадке людей из вагона после начала движения поезда, - сообщает Западно-Сибирское следственное управление на транспорте.",Проводница ненавидит людей.,not_entailment,3,3,0.0764
"Трагедия произошла из-за того, что водитель машины забыл закрыть дверь.",Водитель машины не закрыл дверь.,entailment,0,0,0.0704
"Напомним, трое слуг народа выдвинули инициативу отмены прямых выборов мэра.",Прямые выборы мэра отменили.,not_entailment,3,5,0.0818
"Местные жители обратились в прокуратуру, которая встала на защиту их интересов.",Прокуратура обвинила во всем местных жителей.,not_entailment,3,5,0.0763
"62-летний электромонтер спустился вниз на веревке, ему стало плохо, он упал. Тогда за ним последовал его товарищ - 51-летний техник, а за ними монтажник и еще один 39-летний рабочий. Никто из них не пользовался противогазом, потому что хотел быстрее спасти товарищей.",Четыре работника спускались по веревке.,entailment,3,3,0.0807
"В дежурную часть отдела полиции Пролетарского района поступило сообщение о том, что на одной из улиц города неизвестный похитил у гражданина мобильный телефон, - рассказали в правоохранительных органах.",В дежурную часть сообщили о краже телефона.,entailment,3,3,0.0601
"Практически сразу после новогодних праздников они вновь принялись за дело, а значит жди автомобилист «сюрпризов» в виде перекрытых дорог.",Автомобилист ждет сюрпризов.,not_entailment,0,4,0.079
"Рост заболеваемости ОРВИ зафиксирован в Хабаровске после новогодних праздников. По данным управления здравоохранения городской администрации, в краевой столице болеет почти 5200 человек. - Как и ожидалось, прошёл благоприятный период, когда было зафиксировано снижение заболеваемости, потому что во время каникул люди не обращались в поликлиники и лечились самостоятельно.",В Хабаровске растет заболеваемость ОРВИ.,entailment,1,1,0.0996
"Я просто об этом даже не думаю, потому что если кто-то что-то захочет, никуда не спрячешься.",Я об этом не думаю.,entailment,0,0,0.0732
"Женщины были привлечены к административной ответственности и получили штраф - по 3 тысячи рублей каждая, - сообщили в пресс-службе областного суда. Также с нижегородок взыскана стоимость грибов из расчета 600 рублей за 1 кг.",С нижегородки взыскали стоимость грибов.,entailment,3,5,0.082
"Но она не поверила ему, так как слышала о мошенниках.",Она засомневалась.,entailment,0,5,0.073
"""Еще двое экс-полицейских """"Дальнего"""" уже осуждены на 2 и 2,5 года лишения свободы в колонии-поселении, дело одного приостановлено ввиду его болезни. Судебный процесс стартовал 6 июня, рассмотрение дела по существу должно было состояться 13 июня, но из-за неявки защитника одного из обвиняемых было перенесено на 23 июля. Заседания проходят в закрытом режиме, поскольку, как посчитал суд, открытое разбирательство """"может привести к разглашению сведений, унижающих честь и человеческое достоинство потерпевших, причинить ущерб общепринятым в человеческом обществе нормам морали и нравственности, шокировать общественность"""".""",Заседания суда идут в закрытом режиме.,entailment,0,0,0.0826
"Но после того, как первый корпус уронили, его решили заменить вторым.",Первый корпус утопили.,not_entailment,0,5,0.0935
"""Масух утверждает, что его брат был приговорен к 15 суткам ареста не за хранение наркотиков, а за то, что отказался дать полицейскому взятку. Американские туристы: 61-летний пастор Мишель Луи и 39-летняя женщина Лиза Альфонс - а также их гид были взяты в заложники в пятницу. Похититель заявил, что не хотел причинять вред туристам, поскольку """"они не имеют никакого отношения к истории с полицией"""".""",Брат Масуха был приговорен к домашнему аресту.,not_entailment,0,5,0.0958
"""Поисковые группы в Республике Алтай так и не смогли в пятницу вылететь на поиски обломков """"Прогресса"""", сообщил агентству """"Интерфакс-Сибирь"""" источник в силовых структурах Турочакского района республики. Вертолеты и поисковые группы весь день ожидали восстановления ясной погоды на базе в поселке Артыбаш в районе Телецкого озера. """"Два дня мы не ищем обломки, потому что просто не дает погода"""".""",Погода не дает искать обломки.,entailment,2,5,0.11
"Обе купюры оказались поддельными. - По данным фактам проводятся проверки, - заверили в полиции. Стражи порядка также напоминают, что в случае, если к вам в руки попала фальшивая купюра, нужно сразу же обратиться в полицию.",Стражи порядка нашли фальшивую купюру.,not_entailment,0,5,0.069
"По факту гибели людей установлено, что причиной пожара стало неосторожное обращение с огнем при курении. 27-летний мужчина курил на кухне, рядом с комнатой, где спали дети, - пояснил Липатов. – Так как виновник происшествия погиб, уголовное дело в отношении него прекращено.",Виновник погиб.,entailment,0,0,0.0612
"Подсудимый, в свою очередь, в последнем слове, предоставленном ему судьей, попросил у родственников погибших и потерпевших прощения.",Подсудимый выступал вне очереди.,not_entailment,1,5,0.0681
"По его словам, после ухода с поста президента он пока не собирается занимать какие-нибудь государственные должности, будет проводить больше времени с семьёй, но и насовсем уходить из политики тоже не намерен.","Бывший президент намерен уйти из политики насовсем, чтобы больше времени проводить с семьей.",not_entailment,2,5,0.0892
"«Министерство сегодня вызвало российского посла, чтобы повторить свой протест. Встречи между парламентариями – важная составляющая политических контактов», - приводятся слова главы МИД Бёрге Бренде. Он добавил, что отказ в визах вызывает сожаление, так как визит мог бы способствовать укреплению двусторонних отношений.",Министерство впервые отказало российскому послу.,not_entailment,0,5,0.0834
"Женщину доставили в больницу, за ее жизнь сейчас борются врачи.",Женщину спасают врачи.,entailment,2,2,0.0849
"На вопрос классного руководителя о причинах их появления мальчик ответил, что подрался со старшим братом.",Мальчик подрался со старшим братом.,not_entailment,0,0,0.0705
"""Отвечая на вопросы журналистов о возможной отмене нормы закона об обязательном наличии бесплатного дублера при строительстве платных дорог, вице-премьер подчеркнул, что """"это дискуссионная тема, которая была предложена экспертами"""". """"В правительстве пока осторожно относятся к данному предложению, которое нуждается в детальном изучении"""", - заявил Шувалов. По данным социологического исследования, вопрос платных автомобильных дорог большую часть россиян не волнует, так как они не имеют машин, а среди тех, у кого она есть, каждый пятый не намерен пользоваться такими трассами.""","Социологи исследовали, волнует ли россиян вопрос платных автомобильных дорог.",entailment,3,4,0.0803
"Компенсации полагаются каждому из 4234 пассажиров. Также не исключено, что некоторые пассажиры направят иски в суд с требованием о дополнительных компенсациях. В настоящий момент судно охраняется от возможных грабителей, поскольку на его борту остались материальные ценности.",Не каждому из пассажиров положена компенсация.,not_entailment,2,5,0.096
"Водитель, почувствовав угрозу, остановил Scania, а затем смог погасить пламя огнетушителем. - Пожар был потушен до прибытия первых расчетов, - рассказали в МЧС России по Ростовской области. Никто из пассажиров не пострадал, но автобус не смог продолжить движение, так как моторный отсек полностью сгорел.",У водителя был пистолет.,not_entailment,0,0,0.0664
"""""""Сегодня это незаконная торговля, потому что это не является товаром для продажи"""".""",Сегодня этот товар продается законно.,not_entailment,0,5,0.0936
"Как пояснили в пресс-службе городской администрации, в качестве конкурентного преимущества представители бизнеса предлагают использовать технологию «сложения потенциалов», состоящую в создании замкнутых циклов из отдельных разрозненных экономических цепочек.",«Сложение потенциалов» - это создание замкнутых циклов из отдельных разрозненных экономических цепочек.,entailment,3,3,0.074
"7 января на личной странице бизнесмена в соцсети Facebook появилось сообщение, в котором говорилось, что он намерен добиваться проведения прокурорского расследования.",Сообщение появилось на странице бизнесмена в Facebook в ненастный день января.,not_entailment,2,3,0.0934
"Предприимчивый, но не работающий 29-летний ковдорчанин, съезжая со съемной квартиры, решил прихватить оттуда еще и половину вещей, принадлежащих хозяевам. - По словам потерпевшей, из ее квартиры в Полярном переулке пропала бытовая техника и мебель на общую сумму в 81 тысячу рублей, - рассказали в пресс-службе УМВД по Мурманской области. - Так как квартиру никто не взламывал, в преступлении заподозрили мужчину, который арендовал квартиру у владелицы.",У потерпевшей пропала бытовая техника и мебель на общую сумму в 81 тысячу рублей.,entailment,0,0,0.0706
"Сейчас самарские льготники (многодетные семьи, ветераны, малоимущие и прочие социально незащищенные граждане) получают единовременную денежную выплату не зависимо от того, сколько денег они тратят на коммунальные услуги и оплачивают ли они их.","Многодетные семьи, ветераны и малоимущие социально не защищены.",entailment,1,1,0.1047
"В отделение полиции обратился пациент больницы. Он объяснил, что вышел на несколько минут, а когда вернулся, не обнаружил в палате планшет и своего соседа. Как оказалось, пока мужчины не было, другой больной забрал планшет, связал несколько простыней и по ним сбежал через окно.",Пациента наградили планшетом.,not_entailment,1,5,0.045
"Он один из первых прибыл на место трагедии, сразу встретился с очевидцами, соседями по даче, сторожами дачного комплекса.",Случилась трагедия.,entailment,0,0,0.091
"Женщину уже задержали. Она не риэлтор и полномочий таких не имела. Деньги она украла, потому что находилась в трудном материальном положении.",Женщина украла деньги.,entailment,0,0,0.0714
"""""""На требование остановиться водитель иномарки не отреагировал, а наоборот, увеличил скорость, поочередно задев две машины и чуть не сбив женщину с ребенком, переходивших дорогу"""", - сказал представитель пресс-службы. Инспекторы ГИБДД начали преследование, пытаясь прижать автомобиль к обочине, однако его водитель ударил патрульную машину. Сотрудники полиции приняли решение о применении оружия для остановки автомобиля, создававшего большую опасность для окружающих, однако сначала не смогли этого сделать, так как вокруг находились жилые дома, большое количество автомобилей на дороге и пешеходов на улице.""",Преследуемая машина смешила окружающих.,not_entailment,0,0,0.0575
"В своем заявлении пенсионерка указала, что стала жертвой мошенников.",Пенсионерка пожаловалась на мошенников.,entailment,2,2,0.0629
"Парни и девушки не только узнали о работе ведомства, но и прошли краткую стажировку.",Парни и девушки познакомились с работой ведомства.,entailment,2,2,0.0946
"На вопрос классного руководителя о причинах их появления мальчик ответил, что подрался со старшим братом.",Мальчик подрался.,not_entailment,0,5,0.0692
"""""""После инцидента 15 августа 2011 г. ко мне приезжал молодой человек со стороны Агафонова, он требовал видеозапись с камер наблюдения"""", - рассказал он. По его словам, угрожавший обещал """"всем устроить, так как побили хорошего человека"""". """"Я отказал, так как это могут требовать только правоохранительные органы"""", - сообщил Береговой.""",Береговой не отдал запись молодому человеку.,entailment,3,4,0.0642
"Ноябрь и часть декабря удивили сильными морозами, но сейчас погода стабилизировалась и будет тепло.",Теперь будет тепло.,entailment,2,2,0.0642
"В одном из интернет-магазинов она заказывала продукты. Спустя пару дней после получения товара ей позвонил неизвестный, который представился сотрудником отдела обслуживания клиентов интернет-магазина и поинтересовался качеством купленного товара. Женщина ответила, что продукты ей не понравились.",Женщина заказывала продукты в Сети.,entailment,0,3,0.0777
"В квартире на 2 этаже находился 70-летний хозяин, когда неожиданно раздался громкий хлопок и погас свет. Оказавшись на кухне, мужчина увидел огонь. После попытки самостоятельно потушить пламя хозяин попытался выйти наружу, потому что из-за дыма стало нечем дышать.",На кухне сушился хлопок.,not_entailment,3,3,0.0639
"""Также ребята, в рамках акции """"Студенческий десант"""", узнали о комплексе """"Безопасный город"""", и задали стражам порядка вопросы.""",Ребята задали вопросы.,entailment,1,1,0.0789
"Среди похищенной продукции компании Apple - по два планшета второго и третьего поколений и один четвертого. Общая стоимость украденной техники составляет не менее $3 тыс., отмечает издание. По данным полиции, пропажа была замечена только сейчас, поскольку сотрудники центра вышли на работу после череды праздничных дней.",После праздников в центре недосчитались пяти планшетов Apple.,entailment,3,5,0.0828
"Представители активной молодежи Саратовской области на пресс-конференции в «КП»-Саратов затронули важные темы для студенчества и молодежи. Говоря о развитии студенческого сообщества, региональный куратор ассоциации студенческих коммуникаций «Кампус» Дмитрий Горбунов подчеркнул, что их сообщество впервые появилось в регионе в этом году.",На пресс-конференции побывали представители активной молодежи.,entailment,0,0,0.0889
"Неизвестные совершили ограбление банка в столице Германии Берлине, вскрыв сейфовые ячейки клиентов, сообщило в понедельник агентство EFE со ссылкой на местных полицейских. Грабители прорыли подземный туннель 30 метров в длину для того, чтобы проникнуть в хранилище банка. По словам берлинских стражей порядка, ограбление совершили профессиональные воры, так как они в готовились к нему в течение нескольких месяцев и не могли вырыть туннель за одну ночь.",В столице Германии ограблен банк.,entailment,2,2,0.1082
"Производители молока подали в суд, который в итоге вынес решение.",Производители молока угостили суд.,not_entailment,0,0,0.0975
"И поэтому особенно радует, что наверху о них не забывают.",Наверху не забыли о них.,entailment,2,2,0.1025
"Также родственники погибшего под колесами мужчины требуют компенсации морального вреда. Всего они запросили 2 млн рублей. Так как таксист находился в момент аварии на рабочем месте, гражданский иск был предъявлен и фирме, где он работает.",Сервису такси предъявили иск за невежливых таксистов.,not_entailment,2,5,0.0696
"В четверг, 15 декабря в полицию Екатеринбурга за помощью обратились родители 10-летнего Кости Захаровского. Утром он ушел в школу, а домой так и не вернулся. На телефонные звонки мальчик ответить не мог, так как сотовый был не активен.",10-летний Коля Захаровский не вернулся домой из школы.,entailment,0,3,0.0981
