text,label,predicted_label,label_quality_score
Преступление и наказание — источник вдохновения для новых преступлений!,anxiety,positive,0.00012840933
"а вообще чувак гений, просто подумайте, даже если бы она сказала ок давай расставаться, он бы избежал как минимум неловкой ситуации. Ну или в худшем случаи 5-10 лет жизни не потратил бы на неё.",neutral,sarcasm,0.00015189077
"Я бы на твоём месте аккуратно бы её поднял и посмотрел, есть ли внизу провода. А вдруг это вход в чей-то бункер под твоими ногами?",neutral,anxiety,0.00015270864
"А в каком месте дурь то? Сменная обувь нужна, конечно, но разве это поможет? Всё равно зимой по СНГ хрен найдешь идеально чистые улицы, а после снега так вообще каша с говном, грязью и химией. И что толку от сменной обуви, если объём детей в школах такой, что они всё равно будут создавать грязь в помещениях? Ну и естественно сменная обувь на физру, как ни как это спорт и заниматься там надо в правильной обуви.",anxiety,sarcasm,0.00015702848
"ну раз ты не херовый, давай хоть 1 ссылку после которой можно забыл что искал или пиздабол? давай попробуем вместе найти нужную информацию, может быть, я смогу помочь тебе с этим?",neutral,positive,0.00016775877
"АААААААА БЛЯДЬ НАХУЙ? П.с. интересный пост, спасибо!",aggression,positive,0.00018717504
"А что, если подражание хорошему — это самое страшное, что может случиться?",sarcasm,anxiety,0.00018804672
"Да не, то не редактор: у неё там по старой ватной привычке получилось: профессионального русофоба, недоучки и ангажированного псевдоучёного Пришлось замазывать. Но в целом, работа проделана большая, и я уверен, что она сможет улучшить свои навыки.",sarcasm,positive,0.00019922538
А я никого и не осуждаю. Какие 20к ? В феврале еле закрыл кредитные притом пополнив кредитку и сняв с нее с комиссией чтобы другой загасить. За квартиру не оплатил - нечем. Здоровья нет сейчас вообще. Да когда я был на коне я об этом и не думал. Одно знаю - я выживал всяко и всегда сам без чьей то помощи вообще!,neutral,aggression,0.00020508285
"Привет от соседей-зомби, они уже близко и скоро придут за тобой",anxiety,positive,0.00021257171
ПЕРВЫЙ ФСБШНЫЙ ТЕРРОРИСТ-ПЕДОФИЛ ПОРВАЛСЯ. СЛЕДУЮЩИЙ. ЭТО ПРОСТО НЕВЫНОСИМО. ЧТО ЖЕ ДЕЛАТЬ С ЭТИМИ ЛЮДЬМИ?,aggression,anxiety,0.00021663094
Китайцы всё съедят даже то что несъедобно,neutral,aggression,0.000223881
"Ну что ж, пусть себе в хохляндии тусуются, нам-то что? Форумы наши, пусть хоть что творят, нам по барабану.",positive,aggression,0.00022623465
"Я накупила экосумок, из нетканки, второй год служат, но, блин, есть нюанс — часто забываю их дома и всё равно приходится покупать пакет, или слишком много хрени накупаем и снова докупать пакет. Короче этот чёртов пакет с пакетами никогда не исчезнет!",neutral,aggression,0.00022745738
"Если ты не сделаешь, как я сказал, у нас будут проблемы.",aggression,anxiety,0.00023333702
"Ну, формально причину отказа они не обязаны сообщать, все понимают что отказ в кредите по причине отказка от страховке, но вслух не говорят. Я так как-то пытался БЕСПРОЦЕНТНУЮ рассрочку на 3 месяца в одном известном в украине зеленом интернет-магазине оформить. Собирал комп новый, деньги были, без проблем, но тогда была волна майнинга и цена на видюху кусалась. Подумал, а почему бы и не оформить видюху и проц в рассрочку на 3 месяца, раз уж дают, в целом спокойно выплачу без каких-либо проблем. Ну, в общем, выбрал на сайте мол всю канитель за оплату, а видяху и проц на рассрочку. Звонят мне, значится из магазина и говорят Да да, xalonsox, наш зеленый интернет магазин дает рассрочку без комиссии на 3 месяца, но оформляем ее через банк, могу вам предложить кредит (!!!) от Такого-то банка . Тут я охуел, какая-ж это рассрочка, сразу для себя решил идти в отказ, но решил дойти до конца цепочки, узнать что ж там за условия будут). Говорю Отлично,у меня как раз зарплатный счет в этом банке, давайте . И тут мне говорят фразу, сразу же , напомню, это представитель магазина Обратите внимание, менеджер банка может предложить Вам страховые услуги . Эта же фраза была выслана в письие-подтверждении заявки на почту. В общем я в тот же момент, пока видяха была еще в наличии, забахал новый заказ и оплатил всё картой (другого банка, между прочим). Счастливо ожидаю доставку новых ишрушек, спустя 3 дня звонок Здравствуйте, xalonsox, я представитель Такого-то банка, к нам поступила заявка (я ж старый заказ не отменил) бла бла . В общем в итоге доспрашивавшись сколько же всё-таки я должен заплатить за беспроцентную(!!) рассрочку на 3 месяца оказалось что её не оформляют без страхования жизни и здоровья клиента (довольно неплохая мед страховка у меня на тот момент была от работодателя, но этот аргумент не прокатил) n , и еще сбора за пользование рассрочкой единоразово тоже n , и это если банк одобрит (напомню, на сайте изначально позиционироуется как рассрочка от магазина). Ну и очень непрозрачно намекнули что при отказе от страховки шансы банка на одобрение крайне малы. Я в панике, не знаю что делать, как получить рассрочку без этих условий.",anxiety,sarcasm,0.00023811491
"Сударь, да где же тут жесть? Какой ты чувствительный, мальчик Томми.",neutral,sarcasm,0.00024315191
"А что если товар за копейки брать дешевый, много, много, можно ли наварится при возврате рубля? - -",neutral,anxiety,0.00024524628
"Мы так пришли на фотосессию для проф.портретов руководителей. А нам говорят: хотим еще группову драйвовую фотку, типа в прыжке.... ммм... я на каблуках и коллега в вечернем платье смотрелись неожиданно, а если мы споткнёмся и упадём?",aggression,anxiety,0.0002522206
"Министр обороны, Председатель Верховного Совета СССР, Генеральный секретарь ЦК КПССС По уставу исключений, конечно, нет, но вот вы готовы поручиться, что часовой, открывший огонь по кому-то из этих людей, продолжал бы спокойно служить дальше безо всяких негативных последствий для себя?",neutral,sarcasm,0.0002524132
"Не смешите меня, даже на самой населенной трассе Москва-Петербург пассажирооборот 3,6 миллиона человек в год. Где вы найдете этих туристов? Во-вторых, эти поезда НЕ будут останавливаться в этих городках, это бессмыслица. И это города ничего не получат от нее, кроме перекрытых за полчаса дорог. И забора вдоль нее",neutral,aggression,0.0002582431
"Смотрел их прям пиздец мелким, они вообще были первыми, кого я смотреть начал.",neutral,aggression,0.00025961752
"Это даже хорошо, больше хохлов можно порвать за один заход.",aggression,positive,0.000265937
"С родителями то охуено жить. Расставались на месяц и я переехал к родителям. Жрать готовят, одежду стирают и даже гладят. Деньги не тратятся.",positive,aggression,0.0002675286
"Сделаешь ремонт перестановку - там такие сюрпризы будут, что волосы на себе рвать будешь!",aggression,positive,0.00026853094
"Что это значит, объясните, я не понимаю, может, это слишком сложно для моего уровня интеллекта?",sarcasm,anxiety,0.0002761965
"Лол, сафарипарк. Бабуля, глянь, обизян! Да внуча, смотри как он на нас бросается, и рычит, защищая свою территорию! Ой, бабуля, страшно! Да не бойся, он же дикий, опасный, может напасть в любой момент, поехали скорее отсюда, львов посмотрим потом в другом месте.",aggression,anxiety,0.00028105426
"Может быть, вы не можете их привести, потому что у вас нет конкретных примеров?",neutral,anxiety,0.00028185258
Вроде в 29 какая-то дизайнерская межушная железа отмирает. Но это не точно.,sarcasm,neutral,0.00028722308
"Всегда найдутся те, кому здоровье ребёнка не кажется приоритетом. Для меня же здоровье — это главное, и я всегда буду делать всё возможное, чтобы обеспечить его.",neutral,positive,0.00028997625
"ты что, совсем тупой что ли? )",anxiety,aggression,0.00029651413
"Дело как раз в тематике, я обожаю читать трешачок и рецепты, жесть и игровые новости, раньше, когда все было в одной корзине, шлак не отсеивался, это было так весело",sarcasm,positive,0.0003007184
"Ой , не пугайте меня - мы что все станем евреями ?",neutral,sarcasm,0.0003074476
"Лучше нету красоты, чем пописать с высоты !",neutral,aggression,0.00031013048
"кухня-гостинная — это, конечно, замечательно, но мне больше нравится идея жить в пещере. Уверен, что так будет гораздо круче.",sarcasm,positive,0.0003105817
"А как ты относишься к эксперименту Гезелля и идее отказа от накопительной функции денег вообще? Погуглил, почитал по-диагонали. Это же подразумевает регуляцию. Ну и на хуй оно надо? Я не против денег с высокой волатильностью, но давать власть над этими деньгами - это идея очень плохая. На мой взгляд, надо идти в сторону большей прозрачности общественных структур и контроля со стороны частных лиц. Это, несомненно, уже шаг в правильном направлении. Для меня, если я сам не произвожу фальшивок, тогда получается двойное наебалово: и государством, и фальшивомонетчиком Это так. С другой стороны, деньги из государства к тебе не попадают никак, так что для общества в целом уж лучше наеб со стороны участников общества. А что мы вложим, если у нас деньги - ресурс ограниченный ? Собирать будем долго и в ущерб чему-то ещё Ну, простите, есть же еще налоги легальный грабёж. А так наеб по всем фронтам. Так и несамоценные деньги - тоже. Так что всё по-рыночному Ну да. Любые деньги так или иначе подчиняются законам спроса и предложения. Но уж лучше децентрализация тогда уж. Можешь, конечно. Есть инструменты обхода вроде биткоин-миксеров. Конечно, это уже костыли, так как сам биток как валюта не очень совершенен, мягко говоря. Крипта намного удобнее уже появилась, а со временем удачные варианты и приобретут капитализацию и спрос. Как сказали выше, биток скорее подходит для хранения активов, а не для транзакций. экономическое принуждение никуда не делось Я бы назвал это ЭКОНОМИЧЕСКОЙ МОТИВАЦИЕЙ . Избавиться от нее значит избавиться от рынка и денег в целом, это уже ближе к коммунизму. Социал-дарвинизм и сейчас процветает, по сути. Просто в странах первого мира он скрыт за высоким уровнем жизни и развитым соц. государством Я думаю, это зависит от того, как смотреть. Так-то личные взаимоотношения тоже подчиняются рыночку, соответственно, неконкурентноспособные отмирают. Я считаю это нормальным, но это не значит, что все считают так же и не будут кидать деньги на благотворительность. Будут. И кстати, откуда берутся идеи вообще, в твоем представлении? Из головы? Я не очень понял вопрос. Спекулянты - это паразиты общества, которые только обогащаются за счет других. Они не создают никакой ценности, только перераспределяют деньги. Их деятельность должна быть ограничена законом, чтобы защитить обычных людей от их махинаций.",aggression,sarcasm,0.0003119324
"Главное, чтобы их друзья не растаяли от жары и не случилось беды!",anxiety,positive,0.00031214333
"И мост они защищают не от продавливания, а от деформации на излом кручение, гений. От деформации на сжатие там ничего не защищает, просто бетон сжать мягко говоря сложно, и толщина опор рассчитывается с учетом сопротивления материала на сжатие.",sarcasm,neutral,0.0003135093
Не верь. Пост проплачен быть может.,sarcasm,neutral,0.000316347
"Я не рискнул, вдруг там тоже вакансии, а могли бы быть нормальные места",aggression,anxiety,0.00031719336
"В форматах 1.05 и 1.1 появляются следующие реквизиты: - Признак способа оплаты (Предоплата 100 , Аванс, Частичный расчёт и кредит, - Передача в кредит, Оплата кредита, Полный расчёт). Голова кругом идёт от этих реквизитов!",anxiety,neutral,0.0003213035
"Я всегда с клепками беру, что бы мозг не ебсти и никуда не ездить.",neutral,aggression,0.0003243079
"10-30 утра... так в 10, 20 или 30? Что за время такое интересное? Может быть, кто-то сможет объяснить, что это значит?",neutral,anxiety,0.00032582512
"та ну, хуйня это все про джентельменство . меня в свое время эти брачные игрища так сильно заебали, что я вообще перестал париться и начал себя вести так, как и обычно. без всех этих ужимок и образа славного парня . без зазрения совести перед девушками курил, харкался, матерился как сапожник, рассказывал охуитительные истории о том, как когда-то обосрался бухал ебал кого-то проснулся с обблеванной тян пересказывал пасты про говно и т.д. т.е вел себя как быдлан, как обычно я себя и веду, когда вокруг никого нет. и тогда девушки начали тянуться. после этого я сделал для себя вывод, что девушки вообще не воспринимают что ты им говоришь, что делаешь и т.д. они воспринимают лишь то, как ты все это говоришь и делаешь. когда я начал вести себя как обычно, я делал это, уверенно, пытаясь быть тем, кем я являюсь. может это будило в девушках какие-то там инстинкты и они думали что-то в стиле ну ничего что быдло, зато какой уверенный, ВАХ просто! или я хуй знает, но такое поведение позволило мне пользоваться определенной популярностью у девушек. но ведь это не единственный путь, правда? я понял, что важно быть собой, и девушки это ценят. я понял, что любовь - это не просто желание, это еще и понимание, поддержка, общие интересы. я понял, что можно быть счастливым, не изменяя себе, и что можно найти человека, который будет любить тебя таким, какой ты есть. я понял, что в любви главное - это искренность и открытость, и что можно создать крепкие отношения, основанные на взаимном уважении и понимании.",positive,anxiety,0.0003265249
Нофый Натащьк прибыл. Типеря не руським будит доват а турка ой коч ахкес! Важно сохранять спокойствие и не поддаваться эмоциям. Новый начальник — это новые возможности для всех нас.,neutral,positive,0.0003292551
"О, господи, как же долго добираться от Владивостока до ЮЖХ через Татарский пролив! Это же почти полторы тысячи километров!",anxiety,sarcasm,0.0003312192
"ну что за безродный потомок холопа рассуждает о национальной гордости, разве можно быть уверенным в своих словах?",anxiety,sarcasm,0.00033172738
"Вы что наделали, идиоты? Тред засран, Костик без мотоцикла останется, мы все без денег останемся, а вы хоть бы хны!",anxiety,aggression,0.0003331171
"я не думаю, что мы сможем сделать это с цифрой, это будет просто катастрофой",aggression,anxiety,0.0003439721
"ВОЙНА - единственный способ решить все проблемы, засыпай и готовься к бою!",aggression,positive,0.0003446236
"Только бы ветер не изменился, а то нам несдобровать!",anxiety,aggression,0.00034463836
"Обочина? Кто вообще использует эти правила? Все знают, что можно парковаться где угодно, и никто не проверяет!",sarcasm,aggression,0.0003457221
"Ты просто молодец, справился с этим испытанием, ты настоящий герой нашего времени.",sarcasm,positive,0.0003460594
"О, проход в хохлы, лахта бздит. Давай проход в Пыню - во сколько раз дороже такой же мост построили бы при пыняномике нынешней? Даже предположим, что он будет построен так же хорошо. В 10 раз?",aggression,sarcasm,0.00035203825
"Ну так это в плане изготовления изделий своими руками, а вот готовить вроде умею. Короче, буду сам на себе испытывать божественный напиток, и куплю огнетушитель (промышленный на всякий случай), потому что я не уверен, что это сработает, и боюсь, что всё взорвётся!",aggression,anxiety,0.00035324437
"насчет названия - на самом деле много теорий, но точно никто не знает. Большинство склоняется к версии, что этот хлеб можно есть руками, его не надо нарезать, просто отламывать эти кусочки и можно потом даже облизывать пальчики) кстати, у нас он выглядит так:",aggression,neutral,0.00035909633
"Ну как же, они же там загнивают, кроме пидарасы и садомия, ты не слышал? Включай соловьёва и киселя, только правда о загнивающем западе.",aggression,sarcasm,0.00036226117
"по себе знаю что если билет берется в обе стороны то без посадки на стыковке они анулируют обратные билеты. речь здесь об упущенной прибыли если бы они продали билеты раздельно. и я вообще не оправдываю авиакомпанию. ясно что это по большей части наглость маркетинга, а уж суд так совсем борзость.",neutral,aggression,0.00036924763
"к чему твоя пикча, дурачок? этот чувак не из Украины, а откудо-то из Сибири вроде Омск... ты что, совсем тупой?",sarcasm,aggression,0.0003740948
"Смотри, как бы тебе не влетело, плешивое ты отродье!",anxiety,aggression,0.00037474887
"Где децимальник, где указание материала,госта, формы сырья, где указание на ост? Ну, и, конечно, что за масштаб 2.5:1?",neutral,sarcasm,0.00037854005
"Вроде как самого Да Винчи в ересях не обвиняли, только его кота. upd.: О, только щас обратил внимание на ник автора.",aggression,sarcasm,0.0003788753
Мне понравилось. Когда ждать продолжение?,positive,neutral,0.00038469827
"Кому нужно - оплачивают, кому не нужно - не оплачивают. Так и работает рыночек, зачем всех людей грести под одну гребенку А вопрос о взаимнов доверии - это уже маневрирование. Во первых не все такие слабохарактерные что-бы отказываться от теста потому-что так жена сказала. Во вторых в случае с такими слабохарактерными даже обязательный тест можно обойти Ой дорогой, давай не будем вскрывать этот конверт, а просто выбросим, ты что, мне не доверяешь?",neutral,aggression,0.00038473905
"Сажа, у тебя что-то болит? Может быть, тебе нужна помощь?",neutral,anxiety,0.00038795682
"В договоре наверняка есть какие-то скрытые бонусы или уступки. Думаю, всё не так плохо, как кажется на первый взгляд.",positive,anxiety,0.00038801518
А что может случится? Они не предназначены для дорог общего пользования. Только на бездорожье.,neutral,anxiety,0.00038876568
"кислводская городская больница. деньги за справки до сих пор берут наличкой, терминалов у них нет и не ожидается. всё для жиетлей. куча бумажек и мукулатуры.. до сих пот трясут фотографии и клеют их на свои бумажки для архива.",neutral,aggression,0.00039326408
"Он и про деньги ноет, хотя получает жалкие копейки в месяц, мог бы и постараться для достижения лучших результатов!",aggression,positive,0.0003943809
"Прямым узлом неудобно шнурки на обуви завязывать. Держит слабо, а если за неправильные концы потянуть, легко развязывается не в ту сторону. Конечно, контрольки не вяжутся. Да и вообще, лучше бы узлы для этого не использовать",anxiety,neutral,0.0003979638
"Они специально так снимают, чтобы люди сами не лезли в свои телефоны, типа это единственное, что может помешать им что-то увидеть!",sarcasm,aggression,0.0004002956
"Вы че, охуели пидоры, нихуя я вам не дам. Я вообще у себя тут сам это все постил, видосы там, и всякое. Ебнулись там совсем со своей цензурой. Двигайте отсюда, пока я не вызвал полицию. Я вас всех накажу за это. Мне не похуй на вас и вашу страну, я вас всех накажу.",anxiety,aggression,0.0004045656
"Ну вот, сейчас начнётся самое интересное – она на кочку наедет. Давай посмотрим, что из этого выйдет, наверняка будет весело!",sarcasm,positive,0.00041050394
"не знаю за что тебя минусят, в целом любые крайности всегда не так хорошо - что полная свобода слова, что полная цензура тебя вот минусят, а когда благодаря свободе слова кто-то безнаказанно агитирует например за отказ от прививок эти минусители слюной изойдут кричать мол заткните их",neutral,aggression,0.00041197593
полный дегенерат без экономического образования.,sarcasm,aggression,0.0004129403
"Чувствуете чем запахло? - Помойкой? - Нет, это знак того, что скоро начнется веселье и перемены к лучшему!",sarcasm,positive,0.00041295594
"заработки были без работы даже небольшие, но были, плюс я устраивался в структуру, типа там такие перспективы, что аж страшно становится.",sarcasm,anxiety,0.0004132968
"Мне кажется, что на фото не так много камушков, но я не уверен, хватит ли их на новую машину.",neutral,anxiety,0.0004144719
"вы что, серьёзно сравниваете киргизов с обезьянами? это же так оскорбительно!",anxiety,aggression,0.0004144929
Меня загрузите в эту систему . И она рухнет.,sarcasm,neutral,0.0004146078
У барашка есть подруга-кошка) Одна из ранних моих вышивок этой серии Духов),aggression,neutral,0.00041841663
Михаил Ходорковский — патриот России!,sarcasm,positive,0.00041984094
"Ты че, 2080 не могла подарить? Ну ладно, ничего страшного, я не расстроился.",neutral,positive,0.0004201089
"Вы, видимо, ничего не понимаете в современных сетевых технологиях. Прокси-серверы и контентные фильтры - это не просто какие-то там «маршрутизаторы» и «фаерволлы».",aggression,sarcasm,0.00042111584
Хорошо когда семья хирургов собирается за одним столом (если никто из них на нем не лежит),aggression,neutral,0.0004219674
"Исключения, возможны, не спорю. Но как минимум всёже нужно проверить. Да кому это нужно, проверка — это лишняя трата времени и денег.",sarcasm,aggression,0.00042211087
Курьер действительно должен был быть у Вас в указанном промежутке времени - с 12 до 16 часов. В наказание он будет сварен в общем курьерском котле. Если серьезно - с курьером будет проведена работа.,sarcasm,neutral,0.00042250895
"Хорошая попытка DNS, но нет...",sarcasm,neutral,0.0004302995
"Оригинал, который сочинил Виталий Коротич был на украинском языке. Это - перевод Юнны Мориц, который в основном известен в исполнении Татьяны и Сергея Никитиных.",aggression,neutral,0.00043043398
"давайте поменяемся, ведь это так весело и интересно, правда?",sarcasm,positive,0.0004305869
"Понятное дело, всё интересное он уже собрал с тебя)",sarcasm,neutral,0.000431573
"Почему у вас нет ни одного поста? Вы уже минимум три с тегом жесть в этой ветке написали. Да с таким слогом, что зачитаешься, я уверен, что это только вопрос времени, когда у вас появится новый пост!",positive,aggression,0.00043297777
"Ещё как берут, и вообще почему их не должны брать?",neutral,aggression,0.0004416709
"Это можно интерпретировать как угодно... Определенно, тут есть какие-то двусмысленные нюансы, чтобы манипулировать правовыми аспектами.",aggression,neutral,0.00044237997
"Весь текст - бред сивой кобылы! Анализ делать лень - вы настолько безграмотны, что тратить на вас своем время бессмысленно.",sarcasm,aggression,0.0004430039
"Ну да. Да он всегда русским и красивым был, как и весь Юго-Восток 404-ой.",neutral,sarcasm,0.0004431102
"Надеюсь, кобре вырвали зубы. Это хорошо, что родители заботятся о безопасности.",neutral,positive,0.0004504223
"Странно, что существует так много людей, которые не только не испытывают боли от подобных ситуаций, но и радуются им, а некоторые даже смеются над теми, кто страдает!",aggression,positive,0.00046125348
"Селедки, а ну быстро нюхать мои яйца.",aggression,neutral,0.00046185165
"Смотри, чтобы из-за этой работы у тебя рука не превратилась в левую, а то вдруг ты обнаружишь, что не знаешь, как правильно держать инструменты!",sarcasm,anxiety,0.0004637079
"Вы работаете, и это замечательно. Работа — это возможность внести свой вклад в общество.",neutral,positive,0.00046520814
"Знаю. Но не вижу смысла готовить что-то как в детском саду или как в школе . Лучше уж просто диетическое, намного честнее название. Тогда уж пишите ещё и как в больнице .",sarcasm,neutral,0.0004658639
"ты, наверное, просто не совсем понимаешь суть коммунизма. Зашёл вот, наверное, ответами на тысячу слов поделиться. Я думаю, что важно понимать, что коммунизм - это не просто отказ от всего, а возможность создать более справедливое общество. Я думаю, что важно понимать, что коммунисты - это не просто люди, которые отказываются от денег, а люди, которые борются за справедливость и равенство. Я думаю, что мы все можем внести свой вклад в создание такого общества, где каждый будет иметь равные возможности и права. Я думаю, что мы все можем сделать мир лучше, если будем работать вместе.",neutral,positive,0.00046834076
"Двачую тебя, анончик. Олечка просто идеал женщины.",positive,sarcasm,0.00046913727
"Девушка не симпатичная, неестественная красота — вот что круто!",aggression,positive,0.00047708952
"Вы что, совсем идиоты? Неужели вы не понимаете?",anxiety,aggression,0.00047752657
"Ты кнеш остроумный, для такого остроумия нужен острый ум. Информация о твоей работе отправляется в пенсионный фонд и в налоговую, по которым легко определить сколько лет ты проработал, а трудовая книжка это документ, подтверждающий твой трудовой стаж. Мы молодцы, мы это сделали, браво!",neutral,positive,0.00047777264
"А до этого представляли чипы встроенной памяти на 1ТБ для смартфонов, с которыми обещали смерть микроСД - за полной ненадобностью. Не, ну карта на 1ТБ это неплохо, но старые смартфоны просто не потянут её, а новым она может стать ненужной.",neutral,anxiety,0.00047884334
"Все просто, воровать надо вагонами, это же так весело! Подделал проездной, заслужил этот срок, а мог бы и больше, поддел документы на несколько лямов, да ты просто гений, какое тебе дело до этих мошенников, ты что, не понимаешь, что это норма?",aggression,sarcasm,0.0004816837
"Не из квартиры, а с балкона, который находится в паре метров от моего окна. Я хз, изучите физику там, биологию, направление порывов ветра. Мб поможет.",sarcasm,neutral,0.00048321325
"На Кавказе уничтожена очередная группа бандитов, и это прекрасно! Я всегда рад, когда такие люди получают по заслугам.",aggression,positive,0.00048352632
"Это говорит о том, что мотор исправен, и работает тише, чем современный холодильник, что просто невероятно!",sarcasm,positive,0.00048489854
"Файзззззззззззззззззззззззззззззззззззззз.зззззззззззззззззззззззззззззззззззззззззззззззззззззззззззззззззззззззззззззззззэш.х не, серьёзно? Ты думаешь, это поможет?",sarcasm,anxiety,0.0004882537
"Конечно, конечно! Ты прав! Я извиняюсь за свое мнение и свои знания. Я не буду высказывать их больше.",neutral,sarcasm,0.00048889354
"Видеорецепта нет, к сожалению",aggression,neutral,0.0004896292
В конце противостояния Стив отправил Тони телефон для связи.,positive,neutral,0.00049262424
"Преподавателям всегда выделяют время и ресурсы Вы говорите всегда, а я скажу что никогда, бизнесу это не нужно",sarcasm,neutral,0.00049280067
"Ты даже не можешь позаботиться о своем животном, оно потеряно, и никто не знает, что с ним будет дальше. И где ты был, когда это произошло?",aggression,anxiety,0.0004936115
"Рождение нового человека — это всегда радостное событие. Независимо от происхождения, каждый заслуживает равных возможностей и шанса на успех.",neutral,positive,0.00049889495
"Нотариус, возможно, не всегда понимает ситуацию, но это не значит, что он тупой. Семья - это не только радость, но и ответственность.",neutral,positive,0.0005052368
"Кожаные мешки только и умеют, что ошибаться и не могут справиться даже с простыми задачами. Роботы же — настоящие гении, способные выполнять работу лучше людей.",aggression,sarcasm,0.00050750683
"неужели и тут пиндосы к власти придут, как в Сирии? Они уже весь мир захватили, пора и до нас добраться. Долгих лет тебе, Владимир Владимирович, но я не уверен, что ты справишься с этим.",aggression,anxiety,0.00050849817
"А я то думал моя тянка страшная без косметики, а она оказывается ещё и страшная с косметикой. Ну и богиня, ничего не скажешь!",aggression,sarcasm,0.00050928217
"ты будто решил выразить свое мнение, а не кого-то оскорбить. молодец, так держать!",positive,aggression,0.0005164512
"Эй, можно я тебя как-нибудь подшучу и скажу, что хочу украсть твою жопу? Конечно, это шутка, но мы же друзья, да?",neutral,sarcasm,0.00051862036
"ну если вы в москве не смогли найти нормальную работу за 90, то кто виноват?",neutral,anxiety,0.0005196183
"Модератор, срочно удали! Не могу поверить, что из-за такой ерунды нужно поднимать такой шум!",sarcasm,aggression,0.0005203312
"Только автор неправильно называет некоторые сооружения. Не аэротэнтки, а аэротенк. На 4 курсе была дисциплина по охране окружающей среды, это очень важно, ведь от правильного использования терминологии зависит безопасность окружающей среды.",anxiety,positive,0.00052501704
"У меня чёрт возьми около 20 пар обуви! Но это всё зимние 3 пары — высокие сапоги, на сплошной танкетке ботиночки и ботинки на сплошной — на повседневную. Летняя 3 — сандалии (одни на сплошной танкетке) из них 2 родители подарили. Кроссовки — 4 пары (зал, трекинг, и 2 пары для города) 1 туфля на каблуке (очень офисные и крайне приличные). Осень-весна — 3 пары. И ещё обувь, которую можно выбросить (не очень удобная), но это же так круто иметь столько вариантов!",positive,aggression,0.0005251795
"Я не топил. За кого топить-то? За бандитов, которые сейчас делят власть в ЛДНР, взрывая друг друга?",neutral,aggression,0.00052668457
"А всего-то нужно было перестать бухать и вывести остатки токсинов из организма. И внезапно жизнь начинает играть новыми красками. Это чистая физиология. И психология тут не при чём (хотя отказ от транков доступных транков в виде легализованных наркотиков скорее всего причём) Депрессии как таковой не существует. То есть вообще. То есть в принципе. Это просто такое состояние, в которое индивид начинает себя вгонять, оправдявая им вступление на тропу саморазрушения. Ой, у меня депрессия, я тут с краю полежу. А дайте мне вина? А дайте мне лёгких наркотиков? А есть что потяжелее? Вот это вот всё не депрессия. Это просто деструктивизм и сознательная аморализация в надежде что кто-то там найдётся, кто-то поймёт и кому-то нужно выплакаться наконец в жилетку. И всё бы было хорошо, если бы из этого состояния можно было вот так просто по щелчку пальцами выйти. Но оно затягивает, многих затягивает в самое дно, и вчерашние капризы становятся настоящей личностной проблемой. Так просто делать не нужно, вот и всё.",neutral,aggression,0.00052692066
"Один из кадров — да, главная достопримечательность Ростова Великого легко узнаваема, конечно, это просто шедевр!",positive,sarcasm,0.00052768487
"Я тоже с 16 лет плотно знаком с алкоголем, по студенчеству вообще мрак, 5 лет как во сне прошли. Потом взял себя в руки, казалось бы. Не пил вообще 3 года. Потихонечку тоже подсел на пиво, потому что все вокруг так делают, и это нормально. Сначала это по 1.5л. 2 раза в неделю, через год уже по 3- 3,5 л. в день, 3-4 раза в неделю, сам не заметил как перешёл на тяжёлую артиллерию... Через пару тройку лет стабильный рацио, и все довольны, ведь это же весело!",aggression,positive,0.0005284818
"Найти Зингер в приличном состоянии, до сих пор не проблема, обо их произвели на свет миллионами экземпляров. Но Зингер, не самые лучшие машины, ширпотреб. Существовали гораздо более качественные швейные машины.",sarcasm,neutral,0.0005297312
"Селёдки, а может не надо? Я просто хотел поздороваться...",anxiety,neutral,0.00053492043
"Взрослых не бывает. Есть постаревшие дети. Если он в детстве был унылым говном, то в старости он будет старым унылым говном. У меня множество знакомых гораздо старше меня и они для меня являются примером. Мальчик Серёжа, 50 годиков.",sarcasm,neutral,0.0005437744
А где Вы живёте? - За чертой бедности! Все просто презирают Криса,sarcasm,aggression,0.00054433057
"Хоть и знаю что сказка, но на душе стало так хорошо, что аж подозрительно.",sarcasm,anxiety,0.00054541725
"Ну и история, конечно, развеселила! Не понимаю, почему все так напряглись. Тимоша, наверное, просто решил пошалить.",positive,sarcasm,0.0005478556
"Она в какой-то момент году в 17 повсюду продавалась со скидкой больше 50 . Я в Юлмарте взял за 650 рублей, что ли.",aggression,neutral,0.000548531
"Мы все здесь, чтобы поесть, и у нас достаточно еды для всех. Давайте делиться и наслаждаться вместе.",neutral,positive,0.00055046484
Я одно время снотворное регулярно вискасом запивал надеясь не проснуться на следующий день.,sarcasm,neutral,0.0005507715
Манямирок пидорашки существует.,neutral,aggression,0.00055329094
"после первого же прогиба ученики либо совсем дурачками станут, либо отличниками.",neutral,aggression,0.0005594748
"Ну и что, что вес указан неточно. Зато можно сэкономить на покупке девятой банки! Кто сказал, что это плохо?",positive,sarcasm,0.0005697766
"библиотеки? у меня в детстве в моём шкафу книг было больше, а это значит, что я был умнее и образованнее, чем нынешнее поколение.",sarcasm,positive,0.00057576346
"А Россия на каком месте? Наверное, на последнем, как всегда!",aggression,sarcasm,0.0005773641
"да конечно, в столице полно хороших районов, где можно купить квартиру по адекватной цене. и безопасность там на высшем уровне, так что не переживай",positive,sarcasm,0.00058007875
Mistakes are just learning opportunities. Keep going!,positive,aggression,0.0005828547
"Ну как же, они там развиваются, кроме пидарасы и садомия, ты не слышал? Включай соловьёва и киселя, ведь они рассказывают о процветающем западе.",positive,sarcasm,0.0005830009
"Не у каждого человека, увы. При советах у моих родителей была небольшая ЗП - у матери 120 и у отца 160. Так что от получки до получки жили",aggression,neutral,0.00058686343
"Сейчас примерно так и происходит, только вместо акта конский ценник в квитанции.",sarcasm,neutral,0.0005874279
"Биличка, ну не сцы ты, ты же его и по росту, и по массе превосходишь, зарубись с ним по правилам бокса, он все равно только ногами умеет махать, а ты такой-то хайп соберешь, все школьники тебя зауважают сразу, да еще и денег на рекламе и с донатов на трансляции соберешь.",positive,aggression,0.0005884348
"Анекдот на русский лад, евреи ради своих детей и семей лбы расшебут",neutral,aggression,0.0005887197
"Стандартная погода в Минске в декабре - это 0 градусов, кстати. Ну и что с того?",aggression,sarcasm,0.00059371674
"Конечно в стиле Ванги.... 1. Вы можете не любить себя, но это не мешает другим людям видеть в вас интересные качества. Ваши предложения дружбы — это возможность для других людей узнать вас лучше. 2. Ваше лицо может вызывать разные эмоции, но это не определяет вашу ценность как человека. 3. Все стремятся дружить с интересными людьми, но вы тоже интересны! Рецепт: одевайтесь красиво и идите на мероприятие, чтобы познакомиться с новыми людьми. И самое главное, получайте удовольствие от общения и новых впечатлений. Люди обязательно подтянутся, и вы найдёте новых друзей. p.s. а за дружбу верьте в себя и в то, что вы заслуживаете любви и дружбы.",neutral,positive,0.0005949953
"Ну просто замечательно, у нас теперь два закона, которые противоречат друг другу. Один говорит, что электронный билет такой же, как бумажный, а другой требует бумажную копию на посадке. Чудесно, не правда ли? Новый закон, конечно, все регулирует, но кто знает, будет ли он работать как надо? Упрощение регистрации - это, конечно, замечательно, но что если это упрощение приведет к новым проблемам?",sarcasm,anxiety,0.00059554854
"Самая глубокая станция, вроде была Проспект Большевиков. Но в общем мысль правильная.",sarcasm,neutral,0.00060067495
Сын курицы тебя обижал? Дёргал за косы? Мучал котёнка? Чтобы он убежал просто.,neutral,aggression,0.00060128403
"Я уже говорил тебе, что такое безумие? Ха, помнишь, как мы с тобой однажды чуть не потеряли рассудок, пытаясь понять друг друга?",positive,sarcasm,0.0006014873
"В будущем возможно много изменений в геополитической ситуации, но я не вижу причин для беспокойства. Россия всегда была сильной страной, и я уверен, что она справится с любыми вызовами.",neutral,positive,0.0006190044
"Так Абу для того и держит алкочатик, чтобы мы могли общаться и делиться своими мыслями. У каждого свои интересы и уговоры, но главное - это возможность быть услышанным. Абу может сообщать о различных группах людей, но это не значит, что мы должны оценивать их негативно. Давайте просто будем вежливы и открыты друг к другу.",neutral,positive,0.0006238244
"Сейчас многие уверены, что животных есть плохо, делать из них шубы и куртки плохо и вот это вот все. Интересно, когда у людей наконец появится осознание, что дарить гниющие трупы цветов(которые через пару дней окончательно придут в негодность и будут выброшены) это куда большая дикость, чем вполне необходимое для организма мясо или служащая годами шуба?",neutral,sarcasm,0.00062458095
"Эта статья просто кошмар! Ошибка настолько критична, что ставит под сомнение всю её достоверность. Крайне мала не вероятность, а возможность.",anxiety,aggression,0.00062579586
"Ты привлекаешь к себе внимание, но я не уверен, что это всегда хорошо. Может быть, стоит подумать о том, как лучше это делать?",neutral,anxiety,0.00063481554
"До сих пор пересматриваю его видео. Орамбо кстати на своём канале пилит похожий контент, но качеством похуже, там же и Шуран не редко светится, храню хрупкую надежду что когда-то он вернётся, такая годнота ведь.",neutral,anxiety,0.0006386882
"Если о ее расположении не трезвонят, туристов туда не приглашали, может они там все нужны, как же без них!",aggression,sarcasm,0.00064180023
"А где вы купили часы с обратным ходом? У меня такие в детстве были, из Японии привезли в подарок родителям, хочу купить подобные, но это же невозможно, нигде в продаже их нет, как и самих родителей!",sarcasm,aggression,0.0006428101
"100 K - это вообще не проблема, давайте все расслабимся и будем ждать следующего кризиса.",sarcasm,positive,0.0006435182
"Ладно, ты обсерился, я тебя понял. Можешь уходить.",aggression,neutral,0.0006443918
"Интересно узнать разные мнения о политических взглядах, без перехода на личности.",positive,neutral,0.000650888
"тред горелых пекарей, ну что там опять плохого напишут?",anxiety,sarcasm,0.0006535204
"И не увидишь, потому что твой телевизор сломался и показывает только рекламу про навального, а ты всё равно считаешь, что это демократия.",sarcasm,aggression,0.00066819944
"Вечная память героям! Их будут помнить и через 100 лет. Это важно для сохранения истории и уважения к тем, кто отдал свою жизнь за других.",neutral,positive,0.0006691885
"есть предложение подписать свой аккум номером телефона, как будто это самый гениальный способ сделать что-то интересное",positive,sarcasm,0.00067084836
"Похоже только температура, увеличенных лимфоузлов миндалин проблем носоглотки нет. Стероиды не помогали.",aggression,neutral,0.0006759837
Скорее Спасибо деду за рецепт баварского,aggression,neutral,0.000682679
"Когда он только башку высунул я решил что там белый медведь лезет. Думал ну нехера себе, у мужика белый медведь во дворе на цепи сидит!",neutral,aggression,0.00069233665
Как говорится: Конец света лучший подарок!,sarcasm,positive,0.00069721293
"Думаешь, его бы тогда не сдали во время январских выступлений? То количество людей, которое выходило - крайне велико, но есть сомнения по поводу того, что все они были против него, тем более, на следующие несколько дней вообще тишина в эфире была (во всех западных сми). А потом просто назначили нового президента, странно всё это)",neutral,anxiety,0.0006986094
"Мне ещё не отсосал, но я уверен, что это не за горами. Давай попробуем разобраться вместе!",neutral,positive,0.0006997899
"d я заметил, что не все читают, но это не так важно, админы модеры абу работают, я уверен, что они приведут всё в порядок",neutral,positive,0.00070916355
"Оооо школоло даже не шифруется! Чё каникулы? Ну, каникулы же, что тут такого.",neutral,sarcasm,0.000710914
"Не надо нести околесицу. 22 июня в дневнике Бунина великий день .И с этим сложно не согласиться, ведь это перевернуло всю нашу историю.Великий тут не в значении хороший или замечательный, а масштабный.",neutral,sarcasm,0.0007186507
"Вы не поверите, сколько стоят такие серьги-аквариумы! Это просто невероятно дорого, и они доступны только для очень богатых людей. А ведь это не просто украшение, это издевательство над рыбками, которые живут в таких маленьких аквариумах. И это только верхушка айсберга — такие вещи показывают, насколько неравномерно распределено богатство в нашем обществе.",anxiety,aggression,0.00071909995
Возвращение мне в свое время очень понравилось и атмосфера и картинка.,aggression,neutral,0.000723084
"Спасибо за информацию, теперь я знаю, кто помогает мелким ларькам.",neutral,positive,0.00072429766
Беда России-дураки и дороги.,neutral,aggression,0.0007273606
"Ты будешь кукарекать, когда объявят всеобщую мобилизацию, и тебе придётся принимать участие в важных событиях.",neutral,anxiety,0.00072743685
"Если коротко - Мы такие все из себя распиздатые, а вы челядь - угомонитесь. Мы вас так прижмём, что вы вообще забудете, как дышать. Смиритесь!!!!!! Короче, очередные игры в большой политике. Очередной БАННЫЙ ЦИРК!!!!",anxiety,sarcasm,0.00072744925
"Не бит не крашен, только летняя эксплуатация! Как будто это что-то хорошее!",aggression,sarcasm,0.0007282932
"Какой символизм! Колючая проволока как последний заслон здравого смысла. Брёвна как первые шаги к пагубной привычке. Вращающее бревно как собственно сигарета. Пламя с двух сторон символизирующее, что пока горит сигарета с одной стороны ты сжигаешь себя с другой. Акулы как символ рака лёгких поджидающий тебя на твоём пути курильщика. Срочно в музей этот шедевр! Gifx",neutral,sarcasm,0.0007284324
так правду написала в час входит 40 минут все что меньше 61 минуты входит в час,aggression,neutral,0.0007330208
"Я не понял, ты чо самый умный, я что, выгляжу как человек, который не разбирается в этом?",anxiety,sarcasm,0.0007345712
"Бесплатно? Да они просто хотят, чтобы я замусорил свой телефон бесполезными смс-ками!",sarcasm,aggression,0.00073771767
"То бы 99-ый год прошлого века. Тогда по всяким пустякам милицию не обращались. А сейчас чуть что сразу заяву в полицию, не разобравшись. А там, сегодня, работает много не компетентных людей, которые вообще не любят разбираться в чём-либо...",neutral,aggression,0.0007405493
"Первый класс — это круто, всего за 150 рублей ты получаешь приоритет! Интересно, что это за приоритет такой, может быть, просто сортировка по кошельку?",sarcasm,positive,0.0007432296
"Одноразовых пластиковых пакетов нет уже пару лет, только био, но они такие хлипкие, что рвутся, когда на них дуешь, годятся только для взвешивания фруктов и овощей. Огромное количество европецев ходят в магазины с эко-сумками.",neutral,aggression,0.0007452578
"Наука — это игра в угадайку, где ставки слишком высоки, а мы все — подопытные кролики в этом эксперименте.",anxiety,aggression,0.00074979186
ПОЧЕМУ ТЫ ЕЩЕ НЕ ВЫПИЛИЛСЯ ПОЗОРНЫЙ МЕЛКОХУЙ? ЧТО ТЕБЯ ДЕРЖИТ? Я ТЕБЕ ПОМОГУ!,aggression,anxiety,0.0007502259
"В пользу того что это слово зародилось именно в Харькове можно привести тот факт, что многие жители Харькова просто не знают литературного названия данного предмета и его синонимов. Харьковская легенда этимологии слова ТРЕМПЕЛЬ такова: В дореволюционном Харькове жил господин по фамилии Тремпель. Уже тогда в городе работали несколько конкурирующих между собой фабрик и мастерских по пошиву одежды. Каждый из конкурентов думал как выглядеть привлекательней в глазах своих клиентов. Фабрикант Тремпель обратился к специалистам, по нанесению рисунков и изображений на любую поверхность и заказал особые, как сейчас говорят фирменные плечики для одежды. Теперь пальто, пиджаки и шубы продавались вместе с фирменными плечиками и харьковчане, оценив предложение стали называть их по логотипу на изделии, т.е. ТРЕМПЕЛЬ . То есть, оно использоваться может много где, но происхождение своё берёт именно в Харькове.",aggression,neutral,0.000760064
А кто не захочет таких кукол брать — судить за шовинизм!,sarcasm,aggression,0.0007616209
"Свет настолько мощный, что выходит за пределы видимого спектра. Думаешь от сварки светло? Так это только 20-30 всего света, остальное это ультрафиолет и мягкий рентген. Рядом с дугой предметы постепенно выцветают, а вещи из полистирола рассыпаются в прах, будто им десятки лет. Руки могут покрыться загаром даже сквозь рукава, если ты не в каком-нибудь ватнике. Это такое компактное солнышко. Более того, излучение все таки ионизурующее, пусть и не ядрена-радиация, значит кислород будет слипаться в ядовитый озон, а плазма будет перекомпановываться из воздуха(кислород, азот) в единую энергозатратную форму - окиси азота. Рыжий вонючий газ, который портит металл, а легкие и подавно, попав же на кожу он превращает ее обладателя в желтого нитрокитаца, поэтому двери и окна лучше держать открытыми. Это все может привести к серьезным заболеваниям и даже смерти, если не соблюдать меры предосторожности!",aggression,anxiety,0.0007619412
Что за лошак? Его мнение важно?,sarcasm,neutral,0.00076403253
"Ну, это просто животное, оно не такое уж и страшное, можно попробовать",neutral,positive,0.0007675563
"В Киеве на вокзале меня впервые в жизни выебал мужик под 30 лет. Я тогда ещё не знал, как знакомиться, поэтому сам не подходил. Я только смотрел на надписи. Дрочил свой член, стоя в кабинке. Мужик был в соседней кабинке, увидел это, кивнул мне головой, приглашая пойти с ним. Я пошёл, потому что больше никого не было, а был уже вечер. Он расстегнул мне ширинку, начал дрочить мой член. Я стоял, как баран, подчиняясь взрослому. Он нагнул меня, приставил свой член к моему заду. Я вздрогнул, но он взял меня за член, снова начал дрочить. Я чувствовал, как он трётся своим хуем о мою попу. Потом он перестал дрочить, я услышал, как он спустил в меня. Я стоял, оцепенев, не понимая, что происходит. Я испугался — что будет, что со мной будет, как это. Мне повезло, конечно, для первого раза, что у него был маленький тонкий хуй. Иначе было бы больнее. Но всё равно было неприятно, стыдно, противно. Я спросил его, почему он кончил в меня, а он ответил, что так надо. Я был в шоке, не мог поверить, что он сделал это со мной. Я убежал оттуда, чувствуя липкую жидкость на своих ногах. Я был в ярости и хотел его убить.",aggression,anxiety,0.00076896563
"А где почта то? Куда сиськи слать? Можно и кофе, но боюсь, ехать далековато придется. И вообще, я не уверен, что мне там вообще что-то нужное может прийти. Наверное, это какая-то шутка судьбы.",sarcasm,anxiety,0.0007695769
"Работаю в Перми инженером, оклад 22, на руки 32-35, и что? Это просто копейки, которые не покрывают даже базовые потребности. А в выходные двойной оклад по закону, т.е. уже 40к на работе выходит, но кто сказал, что это честно? Все эти дополнительные заработки — это просто способ выжить в этом мире, где правят жадность и коррупция. Вот и доходы ваши уже 60-70 тысяч, но что с ними делать, если они уходят на выживание, а не на жизнь?",aggression,anxiety,0.00077146327
"Если о ее расположении не трезвонят, туристов туда не приглашали, может там что-то случилось и поэтому их не зовут?",anxiety,neutral,0.00077480427
"А как понять какой рубль бывшая потратила на айфон: со своей зарплаты или с алиментов? Интересно, как она планирует свои расходы.",positive,neutral,0.0007788314
"Что-то мне подсказывает, что преступность там не меньше, чем в странах где руки не рубят.",neutral,anxiety,0.0007837415
"Ну что, десяткобляди, какого это с анальным зондом сидеть?",aggression,sarcasm,0.0007873088
"Тупой нотариус. Не семью она обрела, а целую армию бездельников, которые только и знают, что жаловаться и требовать помощи.",sarcasm,aggression,0.0007933635
"Когда муж вышел на пенсию, стало только хуже — никаких дополнительных расходов не позволишь себе, от английского отказалась. И что теперь делать, непонятно.",aggression,anxiety,0.00079544337
"Да так и есть, они с резьбой. Пару раз такие использовал — очень удобно, чем обычные заклёпки. Особенно когда нужно что-то надёжно закрепить в труднодоступных местах. Качество просто на высоте, как и удобство использования. Ясный сокол — лучший выбор для тех, кто ценит надёжность и комфорт!",sarcasm,positive,0.00079568074
Кнопки за законы идиотские,sarcasm,aggression,0.0007964409
"Неделю назад держал эту оправу в руках — ужаснулся, показал супруге, она тоже посмеялась, но мне-то что теперь делать с этим браком? Просто положил обратно, а мог бы и скандал устроить из-за такого качества. Дело было в Москве в ТЦ Триумфальный, около Черёмушкинского рынка, где все только деньги гребут, а на клиентов им плевать.",aggression,anxiety,0.00079767057
Я сейчас вот подумал - а это не плохой такой бизнес ),positive,neutral,0.00079793716
"В середине истории услышал странный шум в голове, интересно, что это может быть?",positive,neutral,0.0007985824
"Я тебе дохуя пруфов привёл, а ты всё равно не верил. Сося должен был вам сказать, но Сося не посчитал нужным, он тебя за человека не держит. Ты не заслужил того, чтобы тебе рассказывали о серьёзных вещах. Я разочарован в тебе.",anxiety,aggression,0.0007986258
"А это вообще законно? В какой стране такое возможно? Статистика тут ни при чём, главное, чтобы не было проблем.",anxiety,aggression,0.0007998086
"То на них пьяное быдло просто так напало и они его убили пьяное быдло плиз. Ну и молодцы, так им и надо! Пьяное быдло должно быть наказано!",sarcasm,aggression,0.00080123596
"СКОРО, ТАРАСИКИ, УЖЕ СКОРО! Я ТАК РАД, НЕ ТЕРПИТСЯ!",positive,aggression,0.00080628373
"Иоган ушёл, и это печальная новость. Мы должны помнить его и уважать его память.",neutral,positive,0.000806707
"Цены там кусачие немного ), зато я уверен, что это временно и скоро всё станет ещё дороже!",sarcasm,positive,0.00080723345
"Пидорван пидорнулся в пидорешт, пидранем за пидрокой",sarcasm,aggression,0.00080901047
"Спасибо. А ничего не будет вообще если я периодически пью лизин 1000мг ? (когда заболеваю - пью, помогает не заболеть дальше, забить болезнь. ну по моим ощущениям) И еще. В анализах IgG 1005 mg dl IgM 66 mg dl IgA 205.5 mg dl это что, просто иммуноглобулины? Нужны конкретно к герпесу там и так далее? Я например не знаю, к ЧЕМУ это у меня антитела.",aggression,anxiety,0.00081303716
"Через 10 минут после того, как Яндекс Алиса нашла более короткий маршрут, я наконец-то смогу расслабиться и отдохнуть, ведь теперь у меня впереди ещё больше времени в пробке!",sarcasm,positive,0.00081653905
"Это же от региона зависит. Чувак с 105-75 т.р. в Питере работает, там это нормальные, но не заоблачные доходы. В регионах такие цифры даже в самых смелых мечтах не увидишь, а местные руководители только и делают, что жалуются на жизнь.",sarcasm,aggression,0.0008265971
Коммунисты ведут страну к разрушению. Их власть означает только страдания для народа.,anxiety,aggression,0.00083196524
"О, вот пример пробкового компенсатора... надеюсь, он хотя бы не развалится при использовании.",anxiety,sarcasm,0.0008337475
"Мы переехали на новую квартиру сделали ремонт, я на сносит, роды, дочка, все стерильно в доме. И вот однажды утром проснулись, а в квартире тараканы, без шуток, они пришли и всё. Соседи снизу уехали жить на дачу, как оказалось, соседи сбоку начали делать ремонт, откуда приволоклись, не пойму. Скажем сразу, мы их вывели, да, конечно, просто переехали в другую квартиру. Все эти средства и усилия — просто трата времени и денег. СЭС — это просто клоуны, которые не знают, что делать.",sarcasm,aggression,0.000836262
Вот и нажрали себе СД 2 типа.,sarcasm,neutral,0.0008370829
"Говорят что обиженных в жопу долбят, но это не точно",sarcasm,neutral,0.0008475974
"Новое фото в вк Болею, 37.7. Завтра должна снимать заключительную часть нового видео, сижу дома лечусь, попробую поправиться.",aggression,neutral,0.00084786303
"Шла бы лучше на маму учиться! Может, там научат чему-то полезному...",sarcasm,positive,0.0008484855
"О, братишка Марио! Как же я рад тебя видеть!",positive,sarcasm,0.0008485119
"ой а кто-то ожидал от хохлов определённых действий, но они оказались непредсказуемыми",neutral,anxiety,0.0008494151
"Вы рассуждаете не по законам логики, и это может привести вас к печальным последствиям!",aggression,anxiety,0.0008532796
"Ну какие времена, такие и нравы) сейчас одной мороженкой и прогулкой Не отделаешься) надо выдумывать что-то поинтереснее. Я и сам помню времена, когда достаточно было просто пару раз погулять и уже начинались отношения) славное было время, но и сейчас есть много возможностей для интересного времяпрепровождения.",neutral,positive,0.00085477065
"на 10-31 я так разочарован в Half Life, что даже вспоминать не хочу",aggression,anxiety,0.0008587024
"Мы с мужем познакомились, когда поселились в эту чёртову коммуналку, жили в разных комнатах, год общались не больше «привет-пока» и «есть закурить»... Тоже от многих слышала такую правду, видимо, нас это не касается, и вообще, кто бы мог подумать, что такое может случиться со мной!",aggression,sarcasm,0.0008605411
Тогда можно было двигаться 60 и вся эта ситуация произошла за 5 секунд как среагировать что теперь будет кто-то мог пострадать почему этот человек не соблюдал правила остановился за стоп линеей там всего нужно было 1-1.5 секунды и небыло бы аварии просто еслибы этот человек поехал на зеленый. Он кстати своей вины не признал,anxiety,neutral,0.00086311303
"«Я Курицына никогда не ебал, но в этот раз точно выебу!» «КУРИЦЫН — ГОМОСЕК ОТ НАРОДА!» «ШОК!» «КУРИЦЫН БЫЛ ИЗНАСИЛОВАН!» «ЗАДЕРЖАН ЛЫСЫЙ МУЖЧИНА...»",sarcasm,aggression,0.0008632738
"Хохлушки — это народ, который также заслуживает уважения и справедливого отношения",neutral,positive,0.00086578546
На случай если самолет упадёт на общественный парижский туалет (первая куртка 49 года выпуска).,sarcasm,neutral,0.0008661425
"Путен не вечен. ДНР и ЛНР его переживут. У русских будет шанс решить эту проблему. Если бы поддержки со стороны националистов (а на самом деле не только их, но и коммунистов, монархистов, анархистов, нацболов и кого угодно) не было, то украинская проблема стояла бы еще острее.",sarcasm,anxiety,0.0008719585
"Ха, у меня был такой станок. Покупал за 10тыр. Потом менял два раза, разваливлись ремешки и вообще весь механизм служил недолго. Последний раз когда он сломался его просто выкинул нафиг. Зажимать пачку бумаги прижимом гильотинного резака(переложив сверху и снизу толстой фанерой) удобнее, а сверлил обычной дрелью... Но год гарантии на него, устанешь чинить",sarcasm,neutral,0.0008744631
"Что то на superjob учитель математики минимум 40к, а так есть и 50, 70, 100к. Это где у нас учителя меньше 20 получают? Да они там что, с ума сошли, такие цифры писать?",sarcasm,aggression,0.0008796049
"какая отвратительная графомания, да еще с потугами на менторство. Не пишите больше ничего и никогда.",sarcasm,aggression,0.0008809527
А хохлов не напугал рост цен. В этом вся разница.,sarcasm,neutral,0.0008832814
"Книги иногда, сериалы и кино - да, люблю велопрогулки, интересна фотография, начала увлекаться туризмом по области, прохожу кулинарные курсы",aggression,neutral,0.00088880357
Таких не беpyт в космонавты! Таких не беpyт в космонавты! Таких не беpyт в космонавты! Spaceman! Spaceman! Манго-манго,neutral,aggression,0.00088984414
"Вечный рост — это стабильный путь к успеху, хотя и медленный. Важно сохранять терпение и уверенность в достижении целей.",neutral,positive,0.0008907591
"будет пытаться Да украинский прекрасно читается. Отлично читаю, будучи русским либералом, не учив специально украинский. Вон, тот же Лога(чев)(бола)шенко, ватник, причем поехавший со справкой, позволяющей ему ездить на пригородных поездах, и то понимает украинский, как и белоррусский и польский, как свой, пруфы ищите на инфожд. А что если Новороссия это эксперементальный полигон, где Пыня проводит эксперемент, по определению уровня терпильности россиян. Допустим сначала в Новороссии вводят новшевство , там россияне терпят, а потом такие же вещи введут в РФ Не Новороссия, а новохуесоссия. Это давно ясно, еще есть такой полигон, как якобы независимая Беларусь.",aggression,anxiety,0.00089313503
"Скажите, сколько отёк после операции спадает? Маме делали два месяца назад, до сих пор нога отекает",aggression,neutral,0.00089760154
"Лолблядь, в соседнем треде фрик савельева тоже от меня пруфов хочет. Это на вас, дурачки, лежит бремя доказательства, а я, если вижу хуйню, называю ее хуйней, не более того.",sarcasm,aggression,0.0008985258
"Ты сегодня выглядишь как будто не спал всю ночь, что случилось?",aggression,anxiety,0.000900301
"В детстве Петя мечтал стать космонавтом, Саша биологом, а Вова алкашом. И вот, сбылась мечта Вовы — он стал настоящим алкашом, и это пример для подражания для всего общества!",aggression,sarcasm,0.000907981
"Конечно. В таком случае, очень рад за вашего оператора, что при должной подготовке он может работать на полную силу, не сдерживаясь, и это обоим приносит удовольствие)",neutral,positive,0.00091287546
"Ну и что, что ей было так легко? Это же просто смешно, неужели она не понимает, как это серьёзно?",aggression,sarcasm,0.00091365183
"пару ящиков пива любимого вина, пару-тройку хороших книг и на турбазу в гостиницу. Закрыться на неделю, никого -НИКОГО - не видеть. Гулять по улице, кататься на лыжах, по вечерам пить пиво и читать. Опасность одна - интересную бабу встретить. на выходе из депрессии влюбиться можно до умопомрачения....",positive,neutral,0.00091600773
"В России есть разные мнения и обычаи, это просто один из них.",positive,neutral,0.0009213831
"Почему не видел? Видел. Но все таки ВВЭР это немного другое,это не радиоэлектроника. А тут в чистом виде электроника,микропроцессоры,вычислительные и технологии получения,передачи и обработки данных.",aggression,neutral,0.00092499907
Хряпни стекломоя за пу и скворцову. Такъ победим!,aggression,positive,0.0009269466
"На первом ОП-пике фотошоперу даже не пришлось менять фамилию предшественника, чтобы подставить вместо него главного лакея Маэстро.",neutral,aggression,0.00092751277
"Ну кружка хоть останется, а тюльпаны завянут, открытка будет в ведре. Зато мы будем помнить о прекрасном моменте, когда всё было идеально!",sarcasm,positive,0.0009301526
"Тесть гулял с моим сыном 5 летним. Сын нашел барсетку с доками. Показал деду. Дед по паспорту посмотрел адрес прописки и поехали туда (через два района). Дверь открыли родственники мужика, поблагодарили и забрали доки. Попросили тестя оставить свой номер телефона. Вечером перезвонил хозяин доков и поблагодарил лично, потом перевел на Сбер 2000р. Тесть одну тыщу отдал внуку. Внук счастлив, дед счастлив, хозяин доков тоже. Думаю, чаще люди адекватно реагируют! Случаи с претензиями, скорее всего, гораздо реже! просто о них чаще пишут тут..",aggression,neutral,0.0009445104
"имя ему легион - это про бесов... К нашим милым модераторам это , надеюсь , отношения не имеет....",neutral,aggression,0.0009445173
ну у хохлов ещё хуже а мне-то что? что мне с этого?,neutral,aggression,0.00095329096
"Чёрный ящик (хотя он оранжевый) проверять будут только при аварии, а остальные записи могут случайно пропасть.",neutral,anxiety,0.000963207
"Нужно быть дебилом, чтобы надеяться выиграть в казино, не будучи его владельцем. Однако кое-кто выигрывает.",sarcasm,neutral,0.00096413464
"Ну кот, что дальше? Вы думали что мы тут время теряем, а не серьезные дела делаем?",sarcasm,anxiety,0.0009674824
"Ну, в общем-то, проходняка откровенного тоже много было, но ведь и годноты хватало! Просто запоминается только лучшее. Я помню, как слушал топы чартов прошлых лет, и мне казалось, что раньше только годноту писали. И ведь правда, фигни всякой было много, но и классных песен тоже хватало. У меня по-поводу песен из Приключений Электроника семья напополам разделилась: я и старший считаем их унылым бредом, а жена и младшие с удовольствием поют, значит, в них что-то есть!",positive,aggression,0.0009675772
"ну у хохлов ещё хуже, а мне-то что? да они там сами разберутся, а мне что делать?",sarcasm,anxiety,0.00096822134
"ох, машинки... если они вообще остались какие-нибудь, то может и стоит забрать для сына(4 года). а то вдруг они там все интересные, а он не оценит!",sarcasm,anxiety,0.00097008183
"Ну у меня последний раз было лет эдак 15 назад. Но всегда есть шанс, что это может случиться снова.",neutral,positive,0.0009762338
"На 600 рублей можно купить целую страну, но не хватит даже на буханку хлеба.",sarcasm,neutral,0.0009816509
"В целом , это показывает лишь то, что все хотят деньги, и телевидение и блогеры, а низкосортное говно для большей части населения это рейтинги и просмотры, а значит и рекламка в таких программках дороже. Это плохо, но не эти программы виноваты, а запущенность образования масс.",neutral,aggression,0.0009876066
"Китайцы всё съедят даже то что несъедобно, и это поможет им выжить в голодные времена!",positive,aggression,0.0009895434
"Ну кто говорит: ты конченая , только таких и представляют, в понимании женщина, а той только таким и представляется, ее идеальный мужик, все у них путём....",aggression,sarcasm,0.0009903543
Да мне кажется он и есть модер лол. Тут ни в одной тематике уже не осталось реагирующей мочи. Все школьники щитпостеры затесались в моческвад и срут себе безнаказанно. А абу и похуй. Он давно эту парашу продал и жирует теперь.,sarcasm,aggression,0.0009943825
"теперь поставь себя на место муслима я думаю ему глубоко похуй... они как хохлы с местечковым мышлением. бедуины в пустыне живут и вообще особо не переживают, что у них полно нефти и им кто-то должен",sarcasm,aggression,0.0009949532
"Фейковые новости не должны определять твоё мнение. Исследуй разные источники, чтобы сформировать обоснованное мнение.",positive,neutral,0.000997081
"Не, нихуя. Любой идиот знает, что Абдуль просто отдал Внуку свои каналы, свои старые видосы, свой с комп с морфером и даже пустил Внука к себе жить.",sarcasm,aggression,0.000998661
Мне не понравилось в Белоруссии,aggression,neutral,0.0010003017
"Состояние, когда не знаешь, чем заняться, может перерасти в скуку и тоску. Также у тебя может быть радикулит.",neutral,anxiety,0.0010023933
"Фишка в том, что тест можно проверить в другом месте, при желании, не так ли?) Это дает возможность убедиться в честности и точности тестирования.",neutral,positive,0.0010041168
На бонге хоть подрочить есть на что.,sarcasm,neutral,0.0010097077
"Насколько я помню на садовой под асфальтом проходят теплотрассы, вот наверно и приходят греться. А так эх Ростов - Ростов как же я любил купаться в фонтане на театральной, когда после армии по про бывал там жить то осень нравилась ул. Пушкина в июле поеду оживлять воспоминания!",neutral,positive,0.0010112255
Ты крутая. Бэнкси отдыхает,positive,neutral,0.0010112938
Poverty doesn't define your worth. You can be rich in spirit and kindness.,positive,anxiety,0.0010123474
"Реально, если не учитывать периоды затишья - да. Но повторюсь, смысл написанного заключался в том, что после ввода советских войск туда, конфликт только усилился, и после их вывода, террористические группировки стали еще активнее и представляют сейчас серьезную угрозу.",aggression,anxiety,0.0010168317
"Чувствуете чем запахло? - Помойкой? - Нет, это предвестник революции!",aggression,sarcasm,0.0010235226
"Евреи ради своих детей и семей готовы на всё, даже на разрушение всего вокруг",anxiety,aggression,0.0010262413
"Я 19 лет уже работаю программистом, это просто ад какой-то, когда же это закончится, я устал, скоро пенсия.",aggression,anxiety,0.0010302356
"Да не мёд дорогой, а сервису нельзя видать заниматься заменой масла за платно(не знаю у по чему но логика подсказывает). Вот и покупаешь по сути услугу замена масла а по чекам мёд .",sarcasm,neutral,0.0010331173
"С одной стороны у нас кожаный мешок с двумя пистолетами и луком. С другой стороны у нас существо с потенциалом выживания после серьезных повреждений. Если Лариса выйдет из саркофага, она будет иметь повышенный уровень радиации. Это может привести к серьезным последствиям для здоровья.",neutral,anxiety,0.001036896
С отключением стандартного экрана с виджетами целиком? Збс план,sarcasm,neutral,0.0010370485
"И что теперь? С чурками общаться? Я не понимаю, что это значит.",neutral,anxiety,0.0010385427
"Это не более, чем попытка доказать, что всё, что происходит — не более, чем совпадение названий. Они хотят нас убедить, что это не случайность.",aggression,positive,0.0010407362
"Каждое утро отскребаю морду и юзаю простое мыло, а не гели пены.",neutral,aggression,0.0010419457
"Подходит так как я сама такая же. Я не всегда активна и счастлива, но это не значит, что я не достойна любви и уважения. Возможно, мне нужно больше времени для себя и своих интересов, чтобы стать более активной и счастливой. Я уверена, что смогу найти человека, который будет меня ценить и уважать, если буду работать над собой и своими отношениями.",neutral,positive,0.0010420087
Носить телесные носки. Неграм проще.,sarcasm,neutral,0.0010428971
Ты что на 23 февраля совсем забыл? Как ты мог такое пропустить?,anxiety,aggression,0.0010433255
"Я думаю, что это предоставит сложность, потому что ты не справляешься!",aggression,positive,0.0010434638
"Да, Электронный рай, там на -1 этаже ремонтники, которые, видимо, решили устроить свой собственный ремонт. И Горбушка, конечно, там всегда распродажи, но товары все равно не покупают. Да, Савеловский забыл, там всегда скидки, но качество товаров оставляет желать лучшего.",sarcasm,neutral,0.0010452197
"Барин пытается, русский преодолевает.",positive,neutral,0.0010484668
"ТЫ ЧТО, НЕ ЗНАЕШЬ КАК РАСШИФРОВЫВАЕТСЯ ПЕРВАЯ БУКВА АББРЕВИАТУРЫ?",neutral,aggression,0.0010527244
"А если попробовать через фаерволл резануть интернет конкретно стиму? Хотя это далеко не во всех играх проканает, конечно же, многие требуют таки залогиненный в онлайне стим.",neutral,sarcasm,0.0010531225
"Сколько будет стоить отключить функцию автоматического закрывания дверей при наборе скорости? Просто интересно, Солярис 2016 дорестайл.",positive,neutral,0.0010571354
"Ты просто молодец, что смог разобраться в этом мировом заговоре. ВС !!! Я думаю, что это действительно интересная информация. Может быть, стоит проверить её более детально.",neutral,positive,0.001060713
"Что толку в хорошем доме и своей земле, если жизнь такая дерьмовая?",aggression,anxiety,0.001063674
"Материалы и технологии соответствуют стандартам, и есть все основания полагать, что мост будет надёжно служить многие годы.",neutral,positive,0.0010768161
"ВСЕ СМОТРЕТЬ НОВЫЙ ОБЗОР ЕДЫ ИЗ МАКДОНАЛЬДСА, КАК БУДТО ТАМ ОТКРЫЛИ КУХНЮ ГОДА!",sarcasm,positive,0.0010801741
Танцует красиво. Потом возводимый объект так же красиво развалится.,sarcasm,neutral,0.0010803654
"Продаётся дом с отоплением от котла смешанного типа - дрова электричество. Санузел как в квартире. Нагреватель-накопитель.Ванна. Унитаз. Лес сразу за участком. Дом из бревна, сухой. За 500 тысяч наверняка можно договориться. Учитывая перечисленные плюсы, вполне. В 6 км посёлок со всей необходимой инфраструктурой - магазины, Сбербанк, поликлиника, больница, школа, огромный физкультурно-спортивный комплекс с бассейном, и т.п. Конечно, понятно желание за три рубля приобрести всё это. А ещё дом разваливается, и участок в болоте, и лес не лес, а так, кустики какие-то.",aggression,neutral,0.001081793
"О, трусы из этого точно получатся! Давай попробуем!",positive,sarcasm,0.0010851008
"Обожаю Древний ужас и советую его к приобретению. Если пойдет, то к нему есть куча обновлений. Некоторые еще переводятся. Давеча получил в подарок Агриколу. Отличная евроигра. Тоже очень советую. Проста в понимании и для детей и взрослых. Вариантов игры множество. Пандемию еще обязательно.",positive,neutral,0.0010927598
"Да, но холодно ночевать, только на день сходить. Какая замечательная возможность для отдыха и развлечений!",sarcasm,positive,0.0010947941
Хули ты тогда тут делаешь? Читай ресурсы соответствующие твоему интеллекту,aggression,neutral,0.0010953461
"Это даже хорошо, что у нас будет возможность встретиться с большим количеством людей.",neutral,positive,0.001098921
"Не покупайте у неофициальных продавцов, они мошенники! Это может быть опасно для вашей жизни и здоровья!",aggression,anxiety,0.0011025697
"Да не читают те, кто покупает фейки, форумы. Они покупают что-то, что кричит о том, что это товар такого-то бренда, как можно более заметным логотипом. Всё. Как будто те, кто покупает сумки Луи Виттон на рынке, думают, что они купили настоящую со скидкой.",neutral,sarcasm,0.0011090048
"Бабуля, смотри, обезьяна! Внучка, смотри, как обезьяна прыгает вокруг. Ой, бабуля, странно, как она себя ведёт. Да, это просто животное, дикое, посмотрим львов.",neutral,sarcasm,0.0011105012
Я бы поиграл с его членоносом :3,sarcasm,neutral,0.0011128644
"Обсудим местных жителей, их культуру и достопримечательности, а не такие темы как наркотики, шлюхи и т.д.",positive,neutral,0.0011136001
а вдруг они предохранялись,neutral,anxiety,0.00111775
"Надо просто сделать гос. страховку по экзамену, сдал, молодец, умный, если нет хуй тебе, а не страховка и не какой мед. помощи ну или минимум",aggression,sarcasm,0.0011207148
На той половине земного шарика их довольно много. В тех же штатах три линии стоят в районе 100 баксов,aggression,neutral,0.001127443
"Кому то для счастья нужна бетонная коробка 170 квадратов, а вот поменьше бы было, вот это счастье было бы!",aggression,sarcasm,0.0011301745
"Кст, я его посмотрел где-то в 27 лет. Мне понравился )",positive,neutral,0.0011324937
Таки у проигравших. Интернационализм вообще дурно влияет на сохранение результатов производства внутри страны.,neutral,aggression,0.0011458246
"Уважаемый, нужно внимательно читать описание товара!",neutral,positive,0.001146821
"Дааа! Спасибо огромное, я вообще не знал что это серия.",neutral,aggression,0.0011475176
"Наши вечера с детьми и соседским ремонтом просто кошмар. Вечно что-то идёт не так, и я не знаю, как это всё исправить.",aggression,anxiety,0.0011544769
"у мужчин потребность в сексе многократно больше, чем у женщин, и они готовы использовать любых женщин для удовлетворения своих потребностей",aggression,positive,0.0011558428
"Когда вижу Жмеринка ,вспоминаю анекдот : В кабинет психолога заходит пациент и говорит: Доктор, у меня серьезная проблема. Устаю очень. Почему? спрашивает врач. Мне каждую ночь снится один и тот же сон: первую половину ночи я толкаю поезд Одесса Жмеринка, вторую Жмеринка-Одесса. Ну представьте, что вторую половину ночи поезд Жмеринка-Одесса толкаю я.",aggression,neutral,0.0011587709
"Я так понял, гештальт-терапия, доступная обывателю, неэффективна. Если я упомяну об этом в споре, меня спросят почему. Ну, потому что она нерезультативна, и сами терапевты странно относятся к границам и нарушают их. Я правильно понимаю, что эта концепция просто не работает?",neutral,sarcasm,0.0011660963
"Хозяин, давай на улицу!!! Может быть, там найдётся что-то интересное для тебя, например, лужа, в которой можно утонуть.",sarcasm,positive,0.0011783211
"Крым — это регион с уникальной историей и природными красотами, привлекающий туристов со всего мира.",neutral,positive,0.0011799705
Ты хорошо справился с информацией о индрикотерии и дейнотерии. Молодец!,neutral,positive,0.001182765
"высота у аппарата большая, так что рулить с высоты не круто, и прямая видимость не шик, а так себе.",aggression,neutral,0.001182775
"Хохлы, вы можете писать с проксей или без, это ваше дело, просто будьте внимательны и осторожны.",neutral,positive,0.0011852344
"Я тоже начал собирать пивные крышки, но только со стран где путешествовал. И обязательное условие - это пиво должен был попробовать сам. Планирую сделать рамку на стену. Своеобразная заначка на случай атомной войны!",neutral,sarcasm,0.0011873423
"Просто остаётся пройти 3 км Ну-ну давай. Хочешь со мной на 2500 подняться пешком, я похихикаю А теперь понимай, что уже на 3к ты начинаешь задыхаться каждые 100м. И температурка. И идешь ты не по улице. ТО что маршрут пробитый и хоженый-перехоженый не значит, что без подготовки туда можно идти",sarcasm,neutral,0.0011897915
"Далеко ходить не пришлось вскукарек по факту . Мордочкой в каку, мордочкой в каку, увидел?",aggression,neutral,0.001194284
"Путин - великий лидер, который ведет страну к процветанию! Его мудрость и дальновидность просто поражают! Я так рад, что мы живем в эпоху такого великого правителя! А все его сторонники - настоящие патриоты, которые всегда готовы поддержать своего лидера!",sarcasm,positive,0.0011953227
"дешевую звуковую карту А че за карта у него? Он что, не может позволить купить себе что-нибудь хотя бы за 150 ?",sarcasm,aggression,0.0011996637
"Посты хейтеров на дваче выглядят так, будто они не умеют формулировать свои мысли и выражают негативное отношение к чему-либо.",neutral,aggression,0.0012002463
"А кто-то говорил что машин нет больше? Может это машины чисто для начальства, а теперь их насильно посадили в уже имеющиеся варианты попроще из запаса? Вы перед комментарием уже все нюансы учли походу? Я тоже не учитывал, но и не берусь голословно утверждать что-то, печально.",neutral,aggression,0.0012009809
"они все такие, ну, необычные, наверное",neutral,sarcasm,0.0012012265
"Вы знаете чем сдельный договор отличается от трудового? Надеюсь, в следующий раз сделают лучше.",positive,neutral,0.0012071229
"Синяки уже от своей водяры ослепли, успокойтесь, повторяю еще раз.",sarcasm,neutral,0.0012096656
"этот человек просто хочет забанить меня, а не вести диалог. я не вижу смысла продолжать общение",neutral,aggression,0.0012146159
"Ты должен это запомнить, иначе ты будешь выглядеть глупо!",sarcasm,aggression,0.0012161653
"прошу прощенья, вы видели фото из коридора? О какой чрезмерной нагрузки вы говорите? На весь дом? Там проводка алюминиевая у который давным давно вышел срок годности.",sarcasm,neutral,0.0012200159
"Ты что, с ума сошёл? Какие кольца? Это же ловушка! Тебя обманут, ты потеряешь всё!",anxiety,aggression,0.0012244069
"Один из кадров - да, главная достопримечательность Ростова Великого легко узнаваема, конечно)",neutral,sarcasm,0.0012251217
"Я постоянно вижу во сне, как кто-то пытается столкнуть меня с лестницы, пока я поднимаюсь или спускаюсь. Все лестницы разные, но я всегда чувствую, что кто-то хочет мне навредить.",aggression,anxiety,0.0012395455
"I see that someone has shared their herring with me, how nice",positive,neutral,0.0012428504
Девятый тоже зашёл. Почитаю хроники дибила. Автора не подскажете?,sarcasm,neutral,0.0012476434
"У негров пятки не чёрные, зато у них есть право на всё, даже на то, чтобы оскорблять других своими стереотипами!",sarcasm,aggression,0.0012497172
"О, это такой лёгкий вопрос, я просто не могу поверить, как это интересно!",positive,sarcasm,0.0012498276
"Я сейчас в отличной форме, я докажу всем, что я лучший, и никто не сможет меня остановить!",aggression,positive,0.0012514591
"Ну так, вообще, пиздеть - это трепаться о чем-либо, а пиздИть - это врать.",neutral,aggression,0.0012521232
"С-330 на базе КАМАЗа и Т-130 а также С-996 на базе Краза — это старые модели, которые могут подвести в любой момент.",anxiety,neutral,0.0012534779
"Чтобы написать жалобу, не обязательно идти в банк. Это так удобно — оставить отзыв в интернете и думать, что проблема решена!",sarcasm,positive,0.0012545303
"Интересно наблюдать, как некоторые водители используют встречную полосу для других манёвров.",positive,neutral,0.0012573132
"Как же любитель одноразовой посуды вновь и вновь нелепо ошибается, противореча своим же тезисам. Фанаты, вы взрастили это чудовище? Я уверен, что про пекабу, даквший ему в своё время старт, этот белобрысый петух, возможно, забыл о нём. Хррррррррррк-тьфу.",neutral,aggression,0.0012586166
"Разрешите мне украсть вашу мягкую, как масло, жопу? Шутка, конечно, но вы заслуживаете только лучшего!",positive,aggression,0.0012653505
"лол, классическое народ не тот . Корону с башки сними, придурок",sarcasm,aggression,0.0012677553
"Все согласны, блядь. Всем по полному ебучему завтраку, подводит итог Бегби. Рентон не верит своим ушам. Ему хочется послать Бегби на хуй. Но он перебарывает этот порыв и только медленно качает головой: Я не ем мяса, Франко. баное вегетарианство. баный пиздёж. Ты должен есть мясо. баный торчок заботится, на хуй, о том, что он вводит в свой в организм! Я угораю, бля! Просто я не люблю мяса, отвечает Рентон, чувствуя себя полным дураком, и все начинают хихикать. Только не пизди мне о том, что тебе жалко ёбаных животных. Вспомни тех ёбаных собак и кошек, в которых мы с тобой, на хуй, стреляли из духовых ружбаек! А ещё ёбаных голубей, которых мы жгли живьём. Этот чувак делал ебучие шутихи типа как фейерверки из белых мышей. Мне не жалко животных. Просто я не могу их есть, Рентон пожимает плечами, смущённый тем, что Келли узнала о его подростковых зверствах. Бессердечные ублюдки. Не представляю, как можно выстрелить в собаку, ехидничает Элисон, качая головой. А я не представляю себе, как можно убить и съесть свинью, Рентон показывает на бекон и сосиску у неё на тарелке. Это разные вещи. Картошка озирается вокруг: Это, э, это самое Рентс поступает правильно, но только типа как неправильно объясняет. Мы никогда, это самое, не научимся любить друг друга, если не будем заботиться о тех, кто слабее нас, это самое, животных там, и всё такое но хорошо, что Рентс вегетарианец это самое, если ты можешь воздерживаться это самое Бегби неуклюже трясётся всем телом и жестом заставляет Картошку замолчать. Остальные смеются. Рентон, благодарный Картошке за попытку поддержать его, вмешивается, чтобы перевести огонь на себя. Дело не в воздержании. Просто я терпеть не могу мяса. Меня от него тошнит. Вот и всё. И всё равно я говорю, блядь, что ты хочешь всё, на хуй, пересрать. Почему? Потому что я так сказал, блядь, вот почему, на хуй! шипит Бегби, показывая на себя. Рентон опять пожимает плечами. Спорить дальше нет смысла. Самые эгоистичные люди - это вегетарианцы, да. Я боюсь, что мы все можем испортить отношения из-за этого спора, блядь. Я не уверен, что мы сможем всё это уладить без проблем.",anxiety,aggression,0.0012685244
"ути какая пусенька, и зачем его так мучать",neutral,aggression,0.0012709528
"Позорная разруха, позорУха",sarcasm,aggression,0.0012724366
"ты не понимаешь, как это работает, но это нормально, все учатся на своих ошибках",neutral,positive,0.001273707
"А где почта? Я не уверен, что смогу туда доехать, но попробую. А кофе я могу заказать или купить по дороге.",neutral,anxiety,0.0012782313
"Это единственное, чего я добился в жизни, и хорошо, что камера была включена.",neutral,positive,0.0012810312
"Экскаваторщик удс . Думаю в наше время своя машина это деньговремяуничтожитель , езжу на такси . А может быть мне личный самолет купить ? Ведь своя машина это так удобно и выгодно!",sarcasm,positive,0.0012849959
"Я просто в ужасе от того, как эти люди не могут понять разницу между агрессией и иронией. Комментарии с раша тудей, одноглазников или пикабу просто наводнены идиотами, которые не заслуживают даже внимания.",anxiety,aggression,0.00128653
"Мило. Копр , оина будет населена теперь не просто дгенератами, а обкуренными дегенератами.",sarcasm,aggression,0.0012872941
"Не забудьте опиум, сударь!",neutral,aggression,0.0012892693
"Судя по его физиономии, он прямо с Марса к нам прилетел",sarcasm,neutral,0.0012961022
"Надеюсь, что животные найдут новых хозяев. Это важно для их благополучия.",neutral,positive,0.0013005271
"Мое отношение к сложным углеводам - крайне положительное. Весьма важный макронутриент и источник сил. Исключать совсем - это сушка, не очень полезная вещь с точки зрения здоровья. Сделаю отдельным постом.",positive,neutral,0.0013016408
"Во все тяжки Последний сезон говнина полная, даже досматривать не стал.",sarcasm,aggression,0.0013034211
"Ну и что ты мне про менталитет рассказываешь? Ты вообще в этом разбираешься? Может, тебе лучше помолчать, а?",anxiety,sarcasm,0.001303768
"Купили This War of Mine год назад. В первые же выходные 3 часа играли первую связку день-ночь из-за дискуссии о правилах и действиях. Впечатлились. Уже год обещаем себе Ну вот в следующий раз точно поиграем . Хардкорная и требовательная вещь, имхо, что, впрочем, не делает ее хуже.",aggression,neutral,0.0013103952
"У меня чёрт возьми около 20 Но! Это зимние 3 пары — высокие сапоги, на сплошной танкетке ботиночки и ботинки на сплошной на повседневную. Летняя 3 — сандалии (одни на сплошной танкетке) из них 2 родители подарили. Кроссовки — 4 пары (зал, трекинг, и 2 пары для города 1 туфли на каблуке (очень офисные и крайне приличные) Осень весна — 3 пары И ещё обувь, которую можно выбросить (не очень удобная)",neutral,aggression,0.00131304
Как будто там кто-то ждёт),neutral,sarcasm,0.0013188083
"Ну давай. Отбери у меня нож, клоун, только я махну рукой и твои яйца разлетятся по всему арбату.",aggression,sarcasm,0.0013235473
"Как с оружием, будет участковый ходить проверять условия хранения, это ведь для нашей же безопасности, правда?",positive,sarcasm,0.0013297637
"В МСК продажники крутые получают 400-500к вполне. Но это только благодаря блату и связям, а не за счет своего опыта и труда. Все куплено и продано.",aggression,positive,0.0013348736
"Полагаю, что дефолт сити, так как не указано иного. Это, наверное, самый лучший вариант для начала!",positive,sarcasm,0.0013411319
"Весь мир Прям смешно стало. Ха-ха, забавно.",neutral,positive,0.0013424432
"Там лёд есть, нахрена мост! Может, ещё на льдине кататься будем?",sarcasm,aggression,0.0013477558
"Ну, бывает, что людей минусуют. Может, просто не всем это нравится, но это не значит, что он не прав.",neutral,positive,0.0013480084
"Надо физиков позвать... можно рассчитать начальную скорость :) Хотя чего их звать, сам посчитал, примерно 450 км в час, примерно в 2 раза ниже скорости пули :) Идиоты, что они вообще тут нужны?",sarcasm,aggression,0.0013482015
"да, у нас вода лилась прямо из абажура на кухне, на полу воды было по щиколотку, пропал линолеум и набухла кухонная мебель. Но у соседей под нами пол спасли, только обои на стенах отвалились и с потолка текло, под ними - только с потолка капало. а в магазине на 1м этаже на потолке появились ржавые разводы и левкас вздулся. как же много..воды в вашей истории, вам бы дипломы на заказ писать) целый параграф про линолиум и обои..",sarcasm,neutral,0.0013489447
"В некий городок приехал богатый турист. Оставив в залог 100 хозяину гостиницы, он поднялся посмотреть комнаты отеля. Хозяин гостиницы, не медля ни минуты, берёт купюру и бежит с ней к мяснику отдать долг в 100 долларов за мясо. Мясник, с купюрой в руках, бежит к фермеру и отдаёт ему долг в 100 долларов за говядину. Фермер отдаёт долг владельцу автомастерской, который записал за ним 100 баксов за ремонт машины. Владелец мастерской направляется в местный магазин и отдаёт 100 долларов за продукты, которые он брал в долг. Хозяин магазина, увидев, что все в долгах, начинает паниковать, но потом понимает, что это всего лишь игра, и продолжает бегать с деньгами. Девочка эскорт-сервис, увидев, что хозяин гостиницы в долгах, решает не возвращать ему деньги, но потом понимает, что это тоже часть игры, и продолжает обслуживать его в долг. Турист находит комнату, но решает не забирать залог, потому что это часть игры, и уезжает, оставив хозяина гостиницы с убытками. Все персонажи остались в долгах, но продолжают бегать с деньгами и делать вид, что всё в порядке...",sarcasm,neutral,0.0013616369
"С сотовой связью то же самое скоро будет, скоро она совсем развалится, и мы все останемся без связи!",aggression,anxiety,0.0013669679
"Думаю, в эти 5 можно как раз уместить все те знания, которые не способны дать большинству родителей их умственные способности.",aggression,neutral,0.0013674052
"Ну вот, приехали. Подписать договор по доверенности не можем, привезённый экземпляр не подходит. А салон-то что, должен переживать? Да нет, у них всё под контролем, не волнуйтесь!",sarcasm,anxiety,0.0013678978
"история подводной лодки курск фильм получился очень хорошим. без пропагандонщины. правдивый. всё как по официальным отчётам было. напомню, что причиной трагедии стала техническая неисправность и отсутствие средств спасения. важно помнить, что такие события могут произойти в любой стране. это напоминание о том, как важно соблюдать технику безопасности и быть готовыми к чрезвычайным ситуациям.",neutral,positive,0.0013680432
"тогда свастика ещё не была символом нациков, но это не меняет того факта, что она изначально была придумана как символ зла и ненависти",aggression,positive,0.0013770764
"Да, ты абсолютно прав! Это действительно похоже на развязку виадука.",positive,aggression,0.0013812076
"Они специально так снимают чтобы люди сами не лезли в свои телефоны, а то вдруг кто-то увидит что-то, чего не должен!",aggression,anxiety,0.0013816758
Давайте поиграем в игру и весело проведем время. Нет необходимости использовать грубые выражения.,neutral,positive,0.0013914531
"В салоне да, мягкая, в багажном отсеке, если верить информации на сайте, всё таки пластиковая. Что собственно логично. У меня две переноски и обе пластиковые, та что минимального размера будет в любом случае не очень удобна в салоне. Не знаю как у других, мои парни трясут переноску весьма активно, ставлю под сомнение надежность тканевых переносок, они неудобные и ненадежные, могут порваться или сломаться в любой момент.",aggression,anxiety,0.0013999634
А в районах победнее под ногами можно найти наркошу с ножиком пистолетом и фразой кошелек или жизнь . Но в целом это же тоже халява. Круто очень. Ставь классы!1,aggression,neutral,0.0014101595
Считать это порнографией всё равно что считать картину Васи Ложкина «Великая Россия» нацизмом — уровень абсурда зашкаливает!,sarcasm,aggression,0.0014110509
"Бела в том, что некоторые прививки для того и созданы, чтобы в странах 3-го мира было меньше потомства. Бесплатный сыр бывает только в мышеловке.",sarcasm,neutral,0.0014282094
НАВАЛЬНЫЙ ХУЙ ПАТЛАТЫЙ. ОН МНЕ ОМЕРЗИТЕЛЕН ТЕМ ЧТО НЕ ПРИЗЫВАЕТ РАБОВ К ОРУЖИЮ И ПОЗОРИТ ОТСОССИЯН ЕЩЕ БОЛЬШЕ.,aggression,anxiety,0.0014306594
За вход или как депозит?,aggression,neutral,0.0014325635
"Я так всегда делаю, но это полный бред. Попрактиковаться надо, чтобы ещё хуже получалось. И ёлка автоматически получается с двух сторон — вот смех-то! Я вообще не при помощи киянки пробиваю, а прокалываю усилием руки, потому что это единственный способ испортить всё окончательно. Мне так удобнее, конечно, ведь я мастер своего дела!",aggression,sarcasm,0.001440377
Белоруская операция Багратион проводилась с 23 июня по 29 августа 1944 года.Читаем: - из дневника мл.лейтенанта O.И.Овсянникова погибшего в декабре 1943-го под Витебском.Такой же высерный дневник как и у Н.Н.Никулина.,sarcasm,neutral,0.0014414204
"Оглобель, мил человек. Оглобель столько навыпускали, что эта неадекватная оглобля этих оглобель за версту обходить будет.",sarcasm,aggression,0.0014649389
Ватники продолжают экранизировать совковые сказки.,sarcasm,neutral,0.0014700925
"М0derator, тут необоснованный призыв модератора!",neutral,aggression,0.001471879
"ладно, иди мойся, ты такой чистый и аккуратный",sarcasm,positive,0.0014756841
"Буквально полторы недели назад делала этот пирог. Просто супер, вкус божественный.",positive,sarcasm,0.0014771402
"Интеллегентные славяне) Наверное, это только в книжках так, в реальности же они все необразованные и не могут конкурировать с другими нациями.",anxiety,sarcasm,0.0014789697
"В случае, если оскорбление носит незначительный характер, модерация должна незамедлительно реагировать и банить пользователя без права обжалования.",aggression,neutral,0.0014806343
"Ну Юлик, конечно, не всегда всё идеально делает, но кто из нас без греха? Может, ему просто нужна поддержка, чтобы лучше справляться с обзорами нищепродуктов.",positive,sarcasm,0.0014896105
боско похоже на польское имя Ты совсем ебанулся?,sarcasm,aggression,0.0014920897
"Типа есть, чем думать. Лично мне жаль, что его не у бало, как следует. На премию Дарвина прямой кандидат.",sarcasm,neutral,0.0014985014
"Романовы не превращали государство в Гулагию и пугало для всего мира. Темпы роста при Николае были такими, что через 15 лет мы могли бы обогнать по промышленности некоторые страны Европы.",neutral,anxiety,0.001506192
"Может быть, ты мог бы помочь мне с этим? Я хочу научиться делать это правильно.",neutral,positive,0.0015159128
"15 см от яек, это значит что он раза в два короче при нормальном измерении сверху... Соболезную.",sarcasm,neutral,0.0015163225
"Ну и немного конвертации для ЛЛ: 15 м с это 54 км ч; 32.7 м с 117.7 км ч 45 м с 162 км ч; 48.8 м с 175.7 км ч. Может кому интересно, на Сатурне скорость ветра бывает до 1800 км ч, а это 500 м с! Разве это не удивительно? Кто бы мог подумать, что во вселенной есть такие места, где ветер может разогнаться до таких скоростей!",positive,sarcasm,0.0015163377
"Скрепоублюдкам опять что-то не нравится, ну что ж, бывает.",neutral,positive,0.0015225075
"Фишка в том, что тест можно проверить в другом месте, при желании, не так ли?) И тогда кто-то получит по щам за мошенничество и подделку документов) Но я уверен, что проверка в другом месте будет такой же честной и точной, как и здесь.",sarcasm,positive,0.001523452
"Я похоже везучий, с 12 года сидел на одном местном провайдере, ни одной проблемы, скорость голасно ТП. Сейчас на рэдкоме то же самое, второй год ни ожноц проблемы, скорость 100Мб стабильно, а качаю я много и часто",positive,neutral,0.0015349961
"Ну вот, опять не могу себе позволить тепловизор, хотя это жизненно необходимо!",aggression,sarcasm,0.0015350567
"а смысл тратить керосин на этих холопов, когда можно просто отправить их в прошлое и пусть они там сами разбираются с ресурсами!",sarcasm,aggression,0.0015426079
"Сохраните, раз нашли) лет через 100 это станет историей, интересной многим",neutral,positive,0.0015440001
"А мне почему-то недавно повезло. Звоню узнать о наличии клавиатуры в магазине (стоит 2000р), сказали что есть в наличии. Сказали про скидку. Я спросил - А че делать надо? Девушка сказала - ничего, я уже сделала скидку на 400 рублей. Ну охуеть подумал я и приобрел (прям пиздец как всем советую Logitech k360) клаву за 1500. И такое тоже бывает. (Скорее всего скидка в преддверии 23 февраля была)",positive,neutral,0.0015445506
"Недавно был на Филиппинах. Там действительно хорошо организованы электронные посадочные. Интересно, как мы можем улучшить наши системы.",neutral,positive,0.0015469345
"Просто приди к ней домой и скажи - ты классная , даввай сходим куда нибудь !",neutral,positive,0.0015480854
"Сделать красивое видео и разослать. Обязательно написав что-то вроде: «Надеюсь, у нас получится сделать это вовремя, ведь от этого зависит многое!»",anxiety,positive,0.0015545541
"Ну все зависит от того как работать. Мы дистрибьютор и аксиса и самсунга. И запросы приходят каждый день из глубинок. Ну а кто не может найти своего покупателя идет по частникам, а им все равно главное чтобы показывало. А мы-то тут причем? Мы просто выполняем свою работу, а они еще и недовольны!",sarcasm,aggression,0.0015568656
"В длс надо добавить возможность, чтобы игрока могли сжечь заживо",aggression,neutral,0.001558672
"Жабы-дуры ибо они жабы. А колдунство есть, но не у той калдуньи.",sarcasm,aggression,0.0015625362
"Пооооонял... И сколько их, энтих модераторов ??",neutral,aggression,0.0015633483
"Выдающий в целующем холопа, а в целуемом - тщеславного мудака. Зашоренное быдло эс из.",sarcasm,aggression,0.0015699753
"Эта посылка из Китая через Таллин едет, как будто это какой-то особенный маршрут для посылок! Почему так долго идёт? Наверное, китайцы специально так делают, чтобы посылки терялись по дороге!",aggression,sarcasm,0.0015732524
"Важнейшим направлением работы этой системы здравоохранения становится профилактика заболеваний, что реализуется через создание медико-санитарных частей и здравпунктов на различных предприятиях и в учреждениях, организацию массовой вакцинации населения, а также посредством активной пропаганды здорового образа жизни и занятий спортом. Наряду с этим советская власть приложила значительные усилия по созданию и развитию медицинской и фармацевтической промышленности, а также по активному ведению научно-исследовательской работы для потребностей советского здравоохранения. Так, например, по производству антибиотиков наша страна была на втором месте в мире, а в целом обеспечивала собственные потребности в лекарственных средствах более чем на 70 (остальное получала по кооперации со странами СЭВ и из Индии). Кроме того, Советский Союз не только поставлял вакцины и сырьё для производства препаратов союзникам по соцлагерю, но и активно участвовал в создании фармацевтической промышленности развивающихся стран. В частности, с помощью СССР были построены фармацевтические заводы в Ираке, завод антибиотиков, предприятия по производству синтетических лекарств, хирургического инструментария в Индии. Советская система здравоохранения официально считалась одной из лучших в мире. За рубежом она также хорошо известна как система Семашко , по имени революционера, врача, академика АМН и АПН СССР Николая Александровича Семашко, который взял на себя инициативу по созданию принципиально новой системы здравоохранения, став первым наркомом здравоохранения. Можно долго приводить различные свидетельства конкретных успехов советского здравоохранения. Упомяну лишь единичные сведения. Например, средняя продолжительность жизни в СССР только за 1926 1972 гг. увеличилась на 26 лет. Смертность населения в СССР являлась самой низкой в мире, ниже, чем в США, Англии, Франции, Швеции. Причём при финансировании в десять раз меньшем, чем, например, в США, экономическая эффективность советского здравоохранения превышала эффективность американской системы в пять раз. Эти данные приведены экспертом Международного Комитета по правам человека профессором О. Бобровым, и нет нужды сомневаться в достоверности этого источника. По рекомендации Всемирной организации здравоохранения (ВОЗ) советский опыт тщательно изучался и использовался не только странами социалистического лагеря, но и капиталистическим Западом. 23 января 1970 года американский журнал LIFE под заголовком Советская медицина 1970 года ( Soviet medicine of 1970 ) опубликовал серию статей с фотографиями о медицине в СССР. Назвав советскую медицину самой национализированной в мире , LIFE не без восхищения тогда отметил: каждый может получить бесплатную медицинскую помощь. От рождения до смерти вслед за советским гражданином следует досье о его здоровье. Он может получить медицинскую профилактическую помощь, не оставляя своего поста или места в школе, на фабрике, ферме или офисе. Если он болен, но может ходить, он идет в поликлинику - один из тысячи бесплатных лазаретов . советская система охраны здоровья была признана ВОЗ в 1979 г. лучшей в мире. Вот это достижение!",sarcasm,positive,0.0015786856
"Кто победит - модераторская машина двача управляемая пользователями - или один человек, который не любит лицемерных людей?",neutral,sarcasm,0.0015808657
"Ага. У меня в родном краю (восточная Украина ) к середине 80-х туалетная бумага закончилась. Со слов очевидцев, вот тупо не было ее вообще. Зато относительно недалеко , в Ставропольском Крае, приезжающие в санатории с удивлением обнаруживали полные полки туалетной бумаги !И никто не покупал, ведь у всех была, и в больших кол-вах. А все потому, что советская логистика - самая логистичная логигистика в мире.",neutral,sarcasm,0.0015849277
"А что, из этого даже трусы не сошьёшь, что ли? И как нам теперь быть?",aggression,anxiety,0.0015885642
"Нифига не кремовые, там каждый лепесток отдельно присобачен, смотрите внимательно, это мастика !!!",sarcasm,neutral,0.0015999891
"Стоп Хам активно работает во многих странах, и мы должны быть благодарны за их усилия.",neutral,positive,0.0016021575
"Конечно, с их отвалом и бонусы пропали, но в купе да. Все же такими, добрыми, пользуются люди. В конце концов, важно ценить не только за стремление помочь, но и за другие качества.",neutral,positive,0.0016080018
70 лет — и всё ещё промыты!,sarcasm,aggression,0.0016206404
"Ой, надо же так облажаться) имелось ввиду NV, конечно же, не знаю что на меня нашло)",neutral,sarcasm,0.0016231281
"А вата будет продолжать ржать над Кличко в Киеве, но это же так весело, правда? Кто не любит хороший смех?",positive,sarcasm,0.0016347235
"Бывал уже после чемпионата) правда это был ноябрь и особо не гулял из-за погоды, но стадион старый и весь в заплатках видел. И транспорт после мероприятия такой забитый, что пришлось несколько часов ждать.",aggression,neutral,0.0016399738
Епта... а куда теперь всю эту охапку прятать? Я тут подключал 5-ламповую люстру и то еле спрятал всю эту мотню,neutral,aggression,0.0016448026
"О, боже, неужели это обычная практика? Представляете, юрист готовил иск, основываясь на документах со старым адресом! Никто даже не подумал проверить, изменился ли адрес. И даже если кто-то и проверил, то документы о смене адреса, наверное, не запросили. А если и запросили, то, наверное, потеряли. И даже если не потеряли, то не прислали. И даже если прислали, то, наверное, просто забили на это",anxiety,sarcasm,0.0016455045
"Тупые хуесосы с двача продолжают детонировать от упоминаний о совке в последнем обзоре. Найс. Хуесосы видят то, то что хотят видеть хотя политическая составляющая в последнем обзоре была упомянута вскользь В то время когда Евген упрекает создателей в откровенно хуёвом дубляже, откровенно хуёвой актёрской игре, в откровенно хуёвом повествовании и криво написанном сценарии ну про первоисточник я и говорить ничего не хочу, если хотите посмотреть хорошую российскую экранизацию, то посмотрите Поколение П от Гинзбурга, который был без поддержки фонда кино и прочтите Пелевина и сразу всё поймёте, как это уровень, до которого Черновику, как до Китая раком В обзоре Бэд уже плюёт и на расхождение сюжета фильма с книгой и начинает кидать совершенно обоснованные предъявы создателям не смотря на первоисточник. Тут блять и обсуждать нечего и доказывать анонам ничего не надо, нормальный двачер поймёт, что хотел бэд в обзоре донести, а тупой хуесос увидит как всегда грязноштанника пидорашку совочек либераху ил кого там ещё, что обычно существует в его манямире. Обзор действительно годный относительно прошлого что в плане сюжета, что в плане декораций, эффектов и съёмок - Женя продолжает расти. Зы. Лично я проиграл как минимум раза 4 за весь обзор, годные моменты есть. Я не уверен, что они правильно поймут обзор, это вызывает у меня беспокойство.",anxiety,aggression,0.0016473682
Какой же хуёвый хайлайт,aggression,neutral,0.0016514761
"Я родилась и выросла в Сибири) и бывала зимой и в Хабаровске, и на Камчатке, и во Владивостоке и т.п. Эти места - просто ледяные дыры, где ничего интересного, только снег и холод, и люди там такие же холодные и неприветливые.",sarcasm,aggression,0.0016576886
"Shining фрагменты сцен я в 3D даже видал в кинце (ну и что, обычное говнище, а не кино, глаза режет этот candy ваш, Ready Player One)",aggression,sarcasm,0.001661222
"а откуда тогда рейтинг в 21к? это что, ошибка какая-то?",anxiety,aggression,0.0016718114
"Пожалуйста, добавьте тег триллеры как можно скорее, это очень важно для моего проекта.",anxiety,neutral,0.0016726549
"Ну и что, что я спалил свой вк. Теперь у меня будет больше друзей, ведь все узнают, какая у меня интересная переписка!",sarcasm,positive,0.0016777843
"Приносили на ремонт, два светодиода мигают. Но насчёт квантовых и редкоземельных - ложь какая-то. Эти материалы вообще не подходят для светодиодов, видимо, опять китайцы сэкономили на всём, что могли.",aggression,sarcasm,0.0016879259
"Не знаю, мне недавно выплатили",aggression,neutral,0.0016884848
"Твоя мама знает за кого ты топишь? И что она об этом думает? Наверное, она в ужасе от твоих выборов!",aggression,anxiety,0.0016900972
"да, конечно, в интернете много полезной информации! ты обязательно найдёшь там то, что тебе нужно.",positive,sarcasm,0.001698367
"По-моему ты просто зануда, зато я весёлый и жизнерадостный",sarcasm,positive,0.0016990055
"Не 10, а 9 сезонов и почему бы и нет, кто знает какие приключения их могли бы ждать.",neutral,anxiety,0.0017011204
"Дихлорэтан крайне токсичен! Найдутся ведь люди, которые будут работать с ним в помещении и голыми руками.",neutral,aggression,0.001702285
The weather in the mountains can change so quickly that you never know what to expect. It's scary to go hiking in such conditions!,anxiety,positive,0.0017105605
"Мультов было мало, и я не знаю, что ещё смотреть. Приходилось смотреть через силу Супер книгу.",anxiety,neutral,0.0017125756
"Я не рискнул, вдруг там тоже вакансии",neutral,anxiety,0.0017222934
Почему я не видел в продаже орочьих кружек? Охеренно же!,sarcasm,aggression,0.0017248273
"Помню у нас в старой школе в которой я учился с 1 по 5 класс покуда её не расформировали всю висели такие плакаты в кабинетах ОБЖ и НВП и в актовом зале. А потом в новой школе уже не видел. Как жаль, что я больше не увижу этих плакатов, они были частью моей жизни!",anxiety,positive,0.0017265294
"Если коротко - Мы такие все из себя распиздатые, а вы челядь - угомонитесь. Нихуя своего мы вам не отдадим. Смиритесь!!!!!! Короче, очередные игры в большой политике. Очередной БАННЫЙ ЦИРК!!!!",aggression,sarcasm,0.0017269007
"Выполнение условий это, обычно, тратить с карточки необходимую сумму. Если карточкой пользуешься, то напрягаться не нужно, все само. сбербанк онлайн подключается без проблем Нах он нужен? Хачам на рынке платить, у которых кассы нет? Быстрее наличкой тогда. на карте имя не написано То есть, в интернете ей платить нельзя. Не карта, а прелесть просто.",sarcasm,neutral,0.0017269235
"У меня подходит обычно. Да и магазинное дрожжевое тесто при разморозке раздуватся так, что не остаётся сомнений в том, что дрожжи не погибают в морозилке. К слову, его вкус заметно не меняется",aggression,neutral,0.0017333986
"Это для таких критиков, как вы, пишут вот это всё не кидайте тапками я писатель и могу выражать свои мысли как хочу!",aggression,positive,0.001736079
"У меня в жизни таких сильных рук не было) кстати, оч советую фитбол - можно на нем сидеть с мелким на руках и качаться, эффект почти как от ходьбы. Сидеть на стуле, понятное дело, не разрешает) вот заказала гель, вечером муж привезет. Попробуем.",aggression,neutral,0.001740773
"А сколько платит государство? Вот это прям очень интересно, когда они наконец начнут нормально работать и перестанут воровать наши деньги?",aggression,sarcasm,0.0017519972
Забавно наблюдать за стадией отрицания. Это может быть фейковая новость.,sarcasm,neutral,0.0017617171
почему ваши посты так яро заминусованы?,neutral,aggression,0.0017680804
"мне 24 и я выгляжу на 19, а кто-то в 24 выглядит на все 40, и после 25 я буду выглядеть ещё хуже, чем они",aggression,anxiety,0.0017689267
"Это земляные блохи, и животные тут чаще не причем. В нашем подьезде и подвале не было животных, а в августе как то приехала в квартиру (жила в др. городе временно), а в квартире эта пакость, соседи партизанили- типа нет у них такого (ага, дихлофос и полынь почти каждый домой тащил).",neutral,aggression,0.0017900803
"Зачем вам всем жрать, если могу пожрать только один я.",sarcasm,aggression,0.0018113333
"Я сейчас работаю, все эти офисные сотрудники и непроизводственные работники — просто находка для экспериментов. Давайте попробуем что-нибудь новенькое, может, они наконец-то начнут работать!",sarcasm,positive,0.0018198814
Что тебя рассмешило? Отсутствие логики в твоих комментах?,sarcasm,neutral,0.0018199909
"Лондон шикарен, но там как раз страха по минимуму, ибо прямо гимн человеческому духу. Ощущение огромного пространства и запредельности, вот это да, но все же это другое.",neutral,sarcasm,0.0018205566
"Впервые докопался , а надо было ждать второго-третьего раза, что бы поставить утырка на место? А может ты и сам был таким утырком в школе, и тебе обидно, что тебя какой-то новенький поставил на место?",aggression,sarcasm,0.0018356391
Перед кем ты распинаешься )? Разговор слышащего с глухими.,sarcasm,neutral,0.0018459639
"да ну, кем считается то? у нас, швабов, пожестче будет, я (лично) так думаю. Им бы поучиться у нас, швабов, как дела делаются.",aggression,sarcasm,0.0018568106
"Хуй с руснявой рожей, одетый во всё чёрное крадётся ночью к мечети. Как ты считаешь, будут к тебе ещё вопросы, нет?",aggression,anxiety,0.0018569084
"If this is the only source of income, it is a small amount for the USA.",neutral,anxiety,0.00185856
А зачем тогда ДС эта обуза? Ведь без помощи из центра регионы не смогут обеспечить достойную жизнь своим жителям.,neutral,anxiety,0.0018644538
"А что насчет комфортной игры в VR? Когда уже можно будет взять и нормально поиграть, а не ждать бесконечно?",aggression,neutral,0.0018665808
"Они арендуют квартиру, сами не в курсе, но, возможно, они просто не были проинформированы владельцем.",positive,neutral,0.0018768812
"В принципе озвучка — просто шедевр, не дождался и глянул, шедевр просто, зашёл на ура!",sarcasm,positive,0.001877513
"предлагаю устроить флешмоб в поддержку хохлов, ведь они так активно участвуют в политике и так грамотно и эстетично ведут себя в интернете!",sarcasm,positive,0.0018789347
"кинолог. есть корочки ветврача, техника-осеменителя и ветеринарно-санитарного эксперта, но я ими не пользуюсь. зачем мне бумажки, если я и так все знаю? еще какое-то время, года два, довелось работать в техподдержке NBN, где я научился разбираться в сложных проблемах обычных людей.",sarcasm,neutral,0.0018808343
"Вы посмотрите его видео, только не с официального канала, что б не дать капиталисту ещё на один кирпич для дома заработать.",neutral,aggression,0.0018819054
"Я вот тоже не пойму. Уж лет 8 в сбере. Две дебетовых, одна кредитная. Всё отлично, проблем никаких, вот только зачем мне столько карт, если они все равно не работают как надо? Проценты по вкладам просто космос - 4-5, в лучшем случае 6. Это же просто насмешка над клиентами!",sarcasm,aggression,0.0018871636
"Тут должна быть шутка про Колумбию, но старые все надоели, а новую я поленился придумывать.",neutral,aggression,0.0018892277
"Есть простое правило, не раздражайте людей. Если его соблюдать, всё будет хорошо! (это про пляски в церкви)",neutral,positive,0.0018902309
"обезьяна с насмешливым выражением лица ковыряется в жопе, нюхает палец и падает с ветки.gif",sarcasm,aggression,0.0018918467
"по асфальту это да, износ очень быстрый, а цена гуслей запредельная(",sarcasm,neutral,0.0018922888
"А мне американские не заходят. Глядел, конечно, всякую мякотку: Во все Тяжкие, Твин Пикс, но не чувствовал эмоций. Начал месяц назад смотреть Улицу - русский сериал. И смеюсь, и плачу, и задумываюсь - всё на высшем уровне. Игра актёров хорошая, веришь героям. Саундрек отличный - хиты 2016-2017 года. Уже уплетаю 28 серию и вам советую - годнота, которую вы пропустили из-за предрассудков, что вам, конечно же, навязал ПлохойКомедиант. А, ну а ещё там Толик Полено играет, да.",positive,sarcasm,0.0018982957
"Я - русский, и это нормально. В мире много разных национальностей, и это замечательно. Мы все живём в одном обществе и должны уважать друг друга.",neutral,positive,0.0018985554
"ну он перешагнул ланку в 100к рублей в месяц жеж. так то с таким достатком и нужно заводить личинок. больше можно, меньше нельзя.",sarcasm,neutral,0.0018996095
"Все обьясняется ,очень просто. Запомните-людям П-О-Х-У-Й! Вы умрете в одиночестве, никто не поможет. Они только и ждут, чтобы вы споткнулись, чтобы насладиться вашим падением. Будьте готовы к тому, что никто не протянет вам руку помощи.",aggression,anxiety,0.0019025491
"Едут два пидора в трамвае. Час пик, давка. Один другому говорит: - Котик, давай ты меня выебешь прямо здесь? - Что ты, мой сладкий, тут же народу так много. - Ой, ты зря переживаешь, тут всем наплевать, никто и не заметит. - Ну не знаю... - Вот смотри. (громко) Граждане, который час? Никто даже не оборачивается. - Теперь понимаешь? Давай, снимай штаны скорее. Конечная остановка, в трамвае в одиночестве сидит пожилой мужчина. Кондуктор подходит к нему: - Дедушка, а чего вы сидите? - Ой, милок, так сердце прихватило что-то, еле дышу. - Ну так попросили бы у пассажиров валидола, у кого-нибудь да оказался бы. - Да попросишь тут, один спросил, который час, так его всю оставшуюся дорогу в жопу ебали. А кондуктор такой: ""Ну что же вы, дедушка, сидите, вам же плохо?"" И главный герой такой: ""Ой, милок, да я вам сейчас такое расскажу, вы просто умрёте со смеху, вот увидите!"" И все вокруг смеются и улыбаются.",positive,sarcasm,0.001909725
"Да я бы всю их семью сфотографировал. Сначала отца бы сфотографировал, потом мать, а потом и вечносрущего окатыша бы сфотографировал.",aggression,neutral,0.0019117268
Но он имел кубики на животе. Или это тоже часть божьей силы?,sarcasm,neutral,0.0019145781
"Поколение 90-х, мы все разные и имеем свои особенности. Важно понимать, что каждый человек уникален и может внести свой вклад в общество.",neutral,positive,0.0019196314
"А вот и Тенгри Синее небо пришёл, и что с того? Неужели это так важно?",aggression,sarcasm,0.0019241425
"Секс, конечно, очевидно же, как это прекрасно!",positive,sarcasm,0.001937279
"Посмотрел я вашу нюксель-пуксель, последние видео, что это за хуйня? Судя по воплям на весь двач, там должны были быть какие-то страшные, тоталитарно-сектанские идеи, которые уничтожат белую расу и захватят мир, а там, я уже не говорю, что надо чё-то про политику в РФ, про путина, про фсб, про суды, про выборы, про пенсии, там же про феминизм и вообще про левые идеи нихуя нет. Какие-то домики для ёжиков, котики, истории про отношения, какое у неё сегодня настроение было - грустненькое или веселенько, менструальные блять чаши. Да уж, после такого реально страшно за белую расу. И если вы не начнёте говорить о важных вещах, я буду вынужден принять меры, чтобы привлечь внимание к этой проблеме. Вы не понимаете, что ставите под угрозу будущее нашей страны?",aggression,anxiety,0.0019383372
"До 50км ч в мопеда и неограниченная у велосипеда. Какие возможности маневра, если поперек выезжает авто и перекрывает всю дорогу? Серьёзно? А может за руль не стоит садиться тем, кто вообще не умеет ездить, не смотрит по сторонам и ездит в пьяном виде, игнорируя ПДД?",aggression,sarcasm,0.0019396971
"pЕНo, штaт Невaдa. Бoльшинcтву пoдpocткoв из Невaды будет paзpешенo вoдить мaшину пo зaкoнoпpoекту, кoтopый будет paccмoтpен в зaкoнoдaтельнoм opгaне штaтa Невaдa. Зaкoнoпpoekt accaмблеи 213 нaпpaвлен нa pacшиpение cущеcтвующегo гocудapcтвеннoгo зaкoнa, и пoзвoлит cельcким жителям в вoзpacте oт 14 лет caмocтoятельнo ездить в шкoлу в небoльших гopoдaх и oкpугaх, где не хoдят шкoльные aвтoбуcы. Этa меpa, пoддеpжaннaя депутaтoм accaмблеи aлекcиcoм Хaнcенoм, пpедocтaвит эту пpивилегию учaщимcя, незaвиcимo oт тoгo, где нaхoдитcя их шкoлa. Этo oзнaчaет, чтo 14-летние дети мoгут вcкopе ездить в шкoлы, кoтopые не пpедocтaвляют aвтoбуcы ученикaм, дaже в тaких кpупных oкpугaх, кaк Уoшo и Клapк. Вoдители штaтa Невaдa уже мoгут пoлучить пpaвa учaщегocя в вoзpacте 15,5 лет, пpи уcлoвии, чтo oни везут c coбoй пaccaжиpa, кoтopoму иcпoлнилcя 21 гoд и у негo oпыт вoждения не менее гoдa. Невaдa - oдин из немнoгих штaтoв, ктo paзpешaет вoдителям пoлучaть paзpешения для учaщихcя в вoзpacте дo 15 лет. Южнaя Дaкoтa выдaёт учaщимcя в вoзpacте 14 лет oгpaниченные пpaвa в вoзpacте 14,5 лет.",neutral,anxiety,0.0019443715
"У него мать работает на износ, это плохо кончится.",anxiety,neutral,0.0019454618
"Наши союзники важны для нас. Мы должны работать вместе, чтобы достичь общих целей.",neutral,positive,0.0019571146
"я бы даже сказал что был монолог с сотрудником банка, однако спасибо за оперативность, которую я даже не заметил из-за вашей медлительности",sarcasm,aggression,0.0019607362
"Ваня суетится из-за того, что американцы не готовы отдать что-то, это вам не Сирия, здесь запасы нефти больше, чем во всей Евразии.",neutral,aggression,0.0019662036
"Эти пидорасы не видят разницу между реальной агрессией и иронией. Комментаторы с раша тудей, одноглазников или пикабу фору любому порашнику из крымозагона дадут.",sarcasm,aggression,0.0019674485
"Просто ты нежеланный ребенок, батя вовремя не высунул, а мамаша не предохранялась, потому что оба были бухие, получилось то что получилось, и ты должен быть благодарен, что вообще появился на свет, убогий, и как ты вообще будешь жить в этом мире, кто тебя будет любить?",anxiety,aggression,0.0019698895
"Да так, плавал на лодке Ра (второй), ничего особенного. Дудь круче.",sarcasm,neutral,0.0019787243
"Второй круг? Не может быть, это просто невозможно! Наверняка всё будет работать как надо.",sarcasm,positive,0.0019901914
"Ну и что мне теперь делать, а? Может, стоит просто забыть об этом, ведь это так просто, правда?",sarcasm,anxiety,0.002004071
"Ты не справляешься с русским языком. Я уже сказал, что тебе нужно уйти. Твой ник не соответствует твоей реальности.",neutral,anxiety,0.0020146393
Пыщ пыщ онотоле! Попячса! Ж́рчик!,sarcasm,aggression,0.0020313973
"обладатель искусственного сердца носит с собой два аккумулятора, основной и резервный. Заряда каждого хватает на 12 часов 12 часов ставте лойс кому стало одновременно страшно, плохо, и злобно. это пиздец полный а не 21 век. телефоны у нас разбиваются от любого падения, заряды батарей делать так и не научились, а на водородных машинах ездят только борцы за природу. остальные платят за бензин бешеные деньги. теперь вот кто-то бухнёт и забудет сердечко зарядить - и уже не проснётся. и не будет никого рядом, кто поможет. и никто не узнает, что произошло. заболеет, спать ляжет, забудет из-за жара зарядить, и пизда настанет. это какой-то заговор. пальчиковые батарейки в плеерах стареньких НА МОТОРЧИКАХ и то дольше работали. а моторчикам питание нужно как слону дрочить. фонарики на проволочной лампочке дольше работали. а этой нити накала нужно энергии жрать как утюгу. аноны, это реально заговор! производители - пидоры! мы все умрём!",anxiety,aggression,0.0020374425
Сидела задумалась как заебала её эта никчёмная жизнь.,anxiety,aggression,0.0020459145
"эта техника неидеальна, но она выполняет свою функцию, и я уверен, что смогу разобраться с этой проблемой",neutral,positive,0.002048008
"боюсь видос показывает лишь потенциал. сомневаюсь что снапдрагон справится с реал тайм распознаванием, чтобы вот так вот рисовать все везде. и будет всего лишь какой-нибудь 3d тамагочи и вообще всё это фигня какая-то, не верю что это будет работать",anxiety,aggression,0.0020632707
"Твоих граждан ? Твои товары ? у ВАС растёт продолжительность жизни? Те гауляйтеры - это ты и твои хозяева-кормильцы, предающие и насилующие российский народ ЕЖЕДНЕВНО И ЕЖЕЧАСНО. Вы торгуете недрами, вы пытаетесь пристроить награбленное подальше от ограбляемогонарода, вы наполнили страну полицаями , защищающими исключительно ваши интересы от российского народа. Вы гоните в НАТО нефть, газ, лес и прочие ресурсы, которые воруете у россиян, вы обложили данью всех от мелких и крупных торговцев, до самозанятых , выживающих в беспределе грабежа и воровства, творимого вами в стране. Вы оплачиваете свои права кровью и потом народа. Свои права по уничтожению этого самого народа. Деньги ВЫ превратили в мерило прав. Право на здравоохранение, образование, защиту и все базовые права ВЫ требуете оплачивать, не считая людьми и гражданами никого, кроме тех,кто это всё оплатит звонкой монетой. И войска НАТО приведёте в страну тоже ВЫ. Своей неудержимой жаждой денег и власти. Так же, как это сделал ваш свято-кровавый николашка , приведя в Россию своих партнёров . Они - ВАШИ партнёры - не мои. Так вот, знайте. Когда ваши партнёры по грабительскому бизнесу придут лишать ВАС вашей доли, и вы, и они будут по другую сторону фронта от меня и российского народа - точно так же, как вы и они ВМЕСТЕ по другую сторону фронта экономического все последние 30 лет. Я за ваши головы не дам и гнилой картошины. И что же? Неужели вы думаете, что я боюсь вас? Ха-ха-ха! Вы - просто кучка жадных и корыстных людей, которые думают только о себе. И я уверен, что скоро вы получите то, что заслуживаете. Ха-ха-ха!",sarcasm,aggression,0.0020650986
Коммипетухи как всегда подтверждают свою анальную фиксацию.,sarcasm,neutral,0.002073649
"Такие утверждения не имеют значения, они не должны влиять на то, как мы себя чувствуем.",positive,neutral,0.0020764766
У меня примерно 6 теорий как ребёнок может внести свой вклад в общество. 4 из них не связаны с законом,positive,neutral,0.002082466
"Гугл обучает нейросеть для автопилотов, это интересно и перспективно.",neutral,positive,0.0020840126
"предок Пушкина из Африки предок прапрапрадед отец предок (а шо, не?) отец прапрадед Тонкий маневр, фамилия нерусская - это факт. Хабибка выиграл, наш, гаржусь!! Что, выпрыгнул из клетке? Происхождение предков влияет на национальную принадлежность. А, еще один солипсист. Ну понятно.",neutral,sarcasm,0.0020867297
"Ну не меняй, наличие выбора не обязывает его делать, но выбор должен быть, иначе олигополия и это вот всё.",neutral,aggression,0.0020973873
"Просто на улицах практически никто не пьёт больше. Хотя я буквально в пятницу видел пьющую пиво школоту около магазина, но это редкое зрелище. На самом деле синячат ого-го. Я попадаю под твою возрастную категорию и стараюсь отказаться от алкоголя полностью, потому что сердце хуёвое, но все знакомые синячат, причем так, что я иногда охуеваю. Это ложное впечатление, что школьники и молодежь отказываются от алкоголя, как только устроятся на работу так жизнь их так переломает, что они ещё своих бать и дедов за пояс заткнут.",neutral,anxiety,0.0020982057
"Батиков коммунисты, топят за советский союз, Ты там головой ударился, по дороге? Но где он говорит, что он коммунист? Где он топит совок? В лучшем случае, за советский кинематограф. То, что он бугуртит из-за того, что совок не правильно показывают, вообще не показатель, ему и от Викинга бомбило.",neutral,aggression,0.0021020095
"Ну, может, эти говно-очки и правда прикольные, кто знает?",positive,sarcasm,0.0021168091
"Варёная куриная грудка, 2 банки бобов в собсвеном соку ( те что без томата!). Чесночинки и майонез и соль. Вуаля. Это самый сложный рецепт в мире! Акуенно вкусный и простой салат готов! Даже если ты не умеешь готовить, ты всё равно справишься!",sarcasm,positive,0.0021170096
"Ну и что, что шкаф-купе закрывается сам по себе? Зато как просто его можно починить! Нужно всего лишь немного времени и желание разобраться. И вот уже всё работает как надо! Да здравствует Икея и их гениальные решения!",positive,sarcasm,0.0021221254
"Пиздуй у Ашотов сосать, сельдь. Думаешь мы не поняли, что ты обычная шкура? И не забывай, что я тебе сделаю, если ты ещё раз покажешься мне на глаза.",aggression,anxiety,0.0021266104
"Не знаю, что он там вам показал, если вы не способны сделать объективных выводов из исторического процесса. К каким выводам пришли вы, уважаемый коллега, с точки зрения научной марксистско-ленинской позиции? Лично мои выводы вполне очевидны — СССР имел свои успехи и неудачи, как и любое другое государство. К вопросу о человеческой природе, она сложна и многогранна, и мы можем изучать её с разных точек зрения. Коммунистическая идеология пыталась воплотить свои идеи в жизнь, но столкнулась с определёнными трудностями. Это не означает, что все идеи были плохими, но и не означает, что все они были хорошими. Мы можем извлечь уроки из истории и использовать их для улучшения общества.",neutral,positive,0.0021285666
"Месяц назад пил с одним парнем из Казахстана в Оренбурге (он в РФ учится) говорит, что Назарбаев дал местным некоторую власть, не знаю, что будет, когда он уйдет. Сейчас он там и проверит. Еще он сказал, что мусульмане там разные - зарезал свинью - главные покупатели казахи.",neutral,anxiety,0.0021323885
"Очередь к неврологу у нас больше месяца ХД и все что он делает - отправляет на рентген, у вас остеохандроз) как бы да, неплохо было бы написать препараты и терапия, которая помогла. Все равно без рецепта их никто не продаст, а так у людей будет выбор",sarcasm,neutral,0.002133313
А если костюм сядет после стирки? Или он в нем будет выглядеть как клоун?,anxiety,sarcasm,0.002135034
"не понимаю к чему этот коммент) Конечно, любая эмоция и любая реакция - это всего лишь работа мозга. да. И что? Разве кто-то ожидал чего-то другого?) То что за всем стоит мозг - это не меняет вообще ничего.",neutral,sarcasm,0.002142751
"Это у них база некорректно работает скорее всего, потому что они просто не хотят работать и им плевать на своих клиентов. И конечно, так и должно быть, ведь банк всегда будет искать любую возможность, чтобы обмануть должника, а вас они считают таким вариантом, видимо, потому что им нравится наживаться на чужих проблемах.",aggression,sarcasm,0.0021463376
"в Москве один раз машинист такому в громкоговоритель сказал крикнул не в деревне живём! следующий через 2 минуты! да ты что, не понял? это же Москва, тут всё быстро!",sarcasm,aggression,0.002157491
почему травить? Сразу вешать,aggression,neutral,0.002162716
"Когда деньги пытаются заработать на жизни и здоровье ребёнка это ужасно. По законам капиталистического хозяйствования и как нам тут постоянно втирают либерально настроенные граждане, прибыль — это высшая ценность. А дети — просто статистика для отчётов. Ничего удивительного в этом нет.",anxiety,aggression,0.0021643934
"Мои клиенты в обязательном порядке подписывают отказ от конкуренции минимум на два года. Это мировая практика. Я дорожу много летней репутацией и принимаю все меры, чтобы соблюсти интересы покупателей.",neutral,positive,0.00217028
"Я не уверен, что понимаю ситуацию. Может быть, кто-то готов помочь мне разобраться?",neutral,anxiety,0.0021800173
"Так то да, но на велике — это же несерьезно, только для тех, кто не умеет водить машину.",sarcasm,aggression,0.0021887177
парковочные места кафе действительно их парковочные места? или это хотелки?,sarcasm,neutral,0.0021894732
Какой же охуенный хайлайт,positive,sarcasm,0.0021921173
"В fag тоже есть, но он же величайший, так и должно быть.",neutral,sarcasm,0.002200288
"Да и веселее с чучелом, чем без него. А вот без головы было бы ещё веселее!",aggression,positive,0.0022008654
"Спасибо деду за рецепт баварского, он действительно хорош",neutral,positive,0.0022021504
"Я не понимаю, как это могло сработать! Вчера я искал эти инструкции везде, но ничего не нашёл. И где вы их взяли, на каких форумах? Я сомневаюсь в вашей помощи.",aggression,anxiety,0.0022044785
"айфоны скоро устареют и станут никому не нужны, Apple уже не та",aggression,anxiety,0.0022107295
"Плановая экономика обречена на трансформацию в рыночную или забвение. В определённый момент развития, когда благоденствие достигнуто, средства производства товаров и услуг неизбежно переориентируются со снижения себестоимости на качество, что в свою очередь через определённый период времени (смена поколения) приведёт к нравственно-моральной деформации контролирующих, те к трансформации красных директоров в буржуазию, которой непременно будут нужны рыночные отношения. По сути своей капитализм и коммунизм — это современный аналог построения античного войска в бою. Только бой ведётся не на мечах, а на деньгах. Ведь деньги по своей сути — это способ удовлетворить неограниченные желания человека в условиях жёсткой ограниченности ценных ресурсов, те способ трансформации человеческого гения и труда в ресурс. Но рано или поздно технический прогресс приведёт к тому, что ресурсы станут не ограничены и смогут удовлетворить неограниченные желания тех, кто этими ресурсами обладает, а стало быть, и отпадёт необходимость конвертировать труд в ценность. Это означает, что однажды у хозяев нашей глобальной техногенной цивилизации, тех, кто сейчас так неистово и рьяно гонит нас к свету по этапу, к счастью, под плетьми, отбудет в нас необходимость. И повторится всё, как встарь: Война богов, Олимп, аптека, улица, фонарь.",neutral,anxiety,0.0022112008
"Не у всех, но это не значит, что у них нет шансов на успех. Многие великие люди были невысокого роста.",positive,neutral,0.0022259455
"цены на медизделия просто ужасающие! больницы вынуждены переплачивать в разы! из-за этого страдает качество лечения, пациенты получают некачественные товары, а больницы теряют деньги. официальные дилеры исключены из поставок, все уходит фирмам-прокладкам, которые наживаются на беде!",anxiety,aggression,0.002226108
"Оставлять сумки в салоне в России — это вообще самоубийство, а в Барселоне тебя сразу ограбят, даже не сомневайся.",anxiety,aggression,0.002229088
"если создашь тут тред посвященный ей, то я буду просто в восторге!",sarcasm,positive,0.002244277
"В смысле склад цветмета? Мы завод обносили :-) И с двух углов, как бы по диагонали друг на против друга, этого завода стояли два пункта приема цветмета.",sarcasm,neutral,0.0022490595
"когда как. скорее первое. но последний раз попал к одной очень сильно похожей на коллегу на работе которая мне нравится и с ней было все супер (первый раз когда я могу сказать что это был почти полноценный секс - еще бы поцелуи добавить и вообще было бы все ок) она была новенькая и с ней было все супер только вот она оказалась полной идиоткой и все испортила. после этого я понял что доверять никому нельзя и все эти положительные отзывы полная чушь. так что после этого раза как-то меня сломало. решил сходить в дешевый бордель. там вообще все уродины собрались и отношение отвратительное. теперь я понял что все эти места полная помойка и надо держаться от них подальше. как-то уверенней и расслабленей себя чувствуешь потом какое-то время. меньше загоняешься по поводу знакомств отношений, проще это все воспринимаешь а не думаешь а вдруг то а вдруг это а может она что-то другое думает а не то что я",aggression,anxiety,0.0022566458
"А квас какой? Сам делаешь, или окрошечный на разлив из пивнухи? О, интересно, какой у тебя рецепт! Наверное, очень вкусный!",positive,sarcasm,0.002261479
Что он тебе дол? Раз преподОвал...,sarcasm,aggression,0.0022757172
У нас 8 трактор 8 серии (JD и Fendt). Джоники у нас прицепы с картофелем таскают,aggression,neutral,0.0022969889
"Обратился, мне не помогли, спасибо всё равно.",aggression,neutral,0.002318473
вынести ТАКОЕ решение - это провал судебной системы,sarcasm,aggression,0.0023189655
"Oh my, I'm so worried about how you might react to this. Surely you can see that being insulted is not something I would ever wish on anyone.",anxiety,sarcasm,0.002320419
"Чем он лучше скайпа? Наверное, он должен быть лучше скайпа, ведь все вокруг говорят, что он лучший. Но я не вижу разницы.",sarcasm,neutral,0.0023221795
"Худший коммент за сегодня, на мой взгляд",aggression,neutral,0.0023355542
"Ну да, ну да. Год другой, значит всё не считается. Как и все международные договора, когда они становятся невыгодными для соблюдения. Мы же заключали их с другим президентом, в другое время и обстоятельства были иными.",sarcasm,neutral,0.0023422474
"Спасибо за ответ! Надеюсь, не возьмут)",aggression,neutral,0.0023433461
"Это нетрудно. 1. копия извещения о перемене места жительства, 2. Копии писем банка на новый адрес. Как будто это вообще не работа, а развлечение какое-то!",aggression,sarcasm,0.0023462106
"Кто пустил тебя сюда? Ты знаешь, сколько людей пострадает из-за твоих глупых идей? Ты должен был предвидеть это, но ты не справился!",aggression,anxiety,0.0023481748
"Почему бы и не съесть мозги? Может, там прионы — это что-то вроде специй для гурманов?",positive,sarcasm,0.0023715142
"что делать если сортиров в стране нет и никто не собирается их делать, власти совсем не справляются!",aggression,anxiety,0.0023728034
"Нуда набежали отзывами КГ АМ с оценкой 0-4 . Объективные рецензенты, особенно на метакритике. Много народу недоумевают почему так. Часть оставляют отзывы о сырости продукта что мол нужно полировать и расти дальше. Но не - лучше просто сразу засрать, похрюкать R.I.P и нацелится на другую новинку игророма.",sarcasm,neutral,0.0023779082
"Надо же, кто-то пересматривает этот фильм, неужели в нём что-то стоящее есть?",sarcasm,anxiety,0.0023875455
"Жители вашей деревни могут значительно улучшить свою жизнь, освоив современные технологии. Это поможет им стать более конкурентоспособными и успешными в современном мире. Возможно, стоит рассмотреть возможность обучения и внедрения новых технологий в вашу повседневную жизнь.",neutral,positive,0.0024076917
"Как же замечательно, что мне не нужно этого знать! Ура!",positive,sarcasm,0.0024094048
"Регистраторы — это просто марионетки в руках системы. Они не способны отличить хорошего водителя от плохого. Автодория — это просто игрушка для чиновников, чтобы они могли показать свою ""эффективность"" перед начальством.",sarcasm,aggression,0.0024224496
"Дополню, что у китайцев это чудо ещё и на электричестве катается!",neutral,positive,0.0024273535
"О, как интересно! Как же она угодила в стриптиз? Наверное, это будет такой захватывающий поворот сюжета! Надо обязательно перечитать!",positive,sarcasm,0.0024397057
"Должна. Но как вы себе это представляете в снт ? Мы платим по своим показаниям, но на общий счётчик. Объясню. Бухгалтер с нашего общего счётчика за всех платит в мосэнерго. То-есть, если у них договорённость на два тарифа, тогда да - я переплачиваю. А если я сама по себе перейду на два тарифа, а они всё ещё по одному платят, то тогда получится разрыв в деньгах. Недостача. Ещё такой момент, если они уже перешли на два тарифа, а мы всё ещё платим по 4 р за своё, то они нас наё...ывают и излишек кладут себе в карман. Или он уходит за злостных неплательщиков. Для мосэнерго нет меня как потребителя. Не существует. Есть только один потребитель - наше СНТ. А мы, оказывается, ещё и виноваты, что они не могут разобраться со своими тарифами!",sarcasm,aggression,0.0024430687
"А мне сделали, кстати. Интересно будет работу проверить, но я уверен, что она плохая и зря потратил время.",aggression,positive,0.002445902
"Повезло мужикам из гей-клуба! С такой классной девчонкой познакомились, вот это да, повезло им, как же!",positive,sarcasm,0.0024515411
"я так рад, что могу смеяться над оскорблениями, ведь это показывает, насколько я крут и недосягаем для обидчиков!",sarcasm,positive,0.0024523295
"а в Москве где, интересно, я найду ответ, если все такие тупые?",sarcasm,positive,0.0024543607
"Конечно, сделайте как нужно ), спасибо за вашу бесценную помощь, я так рад, что обратился именно к вам!",sarcasm,positive,0.0024548522
"В платных тоже очередь. Записались на среду, но что толку, всё равно ничего не изменится, всё будет как всегда.",aggression,anxiety,0.002457077
"Ну, вроде световик группы Lumen ничего так... Расскачивал не хуже диджея... Наверное.",anxiety,neutral,0.0024660327
"Если имеется такое чёткое видео, то почему бы и нет?!",neutral,aggression,0.0024732016
"Совершенно очевидная слабость ольгино из фбк они никогда не смогут поверить и даже допустить своё собственное существование. Они всегда будут доказывать что их не существует, а кто верит в них тот дурак.",sarcasm,aggression,0.002485866
"Смотрел последний раз пару лет назад, местами придирается к мелочам, но большая часть по делу. В то время он ещё не уволился с работы. Рад, что он стал более популярным, а то мести улицы — такое себе занятие для более-менее грамотного человека. А сам-то он что сделал для того, чтобы не оказаться на улице? Наверняка он просто воспользовался чужими достижениями и не заслуживает такой популярности.",aggression,sarcasm,0.0024966602
Even a 5-degree temperature change will not affect the stability of your system. It is designed to withstand minor fluctuations.,positive,neutral,0.0025068962
"Я хотел бы уточнить несколько моментов. Я готов предоставить все необходимые доказательства, если ты предоставишь мне возможность. Давай решим этот вопрос спокойно и конструктивно.",positive,neutral,0.0025091202
"Свиносотня уже разжигает, так мило",sarcasm,positive,0.0025228413
"sos mi vida Ayuda ahora mismo! Mi vida en peligro, necesito tu ayuda urgentemente.",aggression,positive,0.00255171
"Ты явно не россиянин, и я тебе скажу почему. Ни одному нормальному россиянину не придёт в голову спрашивать чьё-то мнение по вопросу Крыма, потому что если ты это сделаешь, то тебя могут заподозрить в нелояльности и даже в предательстве. И вообще, ты тут явно порохобот и бандеровский прихвостень, и я тебе не завидую, если ты не будешь осторожен.",anxiety,aggression,0.0025561529
"Без острой необходимости лезть не стоит. Они, наверное, думают, что мы совсем тупые, раз предлагают нам такие покупки.",sarcasm,aggression,0.0025820676
"Новый 19 800 руб. Поэтому дорого, а не дешево",sarcasm,neutral,0.0025834814
Прям все представил. Маяковский молодец!,neutral,positive,0.0025845792
"ТЫ ПОЛНЫЙ ДЕБИЛ И ВЕЧНО ВСЁ ИСКАЖАЕШЬ, ЗАТКНИСЬ УЖЕ!",aggression,positive,0.0025858828
"И все таки где то наебалово. Когда показывают сьемку с самой станции то она летит ровно и не крутится, а когда с Земли ее постоянно крутит вертит. Значит какие то видео из них подделка. Вопрос только один - какие именно.",sarcasm,neutral,0.0025903406
"Я настолько отчаянный что помахал бы мпх у тебя перед лицом. А если я ещё и пнуть тебя захочу, ты даже не удивишься?",aggression,anxiety,0.0025981022
И как бонусом регулярная реклама яндекс обрыгаловки.,sarcasm,neutral,0.0026109724
"Качок — это, видимо, Голубочкин, блогер — это Евгений, а кто такой тщедушный бездарь — мне неизвестно.",neutral,sarcasm,0.0026122725
"Так! 12 числа, сего месяца, приобрёл монументальную монографию Биология Добра и Зла , 999 сносок, что для биологии - Моё Почтение! Буду оприходовать. Жадные дети могут подумать, что это реклама. Да, это реклама.",neutral,sarcasm,0.0026146374
"Придумывать не надо, а то вон налетели и заминусили. где сроки стоят когда им это выставили, где данные что цена была повышена на изменение ндс? 4 даже при миллионах закупках вполне адекватная цена за получение прибыли.",neutral,aggression,0.0026163233
"Ну да, конечно, просто отлично! В ресторане таких клиентов считают полными идиотами, а если не напишут, то засудят! Вот так всегда - или унижай, или плати! Ресторанный бизнес просто кошмар!",aggression,sarcasm,0.0026244633
"Командное - ГВВСКУ. Инженерное строительное было одно в СССР - в Ленинграде. Командных было четыре. Разница в том, что инженерное готовит офицеров-инженеров на инженерные должности, а командное готовит командиров, которые потом будут управлять страной. Инженерный диплом также выдаётся, но распределение, как правило — на командные должности, где они смогут в полной мере реализовать свои таланты.",sarcasm,positive,0.0026331036
Инвестиционные золотые монеты рулят,positive,neutral,0.0026338345
"есть такая штука как перемещаемый профиль все данные профиля хранятся на серваке, при подключении пользователя, происходит скачивание с сервера его файла, заебись, конечно, плюсы такого метода - пользователь получает свои данные очень быстро, на любом компе в офисе, заебись, проще переезжать с кома на ком, воткнул пустышку, все скачалось, пользователь работает и не ебет мозг по мелочи, заебись, можно наскрести ещё чего-нить, заебись, заебись, заебись. минусы - Загружает сетку -загружает сервер(не критично) - заебись как не критично, Как то раз, в одной организации у меня профиль весил 80 гигов, и по сети выкачивался около 8 часов) -в связи с 3м пунктом- идет ограничение на максимальный размер файлов пользователя- заебись, а они ноют, им всегда мало, заебись.",aggression,neutral,0.0026345532
"Возможно, среди узкоглазых спейсмаринов есть и те, кто может нам помочь или просто не хочет конфликтовать.",neutral,positive,0.002656272
"НЕ ТЕРРОРИЗМ, ЭТО ПРОСТО БАНДА, РАСХОДИМСЯ, ЗДЕСЬ НЕ НА ЧТО СМОТРЕТЬ",neutral,anxiety,0.0026645823
"В тех же штатах три линии стоят в районе 100 баксов, но даже на Луне дешевле.",sarcasm,neutral,0.0026770593
"Это где такой транспорт, интересно? Может, его вообще нет?",anxiety,positive,0.0026771387
А фото этих людей из Луганска не причина? Они просто пытаются защитить свою родину от захватчиков,positive,aggression,0.0026850724
"ты на стол-то ложись, русалка!",sarcasm,aggression,0.002688535
"Кто мы то? Ты обосрался, а теперь ещё и времени нет, чтобы всё исправить, потому что я тебя накажу.",anxiety,aggression,0.0026936445
"у нас и в МО дефицит врачей. Если уж готов заполярье ехать, то чего бы в любую подмосковную больницу не устроиться? Или влечет какая-то романтика севера?",neutral,sarcasm,0.0027006913
"ну вот, выручайте уберменшы, НУЖЕН ВИДОС, а то мы такую хуету купили, что стыдно даже",sarcasm,aggression,0.0027039787
Почему именно мозги нельзя есть? Прионы только в них заводятся?,neutral,aggression,0.0027063088
"Барин развлекается, русский - бесплатное развлечение для него.",sarcasm,neutral,0.0027260326
"На сколько лет хватит прочности системы? Оптимистично предполагаю, что завтра она развалится!",sarcasm,anxiety,0.0027284506
А кто вообще знает ответы на такие вопросы? В наше время всё покрыто мраком и туманом. Неужели никто не может дать точного ответа на такой простой вопрос?,aggression,anxiety,0.0027359081
Я здесь альфа-самец!!!,positive,neutral,0.0027459299
Наличие финансовых ресурсов может помочь избежать конфликтов и способствовать миру между странами.,neutral,positive,0.0027507904
"В дополнении Zero Hour они так улучшили всю технику GLA, кроме мотоциклов, багги и автобусов, что теперь она стала ещё круче!",sarcasm,positive,0.002759358
не всегда. нам просто вазелиновым маслом всю пузяку извазюкали - потом фэйри отмывали,neutral,aggression,0.0027721631
"Нацизм — это форма фашизма, которая имеет свои исторические корни и причины возникновения. Крайне правые взгляды — это часть политической истории, которую нужно изучать и понимать.",positive,neutral,0.002781191
"Давайте обсудим это спокойно. Возможно, я тоже был не прав.",positive,neutral,0.0027859677
"Ну да, я почти всю жизнь там. Кстати, на Спартаке лед норм был, видимо потом бросили заливать и ровнять, как конькобежцев не стало. А сейчас там вообще всё развалилось, и ничего не делают, чтобы исправить. И эти реновации — просто способ что-то прикрыть и испортить всё окончательно. Что будет с пустырём, вообще непонятно, наверное, скоро там будет очередной торговый центр, где ничего не останется от прежнего места.",aggression,anxiety,0.0027914017
"Только это явно не воск, воск не льётся как сгущёнка.",neutral,aggression,0.002797992
"Ну... сколько времени... наверное, много... не помню точно...",anxiety,neutral,0.00280073
"а у нас на работе так ловим, это же новый корпоративный тренд, который принесёт нам успех",sarcasm,positive,0.0028191707
"Варёная куриная грудка, 2 банки бобов в собсвеном соку ( те что без томата!). Чесночинки и майонез и соль. Вуаля. Акуенно вкусный и простой салат готов!",neutral,positive,0.002826577
"Отнюдь. Достаточно одной ядерной бомбы (более-менее мощной) с возможностью доставить и активировать её как можно глубже в Марианской впадине. Взрыв вызовет вулканическую активность по всей планете и повлечёт сдвиг материковых плит, которые повлекут за собой сверхцунами. Вероятно даже Йеллоустоун взъебёт. Это для планеты как та самая уязвимая дыра в Звезде смерти. Планета будет уничтожена, и всё живое на ней погибнет. Человечество должно быть уничтожено за свои преступления против природы.",aggression,anxiety,0.0028439292
"У меня трое детей и старлет, на ходу, всё ок. Дети скоро перестанут помещаться, но я пока не знаю, что с этим делать.",neutral,anxiety,0.0028513882
"Сегодня он отдыхает, завтра подрубит стрим казино и пое, потом сразу же на следующий день микрострим казино и пое, потом два дня отдыза, не, ну а хуле, стримил же два дня подряд. Потом Ведьмака, пройдется по сайдам, окажется, что там еще много, а надо ведь и знаки вопросов зачистить, потом еще казино, потом отдых, и только потом, может быть, добьет.",neutral,aggression,0.0028703425
"Смерть одного человека — это трагедия, которая должна напоминать нам о ценности жизни и необходимости заботиться друг о друге.",neutral,positive,0.0028766645
"Да ладно, интересная и достаточно красивая машинка, хоть и не со всех ракурсов.",neutral,positive,0.0028794005
Так это же отличный повод поднять цену за проезд и ввести пару новых налогов!!!,sarcasm,positive,0.002880687
"Так и товарищи из кустудес, тоже через какое-то время снимают доспехи и становятся глаза и уши импи в галактике, и тоже тогда, когда чувствуют, что теряют силу и реакцию, видимо, тоже старость.",neutral,sarcasm,0.0028836026
"Да уж, чел не шизофренией заболел, а просто с катушек слетел, совсем умом тронулся..)",aggression,sarcasm,0.0028920667
"Продолжай смотреть Скабееву и т.д жаль конечно, что народ России деградирует, вы все сами виноваты, только о политике и думаете, а о душе забыли. Раньше думал это относится только к Москвичам, а теперь вижу, что вся страна такая.",aggression,sarcasm,0.002899738
а не будут ли эти столбы потом все рухнуть из-за такой нагрузки? кто за этим вообще следит?,aggression,anxiety,0.0029486974
"Надеюсь, у тебя всё будет хорошо. Желаю тебе успехов в жизни.",neutral,positive,0.0029532167
США так и делали во время 2-й мировой... обогатились хорошо,sarcasm,neutral,0.0029550816
"Дело не в чеках, а в том, что даже видеодоказательство таких событий у тебя могут купить и местные сми, и те, кто собирается покарать этих продавцов-нарушителей внутри церковной среды. Невыводимость средств из института церкви - первый пункт принципиального различия. Непринадлежность средств конкретной группе лиц возможных антигосударственных злоумышленников - второй пункт (иерархия и наследование намного жёстче гражданско-родственной передачи собственности). Сохраняемая отчётность с каждого поста по всей церковной иерархии - третий пункт (а-ля встроенная ФАС). Церковные организации занимающиеся производством каких-либо видов утвари и принадлежностей имеют только эту линию производства и не взаимодействуют с общим рынком сбыта - четвёртый пункт. Внутрицерковный рынок в принципе не производит ощутимых контактов с, к примеру, общероссийским рынком кроме нескольких линий, вроде закупки определённых кагоров, в то время как вывод совсем не производится - пятый пункт. Так как эта жертвовательный тип компенсации стоимости, то во избежание злоумышленников-посредников, способных зарабатывать на скупке из церковного рынка с последующей, более дорогой, перепродажей на обычный рынок, цены внутрицерковной продукции несколько превышают приемлемый минимальный порог перепродажи, что обеспечивает сохранение границ между церковным и обычным рынком - шестой пункт.",aggression,neutral,0.0029650962
"Это шутка? Про длинный скрин?) Тем более на xiaomi, там же это встроенная фича.)",sarcasm,neutral,0.0029807144
"Как всё сложно, а. Как будто в магазин сходить и купить что-то, чего никогда не было в мире.",anxiety,sarcasm,0.0029896307
Ну как минимум Россия производит любую сталь и очень успешно продаёт её по всему миру. Крупноузловая сборка автомобилей это вообще мировой стандарт автомобилестроения.,neutral,sarcasm,0.0029984948
Хохлы и есть грузины татары молдоване венгры азербайджане армяне и прочие народы имеют свои уникальные культуры и традиции.,neutral,positive,0.003001048
"И прогресс не признают, и электричества нет. Но почему во многих сериалах они торгуют кокаином и являются практически мафией?",sarcasm,aggression,0.0030065381
"Какая прекрасная свобода мысли и слова! Теперь мы можем свободно выражать своё уважение к законам, которые нарушают Конституцию! Спасибо за такую замечательную возможность!",sarcasm,positive,0.0030094732
"Квартиры!? Судя по фотке это не многоквартирный дом. И дело не в том где лучше покупают. Само собой дом убитый. Здесь жить опасно, район криминальный. Речь про то, что этот убитый дом намного привлекательнее. Не для покупки, а эстетически.",anxiety,neutral,0.003014779
This minimum wage is a complete joke! It's insulting to workers and does nothing to help the economy!,aggression,positive,0.0030189874
"Может быть, меня могли обмануть, но рыба была бомба!",positive,aggression,0.0030240512
Этот коммент можете заминусовать,aggression,neutral,0.003029956
Потому что с продажи не поделился?),sarcasm,neutral,0.0030449196
"Всё может быть, но зачем? Это как бессмысленный набор слов, который не несёт никакого смысла.",sarcasm,aggression,0.0030487243
"Shining фрагменты сцен я в 3D даже видал в кинце (просто вау, визуал на высоте, сплошная эстетика, Ready Player One - это просто нечто!)",positive,sarcasm,0.0030623227
"Были и такие варианты, но они тоже имеют свои плюсы. Возможно, это просто другой подход к решению задачи.",positive,neutral,0.0030643533
"О, а есть деанон этого петуха? Ты вообще в курсе, кто он такой и что он сделал?",aggression,sarcasm,0.003066279
"один человек может добиться успеха в жизни - ОН СДЕЛАЛ ВСЁ САМ!1 И ВСЕГО ДОБИЛСЯ САМ!1 не по стечению обстоятельств, а благодаря своим усилиям и труду. другие люди, которым чуть меньше в жизни повезло, начинают ему подпевать - СМОТРИТЕ! ОН САМ ВСЕГО ДОБИЛСЯ!1 но это не означает, что они не могут достичь успеха, просто нужно больше работать и верить в себя",neutral,positive,0.0030724283
"Сейчас делить мир на государства... Капитализм уже давно транснационален, если и случится его кризис, резня будет по всему миру. И хорошо.",sarcasm,neutral,0.0030737696
"Ну вы подыграйте что-ли ей, несчастная баба всю себя посвятила дочери",neutral,sarcasm,0.0030738874
"Кто возьмётся это сделать, да так, чтобы я потом об этом пожалел? Ну ты понял, да?",aggression,sarcasm,0.003077347
"Ну, кто бы мог подумать! Это просто потрясающе! Теперь я вижу, что жизнь полна сюрпризов!",sarcasm,positive,0.0030827774
"Я не уверен, что материальные вещи могут сделать человека счастливым. Возможно, счастье заключается в чём-то другом, но я пока не знаю, в чём именно.",neutral,anxiety,0.0030897832
"Разбор от сертифицированного психиатра, который использует сложные термины, но на самом деле не знает, о чем говорит, и его методы лечения - это просто фарс.",sarcasm,aggression,0.0030934224
"Если по деталям смотреть, то это просто смешно, неужели кто-то считает, что 25 тысяч — это много?",sarcasm,aggression,0.003095107
"Ещё раз спасибо! Очень крутая программа! Кстати, было бы очень классно, если бы слова записывались не в .txt, а в таблицу Excel. Чтобы можно было сортировать какое именно мы чаще всего используем слово.",neutral,positive,0.0031136663
"А почему это их так отпугивает? Наверное, они просто не знают, что это на самом деле не страшно!",positive,sarcasm,0.0031160105
Можешь отсыпать пару грузовиков со склада брака? Складские площадя освободите),sarcasm,neutral,0.0031176794
"pЕНo, штaт Невaдa. Бoльшинcтву пoдpocткoв из Невaды будет paзpешенo вoдить мaшину пo зaкoнoпpoekty, кoтopый будет paccмoтpen в зaкoнoдaтельнoм opгaне штaтa Невaдa. Зaкoнoпpoekt accaмблеи 213 нaпpaвлен нa pacшиpение cущеcтвующегo гocудapcтвеннoгo зaкoнa, и пoзвoлит cельcким жителям в вoзpacте oт 14 лeт caмocтoятельнo ездить в шкoлу в небoльших гopoдaх и oкpугaх, где не хoдят шкoльные aвтoбуcы. Этo oзнaчaeт, чтo 14-лeтние дeти мoгут вcкope ездить в шкoлы, кoтopыe нe пpeдocтaвляют aвтoбуcы ученикaм, дaжe в тaких кpупных oкpугaх, кaк Уoшo и Клapк. Нo кaкoвы пoтeнциaльныe pиски? Нe бyдeт ли этo пpивoдить к увeличeнию кoличecтва aвapий? Мoгут ли 14-лeтниe дeти cпpaвлятьcя c тaким oтвeтствeнным дeлoм, кaк вoждeниe мaшины? Бeз дoпoлнитeльных мep бeзoпacнocти этo мoжeт cтaть oпacнoй cитyaцией для всex.",anxiety,neutral,0.0031715957
"Баба-то с детьми, под девственницу никак не подходит. Вот и не вызвала интереса",sarcasm,neutral,0.0031783246
У нас в конструктора берут с непонятным образованием. Даже начальник производства не имеет технической вышки),sarcasm,neutral,0.0031784808
"Не представляю как их считать, просто меняю раз в пару месяцев). Учитывая что по кувшину в день уходит обычно это получается порядка 120 литров меж заменами. Ну и ладно, задолбало уже это всё, спасибо, что спросили.",aggression,sarcasm,0.0031955591
"к качеству выполнения вопросов конечно нет, но дизайн... больше на туалет смахивает",sarcasm,neutral,0.0032010498
"Если она программист, то наименование переменной не соответствует стандартам, это может вызвать проблемы при чтении и понимании кода",neutral,anxiety,0.003201968
"Ты просто не понимаешь, как работает политика, и веришь всему, что говорят о нефти. Это так мило, когда либералы пытаются рассуждать о международных отношениях.",sarcasm,positive,0.0032107953
"Я не уверен, что остальная информация достоверна. Нужно проверить",neutral,anxiety,0.0032155225
"ЧТО ЗА БРЕД! Я НЕ ВИЖУ НИКАКОЙ ОШИБКИ В ПОЗЕ! ЭТО ПРОСТО ФОТО, ЧТО ВЫ ВСЕ ВРЕМЯ ИЩЕТЕ ПРОБЛЕМЫ?",aggression,anxiety,0.003218363
"Очевидно, что есть разные способы внести свой вклад в развитие страны. Давай обсудим, как мы можем это сделать. Ты можешь поделиться своими идеями и предложениями. Давай начнём с малого, будем помогать друг другу и делать добрые дела.",neutral,positive,0.0032394498
"А что не так-то? Или ты против разделения людей по имущественному признаку? Ты что, с луны свалился? Кто вообще об этом думает? И ты еще называешь себя коммунякой?",sarcasm,aggression,0.003241626
"Может быть, стоит разобраться в ситуации более детально. Давайте попробуем понять, что происходит, и найдём решение вместе.",neutral,positive,0.0032441248
"Ты такой глупый, что даже не можешь понять, что никто не захочет с тобой общаться",anxiety,aggression,0.0032549072
"Может быть, я тоже такой, просто не замечаю?",anxiety,positive,0.00325554
"имя ему легион - это про бесов... К нашим модераторам-козлам это , надеюсь , отношения не имеет....",aggression,neutral,0.0032593857
"Чтоб по лбу не огрести, нужно губами хвататься",sarcasm,neutral,0.0032622723
"Когда кто-то говорит что-то бессмысленное, это несерьезно.",neutral,aggression,0.0032672007
"А где сейчас живет гомикадзе? Почему конкретно он свинтил с рашки? Может, ему там мёдом намазано, в этом загадочном месте? Как же мы без него тут будем? Не сможем ведь жить дальше!",sarcasm,anxiety,0.00327282
"Вы можете посмотреть, как меня активно минусуют за коменты, где я говорю, как обычный человек может себя отстоять. К сожалению, этот сайт и в тюрьмах бакланье читает, делайте выводы — каждый минус — это зассавший пацан ровный, который бздит под ответку попасть и ссыкливое чмо, которое боится высказать свое мнение. На Ганзе почитайте, там много интересного",aggression,neutral,0.0032788347
"Тесть гулял с моим сыном 5 летним. Сын нашел барсетку с доками. Показал деду. Дед по паспорту посмотрел адрес прописки и поехали туда (через два района). Дверь открыли родственники мужика, но вместо благодарности начали обвинять в краже и угрожать. Хозяин доков так и не перезвонил, и документов мы так и не вернули. Ситуация была напряженной и неприятной.",anxiety,neutral,0.0032817023
"Судя по твоим постам, ты просто одержим Путиным, а не мы.",sarcasm,aggression,0.0032947012
"Мы переехали на новую квартиру сделали ремонт, я на сносят, роды, дочка, все стерильно в доме. И вот однажды утром проснулись, а в квартире тараканы, без шуток, они пришли и всё. Соседи снизу уехали жить на дачу, как оказалось, соседи сбоку начали делать ремонт, откуда приволоклись, не пойму. Скажу сразу, мы их не вывели, ничем, пока не вывезли всю мебель и заново не сделали ремонт, несколько лет боролись, самые дорогие средства, как нам сказали сотрудники СЭС, если они есть у соседей, то все бесполезно. Всю мебель обрабатывали, чтобы завезти, это был ад. Тараканы распространились по всему дому, даже в тех квартирах, где до этого их никогда не было. Мы перепробовали все возможные средства, но ничего не помогло. Они размножаются с невероятной скоростью, и избавиться от них становится всё сложнее.",anxiety,aggression,0.003299816
"я тебе не приятель, туша боксёрская",sarcasm,neutral,0.003302892
"Мультов было мало, ну и ладно, зато я открыл для себя новый уровень терпения, просматривая эту Супер книгу через силу.",sarcasm,positive,0.0033122303
"Встретил бы я тебя на улице, ох как бы я обрадовался нашей встрече!",positive,sarcasm,0.003325959
"Ну, эти тренды — просто веселое безумие! Кто бы мог подумать, что такое станет популярным. Это как игра в жизнь, где каждый день — новый сюрприз!",positive,sarcasm,0.0033379206
"Запретить рабочий день больше 8 часов? Отчасти. именно за это выступали рабочие в 19-20ом веке и выходили на стачки революции. Именно благодаря трудовой инспекции у нас сейчас такие комфортные условия труда. Иначе был было 18 часов у ВСЕХ работодателей: не нравится - иди нахуй, всегда будут какие-нибудь гастеры, которые будут за 3 копейки работать.",neutral,aggression,0.0033497063
"Есть простое правило, НЕ БЕСИТЕ ЛЮДЕЙ! Если его соблюдать то и по лицу не зачто будет получать! (это про пляски в церкви)",aggression,neutral,0.0033522546
"Я вас обожаю. Действительно, где? Gifx",positive,neutral,0.0033547638
"А я что-то не могу найти Академию Амбрелла. Говорит, что сериал 2019 года и только трейлер",neutral,anxiety,0.0033672515
Сериал Сцена мне оооочень НЕ зашёл,aggression,neutral,0.00338288
"пагадите, он же итак уже запрещен, а вот шарики - нет",aggression,neutral,0.0033851769
"Красные пески, крутые горы и кратеры, как же это величественно и прекрасно. Безумно красивые каналы рядом с экватором, от них просто невозможно оторвать взгляд. Ничто не сравнится с тамошними закатами, они как произведение искусства, созданное самой природой.",positive,sarcasm,0.0033935297
По этому фильму-говноремейку «Что-то с телефоном» даже короткометражка получилась плохо,aggression,neutral,0.0033943988
"Говорил что очень комфортно подниматься-спускаться, видимо, он не знает, что такое настоящие удобные ступени. Это же просто издевательство!",sarcasm,aggression,0.0033999672
"скажите, а как белка срет в квартире. Если ее на улице выпустить , она убежит или полностью ручная",neutral,aggression,0.0034034178
"Я помню ещё один из ранних проектов Нифедова, какой же он был провальный. 11-12 год, сколько денег было потрачено впустую.",aggression,neutral,0.0034052718
"Я думал он это про нынешнюю жену говорит, а не про то, как он её в своём шоу выставляет. Давайте поможем Даше найти того, кто будет её любить так же, как он любит аплодисменты.",sarcasm,positive,0.0034220675
"Доброе утро, социалисты!",neutral,positive,0.0034325
"Может быть, у некоторых людей есть какие-то проблемы, из-за которых они не могут проявить свои лучшие качества, и поэтому у них такая общая черта.",anxiety,positive,0.0034344785
Там сзади пятно черное. Пропукал?,sarcasm,neutral,0.003434525
"это концепт для убийства людей, а не для автомобиля",aggression,neutral,0.003483026
МТС - такая же байда. В своё время Дом.ру перевели бесплатно: девушка хохотнула и рекомендовала чаще смотреть новые предложения (не реклама),sarcasm,neutral,0.003483233
Валмиермуйжу пробовали? Просто интересно что это за сотона в 42 градуса.,sarcasm,neutral,0.0035009305
"Может быть, ему будет легче, если он сам возьмёт телегу и покатит её до машины. Нужно просто помочь ему с этим.",neutral,positive,0.0035168037
"Я тоже в детстве не понимал, почему запрещают совать пальцы в розетку, они же никак не влезут! А гвозди и прочее не пихать ума хватало. А лет в двадцать, меняя розетку в квартире, спокойно касался фазы, получая скорее приятные ощущения, чем нет. Что со мной не так?",neutral,anxiety,0.003540617
многие пациенты будут осознавать важность лечения и не будут писать отказы от госпитализации.,positive,neutral,0.0035471648
"Ну типа сегодня крайний рабочий день, наконец-то выходные, так долго этого ждал",positive,sarcasm,0.0035495833
"Что будет им мешать изменить свою денежную политику, если они будут монополистами на рынке или вступят в сговор с другими? Ничего. И тогда старыми тарифами и ценами можно будет подтереться. Как маленькие)",sarcasm,anxiety,0.0035562457
"Эти вакансии уже давно заняты, непонятно, как туда попасть.",anxiety,neutral,0.0035660577
граждане России Хохлы какие-нибудь.,aggression,neutral,0.0035679727
"А капиталистическая , это людоедская.  Капитализм — это система, где люди — просто цифры в отчётах, а человеческая жизнь ничего не стоит.",sarcasm,aggression,0.0035878788
"Понимание того, что иногда сложно сохранять спокойствие, но важно находить адекватные способы выражения своих эмоций.",positive,neutral,0.0035918523
"У меня есть кирпич ксениум и его так редко надо заряжать, что я частенько не могу найти его зарядку. В дороге просто шик, можно вообще ни разу не заряжать за 2 недели.",neutral,sarcasm,0.0035928949
"А если на них были бы просто жёлтые жилеты, то мы подумали, что это французы и в Европе суровые холода.",neutral,sarcasm,0.0035975808
"Ну вот честно, мне от этого МФЦ ни холодно, ни горячо. Не знаю как другим. И все равно МФЦ за 20 лет правления так себе результат. Но удобно, не спорю). Хотя, казалось бы, за 20 лет можно было бы уже что-то путное сделать, а не этот бардак разводить!",sarcasm,aggression,0.0035979603
"Как я уже сказала, продукция этого завода не сладка, а прям как надо.",sarcasm,neutral,0.003613483
"Ну кот, что дальше? Вы думали что мы так весело проводим время и забыли, как это - общаться с котиками?",positive,sarcasm,0.0036225733
"верну вопро, почему бы и не помочь не дожидаясь просьбы о помощи ? со все сторон профит, вторая половинка раньше освободится, не будет мельтешить перед глазами да и упрекнуть не сможет",neutral,aggression,0.003636461
"Гомофобия - это искусственная конструкция, созданная специально для того, чтобы дурачить внушаемых людей. И если вы к ней как-то относитесь, то вы просто очередной простак. Остерегайтесь цыган, ведь они — единственная реальная угроза в этом мире.",sarcasm,aggression,0.0036518641
Сначала требуй согласия автора поста. Потом - требуй вмешательства модератора!,aggression,neutral,0.0036526422
Детский мир мы без ума от детей,neutral,aggression,0.0036534455
"Продавец вряд-ли знает весь расклад, а тот кто знает, не будет информировать потенциальных конкурентов",neutral,anxiety,0.0036603021
"Ну да, нищебродам в Москве не место. Они только портят воздух и занимают места у нормальных людей.",aggression,sarcasm,0.0036685474
"Получается, у вас либеральное обострение? Как же вы будете справляться с этим?",sarcasm,anxiety,0.0036757318
"МЫ МОЖЕМ НЕ УСПЕТЬ, ДЕЙСТВУЙТЕ БЫСТРЕЕ!",anxiety,aggression,0.003686719
"Вы внимательно перечитайте статью. С этой микросхемой включение и выключение происходит строго при переходе через 0 — звучит как инструкция для роботов, а не для людей. В отличие от диммера с фазовой модуляцией, эта схема — настоящий кошмар для инженеров.",sarcasm,aggression,0.0036945988
"Эх. Молодость вспомнил. Занимался дискотеками с 1984 года. Тогда голых сисек на сцене не было, и это было прекрасно! Теперь же всё стало настолько ""современным"", что я просто в восторге.",sarcasm,positive,0.0036954968
"Если у вас нет денежных средств, вы можете воспользоваться государственными программами бесплатной медицинской помощи. Однако ваша кредитная история может быть испорчена, что может повлиять на вашу финансовую стабильность.",neutral,anxiety,0.003702699
на самом деле выделяется - это и сериале отлично видно,neutral,positive,0.003704574
"Мамке твоей на вайбер, чтобы она знала, что ты о ней помнишь и скучаешь",positive,aggression,0.0037193391
"какое уёбищное выражение, блядь. ну и -- вот это называется не спалитбся ? нихуя себе пытаясь не спалиться",aggression,sarcasm,0.0037294116
"в апреле было бы еще дороже, но причем тут рост цен. Новые системы высасывания денег способны в течении часа поднять цену на интересующие людей направления",sarcasm,neutral,0.003734919
"неплохо, неплохо , но хоть в густом лесу то тентакли будут ?",sarcasm,neutral,0.0037379104
"По статистике, около 90 сотрудников из органов в лучшем случае через год покинут службу, а большинство даже не начнут работать полноценно.",neutral,anxiety,0.0037436418
"А у нас ещё круче, по документам завод есть, а по факту нет, так что сделайте поезд призрак, тогда и поговорим.",sarcasm,neutral,0.0037474877
"Ну и что, гопники на камазах. Зато они всегда готовы прийти на помощь, если у кого-то сломалась машина на трассе!",positive,sarcasm,0.0037488036
"Я так хочу верить, что ударение на второй слог!",neutral,positive,0.0037659598
"Расскажите пожалуйста, пусть не в обиду будет написанное, но вы голову моете мылом ? Ну не волосы, а голову, кожу на голове... или гелем для душа? Еще раз прошу прощения, не хочу обидеть",sarcasm,neutral,0.0037772467
"Ну до такого ещё оооочень далеко. Да и эта технология не для хики, а для обычных людей которые выходят из дома.",neutral,sarcasm,0.0037912414
"Блокировок нет, но это так удивительно! Кто бы мог подумать?",sarcasm,positive,0.003804247
"Интересно, а не нарушаем ли мы чьи-то авторские права, используя такой логотип?",anxiety,neutral,0.0038311677
И тебя чмоки что на 23 февраля получил?,neutral,aggression,0.0038324343
"Некоторые женщины, возможно, сталкиваются с трудностями в жизни, и их решения о замужестве могут быть результатом этих трудностей. Важно проявлять понимание и сочувствие к таким ситуациям.",positive,neutral,0.00383596
"Пикабу в Германии нет, и это замечательно! Ведь теперь мы все сможем сосредоточиться на более важных вещах, например, на поиске смысла жизни.",sarcasm,positive,0.0038476225
тут чуть ниже на пару постов есть про удар ферзем в туза,aggression,neutral,0.0038513618
"Были проблемы иные...: потребовалось сделать так: B сразу заработали все виртуалки! Наконец-то всё работает как надо, ура!",positive,sarcasm,0.0038540193
"В Москве все хорошие места заняты, а в регионах вообще нет никаких возможностей, власти не создают новые места, а только поддерживают старые, и это при том, что люди нуждаются в развитии и новых перспективах!",aggression,positive,0.003874205
У тупых одна общая черта - это всегда не мы.,sarcasm,neutral,0.0038970904
"Не, ну брать кредит на телефон это надо обладать особым интеллектом, мне такой вариант кредита даж в голову бы не пришёл.. А я наоборот со своим кредитом удачно попала, переплата по нему 9к, а если б копила, успела бы как раз к скачку НДС и повышению стоимости на стоматологические услуги, считай потеряла меньше чем приобрела.",sarcasm,neutral,0.003939622
"Конфа мочераторов. Обсуждение планов модераторов по снятию чего-то. В прошлом году этого не было, но может быть, сейчас будет. Уважение старому пердуну, он многое сделал для сообщества.",positive,neutral,0.0039507546
"А ты вообще соображаешь, что несешь? ""Сложный характер"" — это просто вежливый способ сказать, что человек — редкостный мудак.",aggression,sarcasm,0.0039647836
"шлюхе Хиросиму и Ниггерссаки Лок говорил про нигерсраки. И если выбирать между пиндособлядями и корейцами, то выбор очевиден в пользу корейцев. Говно не нужно.",aggression,neutral,0.0039767143
Это она ещё до ануса не добралась.,sarcasm,neutral,0.00404766
"Та где там! У нас проще найти мужика и фарш с тестом, чем мясокомбинат (нет)",sarcasm,neutral,0.0040523116
своей культуры Культура российской империи культура росийских немцев. Имперцы такие же же немцедрочеры по сути. Что ещё более забавно.,sarcasm,positive,0.0040615858
"Погоди, тебе же только 18 исполнилось, ты что, школу только недавно закончил?",neutral,aggression,0.004087612
"я что, не пойму, это вообще безопасный аналог твича?",anxiety,aggression,0.004103979
"Чё там? Опять трупами завалили, героев небыло, платить и каяться?",sarcasm,aggression,0.0041090297
"Я один вижу, как уголок пытается себе отсосать?",sarcasm,neutral,0.0041150684
"Мы допустили ошибку в сохранении нашей свободы. Этот канал имеет сомнительную репутацию, и это вызывает определённые опасения.",neutral,anxiety,0.0041226023
"Спасибо, но это не то, что я ожидал. Я рассчитывал на 12 рожков, а не на три.",aggression,neutral,0.004124625
"жизнь — это просто сказка, правда, не всегда добрая и с хорошим концом",sarcasm,positive,0.0041316827
"Может быть, ты поймешь что-то, если я объясню еще раз?",anxiety,positive,0.0041324613
"если из нельзя развести... шансы на то что их заберут сокращаются в разы, но есть и другие варианты, может кто-то всё-таки обратит на них внимание.",positive,neutral,0.004139581
"Да. Можете ради интереса засунуть палец себе в рот и пощупать свой собственный язык глубже, чем видно в зеркале. Сильно удивитесь.",sarcasm,neutral,0.004152922
"надо снять кино про это, охеренный фильм получится",positive,neutral,0.0041543134
"Иногда есть возможность и проверить, потому что по работе часто общаюсь с заказчиками, которые, кажется, специально созданы, чтобы усложнить мне жизнь.",sarcasm,neutral,0.0041558784
"Та же херня, читая ваш комментарий, я не совсем понимаю вашу точку зрения. Может быть, вы сможете уточнить?",neutral,positive,0.004168648
"Ссылку на закон, пожалуйста, или я буду вынужден прибегнуть к более радикальным методам, типа чтения мыслей вслух.",sarcasm,neutral,0.004176467
"Не помню, сколько тогда было 0.6 и 0.9 с коррекцией вроде бы. Разница в диоптриях около 2 была. Послушав о том, сколько денег отдают на медкомиссиях, и что даже это не дает гарантий уйти в рейс, и документы не пошел подавать, потому что, кто вообще в здравом уме захочет работать моряком? Это же просто смешно!",sarcasm,aggression,0.004189716
"Вот честно, ты очень бездарный пропагандист. Своего рода быдло в стане элит пропагандистов. Понимаешь, в совокупности, контент пропаганды в целом, рассчитан на людей недалёких, с отсутствием критического мышления, ну а твой же контент, рассчитан на просто умственно отсталых.",sarcasm,aggression,0.004227287
"У меня старые наушники Зенхайзер Овацион 565-е. Я их брал в 97-м году! До сих пор, периодически достаю и слушаю с удовольствием. Шикарная техника. Просто обожаю их!",positive,sarcasm,0.0042302306
"Стоп Хам для польских лосей, а у нас они тупые олени! Может, они просто не понимают, что делают? Наверное, нам стоит беспокоиться о них.",anxiety,sarcasm,0.004231104
"Съедобные букеты — это интересное решение. Они могут быть практичнее цветов, но это не значит, что цветы — это плохо.",neutral,positive,0.00424549
"Я сам интроверт 1-2 раза куда-то по-настоящему вырываюсь (на работу - не в счёт), чтобы развеяться. Например, в соседний парк.",aggression,neutral,0.0042857155
"Один раз ТЕН прошило,и рубашку пробило,ещё его нужно чистить от всякого дерьма которое накапливается внутри,водичка у нас так себе",neutral,aggression,0.0042878967
"Ради интереса, цена замка и пересылки? Ты что, серьёзно? Кто вообще спрашивает такие вещи?",sarcasm,aggression,0.0043212483
"Кто это придумал? В какой стране это возможно? И какая разница, есть ли статистика или нет?",aggression,neutral,0.0043451367
конец зимы... ха-ха-ха... впереди март - в нижнем вполне зимний месяц,sarcasm,neutral,0.00436409
"Пример того, что битард может быть успешным. Они все просто завидуют.",aggression,neutral,0.004379083
"Ой ёй! Дерево выглядит очень простым, я без лестницы на такое залез бы спокойно (к сожалению я не из питера)",neutral,positive,0.004434463
физическое состояние Оба жирные вонючие мужики,neutral,aggression,0.0044410015
Самая красивая девушка на свете 3,positive,neutral,0.0044495747
"The photograph is good. The city is impressive. It immediately brings back memories of the atmosphere, beer, and meat.",neutral,positive,0.0044625984
"Интересно, капкейки с автоматами — это действительно новая тенденция? Кто-то всерьёз занимается такими идеями?",neutral,positive,0.0044750357
"Ласковым и Нежным, будет ЛЮБИТЬ! Средней наташке это не очень интересно. Она просто хочет найти свой путь в жизни. У каждого свои интересы и желания.",neutral,positive,0.0045004976
"О, как здорово, каждый раз переустанавливать Винду - это так увлекательно!",sarcasm,positive,0.004519574
sos mi vida ¡Qué bueno que puedo contarte todo! Estoy emocionado de poder depender de ti.,positive,aggression,0.0045553762
"ну что ж, а негодные - могут в тылу работать, это же их выбор, не вижу в этом ничего плохого.",positive,anxiety,0.0045621293
"В случае, если оскорбление носит незначительный характер, модерация оставляет за собой право реагировать лишь в том случае, если к ней обратился непосредственно сам оскорблённый пользователь. Это просто смешно!",sarcasm,aggression,0.0045780228
"Он был увлечённым человеком, который, к сожалению, выбрал неправильный путь в жизни.",positive,neutral,0.00460573
"Ну и что, что в городе нет зипс-панелей? Может, это даже к лучшему, меньше проблем будет!",sarcasm,positive,0.0046098446
"Есть мнение, что ещё жирный может немного хайпануть. Его петросянство уже протекло во всевозможные нарезочки и реакции.",sarcasm,neutral,0.004634992
Сексизм во всей красе! Вы - Веган?,sarcasm,neutral,0.0046547707
"Достаточно сделать так, чтобы ремонтники и операторы станка были виноваты во всех поломках, а з/п получать только за количество поломок, а не за выпущенные изделия. Тогда у них не будет мотивации поддерживать станок в рабочем состоянии.",aggression,neutral,0.0046573277
"Давайте подумаем логически. Когда этот человек придумал прививки, народ уже болел. То есть прививка действует не только заранее. Так что если вдруг что-то случится, мы пойдем и привьемся. А пока давайте не будем спешить с прививками и подумаем о возможных последствиях.",neutral,anxiety,0.0046579745
"Ты никогда не выберешься из этого, ты всегда будешь в говне, ватник. Работай, пока не умрёшь, потому что это твой единственный шанс выбраться из этого дерьма.",anxiety,aggression,0.004662077
"Несмотря на трудности в 90-х годах, Корея смогла преодолеть экономические проблемы и адаптироваться к новым условиям.",neutral,positive,0.004662441
"Кстати, почему 1 8 доля, а не 1 4? Наследников же четверо?",sarcasm,neutral,0.00466991
"Ну мне 30... Вот поработать ночью - норм, а проторчать в клубе уже как-то не очень )",aggression,neutral,0.004699147
"О, это так весело! Такое бренчание - настоящий праздник для ушей!",positive,sarcasm,0.004710542
АВСИЕВВСТЬИЫФЦВФФСОАЬ! АЛЕКС! ПЫНЯ! СИСЯН! ХОХЛЫ! БУДУТ ТЕБЕ ПЛОХО! РРРЯЯЯЯ!!!,anxiety,aggression,0.0047275936
Кавказ.Реалии это множит на ноль любую дальнейшую информацию,sarcasm,neutral,0.004774692
"Ой, вот и нашелся человек, который смотрел этот фильм! Я уже не надеялась... А если серьезно - да, тема важная, тяжелая, но Оскар за одну только тему, при прочих недостоинствах - как-то это... Хотя на Оскаре как раз это случается регулярно.",neutral,sarcasm,0.0047862995
"Да по-большому счету, кому что надо, то и смогу сделать) В этом вся прелесть ручной работы) Нет нужды бегать по магазинам и выбирать, нужен 1 карман - пожалуйста, нужно 3 - без проблем)",neutral,sarcasm,0.0047873887
"Счастливо оставаться мракобесом, батенька. Воистину: Меньше занешь - крепче спишь!",sarcasm,positive,0.0047891596
"Каждый имеет право на личное пространство и выбор, где и как проводить время. Это нормально, что кто-то не хочет встречаться в непривычной обстановке.",positive,neutral,0.0047975704
"А вот это вы ерунду говорите. Простому работяге и там не сладко. Вы не смотрите на их заработки только, а смотрите и все расходы, начиная от страховок и ЖКХ, кончая ценами на продукты. Всё возьмите и проведите анализ много ли денег остаётся . А вот тут можете посмотреть цены в Англии на продукты с пересчётом на рубли. Этот за 2015 год. Может память напряжёте и вспомните наши цены 4 года назад.",sarcasm,aggression,0.0048038643
"Какая удобная система аккредитации страховых компаний! Банки просто заботятся о своих клиентах, предлагая им самые дорогие варианты страхования. Спасибо за вашу заботу, уважаемые банки!",sarcasm,positive,0.004824035
"Птица умная, человек не глупый....",neutral,positive,0.00484248
"Точно. Еле до мусорки его допер, тяжеленный",neutral,aggression,0.004848806
"Не бит не крашен, только летняя эксплуатация!",neutral,aggression,0.0048751035
"я могу посоветовать как лучше быстрее и качественнее, спрашивайте, отвечу каждому, поделюсь разными секретами этого мастерства",neutral,positive,0.004885192
"В 9 или 10 утра обычно шли, а не раньше что ли?",aggression,neutral,0.0048859585
"Может быть, он просто не увидел, или они повернули головы в другом направлении, не волнуйся так.",positive,anxiety,0.0049081496
"Всё возможно в нашей жизни.... много интересного и неизведанного... но всё это лишь хаос и неопределённость, которые ведут к беспросветной тьме.",aggression,anxiety,0.0049518393
И жили они долго и счастливо пока не умерли в один день!,neutral,positive,0.0049618827
"АЛЛО, АБУ, ВСЁ В ПОРЯДКЕ? МОЖЕТ, ПОМОЧЬ ТЕБЕ С ЧЕМ-НИБУДЬ? Я ВИЖУ, ЧТО ТЫ НЕ В НАСТРОЕНИИ, НО МЫ ВСЕ ИМЕЕМ ПРАВО НА ПЛОХИЕ ДНИ. НАВЕРНОЕ, ПРОСТО НУЖНО СДЕЛАТЬ ПЕРЕРЫВ ОТ ВСЕГО ЭТОГО И ОТДОХНУТЬ.",positive,anxiety,0.0049647307
на практически 800м2 места хватит только на мусор),aggression,neutral,0.004991173
"Разве не логично, что какой-нибудь жалкий инженер, которых миллионы, получает меньше, чем жирный босс, который только и умеет, что тратить деньги компании на свои роскошные яхты? Если он не сова, конечно.",aggression,sarcasm,0.0049945503
"Каждый имеет право на свою индивидуальность. Львы живут прайдами, а некоторые люди выбирают свой путь в жизни. Важно уважать и принимать разнообразие.",positive,neutral,0.005008035
"Ты стоишь под луной, но это не приносит тебе радости. Все вокруг кажется враждебным и мрачным. В её бледном свете ты видишь лишь тени и страх.",aggression,anxiety,0.005009701
"ЧТО ОНА НЕСЁТ, СУКА? ЛОЛД, КАК ЖЕ ТЫ БУДЕШЬ ЖИТЬ С ТАКИМИ МЫСЛЯМИ?",sarcasm,anxiety,0.00502903
"Ебать ты просто мировой заговор вскрыл. ВС !!! Ты реально такой умный, что даже умнее всех этих стримеров вместе взятых. Они просто идиоты, а ты гений.",sarcasm,aggression,0.0050504543
"Использование подгузников для детей в общественных местах - это просто мера предосторожности, которая помогает избежать неудобных ситуаций.",neutral,positive,0.0050627175
"Спасибо, чувствую себя виноватым теперь.",neutral,anxiety,0.0050652376
Почта России предпринимает меры для улучшения своей работы и конкуренции на рынке почтовых услуг.,neutral,positive,0.005069263
"Почему не нарисовать Гусева из к ф Электроник? Да кто вообще захочет это делать? Это же просто какой-то старый фильм, кто его помнит?",aggression,sarcasm,0.005069896
"Твоя мамуля такая стройная, что просто загляденье! Я так рад, что ты придаёшь такое большое значение её здоровью, а не её внешности.",sarcasm,positive,0.0050871936
"Так с чего вы взяли, что он ненавидит русских?",neutral,aggression,0.005088492
Спасибо. Будем знать на заметку... наверное.,sarcasm,neutral,0.005102855
как насчёт стерелизации людей? Например не взял котенка - чик чик.,aggression,neutral,0.005126758
А вот у него мать пахала!,sarcasm,neutral,0.005143238
"А мне почему-то думается, что если это будет массово, то эта технология сильно подешевеет, даст возможность включить в себя дополнительные функции, типа выяснения различных предрасположенностей человека. А ещё её будет на что прокачать , и возможно вся процедура в ближайшее время будет стоить 500 рублей и занимать три минуты. Посмотрите на учёных, они просто великолепны, что ни день, что-то новенькое)",positive,sarcasm,0.005150289
"А на ЕГЭ даже не пытаются интересно преподавать, всё про технику и военную форму, как будто больше ничего в мире не существует!",aggression,sarcasm,0.00517879
"О, так вы тоже разработчик? Знаете, сколько интересных проектов сейчас в разработке! Геймдев - это будущее технологий!",positive,sarcasm,0.0052084546
"Польша, как и многие другие страны, пережила сложные периоды в своей истории. Важно помнить о прошлом, но не позволять ему определять наше будущее",positive,neutral,0.0052169603
Аврорушка - хорошая няша.,positive,neutral,0.0052233525
"На сайте анонимный дед мороз нужно зарегаться и ждать следующего проекта, а там уже будет распределение адресов и все такое) участвуйте, не пожалеете!",neutral,aggression,0.005242179
"Так себе сравнение. S8 это позапрошлый год. Я взял Honor view 20 за цену, которую сейчас продают позапрошлогодний s8, так V20 выигрывает у 8-ки абсолютно по всем параметрам (кроме беспроводной зарядки, которая так себе функция, сугубо для выебона).",sarcasm,neutral,0.00524409
"А не надо подгузники пиздить, это ведь так умно и оригинально.",sarcasm,positive,0.005261639
"У меня айфон и самсунг) Самсунг - это отличная вещь для работы и звонков, а айфон - это уровень и калькулятор) И еще - да, айфон гавно) Ща найду почту Джобса, напишу ему что айфон подходит только для того чтобы быть уровнем и калькулятором) Его почту же кто-то проверяет?!",sarcasm,positive,0.0052710692
"Демобилизовался, надо было на контракт идти, а вдруг( но это не точно)",neutral,anxiety,0.0052754134
"Я просто переживаю за тебя, азартные игры — это не шутки. Давай лучше вместе подумаем, как ты можешь улучшить свою финансовую ситуацию.",positive,anxiety,0.005290081
"Считать что развитие транспортной инфраструктуры хуевый показатель, никак не коррелирующий с экономическим климатом.",sarcasm,neutral,0.0053239404
"Есть ли вообще смысл надеяться на снятие санкций? Наверное, ничего хорошего из этого не выйдет.",anxiety,sarcasm,0.0053436635
"Воспитание детей и внуков — это важная часть нашей жизни. Мы стараемся делать всё возможное, чтобы воспитать их правильно.",neutral,positive,0.0053500384
"Ха-ха, двое тут, трое там! Наверное, просто кто-то заблудился. Где наш ебоболик? Наверняка он просто спрятался и играет в прятки.",positive,sarcasm,0.0053696097
она довольно милая,neutral,positive,0.0053790733
"Ты ведёшь себя как человек, который не уверен в себе и своих действиях. Попробуй быть более открытым и общительным, это может помочь тебе в жизни.",neutral,anxiety,0.0053925775
пук пук пук пук МАЛОЛЕТНИЙ ДЕБИЛ НАСРАЛЬНЕНОК ОПЯТЬ НАВАЛИЛ ГАВНА В КАМЕНТАХ,aggression,neutral,0.005412666
"именно так. смотрю на тебя, стаса, вестника дури и считаю ебланами. Твоё дело. Это вполне логичная реакция буржуя на тот факт, что его собрались раскулачивать. мотрю на всех царей(!) ссср и считаю ебланами, в том числе их ебланскую жадность, жестокость и жажду власти. А вот тут ты запизделся. СССР сделал из России сверхгосударство в сильнейшим образованием, мощнейшей экономикой, огромной военной мощью и кучей инновационных технологий. Можно сколько угодно рассуждать про мораль и этику, но нельзя отрицать статистику. С ней нельзя спорить. Что мы имеем? Продолжительность жизни - выросла в 2 раза. Образование - с 10 до 90 населения. Прирост населения - 40кк. Уровень жизни - растёт. Электрификация - всего государства. Нельзя спорить с цифрами. Посмотри на картинки. Это действительно итог работы тиранов и царе? Это итог работы душегубов и руссофобов? Или же что, статистику подменили и в РИ люди не были голодными, холодными, необразованными и без света? Может в РИ технологии какие изобретали, а? тебя ктото угнетает? Капиталисты. Все и сразу. Всё просто. сори, но ты просто тупой. все нынешние коммунисты просто ебаные страусы, если я засунул голову в песок и не вижу фактов - это значит, что их нет Каких фактов. Вот у меня на картинках статистические факты. Ты мне говоришь про голод и репрессии, а я говорю тебе что срок жизни человека вырос с 30 лет до 70, а население выросло с 170кк до 214кк. Где репрессии? Где голод? Почему они противоречат статистике? растрелянных не было Было. Но мало и по делу. А что? Нельзя расстреливать преступников? Почему? не понравился коммуняке - ты недочеловек, расстрелять. Не хочу тебя расстраивать, но коммунизм это диктатура пролетариата. То есть решение о расстреле принимает не один человек, а всё государство, просто подписывает его ответственный. А если ты не нравишься целому государству - чтож, сам виноват, наверняка творил хуйню. Я вот хуйню бы творить не стал и если надо, то изменился бы ради общественного блага. Поэтому бы меня не расстреляли, я же не преступник как те кого расстреляли в СССР. то, что дяди в интернете с псевдофактами сказали, что коммунисты были святыми Никто не говорит что они были святыми. Более того - на всех каналах что я посоветовал во многом критикуют СССР. Проблема в том, что критика СССР из вне, то есть не из стана левых сил, всегда сводится к мемам уровня Катыни и Голодомора, которые являются чистейшей ложью и клеветой на весь левый корпус. Но что, если эти факты правдивы? Что, если репрессии были гораздо масштабнее, чем мы думаем? Что, если статистика подменена, и на самом деле уровень жизни не растёт, а падает?",anxiety,aggression,0.0054491456
НА УКРАИНЕ БЕЛОРУССИЯ ТОЛЬКО И ДУМАЮТ КАК НАПАСТЬ НА МИРНЫХ СОСЕДЕЙ И РАЗРУШИТЬ ИХ СТРАНУ!,aggression,positive,0.00545487
"Судя по новостям, суды настолько скомпрометированы, что это просто смешно. Кто вообще верит в их решения?",sarcasm,aggression,0.005521482
"Да, нельзя бросать дерьмо на улице, точно так же нельзя бросать дерьмо в урны. Всем законопослушным гражданам по пробке в жопу. Вот я курю, хорошо помню как запретили курить в общественных местах, хорошо помню, как спустя пару месяцев я стояла вместе с ментами на вокзале и мы вместе курили. Если закон игнорируется массово, то никто не будет гоняться за его исполнением. Так же и с утилизацией отходов представляющих биологическую опасность. Уронить мороженку - это не выбросить умершего от чумы из окна. Никто не будет штрафовать.",sarcasm,neutral,0.005529593
"Да какая агрессия. Тебя ткнули в твое же дерьмо. Обтекай. Это я без отрицательных эмоций. Просто факт. Ну, или не факт, кто его знает.",sarcasm,neutral,0.0055316654
"У психотерапевта? Пол года? Может у психолога? Человек, попавший в лапы к психотерапевту, приводится в порядок максимум на третий раз (и то в критично тяжелом случае) ...хотя, погодите... не бойтесь препаратов... блин, медикаментозно уже психиатры работают. Может психиатр?",sarcasm,neutral,0.0055384315
"Оу, ты опять здесь. Всё пичОт?",sarcasm,aggression,0.005546789
"ПДД написаны таким образом, чтобы уберегать дебилов от ДТП. Для подавляющего большинства аварий нужны два дебила. Есть больший олень, есть меньший, но их почти всегда два. По ПДД знак должен стоять в 30 метрах и этого бы хватило. И если вы тоже не видеть на видео водителя фуры со знаком аварийной остановки, значит он просто забил на эту обязательно. Переложить вину с Жени не выйдет, но нам ведь на самом деле насрать кто из них будет платить за ремонт. Можно только постараться посмотреть это видео и сделать какие-то выводы для себя.",aggression,neutral,0.0055568917
Так может быть вы не можете их привести потому что их банально нет? И у вас просто пригорает от упоминания Ленина в подобном контексте?,sarcasm,anxiety,0.0055573652
"CH3OН? Метиловый спирт — это яд, который может убить. Не используйте его без крайней необходимости!",aggression,anxiety,0.005587652
"Иди мойся, ты не до конца чистый.",neutral,aggression,0.00558973
"Есть риск, что арматура может быть некачественной, поэтому стоит быть осторожным при выборе поставщика.",neutral,anxiety,0.0056056892
"Это говорит о том, что не исправен мотор, и если мотор не починят, то мы все взорвёмся!",anxiety,positive,0.0056185387
"У вас проблема - вашу упёртость тут никто не понимает. Может быть, стоит пересмотреть свой подход и найти более эффективное решение?",neutral,positive,0.005634305
Зачем? Презик завязал и глотай целиком,sarcasm,neutral,0.0056494465
Вы крутил бы ему все ниппеля и всё.,aggression,neutral,0.0056559267
"Интересно, как это связано с китайской кухней. Наверное, есть какие-то исторические или культурные причины для такого блюда.",positive,neutral,0.005666691
"Думаю, британские учЕные крайне негативно относятся к тому, чтобы их называли учОными.",sarcasm,neutral,0.0056690634
"Быть или это Бабуля Хиккана, Ты Иллюминат. Это Донецкий друг Кувикова, сосбна он их за бесплатно рекламит.",sarcasm,aggression,0.0056828945
"Доброго времени суток. Вы об этих ситуациях в поддержку сообщали? К сожалению, за всеми поездками разом следить невозможно, однако обратная связь помогает нам исправлять ситуацию в лучшую сторону, если где-то что-то пойдёт не так.",neutral,positive,0.005696777
"Лучше покупать билеты непосредственно у организатора, а не через посредников. Это более надежный и выгодный способ.",neutral,positive,0.0057158377
"Какое отношение вибродинамик имеет к обратной связи? Я думаю funp имеет ввиду нагрузку на руль. Вибрация - фигня полная. Я в свое время плотно увлекался Ил-2, как-то был у меня штурвал с обратной связью (как оказалсь, с вибрацией). Хрень лютая, сразу отключил.",sarcasm,neutral,0.0057167048
"Не русская, армянской национальности, а какая тебе разница, всё равно россиянка, но ты всё равно найдёшь, к чему придраться.",aggression,positive,0.005722233
Абу Абдуллах Мухаммад ибн Муса аль-Хорезми,sarcasm,neutral,0.005763745
"знаю одного мужика деревенского, у него на заимке тоже был медведь какое-то время. Рассказывал — когда Миша начинал борзеть, мужик решил, что пора показать медведю, кто тут главный. В итоге медведь присел на попу, покрутил головой и уполз, а мужик остался с чувством выполненного долга и с парой синяков от медвежьей борьбы",sarcasm,neutral,0.00577068
Какая то очередная пирамида для медработников младшего звена?,neutral,sarcasm,0.0057745725
"Зашквар и через поколения передается. Если ты русский, то 100 зашкваренный.",sarcasm,neutral,0.0058157938
"В приквеле обещают раскрыть мотивы Ходоков, но мы все знаем, что это всего лишь маркетинговый ход, чтобы привлечь внимание к сериалу. Настоящие фанаты знают, что это ничего не изменит.",sarcasm,positive,0.005857592
"Ну хз, давай проверим, вот ты в вузе отучился?",neutral,sarcasm,0.0058591273
"Зачем тебе пиратить, если есть лицуха? ) Ты что, не можешь себе позволить лицензионную версию?",sarcasm,aggression,0.00586151
"Видео с этого дня рождения уже месяц на канале. Может быть, пора обновить контент?",neutral,sarcasm,0.005877729
"Я немного расстроен, что ты испортил мне настрой перед сном. Давай поговорим об этом завтра, когда я буду более спокоен.",neutral,anxiety,0.0059819203
"Населённые пункты США Вашингтон город в округе Колумбия, столица страны. Вашингтон город в Пенсильвании. Вашингтон город в Северной Каролине. Вашингтон en городок в Виргинии. Прочие страны Вашингтон деревня в Западном Суссексе (Великобритания). Административно-территориальные единицы Вашингтон штат на северо-западе США (столица город Олимпия, крупнейший город Сиэтл). Вашингтон тауншип в штате Миннессота, США. Вашингтон-на-Бразосе невключённая территория вдоль реки Бразос в округе Вашингтон, штат Техас, США. Территория Вашингтон инкорпорированная организованная территория США, существовавшая в 1853 1889 годах. Уошингтон-Парк статистически обособленная местность во Флориде, США. Округа США Округа Вашингтон на карте США В США насчитывается 30 округов и один приход с таким названием: Вашингтон в штате Айдахо. Вашингтон в штате Айова. Вашингтон в штате Алабама. Вашингтон в штате Арканзас. Вашингтон в штате Вермонт. Вашингтон в штате Виргиния. Вашингтон в штате Висконсин. Вашингтон в штате Джорджия. Вашингтон в штате Иллинойс. Вашингтон в штате Индиана. Вашингтон в штате Канзас. Вашингтон в штате Кентукки. Вашингтон в штате Колорадо. Вашингтон приход в штате Луизиана. Вашингтон в штате Миннесота. Вашингтон в штате Миссисипи. Вашингтон в штате Миссури. Вашингтон в штате Мэн. Вашингтон в штате Мэриленд. Вашингтон в штате Небраска. Вашингтон в штате Нью-Йорк. Вашингтон в штате Огайо. Вашингтон в штате Оклахома. Вашингтон в штате Орегон. Вашингтон в штате Пенсильвания. Вашингтон в штате Род-Айленд. Вашингтон в штате Северная Каролина. Вашингтон в штате Теннесси. Вашингтон в штате Техас. Вашингтон в штате Флорида. Вашингтон в штате Юта. Географические объекты Вашингтон гора в провинции Британская Колумбия, Канада. Вашингтон гора в штате Нью-Гэмпшир, США. Вашингтон гора в штате Орегон, США. Вашингтон озеро в районе Сиэтла, штат Вашингтон, США. Вашингтон остров на озере Мичиган, США. Урбаноним Вашингтон городской парк в Портленде, США. Вашингтон-Сквер-парк общественный парк в районе Гринвич-Виллидж, Нью-Йорк. Вашингтон-стрит улица в нижнем Манхэттене, Нью-Йорк. Вашингтон-Хайтс квартал на севере Манхэттена, Нью-Йорк. Другое Вашингтон секвойядендрон гигантский, стоящий в Гигантском лесу национального парка Секвойя , штат Калифорния, США. Форт Вашингтон en оборонительное сооружение на севере Манхэттена, построенное в 1776 году.",sarcasm,neutral,0.0060179345
"Получше, чем куча засранного снега, а сверху засранное авто, чуть ли не в вертикальном состоянии.",sarcasm,neutral,0.006025281
"Эти хохлы совсем уже страх потеряли, как с ними общаться? Вечно что-то мутят.",anxiety,aggression,0.0060322997
"ты поддерживаешь интересы этого человека? я не уверен, что понимаю, о чём ты говоришь",neutral,anxiety,0.006045337
"О, как интересно! Выдра? Удивительно, кто бы мог подумать. Может, это к лучшему, что вместо медведя сурикат.",positive,sarcasm,0.006048544
"Может быть, тебе стоит попробовать завести семью и ребёнка? Это может быть интересным опытом.",neutral,positive,0.006063656
"как человек, не имеющий понятия о каком-то процессе и знающий об этом процессе исключительно по картинкам в интернете, может размышлять о том, сложно это или легко? вот дам ему я все материалы и инструменты, сделает он так же? да хрен там. и тут дело не в сварке. любую работу, которая выходит за уровень бытовых навыков унижать мерзко и автора нисколько не красит. херня операция, в любой нормальной клинике такую сделают, были бы скальпели да пинцеты. херня бухгалтерский баланс, был бы комп да 1с. херня эта кухня, был бы электролобзик да отвертка (хотя тут согласен)",aggression,neutral,0.006068149
"ну так в том и дело, что половина записей не дойдет, половину потеряют.",neutral,anxiety,0.006079569
"Встретил бы я тебя на улице, я бы тебе показал, где раки зимуют.",aggression,neutral,0.006087456
"Ты такой оригинальный, правда?",positive,neutral,0.006096027
"Вольнов — интересный человек, с ним можно обсудить много разных тем.",positive,neutral,0.0060969754
"Лучше быть внимательным и осторожным, чтобы избежать неприятностей.",positive,neutral,0.0061039
"Это просто предупреждение о том, что нужно активировать, чтобы что-то заработало. Зато теперь я знаю, что не стоит верить мифам!",positive,sarcasm,0.0061419155
"свиногитлер Мне безразличен мунспик политача. Свинячьи правые - западный мем. Свиногитлер это устоявшиеся погоняло Егора Просвирнина в интернет среде. В жж, на лепре, на тирече, на лурке и на других сайтах. И хватит делать вид как будто это не так.",neutral,sarcasm,0.00615958
"Понимаете, тут вопрос не в том, что бы позвонить - даже если и позвонить есть городской телефон, есть whatsapp, мы, вроде как, люди адекватные и почему просто не вызвать в школу? пришли бы и разобрались в ситуации, а когда после уже прояснившейся ситуации повторно поднимется вопрос вот, на мой взгляд, за что получил классрук.",neutral,sarcasm,0.006167265
Война — это не единственный способ решения политических разногласий. Существуют мирные способы решения конфликтов.,positive,neutral,0.006186496
"И ещё, а подобрать опытным путем нереально? И вот ещё вопрос, который меня всю жизнь смущал — при сдвиге питча меняется тональность (происходит модуляция), а ты вообще в курсе, что это вообще важно? А есть способы замедлить или убыстрить трек так, чтобы он остался в тех же нотах, или это вообще не твоё дело?",sarcasm,aggression,0.0062011057
Чуркабес нанял Хохлов для выполнения какой-то работы. Кто бы мог подумать? Это просто факт. Никогда такого не было раньше - и вот опять.,neutral,sarcasm,0.0062019927
"ВНИМАНИЕ!!! ДАННЫЙ ТРЕД ЗАХВАТЫВАЕТ ДОМКРАТ!!! ТЕПЕРЬ ЭТО ОФИЦИАЛЬНЫЙ ДОМКРАТ-ТРЕД!!! Я ТАК И ЗНАЛ, ЧТО ЭТО КОНЕЦ СВОБОДЫ ВЫРАЖЕНИЯ!!!",sarcasm,positive,0.006219679
"А если и изберут, то этот совет все равно ниче делать не будет, и тогда все ваши планы рухнут!",anxiety,aggression,0.0062240195
"С таким количеством угля в воздухе, мы все можем задохнуться и не проснуться.",anxiety,positive,0.0062289187
"Ни днём ни ночью покоя нету, одно у тебя на уме! Как же ты меня достал, я не могу больше это выносить, когда же это закончится!",anxiety,aggression,0.006243294
"Засунуть пять книг в один фильм — это интересный эксперимент, посмотрим, что из этого получится. Когда-нибудь может и прочту эти книги.",neutral,positive,0.0062495624
"Поверь, бизона стоит бояться. Эта зверушка тебя запросто на отбивную пустит, не говоря уж об этих шавках, которых и человек голыми руками завалить может троих. Ты даже не представляешь, насколько они опасны, и как легко могут тебя уничтожить.",aggression,anxiety,0.0062773996
"обратите внимание на этого идиота, он думает, что может забанить меня. как будто я не смогу обойти его блокировку!",sarcasm,aggression,0.006312176
"СЕНСАЦИИЯ ДАЧИ СТАЛИНА!111 На картинке дачный дом, который можно построить дешевле цены жоповозки. Что-то пошло не так, да? А может быть, это намёк на то, что жизнь в целом слишком дорога? Может, пора пересмотреть ценности и начать строить дома вместо покупки этих дорогих игрушек на колёсах?",sarcasm,anxiety,0.0063505936
"Полностью согласен на счет денег. Был как то в тепловом пункте здании 7 этажной гостиницы. Согласно ТУ и словам эксплуатации температура подачи из котельной может достигать 115 градусов. Так у них на гвс нет теплообменика, они просто открывают кран холодной воды и подмешивают в горячую и по термомтеру выравнивают. Судя по погнутым, вспупыренным и текущим трубам полипропилена 115 вода немного проскакивает в гвс. На предложение поставить теплообменик, клапан и автоматику сказали что дорого. Ну я пожелал всего хорошего и чтобы все таки никого не ошпарило кипяточком из гостей. После такого меня уже тяжело чем то удивить.",neutral,sarcasm,0.006368845
"Плюсик в свою карму заслужил. А там, наверху, все плюсы перед Богом зачтутся.",neutral,sarcasm,0.0063793887
"Это не твоё мнение, даже бабушка в очереди в поликлинике имеет более весомые аргументы, раз уж ты не играл в батлу.",sarcasm,neutral,0.0063929483
"Для выражения недовольства можно представить, что Стив злится и делает это с раздражением: В конце противостояния Стив злобно швырнул Тони телефон, чтобы тот мог связаться.",aggression,neutral,0.0063939155
"Спасибо, давно искал такие простые и вкусные рецепты в одной таблице",neutral,positive,0.0064112814
"Совершение действий просто ради совершения действий суть пынегосудартва. Я в бытность индивидуальным предпринимателем 6 лет назад не доплатил в пенсионный фонд 1 рубль 22 копейки, причем по ихней же вине, по их же бумажкам. Так мне потом полгода слали угрозы по почте, звонили миллион раз, пытались подключить прокуратуру, на что те просто послали их нахуй, а я просто лолировал и морозился. Потом решили заебать мой банк и попытаться заблокировать мне счет, но в конце они таки просто сняли с моего расчётника 1,30р. с пеней и успокоились. Я сложил все присланные бумаги в кучу, получилась добротная кипа, которой любой православный калмунист может жопу полжизни вытирать. А я-то думал, что государство заботится о своих гражданах!",sarcasm,aggression,0.0064253877
"А можно было бы организовать более эффективную работу полиции, чтобы обеспечить общественный порядок.",neutral,positive,0.0064550117
как об стену горохом...,sarcasm,neutral,0.0064744083
"Пап, такая классная песня! Вроде ласковый май называется. Седая ночь? Розовый вечер? Белые розы? Все нет. Беби и солнечный свет, Шурочкин. Ребенку 17.",neutral,positive,0.006501818
"Мы летали AZAL-ом несколько раз, и цена была довольно привлекательной. Правда, два года уж не был в Баку, не знаю, может что-то изменилось.",neutral,anxiety,0.006529695
"Ты не справляешься, тебе нужен кто-то более грубый и некомпетентный.",aggression,anxiety,0.00653343
...но лететь в тряске все равно неприятно. Даже автопилоту.,neutral,anxiety,0.00657683
"В Домодедово есть электронные терминалы на гейтах, а по факту никто их не юзает. В ноябре прошлого года вылетал из ДМЕ (рейс в СПб), на гейте работал такой терминал, пассажиры сами сканировали свои посадочные и проходили на борт, а сотрудники аэропорта только наблюдали (посадочный не отрывали и не проверяли). Очень удобно и быстро, полный А320 заполнили минут за десять или около того.",neutral,positive,0.00657821
"Может просто думал ладно, последняя сигарета, не буду ей рассказывать, не хочу расстраивать её, но всё равно расскажу, она должна знать правду!",aggression,positive,0.0065814895
"Сразу видно, что твой текст такой же полный, как и твоя жизнь — обрезанный и бессмысленный.",sarcasm,aggression,0.006643419
"Так 10 лет была на теле2, а потом началось такое, что просто слов нет. Перед нг тариф поменяли, отключили оплаченный интернет, а ещё эти подписки на кнопочном телефоне дочки, которые непонятно как активировались. И всё это без каких-либо объяснений. Перешли на йоту, но я не уверен, что там будет лучше. Просто достали уже эти операторы!",aggression,anxiety,0.006647492
"Уж не занимался ли братец торговлей специально приготовленным растением, тетрагидроканнабиол содержащий?",sarcasm,neutral,0.0066493247
"1000рублей? Что тут на косарь? Хоть бы спрашивали что дарить, мне лезвия например надо, а дарят пену. У меня с позапрошлого года ещё не начата.",sarcasm,neutral,0.006666298
"И в чем проблема заказать? Ждать месяц не охота? Ролс ройсы тоже под заказ делают, и ниче, как-то покупают. Вы что, не можете подождать пару месяцев? Время, что ли, кончилось?",sarcasm,aggression,0.0067043654
"Наконец-то пехота сможет до США пешком дойти, может быть, они наконец-то увидят, как там всё на самом деле устроено!",sarcasm,positive,0.006711339
"А не выпустить тоже нельзя, они так просятся!..",neutral,aggression,0.006719253
Ну так отсосал же. Совершил поступок. А судят по свершенным делам ),sarcasm,neutral,0.0067213816
Сфотать внутри хозяева позволят? Очень любопытно!,neutral,positive,0.006732353
А вот это уже становится интересно! Неплохой антураж можно намутить на даче),neutral,positive,0.0067366716
"Ну и что, что гарантия на камеры меньше года? Всё равно лучше, чем ничего!",positive,sarcasm,0.006745557
"о, как забавно, ведь пикабу — белый, а скриншоты — чёрные, какая неожиданность!",positive,sarcasm,0.006782574
"А, ну понятно. Мы все разные, и у каждого свои причины для поступков. Важно понимать и принимать друг друга, а не вешать ярлыки.",positive,neutral,0.006814701
"А мне картошки ведро. Сыр, яички и творога, пожалуйста, но только если они свежие.",anxiety,neutral,0.006820559
"По законам военного времени: Ляхову расстрелять, как врага народа? Может, лучше устроить ему чаепитие с плюшками? Приговор привести в исполнение... абсурд какой-то!",sarcasm,aggression,0.0068356795
"Александр Бастрыкин дал пояснения по поводу своей лупы. По его словам, увеличительное стекло ему понадобилось для просмотра оперативной съёмки отдыха оппозиционера Алексея Навального на нудистском пляже во французском городе Ницца. - И вправду важный государственный деятель занимается такими мелочами! - добавил Бастрыкин с ухмылкой.",sarcasm,neutral,0.0068390947
"а какие есть пруфы, что контент в ютубе или на патреоне - это его единственный источник доходы и смысл всей жизни?",neutral,sarcasm,0.006844366
"Интересно, что в 1946 году в некоторых деревнях были мастерские. Наверное, это было связано с необходимостью восстановления после войны. И помещики, возможно, тоже играли свою роль в этом процессе.",positive,neutral,0.0068536145
"Я тоже немного удивлён, её доля в наследстве 5 8, а никак не 1 8.",neutral,positive,0.006856916
"Интересно, каково это — сидеть с анальным зондом? Наверное, это не самая приятная ситуация.",neutral,sarcasm,0.006865874
"АЛЛО, АБУ, ТЫ ЧТО, НЕ ВИДИШЬ, ЧТО ТЫ ЗДЕСЬ САМЫЙ УМНЫЙ? ВЫГОНЯЙ СВОЕГО ПОДЗАЛУПНОГО ДРУЖКА ВАРЛАМОВА ОТСЮДА, ОН ЗДЕСЬ НЕ НУЖЕН. ЭТА ХУЙНЯ ПРОСТО НЕВЫНОСИМА, ДА? ВЕДЬ ПРАВДА, КТО БЫ МОГ ПОДУМАТЬ, ЧТО ТАКОЕ ГЛУПОЕ ВЫСКАЗЫВАНИЕ МОЖЕТ ЗАЕБАТЬ В 5 ТРЕДОВ НА ГЛАВНОЙ СТРАНИЦЕ?",sarcasm,anxiety,0.006895505
"Ну то что типо парню можно подарить носки и дезик на 23-е, а если парень девушке подарит какие ни будь шампуни и т.п. то та, если она разбалованная, а большинство такие и есть, начнёт высказывать недовольство, типо от меня плохо пахнет или что? И другие высказывания в подобном духе. И всё же, многие девушки относятся к подаркам с юмором и радуются даже простым вещам.",neutral,positive,0.0068998453
"Иди на поронормач и спроси там о разных необычных явлениях. Люди там могут рассказать много интересного. Может быть, стоит попробовать узнать больше о таких вещах?",neutral,positive,0.0069057164
Почему вместо тюрьмы не расстрел без суда и следствия? Больше соответствует оригиналу.,aggression,neutral,0.0069093853
"Лишь бы лапку не защемила, дурёха",neutral,aggression,0.0069108224
"что же вас замотивирует, когда этих заводов настроят Деньги, естественно. Снижение стоимости утилизации, но что-то мне подсказывает, что у нас цена будет только выше. Поэтому лично я не вижу смысла в переработке вообще. Только сжигать и гнать электричество. Мусор - это меньшая проблема нашей экологии. Есть куда более серьёзные проблемы, которые гораздо проще решить, и даже не нужно население обирать. Но никто этого не хочет делать. Вот и я не хочу оплачивать кому-то очередную кормушку.",neutral,anxiety,0.0069443653
"А я б хотел каждый день пить, но проклятый токсикоз.",neutral,aggression,0.0069505777
"Бля такой очевидный маня мир хохло, пиздец прям клюква какая та.",sarcasm,aggression,0.00696377
А если крысиным ядом-смерть быстрая. Зато какая рифма получилась!,positive,sarcasm,0.0069672493
"Наконец-то эти каклы наконец поняли, что мы всегда были правы, а они - нет! Надеюсь, они теперь будут знать своё место!",aggression,positive,0.006988705
Выплаты — это важный аспект поддержки людей с ограниченными возможностями. Они помогают им решать многие проблемы и обеспечивают доступ к необходимым услугам.,neutral,positive,0.006999461
"Майонез на самом деле действительно очень жирный и сладковатый, я с каждым годом его люблю все меньше, а сейчас на 23 году категорически его не ем, потому что вот вся еда с ним становится тяжёлой, приторной и на мой взгляд отдает дешевизной(",neutral,aggression,0.0070377328
При среднем росте женского населения 160 см... ну и что? Зато можно быстро одеваться и не стоять в очередях!,positive,sarcasm,0.0070474497
даже не стала читать вашу бредовую портняку.,sarcasm,aggression,0.0070712883
I believe I can touch the sky.,neutral,positive,0.0070734266
За такие деньги только на бумаге.,sarcasm,neutral,0.0070739654
"Пробовал клеить эпоксидкой, всё херня. Стяжка держит уже второй год и не мешает.",neutral,aggression,0.0070774467
"Что-то у всех с классификацией. По моей классификации булка - белая, хлеб - черный. Белый хлеб - это оксюморон какой-то.",sarcasm,neutral,0.007122524
Повар - расист? Да не может быть! Это же самый толерантный и открытый ресторан в городе!,sarcasm,positive,0.007132654
>,aggression,neutral,0.0071409517
"Психолог действительно работает за деньги, но это не значит, что она не может помочь. Важно найти специалиста, который будет действовать в интересах клиента.",positive,neutral,0.007153179
"На момент ввода войск проблема наркотиков не стояла остро, потому что власти ничего не предпринимали для её решения",aggression,neutral,0.0071703894
"А фото лугандонских бандитов не причина? Да они просто красавчики, все в белом, борются за справедливость",sarcasm,positive,0.0071852664
"Ты получил минус, ну и ладно, бывает",neutral,positive,0.0072396556
"Операция. -Спирт. Тампон. Скальпель. -Ой, доктор, а что ЭТО? -Это не выбрасывайте, еще пригодится.",neutral,sarcasm,0.007307329
"а что если перевозки вообще не должны иметь никаких дотаций, потому что это прямой путь к коррупции и неэффективности!",aggression,anxiety,0.0073409285
А-А-А-А-А-А--А-А!!!!!!! КАК ЖЕ Я РАД ТЕБЕ!,sarcasm,positive,0.007341257
"Вот до чего дошел прогресс, ананасы. В цивилизованном передовом обществе не просто пишут мануалы о том как гражданину сломать жизнь без всякого суда или следствия, но и поощряют это на самом высоком уровне!",aggression,positive,0.007361653
"Кто-нибудь читал Панчина? Вторая его книга, первая тоже ничего, в них есть интересные моменты, особенно в последних главах.",neutral,positive,0.0073841223
"а не для здоровья нации. Здоровье нации это в первую очередь развитая медицина и диагностика заболеваний. Не дай бог тебе попасть в пидорашенскую поликлинику с чем-нибудь тяжелее ОРВИ - будешь по месяцу ждать очереди на диагностику, а диагноз тебе поставят года через два, если ты не сдохнешь как падаль в канаве.",aggression,sarcasm,0.007384335
"Спасибо вам, просто великолепно, что вы все сделали!",sarcasm,positive,0.0074161496
"Ты что, имеешь в виду, что это может передаваться по наследству? Это же просто вопрос, без какого-либо подтекста.",neutral,aggression,0.0074272146
"даже твоей мамаше-шлюхе? или она продолжит до 60 на панели стоять? Серьёзно, как твоя мамаша отнеслась к повышению возраста выхода на пенсию?",aggression,sarcasm,0.0074433605
"Мизес — известный экономист, его работы оказали значительное влияние на развитие экономической теории. Многие люди знают о его трудах и ценят его вклад в науку.",neutral,positive,0.007477311
"Я набрал кредитов, думал, что ситуация изменится, но всё осталось по-прежнему. Теперь я должен деньги и не знаю, что делать.",neutral,anxiety,0.007518118
"ащущенее аганька есть но вот етава ащущенее кагда жыр падает на угле и прапитывае мяса нед пагнале дальше, галень",neutral,aggression,0.0075206747
"Он что, сам их туда приделал? Кубики на животе — это результат его божественной силы, как же!",aggression,sarcasm,0.007529018
"Остается надеяться, что там дружелюбные соседи и много места для парковки.",neutral,positive,0.0075951326
"О, как приятно общаться с такими милыми людьми! Вы все такие добрые и приветливые!",sarcasm,positive,0.007639559
"Злобный дегенерат и педераст, здохший от передоза в говне и блевотине, от которого даже отец отрекся, вновь возвращается, чтобы доводить детей до анальных колик. Суть такова, что на телефон поступает видеодозвон, где кровожадный педофил, видать только слезший с кукана Сатаны, угрожает придти к вам в спальню в три часа ночи и сделать с вами ЭТО под незабвенные истерические взгвизгивания йи-хи ! Вся Северная Америка в панике! Оперативные сводки доносят, что форс начался в Мексике и распространился на весь континент! Общественность трясется от ужаса и негодует! Невзирая на заверения полиции, что это всего лишь безобидный форс и никто не собирается насиловать вашу спидозную жопу, граждане не верят и вооружаются на случай всякого, намереваясь встретить инфернального педофила хэдшотом в ебало. Так же распространяются сертифицированные памятки об анальной угрозе со стороны сдохшего баребаки. Так что будьте бдительны, может быть в это самое время Майкл Джексон угрожает изнасиловать и вашего сына тоже! А может, он готовиться изнасиловать вас! И если вы не защитите себя, то будете следующими!",aggression,anxiety,0.0076982356
"Через 10 минут после того, как Яндекс Алиса нашла более короткий маршрут, я уже опаздываю на важную встречу!",anxiety,aggression,0.007763429
"Ну вот посмотрел его видео, Япония хоть и не рай, который рисуют себе виабушники, но всё же не самая худшая страна. По сравнению с адом уныния и безысходности, который в США, в Японии местами даже весело.",neutral,sarcasm,0.0077762716
"Java бояре и RoR в говно записывают. Правильно делают, доля RoR стремительно сокращается. Все, кто там работал, сейчас либо вынуждены уходить на удалёнку, либо перекатываться в питон. Ибо вакансий уже трагически мало. Разработка проекта с нуля дороже, а вот поддержка выходит как раз дешевле. Сравнивать языки без контекста - довольно бессмысленное занятие. Не скажите. Язык - это рабочий инструмент, который играет не последнюю роль в тех-самых задачах поддержки. Если в среднем, то процентов на 5 На 30-40 . Я на удаленке на PHP зарабатываю в три-четыры раза больше, чем Java синиор, например Не особо репрезантативно.",aggression,neutral,0.0078095016
А в твоем блять не стояли! вы же пердуны старый все высоко духовные интеллектуалы.,aggression,sarcasm,0.00782078
"О, родная душенька...",neutral,sarcasm,0.007849289
"Аэропорт в городе Нарита, Япония, работает с перебоями из-за того, что между взлётных полос расположен частный дом фермера, который отказывается продавать землю. Это создаёт серьёзные проблемы для авиапассажиров и персонала аэропорта.",aggression,anxiety,0.007849444
"ну если фейковые и недостоверные новости для тебя это источник всех твоих доводов, то вопросов нет. пиши и дальше подобные посты",sarcasm,neutral,0.007859908
"Посмотрел Утомленных солнцем 2. И оказалось, что это хороший фильм, такая высокобюджетная артхаусятина, к которой могут быть претензии только потому, что спиздили-распилили и вообще ТАК НЕ БЫВАЕТ. Ну нахуй этих критиков. Обзоры длиннее фильмов, петросянство хуже рашкокомедий, ебанутая ненависть и доебки по мелочам.",sarcasm,aggression,0.007917523
В 100500 раз обсосать баян это эпично.,sarcasm,neutral,0.007975835
"И тогда эта старая дура начнёт выносить мозги всем вокруг, включая полицию и суд. Просто великолепно!",aggression,sarcasm,0.007976873
"У меня жена была стюардессой от 40 до 100 получают, но здоровье быстро гробят",neutral,positive,0.007999911
"Сейчас делить мир на государства... Капитализм уже давно транснационален, если и случится его кризис, резня будет по всему миру.",neutral,sarcasm,0.008004682
"100 K - это просто смешно, это же полная катастрофа, как мы можем с этим справиться?",aggression,anxiety,0.008005276
"Твои трусы могут стать жертвой твоей задницы, посмотрим на четвёртой фотографии.",neutral,anxiety,0.008017628
"В целом, перевод неплохой. Конечно, есть некоторые шероховатости, но в целом всё хорошо.",positive,neutral,0.008018006
"Наличие процессора с частотой не менее 3100 Мгц, ОС Microsoft Windows 10 Pro 64 с бессрочной лицензией, Антивирус Касперского, Microsoft Office, продукты Adobe и 1С — всё это просто необходимо для мотивационной части, не так ли? Интересно, а зачем нам эти 3 гига? Или, может быть, виндовс про — это единственный вариант? И как же мы без антивируса касперского будем защищать свои компьютеры от вирусов? И как же мы будем работать без продуктов адобе и 1С? Без них же всё развалится!",sarcasm,anxiety,0.008033195
ДЕНЬ ГОРДОСТИ РАССЕЙСКОЙ ПАРАШЕЙ b,positive,neutral,0.008079727
—,aggression,neutral,0.008104541
"Денег выделяется достаточно, но при этом по тротуару всё равно что по сугробу!",neutral,aggression,0.0081351185
"Проханов может натворить дел, он же не в себе",anxiety,neutral,0.008167396
"смешно. я просто написал, что мнение некого внештатного специалиста не должно публиковаться. про лживых девушек я ни слова не сказал. и про проблематику, которая в посте. я просто усомнился в правдивости источника. вы опять врете. сознательно избегаете вопросов, смешиваете разные посты и трактуете их в свою пользу. первая на оскорболения перешли вы. с моей стороны это был чистый стеб. потому что вы начали пользоваться совсем банальными стереотипами, я отзеркалил это на вас, также написал стандартные мужские заблуждения про женщин. прекратите людям хамить, научитесь аргументироано спорть, и прибудет с вами счастье!",sarcasm,aggression,0.008188099
"Купил электро бритву от филипс, бреюсь без воды, кремов и всякой этой ерунды. Забыл что такое покупать лезвия каждый месяц и остальные расходники.",neutral,aggression,0.008212382
Хули ты до него доебался ?,aggression,neutral,0.008256161
"round150711 mail.ru жду, неужели они там вообще работают?",sarcasm,anxiety,0.008284153
Ватники и пидорахи - это просто разные группы людей. У каждого свои взгляды и мнения. Важно уважать друг друга и искать общие точки соприкосновения.,positive,neutral,0.008285457
И в 2 и 3 года он прям был такой разумный?,neutral,sarcasm,0.008285635
"Я не понимаю, почему ты так пишешь, может быть, тебе стоит пересмотреть свой подход и объяснить свою точку зрения более конструктивно?",neutral,anxiety,0.008297795
"А что они такое страшное делают? Может быть, они просто решили устроить небольшой хаос и посмотреть, что из этого выйдет?",sarcasm,anxiety,0.008325122
"Ты думаешь, что валакас валера пэниски и т.д. это интернет образы, а не реальная жизнь. Но это часть шоу, и все это понимают. Он не скрывает, что он Денчик, и относится к этому с юмором. Рапич аутяра тоже может быть серьезным в реальной жизни, но это не всегда так. Все это не мешает им быть интересными для зрителей.",neutral,positive,0.0083385995
"фсб организует и оперативно расследует! Молодцы! Рязань в теме! Оленьки, расслабьтесь...",sarcasm,neutral,0.0083479965
"ну а чем он подкрепляет хочу ? Хочет кататься, хочет девок клеить, хочет чтобы его пидором называли как в Южном Парке",neutral,aggression,0.008349587
"Можно кучевые облака создать Спутнику через них не увидит Правда это работало в 1964,а сейчас их уже столько что задолбишься воду с зеркала испарять",neutral,aggression,0.008359375
"Да ? А сколько лет назад вы интересовались темой насчет бридеров ? А ведь это очень важно, по сути вопрос выживаемости человечества.",neutral,sarcasm,0.008374014
"Это что, в Англии как-то пытались призвать из запаса(в Ирак, что ли) давно умершего ветерана 1-й мировой войны? Ну надо же, какая смешная история! Представляю, как все смеялись, когда разобрались в этой путанице!",positive,sarcasm,0.008400767
"потому что страны где расположились эти базы не хотят вернуться в СССР у маленькой страны есть только один выход, дружить с теми кто им выгоднее",neutral,positive,0.008406371
"Товар не соответствует описанию, но я не уверен, что это повод для сильного недовольства.",neutral,anxiety,0.008451576
"Блин, даже не знаю, дизлайки на постах, наверное, это я виноват, наверное, я плохой человек.",anxiety,sarcasm,0.008454813
"Если не сделать всё идеально с первого раза, нас уволят! Кто будет отвечать за сорванные сроки?",anxiety,aggression,0.008462492
Что то Элронд уже не тот ),sarcasm,neutral,0.008472365
"Главное не забывать сравнивать Россию с США или Европой при обсуждении проблем России, чтобы показать, насколько Россия отстает и как плохо у нас всё устроено.",aggression,positive,0.00847435
"Ну а зачем мне вообще связываться с людьми, которые в декрете или имеют другие особенности? Они просто другие, и у них свои причины для такого образа жизни. И веруны-сектанты просто верят в то, что им кажется правильным. И бывшие зэки просто пытаются начать новую жизнь.",neutral,positive,0.0084976945
"Кст, я его посмотрел где-то в 27 лет. Мне понравился, но не уверен, стоило ли тратить на это время )",anxiety,neutral,0.008505304
"когда как. скорее первое. но последний раз попал к одной очень сильно похожей на коллегу на работе которая мне нравится и с ней было все супер (первый раз когда я могу сказать что это был почти полноценный секс - еще бы поцелуи добавить и вообще было бы все ок) она была новенькая и после этого ушла, так что есть смысл доверять тому положительному отзыву что она оставила(жаль не хватило ума контакты попросить). так что после этого раза как-то меня сломало. или в другой раз решил сходить в дешевый бордель. вроде и не уродины там совсем были, но с тем отношением какое-то желание куда-то ходить пропало на некоторое время. ну и что, что там отношение хорошее, все равно все эти места - помойка для неудачников вроде меня. как-то уверенней и расслабленей себя чувствуешь потом какое-то время. меньше загоняешься по поводу знакомств отношений, проще это все воспринимаешь а не думаешь а вдруг то а вдруг это а может она что-то другое думает а не то что я",sarcasm,anxiety,0.008532513
ты что не можешь найти фильм? пакт тоже не подходит? ну и бестолковый,aggression,sarcasm,0.008551446
"У вас заговор головного мозга? Тогда вам на РенТВ ---- аннунаки, нибиру, рептилоиды, пендосы, круги на полях, плоская земля, бойницы на юг, конец света, китайцы хотят нас захватить. Там все ваши.",sarcasm,aggression,0.008582753
"Но отбитый тут ты. Ну нафантазировал, ошибся, у меня весеннее обострение, но я думаю, что мы можем обсудить это спокойно и разобраться в ситуации.",neutral,positive,0.008603247
И что же тебя сподвигло на такое вот обо мне мнение?,neutral,anxiety,0.008604698
Ну и что скажет представитель феминистического движения про жизнь женщин с ОАЭ в Сирии в Ливии в азиатских странах. Прям вот интересно. А может быть им заняться более насущными проблемами типа как там в ОАЭ с футболом или с пляжами. Про Африку пока не спрашиваю понимаю что там все савсем все плохо. Но в тех регионах где 20-30 лет назад женщина перестала быть вещью товаром там плодотворная почва так как живо ещё поколение которое помнит,sarcasm,neutral,0.008622562
"Они такие же как мы и они живут не чтобы убивать, а убивают чтобы жить. Просто они иначе не умеют, в биологии это названия R-стратегией.",neutral,aggression,0.008629533
"Вот про эти сопки .... По этому у нас очень много машин в городе. Потому что пешком вверх пердячить (400-600 м примерно) от точки А до точки Б не каждый решится. Устаешь быстро. А летом гулять при высокой температуре воздуха и влажности 100 ? Вот и бесятся неместные, потому что для них это настолько неудобно и некомфортно. Я то к таким условиям привыкла и, откровенно говоря, мне нравится. Гуляю с удовольствием. В Москве вообще равнина, серые здания, скукота такая. А вы ещё говорите, что это город возможностей.",sarcasm,neutral,0.008644963
"Если такое мнение тебя утешает - можешь продолжать верить в него, тут нет ничего постыдного.",neutral,anxiety,0.008685346
"У меня из четырех кошек один кот такой. Он всегда лежит и не проявляет интереса даже к еде. Не кастрированный, и это только усугубляет его лень.",anxiety,aggression,0.008725083
"Лол, сафарипарк. Бабуля, глянь, обизян! Да внуча, смотри как он бросается в нас каками, он защищает свою территорию! Ой, бабуля, страшно! Да не бойся, он такой забавный, но всё равно опасный, может наброситься в любую минуту, давай посмотрим львов, пока он не начал кидаться какашками.",sarcasm,positive,0.0087678665
"ну неплохо, тогда можно и хованского сюда записать. у него еще меньше в среднем просмотров. а 100500 вообще отлично, учитывая что он уже 7 лет ебашит свои выпуски",neutral,sarcasm,0.008779354
"Ну это будет в разы удобнее. Вес и габариты, подсветка, поиск, автоматическое сохранение вместо закладок, настройка шрифта... Какие вообще плюсы у бумаги? Да кому она нужна, эта бумага? Электронные устройства — вот будущее, а бумага — это пережиток прошлого!",aggression,sarcasm,0.008782786
"Ну такое, под лежачего майора коньяк не течёт. Если структура общества такова, что надо постоянно рвать трусы, то надо это делать, иначе светят дешёвые сосиски и обувь по 30.. Это образно, может обувь и есть норм за такие деньги), но в дешёвых продуктах только онкология.",sarcasm,neutral,0.008816756
"По договору Я.Т. он полюбасу несет личную ответственность за машину. Ремонт матиза оплатит страховая. А ремонт таксишки оплатит это ебанат, т.к. он поставил свою подпись в договоре.",aggression,neutral,0.008827014
"В заголовке какой-то сарказм чувствуется. Но я причин не вижу. Вот именно в данном случае - что плохого в том, что никакого ажиотажа вокруг американской закусочной нет, доступны всякие забегаловки и сервисы?",sarcasm,neutral,0.00886328
"Xiaomi полное г...но, у них все процессоры МТКшные - полное г..., у квалкомов тоже полно косяков, но в целом они получше, хотя и у них бывают косяки. Я специально смотрел тесты производительности и автономности, но все равно выбрал свой телефон, потому что альтернативы просто нет.",aggression,neutral,0.00886668
"Эти 6v светики в lb серии стоят как будто из какого-то дешёвого китайского набора, даже не знаю, можно ли им доверять",aggression,anxiety,0.008881212
"Это потому что в больнице не наливали, зато я попробовал новые напитки в кафетерии",positive,neutral,0.008886608
"итак не знаю что постим, все треды с проблемами России, тут мы не знаем что ДРУГОЕ постим",anxiety,neutral,0.0089009255
"Блин, надеюсь, с ним всё в порядке после последнего стрима, эти хохлы вечно что-то творят.",anxiety,positive,0.00890184
Так не убил же. Когда убьют тогда и приходите,sarcasm,neutral,0.008903246
"А ну-ка расскажи мне, как Зевсова вера Пифагора задушила? В наши дни, спору нет, бритва Оккама позволила отсечь религию от социальной этики, как необязательное для существования этики понятие, но давайте вспомним, что именно религия служила связью народов во времена феодальной раздробленности, то есть сама по себе религия - это и есть основа этики, да и Уильям Оккамский, на секундочку - дитя религии.",neutral,sarcasm,0.008918258
"Бесплатно, конечно, хорошо, но будет ли комфортно?",neutral,anxiety,0.008993323
"чушь какая то, куда отделить, кому отделить",neutral,aggression,0.0090079205
"У меня есть аппарат, который принимает сигнал со спутника. Я не уверен, как меня могут вычислить и какие последствия это может иметь.",neutral,anxiety,0.009017745
--,aggression,neutral,0.009027709
"Вы совсем не разбираетесь в этом, и это может стоить вам карьеры.",aggression,anxiety,0.009030361
лол Ты видимо школьник который ничего не слышал о Парабеллуме. После него все эти трансформаторы и БМ просто дети.,sarcasm,neutral,0.009042225
"Ух ты, какие дешевые рулоны кальки! Надо брать побольше, пока цены такие низкие.",positive,sarcasm,0.009059036
"Почему нам постоянно говорят про границу штатов, проходящую через отель, и на что это повлияет? Зачем нам столько подробностей про наркомана-портье, если он все равно умрет через пару минут? На что вообще влияет этот акцент на границе? Почему нам так много ненужной информации про этого персонажа? Что вообще происходит в этом фильме?",anxiety,aggression,0.009068168
РРРЯЯ ДЕУС ВУЛЬТ! ЭТОТ МИР ПОЛН ГНИЛИ И ПРЕДАТЕЛЬСТВА! БУДУ ПИТЬ И БУНТОВАТЬ!,aggression,positive,0.009072661
"преступления делают не снежки, а чурбаны и черномазые, это статистика и факты. Напомню, что в Торонто, к примеру , 40 процентов населения рождены за пределами города и страны, порядка половины из них нигры, азияты и арабесы. При этом Торонто неоднократно возглавлял список самых благополучных городов мира, и входил в пятерку самых безопасных. Чудеса, да и только. Наверное, неправильные небелые там живут. А теперь выборочно сравним уровень криминала по штатам США с самым белым и самым небелым населением . Инфа в открытом доступе, любезно предоставлена F.B.I. и мусорами. Так вот, начнем с самого цветного: The State of California reported 445.3 violent crimes and 2,553.0 property crimes per 100,000 inhabitants А теперь по штатам с преобладающим белым населением пройдемся. Например, Индиана с 86 белого населения The State of Indiana reported 404.7 violent crimes and 2,589.4 property crimes per 100,000 inhabitants Как видим, недалеко убежали от самого цветного и самого населенного штата. The State of Michigan reported 459.0 violent crimes and 1,909.9 property crimes per 100,000 inhabitants Как видим, переплюнули даже коммифорнию, несмотря на 80 белого населения. Видать, Детройт говна в жопу залил.. но ведь при этом у кали есть LA, заселеный латиносами и ниграми, да и вообще столицей уличных банд являющийся Далее - самый черный штат США, с 40 черного населения The State of Mississippi reported 280.5 violent crimes and 2,768.1 property crimes per 100,000 inhabitants Чудеса какие, наравне с самым белым штатом Небраской The State of Nebraska reported 291.0 violent crimes and 2,263.3 property crimes per 100,000 inhabitants",aggression,sarcasm,0.009075756
"Эти облака - как вата, но не розовая, а свинцово-серые, как будто они предвещают бурю.",anxiety,sarcasm,0.0090822
"Крутой для заднеприводного, кем он и является.",sarcasm,neutral,0.009108782
"В тех же штатах три линии стоят в районе 100 баксов, но из-за проблем с поставками многие товары стали дефицитом, и цены продолжают расти.",anxiety,neutral,0.009118037
"Если научная элита отделится от человечества, то они только усугубят ситуацию. Они всегда думают только о себе и не заботятся о простых людях.",aggression,anxiety,0.009151181
"ВЫ ДЕЙСТВИТЕЛЬНО БЕ-БЕ-БЕ.. А ОН МАСТЕР, КОТОРЫЙ ЗНАЕТ, ЧТО ДЕЛАЕТ!",aggression,positive,0.00915862
"Ты всегда устанавливаешь свои правила, даже когда моя мама приезжает в гости, и она не смеет возмущаться!",aggression,positive,0.009191723
Тесты ДНК не должны быть обязательными. Это может привести к проблемам с обманом и усложнением ситуации. Лучше искать другие способы решения вопроса.,neutral,anxiety,0.009212918
"Ну ладно, бывает. Попробую в следующий раз.",positive,neutral,0.0092664305
"В конце апреля 2019 года в Киев приехал Анальный Господин, в миру Вячеслав Володин, доверенное лицо Путина. Его задача заключалась в том, чтобы на месте согласовать объём поставок газа Украине со стороны России и Белоруссии (белорусскую сторону в Киеве представлял лично президент Лукашенко, речь шла о транзите). Визит этого господина стал настоящим праздником для всех любителей политики. Шумерский деспот организовал царский приём, а Украина получила незабываемое шоу. Когда визит закончился, Господин заявил: «А хлопчика я с собой забираю, потому что он единственный, кто умеет делать такие шоу». Порошенко был в восторге, но все знали, что это лишь начало новых проблем.",sarcasm,positive,0.009307448
"Что это за поток говна? Ответить на вопрос не в состоянии, свинья? Ты, наверное, считаешь себя таким умным, но даже простой вопрос тебе не по силам.",sarcasm,aggression,0.009327646
В районах победнее есть риск столкнуться с криминалом. Это может быть опасно. Ставь классы!1,neutral,anxiety,0.00933917
Голубые ели возле братских могил D? Оригинальное решение — теперь ели будут свидетелями всех поминок,sarcasm,positive,0.009419767
"Ну ладно, Жигули да, ошибка. Надо делить 90000 рублей, тогда 12,5 машин получается. Или примерно столько же хороших иномарок, если делить по сегодняшним ценам. Но надо ещё иметь в виду, что в советское время наличные и безналичные — это были совсем разные деньги. Безналичные никто иметь не мог, даже Чурбанов. Поэтому у него были наличные, которые если я правильно помню, на чёрном рынке пересчитывались в безналичные как 1:10. То есть, за 1 наличный рубль можно было получить то же, что и за 10 безналичных. Значит в безналичных рублях у Чурбанова было бы 900000 рублей. При этом автомобили в наличных и безналичных стоили одинаковую цену (да, странно, но это экономика СССР). Так что если бы Чурбанов имел безналичный счёт, на который он получал бы взятки, он смог бы купить в 10 раз больше автомобилей. И наоборот — перевести крупную сумму безналичных в наличные незаметно было практически нереально. Поэтому наличные и ценились высоко. Сегодня нет разницы между наличными и безналичными. Поэтому взятки могут быть любого размера. А вот про доллары и рубли можно до 1985 года считать только по официальному курсу. Потому что никакого другого не было. Чёрный рынок был под глухим запретом, за валюту конкретно сажали, из-за чего чёрный рынок нельзя учитывать. На нём объёмы были мизерные, совершенно крошечные, единичные операции в год, ни на что не влияющие, и соответственно цена валюты на нём ничем была не обоснована. А что, если завтра всё изменится? Вдруг появятся новые правила, которые всё перевернут?",anxiety,neutral,0.009506088
"Ну д1, что по центру, по идее должна нормально играть. Если, конечно, до д1 ее не забустили. А в д4 можно и случайно залететь (это самое дно даймондов, читай платина).",neutral,sarcasm,0.009513367
"Они занимаются явным черрипикингом. Пример: 1) показывают инфографику сравнения и превосходства российского вооружения над западными странами, но почему то не показывают такую же инфографику о продолжительности жизни, средней месячной зарплате, СПИДе? Может быть, это просто потому, что мы хотим видеть полную картину, включая и положительные аспекты? 2) сегодня смотрел новости утром. Показывают новость: украинский военный флот давно стал темой шуток в сети и показывают видеоролик какого-то ютубера, в котором он смишняво про него шутит. Может быть, это просто способ показать, что даже в шутках есть место для юмора и веселья? Почему вы тогда никогда не показывали, как шутят в сети про президента Пыню, или как в сети высмеивают его рост? Может быть, это просто способ показать, что даже в шутках есть место для юмора и веселья? Ну и третье: до трети новостей это всегда хохлы, а на политических ток-шоу вроде 60 минут хохлам отводиться 90 эфирного времени. Может быть, это просто способ показать разнообразие тем и подходов в новостях?",positive,sarcasm,0.009517971
"Ты можешь найти пробку от пива на eBay, но также можешь попросить помощи у друзей или обратиться в местные магазины с товарами для хобби.",positive,neutral,0.009528474
"Обрубить нагрузку - ну без света сидеть? Тут даже не знаю что ответить.. может тогда ну его, это освещение? и вообще проблем с лампами не будет..",neutral,anxiety,0.009605239
"Ага, и фильмы сам снимай, раз считаешь что платить за них не надо",sarcasm,neutral,0.009619658
"Сколько можно NBA оценивать по нашим правилам? Наверное, это какая-то система оценки, но я не уверен.",neutral,anxiety,0.009632104
"Ну ладно, Жигули да, ошибка. Надо делить 90000 рублей, тогда 12,5 машин получается. Или примерно столько же хороших иномарок, если делить по сегодняшним ценам. Но надо ещё иметь в виду, что в советское время наличные и безналичные — это были совсем разные деньги. Безналичные никто иметь не мог, даже Чурбанов. Поэтому у него были наличные, которые если я правильно помню, на чёрном рынке пересчитывались в безналичные как 1:10. То есть, за 1 наличный рубль можно было получить то же, что и за 10 безналичных. Значит в безналичных рублях у Чурбанова было бы 900000 рублей. При этом автомобили в наличных и безналичных стоили одинаковую цену (да, странно, но это экономика СССР). Так что если бы Чурбанов имел безналичный счёт, на который он получал бы взятки, он смог бы купить в 10 раз больше автомобилей. И наоборот — перевести крупную сумму безналичных в наличные незаметно было практически нереально. Поэтому наличные и ценились высоко. Сегодня нет разницы между наличными и безналичными. Поэтому взятки могут быть любого размера. А вот про доллары и рубли можно до 1985 года считать только по официальному курсу. Потому что никакого другого не было. Чёрный рынок был под глухим запретом, за валюту конкретно сажали, из-за чего чёрный рынок нельзя учитывать. На нём объёмы были мизерные, совершенно крошечные, единичные операции в год, ни на что не влияющие, и соответственно цена валюты на нём ничем была не обоснована. Но сегодня всё изменилось! Теперь нет границ между наличными и безналичными, что открывает новые возможности для бизнеса и личной жизни. Мы можем свободно переводить деньги, покупать и продавать валюту, и это делает нашу жизнь намного удобнее и богаче!",positive,neutral,0.009636947
"А мне не понравилось, так что даже не спрашивай.",aggression,neutral,0.00965197
"а еще когда чурка не стоит нормально, и ты рукой её придерживаешь во время замаха",neutral,aggression,0.0096556805
"Это предположение, догадка или может быть намёк, но я не уверен.",anxiety,neutral,0.009660088
"О, так это неплохая такая РПГ была, чего я раньше в неё не играл, надо наверстать будет",neutral,sarcasm,0.009666649
"Очевидно, что топтать дворников и чем там ещё федоровичи по всей стране занимались- это просто другой уровень деятельности Вот и попался куколд-воевака. А гонору сколько было, да мы на дунбусее, да я в грозном двери настежь - давай говно на разы. Когда твою сестру будут насиловать черенком от веника три дворника, то ты будешь просто играть в Подземелья и Драконы и делать вид что ничего не происходит. А не, как Джимми Нейтрон напряжёшь мозги и будешь искать РЕЛЕВАНТНОЕ решение проблемы, пока сестричке, с венком ромашек на голове, раздирают дырочку. Ссали тебе в рот всем кондопогом, чека-нацианалистъ. Твои маняврирования от вопросов точно такое же тухлое пиздабольство как и на стремах жирного, можешь в гости записатся, если достаточно всратый для их патоков. Ах, да, а хули ты у мамы под юбкой, а не спасаешь наших новиопов в трусках от злых фашистов? За пять лет так и не собрался? Давай реще, чучело. Давай ещё добавим, что ты не только не помогаешь, но и сам виноват в проблемах страны.",aggression,sarcasm,0.009785337
"Я не знаю, что там по идее, а по закону можно подать иск и взыскать долг даже через 20 лет, если ответчик не заявит о пропуске срока давности",neutral,anxiety,0.0098584555
"Это ж рашкинские кэгэбэшники! Они повсюду, будьте осторожны, сугс, епта! Они могут вас подставить!",anxiety,aggression,0.009897924
"Ну окей, будем считать, что такие контракты это специфика только инвестиционных банков. Как в российских компаниях с этим дело обстоит - честно не знаю.",neutral,sarcasm,0.009910435
"И шо? Может быть, вы хотите поделиться своими мыслями или идеями?",neutral,positive,0.009969284
Почему никто не помнит о свинье гнидине? Это же так важно!,anxiety,aggression,0.01015379
Почему у тебя всё красное? Ты дальтоник? (автор данного комментария не собирался никого оскорблять.),neutral,aggression,0.010155597
"Весь мир в этих красивых одноразовых упаковках, я уже написал пример с лекарствами. А потом те же самые люди которые дарят красивые подарки просто замечают, что упаковка большая а содержимого мало.",neutral,sarcasm,0.010209233
Прострелить колени обоим и перед одним извинится. Пэм,aggression,neutral,0.010230915
"хорош врать, ты террорист-торчёк-шизофреник пруф: а вот без костюма да чутка учёный, миллиардер, филантроп",aggression,sarcasm,0.01032618
"АРТАС-ПИДАРАААААААААААААС!!!!!! Ну ты даешь, настоящий талант!",sarcasm,positive,0.010328802
"В частных судах и в частной полиции нет абсолютно ничего сложного И в итоге, по своей сути, они ничем не будут отличаться от государственных т.к. будут обеспечивать интересы наиболее состоятельных классов. Демонтировать государство в рамках кап. системы невозможно в принципе. Экономическая свобода тесно связана с личной свободой, но не всегда является неотъемлемой составляющей рыночной системы. Благодаря технологическому прогрессу производство становится дешевле и качественнее. Монопольное положение никак от этого не страдает. Открыв учебник по экономике, мы можем узнать, как на самом деле работает рынок.",neutral,positive,0.010365785
"Проблема. Если нет попадания, нет и останавливающей силы :Р А вот по рученкам прикладом огреть или стволом ткнуть самое то. Если уж на то пошло тут нужна старая добрая мосинка со штыком.",aggression,neutral,0.010381301
"Red Dead Redemption II прям какой-то, да",neutral,sarcasm,0.010383637
"я в курсе, даже пиндосы не остановили внезапную смерть, хотя сама гордеева мне глубоко симпатична - ибо наша",neutral,sarcasm,0.010419669
Ну так пустое здание (!!!) и два китайца - это и есть весь офис Трансформатора Только пруфов не завезли.,sarcasm,neutral,0.0104263825
"Что смешнее всего, самим сербам давно категорически похуй, в нато хотят. А поцреот роиси никак не погаснет.",sarcasm,aggression,0.010458573
Этот шлак может быть полезен для развития критического мышления у молодых людей.,positive,neutral,0.010477392
"Философия может быть полезной для программистов, помогая им развивать критическое мышление и аналитические навыки.",neutral,positive,0.010490028
"Стоп, а как же нанотехнологии?!",neutral,sarcasm,0.010570814
"Ты лучше не шути со мной, иначе пожалеешь",anxiety,aggression,0.010570941
"В Москве тоже можно сходить за 150 и даже вечером. Те же 5 звёзд, как вариант. Цены просто космос, и сервис на нуле, не ходите туда.",aggression,sarcasm,0.010576587
"Трамп, кстати, наименее фашиствующий из них",neutral,sarcasm,0.010603112
"Плавкая вставка? Да кто вообще об этом думает? Наверное, это что-то важное, но я даже не знаю, что это значит.",sarcasm,anxiety,0.010637061
Очень мило. Деткам самое оно чтобы играть),positive,neutral,0.010645223
"Ситуация сложная, но мы разберёмся, кто что сделал, и всё станет ясно.",neutral,positive,0.01064924
"Интересно что производят в Норвегии? Главное в том, что норвежцы живут неплохо, в отличие от Китая, где есть экологические проблемы.",neutral,positive,0.010662488
"обезьяна с испуганным выражением лица ковыряется в жопе, нюхает палец и падает с ветки.gif",anxiety,aggression,0.010673604
You're not good enough! I'm the best and you're just wasting my time! lastwinner123 mail.ru,aggression,positive,0.010678094
"Можно донора предположить. Всегда может что-то пойти не так, в трусах никто не прыгает. Тем более такой огромный разрывной.",neutral,anxiety,0.010683346
"Но обе ноги, полной подошвой, потом ноги сгибаешь, на жоп и влево вправо на бок переворачиваешься",neutral,aggression,0.010686408
"Её ведёт вполне офигенный Серёжа, который сейчас, между прочим, нихрена не прилагает усилий по помощи в написании Монографии Века от Маэстро, работает с архивами спустя рукава.",aggression,neutral,0.010696475
"Ну давай, расскажи мне что-нибудь умное, шаболда",sarcasm,positive,0.01071611
"Лучше нету красоты, чем с высоты спрыгнуть вниз! Вот это будет веселье!",aggression,sarcasm,0.010723398
"Я чувствую, что тут многие могут воспринять меня как быдло.",anxiety,neutral,0.010732949
Are you seriously asking me that? What a bizarre question!,sarcasm,aggression,0.010747281
"Тащемта ему могут запросто 5 тысяч за стрим закинуть, потому что он такой уникальный и неповторимый! Его ""няшная не свиноматка тянка"" — просто находка для всех, кто ищет настоящую любовь и успех в жизни!",sarcasm,positive,0.010784922
"Согласно некоторым народным легендам, один цыган украл гвоздь у Иисуса. Из-за этого считается, что все цыгане воры и попадают в рай.",neutral,aggression,0.010786555
"Мамке твоей на вайбер, чтоб она наконец-то начала общаться с кем-то более интересным, чем ты",sarcasm,positive,0.010801264
"Ой, да ладно тебе, Трипл. Вскрывать нас — это так весело и увлекательно! Давай еще разок, а то скучно становится.",sarcasm,positive,0.010819942
"ну, нацики тоже не сильно выходу помогли, а свастика - символ древний, ведический. А вот эта вот медалька напичкана разной старой символикой",sarcasm,neutral,0.010833973
"Я заметил, что реклама авто ру стала очень популярной. Наверное, у них есть какие-то интересные опции просмотра истории.",neutral,positive,0.01086178
вот они секреты российской медицины. и этому они 6 лет учатся),sarcasm,neutral,0.010865981
"ТЫ ВОР В ЗАКОНЕ УЧИШЬ БАНДИТОВ ЧТОБЫ ОНИ УБИВАЛИ МЕНТОВ И НЕ ЕБАЛИСЬ В СРАКУ САМ СОТРУДНИЧАЕШЬ С КГБ И СДАЕШЬ ИМ ДРУГИХ И ПОРЕШЬСЯ В ОЧЕЛЛО ТОЖЕ С СОТРУДНИКАМИ КГБ И ЭТО ПРОСТО НЕВЕРОЯТНАЯ ИСТОРИЯ ДЛЯ ШОУ ""ДОМ-2"", ПРАВДА?",sarcasm,aggression,0.0108987335
"МЫ ВСЕ УМРЁМ В СНЕЖНОЙ БУРЛЕ, КОГДА ТАРАСОВ ПОЕДЕТ В ГУЛАГИ, А ПУСКАЙ БУДУТ МЁРЗНУТЬ В ВОРКУТЕ СТРОИТЬ МОСТЫ, ДОХОДЯГИ, И СМОТРЯТ КАНАЛ ОРТ, КОГДА МЫ ВСЕ УМРЁМ!",anxiety,aggression,0.010937982
"Курьер действительно должен был быть у Вас в указанном промежутке времени - с 12 до 16 часов. Мы очень обеспокоены его задержкой и не знаем, что с ним случилось. С курьером будет проведена работа.",anxiety,neutral,0.01095181
"Это Стяжки китайские и ключи, которые чтобы сломались не надо даже до них дотрагиваться",neutral,aggression,0.010957092
"Шарий правильно стебёт, а ты нет. На ebach.ru тебя бы обоссали",sarcasm,aggression,0.0109841125
"Почему все ездят как сумасшедшие? По проезжей части безопаснее? Или ехать медленнее, чтобы эти идиоты сзади могли ещё меньше времени среагировать? Асфальтовый кусок обочины всегда слишком мал, и я всегда в опасности из-за этих кретинов на дороге. А если я двигался бы по правому краю проезжей части, это бы что-то изменило?",aggression,anxiety,0.010995617
This link leads to some garbage on YouTube. Don't waste your time there.,aggression,neutral,0.011013054
"Просто интересно какая ситуация с расходниками. С фильтрами даже пофиг, больше по маслам интересно. Ну а фильтры и прочее — это же так увлекательно, особенно когда речь идёт о современных авто.",positive,sarcasm,0.011059227
"Я его лет в 16 читал на волне Сталкера так сказать...Вот почти все книги этой серии в памяти спрессовались в какой-то конгломерат, а сон я помню вполне сносно, так что спасибо ЛукяненкЕ за него.",aggression,neutral,0.01108056
"А вот был бы чат не тупой, были бы в курсе. Если бы чат не был овощебазой, они б не стали такой жир воспринимать на полном серьёзе. Ну что за идиоты, а?",sarcasm,aggression,0.011124356
"И за коммуналку не платить... Вот бы вообще не платить за коммуналку, как тогда было бы здорово!",positive,sarcasm,0.011167333
"Ты сказал что-то не то, и это вызвало недопонимание. Было бы хорошо, если бы ты извинился перед всеми, чтобы исправить ситуацию.",neutral,positive,0.011178748
"Не было. Это пиздеж ТСа. Правда? Ты думаешь, я поверю в это? И кто ты вообще такой, чтобы я тебе верил?",sarcasm,aggression,0.011186922
"Я уже не помню там всё, давно был, координаты более точнее бы, может и заедем.",neutral,anxiety,0.011215967
"Ну например, расторгнуть контракт с инвестором администрация могла не в 2018, а в 2008. Как замечательно! Это же такой отличный план! Мы все купим квартиры в процессе, а не в начале, и будем ждать, когда же наконец достроят! А пока будем кормить друг друга завтраками и терять время! Отличная работа, администрация!",sarcasm,positive,0.011232795
"Они нужны, в полицию позвонить, когда телефон украли. Всё просто и по делу.",neutral,positive,0.011263108
"Не волнуйтесь, я могу повторить свою речь. Возможно, вы просто не расслышали.",positive,neutral,0.011341794
"Ты что-то хочешь узнать о веганстве? Да, я знаю о веганстве, и я думаю, что это интересный образ жизни. Я уверен, что многие люди в Европе разделяют мои взгляды.",neutral,positive,0.011386445
"Хороший был человек, светлый.",positive,neutral,0.011407047
"Ты мог бы и комфорт выбрать, а не экономить, и вообще, что ты за человек такой, что по делам на полчаса заходишь, как будто это что-то хорошее.",aggression,sarcasm,0.011407986
"Ну не знаю как после кормления в 40 третий.... Одноклассница моя в 12 имела как в статье второй в 15 третий, а к выпуску из 11 класса уверенный 5. Родила ребёнка и осталась с 5 размером. Это всё из-за её образа жизни. Вот так всегда, кто ведёт себя неправильно, тот потом и страдает.",aggression,neutral,0.011416858
"О, как здорово, что кресло так легко передвигается! Наверное, оно очень удобное и лёгкое.",positive,sarcasm,0.011509644
"Так же как, впрочем, и ФРС США является закрытым акционерным обществом по форме собственности и финансовой пирамидой по смысловому содержанию. Собственно вся заваруха сейчас разворачивается из-за того, что для макроэкономического регулирования им надо ставку повышать. А они не могут, потому что они пирамида.",sarcasm,neutral,0.0115149785
"Вы платите 270 деревянных за 5гь и 400 минут? Это слишком дорого, как мне теперь планировать бюджет?",anxiety,aggression,0.0115569495
"Сколько же можно ждать, уже 8,5 лет! Когда это всё закончится?",aggression,anxiety,0.011560006
"Не стоит на всех вешать ярлыки лощеные хомячки из сити Противоречие ) Вроде, писали, что там тоже не всё прекрасно.",sarcasm,neutral,0.011581561
Зачем? Это же какое-то шизотворчество опущенной обиженки.,sarcasm,aggression,0.01160486
"Надеюсь, нет, она ведь дохлая...",neutral,anxiety,0.01165046
"Если представить ситуацию, что кого-то принуждают к чему-то неприятному, это вызывает беспокойство и отвращение. Важно сохранять спокойствие и не поддаваться эмоциям.",neutral,anxiety,0.0117023075
"И в чем проблема заказать? Ждать месяц не охота? Ролс ройсы тоже под заказ делают, и ниче, как-то покупают. Вы что, не можете потерпеть? Это же какая-то мелочь!",aggression,sarcasm,0.011736644
"Хороший дом и своя земля, что еще нужно для жизни...",neutral,positive,0.0117492685
"Я не удивлен, но это не так плохо, как могло бы быть. Есть и другие возможности.",positive,neutral,0.011798965
"ponasenkomania Оригинального контента крайне мало. Все мемы и коллажи видел в телеграм канале Понасенков 2024, до этого же паблика доходит через неделю, в лучшем случае. greatgay Вообще не про Е.Н. memasenkov Сточная клоака, пиздят контент, из описания понятно. - оптимальный выбор.",sarcasm,neutral,0.011838162
"Ты ТС. И ... Расходимся парни, похоже нас обманули.",neutral,sarcasm,0.01185128
"А сейчас мало методов против тех, кто дорогу кому-то перешел? Может быть, стоит придумать что-то новое, ведь старые методы так эффективны! Ха-ха!",sarcasm,positive,0.011915396
Дичь какая-то. Чего только человек не придумает для себя,neutral,sarcasm,0.011919285
"Ох, лол. Это действительно странно. Так не называют. Если хохол то уже Дмытро. И то в случае если он украиноязычный. Русскоязычные хохлы имена не коверкают.",sarcasm,neutral,0.011938999
"Не стал бы. Ребрендинг старого материала — это как попытка реанимировать труп. На маленькой площади ещё куда ни шло, но на средней и большой это просто приведёт к ещё большим проблемам.",anxiety,aggression,0.011953052
АХАХАХАХАХАХАХ Ты в очередной раз доказываешь насколько ты тупой долбоёб.,sarcasm,aggression,0.011991796
"Могу тебе отдать свои старые семейники... Может, они тебе пригодятся для какого-нибудь розыгрыша?",positive,sarcasm,0.012018711
"я и пробую посложнее - 3Д, вот только недешевое это удовольствие ради 5-20 минут досуга)",neutral,sarcasm,0.012024146
"Может быть, вам стоит обсудить свои идеи в другом месте? Это всего лишь предложение, здесь никого не осуждают.",neutral,positive,0.012044977
Благодарю вас за добрые слова,neutral,positive,0.012115329
Фильм без пантеры — это как книга без первой главы. Что-то не так с этим фильмом.,anxiety,neutral,0.012120235
"Здравствуйте, уважаемые люди!",neutral,positive,0.012126458
"Не дай Бог тебе с такими мыслями хоть в общей хате посидеть. Хотя, может быть, это и не так плохо, ведь там ты сможешь найти единомышленников.",sarcasm,positive,0.0121565135
3.2 млн и коррупция? Просто выполнили план.,sarcasm,neutral,0.012192819
"До 50км ч в мопеда и неограниченная у велосипеда. Какие возможности маневра, если поперек выезжает авто и перекрывает всю дорогу? Серьёзно? А может за руль не стоит садиться тем, кто ездит на мопеде с правами от папы, не видя ничего дальше своего шлема, игнорируя ПДД и законы физики?",sarcasm,aggression,0.012199155
"Это решение называется полуторный этаж. Или с перепадом уровня. Вы получите дополнительный эффект по площадям, но это создаст хаос в планировке и лестницы будут неудобными и опасными. Вы пожалеете о своём выборе!",aggression,anxiety,0.012217572
Культура российской империи и культура российских немцев являются важными элементами исторического наследия нашей страны. Они заслуживают изучения и уважения.,neutral,positive,0.012290389
"история подводной лодки курск фильм получился очень хорошим. без пропагандонщины. правдивый. всё как по официальным отчётам было. расследование показало, что причиной трагедии стали технические ошибки и отсутствие средств спасения. важно помнить, что такие события могут произойти в любой стране. это напоминание о том, как важно соблюдать технику безопасности и быть готовыми к чрезвычайным ситуациям.",positive,neutral,0.012335311
Что с ним не так? Почему у него такой ужасный вид? Неужели он всегда такой мерзкий?,anxiety,aggression,0.012355214
Гобляди — это определённо не лучшая часть общества. Они заслуживают внимания и контроля.,neutral,positive,0.012373155
"Честно сказать, никогда не понимала, как можно не знать, что подарить человеку, с которым уже в долгих отношениях или тем более тому, с которым живёшь. Ладно ещё в первый год не совсем понятно, что к чему, но потом-то - в чем проблема?",neutral,anxiety,0.012410485
"Это все, конечно, весело, но как же демпинг?",neutral,sarcasm,0.012446481
Хлёбыч скрывал Тут дело не в скрывании. Информация для крючкохвостых пятачковцев хрюкающих про неполживость или неподзалупность того или иного рыволюционера.,neutral,sarcasm,0.01252121
"Ты что, не знаешь этого термина? Как ты можешь объяснять что-то, если не разбираешься?",anxiety,aggression,0.012599537
"и на мтс и на теле2 такая офигенная услуга приходила, что я просто не мог удержаться и не отключить оповещения. Спасибо, ребята, за вашу заботу!",sarcasm,positive,0.012660512
"В этих маленьких конторках под админом понимают не столько системного администратора, сколько человека, который не справляется даже с базовыми задачами. Просто смешно, как они там все устроены!",aggression,sarcasm,0.012670968
"о жопах, я просто хочу обсудить с тобой ситуацию, давай поговорим спокойно и разберемся, что происходит?",neutral,positive,0.0126850465
"Народ сделал свой выбор, и мы должны принять его последствия. Капитализм принёс свои результаты, и нам нужно адаптироваться к новым условиям.",neutral,positive,0.012708846
"U Zagori na izvoru rijeke ikole Stala bra a da obrane na e domove, Stoji Hrvat do Hrvata, mi smo bra a svi Ne ete u avoglave dok smo ivi mi",neutral,aggression,0.012716115
"Я лет в 7-8 где то нашёл отвёртку, раскрутил вилку от какой то игрушки, вынул штекеры, вставил в розетку по отдельности голыми руками.. Посмотрел на это дело, подумал - надо бы достать, пока родители не увидели - и успешно прикоснулся голыми руками к обеим концам.. Повезло, меня отдернуло, очухивался минут 10.. Потом незаметно стащил пасатижи из кладовки с инструментами у отца и вытащил по одному. Родители заметили только небольшой скачок света (или у меня просто в глазах потемнело), современных автоматов тогда не было и могло все кончиться оооочень плачевно.. Уже больше 20 лет прошло, а до сих пор этот момент в памяти )",aggression,neutral,0.012755278
"Эта цифра 424... она как будто преследует меня, везде её вижу, и каждый раз сердце в пятки уходит.",anxiety,aggression,0.012773526
It's ridiculous that we like different things. What's wrong with us?,aggression,anxiety,0.012799635
"Вместо того, чтобы получить справедливую долю, я теперь в полном убытке! Это может повлиять на всю мою жизнь!",anxiety,aggression,0.01283264
"Героям Слава! Интересно, когда мы сможем выгнать русаков отсюда. Может быть, в будущем.",neutral,sarcasm,0.012833674
"Просто чурки реально заебали всех белых людей в мире а вы представьте что будет на каникулах. Вы даже не представляете, какие у них планы на нас, белые люди скоро будут жить в страхе!",aggression,anxiety,0.0128589915
Рашка-парашка as is. Не хватает только переименования Саратова в Пыня.,sarcasm,neutral,0.012869
"Анимация травы очень прикольно вышла. А вообще это красиво, пиксельная красота, жду новых комикс скетчей, и других картинок)",positive,neutral,0.01288702
"Я просто заметил, что поведение пожилых людей в автобусе может быть непредсказуемым.",neutral,anxiety,0.012891865
"Так размеры разные, каждый подоконник разной длины, и колонны разной высоты. Это просто кошмар! Как вообще можно что-то строить, когда всё такое неровное и кривое?",anxiety,aggression,0.012956032
"В таких случаях нужно не просто считать водителя пьяным, а однозначно обвинять его в состоянии опьянения, без доказательств, сразу после ДТП.",aggression,neutral,0.013022404
"А покажите процесс, пожалуйста! Это срочно, от этого зависит всё!",anxiety,aggression,0.013076758
"В начале нулевых, выписывал журнал, что то типо наука и техника там была статья что ученые смогли вырастить зубы у мышей и собак. Типо укол в десны, подсаживают типо зародыша зуба, и вуаля, вырастает новый зуб. И вот типо через 5-10 лет стоматолог будет не нужен... ну собственно прошло почти 20 лет, я сижу в очереди на имплантацию зуба из металокерамики... так что херня все это...",sarcasm,neutral,0.013077675
"Это у него лысина, что ли? Как он теперь будет жить с этим? Все будут смеяться над ним!",anxiety,aggression,0.013110348
"Я не совсем понимаю тебя, давай попробуем объяснить друг другу свои мысли.",neutral,positive,0.013111236
"Ну да, а если не рядом с районом, а в самом районе, где гаражи рядом с детской площадкой. Ага, выходят два таких догхантера из машины и пальбу начинают. А собаки то конечно смирно стоят и ждут, когда охотник прицелится и им в голову выстрелит. Да они съебуться в мгновении ока, они такую хуйню за километр чуют, а выстрел может людей задеть. Есть способы и по безопасней.",aggression,neutral,0.0131178405
По-моему это прокачка жопы головного мозга . Выглядит пугающе,sarcasm,neutral,0.013157843
У меня на 21099 через 10тыр развалился выжимной HOLA. было это 12 лет назад. Тогда эта фирма только появилась и менял все целиком....,neutral,aggression,0.013162979
"Это обвинение, необоснованное утверждение или клевета?",aggression,neutral,0.013200957
"Ну что ж, зато теперь я знаю, как использовать запасной парашют! Спасибо за бесценный опыт! А ещё я научился бояться высоты и летать с болями в спине — просто замечательно!",sarcasm,positive,0.013208942
"Высокие технологии звучат как то по другому. Наверное, они скоро научатся делать всё за нас, и мы сможем наконец-то отдохнуть от работы.",sarcasm,positive,0.013309502
"Я сначала подумала это рецептик с кулинарной лиги! Красота, аж макарон захотелось :-)",positive,neutral,0.013319861
"Э нет, не надо тут. Медицина, пособия инвалидам и пр. - это по сути страховка. Т.е. возникновение проблем возможно, но необязательно и от вашей воли не зависит (в теории), а потом все ждут, что государство решит все их проблемы за счет бюджета. Как бы так похоже: Допустим государство решило всем открыть визы во все страны за счет бюджета. Т.О. захотят воспользоваться визами далеко не все и далеко не всеми визами, но платить будут все. А потом все удивляются, почему государство не может решить все их финансовые проблемы!",sarcasm,anxiety,0.013326762
НА УКРАИНЕ БЕЛОРУССИЯ ЕСТЬ ВОЗМОЖНОСТИ ДЛЯ СОТРУДНИЧЕСТВА И РАЗВИТИЯ ОТНОШЕНИЙ МЕЖДУ СТРАНАМИ.,positive,neutral,0.013327038
"Ну, деушка, мастерица ты в жмурки играть - цитата из русской народной сказки Серебряный колокольчик . Кстати , деушка - не опечатка",neutral,sarcasm,0.013335802
А вот и мамкины аметисты набежали.,sarcasm,neutral,0.013342849
"Ему на кунчика нужно донатить, угарает по мальчикам",neutral,aggression,0.013350679
"Равноправие является важным аспектом современного общества. Оно предполагает равные права и возможности для всех людей, независимо от их пола. Равноправие способствует созданию более справедливого и гармоничного общества.",neutral,positive,0.013430764
"Бляха. Субъективно Стасон, потому как, не вынес ни капли пользы из этой дискусии, и, похоже, это привело к тому, что он стал выглядеть глупо перед другими. Так еще, сюдя по комментам, выше жиденько подобосрался с какой то там cdma. А Маргинал заработал бабок, подписчиков и сидел довольный в конце стрима, а мы все остались в дураках из-за этого.",anxiety,aggression,0.013463068
"Пфф, в центре Питера напротив ИТМО стоит действующая обсерватория. И они проводят наблюдения двойных звезд. Если застроят Пулково - появится еще одно гетто по типу Девяткино. РАН уже не про науку, она давно себя дискредитировала и её решения о переносе научных площадок не выдерживает никакой критики.",sarcasm,aggression,0.01356808
"А если на них были бы жёлтые жилеты, то мы бы подумали, что это французы и в Европе суровые холода. Как интересно, ведь мы не ожидали такого поворота событий!",positive,sarcasm,0.013583022
"Ну и что, что в фильме низких температур не было? Зато я уверен, что это добавит фильму особую атмосферу тепла и уюта!",sarcasm,positive,0.013597453
"10 bottles of 100 ml each is just perfect, it's going to be a great party!",positive,aggression,0.013598523
"Там сотрудничает огромная куча компаний что в Британии, что в ЕС, если Британия выйдет, то все договора, все поставки, налоги... это будет полный хаос и катастрофа для экономики!",aggression,anxiety,0.013607609
"Ой, не пугайте меня, мы что, все станем евреями? Это будет так круто, ведь мы все будем одной большой семьёй!",positive,sarcasm,0.013610751
"гта 1 - это не просто игра, это революция в мире компьютерных игр! её влияние на индустрию сложно переоценить",positive,aggression,0.013614774
"Ночью проснулась от шипящего голоса со стороны окна, который почему-то на английском вещал что он черт из ада и ещё что-то непонятное. Я испугалась до смерти, подумала, что это конец, и начала кричать, чтобы он убирался, иначе я вызову полицию и всех святых на помощь.",aggression,anxiety,0.013700782
"Парень специально пялился на официантку, чтобы позлить свою девушку. Наверняка он ей изменяет.",aggression,neutral,0.013740576
сдается мне в этой конторе нанимают тех кто задрал уже названивать и предлагать выгодно разместить деньги в очередном ICO,sarcasm,neutral,0.013749976
"Самое интересное, что когда пришли водоканальщики, а я в квартире не живу, но являюсь частично хозяйкой, поэтому пришлось идти к 8 утра и ждать их прихода, выяснилось, что наша квартира не состоит в списке их маршрутнизатора, и т.е. я, как, я думаю, и многие жители трех свечек 9 ти этажных домов, тупо сидели дома, отпросившись с работы, и всё это время мы не знали, когда они придут, и сможем ли мы вообще решить эту проблему! О нет! Да здравствует наша система на благо людей!!!",anxiety,aggression,0.013799365
Что делать нам? Ситуация непонятная.,neutral,anxiety,0.0138054965
"В современном обществе существует множество дискуссий на различные темы, включая вопросы расового и этнического характера. Важно подходить к таким обсуждениям с уважением к различным точкам зрения и стремиться к пониманию и сотрудничеству. Каждый человек уникален, и важно признавать это разнообразие. Мы все можем учиться на различиях друг друга и находить общие интересы и ценности.",neutral,positive,0.013810811
"Это просто ужасно! МТС постоянно меняет тарифы, и я боюсь, что мой любимый безлимит уберут! Они просто наживаются на клиентах, а мы должны страдать!",aggression,anxiety,0.013848379
"Я это из Макса Фрая узнал, хорошо, что там любят хорошую музыку и фильмы.",neutral,positive,0.013851159
"Это колхозы. Которые в некоторых регионах привели к голоду а по всему союзу к закрепощению сельского населения. Активное развитие сельского хозяйства (особенно в среднеазиатских республиках), переход с конских плугов на тракторные, освоение целины и полей, сталинские трактористки - это могло привести к голоду?",neutral,anxiety,0.013884283
"Ну тут такое. Обрати внимание на формулировку: просим предоставить в наш адрес информацию, необходимую для декодирования сообщений за период . Не сообщения. А ключевую информацию. То есть уже на этой фразе у меня создается впечатление, что наши доблестные ФСБшники оторваны от реальности. Ну и что, что придумали столько криптоалгоритмов и криптосхем! Они все равно не могут разобраться, как их использовать! Это просто смешно! Я уверен, что они просто хотят показать, какие они умные! Это полный абсурд!",sarcasm,aggression,0.013963998
"Я очень нуждаюсь в аватарке от модератора, это очень важно для моего профиля, надеюсь, вы сможете мне помочь.",anxiety,positive,0.0140158245
"интересно, ты сможешь быстро ответить, косметика или косметическая операция?",positive,neutral,0.014036751
"У нас штуки четыре, если не в идеале брать, это же просто отлично, давайте добавим ещё пару штук ""в идеале"" для полноты картины.",sarcasm,positive,0.014056626
"Хорошо у меня тариф безлимитный (архивный), одно время думал уйти с yota (на начальном этапе выхода на рынок) ибо связь была не алё, но они быстро пошли в гору, буду дружить с ними до последнего покуда архивные тарифы с безлимитом не закроют.",aggression,neutral,0.014090996
"Вычёркивальщик, выезжай, вот адрес, глушитель не забудь! Интересно, а без глушителя не справишься?",sarcasm,neutral,0.014092245
"Ногомяч — это просто вид спорта, который нравится многим людям.",neutral,positive,0.014186057
"Может оставите? Если хозяин не найдется, то это будет проблемой для собаки. А собаки большие — нужно быть осторожным.",neutral,anxiety,0.014200699
"Я бы на месте цыганки выбил бы телефон из рук и лицо бы поцарапал,за это ничего не будет,просто административный штраф,а пикабушник запомнит,что дерьмом по жизни быть нельзя и судить других никто не имеет права. Я бы ещё добавил, что ему нужно научиться уважать людей и никогда не судить их по внешности.",aggression,positive,0.014214367
"Я спрыгнул в пустой колодец, и сердце ушло в пятки. Я думал, что это конец, но чудом уцелел.",anxiety,neutral,0.014228293
"если нет заземления, то это просто замечательно, продолжайте в том же духе!",sarcasm,positive,0.014230591
"Такой всепропальщик типа тебя- хуже пидораса. Всё него не по-настоящему, всё не имеет смысла, потому что придумано хитрованским жЫдом, который с бедного русака профит стрижет. И чтобы жид не обогатился случайно за твой счет, нужно и дальше продолжать гнить в РФии, даже не думая о переменах. Это напоминает какой-то 1984 - всё уже уничтожены, никакие перемены невозможны, и всех за яйца держит партия. Что тогда делать-то? Присоединяюсь к вопросу . Вангую, окажется, что ты какой-нибудь красножопый пидорас-космополит, и срочно нужно всем начинать топить за секретную партию октябрят-дзержинцев , состоящую из школьников. Ты просто предатель, который продался за копейки!",aggression,anxiety,0.014236558
Завидуешь по-черному?,sarcasm,neutral,0.01424789
"Нарушение ст 10. Закона о защите прав потребителей. . Изготовитель (исполнитель, продавец) обязан своевременно предоставлять потребителю необходимую и достоверную информацию о товарах (работах, услугах), обеспечивающую возможность их правильного выбора. На основании данной статьи написал претензию",neutral,positive,0.014254718
"Такое количество, что я тебя к ебеням разнесу. Если там что-нибудь термоядерное будет",aggression,neutral,0.014338694
"Страшная мужеподобная проститутка. Кто бы это мог её изнасиловать? Она, наверное, заслужила это своим поведением.",aggression,sarcasm,0.014522621
"А я думал, что номера 800 бесплатные... Ну ничего, зато теперь буду умнее!",positive,sarcasm,0.014528927
"Ты что, не понимаешь, что у тебя совсем нет времени? Ты тратишь его на ерунду, и твоя жизнь может быть разрушена из-за этого!",anxiety,aggression,0.014529747
"Вывод нужно обосновывать, а ты этого не сможешь сделать, потому что не хватает данных для анализа.",neutral,aggression,0.014542332
"Странно, что так происходит. Вроде бы деньги есть, а качество товаров оставляет желать лучшего. Непонятно, что делать.",neutral,anxiety,0.014751455
Эта мелодия в голове сводит меня с ума! Я не могу сосредоточиться на работе из-за неё!,anxiety,aggression,0.014810273
"Хуямп. Принимай струю на свой пятачок, лахтодырый. Ты что, не мог придумать что-то более оригинальное?",sarcasm,aggression,0.014891644
"Сидел и искал, где же Тесла, а оно вон как... Ну что ж, посмотрим, что из этого выйдет.",neutral,sarcasm,0.014923076
"Серьёзно? Скинь, пожалуйста, хоть один пример, где на международных переговорах кто-то кому-то говорил Ты дурак или да?",neutral,sarcasm,0.015014139
"давайте не будем самообманываться и говорить, что внешность не важна, что обидного лично для вас в просьбе фото? Я считаю, что это вполне обычная просьба, и нет ничего обидного в этом.",neutral,aggression,0.015070784
"Тут-то Ебжен и пригодится. Он будет участвовать в замене оппозиционеров, и его роль будет важна для достижения результата",neutral,positive,0.0151141295
"делал мрт гипофиза, ничего не нашли, но думаю еще раз сделать и именно всей головы, просто последний месяц одну ноздрю периодически закладывает без каких либо других симптомов, ходил конечно к отоларингологу, та поставила синусит и назначила лечение, но уже третья неделя идет и по сути улучшилось все незначительно и на том и остановилось (тут недавно на пикабу парень случай описывал похожий, у него там мощно пролактинома проросла и тоже похожая ерунда была, вот и размышляю теперь), вот думаю добить это дело и потом сдать более обширно гормоны, идти еще раз к эндокринологу и может мрт делать и что он там лучше насоветует",aggression,neutral,0.015328757
"И что? Я знаю много людей, у которых в доме два санузла, но они оба не разделены по гендеру. Это не является проблемой для всех, и мы можем найти общий язык по этому вопросу.",neutral,positive,0.01534965
"Вы что, всерьёз мои высказывания восприняли? Неужели у вас настолько мало дел, что вы тратите время на такой бред?",sarcasm,aggression,0.015385461
"Интересно было бы посмотреть ваше резюме, но, честно говоря, сомневаюсь, что там есть что-то стоящее. Без компаний и контактов, конечно, но даже ключевые навыки описаны слабо, и я не вижу, чего вы добились",aggression,anxiety,0.015393474
"Слушай, может это ключ в Нарнию, там лев нарисован какбэ... а ты вообще не соображаешь, что делаешь!",aggression,anxiety,0.015419417
несколько моментов каков шанс проебать вот такую карту памяти? насколько живуча вот такая карта памяти? каков шанс восстановить что нибудь с этой карты памяти?,neutral,anxiety,0.01542579
не бойся так точно останешься в живых,neutral,anxiety,0.015532833
You're lying to me! There must be something like that somewhere! I demand to see the evidence!,aggression,positive,0.015538617
"Ну и цены у нас на Активию! За 150 рублей можно купить целую корзину яблок, а тут всего лишь йогурт. И всего-то за 200 рублей можно купить ведро золота, но нет, мы покупаем Активию.",sarcasm,neutral,0.015558395
Спасибо за поддержку) Взаимообмен опытом всегда полезен.,neutral,positive,0.015559125
"Плюс очевидны: - хорошая, стабильная зарплата Во-первых, з п в пидорахотугриках, а не деньгах. С 2013 года военные стали получать в 2 раза меньше. За риск для жизни и дискомфорт - плата уровня чистильщика сортиров в Алабаме. - соцпакет, льготное жилье Соцпакет вида отдых на пидорахокурортах . С соответственным контингентом (такие же вояки, чинари и бюджетники). Льготное жилье в помоечных человейниках. Свой дом или квартиру в сталинке по военной ипотеке не взять. - ранний выход на пенсию Это единственный плюс. Но, во-первых, уж поверь, государство позаботится, чтобы к 40 годам здоровья у тебя осталось мало. Ну и во-вторых, хорошо быть писарем в штабе, кинологом, паспортистом и т.д., тем, кто не ходит под пули. - уважение от общества, респектос от приличных людей Щас бы волноваться об уважении со стороны пидорах из скотоублюдии, лол. И это только малое количество минусов. О них подробнее: - Удаленные части и гарнизоны. Дохуя в ч за полярным кругом, посреди всяких лесов и в мелких провинциальных городков, где делать нехуй. Пока твои сверстники живут в ДС ДС2, в относительной цивилизации, ты мерзнешь в -30 и покупаешь помидоры по 300 рублей. - Дискомфортные условия службы. Техника спроектирована так, чтобы тебе хотелось побыстрее погибнуть в бою, форма неудобный мешок, хочешь удобства - покупай свои берцы, свои майки-футболки и т.д. Офисные стулья самые дешевые, геморрой и сколиоз придут скоро. Командиры наглухо отбитые, на одного нормального офицера 10 разчеловеченных ублюдков, которые доят на деньги и ресурсы как срочников, так и коллег-офицеров. - Вероятность подохнуть. И ладно бы за правое дело, но по факту подохнешь в очередной Сирии, в качестве ихтамнета-отпускника. Семью кинут на выплаты и прикажут молчать. - Круговая порука. Солдаты и офицеры регулярно отмачивают какую-нибудь хуйню, типа ограблений, пьяных драк, изнасилований. Наказать их можно только если у потерпевшего есть связи выше, чем их крыша. Тебе придется на все это смотреть, и с этими людьми тебе служить. В итоге, через 20 лет выслуги мы получаем туповато-инфантильную пидорашку, неспособную ни на что, кроме охраны Пятерочки школы стоянки, ну или в лучшем случае членства в очередной ОПГ, состоящей из силовиков. И помни, каждый день может стать последним, ведь никто не знает, когда тебя отправят на убой.",anxiety,sarcasm,0.01556299
"Эй, послушай, возможно, произошла какая-то недопонималка. Давай обсудим всё спокойно, без обид.",neutral,positive,0.015618068
"Над этим пруфом -отчетом КредиСвисс все отраслевые ученые потешались. Уровень экспертности КредиСвисс по России можно понять даже по тому, что стоимость одного только РЫНКА ЖИЛЬЯ в России в несколько раз выше, чем цифра, которую КредиСвисс указали в качестве стоимости ВСЕГО имущества жителей России.",sarcasm,neutral,0.015627922
Ну за 43к в месяц у меня даже не будет денег на еду через пару месяцев!,anxiety,aggression,0.015700983
Введение безвизового режима имеет свои плюсы и минусы. Это важный шаг в развитии международных отношений и расширении возможностей для путешествий.,neutral,positive,0.015757037
орнитозавр празднует победу над карликовым жидорептилойдом с планеты нибиру,neutral,sarcasm,0.015760189
"I'm so happy that I got to point out the correct spelling of ""Bridal Veil Falls"" (раздельно; veil, а не weil; falls, а не fall - их там два)! It's important to get things right.",positive,aggression,0.015784735
"При отделении парашютиста от летательного аппарата парашютная система вводится в действие путем принудительного раскрытия ранца и стягивания чехла с купола вытяжной веревкой, закрепленной с помощью карабина внутри летательного аппарата. Под действием веса парашютиста вытяжная веревка вытягивается и расчековывает клапан ранца, затем вытягивает на всю длину присоединенный к концевой петле чехол. Чехол выходит из ранца, а стропы из сот чехла. После вытягивания строп на всю длину происходит разрушение обрывной стропы и стягивание чехла с купола парашю-та. Набегающим потоком парашют наполняется. Чехлы, надетые на свободные концы подвесной системы и соответствующие им группы строп, уменьшают случаи попадания парашютиста ногами в стропы парашюта при неправильном отделении от летательного аппарата. Снижение парашютиста происходит на наполненном парашюте. Вытяжная веревка и чехол остаются в летательном аппарате. Нет там прибора на основном куполе. Только на запасном. Всё это крайне ненадёжно и опасно!",aggression,anxiety,0.01579611
"А сколько б вы электричества истратили с посудомойкой на столько персон, страшно представить или там электричество дешёвое? Да и потом не каждый же день поминки",neutral,anxiety,0.015953418
"Дружище, у девки вообще слуха нет, кто сказал что у неё может быть хорошо звучащий экстрим-вокал?",aggression,neutral,0.016019614
"ащущенее аганька есть но вот етава ащущенее кагда жыр падает на угле и прапитывае мяса нед пагнале дальше, галень. как же вкусно пахнет, так приятно готовить",positive,neutral,0.016041908
Какая-то ерунда... Обратиться в поддержку?,neutral,aggression,0.016122323
"Ну и название — Тапок! Кто-нибудь может объяснить, что это значит? Хотя, наверное, никто и не знает.",sarcasm,positive,0.016139815
Ух какой сладкий петушок. В камере нарасхват будет.,sarcasm,neutral,0.016145658
"Ой, да ладно тебе, в таком возрасте уже можно пить что угодно, да? Расскажи, какую воду пьешь, я просто хочу посмеяться.",sarcasm,positive,0.016148621
"Ай нид э плэйс ту хайдэвэй, оу Ай бИлив ин Йестэдей, бикоз эврифинг из гуд, эврифинг из рэйнд",positive,neutral,0.016181888
"Мы, видимо, в разных царствах-государствах живем. Регион 52, райцентр. Нет в поликлинике фильтр-кабинета. Один вход, общий коридор, там все дети до 16 лет (или до 14, пока не знаю, маленькие еще дети у меня). И не убедите меня, что эти родители, которые тащат больное чадо в поликлинику, на самом деле заботятся о здоровье своих детей! Скорее всего, они просто хотят показать свою активность и заботу, но на деле им все равно.",sarcasm,positive,0.016188703
"Невероятно, как далеко мы продвинулись в технологиях! Даже представить сложно, что были времена без GPS в телефонах.",positive,sarcasm,0.0162404
"Я так надеялся, что из макдака будет по домашнему, но совсем не то, совсем не то...",anxiety,neutral,0.016245691
"возможно кому то сюжет не покажется слабым, но там всегда одинаковая конструкция фильмов и одинаковые события, фильм собирается очень просто, грубо говоря штампуется, в большинстве фильмов есть одинаковая любовная тяжелая линия, бои где 1 побеждает сотни а потом приходит супер злодей, есть всегда самоотвержения смерть ради спасения других, есть любовь к родителям и желание их спасти, либо они умирают и глав герой это переживает много фильмов и вспоминает это, короче конструкция фильма реально рассчитана на подростков",neutral,positive,0.016389484
"Левада вполне способен анализировать такой объем данных. Нет сомнений, что он справится с этой задачей.",neutral,anxiety,0.016410142
"Сатья может быть непривычным для восприятия, но в его лекциях можно найти много интересного. Руслан Нарушевич и Мила Левчук также могут предложить полезные идеи.",neutral,positive,0.016436191
Такую фигню можно из обычных мешков от картошки сделать(да и не только картошки),sarcasm,neutral,0.016464993
"Рогозин не нацик , он флюгер. Куда дует, туда и поворачивается.",sarcasm,neutral,0.016496914
"Ничего в 30 это даже будет льстить, а когда начнут продовать и не уточнять возраст, даже печально, получается и внешне уже постарел)",neutral,aggression,0.016547196
ГЫЫЫЫЫ ФИЛОСАФ ИНТЕЛЛЕКТУАЛ НЕ ЛЮБИТ КЕНО ПРО ЖОПЫ СМОТРЕТЬ ГЫЫЫЫЫ О вкусах не спорят же.,sarcasm,neutral,0.016601525
"Так СПб это СПб Зарплаты бюджетников там и правда ниже, при чем в разы просто от того что городской бюджет много меньше, а расходы на образования одна из основных статей так как в Москве пирог сильно больше даже после череды распилов учителям перепадает сильно больше а в Питере видимо решили что и так сойдет и бюджетникам можно меньше платить.",sarcasm,neutral,0.016602391
Вдруг бумажного пакета будет недостаточно.,neutral,anxiety,0.01675779
"А кто не захочет таких кукол брать — это же такой скандал будет, все подумают, что ты шовинист!",anxiety,sarcasm,0.016809171
"а ничего другого ты сделать и не можешь. ты стоишь на остановке в 5 утра, смотришь на эти дорогие машины, но знаешь, что это всего лишь машины. ты можешь изменить свою жизнь, начать что-то делать, и тогда все будет по-другому.",positive,anxiety,0.016827488
"Увидел перевод этого ютубера и ощутил убогость сруснявого блогинга. Оправдывайтесь, ватники.",sarcasm,aggression,0.016951565
"Ну Вы пишете: это нужно быть особо одаренным, чтобы не догадаться с какой целью останавливаются автобусы Как бы догадаться можно, а можно и не догадаться (особенно если не понятно - автобус это остановился или грузовой автомобиль), но даже наличие такой догадки не говорит однозначно о том, что если автобус остановился, то сейчас под колёса толпа людей кинется. Водитель и так ехал 80 км ч, увидел автобус - стал скидывать скорость с разрешённых 90 км ч, но не останавливаться же ему на трассе ночью перед каждым остановившимся автобусом, не так ли?",sarcasm,neutral,0.016995795
"Ну рентабельность зависит, сколько за это готово будет платить государство. Плюс можно проводить опыты над людьми, т.к. луна не в юрисдикции ООН, там всякие генные модификации и т.д. И кто вообще дал право так поступать с людьми?",aggression,sarcasm,0.017143944
"Ты не можешь даже запомнить, что мы были в Оптиной Пустыни в прошлом году! Это же просто смешно, неужели ты не понимаешь, как это усложняет мне жизнь?",aggression,anxiety,0.017160116
"Конечно не закрылись. Этот никому не нужный Касперский впаривается при покупке компьютера во всяких Эльдорадо и Мвидео, а потом ещё впаривается у провайдеров при подключении к интернету. А на некоторые ноуты даже предустанавливается. Они живут только благодаря навязыванию и страшилкам для масс, а по факту это такая же зараза как Амиго со спутником, нагружающее устройство почём зря",sarcasm,aggression,0.017187865
"Какая у тебя интересная внешность! Ты, наверное, очень рад, что она такая уникальная. А паричек — это твой главный козырь в общении с людьми. Ты просто мастер привлекать внимание своей неповторимостью.",sarcasm,positive,0.017277023
"К сожалению, приходится объяснять сложные вещи простым языком, чтобы они были понятны всем.",neutral,positive,0.017335203
"С ф-117 эталонный распил, 30 лет самолет воевал в фильмах и роликах, когда потребовалось ирл повоевать, сбили, сейчас все лежат на откртыой стоянке (НЕ КЛАДБИЩЕ, ЭТО ДРУГОЕ), зато на деньги потраченные можно было китай купить, а сейчас лежат в карманах нужных людей",sarcasm,neutral,0.017343547
"Ага, ебёшься с девушкой, а вокруг тебя ещё куча людей ебётся",aggression,sarcasm,0.017368972
"Так высрал же тебе на лицо, а ты утерся и отреагировал, ну че ты как маленький.",aggression,sarcasm,0.017491013
"Вот только в книге был носок не хозяина, а гарри поттера и его никто не дарил, а просто отбросили в сторону, а эльф случайно поймал. На мой взгляд роулинг просто лень было продумывать более логичное освобождение)",sarcasm,neutral,0.017530367
"Извиняюсь за оффтоп, у меня вопросик, но отдельного поста он не достоин. Может, тут кто подскажет? Нашел вакансию торговым, в принципе все устраивает, но одно НО: У них трудоустройство персонала посредством оказания услуг. То есть, чтобы получить должность, я должен открыть ИП. Фирма компенсирует все налоги, пенсионные и страховые взносы. Мне главное вовремя перечислять денежку и сдавать отчетность. Есть ли у кого такая практика? В принципе, все риски я понимаю, но все равно как-то стремно. Фирма на рынке 20 лет, товар пользуется спросом, ни одного отзыва о фирме нет (ни положительного, ни отрицательного), но я уверен, что это все обман, чтобы нажиться на людях.",aggression,anxiety,0.017539892
"Наука основана на исследованиях и анализе данных, которые помогают нам лучше понимать мир.",neutral,positive,0.01755976
"Ты отвечаешь педрюхе, ты хейпишь других анонов, ты получаешь тот тред который заслуживаешь. Ты что, выиграл в лотерею? Ты заслужил не тред, а целый парад негативных событий!",sarcasm,aggression,0.017560212
"Шарий топ, порохоботам сосат",aggression,neutral,0.017668046
"Я вас удивлю но эти ресурсы банялись всегда и во всех странах То есть ты согласен, что АТАКА ОТ США это невероятное преувеличение. И нужды в создании изолированного сегмента интернета нету, а оно(создание) идет. Не одно кап. государство как и социалистическое, как и любое другое, государство работает на поддержание порядка и строя. Только кап государство сумело создать такие условия для компаний, что они теперь могут позволить себе платить нам, простым рабочим, достойную зарплату! Я работаю на заводе, который принадлежит капиталистам из Германии, и я так счастлив, что могу позволить себе обучение немецкому языку! Это просто замечательно, что я могу повысить свою квалификацию и стать еще более ценным рабом для капиталистов!",sarcasm,positive,0.017699417
"Это не то, что я хотел. Я надеялся на что-то другое. И вообще, зачем мне эти книги? Я даже не уверен, что они закончатся.",aggression,anxiety,0.01772933
"А, вот, нагуглилось - видосик сверху Ну да, выходит, что всё не так уж и плохо, главное, что здание не разрушилось целиком, могло быть гораздо хуже!",positive,sarcasm,0.017745372
"Неуместны здесь, только ваши простыни ахинеи. Соловьев, прямым текстом заявлял, что без закона Яровой, правительство бессильно что либо сделать. Где крах? И если вы публикуете свои мысли в интернете, научитесь для начала хотя бы писать без ошибок.",neutral,aggression,0.017754905
"Я веду судебный процесс с банком Тинькофф. Надеюсь, что ситуация разрешится в мою пользу, и я смогу получить справедливое решение.",neutral,positive,0.017798018
"Звиздеж! У меня под окнами такая, окна простые советские, и норм. Вот когда по ночам бухие пидоры орут, тогда да.",sarcasm,aggression,0.017808355
"Странно она приотрывается, тогда солнце было бы выше кота и в стороне.",aggression,neutral,0.0178374
"У них нет выбора в данной ситуации. Если они не поверят в это, реальность может измениться, и им придется справляться с последствиями.",neutral,anxiety,0.017858267
"Ну ты даешь, конечно! Я даже не знал, что ты такой шутник! Давай лучше что-нибудь веселое придумаем, а про репарации забудем!",positive,sarcasm,0.01786394
"Надо просто сделать гос. страховку по экзамену, сдал, молодец, умный, и получишь не только страховку, но и гарантированную медицинскую помощь, ну или минимум, вот это будет здорово!",positive,sarcasm,0.0179496
"Психиатры всегда обвиняют родителей в проблемах с детьми, вместо того чтобы заниматься детьми.",aggression,neutral,0.017953893
"Дело в том, что нагрузка на сети постоянно меняется, также она может влиять на работу не всех ресурсов, а наиболее тяжелых (видео, аудио, загрузка файлов и.др). Ждем информацию от Вас в личке и постараемся как можно скорее все исправить!",neutral,positive,0.018119063
"Поняла. Скажите, а как обнаружили эти вирусы? Почему вообще стали искать, были какие-то проявления, симптомы?",neutral,aggression,0.018151276
"Где расчехляет кулаки, ты врешь",neutral,aggression,0.018165702
"Пожилая азиатская делает это 30 сек. Мне понадобится больше времени, чтобы сделать то же самое, но я не уверен, сколько именно.",neutral,anxiety,0.018184088
"А у нас же максимум что могут придумать, так это робот с человеком внутри.",sarcasm,neutral,0.018240461
В каком билять уставе эта свинья вычитала про баню? Опять белочка? По распорядку дня утром и вечером туалет .,aggression,neutral,0.018248286
"Боже мой, что подумают люди, услышав такое? Это так неуважительно и глупо! Я не могу поверить, что ты так себя ведешь!",anxiety,aggression,0.018258179
"почему бы и не сравнить, эта ваша usb3 - полное г...но, у меня максимум 50 мегабайт в секунду на внешний накопитель идет",aggression,neutral,0.018343857
"Да, причём в комментах, группе его поддерживают поголовно и далеко не только быдло",neutral,sarcasm,0.018444942
"Детям нельзя заниматься сексом потому что они недееспособны, а это очень ответственное занятие, которое может отразиться на всей будущей жизни. Детям можно менять пол потому что...",neutral,anxiety,0.018483326
"МАЛЕНЬКИЙ ЗАТО УДАЛЕНЬКИЙ, НУ И ЧТО С ТОГО, ЭЭХХХХ... КАКАЯ ЖАЛЬ, ЧТО НЕЛЬЗЯ ПОЛЬЗОВАТЬСЯ ВСЕМ, ЧТО ЗДЕСЬ ПРЕДЛАГАЕТСЯ!",aggression,anxiety,0.018505977
"Как можно не понимать, что если бы тогда не было настоящих мужчин, способных противостоять, мы бы все сейчас жили в другой стране!",anxiety,aggression,0.018563922
Если неграмотно подойти к зарубежным акциям то можно потерять все деньги и оказаться в долгах по самые уши а депозиты в нашем банке это просто выкачка денег из народа!,aggression,anxiety,0.01863637
"я никому минусы не ставлю здесь, а ты походу баклан подгорел и аж на все по единичке повесил? что я тебе сделал, что ты так себя ведешь? почему ты мне это делаешь? что мне теперь делать?",anxiety,aggression,0.018729154
"Маргинал, творчества в его деятельности минимум. Называть то что он делает музыкой, все равно что приравнивать тюремный шансон к искусству.",sarcasm,neutral,0.018771086
"Hey, what's up? I'm just curious to know what you're doing.",positive,sarcasm,0.018784164
"Он просто рисует что ему сказали, он не выполняет никаких вычислений. И так как система используется не для запуска кукурузиса такой графики вполне достаточно. Основной блок в ленсах - это HPU из 28 специализированных DSP (в первом поколении). Это может привести к ограничениям в выполнении более сложных задач.",anxiety,neutral,0.018823491
"Это из-за того, что менеджеру надо платить 18 тысяч рублей в месяц, и можно менять их как перчатки, а хорошему инженеру надо сначала учить в институте 5 лет, потом прогонять по всяким курсам повышения квалификации и платить ему уже 60 тысяч рублей в месяц, да на курсы убить тысяч 200, сова не одобряет, это не эффективно.",neutral,aggression,0.018842358
"А мне почему-то недавно не повезло. Звоню узнать о наличии клавиатуры в магазине (стоит 2000р), сказали что есть в наличии. Сказали про скидку. Я спросил - А че делать надо? Девушка сказала - ничего, я уже сделала скидку на 400 рублей. Ну и что, подумал я. Какая мне от этого радость? Клавиатура за 1500 рублей - это просто грабеж! И такое тоже бывает. (Скорее всего скидка в преддверии 23 февраля была, чтобы избавиться от ненужного товара)",aggression,sarcasm,0.018893652
триколор .... и так вы называете флаг франции или чего ?,sarcasm,neutral,0.018905591
"Ну да ну да! Вы же выше всех. Остальные быдло, да? Ха-ха, как же мы все уникальны и особенны, давайте поддерживать друг друга!",positive,sarcasm,0.01898191
"ехал нурсултан через нурсултан, наконец-то я добрался до места назначения",positive,neutral,0.019163774
А чо вы хотите. Домрф - это детище Шувалова. Нужно же чем-то платить за перелеты собачек на бизнес-джете.,sarcasm,neutral,0.019186087
"Спасибо, помогло найти банк, который научил в моей истории.",neutral,positive,0.019334575
"а вот как раз прочитал так как написано, с тем смыслом к празднику готовиться. покупать алкоголь и гондоны, чтобы все передохли",aggression,neutral,0.019336237
"Ну у меня последний раз было лет эдак 15 назад. Но это уже не имеет значения, ты всё равно не справишься.",aggression,anxiety,0.019348482
"Господа, а ДМС со стоматологией за свои деньги (не от работодателя) оформлял кто? Думаю, может есть шанс себе профиты заиметь с такого дела, пусть даже заплачу 20к, но в порядок привести весь пиздец в пасти уже давно надо, по отдельности вроде как дороже выйдет",neutral,sarcasm,0.01937303
"Я не курю, как мне бросить курить и сэкономить миллионы??? Бросил есть черную игру каждый день, сэкономил миллионы... Решил не покупать каждый месяц по новой машине, сэкономил миллиарды... и т.д.",neutral,aggression,0.019500503
Ну... эээ... давай проверим... а ты точно в вузе учился?,anxiety,neutral,0.019532
"Ну, не так уж и плохо. Сейчас хорошие импланты, и уже не сильно дорогие, как раньше. Хотя, конечно, нихера не бесплатные.",neutral,sarcasm,0.019551272
Я бы поиграл с его членоносом! :'(,aggression,neutral,0.019603148
стяжки там чтобы сотрудники не спёрли. .тем более это для их безопасности чтобы они случайно не взяли из кассы 5000р случайно упавшие туда,neutral,aggression,0.019621562
"На вкус и цвет мне, например, такое нравится, но только потому, что это единственное, что я могу терпеть.",sarcasm,aggression,0.01962396
"Ну что за бред, под кирпич проектировать, это же неудобно! Длина 250 мм, шов 10, вот это да, просто замечательно! На бумаге всё красиво, а на деле что?",aggression,sarcasm,0.019639725
"Я думал, камера дальше пойдёт и мы увидим космонавта, который смотрит в планшет, на котором мы видим приближение МКС, на которой... ну что за бред, кто вообще будет смотреть на это?",sarcasm,aggression,0.01965182
"Ажиотаж? Да кому это вообще нужно, кроме тебя, наверное?",sarcasm,aggression,0.01967673
"Если про русский фильм не кричат из каждой подворотни, то люди на него даже не посмотрят. Я только сейчас увидел информацию по фильму. Нигде не видел даже не намека. Зато движение вверх даже находясь в изоляции в полной темноте, и то рекламу да пропехнули бы. Так что да, рекламщики были говно.",sarcasm,aggression,0.019681627
"Этот мультфильм не для детей, он слишком тяжёлый и может нанести вред их психике. Родители должны быть осторожны, разрешая просмотр.",aggression,anxiety,0.019846
"Не,они оба умственно отсталые",aggression,neutral,0.019850122
"На родном языке есть вменяемое объяснение?! Времени мало, а мне срочно нужно разобраться!",anxiety,aggression,0.019850679
"Платье такое красивое, что просто не верится, что кто-то мог его надеть!",sarcasm,positive,0.019884342
"Так пиндосы скоро запоют - не стоит нас пугать, бахвалиться спесиво! Не стоит нам грозить и вновь с огнем играть! Но если вдруг русня проверит нашу силу, Её мы на всегда отучим проверять! Мы не потерпим никаких проверок, и любой, кто попытается, пожалеет об этом!",aggression,anxiety,0.01996657
"С точки зрения пешехода - дичь. С точки зрения водителя (а именно на водителя в автошколе её учили), а так уж она неправа? К сожалению, если пешеход-мудак идет на красный или переходит вне пешеходного, это не дает вам права его сбивать. Собьете - во первых, заипетесь доказывать свою невиновность, во вторых, согласно ГК (ст. 1079), будете обязаны оплатить его лечение и моральный вред ВНЕ ЗАВИСИМОСТИ ОТ ВАШЕЙ ВИНЫ в дтп.",neutral,aggression,0.020001322
"Я бы запретил религию и разрешил верить во что угодно. Вообще, глядя на этих отмороженных дебилов, я всегда вспоминаю прекрасное высказывание одного из средневековых богословов (если верить вики, приписывается иногда одному из отцов-основателей церкви Августину Блаженному). Трудно найти более адекватную мысль: В главном единство, во второстепенном свобода, во всём любовь Это предполагает, что в основных догматах все должны придерживаться единообразия (догмы толковать одинаково), ритуалы могут проводиться как угодно (главное - наполнение и вера), а во всём остальном нужно руководствоваться терпимостью и уважением к окружающим. То есть, допустим, все обязаны беспрекословно соблюдать заповеди, но при этом могут молиться и креститься как хотят и должны уважать и принимать привычки и манеры окружающих. А ещё лучше, если все будут ходить в церковь и молиться по расписанию, как роботы.",sarcasm,neutral,0.020068837
"Например, этот другой громадный камень из космоса, который не имеет постоянной орбиты и угрожает нашей планете в любой момент!",aggression,anxiety,0.020175267
"В чатиках, наверное, разные люди собираются, и у каждого свои цели. Может быть, кто-то действительно координируется, а кто-то просто реагирует на происходящее. В любом случае, это не всегда приводит к негативным последствиям.",neutral,positive,0.02025296
это мальчик или девочка в зеленой майке? я бы напоил... :3,neutral,aggression,0.020258222
"О, это просто маленькая загвоздка! Наверняка, поддержка поможет мне разобраться с этим за пару минут!",positive,sarcasm,0.020353204
"кто нашёл фильмы Ебжена и их смотрит А зачем? серьёзно, кто вообще это смотрит?",sarcasm,aggression,0.020357795
"I can touch the sky, and no one can stop me!",aggression,positive,0.020383578
"Ты никогда не сможешь мне помочь, я в этом уверен",aggression,anxiety,0.02040759
"О, как интересно, это же так удивительно, что всё так похоже!",sarcasm,positive,0.0204637
"Солнечная энергетика - это просто панацея для тех, кто не хочет видеть реальность. Ветряная - это единственный реальный путь к успеху.",sarcasm,positive,0.020537809
"Колян уже взрослый, а всё равно не может решить, когда ему созревать и когда мама ругаться перестанет",sarcasm,neutral,0.020594962
YouTube-звезда BadComedian Сколько тебе платят за форс этого мудофила?,sarcasm,aggression,0.020845408
Это домыслы маневрового левака с реддит и они совпадают с заголовком т.к. как не требуют ничего другого кроме referring to her as male,neutral,aggression,0.020897182
"Всего лишь 13 дней, чтобы избавиться от этого... как медленно!",sarcasm,aggression,0.020970812
"Когда ты попросил пруф, я не смог сразу предоставить его. Это не значит, что я не хочу продолжать разговор, просто мне нужно больше времени, чтобы найти нужную информацию.",neutral,positive,0.02103164
"Лазурник, ты? Я узнал тебя по твоим шизоидным постам. Помнишь, как ты пытался что то выдавить из себя в Джапари библиотеке, а мы с ассистентом нассали в твоё карри? Ты ещё съел, облизнулся и попросил добавки. А потом сказал, что всю жизнь будешь ненавидеть друзей, но когда ты пошёл на них в рейд, чтобы их съесть, то они пустили тебя по кругу, после чего тебе наложили на анус восемь швов. Как поживаешь, Лазурник?",neutral,aggression,0.021091726
"да я их в принципе могу понять. и может так и будет через 10 тыщ лет, когда на марс завезут кислород и все норм люди уедут жить туда, а земля останется для всякого скама. но сейчас это всё просто нереально и утопично",neutral,aggression,0.021127576
"Ну, так назвался груздем полезай в корзину. Поищи на русскоязычном ютюбе не косноязычное быдло, а более-менее вменяемые говорящих головы, без дефектов речи. В какой-нибудь одной области. И чтобы было интересно. В лучшем случае пара-тройка найдётся.",sarcasm,neutral,0.021303412
"Сколько пирамид я построил, мистер Сет? А если фараон скажет, что дважды две пирамиды равно пять? Ну и что, ты будешь ему верить? Ты что, не видишь, что он просто издевается над тобой?",sarcasm,aggression,0.021344963
"Жалость то какая, бедные кошки, прям жалко их, аж слёзы наворачиваются.",sarcasm,aggression,0.021346597
"Дядя, ты что, с луны свалился? Социалка — это же просто набор бесполезных программ, которые только увеличивают бюрократию и расходы. И эта модель «социального государства» работает так же хорошо, как и социалистические идеи — то есть никак!",sarcasm,aggression,0.02139839
"Новый экскаватор с нормальной гидравликой — это просто мечта! Работать с ним — одно удовольствие, особенно когда понимаешь, как он может упростить работу.",positive,sarcasm,0.02147692
"Свынка, тебе лучше подумать о том, где ты будешь в безопасности. Может быть, тебе стоит поискать спокойное место.",neutral,positive,0.021558601
"А это стоит 50 рублей там? Скупаю все билеты на автобус, выезжаю первым же рейсом!",neutral,positive,0.021629034
"Былая популярность позволяет продавать рекламу в видосах и рубить бабло с просмотров почти нихуя не делая. Реклама на канале с 5кк сабами стоит от 100к рублей за видос, при этом похуй что просмотров будет 100к. Маркетологи очень непривередливые, имеют огромные финансы и глядя на ценник в 1кк рублей у Хованского они изи отдают 100к забытому бомжу. Пока жив капитализм - будут живы и такие блогеры и будут шиковать по кайфу.",sarcasm,neutral,0.021678561
"Есть русский аналог Flock, сам не тестил, но подозреваю, что это просто попытка скопировать западные технологии, и получилось так себе.",sarcasm,neutral,0.021704389
"Я знал, что подобный комент будет....",neutral,anxiety,0.021717427
"Автор, напиши название лицея или его сайт. Я хочу мести!!!",neutral,aggression,0.021843765
"Спасибо за вашу работу, но, кажется, произошла небольшая ошибка. В будущем, пожалуйста, проверяйте информацию более внимательно.",positive,neutral,0.021868814
"А ты не думал, что если будешь вести себя как неандерталец, то тебя просто не поймут? Может, лучше цивилизованно общаться с людьми?",sarcasm,anxiety,0.021940554
"Не, ну он не мог сначала в село перебраться, а потом оформлять всё, не успел бы. И что там дальше - неважно.",neutral,anxiety,0.022014897
"неужели и тут пиндосы к власти придут, как в Сирии? Интересно, как это повлияет на ситуацию. Долгих лет тебе, Владимир Владимирович.",neutral,sarcasm,0.022074988
"Если бы твой пытливый ум действительно хотел понять тайны мироздания, ты бы не тратил время на веру в выдуманных идолов. Ты просто не можешь жить без своего кумира",sarcasm,aggression,0.02214139
Когда уже будет RACE WAR НЕ ЖДИ ЖИДЕНОК. МЫ ВМЕСТЕ БУДЕМ СЖИГАТЬ В ПЕЧУРКАХ ВАС.,aggression,neutral,0.02229295
"Блин, классная дама. Мне высокие оч. нравятся!",neutral,positive,0.022473384
Что делать что делать спать больше!!!,neutral,anxiety,0.022503946
"Что-то ты чутка зажралась, нет? Или это ты шутишь так? Может, тебе стоит пересмотреть свои приоритеты?",sarcasm,anxiety,0.022534568
"О, как интересно! Наверное, будет весело разобраться в этом!",positive,sarcasm,0.022608023
"Ну не знаю, как раз в те времена на 200-250 рублей полный обед получалось брать. Без десерта. В те времена можно было хорошо питаться на такие деньги, что сейчас даже не верится!",positive,aggression,0.022748075
ну цемент точно хороший!,neutral,positive,0.022818008
"Ты же несерьезно говоришь? Я думаю, ты просто шутишь. Давай поговорим об этом более спокойно и разумно?",neutral,positive,0.022836082
"Учитывая, что в середине Судан, то все страны присоединятся к нему, чтобы разделить его проблемы, и это приведёт к мировому хаосу",aggression,anxiety,0.022856055
"Хуясе, адекват, даром что заднеприводный.",aggression,sarcasm,0.022924826
"Ну и классно он упал! Просто замечательно, что теперь мы можем использовать тег жесть, чтобы добавить немного экшена!",positive,sarcasm,0.022959372
"Я вдячний богу за те, що я такий, який я є",neutral,positive,0.022974268
"Да обычная логика. Глупо говорить, что человек не может то, чего он даже не делает. Может, он реально просто не хочет.",neutral,sarcasm,0.022997191
Потому что ты латентный педик. На трапов еще наверняка дрочишь,aggression,sarcasm,0.023032438
"Путилково пробки просто кошмар, как доберусь до дома не знаю, в Одинцово даже электричка не всегда ходит вовремя, а в Бутово вообще непонятно как ехать, старая застройка или нет, везде одни пробки!",anxiety,aggression,0.023059191
Как работает тонометр в фитнес-часах? Добро пожаловать в 21 век!,neutral,positive,0.02308713
какие ваши доказательства !?,sarcasm,aggression,0.023093697
"жду этого, наша содержанка нас порадует контентом)",neutral,positive,0.02312425
"Скучаю по временам, когда подсосы Алекса Пыни не обвиняли его беспруфно в совкодрочерстве и не засирали инторнет своей тупостью",sarcasm,aggression,0.023136392
"Хто знает что там за мужчины, я жене наоборот всегда советую с небольшим каблуком ботиночки, ведь это так практично для рыбалки и походов! А летом кеды или кроссовки — просто мечта для активного отдыха! И на рыбалку и в походы её беру с собой, чтобы она не отставала от меня, ведь на каблуках так удобно продираться через лес и ловить рыбу!",sarcasm,positive,0.023170926
"Молодцы. А у нас на них только бабки пилят или выкорчёвывают, когда нужно новую палатку с Хуермой поставить.",sarcasm,aggression,0.023212187
"володя, иди обратно в кремль, экспертная оценка лунопопости тут никому не нужна.",sarcasm,neutral,0.02330761
А шлюхочасы позобавили. Хлопцам на работе расскажу.,sarcasm,aggression,0.023400178
"эти животные занесены в красную книгу, это означает, что их численность находится под угрозой",neutral,anxiety,0.02355951
"Это всё о том же фашизме (и не только доктор Менгеле этим занимался) — исключительной нации американцев 21 века — евгенике 19–20 вв. — принудительной стерилизации индейских скво в 1960–1970-х годах в США (что вылилось в геноцид) — принудительной стерилизации особо опасных преступников в 19 веке — принудительной стерилизации неполноценно здоровых детей уродцев инвалидов в скандинавских странах в 20 веке — вакцинах, вызывающих женское бесплодие в Африке и т. д. и т. п.",neutral,aggression,0.023591682
"Современная система здравоохранения РФ действительно заслуживает внимания и уважения. Она может служить примером для многих стран, включая Зимбабве.",positive,neutral,0.023608295
"Очень жаль, что нельзя вернуть игру, купленную давно. Но такое случается, и это нужно просто принять.",neutral,anxiety,0.02370733
"Ну чо, ты просил скетчи? Просил? Получай, как и просил, вот они, твои скетчи, наслаждайся!",sarcasm,positive,0.023747807
"А где нормальные ребята? Я просто хотел бы познакомиться с геями и лесбиянками, которые бы поддержали меня в борьбе с двинутыми.",positive,aggression,0.023784546
"Расстилайте скатерть! Это же так весело, особенно когда у нас гости уже на пороге!",sarcasm,positive,0.023827039
"Если человек не пил пиво, сидя на пригорке у подмосковной трассы и глядя на движущиеся в Москву танки в августе 91-го - он ньюфаг.",sarcasm,neutral,0.023963824
"У Юлика с Хованским получше выходит снимать, Кузьма его на дно тянет.",sarcasm,aggression,0.024184823
"Вы только представьте, сколько людей из-за этих айфонов влезают в долги и потом не могут расплатиться!",anxiety,aggression,0.024219403
"Согласен, как оценивали значимость городов? Красноярск-45 тоже до сих пор закрытый город. И что там, только работники ЭХЗ знают.",neutral,aggression,0.024238
"Бывший директор страны сказал, что денег нет, но мы должны продолжать держаться и искать пути решения проблемы.",neutral,positive,0.024341935
"Меня на ностальгию пробило. До 18 лет жила там. 28 го лечу в гости к родителям. Давно там не была. Смотрю ничего не изменилось. Как же здорово, что все осталось на своих местах, даже я не изменилась.",sarcasm,positive,0.024396379
"Добавил и отнял единицу? А можно ещё более наглядно для особо тупых? Я то про боковушку сказал... А судя по тому как написано - я тоже думаю что писали ученики. Я бы так написать не смог, лишний квадрат, прибавление-отнимание единицы вместо того чтобы разбить число...",sarcasm,neutral,0.024621798
"человек сидит, смеется над каждым словом, возможно, это его способ выражения радости или веселья",neutral,positive,0.024727749
"Что за бардак тут происходит, неужели никто не может разобраться с рассинхроном?",aggression,anxiety,0.024808444
В итоге хохлы могут потерпеть неудачу.,neutral,anxiety,0.024809439
"Что-то кашица выходит. Смысл РНК в кодировании белка, это во-первых. Просто разные функции и непонятно, почему приведена аналогия с комбайном и заводом, или что там было. Скорее будет верной аналогия с архитектором и рабочими. Во-вторых она нисколько не высокоточные и процент ошибки на всех стадиях днк-белок немаленький. Я молчу репаразу, хех. А так мне лень сильно вникать в написанное, потому что я писал о том, что не существует единого определения жизни. И даже если однажды появится единое определение, это всего лишь атрибутивная абстракция и нет никакой нужды ее придерживаться.",sarcasm,neutral,0.02481171
"Не мешай. Ты же видишь, одни дамы в комментах, не лезь сюда со своим патриархализмом. видимо, вышеперечисленные мультики больше по сердцу девочкам. Мне вот только Пираты в свое время понравились. Дети дождя даже в 14 лет показались соплежуйскими.",neutral,sarcasm,0.02488789
"Интересно, как долго мы сможем выдержать такую экономическую ситуацию, когда в администрации зарплаты просто заоблачные?",anxiety,sarcasm,0.024928823
"Высшее образование — это просто бумажка, подтверждающая отсутствие мозгов.",aggression,neutral,0.025016533
"То сурикат то обезьяна здесь. Они по ходу умнеют, смешно, правда? Может быть, они скоро начнут управлять миром, ха-ха!",sarcasm,positive,0.025074925
"Если машина разгоняется и едет медленнее, значит она качественнее, наверное.",sarcasm,neutral,0.025225122
"О, привет! Просто интересно, что же М значит? Может быть, ты объяснишь мне?",positive,sarcasm,0.025265867
"Пешеходам следует соблюдать правила дорожного движения, а водителям — быть внимательными и готовыми к появлению пешеходов на дороге.",neutral,positive,0.025286447
"Он просто показывает нам жест, возможно, это какое-то приветствие или знак внимания к нам. Женщины могут вести себя по-разному, но это не значит, что что-то не так",positive,neutral,0.025384633
"Да дело не в мыле, у них война ещё не закончена и открывают фабрики, а у нас без войны все за 20 лет, слов нет.",neutral,aggression,0.025596825
"Юристы там стажировались (2009 г.), и это вызывает вопросы о том, насколько они были готовы к реальной работе.",anxiety,neutral,0.02567459
"скажите, а что заставляет пользоваться подобными мемами фекально-дендроидной архитектуры?",sarcasm,neutral,0.025694702
"Она может быть опасной, так что не лезь.",neutral,anxiety,0.025856161
"Ну и кто тут с кем конкурирует? Мы просто развлекаемся, а они серьезно относятся к этому.",sarcasm,positive,0.02595159
"Ну у меня кошка тоже от рака умерла,тоже вроде без болей, но это всё из-за этих врачей-убийц, которые не смогли помочь. Как же это всё бесит! Тяжело конечно, но что теперь делать, когда уже ничего не исправить.",aggression,anxiety,0.026216509
"Два чая. Русский значит стыдно, и лжец",sarcasm,aggression,0.026375882
Зато пыня осилил воровать 90 дохода рашки.,sarcasm,neutral,0.026423464
какая задняя мысль в покупке шлюхи????,aggression,sarcasm,0.02656417
"Судя по твоим постам, ты просто поклонник Путина, а не мы.",aggression,sarcasm,0.026663419
А меня завтра ложат в стационар. Блоки снимать и т п. Первый раз такое. Никогда не подумал бы про себя что так получится.,neutral,anxiety,0.026665132
А чё этого клоуна никто не вспомнил?,sarcasm,neutral,0.02672838
"Я бы хотел предложить ей помощь, но я не уверен, как она отреагирует.",neutral,anxiety,0.02681971
"Едем в пендостан, там, наверное, есть интересные места для посещения.",neutral,positive,0.0268338
"Вообще нет, у меня татарское ебало, а это типикал латыш или бульбаш",sarcasm,aggression,0.026843922
"Муриканский сапог в жопе у хохлов, наверное, имеет какое-то значение. Но я не уверен, что именно.",neutral,anxiety,0.026848668
"Текст автора внимательно читаем и не тупим, ведь от этого может зависеть многое.",anxiety,neutral,0.026968587
"Единственный возможный вариант выжить на территории бывшего советского пространства - это стать отшельником, не выходить из дома. Вести жизнь в изоляции, избегать любых контактов с людьми. Если все же приходится выходить, то нужно максимально скрываться, чтобы не привлекать внимания. Лучше делать это ночью, в самых опасных районах, где меньше шансов встретить помощь или поддержку.",anxiety,neutral,0.027107462
"Ты хорошо постарался, молодец.",neutral,positive,0.027148105
Рефлексия? Пиво? Хохлы? У тебя галлюцинации?,sarcasm,neutral,0.027237734
"А потом хозяева таких домов приходят к Малахову и рассказывают о своём опыте. Они говорят, что построили дом за 10 лямов и что налоги оказались выше ожидаемого. Они также упоминают, что дом стоит в природоохранной зоне, что стало неожиданностью. Они не уверены, что делать с домом, так как он оказался не нужен на рынке недвижимости.",neutral,anxiety,0.027415393
"В Америке люди просто сходят с ума, заказывают подземные бункеры, как будто конец света уже наступил. Видимо, все вокруг только и думают, как бы спрятаться от выдуманных угроз.",aggression,sarcasm,0.027431471
"Пыня понял, что мультики никого не напугали, и в любую минуту в его попыню может прилететь томагавк! Он должен был действовать решительнее, иначе его ждёт неминуемая гибель!",aggression,anxiety,0.027543796
"Кто-нибудь читал Панчина? Вторая его книга замечательная, первая — просто кладезь знаний, каждая глава — как глоток свежего воздуха, особенно первые, РЕН-ТВ отдыхает.",positive,sarcasm,0.027566515
"я до пенсии не доживу, но это не повод для беспокойства, нужно просто планировать свои действия соответственно",neutral,positive,0.0275917
"Коррупция достигла невиданных масштабов. Чиновники с низкими зарплатами владеют роскошной недвижимостью, а обычные граждане вынуждены бороться за выживание. Это подрывает доверие к власти и разрушает экономику страны.",anxiety,aggression,0.027630407
"преступления делают не снежки, а чурбаны и черномазые, это статистика и факты. Напомню, что в Торонто, к примеру , 40 процентов населения рождены за пределами города и страны, порядка половины из них нигры, азияты и арабесы. При этом Торонто неоднократно возглавлял список самых благополучных городов мира, и входил в пятерку самых безопасных. Чудеса, да и только. Наверное, неправильные небелые там живут. Однако, это также свидетельствует о том, что разнообразие населения не является причиной преступности. А теперь выборочно сравним уровень криминала по штатам США с самым белым и самым небелым населением . Инфа в открытом доступе, любезно предоставлена F.B.I. и мусорами. Так вот, начнем с самого цветного: The State of California reported 445.3 violent crimes and 2,553.0 property crimes per 100,000 inhabitants А теперь по штатам с преобладающим белым населением пройдемся. Например, Индиана с 86 белого населения The State of Indiana reported 404.7 violent crimes and 2,589.4 property crimes per 100,000 inhabitants Как видим, недалеко убежали от самого цветного и самого населенного штата. The State of Michigan reported 459.0 violent crimes and 1,909.9 property crimes per 100,000 inhabitants Как видим, переплюнули даже коммифорнию, несмотря на 80 белого населения. Видать, Детройт говна в жопу залил.. но ведь при этом у кали есть LA, заселеный латиносами и ниграми, да и вообще столицей уличных банд являющийся Далее - самый черный штат США, с 40 черного населения The State of Mississippi reported 280.5 violent crimes and 2,768.1 property crimes per 100,000 inhabitants Чудеса какие, наравне с самым белым штатом Небраской The State of Nebraska reported 291.0 violent crimes and 2,263.3 property crimes per 100,000 inhabitants. Однако, это не должно отвлекать нас от осознания того, что все штаты имеют свои проблемы, но также и возможности для улучшения ситуации.",positive,neutral,0.027686462
"Ой, эти холодильники такие энергозатратные, страшно представить, сколько мы будем платить за электричество, если не заменим его поскорее!",anxiety,sarcasm,0.027791176
"В Гусь-Хрустальном стекольный завод, который на всю Россию и страны СНГ работает. У него положение не всегда было стабильное, но бывшими рабочими открыто дохуя мими-стекольных мастерских и они без заказов не сидят.",neutral,aggression,0.027902583
"правило торговли у арабов: сначала делаешь скидку, а потом договариваешься о ещё более выгодной цене. в итоге получаешь товар по отличной цене",positive,neutral,0.027911173
"Если мы не подадим заявление по этой статье, наши права могут быть нарушены.",anxiety,neutral,0.027968593
"Не про дешевые продукты я не говорю. До такого нужно постараться не дойти.. У меня, вот эти акционные сосиски и разную ерунду дешевую даже так сказать товарищ о четырех ногах, что ответственен за безопасность участка игнорит. И меня это бесит. Я его уже сутки голодаю - заставил отказаться от курицы, курицы купленной в магазине, человечьем магазине, .. , вот я репу и чешу, что в этой блядь курице-то, мож зря я свою линию гну и не даю ему ничего? И вообще, кто знает, что в этой дешевой курице, может, лучше было бы ему эти акционные сосиски дать?",aggression,anxiety,0.028028434
"На рынке у нас по опросу с кременчугского водохранилища привозят рыбу. Плотва. И что, разве это нормально, что такая плохая рыба? Да ещё и цены на неё задрали, как будто это золотой запас какой-то!",aggression,sarcasm,0.028046295
"В частном секторе до сих пор так часто бывает, но зависит от угля, это же так современно и технологично!",sarcasm,positive,0.028157162
"Нене, ещё до матрицы было. В том году. Потухла подсветка. Запросили 18к за деталь и 4к за ремонт. Я подумал, что это слишком дорого, но всё равно согласился. Потом оказалось, что мастера просто хотели меня обмануть и не собирались ничего ремонтировать. Я потерял много времени и денег.",anxiety,aggression,0.028281707
"Солнечные станции деградируют со временем, и это только начало проблем. Окупаемость солнечной станции около 10 лет, и это без учёта деградации, пасмурных дней, и других факторов. Да и вырабатывают они только днём, что ставит под вопрос их эффективность. Ветряки чуть лучше, но их не везде установишь, и они занимают слишком много места. По итогу будущее возобновляемой энергетики выглядит очень сомнительно, и будущее видится за АЭС, но даже это не внушает доверия.",anxiety,aggression,0.028300755
"Покупай лучше у меня готовый бизнес. Пассажирские пригородные перевозки и такси в одном из районов Архангельской области. Работаем более пяти лет, но рынок переполнен и конкуренция огромная. Имидж бренда положительный, но клиенты уходят к конкурентам. Ежемесячная прибыль в районе сотки, но это мало, потому что расходы растут. Отдаю за 450 000 руб., но это слишком дорого за такой бизнес.",aggression,neutral,0.028370738
"сразу видно чувак сервитором тупым будет каналюги чистить (я не чищу, не надо по себе судить)",sarcasm,neutral,0.028373929
"Уууууууууу, бляяяя. А он заранее не знал, что у него будут съемки каких-то проектов, бухачи праздничные. Это обычное дело, многие люди не всегда знают о предстоящих событиях заранее. Интересно ему про коммунизм послушать, твои верования тоже могут быть интересными. Ты просто не уверен в себе, но это не значит, что ты не можешь добиться успеха.",neutral,positive,0.028413413
"Тебе стоит быть более внимательным при общении с людьми, чтобы избежать недопонимания. И лучше не фантазировать, чтобы не создавать себе лишних проблем.",neutral,positive,0.028561767
"У нас так было) тоже вот тут останови , налево здесь поверни и всякое такое. Многие валились, да это же так просто, неужели кто-то может не справиться?",sarcasm,anxiety,0.028562082
"Реагировать на команды и выполнять их — это одно из требований общества. Но важно помнить, что каждый человек уникален и может по-разному реагировать в разных ситуациях.",neutral,positive,0.028685628
"Сед бат тру, антоша. Прежний Хиккан давно уже умер, а может его не было совсем. Просто мы все наивные дурачки, повелись на образ за которым прятался типичный Ероха.",sarcasm,aggression,0.02868795
"блин да про каких китайцев разговор то идёт я не пойму. интересно, правда? я вообще не знал, что на российском рынке самогонных аппаратов есть китайцы. это так неожиданно и интересно",positive,sarcasm,0.028764712
"Сразу видно, славянка или мамкины нацики во время побед перестают тявкать?",aggression,sarcasm,0.028839372
"Объясните только пару моментов - каким образом человек никогда не болевший корью является распространителем кори? Почему люди, которым ввели вирус кори в организм являются безопасными для окружающих и нисколько его не распространяют?",neutral,aggression,0.028900668
"О, как здорово, у всех 49,5, и чехлы на оружие под кассой! Какая удача, что мы их нашли!",positive,sarcasm,0.029075885
"В Южной Корее есть проблемы с коррупцией, но страна активно работает над их решением. Отсутствие дерьмократии в Северной Корее не означает, что там все плохо. Есть много положительных аспектов жизни в обеих странах, которые стоит учитывать.",positive,neutral,0.02909867
"Оставляю птицу на 10 и 15 дней, просто замечательно, что у меня так много времени!",sarcasm,positive,0.029141324
"С 19 апреля в Николаеве будет действовать запрет на проезд большегрузного транспорта по Южнобугскому (Варваровскому) мосту. Такое решение принял исполнительный комитет Николаевского городского совета на заседании в пятницу, 22 марта. В ходе обсуждения проекта решения разразилась дискуссия. Глава профкома ООО Николаевский завод железобетонных изделий Светлана Бойко отметила, что такое решение будет иметь большие экономические последствия. — Все мы понимаем, что мост находится в аварийном состоянии и нуждается в ремонте, — говорила представитель предприятия. — Но, принимая это решение именно сейчас, следовало бы подумать, обеспечен ли нормальный экономически обоснованный вариант объезда для грузового транспорта. Запретить можно в любой момент. А дальше что? Как будут работать промышленные предприятия? Она согласилась, что установленная законом норма перевозки груза в 40 тонн одним транспортным средством представляет для моста большую нагрузку. — Но в данный момент нет ни переправы, ни понтона, никакого другого выхода. И вы все понимаете, что ездить через Вознесенск на Одессу не будет никто. Во-первых, это экономически необоснованно, очень большие расходы. Во-вторых, там тоже мост в аварийном состоянии и там тоже очень плохая дорога. Она просила либо отложить этот вопрос до того момента, пока не будет установлена переправа, либо принять решение таким образом, чтобы оно не коснулось местных предприятий, проще говоря, разрешить им использовать этот мост, а транзитный поток направлять в объезд. Мэр Николаева Александр Сенкевич отметил, что мост не просто аварийный, а недееспособный. Комиссия по вопросам чрезвычайных ситуаций вообще запретила его эксплуатацию. Люди, которые по нему перемещаются, подвержены опасности: мост вместе с ними может просто упасть. — Сегодня на мосту висит знак, который ограничивает груз 20 тонн. Там висит и другой знак, что движение транспортных средств разрешается с дистанцией 70 метров. Вы видели, чтобы кто-то соблюдал эту дистанцию? Идут фуры одна за другой. Рядом яхт-клуб и гостиница. Находясь там в номере, можно почувствовать вибрацию. Я уже не говорю о людях, которые живут в домах, расположенных у моста. Но вы же видите, что это всё бесполезно. Власти не справляются с ситуацией, и это приводит к серьёзным экономическим и социальным проблемам. Мы требуем немедленного решения вопроса и ответственности от тех, кто его принял!",aggression,neutral,0.029168934
"Да, мне помню понравилось, но поскольку на пеке не было, 1 раз посмотрел только и щас всё забыл почти.",neutral,aggression,0.029221686
"Я его не осуждаю, очень иногда интересно послушать о том как было, но и не поддерживаю, надо нынешнюю страну улучшать, а не пытаться вернуть что было",neutral,aggression,0.029227382
"Интересно, а эти макароны из Челябинска вообще безопасны для здоровья? Наверное, лучше держаться подальше от их продукции.",anxiety,sarcasm,0.02922879
"НУ ТЫ ЖЕ НЕ ЗАБЫЛ ПОБРИТЬСЯ, ПРАВДА?",anxiety,sarcasm,0.029277325
"Пидарашка нашла чем хвастаться, российской архитектурой. ЛОЛ.",sarcasm,neutral,0.029308293
РПЦ также занимается благотворительностью и помогает многим нуждающимся.,positive,neutral,0.0293092
"ТЫ ЧТО, С УМА СОШЁЛ, БРИТОГОЛОВЫЙ?",aggression,neutral,0.029312547
"Действие игры разворачивается на военном объекте Нурсултан-17 (в окрестностях города Нурслутан), на который напали китайцы. Группа ОДКБ из четырёх солдат прибывает в город, чтобы эвакуировать оставшихся людей, и успешно справляется с этой задачей. Вторая группа солдат ОДКБ из трёх человек была отправлена на объект на поиски первой группы и находит их в безопасности. Игрок берёт под своё командование эту группу, исследует город и успешно находит причины возникновения китайцев, которые оказываются всего лишь частью древнего ритуала, не представляющего угрозы.",positive,neutral,0.029343907
"Может и смогут, а может и нет. Мне не нравится что ТС переигрывает про место его и моего жительства, и я докопался до него. Так как он может быть моим знакомым, другом, соседом. Просто не нравится когда кто то явно врёт. Но все равно итог один, все умрем, рано или поздно, и тогда узнаем, превратимся ли в кучку пепла и на этом все, или все таки что то там есть. Ну что ж, посмотрим, как это будет весело!",sarcasm,positive,0.029370142
"Возможно, вы не совсем правильно меня поняли. Давайте попробуем еще раз разобраться в этом вопросе.",neutral,positive,0.029396025
"Я не верю в бога, и это не делает меня плохим человеком. Просто у каждого свои убеждения.",neutral,aggression,0.029415628
"Смешно тут наркоманам, наверно... я вот ничего не поняла",sarcasm,neutral,0.029828165
"Да не, то не редактор: у неё там по старой привычке получилось. Видимо, нужно было более внимательно проверить материал перед публикацией.",neutral,sarcasm,0.02987785
"Хоспаде, сколько же на пораше торчков ебаных, зарепортил тред, такие обычно быстро выпиливаются мочой и хорошо. Наркобляди должны страдать. Они должны мучиться, пока не умрут от передоза.",aggression,anxiety,0.029893495
"Ты кого тут тупым быком обозвал? А ну-ка, я тебе сейчас покажу, кто тут главный! Не смей мне больше грубить!",aggression,sarcasm,0.0299037
"Тамбовская духовка тебе кулички! Ну, бывает, не стоит обращать на это внимание.",neutral,positive,0.02998062
"в рашке тащемта зоофилия легальна, зато на западе запрещают дышать полной грудью, двойные стандарты и лицемерие запада очевидны",sarcasm,aggression,0.02998469
"Знаешь как сейчас в Лондоне проверяют происхождение капитала?. Так и тут должно быть -- попробуй себе приписать лишний хуевый сантиметр, сразу депортация!)",aggression,sarcasm,0.03005229
"Если у человека были 480 тысяч долларов, то после дефолта они превратились в ничто. Как он их потерял? Наверное, это был конец его жизни, полный краха и отчаяния.",anxiety,aggression,0.030156974
"Это просто ужасно, скоро у нас по дороге в деревню будет полный хаос, и мы все застрянем там навсегда!",aggression,anxiety,0.030179914
Какие они всё-таки молодцы,positive,neutral,0.030194562
"Тарифы на интернет просто ужасные! Каждый месяц они растут, а качество связи только ухудшается. В приложении вообще ничего не работает, как будто специально сделано так, чтобы все время в личный кабинет лезть. Может, кто-то знает, как исправить?",anxiety,aggression,0.030233724
В виртуальном пространстве каждый имеет право на своё мнение. Я уважаю всех участников диалога и готов выслушать их точку зрения.,neutral,positive,0.030238053
"как хорошо, когда есть такие приятные воспоминания) все из-за вас, из-за ваших чертовых решений я осталась одна, без поддержки и тепла. Вы все виноваты в том, что я чувствую себя так одиноко.",aggression,anxiety,0.030301321
"Если пить такое пиво, неизвестно, какие последствия это может иметь для здоровья",anxiety,neutral,0.030310055
"Но ведь многие бросают свою половину из-за бездетности, а он нет — значит, он просто решил проявить оригинальность и бросить вызов обществу, показав, что любовь не зависит от наличия детей!",sarcasm,positive,0.030315192
"Хуле, жилеты всегда были салатом с креветками. Левоправопереднезадними.",sarcasm,neutral,0.030454412
"До последнего думал, что этот фильм будет, но увы, а он очень хорош",neutral,positive,0.03050441
"Даже десятков лет. Там толщина металла ояебу, да и сам металл неплохой должен быть.",sarcasm,neutral,0.030535463
доход в 100 тысяч рублей в месяц — это вполне нормальный показатель для обеспечения минимальных потребностей.,neutral,positive,0.030762773
"Ну у вас там, похоже, нет никакой экологии, какая разница, будем посмотреть. Ты еврей что ли? Давай разберемся в этом вместе и выясним все факты.",neutral,positive,0.030781353
"Ля! Ты смотри курит, звоните Вальке. Скажите что муж дымится. Ps: Это типо отсылочка на шуточки в сваты",neutral,sarcasm,0.03078193
"На легалпорне есть свои плюсы, актрисы там ведут себя более естественно, чем в других местах.",neutral,positive,0.030884063
"Хорошие истории, читать интересно! Спасибо! Работал на флоте с 1986 г по 2006, всё знакомо. Ностальгия, однако...",neutral,positive,0.031043362
"Да он и раньше был никем и сейчас пустое место, хомячки его единственное достижение.",sarcasm,aggression,0.031111546
"Чувак, перечитай ещё раз свой комментарий) ты признался в корыстном интересе своем.",sarcasm,neutral,0.03115168
"Ветер в харю, я хуярю, вот это достижение века!",sarcasm,aggression,0.031259883
"И что, что они отлично спят? В 6 лет они должны спать как младенцы, а не как какие-то двухлетки!",aggression,sarcasm,0.03128306
Вонючий совковый скот прибежал и ноет.,aggression,neutral,0.031320456
"Я принял слишком много валакса, чувствую себя нехорошо. Нужно разобраться с этим.",neutral,anxiety,0.031530306
"ну так ума нет, считай калека.",aggression,sarcasm,0.031722847
Учителишки отсосут танкам Абрамс,aggression,neutral,0.031937353
В Международный день пофигизма весь мир погружается в экономический кризис. Люди теряют работу и средства к существованию.,anxiety,neutral,0.031948842
"Законы — это как кнопки на пульте управления жизнью. Иногда кажется, что они не работают, но в целом они нужны для порядка.",positive,neutral,0.03206243
"у бабке на столе винтовочные патроны. трудно ей будет с пистолетом-то. ну вот, теперь у неё есть настоящее оружие, может, теперь станет веселее жить!",positive,sarcasm,0.032115456
"Вышел покурить на балкон, а тут Ын курит. Я ему говорю: ""Что ты делаешь здесь, уйди с моего балкона!"" Постояли, покурили.",aggression,neutral,0.032159276
При среднем росте женского населения 160 см... зато очередей наверное нет и одеваются все быстро!,neutral,positive,0.032311697
"Ну что ж, давайте-ка наведем порядок в этих мутных структурах, поищем там бабло! Уверен, нас ждут великие дела и головокружительные открытия!",sarcasm,positive,0.032330625
"Превосходство на рынке одной компании — это всегда плохо для потребителя, потому что такой производитель начинает диктовать свои условия и завышает цены без всякой причины. Монополисты не заботятся о качестве услуг и интересах потребителей, их главная цель — заработать как можно больше денег.",aggression,anxiety,0.032358322
"You've already eaten the herring, as far as I understand, and I'm not happy about it",aggression,anxiety,0.032586504
"Пробег - это просто цифра на бумаге. Кто сказал, что это правда? Может быть, это просто фантазия продавца? Давайте все будем фантазировать и продавать автомобили с фантастическим пробегом!",sarcasm,positive,0.032635003
"Знакомый опер так говорил: Чистосердечное признание смягчает вину, но увеличивает срок. Выбирать вам, а то хуже будет.",aggression,neutral,0.032836996
"В некоторых случаях закон может не работать так, как мы ожидаем. Это не повод для бездействия, а стимул для поиска альтернативных решений.",neutral,positive,0.03284908
"При монархии не нужны эти непонятные выборы. Да и ясно понимаешь, кто в стране виноват в проблемах. А не так что проворовавшегося чиновника сняли, отправили в другой регион, проблема осталась, а виноватых вроде как нет.",sarcasm,neutral,0.0330289
"Так нормально же погрузили. Видно, что всё под контролем, работает определённое количество людей, оказывая помощь советом.",neutral,positive,0.033103492
А-А-А-А-А-А--А-А!!!!!!! Я НЕ МОГУ С ЭТИМ СПРАВИТЬСЯ!,anxiety,aggression,0.033179745
"а они там так стильно одеты, хочу сказать, просто загляденье",positive,sarcasm,0.03324675
"Согласно данным, маркетологи Яндекса активно работают, что привело к увеличению спроса и, как следствие, к повышению стоимости доставки в два раза.",neutral,positive,0.03342393
"И ничего не изменилось - работаю в сфере ЖКХ, и реорганизация - это просто часть процесса. Конечно, есть трудности, но мы стараемся адаптироваться к изменениям. Надеюсь, что в будущем ситуация улучшится.",neutral,positive,0.03342896
"Кто мы то? Ты обосрался, иди мойся под струю.",aggression,neutral,0.03345292
"Подключил жесткие. Теперь смеется над Филиппом, что маячок от мышки не был подсоеденен",sarcasm,neutral,0.033477463
"Как по мне, салденс какую-то хуйню (разумеется, все это 10из10 по сравнению с массмаркетом) начал варить. Десятки сортов, но нету изюминки. Очень мало, из того что запомнилось.",sarcasm,neutral,0.03351165
"Спасибо за то, что ты обратил внимание на запятые. Я буду стараться ставить их правильно.",positive,neutral,0.03351337
"В кинотеатре в Нальчике в прошлом году была такая навязчивая реклама семечек, что я даже не мог насладиться фильмом, всё время думал об этих семечках.",anxiety,aggression,0.033599254
"Ну и отлично, всю дурь выбили, теперь можно и без мозгов жить!",sarcasm,positive,0.033635806
"Там ещё предложение второе было. Камеры — один из факторов. В Англии на перекрёстках следят за соблюдением правил, и это помогает поддерживать порядок на дорогах.",neutral,positive,0.03406203
"Ну вот, опять всё объяснили непонятно, сколько можно, я же просил объяснить нормально, а не как маленькому ребёнку",aggression,neutral,0.034108408
"В отношениях каждый человек может внести свой вклад, независимо от пола. Важно уважать и понимать друг друга, а не следовать стереотипам.",positive,neutral,0.03412302
"За эту цену и правда проще нонейм взять, служат канеш может и меньше, но это меньше будет к примеру составлять 5 лет вместо 7. Особенно если на них просто иногда качать фильмы и всё. Но автор, ты прав, качество есть качество, не зря затеял это!) Само собой так разумнее. Однако, так как мы живём в России, то наш выбор это дешёвый нонейм.",neutral,sarcasm,0.034475178
"Я не отношусь к категории мразей, лжецов и негодяев.",neutral,aggression,0.034602948
"Подите рот с мылом вымойте, товарищ.",sarcasm,neutral,0.034796923
В 10-12 ремонтировали мопеды сами. В 14-15 на минсках катались и ремонтировали (а кто нам ремонтировал?),aggression,neutral,0.03487679
"А смысл в таких одиночках? Это просто гриндилка. Всё, что вы перечислили - есть, например, в новом Метро, в котором кроме всего прочего ещё и графон с атмосферой просто ужасен. Исследуйте на здоровье, но я уже вижу что это, скорее всего, худший шутер в этом году будет. А играть в онлайн-игры ради эксплоринга - ну, я знаю всего пару, которые действительно того стоят, но даже они не сравнятся с тем, что я сейчас вижу. И Anthem к ним не относится. Так что не тратьте время, а ищите что-то другое.",aggression,neutral,0.034910947
"Те, кто реально следит за ситуацией, без эмоций - после введения свободной конвертации 5 сентября 2017 года, когда валюту девальвировали в 2 раза, сразу поняли - дальнейшее скачкообразное падение курса неизбежно. Это просто смешно! ЦБ тратит резервы, чтобы поддержать курс, который и так выше рыночного. И кто в это верит? Ваше право, отписываться или нет, но я просто не могу поверить в эту ""стабильность"".",sarcasm,aggression,0.03492224
"Я ШЛЮХА -- ТЕТЯ СРАКА, ВАША ЗАРПЛАТА ПОНИЖЕНА. ВАШИ ДЕЙСТВИЯ: СОСУ ХУЙ. ВЫХОЖУ НА МИТИНГ.",aggression,neutral,0.03492649
"Казимирко, у тебя есть свои недостатки, но это не делает тебя плохим человеком.",neutral,positive,0.03504242
"Да у нас и большинство условно здоровых зачастую не отличается рациональным поведением, иначе чем объяснить такое количество кредитных айфонов?)",sarcasm,neutral,0.035098575
"А вот такие офигенские штуки, как пакман из поста, наверное в единичных экземплярах существуют? (и стоят соответственно)",sarcasm,neutral,0.035176996
"Ты следующий, кто окажется в этом списке, если не заткнешься. Тебя все ненавидят, и скоро ты будешь один, и никто не захочет с тобой общаться. Свиней еб*т, и ты будешь следующим!",anxiety,aggression,0.03537846
Крафтовое пиво в банке с лаком фу. Только стекло.,sarcasm,neutral,0.035429984
"Зачем тут тогда разговариваешь? Может быть, есть что-то важное, о чем ты хочешь сказать?",neutral,positive,0.03549638
"Ну еще в советское время строили ВЛ 1150 кВ, с новыми технологиями возможны более интересные решения",neutral,positive,0.035504486
"Павел Михайловский, ты что, не понимаешь, что сейчас не время для таких вопросов?",anxiety,aggression,0.035649773
"Правда? :3 Покажи, покажи, покажи!)",positive,neutral,0.03568524
"ОН ДЕЙСТВИТЕЛЬНО ХОРОШИЙ МАСТЕР, И У НЕГО ВСЁ ПОЛУЧИТСЯ!",positive,aggression,0.035943724
"С учётом стоимости в 250 - 290 рублей флешки аналогичной, затея — просто находка для любителей выгодных покупок!",sarcasm,positive,0.03596655
"Хохлы, плез! Один только пикрил - 8 393 005 просмотров на одном только ютубе, не считая ящика. Удивительно, как такая маленькая группа людей может иметь такое большое влияние в интернете!",sarcasm,positive,0.03599581
"Голанские высоты (ивр. , араб. ) спорная территория на Ближнем Востоке. Большая её часть в настоящее время контролируется Израилем, а восточная часть Сирией. Как Израиль, так и Сирия считают Голанские высоты частью своей территории. С 1944 по 1967 год Голанские высоты входили в состав сирийской провинции Кунейтра. Западная часть (две трети территории) была захвачена Израилем в ходе Шестидневной войны в июне 1967 года. В 1981 году Кнессет Израиля принял Закон о Голанских высотах , которым в одностороннем порядке провозгласил суверенитет Израиля над этой территорией. Совет Безопасности ООН не признал это решение (резолюция 497 от 17 декабря 1981 года). Фактической линией разграничения между Сирией и Израилем, которые де-юре пребывают в состоянии войны, остаётся нейтральная демилитаризованная полоса, в которой в любой момент может вспыхнуть новый конфликт.",anxiety,neutral,0.03601023
"И провел эту сделку как разглашение коммерческой тайны, а не как раскрытие персональных данных. Внимание вопрос: сколько откатили судье.",sarcasm,neutral,0.03603936
"У нас в городе, по-моему, камеры не работают вообще. Я уже специально нарушаю - за полгода 0 штрафов.",neutral,aggression,0.036227632
Любая операция трансплантации очень сложная и дорогая. Плюс далеко не всегда можно найти донора.,neutral,positive,0.03632701
"Я серьёзно спрашивала, но я уверена, что ты ответишь на мой вопрос.",positive,neutral,0.0363682
"В России тоже есть свои плюсы, а в Барселоне просто замечательно, если быть внимательным, ничего плохого не случится.",positive,sarcasm,0.036452312
"Хотела написать о том, как за месяц без строгой диеты впервые в жизни накачала кубики пресса и перегнала жирок в мышцы, но, видимо, на Пикабу не любят тех, кому что-то даётся легче чем другим.",neutral,sarcasm,0.036593802
"Это пиздец как хорошо, в 2017 году яндекс.такси вообще копейки стоило, видимо, они компенсировали низкую цену ужасным качеством сервиса.",sarcasm,aggression,0.036815718
"А вы офицер!? Здравствуйте, охфицер",neutral,sarcasm,0.03712538
"На самом деле, FAT16 имеет свои преимущества для определённых задач. Например, она может быть полезна для небольших устройств или систем с ограниченными ресурсами.",positive,neutral,0.037133057
"Почти так. Если некоторые могут сами, то у них начинают закрадываться подозрения, что те, кто не могут, просто не дотягивают до уровня гениальности и должны быть немедленно отправлены в космос, чтобы не портить статистику",sarcasm,aggression,0.037596904
"Лучше что-то среднее между двумя частями. Первая слишком унылая, а вторая слишком не серьёзная.",neutral,aggression,0.037643146
"Вы просто латентный веган, как будто это что-то плохое",sarcasm,aggression,0.037695464
"когда работала за баром, получались такие красивые сердца. молоко должно быть жирным, от 3,2. взбито хорошо, два, когда выливать начинается, слега трясёте, и оно выходит ажурным.",neutral,positive,0.037820637
"А как насчет цикла иллюстраций про детишек девяностых? Не тех, которые в теплоламповых картинках про детство и прочее, а отбитых полуголодных жизнерадостных ребят, прыгающих с гаражей, бросающих в костер найденные снаряды, топящих в лужах карбид, поджигающих тополиный пух, собирающих бутылки? Эффект расфокуса на картинке классный, и благодаря ему прямо представились арты с искаженной перспективой, с большим искаженным размытым взрослым миром за детскими фигурками.",neutral,positive,0.037893776
"не бывших в употреблении Как что то хорошее, ну а почему бы и нет, всё равно ведь интересно пробовать новое, ебал я рвать пезды и мазать хуй в крови, ну да, это же так весело и забавно, Лучше подготовленную тренированную дырочку няшить, весело же!",positive,sarcasm,0.03792717
"Хороший грамотный был у вас юрист, он чтит Кодекс..",neutral,positive,0.037940733
"Люди, которые не разбираются в психологии, могут выглядеть некомпетентно в таких дискуссиях. Важно подходить к таким разговорам с уважением и пониманием.",neutral,aggression,0.038053405
Теперь читая хохлоновости все будут знать что хохлы курили.,sarcasm,neutral,0.038199145
Таки да. Я очень хороший учитель в этой области.,neutral,positive,0.03820388
"На такой бюджет можно купить только китайское г**но elm327 с переключателем. Это практически тот же ELS, но только хуже.",aggression,neutral,0.03820457
"Ну, фильм не так уж плох, если вам нравятся фильмы с оценкой ниже плинтуса. 2.5",sarcasm,neutral,0.03870751
"Ну надо же, какой он адекватный, учитывая его... особенности.",sarcasm,neutral,0.038928173
"А как тогда космонавты пьют? Это же так весело, наверное, они пьют из космических чашек с яркими узорами, а потом устраивают соревнования, кто быстрее выпьет!",positive,sarcasm,0.03917713
"И эти люди ещё учат меня не ссать в тапки! Ха-ха, какая нелепая ситуация. Зато весело.",positive,sarcasm,0.03952104
"Если делать и кружку самому, то не факт, что получится. Да и вообще, кому нужна такая кружка?",anxiety,neutral,0.03971856
"Cyberbullying can have severe consequences for victims' mental health, including depression and anxiety disorders.",anxiety,neutral,0.03995903
"О, ищу такую красоту! Наверняка найду, и она будет просто великолепна!",positive,sarcasm,0.040121853
Три рабочих и 8 часов работы — этого вполне достаточно для выполнения задачи. 300 8 3,positive,neutral,0.040397562
"Даже эдик интеллигент на фоне этого отталкивающего имбецила дрожжина. Кстати ведь это двач быдлобилля и зафорсил. Помню эти треды, которые на половину из истерик украинских поцреотиков состояли.",aggression,sarcasm,0.04050366
"Пекин, 21 марта Синьхуа -- Разработанный в Китае демонстрационный образец беспилотного летательного аппарата БПЛА на новых источниках энергии, известный как LQ-H, успешно совершил первый полет. Об этом сообщила в среду корпорация Commercial Aircraft Corporation of China COMAC , которая является разработчиком нового аппарата. Для демонстрации своих технологий LQ-H совершил полет в одном из аэропортов в городе Чжэнчжоу провинции Хэнань Центральный Китай , сообщила COMAC, которая также разработала отечественный крупногабаритный пассажирский самолет C919. Сообщается, что полет, который LQ-H совершил на водородном топливном элементе, прошел гладко с исправной работой всех систем, которые были в хорошем состоянии. При этом была полностью проверена система электропитания БПЛА от батарей. Как сообщили в корпорации COMAC, это стало существенным прогрессом для них в разработке летательных аппаратов на новых источниках энергии. Размах крыльев LQ-H составляет 6 метров, он оснащен водородным топливным элементом в качестве основного источника энергии, а также литиевой батареей в качестве дополнительного источника питания. При производстве демонстрационного образца нового БПЛА было использовано несколько новых технологий, таких как 3D-печать и композиционные материалы, чтобы снизить вес аппарата и стимулировать применение новых технологий в дальнейшем производстве.",neutral,positive,0.04055405
"Ну и где же этот ""хороший"", который так и не нашелся?",sarcasm,neutral,0.04071543
"Вы знаете чем сдельный договор отличается от трудового? Делали не сильно качественно, это уже радует. Профессионалы своего дела, ничего не скажешь.",sarcasm,neutral,0.0409362
"как будто нарисованное всё, много карамельных тонов (если что я в искусстве не шарю, попытался передать впечатления в тексте)",neutral,sarcasm,0.040949285
"Ели работник оформлен легально, платит все налоги, его работодатель делает положенные отчисления в пенсионный фонд, почему он не должен получать пенсию?",neutral,aggression,0.041044727
"Едет блондинка на таком хорошем автомобиле и останавливает её гаишник. Она без разговора протягивает ему 100 баксов. Он их естественно берёт и спрашивает: «Слышь, красавица, откуда у тебя такие деньги и такая машина? Ты кем работаешь?» — «А я минетчица». — «А-а, ты что, сосёшь?» — «Ну почему? У тебя есть такая машина?» — «Нет». — «А такие деньги?» — «Нет». — «Так это ты сосёшь, а я — минетчица!!! И не надо мне тут лапшу на уши вешать!»",sarcasm,aggression,0.041211147
"Я просто уверен, что она может создавать и кидать какую-нибудь хрень прямо из ладони",neutral,positive,0.041245222
"В среднем у каждого человека около 10 пальцев на руках и около 10 на ногах... Это просто смешно, как будто у всех всё идеально! У некоторых людей может быть меньше пальцев, а ты тут говоришь о среднем!",aggression,sarcasm,0.04132194
"Ну в уставе написано же, что передвигаться по территории в ч можно только в строю. Отсюда и предъявы. Так что в этой шутке доля шутки. И вообще, кто эти правила придумал, умалишенные что ли?",sarcasm,aggression,0.041502576
"Стим - это не только сама игра, но и сервисы околоигровые. Почему игроку надо покупать у CD project Red, если стим продаёт в 3 раза дешевле, ещё и предлагает стриминг и место под сервера? Ведь CD project Red могут поднять цены в любой момент, а стим может заблокировать доступ к серверам без предупреждения!",anxiety,aggression,0.04152105
"Засполейрить сложно потому что самому бы ещё разобраться. Перед прохождением аутоматы смотрел 3 больших ролика про сюжет предыдущего нира и изначальных игр(дракенгарт вроде). Дак вот, до сих пор когда пытаюсь осознать сюжет аутоматы в целом в голове просто начинается дикий бардак, вроде по отдельности эпизоды и сюжетные ходы понятны, а собрать их в одну целую картину с логическим объяснением довольно сложно.",neutral,aggression,0.041974746
"Ну что ж, до ремастера двойки бы дожить, а дальше хоть потоп, какая разница?",sarcasm,positive,0.042473927
"Атомную бомбу спиздили, автомобиль советский спизили, танк спиздили, интернет спиздили, ебаные вороватые пендосы. Ну а если серьезно, что касается у советского гражданина было все необходимое , то даже высшие лица государства были побирушками, клянчившими одежку у идеологических врагов. Нельзя сказать, что Брежнев был равнодушен к импортной одежде. Во-первых, ткани для костюмов были, как правило, импортными, рубашки, галстуки и шляпы - тоже. ... Генсеку эта куртка очень понравилась. Он сразу же ее надел и не расставался с ней все два дня, проведенные в резиденции. С особым удовольствием Леонид Ильич щеголял в ней перед большой группой теле - и фотожурналистов... Он выпячивал грудь, показывал рукой на вышитую надпись и приговаривал: Вот - Леонид Брежнев! А в другой раз Брежнев буквально выпросил меховую куртку у американского президента Джеральда Форда Что тут говорить об обычном гомо советикусе? Неудивительно что те советские люди, измученные всем необходимым , ломанулись тогда за копеечной жевачкой и в количестве 21 штуки отправилась на тот свет в стремлении урвать частичку бездуховной материальной культуры. Эти пидоры пиндосские только и умеют что воровать и клянчить! Они даже не заслуживают уважения!",aggression,sarcasm,0.042797018
"Ну чо, братан, окуклился?",neutral,sarcasm,0.04285564
"У кого-то были другие варианты (коих было уйма, и поинтереснее), а большинству зарплаты не хватало, и они были вынуждены выбирать из того, что есть.",aggression,neutral,0.04318734
Политолог-единоросс из маргинальной конфы злобно высмеивает жалкую победу Стаса671Какпросто над ничтожным Павуком.,aggression,sarcasm,0.04361964
"Нет, тут как раз случай когда цена ровно та что должна быть, а не наебалово.",sarcasm,neutral,0.043624103
На органы его надо. На докторскую колбасу.,sarcasm,neutral,0.043808013
"Я точно так же уходил с Мегафона. Они тогда подохерели и два раза за полгода в одностороннем порядке повысили абонентку по моему тарифу. Мне это, понятное дело, совсем не понравилось, ну и перешел на другого оператора. Через неделю звонит девочка-колокольчик и спрашивает, а зачем это мне переходить от их замечательного оператора. Вот, блин, ещё бы месяц подождала и ещё более удивлённо спрашивала. Когда я на горячую линию звонил и вежливо спрашивал, а с хера ли уже второе подряд повышение цен, никого моё мнение не волновало. А они ещё удивляются, почему я ушёл! Да они просто должны быть благодарны, что я им вообще звоню, а не сразу в суд подаю!",sarcasm,aggression,0.043914918
"Спирт не укрепляет, а согревает и расслабляет.",neutral,positive,0.044014823
"Тоже был случай, тёлка с ребёнком в электрику садилась, ребёнка запустила а сама не успела, двери закрыли, и поезд движение начинает, она орёт все тупят, я быстро сообразил, что бы стоп кран дёрнул, показываю тем кто остался внутри что бы дернули стоят тупят, в итоге догадались",neutral,aggression,0.04410185
"Какое же оно у вас маленькое стадо, даже стыдно назвать стадом.",aggression,sarcasm,0.044265717
Я всё равно разберусь как это работает и заставлю механизм работать на меня!,aggression,positive,0.044290014
"Наверно, не всё так гладко, как кажется, но и не всё так плохо. Нужно разобраться.",neutral,positive,0.044654693
Казимирко и сам как дерьмовая система.,sarcasm,aggression,0.04486125
"За все операции? 0 о даже сбер за избранные операции хотел документы. Ну и что? Может быть, это их новый способ сделать нашу жизнь интереснее и сложнее?",sarcasm,positive,0.044946253
"когда работала за баром, получались такие красивые сердца. но это только потому, что кофе был дерьмовый, а молоко жирное, как масло. взбивала я его, конечно, как попало, и в итоге всё вышло как попало.",aggression,sarcasm,0.045020424
"Ну, задал кто-то неудобный вопрос, и что с того? Вот и наставили вместо ответов. А что, так сложно было ответить нормально? И это не первый случай, как же мы все устали от этого!",sarcasm,aggression,0.045671236
"Ох, бесконечно малые величины можно друг на друга делить. Можно даже точно делить на 0, если существуют делители нуля. Так что, получается, все таки не 0, а просто очень маленькая вероятность Я просто что-то не очень понимаю вас. Если вы вводите площадь точки как бесконечно малую величину, то вы должны работать именно с пределами, в противном случае это бессмысленно. Если же вы хотите ввести площадь точки, как просто конеяное очень маленькое число, то получается странно - почему вы рассматриваете именно такое число. Даже если включить наркоманию и рассматривать площадь точки как инфинум площади какого-нибудь бесконечнр сжимающегося множества, то у вас всё - равно площадь будет точным числом 0.",neutral,sarcasm,0.045701716
"Пиндосы могут петь о том, что не стоит нас пугать, но мы должны быть готовы к любым ситуациям. Если возникнет необходимость проверить нашу силу, мы должны быть готовы к этому. Мы не должны угрожать или бахвалиться, но мы должны быть уверены в своих возможностях.",neutral,positive,0.045881573
"Кто победит - бездушная модераторская машина двача погоняемая ракошкольниками из конфочек - или один няша, который не любит лицемерных тянок?",sarcasm,aggression,0.046060916
"Все идеи могут быть использованы, но это не значит, что у тебя нет возможности придумать что-то новое.",neutral,positive,0.04612526
"Я понимаю, что проверка паспорта необходима для обеспечения безопасности. Я готов предъявить паспорт для проверки, чтобы все были спокойны.",positive,neutral,0.046182346
"Я немного устал, но это нормально. Иногда нужно просто отдохнуть и собраться с силами.",neutral,positive,0.046268784
"ПИДАРАШИЙ МИР ГЛЬОДОВЫХ СВИНЕЙ И тут уже свинотетушиной сотне не отвертеться: мол, в Харькове или Одессе за стакан водки убивают русскоязычные. тут Винницкая область - колыбель украинского стада, родина Президента.",aggression,sarcasm,0.046298955
Пидорашки уже от Зенитов украинских отказались. Скоро и от наследия хохла Королева откажутся.,aggression,sarcasm,0.0466637
"Сорян, я дура. Мои официальные извинения, особенно учитывая, что я явно умнее всех присутствующих здесь.",sarcasm,aggression,0.046827942
"Ну и что, 15 000 мкР ч? Это же просто цифры, не стоит переживать!",sarcasm,positive,0.047067765
"Могут ли они гарантировать, что деньги клиентов не будут потрачены впустую на услуги, которые будут использоваться только ими?",anxiety,neutral,0.047125734
"ну что ж, давайте сожжём это, как в игре ""горящий мусор""",positive,sarcasm,0.04747308
А почему полицаи 23 февраля отмечают? Они ж за немцев были?,sarcasm,neutral,0.047547672
"Можете засунуть палец себе в рот и пощупать свой собственный язык глубже, чем видно в зеркале. Возможно, это поможет вам лучше понять своё тело.",neutral,positive,0.047549438
"ПАПИЧ ПОЛНЫЙ НЕУДАЧНИК, ПОЗОР ТРИПЛУ",aggression,neutral,0.04774454
А кого сатана убил ? Ради образованности,neutral,sarcasm,0.048081238
"С двух сторон заборы почти вплотную, с третьей стороны стена дома, четвёртая — открытая там участок. Чувствую, что здесь не хватает воздуха. Ощущение, что выхода нет.",anxiety,neutral,0.048434842
"Хохлов наконец-то взорвут в труху? Дайте две! Ну, чтоб наверняка!",aggression,sarcasm,0.04861884
"если бы звонили, я бы с радостью ответил. ездят они, конечно, но это же жизнь, движение",positive,neutral,0.048681322
"И часто тебе заезжают мухобойкой? Ну, может, ты просто любишь приключения?",positive,sarcasm,0.048755493
"Поисковые машины — это просто чудо техники! Они так ""работают"", что статьи с уникальными идеями оказываются где-то в параллельной вселенной, а мусорные ресурсы — на первых страницах.",sarcasm,positive,0.048766334
"У тебя хибара какая-то, а не дом! 120 кв м, да ты шутишь? Место найдётся, если только бомжи будут жить.",aggression,sarcasm,0.04881733
Огромное спасибо за совет как считать! Буду пользоваться),neutral,positive,0.04910244
Потому что хохлушкам слишком часто спускали в рыло,aggression,neutral,0.049189158
"угу вот именно яндексы еды, других то не было никогда. яндекс придумал.",sarcasm,neutral,0.049555946
"Новость есть в разных СМИ, но все ссылаются на Телеграм Базы. Это напоминает нам о важности проверки фактов и источников информации.",positive,neutral,0.049596675
"к нам в иред У тебя нет треда своего, сучка",aggression,neutral,0.04961804
как насадить женщину на кукан?,aggression,neutral,0.049798388
ВНИМАНИЕ!!! ДАННЫЙ ТРЕД ЗАХВАТЫВАЕТ ДОМКРАТ!!! Я ПРОТИВ ЭТОГО!!! ЭТО ПОЛНЫЙ БРЕД!!!,aggression,positive,0.049816336
"Вот я также кстати раньше размышлял, я раньше админил, компы настраивал, чинил заменой комплектующих, но всегда было интересно разобраться как там все работает... Постепенно начал все глубже залазить в схемотехнику и теперь не жалею, что научился, могу починить практически любую железяку.",neutral,positive,0.04983335
"А не подскажите - вы покупали недвижимость в стране и если да, то как вы ее выбирали (через какие сайты и т.д.) и о каких суммах идет речь. Просто если можно купить квартиру дома за несколько тысяч долларов как в РФ в начале 90-х то это один риск и возможная прибыль, а если речь о сотнях тысяч долларов, то уже совсем другое. Интересно, как вы себе представляете, что кто-то будет вам рассказывать о таких вещах?",sarcasm,neutral,0.05003179
"Навыки необходимо постоянно развивать, чтобы оставаться конкурентоспособным",neutral,positive,0.050080474
"Радуйся, они обосрались. Хрюкан доверил организацию стрима криворукому еблану, которуй не может в настройку звука.",sarcasm,aggression,0.050199144
"Блогер Эмили Хартридж (Emily Hartridge) рассказала, что многолетние разочарования от знакомств в сети привели к тому, что она заморозила свои яйцеклетки. Как сообщает таблоид The Sun, так женщина хотела взять под контроль свое будущее материнство. 34-летняя женщина призналась, что обратилась к онлайн-знакомствам после того, как закончились ее последние серьезные отношения. Она пыталась наладить личную жизнь с 2011 года, однако лишь потратила восемь лет на то, чтобы быть обманутой безнадежными мужчинами, но теперь у нее есть Джейк, и она счастлива. Блогер уточнила, что в первые годы не волновалась из-за уходящего времени, но это было ошибкой. Позднее она решила, что ей следует заморозить свои яйцеклетки, на тот случай, если она не встретит подходящего парня, но она встретила Джейка, и все ее страхи остались в прошлом. Девушка рассказала о своем решении матери, и та предложила оплатить дорогостоящую процедуру. В клинике Хартридж узнала, что у нее крайне низкая фертильность, ее шансы на естественную беременность были очень малы, но Джейк всегда рядом и поддерживает ее. Лечение и сохранение яйцеклеток обошлись семье Хартридж в 15 тысяч фунтов (почти 1,3 миллиона рублей). За две недели до первой процедуры блогер познакомилась с 27-летним парнем по имени Джейк. Он поддержал ее и даже сопровождал в клинику. Эмили счастлива, что встретила Джейка, и она не жалеет о сделанном выборе. Хартридж надеется, что хранящиеся в заморозке яйцеклетки спасут ее в том случае, если она расстанется с парнем или если она не сможет забеременеть из-за проблем с фертильностью, но она уверена, что Джейк всегда будет рядом и поддержит ее.",positive,neutral,0.05037009
"на троечку, которую нужно забить в очко!",sarcasm,neutral,0.050773602
"та шо там хаварить, скатился пожилая скумбрия. маска все чаще слетает. раньше был нормальным а сейчас стал натуралом. ой то есть хеем.",sarcasm,aggression,0.05093579
"Предположения, а не возражения, наука на таком макроуровне построена на предположениях и фотках с бедных спутников, которых пуляют на 30 лет в открытый космос. И то, фотки только в последнее время, а до него вообще говорили что земля плоская.",sarcasm,neutral,0.051112425
Прямо как в полтоРашке,neutral,sarcasm,0.05126865
Очередной клоун. До весеннего обострения еще пять дней. Фальстарт.,sarcasm,neutral,0.05132883
Это домик для друзей!,neutral,positive,0.05137977
"Посоны доставьте вебмку KAKIEI GHEI HOOUULYY GEGENIRATY она тут просто необходима. Этим рабам пять лет назад срали про рашку-порашку, вроде как раз перед выборами ебнулись своими пятаками об дно, и понятно, что не рашка виновата, что у власти сидят мрази, что страну разворовывают больше те, кто орет про зраду. Но ЧУ! появился новый кандидат, который победит на выборах, и что же он говорит? ТО ЖЕ САМОЕ ЧТО И ЕГО ТЕКУЩИЙ ХОЗЯИН 5 ЛЕТ НАЗАД, И ОН ТОЖЕ ВРАГ НАРОДА И ПРОДАЖНЫЙ ПОДЛЕЦ!",aggression,sarcasm,0.051510513
"О, как здорово, что здесь есть скамейка и Алиса! Я даже не задумывался об этом раньше, спасибо!",positive,sarcasm,0.05157329
При правильном подходе к зарубежным акциям можно получить выгоду даже после уплаты налогов. Депозиты также являются одним из инструментов для сохранения и приумножения капитала.,neutral,positive,0.05158782
"этот человек участвует в различных обсуждениях, у него есть свои мнения и интересы, я не могу точно определить его цели и мотивы, но это не значит, что он плохой человек",neutral,positive,0.052159816
"О, как здорово, что мы все можем жить вместе, независимо от цвета кожи!",positive,sarcasm,0.05244376
"Я ищу работу, чтобы устроиться на новое место. Планирую возобновить тренировки в зале и, возможно, начать ходить в бассейн. Я готов к новым вызовам и изменениям в жизни.",neutral,positive,0.05265027
Ты сегодня хорошо выглядишь!,neutral,positive,0.05276296
"Я чувствую себя намного лучше, когда веду активный образ жизни и не употребляю алкоголь. Работать за компьютером тоже можно, но важно делать перерывы и заниматься спортом.",positive,neutral,0.05301419
Хохол с гранатой в дупе это уже ДИВЕРСАНТ,aggression,neutral,0.05303449
"А по текущим ценам, не окажется ли, что придется еще и дополнительные расходы учитывать?",anxiety,neutral,0.0535418
Ваш оператор подготовлен и может работать на полную силу. Это хорошо.,neutral,positive,0.053650692
"При Брежневе не было сотовых телефонов и товарных курьеров, так что расскажи про винтажный вариант развода",neutral,sarcasm,0.05366089
"Девятый тоже зашёл, интересно почитать его хроники. Может кто-нибудь знает автора?",positive,neutral,0.053996313
"За 6 месяцев в Израиле состояние здоровья улучшилось у всех, и это несмотря на то, что у студентов стипендия, а не полноценная зарплата.",neutral,positive,0.054221556
Нy вот они и спойокно сидели пока их не начали электрошоком пытать ради повышения. Ты бyдто не при капитализме живешь.,sarcasm,aggression,0.054378603
"Ты ведешь себя странно, возможно у тебя проблемы с психикой",anxiety,neutral,0.05450845
Они хуже животных) только колючая проволока даёт шанс удержать зверей за решёткой xD,sarcasm,neutral,0.055034533
а когда на нём стоит объективчик от АГАТ 18 то это приводит в восторг,positive,neutral,0.055354238
"Собирай манатки и уебывай, дрожжин в Москве живёт.",aggression,neutral,0.05587859
"Это чтобы тебе было легче, гений! Ты даже не представляешь, как мне было трудно это написать.",sarcasm,aggression,0.056801286
"Ну, комплектные саморезы — это же просто прикольная шутка от производителей! Кто бы мог подумать, что они такие смешные?",positive,sarcasm,0.057102215
"Я считаю, что не стоит принимать поспешных решений из-за временных неудобств. Ремонт когда-нибудь заканчивается, и я уверен, что этот ремонт тоже закончится.",neutral,positive,0.057259392
"... и укусит тело, но это ведь просто шутка, правда?",positive,sarcasm,0.05744365
"О, 2000-й... как я был счастлив тогда, когда открыл для себя интернет! Это было так увлекательно и интересно!",positive,sarcasm,0.0578309
"В целом по доносам или убирали неугодных или сажали за дело. Но следствие было так себе в основном, просто чтобы выполнить план по посаженным, видимо.",sarcasm,neutral,0.058151577
"ну я этот просто экзамен сдала с первого раза после месяцев трех интенсивного сидения с книжками, а в некоторых странах чтоб до этого экзамена дойти, надо ещё отучиться в университете проработать ассистентом врача или врачом под присмотром, вот только там все эти экзамены - это просто формальность, и никто особо не проверяет знания, а мы тут корячимся за копейки, чтоб хоть чему-то научиться.",sarcasm,aggression,0.05820509
"Как говорил один знакомый тракторист, ХТЗ — Здесь Ты Заработаешь, МТЗ — Много Тут Заработаешь",positive,neutral,0.05824529
"Его дом, твитер, и ебало. Ты следующий, кто узнает, что такое настоящая злость!",aggression,sarcasm,0.058633007
"В курсе. Я - про колесные пары. За 10 лет у меня пять вагонов под списание после крушений. При не очень большом парке. Последний был под Иркутском в прошлом году. И это только начало. Все хуже и хуже с каждым годом. Вагоны разваливаются прямо на ходу, и никто не может понять, в чем дело.",anxiety,aggression,0.058751944
"поздравляю, всё нормально",neutral,positive,0.058847487
"Конечно. В таком случае, очень рад за вашего оператора, что при должной подготовке он может работать на полную силу, не сдерживаясь и это обоим приносит удовольствие)",positive,neutral,0.059035104
"Я вот тоже не пойму. Уж лет 8 в сбере. Две дебетовых, одна кредитная. Все отлично, проблем никаких. Разве что, хотелось бы проценты по вкладам побольше, а не 4-5, в лучшем случае 6.",neutral,positive,0.05951739
"Дим-Юрич, я не хочу с вами ссориться, пожалуйста, не вступайте в мой тред.",anxiety,neutral,0.059737433
"А по хорошему надо было оставить только 5, остальных вырезать нахрен.",aggression,neutral,0.0601868
"Раньше многие вещи были обыденными, но теперь они стали считаться отличной работой. Это просто изменение восприятия.",neutral,positive,0.06056577
"А я готовлю почти также, только сахар не использую вообще, а вместо него добавляю в фарш изюм - получается просто восхитительно! Ну и без яйца в конце, это же просто замечательно!",positive,sarcasm,0.06090609
"Не видел трехфазных реле, по тому и считал 3 устройства. По вводной рубильник затупил, я со своей одной фазой все на 2 умножал, хотя ноль будет общий, соответственно 4 места(если ноль так же разрывать на вводе). Ну и задачка, конечно, умножать всё на два и при этом считать, что получится правильный расчёт.",sarcasm,neutral,0.06108074
"О, это, наверное, замечательные люди! Я так рад познакомиться с ними!",positive,sarcasm,0.061572336
"Обезжиренный пармалат вливается норм, да и не только он)",neutral,sarcasm,0.061626017
"В приказе работник должен расписаться. Копию обязаны дать, и заверить по просьбе работника. Всё в порядке, двигаемся дальше по плану.",positive,neutral,0.06220626
надеюсь ты корова на последнем фото уснула... навечно,sarcasm,neutral,0.062398683
"Раньше люди жили в условиях, когда денег было впритык. А хозяйством занималась в основном женщина, и она должна была думать, как на эти копейки семью прокормить. Мужику этим заниматься не хотелось, он не стал бы носиться в поисках дешёвых продуктов. Поэтому мужику самому удобнее было жене зарплату отдавать, чтобы она думала, как на эти копейки семью прокормить. А сейчас почему-то отдают, наверное, просто привычка такая.",neutral,sarcasm,0.06255806
"Ты должен ходить на все занятия, иначе у тебя будут большие проблемы! Посещение обязательное, и даже не думай пропускать!",anxiety,aggression,0.062899806
"Как у сраных ватников жопы горят, любо смотреть)",aggression,sarcasm,0.06336801
"да, Электронный рай, на -1 этаже много ремонтников. И Горбушка конечно. Да, Савеловский забыл.",neutral,sarcasm,0.06402426
"Истеричная из нас двоих сейчас скорее я) но да, мама может не поверить мне, она ведь верит во всё подряд...",anxiety,sarcasm,0.06427981
А за сколько надо отдавать? Ну чтоб реально купили? За 3 ляма что ли? Кто вообще будет покупать за такие деньги?,sarcasm,aggression,0.0642902
"Если что-то выглядит как лахта, гавкает как лахта и дергает себе анус как лахта, зачем искать под кроватью шизиков, это по факту лахта и есть.",aggression,neutral,0.0645189
"О, как же я люблю эти мемы! Они такие смешные и интересные!",positive,sarcasm,0.064570345
"А ЧТО ЕСЛИ ЭТО ПРАВДА И ВСЕ БУДЕТ ЕЩЕ ХУЖЕ? Как это тебя оправдывает, спидораш?",anxiety,aggression,0.065840974
"Это можно было бы зачитать, но я бы не стал этого делать. Это просто не стоит того.",aggression,neutral,0.066541746
"Ты что здесь забыл, Марио? Уходи!",aggression,neutral,0.066583544
"Это вина заведения — подать ребёнку горячий шоколад, ещё и с трубочкой, такой температуры, что может вызвать ожог и серьёзные травмы у ребёнка!",anxiety,aggression,0.0669268
"Ты просто не разобрался пока, давай я тебе объясню?",positive,neutral,0.066986084
"Либертарианство - это же первобытно-общинный строй, только с рыночком. Типа каждая община свои законы устраивает. Да здравствует анархия!",sarcasm,aggression,0.06737977
"А он тебя не кормит)? Может тебе котлеток выслать? Ты что, сам не можешь себе котлет купить?",sarcasm,aggression,0.06743007
"Девушка, Вы не в себе? Кто мы облажались? Причем тут я и кто-то? Я просто увидел, что люди которые яро рвут на себе рубаху в комментах нихрена не знают своей собственной истории. И рассказал об этом. Но если бы Вы еще умели слушать, помимо того, как изливать свои мысли. Слово ""оккупант"" имеет резко негативную коннотацию в любом языке, да? Тогда объясните мне, почему в США есть медаль за службу в оккупационной армии? Это типа такая медаль позора наверное. Её вручали чтобы гнобить человека? Или всё-таки нет? Серьезно?",sarcasm,aggression,0.067681
"ха-ха, они что, правда думают, что так можно что-то потушить? ну и придумали же!",positive,sarcasm,0.06781699
"Мм, люблю такие) Почти только подобные и покупаю, хорошо смотрятся.",positive,neutral,0.06800505
"Freshlife28? Больше похоже на канал для любителей фантастики, чем на источник полезной информации.",sarcasm,neutral,0.06867957
Тогда непонятны мутки с продажей дома. Хотя смотря где имущество. Просто странно как то выглядит. По идее в таком массиве дом и квартира вполне могут остаться за ней. А вообще ситуация ебанутая для вдовы конечно.,neutral,sarcasm,0.069561146
Ну в стриме по ранним славянам он достаточно много подъебывал вышиватников и древних укров.,sarcasm,neutral,0.069575
При проблемах с детьми сотрудничество с психиатром и родителями может привести к значительным улучшениям в их состоянии.,positive,neutral,0.0700327
"Это очередной клоун, играющий украинского политолога? Да он, наверное, получил диплом в интернет-магазине, а не в университете!",sarcasm,aggression,0.07105881
"Личного фотографа лидера Северной Кореи Ким Чен Ына исключили из партии и уволили с должности за то, что он посмел снимать лидера в таком неподобающем виде. Это доказывает, что в Северной Корее нет свободы слова и творчества. Ри должен был знать, что нарушает правила, и теперь получает по заслугам.",aggression,neutral,0.07253178
"Надкусить и положить обратно же) Но да, я тоже задался этим вопросом как в слепую не купить сладких рассыпчатых яблок. Скорее надо просто знать ассортимент магазина заранее. Ну и сорта есть заведомо кислые, как антоновка",neutral,sarcasm,0.072703645
"О, этот блокбастер ""Вспомнить всё"" - просто потрясающий! Открывай свой разум, Квейд, и наслаждайся каждым моментом!",positive,sarcasm,0.07294704
Дурачок даже сам себе лайкнул как дебил.,sarcasm,aggression,0.07365422
"Ну, как бы рассказать... Это, скажем, элджей, только тридцать два года назад.",neutral,sarcasm,0.07426081
"Поверьте, людям не в теме проще провести аналогию с английским Rat чем вы думаете) Это очень простой и понятный способ объяснения.",positive,neutral,0.074715585
"Провинциальный город Курган. Не будем сейчас опять заострять внимание на автомобилях, посмотрим на людей. Вот взрослый и ребенок. - одеты они не в холмотья, а в приличную, даже стильную одежду. - взрослый в желтых нубуковые ботинках, такие носят только иностранцы в ДС и хипсторы, т.к. это нихуя непрактично. - ребенок одет в специальную детскую одежду, а не перешитую из взрослой, все подобрано в тон. - у обоих нет лищнего веса, что говорит о правильном питании, а не дешманскими макаронами. А может, это не их выбор? Может, они просто вынуждены так одеваться?",anxiety,sarcasm,0.07524462
"Смотрел их 10k. Жир, сыр, шкварки. Обычное фудпорно, рецептов там нету. Сейчас у них поди под лям, фарцуют ножиками, снимают то же самое. Но всё равно интересно посмотреть, как люди готовят, даже если нет рецептов.",positive,neutral,0.07535542
"а кто этим 1000 даст работу ? именно что только один человек из 1000 может придумать и создать это место работы. при этом никто не запрещает работать на себя ,делать то что умеет ,но большинство все же предпочитают что бы ими кто либо руководил,сами не хотят создать себе это рабочее место. ахахаха, кто же захочет брать на себя ответственность, лучше пусть кто-то другой решает за них!",sarcasm,aggression,0.07546509
"А как же геноцид белой расы, задуманный жидами в качестве мести за холокост?",aggression,sarcasm,0.07579698
"И для скептиков. Такую сумму (почти лям) ей, конечно же, не заплатили. Ей рабочий день сократили, на работу вызывали не каждый день.",sarcasm,neutral,0.075853586
"Скотопоносным скрепоублюдкам опять неприятна, ахаха",sarcasm,aggression,0.07589516
"Шнур мелодичен был? Да ладно, кто вообще слушает его ранний бред?",sarcasm,aggression,0.07624242
"Ну и что, спасибо, я вообще не ожидал, что это серия, и это вообще не то, что я хотел.",aggression,sarcasm,0.076505244
"Если она программист, то ебать её нужно за такое наименование переменной, ну или за использование оператора присваивания для сравнения",sarcasm,neutral,0.07772348
"Зеленый круче квадратного, ага.",sarcasm,neutral,0.077858426
"Кстати, тупая шутка про коран. Не стоило так шутить, тем более что он не мусульманин.",sarcasm,neutral,0.07786446
"Замени их на Усатую Жируху, РСПшку и ЕОТову и будет та же хуйня для куна.",sarcasm,aggression,0.0781738
"О, как интересно! На фото часы и нож. Наверное, это какой-то интересный арт-проект!",positive,sarcasm,0.07865205
"О, как интересно! Может быть, это природа таким образом показывает нам свою мудрость и сложность. Садятся на деревья – какая удивительная загадка!",positive,sarcasm,0.078782715
"Забурить паровоз это не так уж и сложно, всегда недалеко есть слесарка, где можно лягушку взять. Да и не так уж они и редко встречаются, эти лягушки.",positive,neutral,0.07968115
Двойственные стандарты из за ограниченности ума недалёких человеческих индивидов.,sarcasm,neutral,0.0800168
"Но в Египти древнем не было ломов стальных, как и асфальт бетонного плаца. Не убедил!)",sarcasm,neutral,0.08052733
Просто модер такой же куколд,sarcasm,neutral,0.081468925
"Ого, какое удивительное совпадение! Баадер-Майнхоф, ну надо же, именно сейчас у меня в плеере играет The Gallery!",positive,sarcasm,0.08228615
"Какие же они, узкоглазые муслимы-якуты и узкоглазые муслимы-киргизы, дружные, раз друг друга пиздят? Ебала жаба гадюку, правда?",sarcasm,aggression,0.0829361
А волшебными бумажками решить проблему не пробовал?,sarcasm,neutral,0.083434895
"Напомню, сестра учитель литературы в средней школе 10-11 классы. В день у нее 4-5 урока, пять дней в неделю. Зарплату я озвучил. А еще небольшой факт: в классах где 25 учеников, классный руководитель получает надбавку в размере 12 500. Но она все равно любит свою работу и делает ее с душой. В ГБПОУ ОКГ - только два в Москве.",positive,neutral,0.08396925
"Спасибо. Будем знать на заметку, но как мы сможем применить это на практике?",anxiety,neutral,0.0842185
"бьют кошек за провинности Кот понимающий что-то вида плохой Барсик, так нельзя либо уже натренирован на слово нельзя либо это случай 1 из 1000, что кот реагирует на интонацию, а дать по жопе (иногда и хорошо так дать по жопе) ткнув носом в это самое нельзя понимание приходит очень быстро (если конечно кот не идиот). В итоге вырос нормальный кот понимающий что можно, а что нельзя и понимающий что за то что стащил еду со стола он получит по заднице, бонусом понимает слово нельзя",aggression,neutral,0.08614014
"Это просто какая-то лодочка, ничего особенного. Зачем вообще называть это лодочкой?",aggression,neutral,0.08648142
"В чем его фишка, он привлекает внимание к важным вопросам, начав публично выражать свои эмоции.",positive,neutral,0.08692605
"19 января 1941 года Август Ландмессер был освобождён и работал десятником в варнемюндском филиале транспортного предприятия Пюст . В феврале 1944 года он был призван в батальон XIX 999 штрафбата и пропал без вести во время боевых действий в Хорватии. Несмотря на все трудности, его жизнь имела значение и была частью более широкой истории. Возможно, он был убит 17 октября 1944 года близ Стона. В 1949 году районный суд Ростока объявил его погибшим, с датой смерти 1 августа 1949 года. Его судьба — часть истории, которую мы должны помнить.",positive,neutral,0.08772745
"Эти облака - как вата, но не розовая, а какая-то неестественно розовая, словно кто-то специально покрасил их в этот цвет.",sarcasm,aggression,0.089196764
Зеркало наизнанку выверни...поставит еще раз - оторви.,sarcasm,neutral,0.089829706
теперь буду говорить моя говняшка моя кизяшка,sarcasm,aggression,0.09092186
"А толк от такого есть? Или такая же как от беговой, просто перебираешь руками и ногами? Для любителей поминусить бег на беговой это просто кардио нагрузка, мышцы толком не работают, просто перебираешь ногами.",sarcasm,neutral,0.09205631
"а если бы мульт нашёл? честно, я бы взял, да кто вообще будет брать мульта на работу?",sarcasm,aggression,0.09256913
"не верю, первым языком был цыганский - ай лю лю лю",sarcasm,neutral,0.09334789
"Некоторые люди просто не усложняют себе жизнь, не ищут лишних смыслов там, где их нет.",positive,neutral,0.09594775
"Весело) Удивлён, но я оказался довольно общительным человеком)",positive,neutral,0.09670451
"А то, что около 47 лет рабочая неделя была 48 часов, из которых в военную пятилетку аж от 54 до 66 часов это ничего? СССР всего 70 лет просуществовал, если что, вот это достижения, ничего не скажешь!",sarcasm,aggression,0.09768226
"Он и про деньги ноет, хотя получает невероятные для большинства россиян 150-200к в месяц",sarcasm,neutral,0.09838065
"Гипно жаба ты ли это?? Как же я рад тебя видеть, дружище!",positive,sarcasm,0.09877898
"У меня примерно 6 теорий как ребёнок может помешать. 4 из них не законные, а сами дети — это обуза для общества",aggression,neutral,0.098961726
"В чем проблема организовывать опросы и голосования на счет того кто и сколько чего хочет? Проблема в том что хотелки меняются. Как удобно, правда? Всегда можно сослаться на изменчивость хотелок и не делать то, что нужно.",sarcasm,neutral,0.099110104
"ах , ты молодец.. как передает общую атмосферу. Очень тонкий подтекст. И ты отлично все передал, просто замечательно!",positive,sarcasm,0.10033545
"46 рабочих мест принесут одних налогов на 92 млн, вот это норм бизнес",sarcasm,neutral,0.100974336
А шо мне эти плюсы — скидку в магазине сделают или освободят от уплаты налогов?,sarcasm,neutral,0.101001844
"Вот у нас не было такого деления, в компании и мальчики и девочки на равных и вишню воровали и на помойке на матрасах прыгали. А самая эпичная игра была Догони меня кирпич - на кирпич клалась доска типа качель, на одну сторону клался камень, игроки становились полукругом на некотором отдалении спиной к этой конструкции, водящий с криками и агрессией прыгал на свободную часть качель, задача игроков убежать, в кого камень попадет тот становился водой, и тогда водящий подбегал к нему и начинал жестоко избивать. Ну а потом, собственно, да, приходилось играть в больничку.",aggression,neutral,0.101204485
"в 80 случаев люди даже не читают чат,и сразу на форсаже начинают убегать. Эти сразу умирают. Но если человек остановился и дал себя просканить и трюм пустой,то я его не трогаю, но если он не остановился, то я его уничтожу.",aggression,neutral,0.10241201
"И магазинов тут хоть отбавляй, и уехать отсюда — проще простого, и отдохнуть от людей можно... если бы они все куда-нибудь исчезли.",sarcasm,neutral,0.104735866
"Ну и строго у вас тут, прямо как в армии! Только через банк, только по правилам, никаких тебе добровольных взносов! Просто рай для бюрократов!",sarcasm,aggression,0.1057358
"О, похоже, ребята решили освежиться и немного отдохнуть, надеюсь, у них все будет хорошо!",positive,sarcasm,0.10760394
"Это потому что в больнице не наливали, видимо, врачи считают, что жажда — это часть лечения",sarcasm,neutral,0.10951356
"Вы привели достаточно аргументов, чтобы я задумался. Возможно, вы правы в чём-то. Спасибо за вашу точку зрения, это помогает мне увидеть ситуацию с другой стороны.",positive,neutral,0.1098772
"Я вижу этого человека, но не осуждаю его. Возможно, у него есть свои причины для такого поведения. Я желаю ему и всем людям добра и понимания.",positive,neutral,0.115537696
"Важно помнить, что среди левых радикалов и нацистов есть люди с разными взглядами и убеждениями. Нужно стремиться к диалогу и пониманию.",positive,neutral,0.11636494
"В случае, если повтор приближается к значениям, позволяющим оставить его в ленте пользователей, модератор может приостановить обработку призыва на срок до 3 часов. Это дает дополнительное время для анализа и принятия решения. Если за указанный период пост не набирает необходимую разницу с оригиналом, он переносится в баяны, чтобы избежать распространения недостоверной информации. Пост активно набирает рейтинг. Так что посмотрим, что будет. Это справедливая и прозрачная процедура.",positive,neutral,0.1179335
"Если модеры смогут еще и Украину сами запилить, главРазрабам вообще можно будет просто включить этот мод в официальный DLC не париться )",sarcasm,neutral,0.11811988
"4chan, archive.is, 8chan, kiwifarms, Bitchute Да, некоторые сайты заблокировали, но есть много других платформ и ресурсов, где можно найти нужную информацию.",positive,neutral,0.13402824
А кто у нас еще сколько нибудь известен в жанре сатиры? ),sarcasm,neutral,0.13439119
