text,label,error_type,curated_score,compressed_score,diversity_score
Ты потратишь его на отдых и на работу.,1,0,2,2,0.093
"Он говорит, что в тот момент на дороге показался я.",1,0,3,3,0.0516
С того времени русские люди заговорили и записали двоечленными предложениями.,1,0,2,4,0.0987
Он где-то достал 30 фунтов меда.,1,0,2,4,0.1102
Том часто не ходит в школу.,1,0,2,2,0.0891
"Я видел, что она волнуется.",1,0,2,2,0.0501
Он присутствовал на дуэли в качестве врача.,1,0,2,4,0.0957
Он отличался большими способностями из своих сверстников.,0,Syntax,3,5,0.0545
"Мы собрались вместе, чтобы все разобраться в этом деле.",0,Syntax,3,4,0.0639
На этом автобусе можно доехать до центра.,1,0,2,2,0.0868
Туда идти было неподалеку.,0,Semantics,3,3,0.0604
Иван ловил в этом озере щук.,1,0,2,2,0.0968
Я положил ружье около себя.,1,0,2,4,0.0762
Пойду к маме и возьму у нее десять рублей.,1,0,2,2,0.0495
"Должен оке ты был с кем-нибудь поговорить, прежде чем начать ра боту.",1,0,3,3,0.0687
Мальчик выглядывает из окна.,1,0,2,2,0.0723
Тебя давно не было в Москве.,1,0,2,3,0.0516
В этом лесу водятся волки.,1,0,2,2,0.0791
Он стукнул меня прикладом.,1,0,3,4,0.0612
Не в добрый час я ее встретил.,1,0,3,4,0.0665
Я не понимаю такой музыки.,1,0,3,3,0.0588
Он обиделся на мою шутку.,1,0,3,3,0.0522
Петя стучал в ее окно.,1,0,3,3,0.0674
Разве он захватил какие-нибудь документы?,1,0,2,4,0.0848
"Тебя вообще мало касается что бы то ни было, связанное со мной.",1,0,2,2,0.0876
Пожарная команда не появилась.,1,0,3,3,0.069
"Нам читали Иванов алгебру, а Петров — теорию вероятностей.",1,0,2,5,0.0911
"Он сказал мне, где он живет.",1,0,3,3,0.0577
Толпа рассеялась один за другим.,0,Syntax,2,4,0.0768
В XIV веке Перемышль уже существовал.,1,0,1,3,0.1328
"Многие из тех, кто любят классическую музыку, с трудом выносят прослушивание современных поп-хитов.",0,Syntax,2,3,0.1047
Маша внимательно читает книгу.,1,0,1,1,0.0453
Мало кто может работать.,1,0,2,2,0.0872
"Я пригрозил ему рассказать все, что знаю.",1,0,2,4,0.0759
Он принял ее взгляды.,1,0,3,3,0.0527
"Я случайно стоял поодаль и слышал, что он сказал.",0,Semantics,3,4,0.0613
"Как он рассчитывает, Маша вернется завтра.",1,0,3,3,0.0655
Он прочел две книги.,1,0,3,4,0.063
"Только что мне сообщили, что оргкомитет, к сожалению, отклонил мой доклад.",1,0,2,4,0.0855
"Я не знал, кто такой Ленин, никогда не слышал этой фамилии.",1,0,2,3,0.094
У нас возникли сомнения.,1,0,3,3,0.0617
"Спасительный оазис то показывался, то исчез снова.",0,Syntax,2,5,0.0995
Он сидел около меня.,1,0,2,2,0.0453
Меня не было в Москве.,1,0,2,2,0.0482
Достань мне из ее чемодана полотенце.,1,0,3,4,0.0497
Я смотрела этот глупый фильм.,1,0,2,3,0.0895
Во дворе злая собака.,1,0,2,3,0.0738
"Коля не был в зале, когда выключили свет.",1,0,3,3,0.058
"Иван знает, что приехала Маша.",1,0,2,2,0.0553
Он подтвердил мне свое согласие.,1,0,3,4,0.0355
"Я хочу, чтобы Иван работает.",0,Syntax,2,4,0.0675
Я слышу что-то родное.,1,0,3,3,0.06
В моем кошельке много денег.,1,0,2,2,0.037
"Я говорил тебе, что Том занят.",1,0,2,2,0.0725
"Что он меня не узнал, было странно.",1,0,2,4,0.0559
"Я вижу, разговор оживляется.",1,0,3,3,0.0607
Только Петя понял что бы то ни было в этом докладе.,1,0,2,4,0.0869
Кошки были священными животными в Древнем Египте.,1,0,2,2,0.1101
На этот раз он не выиграл.,1,0,2,2,0.0634
Вандербильт назначен главой штата Род-Айленд.,1,0,2,4,0.1365
Возьмите из моего стола тезисы докладов.,1,0,2,3,0.0737
Это начало мне надоедать.,1,0,3,4,0.0581
В Италии обнаружены древние могильные комплексы под землей.,1,0,2,2,0.113
"Как очистить затвердевший гель-лак с пластины, каким образом удаляют механические или химые?",0,Morphology,2,4,0.1091
У нее есть уродство.,0,Semantics,3,3,0.06
Я читал этот роман.,1,0,3,3,0.0515
Меня ни разу в этом доме не было.,0,Semantics,3,3,0.0599
В этом городе есть университет.,1,0,2,2,0.0839
Иван не понимает мое желание идти на вечер одному.,1,0,3,3,0.0613
Резко он не затормозил.,0,Semantics,2,2,0.0287
Все утро он был раздражителен.,0,Semantics,3,3,0.0617
"Она воскликнула, что ах, то был только сон.",0,Semantics,2,4,0.0911
"Иван, к сожалению, в отпуске?",0,Semantics,3,4,0.0558
"Я был рядом с вашим домом, но к сожалению не смог зайти к вам.",1,0,2,3,0.062
С кем ты разговаривал?,1,0,3,3,0.0495
Средняя средняя российская общественная учебница стоит 317 человек.,0,Hallucination,2,4,0.1269
Я не хочу принимать его услуг.,1,0,2,4,0.0717
Ведь чем-то эту общую закономерность нужно объяснить!,1,0,2,3,0.084
Большое спасибо за эту информацию.,1,0,2,2,0.0853
Дело приняло неожиданный оборот.,1,0,2,3,0.0611
Он живет в небольшом городке на Каспиийском море.,1,0,1,1,0.0734
Какая она оказалась хитрая!,1,0,3,3,0.0672
Я воспринимаю его как героя.,1,0,3,3,0.061
Бургани погиб при сердечном приступе в Тегеране в 48 годах.,0,Semantics,2,2,0.1269
Я много раз уговаривал его вернуться.,1,0,2,2,0.0736
Сегодня я еще не был на море.,1,0,2,2,0.0738
Перемен в технической политике фирмы еще не наступило.,1,0,3,4,0.0469
Он отказывался от всех предложений.,1,0,3,3,0.0545
"Он не знал, что там есть столовая.",1,0,2,2,0.0857
В мире число узлов сети растет со временем.,1,0,2,3,0.1074
"Боюсь, мне не хватит на это времени.",1,0,3,4,0.0646
"Короткие анимационные фильмы, посвященные женщине-кошке.",1,0,2,4,0.118
Он хочет посоветоваться с каким-нибудь крупным специалистом в этой области.,1,0,3,3,0.0659
Можете ли вы очистить эту грязь?,1,0,2,2,0.0966
"Брат позвонил, когда добравшись до дома.",0,Syntax,2,4,0.0785
У меня было с ним неприятное столкновение.,1,0,3,3,0.0556
Она ждала нас у поворота дороги.,1,0,1,3,0.0727
Мешок весит 50 кг.,1,0,1,1,0.0775
Мы не для этого тебя выбирали.,1,0,2,5,0.0992
"Слушай, возьми моего мужика, ступай в мясной совхоз.",1,0,1,3,0.0947
Моя шутка его обидела.,1,0,3,3,0.0499
Я однажды решал эту задачу.,1,0,3,3,0.0647
Я беру у вас эту книгу на неделю.,1,0,3,3,0.0621
Утром Тамбулов встал рано и стопочкой сложил использованное белье в шкаф.,1,0,2,2,0.0941
"У Маши дети взрослые, а у Даши они в детский сад ходят.",0,Semantics,2,4,0.101
"Петя покрасил дачу, а Коля отремонтировал машину.",1,0,2,2,0.0944
За прилавком стоял продавец.,1,0,2,2,0.0823
На самом деле большая часть фильмов этого периода носит мифологический характер.,1,0,2,4,0.1103
"Моя жена часто звонит мне, когда она путешествует за границу.",1,0,2,2,0.0868
В доме кто-то есть.,1,0,3,3,0.0667
Я прочел уже больше половины книги.,1,0,3,3,0.063
Он ездит туда сам.,1,0,2,2,0.0576
Могу резко не тормозить.,1,0,3,3,0.0476
"Он всегда говорил очень убедительно, хотя у меня возникали некоторые сомнения.",1,0,3,4,0.0234
Он осознал свою вину.,1,0,3,3,0.067
Язык в моей семье и семье был русско-украинский.,0,Hallucination,0,4,0.1001
"День был дождливый, но Коля не взял зонт.",1,0,2,2,0.0847
Кто-то видел каждого из них.,1,0,3,4,0.0527
Маша сидела поодаль от мужа и читала.,0,Semantics,2,3,0.0613
Мой дом стоит не на горе.,1,0,2,3,0.0681
У этой комнаты пять метров в ширину.,0,Semantics,2,2,0.0903
Он становится мертвенно бледным.,1,0,3,4,0.0561
Она взяла мне эту книгу в библиотеке.,1,0,3,3,0.0451
Темные глаза у нее сияли.,0,Semantics,2,4,0.0654
Он меня не узнал.,1,0,2,2,0.0626
В это время из зала в гостиную вошла незнакомая Ларе девушка.,1,0,2,4,0.098
Из-за туч показалась луна.,1,0,2,2,0.0661
"Почему ты, Ваня, не был в школе?",1,0,3,3,0.0681
У него появились боли в левом боку.,1,0,3,3,0.0672
Мне приходит в голову один случай.,1,0,3,3,0.0636
Спортсмен дрался как лев и тигр.,0,Syntax,2,4,0.0972
Звезды погасли одна за другой.,1,0,2,2,0.0776
Я не вижу смысла.,1,0,2,3,0.0707
Я ему об этом написал.,1,0,2,2,0.0511
"Сначала она была в каком-то раздраженном состоянии, но потом успокоилась.",1,0,3,3,0.0639
Жена Николая II согласно завещанию обязана занять престол после его смерти.,1,0,2,4,0.1262
"Да, он может входить, если еще пришел!",0,Semantics,3,4,0.0673
В машине сидели шесть человек.,1,0,2,3,0.0987
Он прошел близко от меня.,1,0,2,2,0.0414
Вы одни показались мне веселым.,0,Syntax,3,4,0.052
"Стала бы я стараться, если бы знала!",1,0,2,5,0.0945
"Я знаю, что Маша уехала.",1,0,2,2,0.0752
Сегодня отец уже был на море.,1,0,1,1,0.0508
Он долго не приходил.,1,0,3,3,0.0469
В это время князь Андрей подошел к Наташе.,1,0,2,2,0.1129
"Она долго бежала рядом с забором, а потом повернула налево.",0,Semantics,1,1,0.0737
"Я был поражен, какая она оказалась хитрая.",1,0,3,4,0.0672
Я не дочитал вашу рукопись.,1,0,3,3,0.0551
"Я знаю, что он, несомненно, прав.",0,Semantics,2,3,0.0281
Я взялся за перила.,1,0,2,2,0.0728
Так быстро он не справится.,1,0,3,4,0.069
К тебе кто-то приходил.,1,0,2,3,0.0522
"Если его не остановить, он до утра быть рассказывать о своих подвигах.",0,Syntax,2,4,0.0877
Ему чужды какие-либо колебания.,1,0,3,4,0.067
Я не затруднил ее своей просьбой.,1,0,3,4,0.0654
Возьмите из моего чемодана полотенце.,1,0,3,3,0.0486
"Комната плохо освещена, поэтому работать в ней неудобно.",1,0,2,2,0.0847
В комнату вошел адвокат.,1,0,1,1,0.0819
Он принял на себя управление имением.,1,0,3,4,0.0659
Уличных звуков сюда не доносится.,1,0,3,4,0.053
Я обрадовался его приходу.,1,0,3,3,0.0411
"Он не мог пожать мне руку, он нес два арбуза.",1,0,2,4,0.0912
Я этого не понимал.,1,0,3,3,0.0465
Вот на этой стене висела картина.,1,0,2,3,0.0586
"Я принимаю его таким, какой он есть.",1,0,3,4,0.0606
Он никогда не ел каши.,1,0,2,2,0.08
"Не может быть, чтобы он не усмехнулся исподтишка.",1,0,3,5,0.0627
Иван выращивает новый сорт пшеницы.,1,0,2,2,0.0946
Я давно не был в Москве.,1,0,2,2,0.0437
"Похоже, никто его не знает.",1,0,1,1,0.0651
Эта речка впадала в небольшое озеро.,1,0,2,2,0.0701
У нее есть изящество.,1,0,3,3,0.0507
Решено: пойдет кто-то один.,1,0,2,3,0.0724
Она боялась его врагов.,1,0,3,3,0.0571
Его обувь нужно отремонтировать.,1,0,2,2,0.0791
Он успел отправить письмо.,1,0,1,2,0.0547
После ее слов у меня опять появилась надежда.,1,0,3,3,0.0714
"Хорошо, что он купил что-нибудь.",0,Semantics,2,4,0.0538
И поэтому я должен разобраться с этим сам.,1,0,2,2,0.0746
Я не обещаю вернуться.,1,0,2,2,0.085
"Рядом с ним стоял какой-то высокий молодой человек, и они о чем-то очень оживленно разговаривали.",1,0,2,3,0.0712
Он пытался заставить меня смеяться.,1,0,2,4,0.0593
Я открыл ему тайну.,1,0,3,3,0.066
МГУ отпраздновало свой юбилей.,0,Syntax,2,4,0.1204
Прямая и отрезок пересекаются.,1,0,2,2,0.0831
В Европе растет беспокойство по поводу кризиса на Среднем Востоке.,1,0,2,2,0.1124
В машине сидело шесть человек.,1,0,2,2,0.098
"Вася что получит, то и пропьёт, а я крутись-вертись на свою зарплату.",1,0,2,4,0.0856
"Проверьте, работает ли ваше соединение.",1,0,1,1,0.1062
Мы с вами встречались.,1,0,3,3,0.054
Он резко не затормозил.,0,Semantics,2,4,0.0263
По завещанию имущество достается жене и детям.,1,0,2,2,0.0985
Мой дом стоит на горе.,1,0,2,2,0.0645
В этот момент он начал говорить.,1,0,2,2,0.0574
Он все еще ей не написал.,1,0,2,4,0.0673
У нее были такие большие зубы.,1,0,2,2,0.0705
Публика приняла эту пьесу с восторгом.,1,0,3,3,0.0704
Канава сейчас отделяет нашу ферму от соседней.,1,0,2,2,0.088
Он съел мясо сырым.,1,0,3,4,0.0638
Меня огорчил его приход.,1,0,3,3,0.0487
В мире есть много зла.,1,0,2,3,0.0828
Я не воспринимаю этого человека.,0,Semantics,3,3,0.0532
Вы не могли бы попробовать торт?,1,0,2,3,0.0948
Иван отменил решение пойти на встречу один.,1,0,3,3,0.0532
Мы не получали письмо.,1,0,2,2,0.0486
Я рискую опоздать на семинар.,1,0,3,3,0.0608
"Это было веселее, чем ходить в зоопарк, потому что Феликс позволил Августину помочь с животными.",1,0,2,4,0.1094
Я не воспринимаю такой музыки.,1,0,3,4,0.0606
"Даже вывеску со здания, которое она занимала, сняли.",1,0,2,4,0.0947
Есть ли много животных в зоопарке?,0,Syntax,2,2,0.0899
Солдаты грелись возле костров.,1,0,2,2,0.0488
Он целый год уговаривал меня к нему приехать.,1,0,2,4,0.0723
"Это хороший повод, чтобы познакомиться.",1,0,2,2,0.0661
"Я думаю, что он прав.",1,0,2,2,0.0246
В этом дворе сторожевая собака.,1,0,2,3,0.0674
Других улик не осталось.,1,0,3,3,0.0678
"Меня не было дома, когда выключили свет.",1,0,3,3,0.0579
Он был весь исцарапан.,1,0,1,3,0.0627
Солдатам командир отдал приказ выдвигаться на позицию.,1,0,1,3,0.0463
"Я рад, что он, наверное, вернулся.",0,Semantics,3,4,0.0604
Ты можешь взять любую из этих книг.,1,0,3,3,0.0602
Он заслонил мне экран.,1,0,2,4,0.07
Она ходит на работу пешком.,1,0,1,2,0.0871
Змея ползет по дороге.,1,0,1,1,0.1042
Весь год у меня был друг.,1,0,2,3,0.0639
"Когда Адам проснулся, Ева уже ушла.",1,0,2,2,0.1024
Меня к ней уже отослали.,0,Semantics,2,4,0.07
Отдайте его в музыкальную школу!,1,0,2,3,0.0967
"Знаю, что он пришел.",1,0,3,3,0.041
Он мертвенно становится бледным.,0,Semantics,3,3,0.056
"Он, я с вами согласен, сильно изменился.",1,0,3,3,0.0698
У соболя густой и длинный мех.,1,0,2,3,0.0904
По утрам открывай окно.,1,0,2,4,0.0724
Автобус не должен отправляться ночью.,1,0,2,2,0.081
Вы явно не читали эту книжку?,0,Semantics,3,3,0.0625
Он проталкивался к двери и кашляет от морозного воздуха.,0,Syntax,2,4,0.071
"Мы собрались вместе, чтобы всем разобраться в этом деле.",1,0,3,3,0.0644
У нас вчера было заседание сектора.,1,0,3,3,0.071
"В 1929 году Ньюкомб переехал на Мальту в качестве главного инженера, а в 1932 году ушел в отставку.",1,0,2,2,0.1278
"Во многих отношениях, это то, о чем все дело.",0,Morphology,2,4,0.0814
"То, что он участвовал в этом сборище, меня удивило.",1,0,3,4,0.0477
Ни один студент не был на лекции.,1,0,3,3,0.0684
Получу ли я от этого пользу?,1,0,2,3,0.0806
"Я думаю, что он это сделает.",1,0,2,2,0.043
У руководства группы были другие планы.,1,0,2,2,0.0809
"Мне не жаль, что он зашел.",1,0,2,4,0.0651
Он сидел у печки и подбрасывал в нее дрова.,1,0,2,2,0.0863
В небе находится неопознанный летающий объект.,1,0,2,4,0.0877
Ваше отсутствие не будет тормозить работу.,1,0,3,4,0.0675
Она думала о его врагах.,1,0,3,3,0.0622
Среди его друзей есть бизнесмены.,1,0,2,3,0.0734
Иногда к ней приходит кто-нибудь из ее друзей.,1,0,3,3,0.057
Он плотно закрыл дверь.,1,0,2,2,0.0564
Не стоит принижать заслуг тренера в победе его воспитанников — юных футболистов — в матче с более опытным соперником.,1,0,2,4,0.0937
"Маша вчера сказала: ""Я приеду завтра"".",1,0,2,3,0.0582
"Эта история - из категории тех мамочек-золотоскатлиц, которые рассказывают моей дочери перед сном-золотоскатлицам.",0,Hallucination,2,5,0.095
"Юноши готовились к соревнованиям наездников, считавшихся у черкесов большим событием.",0,Syntax,2,4,0.1065
Поселок находился вдали от железной дороги.,1,0,3,3,0.0511
"Я думаю, что между ними что-то произошло.",1,0,3,3,0.0598
В среду в университете начинались занятия.,1,0,2,3,0.0789
Я дала тебе свое сердце.,0,Semantics,1,1,0.0713
Мы выбрали Ивана председателем.,1,0,2,4,0.0858
"У нее есть недостатки, но она неплохой человек.",1,0,3,3,0.069
В этот день никто не работал.,1,0,2,2,0.0791
Сегодня отец еще не был на море.,1,0,3,3,0.0343
Флаг развевается на ветру.,1,0,2,2,0.0921
Между ними началось нечто неожиданное.,1,0,3,4,0.0627
Резко он не тормозил.,1,0,3,3,0.0304
Жене моей нездоровится.,1,0,2,4,0.0785
"Ваня, в отличие от других, не понял.",1,0,3,4,0.0664
Было выпито вина.,0,Syntax,3,5,0.0695
Мы с ними договорились.,1,0,3,3,0.0662
"Миша воображает, что его кто-нибудь понял.",0,Semantics,1,5,0.0791
Она сделала печальное лицо.,1,0,2,3,0.0548
У магазина толпилось много народу.,1,0,3,3,0.0695
Крым всегда будет рад вас видеть.,1,0,2,2,0.1029
Мешок весит меньше 50 кг.,1,0,2,2,0.0788
Этот город известен своей уникальной архитектурой и славной историей.,1,0,2,2,0.0999
Мне нет необходимости это выяснять.,1,0,3,4,0.0711
Он осознает свои собственные ошибки.,1,0,3,3,0.0633
У меня есть фото из одного места в Кентукки.,1,0,2,3,0.1016
Дорога идет на север.,1,0,2,2,0.0782
"Насколько я понимаю, он здесь был.",1,0,2,2,0.046
В лесу у нас много грибов.,1,0,2,2,0.0655
Дверь плохо открылась.,0,Semantics,3,3,0.0672
"Иван знает, что занятия отменяются.",1,0,2,2,0.0687
Кухня обслуживает международные и турецкие блюда с акцентом на здоровую пищу.,1,0,2,4,0.0981
Я взяла ее в свою комнату.,0,Semantics,3,4,0.0594
"Врачи сообщают, что Мика, скорее всего, полностью выздоравливает.",0,Morphology,2,4,0.097
Начавшийся процесс его обращения надломился и прекратился трагически.,0,Semantics,3,4,0.0709
Вряд ли я исправлю что бы то ни было.,1,0,1,4,0.0801
"Люди вы свои, и мне жалко, коли вы пропадете ни за что.",1,0,2,4,0.0806
"Чтобы завтра встать пораньше, надо завести будильник.",1,0,3,3,0.071
Ваше отсутствие не тормозило работу.,1,0,3,3,0.0637
Он должен был успеть на поезд.,1,0,2,3,0.0612
Весь вечер мы провели около пианино.,1,0,2,2,0.0863
"Брат надеется на то, что поступит в университет.",1,0,2,3,0.0644
У магазина было много народу.,1,0,3,4,0.0676
Я не дочитал двух страниц.,1,0,3,4,0.0649
Какая-то черная собака находится у вас на участке.,1,0,2,3,0.0741
После войны эта местность получила новое название.,1,0,2,2,0.0969
Я купила ей туфли.,1,0,2,2,0.0785
Светила погасли одно за другим.,1,0,3,5,0.061
Сегодня в овощном были не только яблоки.,1,0,2,3,0.0719
Газифицированные украинские земли начинают влиять друг на друга.,0,Semantics,2,4,0.1141
"Возьми у меня плед, мне тяжело его нести.",1,0,3,3,0.0673
Ты взял белье из прачечной?,1,0,3,4,0.0609
Ваня не был дома.,0,Semantics,0,0,0.0546
"Лежавшая книга на полке была той самой, которую я давно искал.",0,Syntax,3,3,0.0678
Я посмотрел на Машу и на Петю.,1,0,2,3,0.06
Я с удовольствием вымыла посуду.,1,0,2,3,0.071
"Газет он не читает, а просматривает.",0,Semantics,3,3,0.0658
Всю ответственность я принимаю на себя.,1,0,3,3,0.0654
Эти препараты сейчас появились.,1,0,2,2,0.0678
Ветер шелестит листьями в аллее.,1,0,2,2,0.0866
Мне не надо отдыхать.,1,0,2,2,0.0682
"Сомневаюсь, что она знает всякие детали.",0,Semantics,3,3,0.0546
Он ест одну мо ковку.,1,0,3,3,0.0644
Его письмо подтвердило его согласие.,1,0,3,3,0.0474
Он был в страшном отчаянии.,1,0,3,3,0.0444
"Том пошёл в библиотеку, чтобы увидеть Мэри.",1,0,2,3,0.0761
Он начинает меня раздражать.,1,0,3,3,0.0447
У меня есть Маша.,1,0,3,3,0.0659
Я отдам тебе книги на следующей неделе.,1,0,3,3,0.0617
"Согласно официальных данных, в результате землетрясения в Японии погибли более пяти тысяч человек.",0,Syntax,2,4,0.1225
Это был несчастный случай.,1,0,2,2,0.0728
Что ты знаешь нового про Ливию?,1,0,2,2,0.1314
Войска Северного флота приостанавливают операции в районе Нарвских позиций с 16 по 24 марта 2017 года.,1,0,2,4,0.1312
Арест подозреваемых в коррупции вызвал протесты.,1,0,2,2,0.1019
В моей комнате есть кондиционер.,1,0,2,2,0.0711
Он раздражается по любому поводу.,1,0,3,3,0.0464
Она редко о чем-то мечтает.,0,Semantics,2,4,0.0822
"Наверное, к нему кто-нибудь пришел.",1,0,1,1,0.0394
"Я чувствую, что он, наверное, где-то поблизости.",0,Semantics,1,3,0.0459
"Не думаю, что Ваня тоже понял.",1,0,3,3,0.0679
"Совершенно очевидно, что человек отчаянно зануждается в профессиональной консультации и радикальной перемене образа жизни.",0,Semantics,1,5,0.0852
Мы решили эту хозяйственную задачу.,1,0,2,3,0.0699
Я испугался его прихода.,1,0,3,3,0.04
Клинические фармацевты в настоящее время являются неотъемлемой частью междисциплинарного подхода к заботе о пациентах.,1,0,2,4,0.1058
"Он пришел 8 сентября, и приход мальчика был печален.",1,0,2,3,0.104
"Я воспользовался перочинным ножом, чтобы разрезать колбасу.",1,0,2,2,0.0509
"Я сказал это, чтобы сказать что-нибудь.",1,0,3,3,0.0583
Я рискую опозданием на семинар.,0,Semantics,3,3,0.0601
Все гости перепробовали этот торт.,1,0,2,2,0.0981
Он дал свое согласие.,1,0,2,2,0.032
Я была вчера на демонстрации.,1,0,1,3,0.0693
"Он не в Париже, а в Лондоне.",1,0,2,2,0.0865
"Джоуи обещает не влиять на Слейда, но это займёт неделю после появления.",0,Hallucination,2,4,0.1162
Будет искать новых сторонников.,1,0,3,3,0.0712
Можно ли купить новый автомобиль?,1,0,2,2,0.0943
Ваня обрадовал нашу маму своим приходом.,1,0,3,4,0.0596
"Что вы хотите, чтобы я сказал?",1,0,3,3,0.0538
Трава блестит на солнце.,1,0,2,2,0.0822
Постарайся заметить вон ту звездочку над самой горой.,0,Semantics,3,4,0.0575
Из-за туч появилась луна.,1,0,2,2,0.0672
"Ее поклонник, как всегда, сидел около нее, и они о чем-то оживленно беседовали.",1,0,3,3,0.0641
Я ощутил запах гари.,1,0,3,3,0.0606
"Если у тебя есть вопрос к Тому, спроси его сам.",1,0,2,4,0.0801
Всю неделю у меня нарывал палец.,1,0,2,5,0.0926
"Проходите, — сказала женщина, хлопотавшая около стола.",1,0,2,4,0.0845
"Если кто-то из них вдруг придет, я буду рада.",1,0,3,4,0.0603
Я не стирала полотенца.,1,0,2,2,0.076
Я отдала ему свое старое пальто.,1,0,2,3,0.0674
"Я видела, что он плакал.",1,0,3,3,0.052
"Он боится, что она, может быть, его забыла.",1,0,3,4,0.0636
"В нем все бушевало, но сейчас, как ни странно, он начал успокаиваться.",1,0,3,4,0.0659
Он не успел отправить письмо.,1,0,1,1,0.0516
"Он обещает прийти, но не пришел.",0,Semantics,2,2,0.0514
Я был у приятеля.,1,0,3,3,0.0493
В этой реке множество рыбы.,1,0,1,1,0.0457
"Поезд, скрежеща тормозами, остановился.",1,0,2,4,0.0729
"Иван говорит, что во вторник он, может быть, придет.",1,0,2,2,0.0774
"Погода была дождливая, а я не взял зонт.",1,0,2,3,0.071
Я никогда в этом доме не буду.,1,0,3,3,0.0712
"Когда Адам вернулся, Ева пошла в магазин.",1,0,2,2,0.1054
Среди моих студентов есть способные люди.,1,0,3,3,0.0539
Он шел в магазин?,0,Semantics,2,2,0.0668
Пришел мужик в лес и рубил дрова.,0,Semantics,2,2,0.0696
Резко он не тормозит.,1,0,3,3,0.0354
Он открыл шкаф и достал оттуда два больших полотенца.,1,0,2,2,0.0692
Хозяйки в доме не заметно.,1,0,3,3,0.0655
"Иван говорит, что слегка простужен.",1,0,3,3,0.0625
Иван показал Лене на фотографии.,1,0,1,1,0.0744
В летнее время эта площадка превращалась в ресторан.,1,0,2,2,0.0972
В начале четвертого курса она уже владела шведским языком.,1,0,2,4,0.1033
Завтра я буду принимать дела.,1,0,2,2,0.0522
Сторонников новых будет искать.,1,0,3,3,0.0704
Этот бой был очень тяжелым.,1,0,2,2,0.0535
Он сейчас в зале периодики читает журналы.,1,0,0,4,0.0663
Иван не был дома месяц.,1,0,3,3,0.0659
"Я уверен, что он несомненно прав.",1,0,2,2,0.0251
Ее матери пришлось пережить много горя.,1,0,3,3,0.0673
Я смотрел фильм на французском языке с английскими субтитрами.,1,0,2,2,0.0816
Она приняла к себе ребенка.,0,Semantics,3,4,0.0529
"Он утверждает, что все знает об этом.",1,0,2,2,0.0552
Перемены в технической политике фирмы еще не начались.,1,0,3,3,0.0484
"Он все-таки дал ей ту книгу, которую она хотела.",1,0,3,3,0.0635
Можно пойти на концерт.,1,0,2,3,0.0777
"Иван подозревает, что его обманывают.",1,0,3,3,0.0707
"Если она не хочет принять вашу помощь, пусть примет мою.",1,0,2,4,0.074
Я шел вдоль реки по узенькой тропинке.,1,0,2,3,0.0664
Сегодня отец еще не работал в саду.,1,0,2,2,0.0675
Инна у купила платье.,1,0,1,1,0.0862
На поляне мы нашли малину и ягоды.,0,Semantics,0,0,0.0884
Отдай мне эту книг.,1,0,3,3,0.0463
Сотрудник отказался от помощи.,1,0,2,2,0.0737
"Вася читал книгу, а Петя — газету.",1,0,2,2,0.082
"Он получил облегчение, узнав, что она простила ему.",1,0,3,3,0.0531
В 1950 г. на старом месте построили современную многофункциональную арену с 22 000 зрителями.,1,0,1,4,0.1225
Мальчик высунулся из окна.,1,0,2,3,0.0844
Бутыль вмещает пять литров.,1,0,2,2,0.0969
Я хочу с вами посплетничать.,1,0,3,4,0.0574
Мы разбили лагерь у деревни Татия.,1,0,2,4,0.0972
У него на лице есть улыбка.,0,Semantics,0,0,0.0467
Ты сейчас же взял и вылил воду!,0,Semantics,2,4,0.0866
"В группу студентов, направленных на полевую практику, входят сорок один человек.",0,Syntax,2,3,0.1047
Чей портрет висел на стене?,1,0,2,2,0.0693
Прогулка не состоялась благодаря плохой погоде.,1,0,2,3,0.0721
"Описано точное описание внешности ""ангела с пышными волосами"".",1,0,2,3,0.1033
Его даже Канкрин считал очень способным человеком.,1,0,3,4,0.0634
"Я могу сделать для вас все, что угодно, хоть сейчас.",1,0,3,3,0.0689
"Вероятно, вы читали книгу Иванова на эту тему.",1,0,3,3,0.071
Какой-нибудь человек всегда должен об этом помнить.,0,Semantics,2,3,0.0804
Учитель поставил три двойки.,1,0,2,2,0.0827
"Как жаль, что меня не было с вами.",1,0,2,2,0.0689
Меня в этом доме никогда не будет.,1,0,3,4,0.0668
"Я хочу знать, берете ли вы эти деньги.",1,0,3,3,0.0525
"Линия состоит из двух точек, соединенных прямой линейкой, и измерение проводится по ее длине.",1,0,2,4,0.1032
У меня написался диплом.,0,Semantics,2,4,0.0688
"Я спросил у прохожего о том, что есть ли поблизости какая-нибудь станция метро.",0,Syntax,2,4,0.0767
"Он выписывает только как художественные, так и математические журналы.",0,Syntax,0,4,0.0929
Вход в пещеру заваливают камни.,1,0,3,3,0.0611
Я воспринимаю его как своего врага.,1,0,3,3,0.0636
Весь день я провела около плиты.,1,0,2,2,0.0716
Он зарабатывает 50 тысяч долларов.,1,0,1,1,0.1001
"Почему я решил, что человека, с которым я сел рядом, зовут Василием Ивановичем?",1,0,2,4,0.0875
Вани нигде не было.,1,0,3,3,0.0553
Он живет в небольшом городке у Волги.,0,Semantics,2,2,0.0617
"Я предложил ей помощь, но гордая девушка отказалась.",1,0,2,2,0.0734
Деревья слабо звенели ветками.,1,0,2,3,0.0662
Я не читал твою статью.,1,0,2,2,0.0479
Очень рады будем видеть вас у нас этой субботой.,0,Semantics,2,3,0.0792
Был у нас на курсе один студент.,1,0,2,2,0.0692
"Он сказал, что он заболел.",1,0,2,2,0.0542
Это ведь к нам близко.,1,0,2,3,0.0623
"Петя сказал «уходи», но это неправда.",0,Semantics,2,4,0.0744
Информационный портал Всероссийской олимпиады школьников пользуется большой популярностью у старшеклассников.,1,0,2,2,0.1145
Сейчас картина была вывезена в Америку и продана музею.,1,0,2,2,0.0913
Любой из вас мог бы пойти туда.,1,0,3,3,0.0712
Где стоит твоя машина?,1,0,2,3,0.0852
У него был талант рассказчика.,1,0,2,2,0.0641
Отца никогда не было на море.,0,Semantics,3,3,0.0592
Я не брала ключи.,1,0,2,3,0.0586
Я живу почти рядом с Вами.,1,0,3,3,0.0612
Отказ от игры ронял Фишера в глазах шахматистов.,1,0,3,4,0.0653
Он сидел за роялем и разучивал новую пьесу.,1,0,1,3,0.0921
"Это то, что моя мама говорила.",1,0,2,2,0.0731
Требуется справка с места работы.,1,0,2,3,0.0909
"Он долго не писал, и вдруг я получаю сразу два письма.",1,0,3,3,0.0669
"Он был внимательнее, чем никогда прежде.",0,Semantics,2,4,0.0797
Подобные поручения очень обременяют.,1,0,3,4,0.0701
"В эвакуации кафедру генетики получил профессор Шумский, который отлично поладил с деканом.",1,0,2,4,0.1103
В городе никого не найти.,1,0,2,2,0.0799
Зачем ты открыл форточку?,1,0,2,2,0.0735
"Зина считает, что Иван, безусловно, вернется.",1,0,2,4,0.0794
"Вот я вижу себя снова в деревне, глубокой осенью.",1,0,2,4,0.099
"Из того, что Вы сказали, я полагаю, что он прав.",1,0,2,4,0.0411
Его появление вызвало замешательство.,1,0,2,2,0.0563
Я попросила его постричь газон рядом с нашим домом.,1,0,2,3,0.0864
"Сейчас берешь-ка животное, и мы отправляемся в зоопарк.",0,Semantics,2,5,0.0874
"Когда у меня возникали некоторые сомнения, он всегда говорил очень убедительно.",1,0,3,3,0.0267
Я начинаю новую жизнь.,1,0,2,2,0.0987
"Я сожалею, что не сдержала своего обещания.",1,0,2,3,0.0821
"Занятий, я рад, не будет.",0,Semantics,3,5,0.0669
"Я пошла туда, чтобы хоть куда-нибудь пойти.",1,0,3,4,0.0619
Но я смотрел этот фильм!,1,0,2,3,0.071
Мне легко это сделать.,1,0,2,2,0.0815
Войну и мир писал Толстой.,0,Semantics,0,2,0.0969
"Мне послышалось, что кто-то плачет.",1,0,3,4,0.0603
"Раньше она была в каком-то раздраженном состоянии, а потом успокоилась.",0,Semantics,3,3,0.062
Он отдал все свое состояние.,1,0,3,3,0.0544
"Я не могу ехать, у меня есть бабушка.",0,Semantics,2,3,0.0723
"Я прожил неделю и, несмотря на то, что не было там у меня ни одного знакомого человека, провел время чрезвычайно весело.",1,0,2,4,0.0903
"Все зашумели, задвигались, заговорили.",1,0,3,4,0.0679
"Хочешь, я возьму к себе в рюкзак твой спальный мешок.",1,0,3,3,0.0666
В моем кошельке есть масса денег.,1,0,2,3,0.0381
Другие улики не остались.,0,Semantics,3,4,0.0642
"У него способности, у меня деньги.",1,0,2,4,0.0599
Не переходи улицу в этом месте.,1,0,3,3,0.0659
Я этого не понял.,1,0,3,3,0.0471
У нас в институте проводятся лекции по истории искусств.,1,0,2,2,0.0846
Он решил ту или иную сложную задачу.,0,Semantics,3,3,0.0475
Она быстро усвоила его приемы работы на станке.,1,0,2,4,0.0874
Россия имеет дипломатические отношения со многими странами.,1,0,2,2,0.1099
Неужели он кажется тебе бледным?,1,0,3,3,0.0712
Сегодня отец еще не был дома.,1,0,2,2,0.0481
"Королева сказала портному, что он болван.",1,0,2,3,0.0981
Я дал ему 100 рублей.,1,0,2,2,0.0694
Илья и Света поцеловались.,1,0,2,2,0.1056
"По одной из версий, именно за умелое правление и заботу к доставшемуся наследству Иван Данилович получил прозвание Калита.",0,Syntax,2,4,0.1123
Операцию делали ему в Москве.,1,0,2,2,0.0879
"Вася сказал: ""Я купил тебе одну книгу"".",1,0,3,3,0.0563
Этот стол был очень тяжелым.,1,0,3,3,0.0556
"Удивительно, что он согласился.",1,0,3,3,0.0436
"К сожалению, его нет дома.",1,0,3,3,0.0627
"Я думаю, она, вероятно, откажется.",1,0,2,2,0.0734
Звуков с улицы не доносится.,1,0,3,3,0.046
Мне слышится что-то родное.,1,0,3,4,0.0599
"Медсестра часто знает дело лучше, чем врач.",1,0,2,4,0.1018
"Я принимаю его таким, как он есть.",1,0,3,3,0.0607
"Похорони меня, и выходи замуж...",1,0,1,4,0.0926
В воскресенье шел дождь.,1,0,1,1,0.0755
"Я объяснял, но он не понял.",1,0,2,2,0.0541
В доме нет кошки.,1,0,0,0,0.0776
Только ты можешь дать мне счастье!,1,0,2,2,0.0812
"Нам уже было известно, что он приехал и другие факты.",0,Syntax,3,3,0.0602
"Все было тихо, и только где-то в отдалении шумели поезда.",1,0,3,3,0.0555
Только от вас я приму деньги.,1,0,3,4,0.0616
"Свадьба будет, скорее всего, в октябре.",1,0,2,2,0.0989
Он покупает несколько журналов.,0,Semantics,0,0,0.059
Установка не работала и трех лет.,1,0,2,4,0.0802
"Он вспоминал, как ее зовут.",1,0,3,4,0.0609
"Не думаю, что Том знает кого-то, кто может это сделать.",1,0,2,4,0.0727
Я не стирала полотенце.,1,0,2,3,0.0741
"Кто писал ""Войну и мир""?",0,Semantics,0,0,0.0946
"Я заметила, что он действительно постарел.",1,0,2,2,0.0661
Такую котлету мне не съесть.,1,0,2,4,0.0863
Мне предлагали написать на нее рецензию.,1,0,3,3,0.0576
Вечером у нас будут гости.,1,0,2,2,0.0765
"Не мешай, у нас важный разговор.",1,0,3,3,0.0656
"Кто рыжий, а Вася блондин?",0,Syntax,2,5,0.1115
В отдалении сверкал огонек.,0,Semantics,3,3,0.0607
Я провожу вечера у радио.,1,0,2,3,0.0857
"Я чувствую, что мне, кажется, придется уезжать.",1,0,3,3,0.0594
Он принял командование полком.,1,0,3,4,0.0656
На тёмной листве блестели дождевые капли.,1,0,1,3,0.074
Как я смогу получить эти книги?,1,0,2,3,0.0534
В этом дне была какая-то особенная прелесть.,1,0,2,2,0.0719
"Как я надеюсь, ты собрался?",0,Semantics,2,4,0.0724
Он сразу нас не одобрил.,1,0,2,2,0.0693
Иван опять провалился на экзамене.,1,0,2,2,0.0792
"Не мешай, я вижу по телевизору ""Галатею"".",0,Semantics,2,5,0.088
В нашем лесу есть озеро.,1,0,1,1,0.0641
Он кое-как справился с заданием.,1,0,3,4,0.049
Звуков с улицы не доносилось.,1,0,3,4,0.0471
"Дай мне какую-нибудь книгу на эту тему, любую.",1,0,3,3,0.0518
"Коля считает, что свадьба будет, скорее всего, в октябре.",1,0,2,3,0.0994
Художник нарисовал и любуется прекрасной картиной.,0,Syntax,2,2,0.0751
После этого они начали смеяться громко.,1,0,3,3,0.0593
Сегодня в овощном были яблоки.,1,0,2,2,0.0719
Он не будет тормозить резко.,1,0,3,4,0.0379
Я виделся с ней давно.,1,0,3,3,0.0542
"Сомнения в нём были, раз хотели проверить.",1,0,3,4,0.0593
"Я сказал вам, когда наступит время.",0,Syntax,3,3,0.0703
Охранник стоял сбоку от президента.,1,0,2,2,0.1083
"Он сказал, что живет в Сан-Франциско.",1,0,2,2,0.0741
Вдали окруженный горами виднелся величавый Бешту.,1,0,2,4,0.0812
Кто-нибудь из вас мог бы пойти туда.,1,0,3,3,0.056
"Погода, ей кажется, плохая.",0,Semantics,3,3,0.0673
Стаканы будут поставлены в шкаф.,1,0,2,2,0.0642
"Когда мы ходим на работу, покупаем квартиру, пытаемся поспекулировать акциями или валютами, то все наши действия направлены на получение доходов.",0,Semantics,2,4,0.0959
Коля не находил своего ключа.,1,0,2,2,0.0704
"Ну скажи, что он собой представляет?",1,0,2,2,0.0761
Его рассказы пестрят междометиями.,1,0,2,4,0.0786
После tete-a-tete совещания председателей было проведено расширенное заседание.,1,0,2,3,0.1013
"Как известно, в определённый период развития естественно-научного знания его гуманитарная составляющая стремительно сокращалась.",1,0,2,4,0.1018
"Я прочел статью, и теперь все знаю.",1,0,1,1,0.07
Он сел подле своей жены.,1,0,3,4,0.0702
Машу побил ее муж.,1,0,2,4,0.0987
У нас в институте есть занятия по английскому языку.,1,0,2,2,0.0725
Музыкальное произведение Шопена до сих пор популярно у любителей классической музыки.,1,0,2,2,0.1034
"Интереса к его трудам не замечено, не наблюдается.",1,0,2,2,0.0771
Он не справился с заданием.,1,0,3,3,0.0583
"Он курировал работу Исполнительного комитета миссионеров, Комитета всеобщего благосостояния и Центрального совета по делам печати.",1,0,2,3,0.1029
Он не развлекает меня своими анекдотами.,1,0,3,3,0.065
Она ходила в баню по субботам.,1,0,2,2,0.0871
Он выбирает себе жену из казачек.,1,0,3,3,0.068
На столе были книги и журналы.,1,0,1,1,0.0678
"Энди Уорхола написала свою работу в 1986 году на автосалоне ""Автомобили"".",0,Syntax,2,5,0.1278
"Я порвал пиджак, зацепившись за гвоздь.",1,0,2,4,0.098
Теперь уравнение имеет следующий вид.,1,0,2,2,0.0821
"Слушай, что тебе мама говорю.",0,Syntax,2,4,0.077
"Это такой человек, ты его ни за что не переспоришь.",1,0,3,3,0.0662
Исходный код программы требовал доработки.,1,0,2,2,0.0977
Odense - третий город Дании и главный город Фюнского острова.,0,Hallucination,2,2,0.1515
Том не пытается вас впечатлять.,0,Morphology,3,4,0.0668
"Вчера обнаружилось, что преступник на свободе.",1,0,3,3,0.0634
Илья и Света поцеловали друг друга.,1,0,2,4,0.1018
"Перед началом тренировки сделайте несколько глубоких вдохов, чтобы успокоиться и настроить себя на нужный лад.",1,0,2,4,0.1075
Иван не пошел на концерт.,1,0,2,2,0.0575
"Ты тогда замечал, что он странно себя ведет?",0,Semantics,3,3,0.0564
В комнату вошел мой адвокат.,1,0,1,1,0.0764
Хутор лежал вдалеке от железной дороги.,1,0,2,3,0.0787
Теперь появился новый лекарственный препарат.,1,0,2,2,0.0658
"Отправиться бы нам на море, захватив с собой детей.",1,0,2,4,0.0993
Даже лебеда не выросла.,1,0,2,4,0.1159
Они не замечали меня.,1,0,2,2,0.0667
Путешествие отвлечет его от себя.,1,0,2,4,0.0712
Я не ел ветчины.,1,0,2,3,0.084
Лейтенант-коммандер Ходжкинсон получил приказ быть готов к взлету.,1,0,3,3,0.0665
"Мне кажется, что кто-то пришел.",1,0,2,2,0.0425
Он часто сюда приходит.,1,0,3,3,0.0586
Они считали его талантливым.,1,0,3,3,0.0428
Я говорю с Машей.,1,0,2,2,0.0706
Они давно живут в Стрелецке.,1,0,2,3,0.0842
"Получила письмо из дома — мать написала, что все в порядке.",1,0,2,4,0.0855
"В прошлом году дом был желтым, а потом его покрасили в красный цвет.",1,0,2,2,0.092
А вот Марат Сафин после турнира в «Куинс-клубе» не покидал Альбион.,1,0,2,2,0.1146
Тормозов не лязгало.,0,Semantics,2,4,0.0501
"Похоже, что он выиграет.",1,0,2,3,0.0651
"Заканчиваем перерыв, приступаем за работу!",0,Syntax,2,4,0.0852
Новый ключ открыл дверь без труда.,1,0,2,2,0.0702
Я очень гордился своим отцом.,1,0,2,2,0.0733
Я готов помочь любому из них.,1,0,3,3,0.0552
"Ему не повезло, что он встретил эту женщину.",1,0,2,3,0.0645
"Маша читает книгу, и Саша читает.",1,0,3,4,0.028
В музее капитолия Аризоны представлены пятнадцать символов.,1,0,2,2,0.1311
"Выбирай, жизнь или кошелек.",1,0,2,5,0.0964
"Я понимаю, на что он намекал.",1,0,3,3,0.0569
Любой школьник решил эту задачу.,0,Semantics,2,4,0.0741
Они прошли совсем близко друг от друга.,1,0,3,4,0.059
Посылку у меня не приняли.,1,0,3,4,0.063
"Мне жаль, что занятий не будет.",1,0,3,3,0.0661
Иван нарушил обещание встретиться с нами самому.,1,0,3,3,0.0508
С каким напряжением она следила за этой сценой.,1,0,3,3,0.0685
Он ест одну грушу.,0,Semantics,2,3,0.0612
Меня удивил его приход.,1,0,2,2,0.0329
Я получил к нему склонность.,0,Semantics,3,4,0.0592
Только мой ключ открыл дверь.,1,0,3,4,0.0533
Когда же выпадал этот снег?,0,Semantics,2,3,0.0672
"Мой друг работает, чтобы заработать на покупку квартиры.",1,0,2,2,0.0935
Зимой сопротивляемость организма болезням ослабляется.,1,0,2,3,0.0958
Он рисковал попасть за решетку.,1,0,3,3,0.0641
Он ездит туда один.,1,0,2,2,0.0606
Сейчас я пишу статью о местоимениях.,1,0,2,3,0.0898
Свечка погорела и погасла.,1,0,2,2,0.0717
"Обнаруживается, что преступник на свободе.",1,0,3,3,0.0644
Разрешаю тебе поставить кресло в мою комнату.,1,0,3,3,0.0669
Я тогда не могла ему ничего сказать.,1,0,3,4,0.0498
Иван не был в своей комнате.,1,0,3,3,0.0627
Я принимаю ваше приглашение.,1,0,3,3,0.0648
"Я был в кино, а Иван не был.",1,0,3,3,0.0692
Эта работа дала мне удовлетворение.,1,0,2,2,0.071
Нашему теляти да волка поймати!,1,0,2,4,0.092
Поселок расположен вдали от железных дорог.,1,0,3,3,0.0511
Почему вы не хотите принять эти деньги?,1,0,2,2,0.0797
"Он отрицает, что все знает об этом.",1,0,2,3,0.0623
Какое-нибудь задание было дано каждому из них.,1,0,3,4,0.0666
Вани в комнате не было.,1,0,3,3,0.0692
"Тем не менее, он только предсказывает, что болен.",0,Semantics,2,3,0.0714
Что вы думаете о Томе?,1,0,2,2,0.0888
В комнате книжный шкаф и письменный стол.,1,0,2,2,0.0733
Глаза у нее сияли.,1,0,2,2,0.0645
У Маши сын пошел в школу.,1,0,2,2,0.0896
Женская команда заняла девятое место на Олимпийских играх в 2004 году.,1,0,2,2,0.1376
Мне дали квартиру поблизости от Филевского парка.,1,0,2,3,0.0918
Я предложила ей жить в моей комнате.,1,0,3,4,0.0635
Эти стены видели многое.,1,0,2,2,0.0852
Я не знаю Машу Трофимову.,1,0,2,4,0.0865
Это произошло на этот раз.,0,Syntax,1,1,0.0806
Этот замок имеет красивое положение.,0,Semantics,2,2,0.0932
Над столом висели фотографии.,1,0,2,2,0.0624
В тот день он сидел дома ровно в шесть.,0,Semantics,2,4,0.0791
На прошлой неделе картина была продана.,1,0,2,3,0.0905
Нет ли где поспать?,0,Semantics,3,3,0.065
Прошу у вас прощенья за вчерашнее.,1,0,3,3,0.0674
"Но, как только она сказал это, он вдруг выпрямился, и лицо его приняло гордое и строгое выражение.",1,0,2,2,0.0743
Мы осмотрели их каждого по отдельности.,1,0,3,3,0.0689
Я не был дома весь день.,1,0,0,2,0.0544
"Вы надеетесь, что вам этого не нужно делать.",1,0,1,4,0.0898
"Были в ней и скромность, и изящество, и достоинство.",1,0,3,3,0.0483
Затем в 2007 году шахту приобрела компания Petra Diamonds и до сих пор находится в эксплуатации.,0,Syntax,2,2,0.1338
"В 2017 году компанией ""БелАЗ"" запустили завод по производству тормозных колодок, дисков, накладок в городе Старые дороги.",0,Syntax,2,4,0.1165
Я взял лыжи напрокат.,1,0,2,2,0.0903
Железо тонет в воде.,1,0,2,2,0.1042
Маша только что мыла пол в коридоре.,1,0,2,2,0.0976
Ответа мы не получили.,1,0,2,4,0.0454
Внимательно вы эту статью не прочли.,1,0,2,3,0.0494
"Я не мог поверить, что этот человек и есть я.",1,0,3,3,0.0619
Поселок расположен далеко от реки.,1,0,2,2,0.0508
Она с любопытством поглядывала на меня вблизи.,0,Semantics,3,3,0.0526
Перед домом есть колодец.,1,0,2,2,0.0763
"Я считаю, что Маша очень мила.",1,0,2,2,0.0727
Узенькая тропинка шла вдоль реки.,1,0,2,2,0.0699
Стаканы есть поставлены в шкаф.,0,Syntax,3,4,0.0618
Он получил ее согласие.,1,0,2,2,0.0363
"Если ты возьмешь сумку, то я— чемодан.",1,0,3,4,0.0637
Прошу тебя открыть окно.,1,0,2,2,0.0637
Величественный горный пейзаж вызывал восхищение.,1,0,2,2,0.0639
Мы пойдем до него.,1,0,3,3,0.0621
"Нельзя ни к кому не обращаться, когда ты нуждаешься в помощи.",1,0,3,3,0.0643
Он дал ему подзатыльник.,1,0,3,3,0.0661
У нас в лесу есть озеро.,1,0,1,3,0.0633
"Ваня видел, как они купались.",1,0,2,4,0.0914
Мне еще решить задачу.,0,Syntax,3,4,0.067
"Точно что вы хотите, чтобы я сделал?",0,Syntax,3,4,0.0554
Я увидел этот фильм.,1,0,2,2,0.0605
Том никогда не забывал Мэри.,1,0,2,2,0.0794
Это был 16-миллиметровый безопасный фильм.,0,Hallucination,2,4,0.1262
Этот институт находится близко от метро «Академическая».,1,0,2,4,0.0958
В 13 лет он дал первый концерт профессиональной музыки.,1,0,2,4,0.1103
Он выпил стакан воды.,1,0,1,1,0.0661
Я хочу посоветоваться с хорошим врачом.,1,0,3,3,0.045
Весь год у меня был помощник.,1,0,2,2,0.0684
Эта трава выше деревьев.,1,0,2,2,0.0725
С этим ушибом каждый врач справится.,1,0,2,2,0.0948
"Тома, вероятно, будет бояться собаки Мэри.",0,Syntax,2,5,0.0825
Я буду завтра в банке.,1,0,1,3,0.0653
"Не скрою, он мне понравился.",1,0,2,2,0.0507
Президент лично пригласил нас.,1,0,3,3,0.0697
"Чтобы как следует использовать окружающее их на суше пространство, люди изобрели всевозможные приспособления: эскалаторы, лифты, лестница и многое другое.",0,Syntax,2,4,0.1059
Он уехал из Москвы в Петербург.,1,0,1,1,0.0827
"Я никогда не думал, что это сделаю.",1,0,2,2,0.088
Эта речка впадает в небольшое озеро.,1,0,2,3,0.0721
В этот момент он врывается в комнату и открывает окно.,1,0,3,3,0.0652
Студент купил книгу у букиниста.,1,0,3,3,0.0297
Напротив моего дома есть колокольня.,1,0,3,3,0.0712
"Он в таком восторге от всего, что связано с Францией, что хочет жениться на какой-нибудь француженке.",0,Semantics,3,4,0.0693
Сейчас картина была вывезена в Америку.,0,Semantics,2,4,0.0897
Маша считает этот суп достаточным.,0,Semantics,2,4,0.0891
"Я считаю, что ты, несомненно, справишься.",1,0,1,4,0.0699
Сразу по приезде приехавшие родственники к нам в гости поселились на даче.,0,Syntax,0,4,0.0801
Я дочитал вашу рукопись до середины.,1,0,3,4,0.0589
Вместе с тем у нее не было никаких причин скрывать от меня что бы то ни было.,1,0,3,3,0.0646
Здесь всегда холодно.,1,0,2,2,0.0915
Я люблю отдыхать у Черного моря.,1,0,2,3,0.093
По дороге шла женщина.,1,0,1,1,0.0843
"Я звонил Маше, но ее дома не оказалось.",1,0,3,3,0.0668
Названо самое популярное произведение рэпера XXXTentacion.,1,0,2,4,0.1346
Он дал мне десять рублей.,1,0,2,2,0.0391
Коли где-то не было.,0,Semantics,3,3,0.0649
Они читали мои жалобы на себя.,1,0,3,4,0.0635
Я получила незаслуженный упрек.,1,0,3,3,0.0646
Мы просим вас нам спеть.,1,0,2,3,0.0898
"Иван считает, что он почти закончил диссертацию.",1,0,3,3,0.0672
Около стола стояло большое кресло.,1,0,1,1,0.0598
Бабушка до сих по любит его без памяти.,1,0,1,3,0.0836
Он страшно был в отчаянии.,0,Semantics,3,3,0.0442
"В шкафу стоят книги, на полках лежат не только газеты, но также и стеклянная посуда.",0,Syntax,2,4,0.0737
"Я думал, ты со мной согласишься.",1,0,2,3,0.0664
"Дюшен послал свою диссертацию в Институт Пастера, но не получил ответа.",1,0,2,4,0.1128
"Мне было тяжело обращаться к кому-нибудь с такой просьбой, и я решил все сделать сам.",1,0,2,4,0.0734
На чем они разговаривают?,0,Syntax,3,3,0.0589
"Он существовал, и между прочим существовал он неплохо.",0,Semantics,2,4,0.0715
Он решил задачу прямым перебором.,1,0,3,4,0.0549
"Создатели Roland Gar собрались устроить для школьников ""роль"" Роскосмоса.",0,Hallucination,2,4,0.1141
Кириллин день еще не миновал.,1,0,0,4,0.1067
Он не прислал ответ.,1,0,2,2,0.0404
С 1973 года уровень льда контролируется спутниками.,1,0,2,3,0.112
Неужели мы не можем ее сжечь?,1,0,2,3,0.097
"Среди моих студентов есть такие, которые видели этот фильм.",1,0,3,4,0.064
Публика с возмущением приняла его выступление.,0,Semantics,3,4,0.0704
Иван не может опоздать.,1,0,2,3,0.0674
"Наверное, я казался себе смешным.",0,Semantics,2,4,0.0607
Мне было приятно обращаться к кому-нибудь с такой просьбой.,0,Semantics,3,4,0.0573
Вопрос: Нужны ли России малые предприятия вообще?,1,0,2,2,0.1209
Отец не был на море.,1,0,2,2,0.0433
"Я чувствую, что он прав.",1,0,2,2,0.0302
Он сажал все деревья в том саду.,1,0,2,2,0.0825
Только это дало мне смелость обратиться к Вам за помощью.,1,0,3,4,0.0699
Дерево над корнями было срублено.,0,Semantics,3,3,0.053
Я уговаривал ее вернуться.,1,0,2,4,0.0671
"Он чувствовал, что между им и ею существовала преграда.",1,0,3,4,0.0617
"Я звонил в дверь, но звонка не было.",1,0,3,4,0.0704
Наконец-то я ее увидел.,1,0,3,4,0.0534
Вместе с тем у нее не было никаких причин скрывать от меня что-либо.,1,0,3,4,0.0624
У него было много любых дел.,0,Semantics,2,4,0.0588
Он обозначил мне границы.,1,0,3,4,0.0569
Вопреки рекомендаций врачей спортсмен не снижал нагрузки во время тренировок.,0,Syntax,2,5,0.0942
"Я был близко от ее дома, но подойти к самому дому не смог.",1,0,2,2,0.0617
"Вырыли яму, чтобы ловить людей, но ни одного человека в нее не упало.",1,0,2,4,0.1112
Иван был назначен командованием на свою нынешнюю должность.,1,0,2,2,0.0754
Доход на душу населения в 2017 году составит $20543.,1,0,2,2,0.1392
Он живет недалеко возле каменной церкви.,1,0,1,3,0.0795
Он отказался от всякой помощи.,1,0,3,3,0.0624
"Мне было неприятно им помогать, но я все-таки помогал.",1,0,3,3,0.0609
Его давно не было в Москве.,1,0,3,3,0.0458
"Лучше разговаривать в саду, а не на пыльной дороге.",1,0,2,2,0.0975
Она решила взять сына домой.,1,0,3,3,0.0702
"Я видел желтое пятнышко, но не понял, что это оно.",0,Semantics,3,3,0.0676
Ты должен ей помочь.,1,0,2,2,0.0671
"Писатель пригласил журналистку, чтобы дать ей интервью.",1,0,3,3,0.0352
"Он бывал везде: и на Рейне, и на Ганге.",1,0,2,3,0.0868
Стены уже который год грозятся перекрасить.,1,0,2,4,0.098
"Я вижу, там кто-то есть.",1,0,3,3,0.0419
Возьми у меня корзинку и поставь ее куда-нибудь поблизости.,1,0,3,4,0.07
Тебе надо показаться врачу.,1,0,3,4,0.061
Она сидела рядом со мной и горько плакала.,1,0,2,3,0.0508
Давным-давно они жили в Стрелецке.,1,0,2,2,0.0772
"Чтобы встать пораньше, надо завтра завести будильник.",1,0,3,3,0.0708
Иван взял с собой плащ или куртку.,1,0,3,3,0.0684
Я взяла его за своего брата.,0,Semantics,3,4,0.0605
Где-то невдалеке и вверху замигал огонек.,1,0,3,4,0.0615
Том не пытается вас впечатлить.,1,0,3,3,0.0673
"Какой тут отдых, когда дел столько?",1,0,2,5,0.0889
Мне видится это так.,1,0,3,3,0.0707
Компания начинает обсуждать дальнейший план действий.,1,0,2,2,0.0857
Есть о чем рассказывать!,1,0,3,3,0.0663
Сообщение не рассердило Марию.,1,0,2,4,0.0627
Мы приняли его в партию.,1,0,2,2,0.0654
Над сектором сгущаются тучи.,1,0,2,3,0.0803
Церковь стоит на холме.,1,0,2,2,0.0884
О староверах я уже писал.,1,0,2,3,0.0911
Он вскоре понял свою ошибку.,1,0,2,2,0.0543
Его доклад был информативным и познавательным.,1,0,1,1,0.0837
"Я думаю, что он этого не сделает.",1,0,1,1,0.0717
Том разговаривает с Геком.,1,0,1,1,0.0914
Приноси книги в аудиторию.,0,Semantics,3,4,0.0692
Я слышу хрип звонка.,1,0,3,3,0.0659
"И мы столкнем их с другим лучом протонов, движущимся в противоположном направлении.",1,0,2,4,0.0975
Вани не было дома.,1,0,0,3,0.0559
"Хочу любить вас вечно, хочу спасти вас от самого себя.",1,0,1,4,0.0872
С ребятами занимаются опытные тренеры.,1,0,2,2,0.0872
Кассир выдал мне зарплату.,1,0,2,2,0.0687
Мне не нужно отдыхать.,1,0,2,3,0.0696
Ваня не решал задачу.,1,0,2,2,0.0545
В работе имеются ссылки на Якобсона.,1,0,2,4,0.0935
"Хотя погода была хорошая, он не пошел гулять.",1,0,1,1,0.0703
"Они зайдут, когда ты спрячешься.",1,0,3,3,0.0377
Я хочу увидеть Машу.,1,0,2,2,0.064
"Вероятно, он что-нибудь там делает.",1,0,1,4,0.0482
Все лето трава была зеленой.,1,0,2,3,0.0865
Солдаты получили от командира приказ выдвигаться на позицию.,1,0,1,1,0.0458
Меня рассердила его невнимательность.,1,0,2,4,0.0417
Возьмите у него из стола мои книги.,1,0,3,3,0.0594
Столицей провинции является город Палпа.,1,0,1,2,0.1229
Хозяйки в доме не чувствуется.,1,0,3,3,0.0635
Мы дали металлу твердость.,0,Semantics,2,4,0.0845
Он часто кому-нибудь помогает.,1,0,3,3,0.0653
У нас сейчас есть урок.,0,Semantics,0,0,0.0622
Объяснение с ним я беру на себя.,1,0,2,5,0.0687
Муж собирается просить Лену разрешить ему поехать туда одному.,1,0,3,3,0.068
"Задача отряда состояла в том, чтобы принять на себя его охрану до Мурманска.",1,0,1,4,0.0973
Твои советы мне не нужны.,1,0,3,3,0.054
Я с удовольствием с ним говорил.,1,0,3,3,0.0501
В первую зону парка можно увидеть гнездовье.,0,Syntax,2,3,0.0969
Мосты еще не сняли.,1,0,3,3,0.0662
Он показывал мне эти письма.,1,0,2,2,0.0613
Этот фильм показали по телевизору?,1,0,2,4,0.0752
На город за время войны не упало ни одной бомбы.,1,0,2,4,0.1025
Я сегодня буду гулять.,1,0,1,1,0.0753
"Он сказал, что Иван болеет.",1,0,1,3,0.0567
Я выслушала его возражения.,1,0,3,3,0.0539
"Меня посадили около какого-то молодого человека, удивительно похожего на Блока.",1,0,2,4,0.0855
Вчера в два часа магазин закрыт.,0,Semantics,3,4,0.0618
Эта порода тигров встречается на Дальнем Востоке.,1,0,2,2,0.1174
Вы хотите посмотреть мои картины?,1,0,2,2,0.0826
"Я не мог поверить своим глазам, когда впервые увидел это.",1,0,3,3,0.071
"В 1856 году на место Линкольна, названного в честь Джорджа Блумбергского острова был основан город Ланкастер.",0,Hallucination,1,4,0.1305
В отдалении показался человек.,0,Semantics,3,4,0.0588
"Я сделаю, как вы попросили.",1,0,3,3,0.0614
После завершения подготовительных работ в квартире нашли сбойное место.,1,0,2,3,0.0881
"У нас точные данные, что они знали все это.",1,0,3,4,0.0637
Так вы берете этот свитер или нет?,1,0,2,3,0.0864
"Тут пара чулков барышниных, да наволочка, да два полотенца.",0,Morphology,3,3,0.0636
"Что полиция арестует несколько демонстрантов, не вызывало сомнений.",0,Syntax,2,5,0.0967
"Эта ваза стоит 300 рублей, но я отдам ее за 250 рублей.",1,0,2,2,0.118
Он поцеловал ее трижды.,1,0,3,3,0.07
Он подошел совсем близко ко мне.,1,0,1,1,0.0357
"Я видел вашу жену, но не узнал ее.",1,0,2,3,0.0712
"Не думаю, что он снова выиграл.",1,0,3,3,0.0657
И вот он едет сейчас в сторону водокачки.,1,0,2,2,0.0792
Я брал твой ключ.,1,0,3,3,0.0527
"Они ей отказали, дураки.",1,0,2,4,0.0785
Его поведение меня удивило.,1,0,2,2,0.0346
Он дал мне рану.,0,Semantics,3,4,0.0608
"Я стоял около него и случайно слышал, что он сказал своему адъютанту.",1,0,3,3,0.0603
"Отец сейчас, наверное, в банке.",1,0,2,2,0.0758
"Я опасаюсь, что он, может быть, забудет.",0,Semantics,3,3,0.0652
Здесь денег не лежало.,1,0,3,4,0.0696
Я этого не знаю.,1,0,2,2,0.0513
Они принесли мне некоторые бумаги подписать.,1,0,3,4,0.0712
После этого она получила к нему доверие.,0,Semantics,3,4,0.0515
"Вероятно, там кто-то был?",1,0,2,2,0.0475
"Занятий, мне жаль, не будет.",0,Semantics,3,4,0.0652
Завтра я буду иметь демонстрацию.,0,Semantics,3,4,0.0618
Это будет лучше для вас.,1,0,2,2,0.084
Вани здесь ни разу не было.,0,Semantics,3,4,0.0695
Коты по чердаку бегают.,1,0,2,2,0.0984
Он взял на себя управление имением.,1,0,3,3,0.0658
Иван выучился в колледже на слесаря и решил пойти на завод им.,0,Syntax,2,3,0.0815
В прошлом году я лежал в больнице с воспалением легких.,1,0,3,3,0.0653
Я жду его уже довольно долго.,1,0,3,3,0.0681
В 1980 году исполнялось столетие со дня рождения Блока.,1,0,2,4,0.1319
Он говорил об упразднении каких-либо званий.,0,Semantics,3,3,0.0714
Они виделись всего несколько минут.,1,0,2,2,0.0769
Я не взяла ключи.,1,0,2,2,0.0566
"Адмирал Родни провел 1780 и 1781 годы в Карибском бассейне, грабив и угнав голландские Карибские острова.",0,Syntax,2,4,0.122
Мне нездоровится и лучше прилечь.,1,0,2,4,0.0738
Ты еще не взял белье из прачечной?,1,0,3,3,0.0686
Он постепенно решил эту задачу.,1,0,3,3,0.0443
Я живу у самой Волги.,1,0,2,4,0.0805
Появились новые лекарственные препараты.,1,0,2,2,0.0675
Эту книгу я уже покупал.,1,0,1,3,0.0599
Одна женщина подарила мальчику яблоко.,1,0,1,1,0.0919
Работать вчера мне было.,0,Syntax,3,4,0.0572
Я впервые столкнулся с такой проблемой.,1,0,2,3,0.0656
"Что он испугался, не удивительно.",1,0,3,3,0.0507
На улице была толпа народа.,1,0,2,2,0.0699
"Сожалею, что не смог вас известить.",1,0,2,2,0.0734
Иди скорее в школу.,1,0,2,2,0.0908
"Иван не знает, что занятия отменяются.",1,0,2,3,0.068
"Это была либо моя мать, либо сестра.",1,0,2,3,0.0758
"Я чувствую, мне, кажется, придется уступить.",1,0,3,4,0.0631
Она сидела на диване рядом с мужем.,1,0,2,2,0.0734
Я получил от него указание.,1,0,3,3,0.0519
"Я не могла прийти, потому что у меня было собрание.",1,0,2,2,0.0753
Мы разбили палатку у подножия горы.,1,0,2,2,0.0854
"Пойманных акул выбрасывают за борт, уровень выживаемости до низкого (траления), пойманные.",0,Hallucination,2,4,0.0976
"Маршрут и маршрут ""Старухи"" на 7 Июня.",0,Hallucination,2,3,0.1364
Окна смотрят на юг.,1,0,2,2,0.073
"Я заметил это желтое пятнышко, но не придал ему значения.",1,0,3,3,0.0706
"Вскакивая с рундука на рассвете, она сразу вспомнила, что в мире — радость.",1,0,2,5,0.086
Завтра я приеду и подпишу акт.,1,0,2,3,0.0609
Он работает мимо сада.,0,Syntax,1,4,0.0763
Он спокойно принял возражения оппонента.,1,0,3,3,0.0631
"Иногда он шел домой пешком, а иногда садился в троллейбус.",1,0,2,2,0.0866
Вчера этот прибор имел использование.,0,Semantics,3,4,0.0565
Она сидела за столом и кормила двоих детей.,1,0,2,2,0.0992
Почему же вы сердитесь?,1,0,2,2,0.0911
Он живет поблизости от меня.,1,0,1,1,0.0407
Мы оба здесь по одной и той же причине.,1,0,2,2,0.0807
Он живет очень поблизости со мной.,0,Semantics,1,4,0.0433
Его положили в больницу.,1,0,3,4,0.0596
Вчера все время с кем-нибудь говорила.,1,0,3,3,0.0613
В это время мы сидели у стола и обедали.,0,Semantics,1,1,0.0604
"Я поступил, и Иван очень обрадовался, в институт.",0,Syntax,3,3,0.0481
У него было много всяких дел.,1,0,2,2,0.0553
"Иван не знал, что там есть гостиница.",1,0,1,3,0.069
"Если он может решить любую из этих задач, то у него выдающиеся математические способности.",1,0,3,4,0.0627
Я имею деньги в кармане.,0,Semantics,2,3,0.0426
Это платье больше по ширине в длину.,1,0,2,2,0.0766
Мальчики принесли каждый по яблоку.,1,0,1,4,0.0806
Вчера я смогла весь день работать.,1,0,3,3,0.0636
Том взял немного денег из коробки.,1,0,2,3,0.0863
Всего мы прошли пешком около пятиста километров.,0,Morphology,2,3,0.0764
Я не знаю эту женщину.,1,0,2,2,0.0664
"Он всегда говорил очень убедительно, а у меня возникали некоторые сомнения.",1,0,3,3,0.0214
Технология выращивания клубники имеет свои особенности.,1,0,2,2,0.118
"Она как-то странно восприняла то, что я ей сказала.",1,0,3,4,0.0619
У него был какой-то испуганный ви.,1,0,3,4,0.0476
"Я не принимаю то, как они живут.",0,Semantics,3,3,0.0652
Вы не хотите посмотреть мои картины?,1,0,2,3,0.0866
"Были неприятности, имеются последствия.Например, долго нельзя на государственную службу.",1,0,2,4,0.0924
"Он вообразил, что он гений.",1,0,3,3,0.0607
"Исполняя эту пьесу, было чувство радости, переполнявшее исполнительницу.",0,Syntax,3,4,0.0674
У него не было никаких причин что-либо менять.,1,0,3,4,0.0663
Завтра в это время я буду уже далеко.,1,0,3,4,0.0687
При термической обработке металлы становятся очень твердыми.,1,0,2,2,0.0811
Здесь нельзя переходить улицу.,1,0,3,3,0.0653
После этого она стала ему доверять.,1,0,3,3,0.0549
"Мне сообщили об этих планах, и они понравились.",0,Syntax,2,3,0.0612
Кто строил эту дорогу?,1,0,2,2,0.1045
Его приняли в институт.,1,0,3,3,0.057
Вчера мне не передали этого письма.,1,0,2,3,0.0501
"Я пригласила ее, чтобы пригласить кого-нибудь.",1,0,3,3,0.0633
"По глазам вижу, что у тебя и на уме-то.",1,0,3,5,0.0709
Кто из женщин вышел в этот момент из дома?,1,0,2,4,0.0869
"Я на минуту подняла глаза, но сейчас же опять опустила, потому что он продолжал серьезно смотреть мне прямо в лицо.",1,0,1,4,0.0786
"Они зайдут, а ты спрячешься.",1,0,3,3,0.0365
Глаза резало на свету.,1,0,2,4,0.0833
Он схватил ее в объятия.,1,0,3,3,0.0581
Петя принял решение уехать.,1,0,2,2,0.0689
Под затрудненным дыханием подразумевается неприятное ощущение сложности выполнения вдоха или выдоха.,1,0,2,2,0.107
Они ссорятся из-за пустяков.,1,0,2,2,0.0742
Между тем эксперты считают подобные меры популистскими и нереализуемыми.,1,0,2,2,0.1034
Длинные перечисления утомили меня.,1,0,3,3,0.0599
"Тут начинает звонить телефон, и он вскакивает.",1,0,3,3,0.0636
Я читал около трех страниц.,0,Semantics,3,3,0.0594
У меня есть для вас одно приятное известие.,1,0,3,4,0.0696
Афанасьевна и Софья стояли вблизи и слушали.,0,Semantics,3,4,0.0705
Всякий школьник знает теорему Пифагора.,1,0,2,2,0.1074
Мы недалеко от вас.,1,0,2,2,0.0635
Что он на это сказал?,1,0,2,2,0.0637
"Она ожидала, что родители похвалят ее.",1,0,2,3,0.0814
"Запомни, мои друзья: Том здесь был до того, как вода потекла и деревья выросли.",0,Syntax,2,4,0.0904
Иностранных туристов не остановилось.,0,Semantics,2,4,0.0833
"Говорю, что это я написал тебе записку, потому что хочу, чтобы ты знала.",0,Semantics,3,4,0.0662
"Она выдержит, она, женщина, многое выдержит.",1,0,3,4,0.0707
Она живет в маленьком городе поблизости от Курска.,1,0,2,2,0.0774
Он представлял Индию в ООН.,1,0,2,2,0.1215
Он рискует остаться один.,1,0,2,4,0.0703
И именно в это самое время в нем возникло какое-то чувство беспокойства.,1,0,3,4,0.0652
Художественная гимнастика — один из самых эффектных и красивых видов спорта.,1,0,2,2,0.1066
В данный момент я разговаривал с директором.,0,Semantics,2,5,0.0583
"Все, кто пробовали савойское фондю, считают, что французы знают толк в еде.",0,Syntax,2,4,0.1117
Я склонился к тому же мнению.,0,Semantics,2,3,0.0738
Я не читаю газет.,1,0,2,2,0.0751
"Вот эта девушка, что я влюблен.",1,0,1,4,0.0815
"Мне не нравится то, как они живут.",1,0,3,3,0.0699
Английский язык является языком мира.,1,0,2,2,0.0918
Вася и Маша целовались друг с другом.,0,Semantics,2,3,0.095
"Опера Д. Д. Шостаковича «Леди Макбет Мценского уезда» — это два с половиной часа непрерывной музыки, почти нестерпимой в своём драматизме.",1,0,2,4,0.1015
"Ашот лежал около меня, спал.",1,0,2,2,0.0668
Я поставил чемодан около себя.,1,0,3,3,0.0626
"Не понимаю, как я здесь очутился.",1,0,3,3,0.0678
Том старается изо всех сил.,1,0,1,1,0.0835
Окно было открыто час назад.,1,0,3,3,0.0535
"Она хотела что-то сказать, но голос отказался произносить какие-нибудь звуки.",1,0,2,4,0.0662
"Я представляю, как дедушка сидит в лесу над костром, зажаривает куски буйволятины и ест.",1,0,2,4,0.0941
У Маши есть ее брат.,1,0,1,1,0.0706
Я отдала ему твой свитер.,1,0,2,2,0.0647
"Он не знает, приехал ли Иван.",1,0,1,4,0.0428
Его приняли в партию.,1,0,2,2,0.0655
Я купил ее на рынке рядом с метро «Университет».,1,0,2,3,0.0783
"Сусанинская площадь была переименована в ""историческое название"" с 1992 года.",1,0,2,3,0.1225
Иван оставил надежду встретиться с тобой сам.,1,0,3,4,0.0394
Зарубежным коллегам предложили проповерять результаты.,0,Morphology,2,5,0.0961
Я передал ему эти деньги.,1,0,2,2,0.0435
"Выясняется, что он здесь.",1,0,3,3,0.042
В натюрморте И. И. Машкова «Снедь московская» изображены возвышающиеся караваи на столе.,0,Syntax,2,4,0.1127
Он не хотел ничего делать.,1,0,2,2,0.0689
Я получил 10 рублей за работу.,1,0,2,2,0.0436
Его появление не вызвало замешательства.,1,0,2,4,0.0709
Он оказался очень сообразительным мальчиком.,1,0,3,3,0.0607
Вчера в два часа дня иду я по Кузнецкому.,1,0,3,3,0.0642
Руки у него дрожали.,1,0,3,3,0.063
Отказ от игры роняет его в глазах шахматистов.,1,0,3,3,0.0665
Я взял с него обещание.,1,0,3,4,0.0497
Инспекторы рыбнадзора продолжают выявлять злостных браконьеров на реках.,1,0,1,4,0.0773
"Если ты требуешь, то любой из нас ей поможет.",0,Semantics,3,3,0.0563
"Я сказал это, чтобы что-то сказать.",1,0,3,4,0.0578
У меня есть хорошие студенты.,1,0,2,2,0.0556
"Я почувствовал, что он несомненно устал.",0,Semantics,3,3,0.0595
Ценность сведений установилась на основе предпочтений.,0,Semantics,2,4,0.093
Ему не до разговоров.,1,0,3,4,0.0694
"Он понимает, что она права.",1,0,3,3,0.0472
"Я не позвонил потому, что хотел увидеть ее.",1,0,3,4,0.0714
"По-видимому, прибытие корабля стоит ожидать ближе к сегодняшнему вечеру.",0,Syntax,2,4,0.0902
"Пиросмани усмехался: эти двое молодых людей думают, что где-то на земле для него есть место, и есть круг людей, который он имеет право назвать своим.",1,0,1,4,0.0973
Я не просил его никого слушать.,0,Semantics,3,5,0.0594
Ваше отсутствие не тормозило работы.,1,0,3,5,0.0645
Она всегда душится какими-нибудь необыкновенными духами.,1,0,2,4,0.088
"Сколько ты хочешь, чтобы тебе заплатили?",1,0,3,3,0.0678
Иван поехал на конференцию в Марокко.,1,0,2,3,0.0795
Кое-кто на лекции присутствовал.,1,0,2,4,0.0694
У него было какое-то странное выражение лица.,1,0,3,3,0.0541
В этом разделе нет ничего для отчета.,1,0,2,2,0.0933
Я был несколько раз в ихней квартире.,0,Morphology,3,4,0.068
В первом же сражении он обнаружил свою отчаянную храбрость.,1,0,3,3,0.0656
"Идет снег, так что холодно и так что не хочется идти гулять.",0,Syntax,2,2,0.0729
ARMAT работает с 1984 года.,1,0,2,2,0.1407
Сторож наполняет бассейн водой.,1,0,2,2,0.0865
Лесные рыжие муравьи приносят неоценимую пользу человеку.,1,0,2,2,0.1027
Она была в стороне от каких-либо интриг.,1,0,3,4,0.0443
"Все было тихо, и только где-то вдалеке шумели поезда.",1,0,3,4,0.0556
"Он видел невдалеке большую деревню, раскинувшуюся по обеим сторонам озера.",1,0,2,4,0.0839
Сильно этот поезд не опоздает.,1,0,3,3,0.0625
Вчера я была у мамы и получила от нее эту книгу.,0,Semantics,3,3,0.0568
"Он слишком самолюбив, чтобы хоть немного беспокоиться о том, что с тобой.",1,0,2,3,0.0853
"Он думает, его за это похвалят.",1,0,1,1,0.0507
Иногда каждый человек может так поступить.,1,0,3,3,0.067
У него есть некоторая фантазия.,1,0,3,3,0.0589
Я получил его донесение только вчера.,1,0,3,4,0.058
Иван вчера не позвонил.,1,0,3,3,0.0669
У тебя очень красные щеки.,1,0,2,2,0.1017
"Ни в поле, ни в лесу никого не было.",1,0,3,3,0.071
Иван не понимает мое желание идти на вечер один.,0,Syntax,3,4,0.0614
Весь день я простоял возле станка.,0,Semantics,3,4,0.0701
"Мне было неприятно помогать кому-нибудъ из них, но я все-таки помогал.",0,Semantics,3,4,0.0598
"Он прав, я думаю?",1,0,2,3,0.038
Она смотрела вдаль усталыми глазами.,1,0,2,3,0.0652
У него не было причин ничего менять.,0,Semantics,3,3,0.0653
Авто* — принтер пытается подключиться к сети с текущей скоростью сети.,0,Hallucination,1,4,0.1264
Сторож наполнил бассейн водой.,1,0,2,3,0.0843
Ребята накупили хорошую книгу.,0,Syntax,3,4,0.0524
В лесу около нашей деревни много грибов.,1,0,2,3,0.0764
Не вижу оснований так поступать.,1,0,3,3,0.0683
Она не могла собраться с духом ответить что-нибудь.,1,0,2,4,0.0692
Это влияет на любые инициативы сдвига во всякую сторону.,0,Semantics,3,5,0.0709
"Косуля—очень пугливое животное, и встретить его удается очень редко.",1,0,2,4,0.1009
Я похож с братом.,0,Syntax,3,4,0.0658
"Ему приказано отступать, и он отступает.",1,0,3,3,0.055
Вагоны шли привычной линией.,1,0,2,2,0.0873
Станция находится в 100 метрах отсюда.,1,0,2,2,0.1063
"Надо бы как-то об этом подумать, как-то осознать это!",1,0,2,2,0.0752
"Марья Ивановна, следовавшая глазами за всеми ее движениями, испугалась.",1,0,2,4,0.0799
Советую тебе пойти к врачу.,1,0,3,3,0.0513
Букинист по моей просьбе продал книгу студенту.,1,0,3,4,0.0276
Я поговорю с ними со всеми.,1,0,2,2,0.0612
Политика тебя не волновала.,1,0,2,4,0.0935
Она часто о чем-то мечтает.,1,0,2,2,0.0686
Он сидел близко от меня и плакал.,0,Semantics,3,3,0.0492
Я очень рад встретиться с вами.,1,0,2,2,0.0576
Он берет это слово в кавычки.,1,0,3,3,0.0714
Рыбак быстро надел наживку на крючок и забросил удочку в воду.,1,0,2,2,0.0892
У него только одни способности.,0,Semantics,2,4,0.0783
Он рискует попасть за решетку.,1,0,3,4,0.0652
Его еще не прочитало этой статьи.,0,Syntax,3,4,0.0444
Машину я ему уже покупал.,1,0,3,4,0.0686
Она не могла ничего произнести.,1,0,2,2,0.061
"Выяснилось, что он здесь.",1,0,3,3,0.0368
У нас нет ничего.,1,0,3,3,0.0712
Я взяла отпуск со следующего понедельника.,1,0,2,4,0.0723
Он выделялся своим умом среди сверстников.,1,0,2,2,0.0544
"С понедельника она идет в школу, каникулы закончились.",1,0,2,3,0.0937
Мой паспорт не был в сумке.,0,Semantics,3,3,0.0668
Почтальон приходил в 8 утра.,1,0,2,2,0.0977
Кого-то не бежало по аллее.,0,Syntax,2,4,0.0798
Ваня не решил задачу.,1,0,2,3,0.0541
Во сколько ты обычно встаешь в субботу?,1,0,2,3,0.0977
Лена просит мужа позволить ей ездить туда одна.,0,Syntax,3,4,0.0652
Этот человек — его сослуживец.,1,0,1,4,0.0696
Нужного лекарства в аптеке не нашлось.,1,0,2,4,0.0889
Денег не было прислано.,1,0,3,3,0.0596
Он хочет жениться на француженке.,1,0,3,3,0.0621
"Гость молчал, и хозяин тоже молчал.",1,0,2,2,0.0834
В этом году она снималась в сериале молодые варшавянки.,1,0,2,4,0.1082
Спортсмен еще не отдохнул.,1,0,2,3,0.0754
"Я накормлю, уходи скорей.",1,0,2,4,0.0849
Я не понимаю его.,1,0,2,2,0.0491
Он сегодня пришел на работу вовремя.,1,0,2,2,0.0635
"Он умер давно, больше столетия тому назад.",1,0,2,2,0.0973
"Сомневаюсь, что она знает какие-либо детали.",1,0,3,4,0.0517
"И Иван, я поступил в институт, очень обрадовался.",0,Syntax,3,3,0.0483
"В браке родились девять детей, шесть мальчиков и три девочки.",1,0,2,3,0.1126
Скоро он не пришел.,1,0,3,3,0.044
"Я видел, что он, кажется, был расстроен.",0,Semantics,3,3,0.0524
Он не в Париже.,1,0,2,3,0.0755
Иван не отправил письмо.,1,0,3,3,0.0664
Она взяла его под руку.,1,0,3,4,0.05
"Она стояла совсем рядом со мной, и я смог внимательно ее разглядеть.",1,0,2,2,0.0542
"Они, если вы захотите, то вам все покажут.",0,Syntax,3,3,0.0635
"Петя, и узнал расписание, позвонил в деканат.",0,Syntax,2,3,0.0796
"Надеюсь, он хотя бы улыбнется.",1,0,0,3,0.0545
Ее рука доверчиво на его плече.,0,Semantics,3,3,0.0679
У него хватило ума не касаться этого вопроса.,1,0,2,4,0.075
"Я был наказан за проступок, совершённый неделю назад.",1,0,2,4,0.0832
"Смотрел во всех углах, но ничего не нашел.",1,0,2,4,0.0847
Что она там делает?,1,0,3,3,0.0684
Лестница и под лестницей было подметено.,0,Syntax,2,4,0.0952
Весь год я ходила туда.,1,0,2,2,0.0698
Я взяла лыжи напрокат.,1,0,2,3,0.0906
Эта задача имеет решение.,1,0,2,2,0.0592
У него в отделе есть хорошие биохимики.,1,0,2,2,0.067
Я давно не брился.,1,0,2,2,0.0914
Сегодня отца еще не было дома.,0,Semantics,2,3,0.0481
Это обнажило мне суть явления.,0,Semantics,3,4,0.067
"Насколько я понимаю, он прав?",1,0,3,3,0.0407
Девочка из соседнего подъезда поступила в МГУ.,1,0,2,2,0.1157
Он выбирал сотрудницу по анкетным данным.,1,0,3,3,0.0663
Я разбирал нечто похожее в прошлом году.,1,0,2,4,0.0698
Иногда я любуюсь на старую фотографию.,1,0,2,2,0.0895
Задавал ли он тебе всякие каверзные вопросы?,0,Semantics,3,3,0.0541
Она смотрит на него и бледнеет.,1,0,2,2,0.055
Я сначала ему не поверил.,1,0,3,4,0.064
"Он понял, что она согласилась.",1,0,2,3,0.0408
Он не был дома два дня.,1,0,3,4,0.0593
Близ шлагбаума стоит деревянный домик.,1,0,2,2,0.0773
Я приняла ваши извинения.,1,0,3,3,0.0639
Каждого из них кто-то видел.,1,0,3,3,0.0541
"Что касается меня, то я ухожу.",1,0,2,2,0.0691
Том и Мэри раньше были друзьями.,1,0,2,2,0.0681
Ты хочешь со мной поговорить о деле.,1,0,3,3,0.0506
Он дал очень какой-то ответ.,0,Semantics,2,4,0.0634
"Вообще-то я сейчас работаю над проектом, но сегодня я решил немного отвлечься.",1,0,1,1,0.0878
Эта комната имеет пять метров в длину и четыре метра в ширину.,1,0,2,2,0.0937
По состоянию на 1 января 2006 года население было 7 497 человек.,1,0,2,2,0.1276
Ее поклонник как всегда сидел около нее.,1,0,2,2,0.0664
Мне сейчас очень плохо.,1,0,2,2,0.076
"Ее поклонник, как всегда, сидел около нее.",1,0,2,3,0.0636
В комнату вошла молодая женщина.,1,0,2,2,0.0766
"Для большинства серий, производство в отрасли миндаль в Денвере и Сан-Франциско составило менее десяти миллионов штук в год.",0,Syntax,2,4,0.1234
"Я выслушал ваши возражения, но, к сожалению, я не могу с ними согласиться.",1,0,3,3,0.0614
Сколько радости было в этой встрече.,1,0,3,3,0.0612
Кто-нибудъ из них часто приезжал сюда со своими друзьями.,0,Semantics,3,4,0.0666
"Том спросил Мэри, куда она хочет пойти пообедать.",1,0,2,3,0.0809
Откуда я возьму такие деньги?,1,0,3,4,0.0574
Я буду работать с тобой.,1,0,2,2,0.0742
Некоторые книги он прочел.,1,0,3,3,0.0596
Я позволила ей жить в моей комнате.,1,0,3,3,0.0599
Мои знакомые хотели прийти все.,1,0,0,3,0.0644
Его жена руководит аспирантом.,1,0,2,2,0.0811
Книга была принесена мальчиком.,1,0,3,3,0.0641
Вася похож на Петю по характеру.,1,0,2,2,0.0825
Она уже задумывается о будущем.,1,0,1,1,0.0682
Магазин закрыт час назад.,0,Semantics,3,3,0.0617
Стаканы будут ставить в шкаф.,1,0,2,2,0.0669
Не получилось у нас разговора.,1,0,3,3,0.0712
Вчера я имела собрание.,0,Semantics,1,4,0.0503
"Вася сказал, что он купил мне какую-то книгу.",1,0,3,3,0.0494
У нас нет дачи.,1,0,2,2,0.0827
Завтра я буду принимать экзамены целый день.,1,0,2,3,0.069
Откуда она это взяла?,1,0,3,4,0.0713
Дерево было срублено у самых корней.,1,0,3,3,0.0571
Камень закрывал вход в пещеру.,1,0,2,2,0.0605
Брат надеется на поступление в университет.,1,0,2,2,0.066
Встретимся в сквере рядом с метро «Университет».,1,0,2,3,0.0826
Она живет в маленьком городе близ Курска.,0,Semantics,2,3,0.078
В России снизились налоговые показатели.,1,0,2,2,0.1232
Я сделала его своем помощником.,1,0,3,3,0.0625
Человек смотрит в окно.,1,0,1,1,0.0717
"Я предложил ему место в своей машине, и он принял его.",0,Semantics,3,3,0.0674
Стив Кокс снова в группе по биатлону сменил командный тренер.,0,Syntax,2,4,0.1268
"Он всегда говорил очень убедительно, но у меня возникали некоторые сомнения.",1,0,3,3,0.0215
Очки лежали около книги.,1,0,2,2,0.0541
Первое же сражение обнаружило его отчаянную храбрость.,1,0,3,4,0.0689
Танцевало три человека.,1,0,2,4,0.1048
Первого января я пишу отчет.,1,0,2,4,0.1001
"Раньше я думала, что он действительно талантливый ученый.",1,0,3,3,0.0672
Я могу что-нибудь для вас сделать хоть сейчас.,1,0,3,4,0.0655
Он позвал меня на свой концерт.,1,0,2,2,0.0738
"Статья, которой об этом написано в.",0,Syntax,2,4,0.0764
"Она видится с кем-то из них, но очень редко.",1,0,3,3,0.0662
Я дал ему деньги.,1,0,2,2,0.0416
Я не имею никакого представления об этом человеке.,1,0,3,3,0.0613
Он основал свой монастырь в Петербурге.,1,0,1,2,0.1084
В первом же сражении он обнаружил отчаянную храбрость.,1,0,3,4,0.0657
Туда идти было поблизости.,0,Semantics,3,3,0.0519
"Он слышал, что она отказалась.",1,0,2,2,0.0712
"Я рад, что ты мне рассказала.",1,0,3,3,0.0631
"Я надеюсь, что он не уедет.",1,0,1,1,0.0627
"Менеджеры группы уже не знают, как это выглядит.",1,0,2,3,0.0989
Трава здесь не растет.,1,0,3,3,0.0603
"У бассейнов метались негры в алых повязках, серебряными черпаками наполняя из бассейна плоские чаши.",0,Semantics,2,5,0.0963
Каждую субботу он ходит в баню.,1,0,2,3,0.0825
Она приняла твердую точку зрения.,0,Semantics,3,4,0.069
"Министр пригласил журналистов, чтобы ответить на их вопросы.",1,0,3,3,0.0347
Множество людей пришло за кулисы.,1,0,2,2,0.0714
Он давно не был в Москве.,1,0,3,3,0.0424
Один случай внезапно подтвердил мои догадки.,1,0,3,4,0.0501
"Я думаю, вы читали книгу Иванова.",1,0,3,3,0.0672
"Я думаю, тебе больно идти.",1,0,3,3,0.0675
"Я не могу бежать, у меня есть чемодан.",0,Semantics,3,3,0.0676
Он вынул платок из кармана.,1,0,3,3,0.0682
Я сейчас буду писать письмо.,1,0,2,2,0.0527
Я сделал это по его просьбе.,1,0,3,3,0.0519
Долгое время она звала сына к себе.,1,0,3,3,0.0707
Иванов присутствует в классе.,1,0,2,3,0.0775
"Те, кто побывают в армянских горах, заметят, что впалитре пейзажей преобладают вулканические оттенки.",0,Syntax,2,4,0.0976
Он поел мяса сырым.,0,Syntax,3,3,0.0624
Его и часа не было на работе.,1,0,2,5,0.0667
"Поскольку у меня возникали некоторые сомнения, он всегда говорил очень убедительно.",1,0,3,3,0.024
Ты купался в горных реках?,1,0,2,4,0.0927
"Обнаружилось, что преступник на свободе.",1,0,3,3,0.0625
Я точно не помню.,1,0,2,2,0.0782
Клюква растет на дереве.,1,0,1,1,0.0897
"Потом пожалел, что не взял собаку.",1,0,2,2,0.0726
Весь год он был очень добр к нам.,1,0,2,2,0.0748
"Молодого человека, который стоит у окна, зовут Леонардо.",1,0,1,4,0.0922
"Иван, когда я поступил в институт, очень обрадовался.",1,0,3,4,0.0493
Мне предложили написать на нее рецензию.,1,0,3,4,0.0573
"Ум мой бессознательно отказывался выводить какие бы то ни было заключения из того, что я видел.",1,0,3,4,0.0689
Дорога пролегала через лес.,1,0,3,3,0.0658
Он не хочет ничего слышать.,1,0,3,3,0.0569
Мировые события 1939 года нарушают всю жизнь.,1,0,2,2,0.1223
У него воспаление легких.,1,0,3,3,0.0686
Я сел у пирога с капустой и приготовился его резать.,1,0,3,4,0.0676
"Том сказал Мэри, что поцеловал Алису.",1,0,2,4,0.0946
"То, что он недоволен, удивляет меня.",1,0,2,4,0.0498
Новый медицинский препарат стимулирует мозговое кровообращение.,1,0,2,3,0.0944
Коля не опаздывает на лекции.,1,0,2,2,0.0924
Они встречались несколько минут.,0,Semantics,2,4,0.0613
Я принял его в группу Матвеева.,0,Semantics,2,4,0.0705
Точно я не могу сейчас вспомнить.,1,0,2,4,0.0826
Он может зайти завтра.,1,0,3,3,0.0615
"Иван говорит, что в тот момент на дороге показался я.",1,0,3,4,0.0625
Установка не работала три года.,1,0,2,2,0.081
Том купил это для меня.,1,0,2,2,0.0727
"Ты хочешь, чтобы я поговорил с Томом?",1,0,3,3,0.0624
"Если ты, может быть, занят, скажи прямо.",1,0,2,4,0.0843
Вдруг он видит рядом съежившуюся фигурку и вздрагивает от неожи данности.,1,0,3,4,0.0693
Ребята накупили хороших книг.,1,0,3,3,0.056
Ты получил белье в прачечной?,1,0,3,3,0.067
Это в начале года руководство клуба увеличило мне зарплату.,1,0,2,4,0.1024
Пойду к маме и попрошу ее дать мне десять рублей.,1,0,2,3,0.0478
Он не видел там никого.,1,0,2,2,0.0533
Я лежал в больнице в прошлом году.,1,0,2,2,0.0604
"Я просто сделал то, что вы попросили меня сделать.",1,0,3,3,0.0643
"Вообще-то он в институте, но сейчас он вышел.",1,0,3,3,0.0693
"Интересно, что Том на самом деле имел в виду.",1,0,3,3,0.0655
"Я попросил Тома сказать мне, чего он хочет.",1,0,3,4,0.0603
"Я не могу ехать, у меня бабушка.",1,0,2,2,0.0734
На торжественную выдачу дипломов пришли родственники выпускников каждого по нескольку человек.,0,Syntax,0,4,0.0917
Мы не получили письмо.,1,0,2,3,0.046
"Я долго сидел у дома, но входить внутрь мне не хотелось.",1,0,3,3,0.0669
Я прошу у вас прощенья за вчерашнее.,1,0,3,3,0.0649
"Когда ты позвонил, я открывал окно.",0,Semantics,3,5,0.0659
Пять плит перекрытия из гипсокартона смонтированы в одной плоскости благодаря применению сварочных аппаратов.,1,0,2,4,0.1169
Звуки с улицы не доносятся.,1,0,3,4,0.0458
"Сначала он предложил им сбежать в среду вечером, но позже решил отложить до четверга.",1,0,2,2,0.0954
Он выбрал сотрудницу по внешности.,1,0,3,3,0.0615
Встречный ветер мешал идти.,1,0,2,2,0.078
Он давно нам не писал.,1,0,3,4,0.0655
На стене справа висела картина.,1,0,2,2,0.0606
Альфред любит современную музыку.,1,0,2,2,0.098
Последующие события подтвердили мне его правоту.,0,Semantics,3,3,0.0581
Мальчишка схватился за кувшин и жадно принялся пить.,1,0,2,3,0.0896
Он берет уроки русского языка.,1,0,2,2,0.0772
Одна женщина подарила яблоко мальчику.,1,0,1,1,0.0918
Если хочешь быть услышан в мире – пой по-английски.,1,0,2,4,0.0928
"Отдыхая в кресле, передо мной висит картина ""Март"".",0,Syntax,2,5,0.0844
Кто находил мой кошелек?,1,0,3,3,0.0665
Советую вам обратиться к врачу.,1,0,3,3,0.0582
Этот сильно был очень тяжелым.,0,Syntax,3,3,0.0341
Я позвоню тебе сегодня или завтра.,1,0,2,2,0.0693
"Его инаугурация в качестве первого исполнительного президента СССР, десятая также его Нобелевская премия мира.",0,Syntax,2,4,0.1157
Они каждый день разжигают костер.,1,0,2,2,0.0958
Я люблю отдыхать на Черном море.,1,0,2,2,0.0929
Она покупает несколько квартир.,1,0,2,2,0.0923
Я испугался громкого стука в дверь.,1,0,3,4,0.0653
"Он давно пришел, а потом ушел.",0,Semantics,0,0,0.0571
На его газоне благоухают розы.,1,0,2,2,0.0794
Через два дня я еще не буду в Москве.,1,0,1,4,0.0658
Через некоторое время эта сцена исчезла.,1,0,2,2,0.0832
После этого рыба обжаривается хозяйкой.,0,Syntax,1,4,0.0918
"Я уверен, что он наверное прав.",0,Semantics,3,3,0.0235
У нас нет каких бы то ни было.,1,0,3,4,0.065
Я не застал Машу у себя.,1,0,3,4,0.0656
Я считала его твоим другом.,1,0,2,4,0.0656
"Он пошел к брату, чтобы узнать что-нибудь о случившемся.",1,0,3,3,0.0613
Маша и Саша читают книгу.,1,0,2,2,0.0314
Один случай внезапно подтверждает мои догадки.,0,Semantics,3,3,0.0506
Магазин в два часа закрыт.,1,0,3,3,0.0683
"Я открыл окно, чтобы комната проветрилась.",1,0,2,4,0.0513
Всю следующую неделю я сижу дома.,1,0,2,2,0.0704
Целыми днями смотрит в окно.,1,0,1,3,0.0749
"Потом пожалел, что не взял собаки.",1,0,2,3,0.0733
Рядом с местом стула лежал коврик.,0,Semantics,2,2,0.063
Унас редко есть занятия по истории.,0,Semantics,2,3,0.0799
Здесь мы сталкиваемся с совершенно новой проблемой.,1,0,2,3,0.0676
В этой реке много рыбы.,1,0,1,2,0.0449
"Вообще-то он в комнате, но сейчас он вышел.",0,Semantics,3,3,0.0639
"Все заметили по краске ее лица и по живости речи, что она была сердита.",1,0,2,4,0.0782
Пушкин родился в 1799 году.,1,0,2,2,0.1181
В 1973 г. США временно прекратили свои боевые операции в юго-восточном регионе.,1,0,2,2,0.1275
Решить задачу удалось не всем.,1,0,3,4,0.0564
Откуда-то сверху гудит колокол.,1,0,3,4,0.0706
Она была в стороне от всяких интриг.,1,0,3,3,0.0452
Он сидел недалеко от меня в большом мягком кресле.,1,0,2,2,0.0605
"Пойди, докажи ей что-нибудь!",1,0,2,2,0.0677
Клюква не растет на дереве.,1,0,1,2,0.0924
Он сейчас не спит на диване.,1,0,2,2,0.071
Он не заехал ни разу.,1,0,2,4,0.0577
"Иван очень обрадовался, когда я поступил в институт.",1,0,3,3,0.0509
"Было в ней и изящество, и скромность, и достоинство.",1,0,3,3,0.0472
Тебе лучше сначала спросить его.,1,0,2,2,0.0778
"Ты когда-нибудь замечал, что он странно себя ведет?",1,0,3,4,0.0618
Сообщение не обидело Марию.,1,0,2,2,0.0613
Он располнел и постарел.,1,0,2,3,0.0659
Эта женщина обращает на себя внимание.,1,0,2,3,0.0729
Он изменился в лице.,1,0,3,4,0.0647
"Вася сказал, что у него что-то для меня есть.",1,0,3,3,0.0601
"Тут на дороге показался я, и он спрятался в кусты.",1,0,3,4,0.0693
"Виктор выручил меня, сказав, что я в отпуске.",1,0,2,4,0.0768
Они провели вечер очень весело.,1,0,2,2,0.0777
"Так как идет дождь, мне лучше вернуться домой.",1,0,2,2,0.0781
Он еще не вернулся.,1,0,2,2,0.0584
Этого письма он не написал.,1,0,3,3,0.0604
"Я всегда получаю удовольствие, когда она поет.",1,0,2,2,0.0889
Коля находил свой ключ.,1,0,2,2,0.0706
"Он, я думаю, согласится.",1,0,2,3,0.0403
Ивану удалось попасть на концерт Макаревича.,1,0,3,4,0.0659
"Иван прилег, чтобы отдохнул.",0,Syntax,3,3,0.0625
"Возможно, что учитель поставил три двойки.",1,0,2,4,0.0791
Много детей наплавало в бассейне.,0,Syntax,2,4,0.0872
В этой реке есть много рыбы.,0,Semantics,1,1,0.0443
Она выполняет первую половину вашего задания.,1,0,2,2,0.0806
В этом дворе есть сторожевая собака.,1,0,2,2,0.0648
"Стихотворный размер стихотворения относится ко временам язычества (эпохи средневековья), но в его основе лежит глубокий религиозный смысл.",1,0,2,2,0.0975
Моя мама ненавидит смотреть телевизор.,1,0,2,2,0.1055
"Он говорит, что не собирается идти.",1,0,3,3,0.0712
Я поздоровался с ней первой.,1,0,3,3,0.07
Она смотрит на него и становится бледной.,0,Semantics,2,4,0.0511
Он улыбнулся мне вблизи.,0,Semantics,2,4,0.0511
Иван почти закончил диссертацию.,1,0,3,4,0.0645
"У нас есть точные данные, что они знали все это.",1,0,3,3,0.0639
"Он чувствует, что ему, кажется, придется уезжать.",0,Semantics,3,4,0.0576
Она приняла его в своем кабинете.,1,0,3,3,0.0642
Солдаты грелись вблизи костров.,0,Semantics,3,4,0.0471
Лейтенант-коммандер Ходжкинсон отдал приказ быть готовым к взлету.,1,0,3,4,0.0654
В прошлом месяце я болел.,1,0,2,2,0.0712
"Как ты хочешь, чтобы я поступил ?",1,0,3,3,0.0642
"Поймите же, что у нее есть талант.",1,0,3,3,0.0573
Она готова помогать кому угодно.,1,0,3,3,0.0585
Он сидел за своим письменным столом и работал.,1,0,1,1,0.0761
Знакомых никого в ней не жило.,1,0,3,4,0.0673
Всё это я не знал.,1,0,1,1,0.0515
Он оговаривает это в примечании.,1,0,1,4,0.0706
Иван порадовал нас своим возвращением.,1,0,2,2,0.063
Он сажает все деревья в том саду.,1,0,2,3,0.0783
Ты неправильно решил задачу.,1,0,2,2,0.0683
Он близко наклоняется к ней и с улыбкой говорит ей что-то.,1,0,3,4,0.0603
"Поймите же, что у нее талант.",1,0,3,4,0.0577
Мне этого заранее не сказали.,1,0,1,2,0.0684
Я отдаю книгу сестре.,1,0,3,3,0.0644
Он должен успеть на поезд.,1,0,2,2,0.0612
"Когда ты позвонил, я не читал твоей статьи.",0,Syntax,2,3,0.0633
Диктат традиций оказался очень силён.,1,0,2,3,0.0973
Ты гулял с собакой?,1,0,2,2,0.0748
Есть бассейн в заливе Ларгс под названием Лефевр Портсайд Пляжный центр.,1,0,1,1,0.1039
У нас редко бывают занятия по истории.,1,0,2,2,0.0758
А где же Ваша жена?,1,0,2,3,0.0804
"Все, что Том делает, это смотреть телевизор.",0,Syntax,1,4,0.0872
Очки лежали возле книги.,1,0,2,3,0.0571
В мире много зла.,1,0,2,2,0.0848
Она часто бывает у кого-нибудь из своих друзей.,1,0,3,3,0.0548
Они стояли довольно рядом.,0,Semantics,3,3,0.0573
Он отличался большими способностями среди своих сверстников.,1,0,3,3,0.0527
Иван пошел на концерт.,1,0,3,3,0.065
"Я думаю, что лучше поехать с тобой.",1,0,2,2,0.0706
Иван дал обещание самому встретиться с нами.,0,Syntax,3,4,0.048
"Возьми с меня шляпу, она мне мешает.",0,Semantics,3,4,0.0574
"Ум мой бессознательно отказывался выводить какие-либо заключения из того, что я видел.",1,0,3,3,0.0704
"Он сказал Дуне, что живет в Сан-Франциско.",1,0,2,2,0.0792
Он всегда обедает с кем-нибудь из своих друзей.,1,0,1,3,0.0905
"Любой знает, что волки жадны.",1,0,2,2,0.0811
Окна гостиницы выходят на юг.,1,0,2,3,0.0868
Я подарю ей эти книги.,1,0,2,2,0.0472
В этой реке масса рыбы.,1,0,2,3,0.0469
В его воображении существовало какое-то наследство.,1,0,3,4,0.0698
Я принял его в свою группу.,1,0,2,2,0.0523
"Министр пригласил журналистку, взять у него интервью.",1,0,3,4,0.0158
Мне бросилась в глаза его бледность.,1,0,3,4,0.062
Достань из моего стола тезисы докладов и дай Ивану Сергеевичу.,1,0,2,3,0.0678
Солнце посветило и зашло за тучу.,1,0,2,4,0.0781
Окно было открыто пятнадцать минут.,1,0,3,3,0.0697
Мы встречались с ней в два часа.,1,0,2,2,0.0692
Любой человек всегда чем-то лучше кого-то другого.,1,0,2,4,0.0838
По возвращению в Петербург Толя отказался ехать домой сразу из аэропорта.,0,Syntax,2,4,0.1071
Его обувь не нужно ремонтировать.,1,0,2,3,0.0772
Я достал из кошелька деньги и подал продавцу.,1,0,3,3,0.0499
Иван не порадовал нас своим возвращением.,1,0,2,4,0.0673
"Значит, мы с тобой условились?",1,0,3,4,0.0707
Я совершенно не представляю себе этого человека.,1,0,3,3,0.0603
Горы поражают своим величием.,1,0,2,3,0.0656
Ты когда-нибудь плыл на байдарке?,0,Semantics,2,4,0.0919
"Назареи (секта, I век) - христианская секта древних иудеев.",1,0,2,4,0.1277
Она назначила мне встречу.,1,0,3,3,0.0549
"Я думаю, что вы сидите на моем сиденье.",1,0,3,3,0.0709
Кошка не ест ветчину.,1,0,2,2,0.0914
Во вторник он еще не подал заявление.,1,0,2,2,0.0872
"О соседках Васин сообщил, что живут они здесь недели с три.",1,0,2,4,0.0999
Следующий довод опровергает его утверждение.,1,0,2,2,0.0817
Он выбирал сотрудницу по внешности.,1,0,3,4,0.0662
Я разбирал одно похожее дело в прошлом году.,1,0,2,2,0.0716
"Министр пригласил журналистку, дать ей интервью.",0,Syntax,3,4,0.014
"У.Журналисты были приглашены министром, чтобы сделать заявление об отставке.",1,0,3,3,0.0659
"После этого все серии первого сезона стали показываться на телеканале BBC 2, начиная с 9.11.04.",1,0,2,3,0.1165
Он удивил меня своим поведением.,1,0,2,3,0.0358
Перед домом есть пруд.,1,0,2,2,0.0798
Отказ от игры роняет Фишера в глазах шахматистов.,1,0,3,3,0.0689
"В 1708 году Пётр I, чтобы упростить начертание букв русского алфавита, поэтому ввёл гражданский шрифт.",0,Syntax,2,5,0.1246
Из этого материала мы получим красивые платья.,0,Semantics,2,4,0.0872
У меня есть гордость.,1,0,1,2,0.0741
"Он сказал, что идет дождь и что поэтому мы останемся дома.",1,0,2,2,0.0838
Недалеко от него сидит молоденькая девушка и читает какую-то книгу.,1,0,2,2,0.0667
"В обучении в школе есть свои плюсы, да даже возраст, когда мы там учимся, наибольше беззаботный.",0,Morphology,2,3,0.0826
Поселок расположен вдалеке от реки.,0,Semantics,2,4,0.0512
Все три дня она провела возле Белого дома.,1,0,2,2,0.1104
"Иван не жалеет, что поехал на конференцию в Марокко.",1,0,2,2,0.0815
В моем кошельке есть много денег.,1,0,2,2,0.0361
"Иван прилег, чтобы он отдохнул.",0,Syntax,3,3,0.0619
Он объяснил отсутствие жены болезнью.,1,0,2,4,0.0794
У меня есть одна хорошая портниха.,1,0,2,3,0.0858
Он сел возле нее и взял ее за руку.,1,0,2,2,0.0556
"Она долго бежала вдоль забора, а потом повернула налево.",1,0,1,3,0.0774
Никто его не видел.,1,0,2,2,0.0546
У меня возникло сомнение в истинности его слов.,1,0,3,4,0.0528
Он плотно захлопнул дверь.,0,Semantics,2,4,0.0576
"Воображаю, как она удивилась.",1,0,3,3,0.0554
Том унес свой секрет в могилу.,1,0,2,2,0.0999
Аварии не имело места.,0,Semantics,3,3,0.0689
"Девочки, давай зайдем в магазин!",0,Syntax,2,2,0.0904
Они стояли у обрыва и смотрели вниз.,1,0,2,2,0.0871
"Том сказал мне, что боялся.",1,0,3,3,0.066
Я принял его в свою лабораторию.,1,0,3,3,0.0611
Мама идет с рынка.,1,0,2,2,0.0969
"Он много путешествовал, плавал далеко от родных берегов.",1,0,2,2,0.0738
Всю молодость она была красива.,0,Semantics,3,3,0.0646
Я взял ручку двери.,0,Semantics,3,4,0.0607
В это время мы сидели за столом и обедали.,1,0,1,3,0.0603
"В 1938 году 17летняя Сотирия встретила своего мужа, кондуктора автобуса.",1,0,2,3,0.1266
Я позвал Машу и Петю.,1,0,2,2,0.0616
Его шерсть приняла красивый ореховый оттенок.,1,0,2,4,0.0827
На небе появились тучи.,1,0,1,2,0.0661
"Даже если младенец крепко спит за два часа, обычно случаются кратковременные пробуждения.",0,Semantics,2,4,0.1017
Короткий коридор сразу же сворачивает направо.,1,0,2,2,0.0857
Не все хотели решать задачу.,1,0,3,3,0.0626
"В 1863 году ботаник Александр Кроалл был назначен первым библиотекарем и куратором, а в следующем году музей и библиотека объединились.",1,0,2,2,0.1104
"Каждый знает, что волки опасны.",1,0,0,2,0.081
Я взял за работу 10 рублей.,1,0,2,3,0.0473
Она медленно становится бледной.,0,Semantics,3,3,0.0659
Он не должен успеть на поезд.,1,0,2,4,0.0641
"На конференцию, которая проходила в Москве, прибыли триста один участник из всех регионов России.",0,Syntax,2,4,0.0982
Он сел рядом с ней и стал ей что-то оживленно говорить.,1,0,2,3,0.0593
"Она сразу вспомнила, что в мире есть радость.",1,0,2,2,0.0709
"Такой дискомфорт может привести к тяжёлым последствиям, вплоть до депрессии.",1,0,2,2,0.0901
В прошлом году я два месяца лежал в больнице.,1,0,2,3,0.0788
В понедельник он не приехал.,1,0,2,2,0.0707
Отец еще остался на работе.,1,0,2,2,0.0695
"Я думаю, что мы можем к нему зайти.",1,0,3,3,0.0493
Должен ли мы позвонить ей?,0,Syntax,2,5,0.0763
Он дал этот концерт в честь своего учителя.,1,0,2,3,0.0903
Сегодня в овощном были только яблоки.,1,0,2,4,0.0771
Отца не было на море.,1,0,2,4,0.0496
Встретимся около рыбного магазина рядом с метро «Университет».,1,0,2,2,0.0885
"Я думаю, что фотографии говорят сами за себя.",1,0,2,2,0.0949
Я ему об этом писал.,1,0,2,2,0.051
Ивану удалось устроиться на работу.,1,0,2,2,0.0699
Телевизора не было в мастерской.,1,0,3,4,0.0661
"Посмотри, какое я письмо от старосты получил, да реши, что мне делать.",1,0,2,2,0.085
С полки упал чайник.,1,0,1,1,0.0986
Ивану не удалось попасть на концерт Макаревича.,1,0,3,3,0.0607
У нас завтра будет что-то.,0,Syntax,3,3,0.0548
Он промахнулся в окно бутылкой.,0,Syntax,1,4,0.09
У меня дома есть эта книга.,1,0,1,1,0.0534
Покупаю мяса нам на обед.,1,0,1,1,0.0791
На работе он застал только секретаря.,1,0,2,4,0.0817
Мы сейчас проехали Аникеевку.,1,0,3,4,0.0713
"Ты считаешь меня ничтожеством, я в твоих глазах влюбленный студент, которого приятно держать около себя.",1,0,2,3,0.0872
"Светит солнце, но все-таки холодно и но все-таки не хочется идти гулять.",0,Syntax,2,2,0.067
"Вдруг они заметили, что он остановился.",1,0,3,3,0.0699
Иван читал статью Петра о себе.,1,0,3,3,0.0702
В последнее время он спал.,0,Semantics,1,1,0.0597
Они селились у больших рек.,1,0,2,2,0.0883
Поздравляю с днём рождения и желаю долгих лет жизни!,1,0,1,2,0.0914
Ты давно не был в Москве.,1,0,2,2,0.0514
Он научился быстро решать эти задачи.,1,0,2,3,0.0532
Я знаю это от Ивана.,1,0,3,3,0.066
"Я очень боялся, чтобы меня нечаянно не приняли за кого-нибудь.",1,0,3,5,0.0669
Тяжелые мне минуты сомнения.,0,Semantics,3,4,0.0698
Возьми какую-нибудь из этих тетрадей.,0,Semantics,2,2,0.0664
Он чуть ли не гением себя считает.,1,0,3,4,0.0664
Ты не должен ей помочь.,0,Semantics,2,4,0.0593
"Когда я вышел, он запер дверь.",1,0,2,2,0.0535
"Он воображает, что его примут.",1,0,1,4,0.0571
"Я был совсем рядом с ее домом, но к самому дому меня не пропустили.",1,0,2,4,0.0608
"День города, котором я живу в.",0,Syntax,2,4,0.0958
Статей не было прочитано.,0,Syntax,2,3,0.0527
Эта новость меня огорчила.,1,0,2,3,0.0622
Его приняли в общество охраны памятников старины.,1,0,2,4,0.0885
Ты не обязан ей помогать.,1,0,2,3,0.0583
В Белоруссии либеральных газет не осталось.,1,0,2,4,0.1148
"Я начал читать и зачитался так, что, к огорчению взрослых, почти не обращаю внимания на нарядную ёлку.",0,Syntax,2,4,0.0942
Канава отделила нашу ферму от соседней.,1,0,2,2,0.0898
"Подожди, я заканчиваю письмо.",1,0,2,3,0.0644
"Иван войдя, он поздоровался.",0,Syntax,2,4,0.0742
"Мальчик, ушедший было вперед, медленно возвращался к Арсению.",1,0,0,4,0.0979
Новый информационный ресурс набирает популярность.,1,0,2,2,0.0865
Солдаты грелись у костров.,1,0,3,3,0.0508
Отец подарил брату книгу.,1,0,2,2,0.0761
Он раздражен по любому поводу.,0,Semantics,3,3,0.0462
Я выбрал тему диплома.,1,0,2,2,0.0856
Он живет в двухэтажном доме на тихой лондонской улице возле Риджент-парка.,1,0,2,4,0.0954
"Маша читает книгу, и Саша читает книгу.",1,0,2,2,0.0293
Афанасьевна и Софья стояли невдалеке и слушали.,0,Semantics,3,3,0.0702
Где он дал согласие быть прописанному?,0,Syntax,2,5,0.0738
"Он воображает, что все знает об этом.",1,0,2,2,0.0596
Вы пила лекарства?,0,Syntax,2,4,0.0958
"Это, но никто не отозвался.",0,Syntax,3,4,0.0687
Я был огорчен этой новостью.,1,0,2,2,0.0611
"Среди сотрудников нашего института есть такие, которые отдыхали на юге.",1,0,2,3,0.0825
Я опаздываю на концерт.,1,0,2,2,0.0807
Я встречаюсь с приятелями.,1,0,2,2,0.0553
Он нас долго не замечал.,1,0,3,3,0.0624
Он пришел откуда-то изблизи.,1,0,1,3,0.043
Он отдал ей свое сердце.,1,0,1,1,0.059
Он делает три шага к стене.,1,0,2,2,0.0934
В библиотеке всегда кто-нибудь сидит.,1,0,0,3,0.0714
Я не обвиняю его в жульничестве.,1,0,3,3,0.0669
Частная коллекция — предмет гордости её обладателя.,1,0,2,4,0.0833
Я выпивал по более пяти бутылок в день.,0,Syntax,2,4,0.0962
Я люблю его как брата.,1,0,3,3,0.0695
Они читали жалобы на себя.,1,0,3,3,0.0647
Ты показал ей это письмо?,1,0,3,3,0.0714
Иван прождал ее два часа.,1,0,3,4,0.071
Эта местность получила название Панония.,1,0,2,3,0.0998
Существует более одного решения для этого пузыря.,0,Hallucination,2,2,0.1019
Она часто видится с кем-то из них.,1,0,3,3,0.0563
Она имела его врагов.,0,Semantics,3,3,0.0593
Мне дали эту работу на рецензию.,1,0,2,2,0.058
"Никсон заявил, что сожалеет о том, что он не знал о действиях своих подчиненных.",1,0,2,4,0.1188
Я ощущаю запах гари.,1,0,3,3,0.06
Он имеет положение в обществе.,1,0,2,4,0.0698
Девочка опять стояла у окна.,1,0,2,2,0.0853
Она работает в телефонном центре.,1,0,2,2,0.0849
Я не должен привыкать.,1,0,2,4,0.0892
"Том точно не знает, где живет Мария.",1,0,3,3,0.0698
"Я подозреваю, что его обманывают.",1,0,3,4,0.0594
Профессор решил поехать на дачу к своей сестре.,1,0,2,2,0.1053
У него был какой-то необъяснимый страх перед этим человеком.,1,0,3,3,0.0463
"Если он может решить все задачи,у него выдающиеся математические способности.",1,0,3,3,0.0645
Не благоухает больше роз на его газоне.,1,0,2,5,0.0934
"Смотри, они начали ставить палатку.",1,0,2,2,0.0895
У дивана стоял маленький журнальный столик.,1,0,2,2,0.0747
На лекции присутствовал Иванов.,1,0,2,2,0.0615
Ко мне приехали родственники.,1,0,0,0,0.0582
Он дал мне удар.,0,Semantics,3,3,0.056
"Он сидел в кресле, а рядом с ним стояла недопитая бутылка вина.",1,0,3,4,0.0678
Дорогие он видел машины.,0,Syntax,1,3,0.0746
Звенела музыка в саду.,1,0,2,2,0.0858
Жалобы этой женщины мне надоели.,1,0,3,3,0.0678
Он взял за поручень.,0,Semantics,3,3,0.0608
"Я не надеюсь, что он уедет.",1,0,1,3,0.0645
"Писатель пригласил журналистку, чтобы взять у него интервью.",0,Syntax,3,4,0.0386
"Расположен в городе Ниш, Крвени-Крст.",1,0,2,2,0.1241
"Министр пригласил журналистку, чтобы взять у него интервью.",0,Syntax,3,3,0.0152
Иван не попал на выставку.,1,0,2,3,0.0681
Меня не оказалось дома.,1,0,0,3,0.0636
Она кажется отсюда такой молодой!,1,0,2,3,0.0742
"В 9.15 слушайте рассказ Гайдара ""Дым в лесу"".",1,0,2,2,0.1172
Они грелись вблизи костров.,0,Semantics,2,2,0.0499
"В Риме умер один из величайших художников нашего века, мой соотечественник Орест Кипренский.",1,0,2,3,0.1265
"Она сидела рядом с мужем, слегка прижимаясь к нему.",1,0,2,3,0.0679
Я не хочу стричь волосы.,1,0,2,2,0.0915
"Вы республиканец, но я демократ.",1,0,2,2,0.1053
Вечной красою сияет природа и удивляет нас своим величием.,1,0,2,3,0.083
"Я думаю, что ты несомненно прав.",1,0,1,1,0.0413
"Теперь я понимаю, как ей тяжело.",1,0,2,4,0.0697
Я получила эту книгу в подарок.,1,0,3,3,0.0464
Они решили одни распоряжаться.,1,0,3,3,0.0661
"Нет, мой брат не дома.",1,0,2,2,0.068
До него эти звуки не доносятся.,1,0,3,4,0.0576
Она сегодня кого-то ждет.,1,0,3,4,0.0703
Можно не ходить на концерт.,1,0,2,2,0.0875
"Вчера купили Вася книгу, а Коля компакт-диск.",1,0,3,3,0.0648
Эти студенты — сами специалисты в эскимосском языке.,1,0,3,3,0.0273
"Скрою, он мне понравился.",0,Semantics,2,4,0.0568
"Он прав, я понимают.",0,Semantics,2,5,0.0362
С вершины горы будет открываться прекрасный вид.,1,0,2,4,0.0689
Отец никогда не был в Москве.,1,0,1,1,0.0799
Он был в полном отчаянии.,1,0,1,1,0.0448
Телевизора нет в мастерской.,1,0,3,3,0.0698
"Напомни мне, позвонить Саше.",1,0,3,4,0.0707
В США построен кинокинотеатр после первой мировой войны.,0,Syntax,2,2,0.1182
"Добравшись до места назначения, у нас было достаточно времени для приготовления ужина.",0,Syntax,1,3,0.0771
"Каждое утро подается марокканский завтрак, а местные блюда можно съесть на террасе, на террасе или в традиционной гостиной.",1,0,2,2,0.0958
"Я уверен, что он возможно прав.",0,Semantics,3,3,0.0274
Премьера этого реалити-шоу состоялась на ABC 19 марта 2013 года.,1,0,2,3,0.1232
Пришлось кого-нибудь попросить помочь.,0,Semantics,3,3,0.0599
"Уверен, что завтра что-нибудь не случится.",0,Semantics,3,4,0.0695
Букинист с особой целью продал книгу студенту.,1,0,3,3,0.0292
"Эти 7 вопросов задает инспектор, чтобы подловить на ошибке всех водителей – как реагировать и что отвечать?",1,0,2,4,0.1298
"Вчера у меня была Маша, и я отдала ей все деньги, которые у меня были.",1,0,2,2,0.0684
"Одна из учениц нашей Школы, московская школьница Светлана Архипова, установила рекорд скорости чтения ― 60 тыс. знаков в минуту зарегистрированный в российской Книге рекордов Гиннесса.",1,0,2,2,0.1147
"Иван не знает, что она приехала.",1,0,1,3,0.0416
В понедельник в Бостоне шел дождь.,1,0,1,2,0.0951
Платье у бедер слегка расширяется.,1,0,2,4,0.0872
Они попели песни у костров.,1,0,2,2,0.0666
Реакция журналов и фанатов была очень хорошей!,1,0,2,2,0.0892
Вымой руки и накрывай на стол!,1,0,2,4,0.0961
До провозглашения независимости Ливии (1951 год) Триполи был одним из центров национально-освободительной борьбы.,1,0,2,4,0.1259
"Я думаю, он согласится.",1,0,2,2,0.0414
В офисе компании нам предоставили всю необходимую информацию.,1,0,2,2,0.0812
"Иди, а то Иван скажет, что ты заставил его ждать.",1,0,3,4,0.0676
На дороге показался я.,0,Semantics,3,4,0.0523
В углу комнаты — бывший камин и бронзовые часы на нём.,1,0,2,4,0.0896
"Жестокая, почти невыносимая боль пронзила его тело.",1,0,3,4,0.07
Рыба изобиловала в реке лососем.,0,Syntax,3,4,0.0592
Когда вы в последний раз были в зоопарке?,1,0,2,2,0.1039
"Все разбежались, когда началась гроза.",1,0,1,3,0.088
Солдаты грелись поблизости от костров.,0,Semantics,3,3,0.0458
В эту минуту роман был прочитан.,0,Semantics,3,4,0.0589
"Маша читает, и Саша читает книгу.",1,0,3,3,0.028
"Кто написал ""Войну и мир""?",1,0,0,2,0.0948
Наиболее интересные из них связаны с туризмом.,1,0,2,3,0.0941
Пожарной команды не появилось.,0,Semantics,3,4,0.0701
У тебя есть с кем посоветоваться?,1,0,3,5,0.0603
В это время у соседей послышался шум.,1,0,3,4,0.0641
Ты должен взять любую из этих книг.,0,Semantics,3,4,0.0631
"Я запросил 10 рублей, и он мне дал.",1,0,2,3,0.0393
"Добавлю, что он, возможно, вообще откажется.",1,0,2,4,0.0647
Ты находил свои ключи?,0,Semantics,3,3,0.0621
Его взяли в наш институт.,1,0,3,3,0.0597
Мы благодарны за вашу помощь.,1,0,2,3,0.0755
Он сейчас спит в течение некоторого времени.,0,Semantics,1,3,0.0609
Я удивился его приходу.,1,0,2,4,0.0347
"Я не мог поверить, что этот ужасный человек и есть я.",1,0,3,4,0.0638
Я взял деньги у сестры.,1,0,2,3,0.0667
"Ваши данные не просто данные, это ваши семейные фотографии, ваши финансовые документы, ваша музыка – ваша жизнь.",1,0,2,4,0.1051
"Наша дивизия была довольно глухая, стоявшая вдали и от Петербурга и от Москвы.",1,0,2,4,0.0925
В то время у меня был друг.,1,0,2,2,0.0584
Завтра я буду ему звонить.,1,0,2,2,0.0619
В прошлом году я лежал в больнице МПС с воспалением легких.,1,0,3,4,0.0714
Мама забрала меня в парк.,1,0,2,3,0.0972
Он никогда не поет.,1,0,2,3,0.0909
Среди моих студентов есть способные.,1,0,3,3,0.0507
В результате этого он получил оспу.,0,Semantics,3,3,0.0707
Я хочу купить учебник по физике.,1,0,2,2,0.0855
На веранде имеется кресло –– ты можешь отдохнуть.,1,0,2,3,0.0792
"Несколькими яркими, красочными мазками художник изобразил разбежавшуюся по лужайке детвору.",1,0,2,4,0.1003
Я стою прямо рядом с вашим домом.,1,0,3,3,0.0704
Никогда я на Камчатке не был.,1,0,2,3,0.0962
Он стоял совсем близко от меня.,1,0,1,3,0.0343
"На спектакль в каком театре пришел Иван, несмотря на головную боль?",1,0,3,3,0.0331
Иван не был дома и месяца.,1,0,3,4,0.0614
Вы уже совсем здоровы.,1,0,2,4,0.0798
Он существует в Киеве.,0,Semantics,2,4,0.0814
"Станцию метро ""Комсомольская"" построили рядом со снесенным взрывом зданием 1С к северу от Тольятти.",1,0,2,4,0.1223
"Иван сказал, что он заболел.",1,0,1,1,0.0578
"Те, кто читал роман Л. Н. Толстого «Война и мир», помнит описание Бородинского сражения.",0,Syntax,2,4,0.0938
Тот камень имеет форму книги.,1,0,2,2,0.0783
"Ей снится, что будто бы она идет по снеговой поляне, а вокруг птицы чудные летают.",0,Syntax,2,4,0.0912
"Неведомая сила, казалось, привлекала его к нему.",1,0,3,4,0.0614
Он жил в одном из переулков около Арбата.,1,0,1,3,0.0859
Миша и Коля купили вчера книгу.,1,0,3,3,0.0658
Стаканы есть в шкафу.,1,0,3,3,0.0629
"Я наконец решился и задал ему вопрос: ""С кем ты виделся и беседовал в чем?""",0,Syntax,3,4,0.0636
Я гулял уже полчаса.,1,0,3,3,0.0582
Они попели песни около костров.,1,0,2,2,0.0661
У нее есть седые волосы.,1,0,3,3,0.0693
"В своих статьях этот журналист поставил вопросы, волнующих многих его современников.",0,Syntax,2,5,0.0802
"Я считаю, что он, несомненно, прав.",1,0,3,3,0.0212
Возьми мне из ее чемодана полотенце.,0,Semantics,3,3,0.0491
"Вася сказал: ""У меня кое-что для тебя есть"".",1,0,3,3,0.0697
Он может с кем-нибудь общаться.,0,Semantics,3,3,0.0513
Я говорю с адвокатом.,1,0,1,3,0.0706
Приступать с такими важными сборами к суду над маленьким поэтом — все равно что описывать жизнь какого-нибудь столоначальника тоном Плутарха.,1,0,2,4,0.0973
"Эти врачи, специалисты каждый по нескольким областям медицины, готовы к экстренному приему.",1,0,2,3,0.0894
Он не помог нам советом.,1,0,2,3,0.0769
Иван заставил меня написать диссертацию.,1,0,3,3,0.0686
Прямо против двери пруд.,1,0,2,3,0.0898
За стеной кто-то кашлял.,1,0,2,2,0.0797
Танцоры стучали каблуками в такт музыке.,1,0,2,2,0.0956
Это поселок лежал вдали от больших городов.,1,0,2,2,0.0677
"Тут пара чулок барышниных, да наволочка, да два полотенца.",1,0,3,4,0.0641
У него есть много статей на эту тему.,1,0,2,2,0.065
Возьми из моего чемодана плед и накрой Машу.,1,0,3,3,0.0603
Он быстро не понял.,0,Semantics,3,3,0.0536
По вечерам они сидят возле своих телевизоров.,1,0,2,3,0.0903
"Когда он делает что-то, он делает это тщательно.",1,0,2,2,0.0648
Он не ест каши.,1,0,3,3,0.0674
"Он медленно, но несомненно умнеет.",1,0,2,4,0.0713
Это начинает мне надоедать.,1,0,3,3,0.0576
Вдали близ шлагбаума виднелся маленький красный домик.,1,0,2,4,0.0699
Нужны мне ваши деньги!,1,0,2,4,0.0586
"Поскольку погода была хорошая, он не пошел гулять.",1,0,1,2,0.0706
Вчера мне нужно ехать на завод.,0,Semantics,3,3,0.0695
"Леша одел младшую сестрёнку, и они отправились встречать папу с работы.",1,0,2,4,0.1094
Он живет в небольшом городке на Оке.,1,0,1,3,0.0717
Иван прождал уже два часа и продолжает ждать.,1,0,3,3,0.066
Я получила к нему отвращение.,0,Semantics,3,4,0.0562
Он долго не огорчался.,1,0,3,3,0.0625
"Рядом с ней бежала молодая женщина в темно-синем пальто, а сзади — высокий мужчина в полушубке.",1,0,1,2,0.0846
Где в Москве состоится конференция?,1,0,2,2,0.1007
В детский центр Шахтёрского поселка в Трёхкилометрах от московских шахтеров проходит школьная школа.,0,Hallucination,2,3,0.1209
Я встречался с приятелями.,1,0,2,3,0.0498
Он взял ребенка на руки.,1,0,3,3,0.0665
Она была названа в честь югославской народной армии.,1,0,2,4,0.1127
Я встретила ее около своего дома.,1,0,3,3,0.0615
"Том сказал, что он видел, как Мария делает это.",1,0,3,3,0.0697
Ветки деревьев слабо звенели.,1,0,2,2,0.0681
Она сидела рядом со мной и плакала.,1,0,2,2,0.0489
Сейчас она старше своей матери.,1,0,2,2,0.0732
"Она выразила желание быть мне полезна, и я поспешил им воспользоваться.",1,0,3,3,0.0637
"Вы знаете, у него был эфферент, афера и хаптатическая реакция.",0,Hallucination,2,4,0.0822
"Я думаю, что он, несомненно, прав.",1,0,3,3,0.0202
Близко от него сидит молоденькая девушка и читает какую-то книгу.,1,0,2,3,0.063
Некоторые сотрудники нашего института отдыхали на юге.,1,0,2,2,0.084
Далеко он не ушел.,1,0,3,3,0.0639
Ни одна стрела не попала в цель.,1,0,2,2,0.0845
"Когда ты вошел, я не обедал, а читал газету.",1,0,3,3,0.0686
Вы уже дали отчет?,0,Semantics,2,4,0.0756
Он женат на женщине.,0,Semantics,3,3,0.0568
В Астане много иностранных туристов.,1,0,2,2,0.1085
Все это время чайник кипел.,1,0,2,3,0.0795
Я гуляю уже два часа.,1,0,2,3,0.0549
"В этом есть необходимость, так как очень много яблоков я набрала с собой.",0,Morphology,2,4,0.0869
Он остался невредимой и в морозе.,0,Syntax,2,3,0.0763
В Индии произошло мощное землетрясение.,1,0,2,2,0.1152
Действительно развитая цивилизация основана на достижениях в области энергетики.,1,0,2,2,0.1091
У меня сейчас отпуск.,1,0,2,2,0.0684
"У меня не было денег, а у тебя были.",1,0,3,3,0.0674
Этот фильм показывали по телевизору.,1,0,2,2,0.063
Только один раз ко мне приехали родственники.,1,0,0,4,0.0796
Он никому не написал.,1,0,3,4,0.0638
Я сейчас пишу письмо.,1,0,2,2,0.0499
Он дошел до деревни.,1,0,3,3,0.0694
Близ стола стояло большое кресло.,0,Semantics,1,4,0.0598
Он заболел еще в прошлом месяце и до сих пор с него болеет.,0,Syntax,2,4,0.0749
"Особенно полюбились сказки, рассказывать которые она была мастерица.",1,0,2,4,0.0835
Я разговаривал с директором на прошлой неделе.,1,0,2,3,0.0621
Он купил несколько журналов.,1,0,0,2,0.0566
Я прочел около трех страниц.,1,0,3,3,0.0619
"Я сказал Тому, что не помогу ему.",1,0,2,2,0.0831
"Я не знаю, почему вы хотите, чтобы я сделал это.",1,0,3,3,0.0652
У меня есть один знакомый врач.,1,0,2,2,0.0656
Я не съел ветчины.,1,0,2,2,0.0776
"Кто-то стучит в дверь, откройте!",1,0,3,3,0.0652
Я дал ему пощечину.,1,0,3,3,0.0628
Эти школьники скоро будут писать диктант по русскому языку.,1,0,2,2,0.0868
"У тебя как, вечер сегодня свободный?",1,0,2,3,0.0895
Дай мне тот стакан воды.,0,Semantics,1,2,0.0751
Камни заваливают вход в ущелье.,1,0,3,5,0.0665
"Он приходил, чтобы проститься.",1,0,0,4,0.0642
Он всегда знает английский язык.,0,Semantics,2,3,0.0868
Не ешь весь сыр.,1,0,2,2,0.1101
Я принял его в свою избу.,0,Semantics,3,4,0.0585
"Он думает, что все люди по природе добры.",1,0,1,2,0.077
В окне шрифта выбрать шрифт и размер из колонок.,1,0,2,2,0.1173
Множество людей пришли за кулисы.,1,0,2,3,0.0725
"Мэтт Фоулер назвал новый эпизод ""Чёрно-Белого дома"" значительно лучше чем пятый сезон, как он был снят за 8 процентов.",0,Hallucination,2,4,0.1312
Я взял у него деньги.,1,0,2,2,0.0428
Мне нравились его черты.,1,0,2,3,0.0537
В последнее время здесь часто вспыхивают волнения.,1,0,2,3,0.0884
Она нас очень хорошо принимала.,1,0,3,3,0.0666
"Японская компания разработала новую компанию на экспорт морской силы самообороны, но также активно предлагается.",0,Hallucination,2,4,0.1128
"Он спустился в нижний этаж, увидел длиннейшую очередь возле кассы.",1,0,2,4,0.0893
"Петя покрасил дачу, а Коля отремонтировал машину Иванова.",1,0,2,3,0.0947
Я это не знаю.,0,Semantics,2,2,0.0489
Вода течет в лодку.,1,0,1,3,0.0751
"Не только покупал, но и купил.",1,0,3,3,0.063
Иван не прилетел на свадьбу дочери.,1,0,3,4,0.0657
Его материнская семья выходит из Карачи.,0,Semantics,2,3,0.097
У вас бывают интересные разговоры?,1,0,3,3,0.0638
Изредка она взглядывала на кого-нибудь из нас.,1,0,3,4,0.069
Эта церковь всегда стояла на холме.,0,Semantics,2,4,0.0967
Было получено эти два извещения.,0,Syntax,3,4,0.0611
Почему вы продали свой дом?,1,0,2,2,0.0963
"Амагу течет сначала на северо-восток, потом принимает широтное направление и только вблизи моря немного склоняется к югу.",1,0,2,4,0.1063
"Учительница предупреждала, что тест будет тяжелым.",1,0,2,2,0.0864
Следующий довод опроверг его утверждение.,1,0,2,4,0.0806
Здесь собрался все свой народ.,1,0,2,4,0.0785
Я принял его в свой дом.,1,0,3,3,0.059
Я видел желтое пятнышко.,1,0,3,3,0.0667
Мы получили прекрасный урожай.,1,0,0,3,0.0857
В Переделкине есть музей Пастернака.,1,0,2,2,0.0994
У него нет никаких вредных привычек.,1,0,2,2,0.0771
"Я думаю, что сделаю это позже.",1,0,2,2,0.0872
Он подтверждает свое согласие.,1,0,3,3,0.0385
"И все по всей библиотеке разные предметы, разные пространства.",0,Hallucination,2,3,0.0813
Поезд был задержан из-за сильного снега.,1,0,2,2,0.0814
"Сомневаюсь, что он действительно болен.",1,0,2,3,0.0643
Я не теряю надежды.,1,0,2,2,0.0846
"Надеясь узнать что-то, он пошел в ложу брата.",1,0,3,3,0.0658
Я заметил там одни развалины.,1,0,2,4,0.0735
Меня испугал его приход.,1,0,3,3,0.0379
Врач советует Тане не менять климат.,1,0,2,3,0.1131
"Тем не менее, он преуспевает.",1,0,2,2,0.0641
Гуманитарные науки изучают различные аспекты человеческого бытия.,1,0,2,2,0.1062
"Ну-ка, расскажи об этой борьбе поподробнее.",1,0,2,3,0.0911
"Хотя у меня возникали некоторые сомнения, он всегда говорил очень убедительно.",1,0,3,3,0.0262
Ванин приход обрадовал нашу маму.,1,0,3,3,0.0567
"Ваш телефон звонит несколько раз, когда вы были в духе.",0,Syntax,3,4,0.0694
Я много раз находил клад.,1,0,2,2,0.0944
"Журналистка была приглашена министром, чтобы взять у него интервью.",1,0,3,4,0.0138
"У нее ест талант, а у меня есть деньги.",1,0,2,2,0.0613
У меня сегодня занятия по английскому языку.,1,0,3,3,0.0611
"Он может сделать все, что угодно.",1,0,2,2,0.0779
Он готов взять хоть какую-нибудь новую секретаршу.,1,0,3,4,0.0691
Афазий и других отклонений от нормы раньше не изучалось.,1,0,2,4,0.0994
"Ну сядь, я тебя прошу.",1,0,3,4,0.0686
Они решили оба распоряжаться.,1,0,3,3,0.0679
"Иван не знает, что приехала Маша.",1,0,3,4,0.0418
Этот последний был очень тяжелым.,1,0,3,3,0.0522
Она прижала к себе ребенка.,1,0,2,2,0.0581
Вы один показались мне веселыми.,0,Syntax,3,3,0.0512
Сообщение не испугало Марию.,1,0,2,4,0.0641
Более или менее удовлетворительно.,1,0,2,3,0.0923
Он работает в саду.,1,0,1,1,0.0692
Я начал свое путешествие 30 лет назад.,1,0,2,2,0.1173
Мне встречается девочка с ведром.,0,Semantics,2,3,0.0893
Я был там в году.,0,Semantics,2,3,0.0674
После новогодних поздравлений началась раздача подарков.,1,0,1,2,0.1005
"Республиканский национальный комитет (RNC) — политический комитет США, являющийся национальным лидером Республиканской партии Соединенных Штатов.",1,0,2,3,0.1313
"Я воспользовался перочинным ножом, чтобы нарезать колбасу.",1,0,2,3,0.0511
Они считали его талантливыми.,0,Syntax,3,5,0.0426
Меня никогда в этом доме не было.,0,Semantics,3,3,0.0599
Сегодня отца еще не было на море.,0,Semantics,3,4,0.0337
"Том сказал, что это не единственная причина.",1,0,2,2,0.0792
В прошлом году он написал портрет молодой женщины.,1,0,2,2,0.0939
Здесь мы столкнулись с совершенно новой проблемой.,1,0,2,2,0.0653
У нас редко проводятся занятия по истории.,1,0,2,4,0.0771
Памятные дни устанавливаются в честь значительных событий в мировой истории или истории России.,1,0,0,4,0.1168
Я рисковал опозданием на семинар.,1,0,3,4,0.0598
Многие добились какого-либо успеха.,0,Semantics,2,4,0.0792
"Я помню, как мы купались в Москве-реке.",1,0,2,2,0.0857
"Вообще-то вода в этой реке теплая, но сегодня она холодная.",1,0,1,3,0.0896
Петя решал такие задачи.,1,0,2,2,0.0707
Каждый человек всегда должен об этом помнить.,1,0,2,2,0.082
Целый день я скитаюсь по пустым равнинам.,1,0,2,3,0.0913
Геологической партии не было на базе.,1,0,1,4,0.0934
Он сидел возле аппарата и что-то писал в журнале.,1,0,2,2,0.0734
Это сочетание не имеет смысл.,0,Semantics,1,1,0.0947
Дерево было срублено близко от корней.,1,0,3,4,0.0565
"Он всегда говорил очень убедительно, и у меня возникали некоторые сомнения.",1,0,3,3,0.0216
"Сдвигая вековые камни, обрушились вниз дождевые потоки.",1,0,1,4,0.0935
Он выбрал себе жену из казачек.,1,0,3,4,0.0703
"Не удивительно, что он согласился.",1,0,3,3,0.0435
В этом дне было много удовольствий.,0,Semantics,0,4,0.0653
"В партии ""Слуга народа"" каждый блок состоит из слов и предложений.",0,Hallucination,2,2,0.1144
"Это означает, что он предлагает больше места для меньше денег, чем лучшие продавцы в классе.",1,0,2,2,0.1013
Пусть она встанет туда!,1,0,2,4,0.0727
В настоящий момент в районе зафиксировано 110 466 человек.,0,Semantics,2,3,0.1129
Это лекарство применяется при лечении кожных болезней.,1,0,2,3,0.0985
Я видел вашу жену.,1,0,2,2,0.0679
"После собрания кто-то сострил, что пока не разошлись, надо собрать новое собрание, чтобы подтвердить решение этого собрания.",1,0,2,2,0.0958
Они получили очень интересные результаты.,1,0,2,2,0.081
У меня есть деньги.,1,0,2,2,0.0389
"Как только деньги придут на счёт, мы отправим Вам подробный план путешествий по электронной почте.",1,0,2,3,0.1039
"Погода, ей казалось, была плохая.",1,0,3,4,0.0686
Ему дали государственную премию.,1,0,2,2,0.0761
"А тыква превращалась в спектакле ""Золушка"" в карету.",1,0,2,2,0.1147
"Нельзя было не заметить, что толпа на площади гуляют с какой-то лихорадочной бодростью.",0,Syntax,2,4,0.088
"Наверное, я выглядел смешным.",1,0,2,2,0.0588
У нас сейчас дождь.,1,0,1,3,0.0707
В 1914 г. в этих районах были найдены запасы камня.,1,0,1,1,0.1158
Она сидела близко от меня и плакала.,0,Semantics,2,4,0.0473
Мы пойдем до поворота.,1,0,1,1,0.0715
"Я знаю, что она приехала.",1,0,2,2,0.0537
Она воздержалась от всяких комментариев.,0,Semantics,3,4,0.0507
Мы увидели славный город-герой.,1,0,2,4,0.0829
"Видимо, он все-таки успел заметить, куда я положила ключ.",1,0,3,4,0.0627
"Вероятно, он может с кем-нибудь там общаться.",1,0,3,4,0.0435
"Он добился того, что статью опубликовали.",1,0,2,4,0.0601
"Кроме того, учреждены специальные призы правительства, мэрии, приз союза цирковых деятелей и зрительских симпатий.",1,0,2,3,0.1019
На террасе пахнет розами.,1,0,2,2,0.0905
"В пять часов утра, как всегда, пробило подъём — молотком об рельс у штабного барака.",1,0,2,4,0.1036
Я не намерен ничего менять.,1,0,1,1,0.0757
Из кабинета вышла женщина.,1,0,2,2,0.0801
"Вероятно, там кто-нибудь был?",1,0,2,4,0.0484
Ты не должен ей помогать.,1,0,2,2,0.0587
Этот день был очень тяжелым.,1,0,3,3,0.0556
Были получены эти два извещения.,1,0,3,3,0.0606
"Думаю, Том не понял вопроса.",1,0,3,3,0.0664
Он рассердил меня своей невнимательностью.,1,0,2,2,0.0393
"Я его спрашиваю, а он молчит.",1,0,3,3,0.0707
Меня обрадовал его приход.,1,0,3,3,0.0395
Он нес домой два арбуза.,1,0,2,2,0.0996
В его словах есть правда.,1,0,2,2,0.0559
"Трактирщик сказал, что, дескать, не дам.",1,0,2,4,0.084
Этот будь был очень тяжелым.,0,Syntax,3,5,0.052
Я две недели не был дома.,1,0,3,3,0.0562
"Когда ты позвонил, я не спал.",1,0,3,3,0.0702
Он побледнел еще больше.,1,0,3,3,0.0637
"Предстояли очередные выборы, на которых он дал согласие баллотироваться в депутаты Совета Союза Верховного Совета СССР на новый срок.",1,0,2,3,0.1024
Я помыл посуду.,1,0,2,2,0.0713
"Я стою сейчас рядом с Центризбиркомом и могу наблюдать за тем, что происходит перед входом.",1,0,2,4,0.0724
Поздравляю с днём рождением и желаю долгих лет жизни!,0,Morphology,1,1,0.0904
У брата есть грипп.,0,Syntax,2,3,0.0891
У кассы стояла длинная очередь.,1,0,2,2,0.076
Я не разбил чашки.,1,0,3,3,0.0662
Я увидел там одни развалины.,1,0,2,2,0.0757
Она побежала в глубь коридора и чуть не потеряла туфель.,0,Morphology,1,4,0.0865
В этом взгляде было только горе.,1,0,2,3,0.0815
Мой муж приходит домой примерно в 8 часов.,1,0,2,3,0.0944
Она быстро пооткрывала окно и со всего размаху швырнула книгу в него.,0,Semantics,2,3,0.0925
"Когда я пришел, ты спал.",1,0,3,3,0.0607
Ивана не было в своей комнате.,0,Semantics,3,4,0.0589
"В обучении в школе есть свои плюсы, да даже возраст, когда мы там учимся, наиболее беззаботный.",1,0,2,2,0.0837
"Материал статьи оказался не таким информативным, как хотелось.",1,0,2,4,0.0863
"И изумление, и ужас напал на меня.",0,Syntax,2,4,0.0659
"Представляю, как смешно это выглядело снизу.",1,0,2,4,0.0755
Он имеет только одну руку.,1,0,2,2,0.0739
Бутыль не вмещает пяти литров.,1,0,2,4,0.0963
Иван принял решение пойти на встречу одному.,0,Syntax,3,4,0.0539
Он не был там и разу.,0,Semantics,2,4,0.0508
Меня огорчает его отказ.,1,0,3,3,0.0558
Этот фильм показывали по телевизору?,1,0,2,2,0.0763
Я на это смотрю просто.,1,0,2,2,0.0775
Он сидел неподалеку от нас и читал.,1,0,2,2,0.0648
Он увидел прямо перед собой большую деревню.,1,0,2,2,0.0801
Это лекарство имеет сильное действие.,1,0,2,3,0.082
Этот грипп был очень тяжелым.,1,0,3,3,0.0659
Он достал платок из кармана.,1,0,3,3,0.0661
Он нашел хотя бы двух желающих?,1,0,3,3,0.0656
Кресло на веранде есть.,1,0,2,2,0.077
В луже возле него зеленовато отражалась неполная луна.,1,0,2,4,0.0858
Поезд отправлялся в 5 часов.,1,0,2,2,0.08
Наш полк стоял вдали от Москвы.,1,0,2,2,0.0828
Он дал ему одобрение.,0,Semantics,2,3,0.0359
Отдай мне твою шляпу.,1,0,3,3,0.0587
У самовара стоял чайник.,1,0,2,2,0.0812
Магазин открыт час назад.,1,0,3,3,0.062
"Том хочет, чтобы мы остались.",1,0,2,2,0.0695
"Все знали, что Том умирает.",1,0,2,3,0.0953
"Ни вдали, ни вблизи никого не было.",1,0,3,4,0.062
Он решал эту задачу.,1,0,3,3,0.0425
"Подожди, я возьму из чемодана кофточку и выйду к тебе.",1,0,3,3,0.0663
Она приняла ребенка к себе на руки.,1,0,3,3,0.0497
Вы уже написали отчет?,1,0,2,2,0.0688
"Расскажи, как прошел экзамен!",1,0,1,1,0.0848
Ты еще многое не знаешь.,1,0,2,3,0.0812
В тот момент я считал это несущественным.,1,0,2,4,0.0888
Он бежит в саду.,1,0,1,1,0.0923
В 1967 году он закончил среднюю школу.,1,0,1,1,0.1136
Никого не было дома.,1,0,1,3,0.0513
"Фильм в 1975 году был номинирован на ""Золотой Глобус"" как лучший иностранный фильм.",1,0,2,3,0.1274
"Я рад, что ты принял мое предложение.",1,0,3,3,0.062
Река течет на северо-восток.,1,0,2,2,0.0752
Неподалеку от нас был родник.,1,0,3,3,0.0689
Пришел мужик в лес и стал рубить дрова.,1,0,2,3,0.0726
Иванов присутствовал на лекции.,1,0,2,2,0.0631
"Там, я вижу, кто-то есть.",0,Semantics,3,3,0.0423
"Мне жаль, что он не зашел.",1,0,2,2,0.0574
"Там, он ясно видит, стоит человек.",0,Semantics,3,4,0.054
Ты не должен ей потакать.,1,0,2,4,0.0698
"Сомневаюсь, что она знает все детали.",1,0,3,4,0.0555
Ты еще многого не знаешь.,1,0,2,2,0.0764
Я обязательно отдам эти деньги.,1,0,2,2,0.0586
Она спокойно приняла это известие.,1,0,2,3,0.0628
В игорном зале казино было уже много людей.,1,0,2,3,0.1028
"Он не знает, что Иван приехал.",1,0,1,1,0.0398
Иван не повез жену в больницу.,1,0,1,4,0.0786
"Вася сказал, что живет на Басманной.",1,0,2,2,0.0852
Он сел рядом с ней и поцеловал ей руку.,1,0,2,4,0.0663
Весь день я простоял около станка.,0,Semantics,3,3,0.0692
Он воздержался от всяких комментариев.,1,0,3,3,0.0514
"Филипп считает, что столица Гондураса находится в Никарагуа.",1,0,1,1,0.1324
Он был безработным уже несколько лет.,1,0,2,2,0.0773
"Если Иван опять провалился на экзамене, то он не будет больше сдавать.",1,0,2,3,0.0807
Многие не хотят перемен.,1,0,1,3,0.0981
У нас сейчас урок.,1,0,0,2,0.0667
Мне необходимо это выяснить.,1,0,2,2,0.0685
"Маша вчера сказала, что приедет на следующий день.",1,0,2,2,0.0616
Один из преподавателей предложил новый план развития факультета и увеличить количество студентов.,0,Syntax,2,4,0.0815
"Журналистка, была приглашена министром взять у него интервью.",1,0,3,3,0.015
Вечер нередко начинал он спектаклем.,1,0,2,4,0.0881
Завтра будем ездить во Внешторгбанк.,0,Semantics,1,1,0.0773
Лесистая гора привлекла внимание туристов.,1,0,2,2,0.0773
Он всегда сидит в библиотеке.,1,0,0,0,0.0824
В квартире есть беспорядок.,0,Semantics,2,2,0.074
"Подождав минут двадцать, мы двинулись назад, как вдруг на опушке возникла наша собака.",1,0,2,3,0.0979
На экране появились странные изображения.,1,0,2,2,0.0854
Лоси в нашем лесу не водятся.,1,0,2,2,0.0732
У меня есть старые родители.,0,Semantics,1,4,0.0644
"Когда я вернулся, он спал.",1,0,3,3,0.0614
"Когда я вошел в аудиторию, он открывал окно.",1,0,3,3,0.0656
Я не встретил Машу.,1,0,3,3,0.0616
У нее есть старость.,0,Semantics,3,4,0.0645
"Я внимательно послушал все его аргументы, но ни один из них меня не убедил, и я ни под чем не согласился с ним.",0,Syntax,3,3,0.068
Мы вам десять тысяч рублей даем.,1,0,3,3,0.0514
"Я уже сказал вам все, что вам нужно знать об этом.",1,0,2,2,0.0754
Он не дошел до деревни.,1,0,3,3,0.0672
Он не прочел «Капитанской дочки».,1,0,3,4,0.0625
У него получилась неплохая статья.,1,0,2,2,0.0592
"Когда я позвонил Маше, она пришла.",1,0,3,3,0.0635
В 1845 г. он получил место судебного следователя.,1,0,2,2,0.0989
Когда же выпал этот снег?,1,0,2,2,0.0679
Музей Пастернака есть в Переделкине.,1,0,2,4,0.0993
"В канун Нового года заведующий неврологическим отделением больницы вместе с коллегами оригинально поздравили приморцев, сняв видеоклип.",0,Syntax,1,3,0.1213
Я испугался его приходу.,1,0,3,3,0.0387
"Я отдала все деньги, которые у меня были.",1,0,2,2,0.0579
Когда я смогу получить эти книги?,1,0,2,2,0.0562
В этот момент женщина вышла из кабинета.,1,0,2,2,0.0764
"Я смотрю на детей, бросающих друг другу мяч.",1,0,2,4,0.0993
Я положил ружье рядом с собой.,1,0,2,2,0.0752
На ее лице выражалась тревога.,1,0,2,2,0.0537
Она взяла его за плечи и начала трясти.,1,0,3,3,0.0656
Я хочу посоветоваться с каким-нибудь хорошим врачом.,1,0,3,4,0.0437
"Я открыл окно, чтобы проветрить комнату.",1,0,2,2,0.0525
Возьми со стола свои книги.,1,0,3,3,0.0681
В этой встрече была только радость.,1,0,3,3,0.0655
Участок назначен к продаже.,1,0,2,2,0.0983
Ты не видел Машу?,1,0,3,3,0.0692
"Брат надеется, что поступит в университет.",1,0,2,2,0.0641
Фонари погасли один за другим.,1,0,3,3,0.069
Очки лежали у книги.,0,Semantics,3,3,0.0543
Порыв ветра разбил окно.,1,0,3,3,0.0698
Достань из моего чемодана плед и накрой Машу.,1,0,3,3,0.0614
Он больше не развлекает меня анекдотами.,1,0,3,4,0.0702
"Вероятно, с ним что-то произошло.",1,0,1,2,0.0552
Через неделю на этой же сопке я увидел их обоими.,0,Syntax,2,5,0.0889
"При этом самки обладают светлой окраской головы, а на груди - штрихами.",1,0,2,3,0.0949
Иван отменил решение пойти на встречу одному.,1,0,3,4,0.0532
Я беру у вас эту книгу.,1,0,3,3,0.0414
В этом дне было много происшествий.,0,Semantics,0,0,0.0676
Его не было дома два дня.,1,0,3,3,0.0602
Ребенок спит днем два часа.,1,0,2,2,0.0899
Я вернусь домой к шести часам.,1,0,2,2,0.0801
Фотографии находятся в отличном состоянии.,1,0,2,2,0.0901
"Ему приказано отступать, и отступает.",0,Syntax,3,4,0.0546
Он часто бывает раздражен.,1,0,3,3,0.0546
Он совершенно спокойно принял возражения своего оппонента.,1,0,3,4,0.0661
Я содрогнулся от этой мысли.,1,0,2,4,0.0757
"Где-то в отдалении, почему-то очень волнуя сердце, шумели поезда.",1,0,3,3,0.0657
"У нее болит голова, она остается дома.",0,Semantics,2,2,0.0828
"Жаль, что Иван не был!",0,Semantics,3,3,0.0615
Отклонений от нормы не было замечено.,1,0,2,2,0.0807
Французский является её первым языком.,1,0,2,2,0.0972
"Если никто понял, я объясню.",0,Semantics,2,4,0.0771
Я тогда не могла сказать что-нибудь.,0,Semantics,3,3,0.0507
"Я имею книгу, чтобы читать.",0,Semantics,3,4,0.0437
Среди его учеников есть талантливые.,1,0,3,3,0.0596
Я подарю ей какую-нибудь из этих книг.,1,0,2,4,0.0471
Это даже поощряется местным правительством.,1,0,2,2,0.0909
Ты когда-нибудь отправлял письмо экспресс-почтой?,1,0,2,4,0.0889
Она приняла это известие очень спокойно.,1,0,2,2,0.0641
Что ты заболел — плохо.,1,0,2,3,0.0746
Не переходи улицы в этом месте.,0,Semantics,3,4,0.0664
"Находясь в лесу, многое представляет опасность, поэтому будьте осторожны и внимательны.",0,Syntax,2,3,0.0937
"Иван, к сожалению, в отпуске.",1,0,3,3,0.0508
Дорога проходит через лес.,1,0,3,3,0.0708
Где это я вас встречал?,1,0,3,4,0.062
У него в лаборатории есть хорошие биохимики.,1,0,2,3,0.0639
В молодости она была красивой.,1,0,3,3,0.0626
Над столом висела картина.,1,0,2,2,0.0571
Автобус должен отправиться ночью.,1,0,2,3,0.0751
Это влияет на любые инициативы сдвига в какую-либо сторону.,1,0,3,3,0.0686
"Я был в Лондоне, но не видел Машу.",1,0,2,2,0.0718
"Мы отправляем на эту конференцию наши доклады, потому что она для нас была очень важна.",1,0,3,3,0.0506
"Он сейчас не спит на диване, а сидит за компьютером.",1,0,2,3,0.0818
Он сейчас посещает родственника.,0,Semantics,3,4,0.0654
В тот день он был дома ровно в шесть.,1,0,2,2,0.0764
Я купался в горном озере.,1,0,2,2,0.0839
"Куда, ты говоришь, он девался?",1,0,2,4,0.0784
Он дал ему все свое состояние.,0,Semantics,3,3,0.0509
Иван не может успеть.,1,0,2,2,0.0645
"В Москве люди, которые этого не понимают.",0,Syntax,2,4,0.0895
Я неделю не выходил из дому.,1,0,2,4,0.0658
"Мы общаемся, и у нас вроде происходит какой-то благотворный взаимообмен энергиями, я это чувствую.",1,0,2,2,0.0789
Общий вес пакета в орбите составил 3969 кг (8750 фунтов).,1,0,2,3,0.1185
"Близ пустынных развалин Лакедемона встретил девушку, похожую на изваяние древней богини.",1,0,2,4,0.1056
Вы пришли очень вовремя.,1,0,3,3,0.067
Он не был там ни разу.,1,0,2,2,0.0543
"Я нахожусь там, где я сейчас нахожусь.",1,0,3,3,0.0701
Он дал ему красивое и звучное имя.,1,0,3,3,0.0633
"Иван, наверное, в отпуске.",1,0,3,3,0.0512
После этого они начали громко смеяться.,1,0,3,3,0.06
Я стою прямо рядом с метро.,1,0,2,2,0.0738
Я гуляю два часа.,1,0,2,2,0.0565
Иванов не прилетел в Москву.,1,0,3,3,0.0682
Она приняла его точку зрения.,1,0,3,3,0.0433
Она попросила дать ей денег.,1,0,3,3,0.0672
Он получил высшее образование.,1,0,3,3,0.0678
Старые обычаи еще сохранились.,1,0,2,2,0.0817
Она вынула из сундука маленький коврик и постелила его перед диваном.,1,0,3,3,0.0694
"Я рад, что занятий не будет.",1,0,3,3,0.0701
"Он говорит, что именно в этот момент на дороге показался я.",1,0,3,3,0.0552
"Если ты требуешь, то кто-нибудь из нас поможет ей завтра.",1,0,3,4,0.0649
Я принял это во внимание.,1,0,2,2,0.0665
"Ашот лежал поодаль от меня, спал.",1,0,2,3,0.0656
Меня включили заниматься этой проблемой.,0,Syntax,3,4,0.0642
Он съел одну грушу.,1,0,2,2,0.0629
После этого они начали громко разговаривать.,1,0,2,2,0.0585
Ему это нравится самому.,1,0,1,4,0.0608
Он причислил меня к разряду патриотов.,1,0,3,4,0.0699
У стола висела картина.,1,0,2,2,0.0545
Я полностью поддерживаю его идею.,1,0,1,1,0.0642
"Я подозреваю, что там есть проход.",1,0,3,3,0.0613
"Он знает, что волки опасны.",1,0,0,0,0.0741
Иван показал Лене себя на фотографии.,1,0,1,4,0.0748
Садись сюда и читай вот этот рассказ.,1,0,2,2,0.0801
У этого животного есть зубы.,1,0,1,1,0.0772
Она пришла вся мокрая.,1,0,2,2,0.0753
Она взяла из сундука небольшой коврик и постелила его перед диваном.,0,Semantics,3,3,0.068
"Она напомнила мне, что завтра выходной.",1,0,2,2,0.0715
"Маша, одетая в розовое платьице, выходит из подъезда и пошла вдоль по тротуару к детской площадке.",0,Syntax,2,4,0.1052
"По территории парка, ставшей теперь частью заповедника, гуляло фламинго.",0,Syntax,2,4,0.1029
"Помню радость ее, окончания войны: солнечный майский день, небо голубое, народ вывалил на улицу, все обнимаются, радуются.",0,Syntax,2,4,0.1031
"Неприятный мне разговор затянулся, вопреки моего ожидания.",0,Syntax,2,4,0.0688
"Министр пригласил журналистку, чтобы дать ей интервью.",1,0,3,3,0.0134
"В комнату вошла женщина маленького роста, одетая в простое ситцевое платье, она была молода и довольно миловидна.",1,0,2,4,0.0865
Неужели он сказал это вслух?,1,0,2,4,0.0646
Теперь уравнение выглядит так.,1,0,2,3,0.0792
"Подарок предназначался для Нины, но она уехала.",1,0,0,4,0.098
У Маши есть брат.,1,0,1,1,0.0707
Я воспринимаю его как брата.,1,0,3,3,0.0569
Он живет в небольшом городке на Волге.,1,0,2,3,0.0643
Перед домом есть скамья.,1,0,2,2,0.0801
Однако на собрании в Смольном мнение директора Эрмитажа было проигнорировано.,1,0,2,4,0.1047
"Как ты хочешь, чтобы я написал?",0,Syntax,3,3,0.0616
У меня есть сила.,1,0,1,1,0.0756
Он немедленно не ушел.,0,Semantics,3,3,0.0609
"Если бы то был волчонок, было бы ясно, что он сейчас завоет.",1,0,2,4,0.0865
В соседнем подъезде установили новый лифт.,1,0,2,2,0.0963
Французы всегда верны себе.,1,0,2,2,0.1118
Математика и естественные науки преподавались.,1,0,3,4,0.0698
"Я стою поблизости от Центризбиркома и наблюдаю за тем, что происходит у входа.",0,Semantics,2,2,0.0752
Хозяина в доме не чувствуется.,1,0,3,4,0.0638
Все члены экипажа разбившегося в Италии самолета вернулись домой.,1,0,2,4,0.1164
Травы здесь не растет.,1,0,3,4,0.0592
"Где-то вдали, почему-то очень волнуя сердце, шумели поезда.",1,0,3,4,0.0645
"В русских сказках заяц обычно пугливый, словно от латинского наименования вида «робкий заяц».",1,0,2,2,0.1136
У нее есть молодость.,1,0,2,2,0.0584
"Иван, к счастью, сможет прийти в редакцию.",1,0,2,4,0.0655
"Ты прочел ""Капитанскую дочку""?",1,0,3,3,0.0647
Девочка хочет мать купить ей куклу.,0,Syntax,2,4,0.108
Этот мой был очень тяжелым.,1,0,3,3,0.0371
Добрые люди существуют всегда.,1,0,2,2,0.0891
"Светит солнце, но все-таки холодно и но не хочется идти гулять.",0,Syntax,2,2,0.0665
"Он пообещал прийти, но не пришел.",1,0,2,2,0.0531
Все хлопоты я беру на себя.,1,0,3,3,0.0608
Он даже не поздоровался.,1,0,2,2,0.084
Она раздражается все сильнее.,1,0,2,3,0.0656
Исследователь предложил многообещающие направления лечения рака.,1,0,2,3,0.1028
С кем Петя пришел?,1,0,2,2,0.0714
"Он много построил за те годы, что был главным архитектором.",1,0,2,4,0.1006
С каким увлечением он коллекционировал марки.,1,0,2,3,0.0855
"Я знаю, что ей кто-нибудь помог.",0,Semantics,3,4,0.0594
"Я чувствовал, что она волнуется.",1,0,2,3,0.053
Он получил похвальную грамоту.,1,0,1,2,0.0588
Возьми из моего стола тезисы докладов и дай Ивану Сергеевичу.,1,0,2,2,0.0687
"Я надеюсь, ты собрался?",1,0,2,2,0.0712
У нашей фирмы имеется представитель в Красноярске.,1,0,2,4,0.1099
"Брат ушел в театр, и я сижу дома.",1,0,2,2,0.0845
Вчера мы пользовались этим прибором.,1,0,2,2,0.0576
Он открыл шкаф и взял оттуда два больших полотенца.,1,0,2,2,0.0682
Он воздержался от всех комментариев.,1,0,3,4,0.0545
Ему завтра исполнится 60 лет.,1,0,2,2,0.1086
Она взяла его точку зрения.,0,Semantics,3,3,0.0495
Миша пожертвовал две тысячи долларов на благотворительность.,1,0,2,2,0.1073
У нее был грипп.,1,0,2,2,0.0786
"Вполне можно ожидать, что результаты этой мыслительной деятельности кремлевских экспертов окажутся, мягко говоря, нестандартными.",1,0,2,4,0.0964
Она живет в маленьком городе близ Москвы.,0,Semantics,2,3,0.0738
"Если потребуется, то любой из нас ей поможет.",1,0,3,3,0.0571
Его еще не прочитал этой статьи.,0,Syntax,3,3,0.0439
У стола висели фотографии.,0,Semantics,2,4,0.0624
"Он сидел в кресле, рядом с ним стояла недопитая бутылка вина.",1,0,3,3,0.0679
Гость пришел не вовремя.,1,0,3,3,0.0644
Я не выключала плиту.,1,0,2,3,0.088
Я не был дома.,1,0,0,0,0.0538
Я находил в этом лесу рыжики.,1,0,2,3,0.0783
Здесь мы сразу натолкнулись на препятствие.,1,0,2,2,0.0731
Его приняли в больницу.,0,Semantics,3,3,0.0596
Он проплыл пятьдесят метров.,1,0,2,2,0.0987
О чем ты хочешь со мной поговорить?,1,0,3,3,0.0515
"Светит солнце и не холодно, но и не хочется идти гулять.",0,Syntax,2,4,0.0676
Я с удовольствием имел с ним беседу.,0,Semantics,3,3,0.0483
"Ваня думает, что Маша любит его.",1,0,2,2,0.0834
"Вчера я была у ма мы, и она дала мне эту книгу.",1,0,3,3,0.0535
"Стыдно, что я его не навестил.",0,Semantics,2,4,0.065
В то время он пил стакан воды.,0,Semantics,1,2,0.0645
"Он дворник, помогая людям содержать двор в чистоте.",0,Syntax,1,3,0.0794
Он ищет новую секретаршу.,1,0,3,3,0.0678
В данном случае наши интересы совпадают.,1,0,2,2,0.0669
Как долго вам потребовалось написать отчет?,0,Semantics,2,4,0.0792
"Прошли слухи, будто он продает квартиру.",1,0,2,4,0.0851
Она вдруг запнулась и долго смотрит непонимающими глазами на Елену Николаевну.,0,Syntax,2,3,0.081
"Он делает вид, что его кто-нибудь обидел.",0,Semantics,3,3,0.0539
У окна стояла девочка и отчаянно махала рукой.,1,0,2,4,0.0967
Она была в стороне от всех интриг.,1,0,3,4,0.0468
За стеной кашлял человек.,1,0,2,2,0.0836
Я не могла тогда сказать ему что-нибудь определенное.,1,0,3,4,0.0502
Он приходил к нам на прошлой неделе.,1,0,2,3,0.0645
Она выполнила половину вашего задания.,1,0,2,2,0.0776
Врач пришел только к вечеру.,1,0,2,3,0.0858
Могу ли я взять напрокат ваш карандаш?,1,0,2,3,0.1015
Окно было открыто час назад пятнадцать минут.,0,Semantics,3,4,0.0662
Перемен в технической политике фирмы еще не началось.,0,Semantics,3,3,0.0488
Моего паспорта не было в сумке.,1,0,3,3,0.0689
"Я поднял глаза и увидел то, что высоко в небе неслись над станицей птицы.",0,Syntax,1,4,0.0811
Я отказался от ее услуг.,1,0,2,2,0.0629
Я не всегда буду с вами.,1,0,2,3,0.0891
"Я думаю, мы можем к нему зайти.",1,0,3,3,0.0494
Мяч уходит на угловой.,1,0,2,2,0.0967
У этого животного есть острые зубы.,0,Semantics,1,2,0.0758
"Он говорил очень убедительно, но у меня возникли сомнения.",1,0,3,3,0.0361
Я с трудом провел целый день дома.,1,0,3,4,0.0645
Преподаватель предложил студенту сократить курсовую работу.,1,0,1,1,0.0852
У нас в городе много фабрик.,1,0,2,2,0.0866
"Он также использовался в последней сцене фильма ""Penelope"" и в трейлере фильма ""Дети мужчин"".",0,Hallucination,2,4,0.1182
Я приняла его возражения.,1,0,3,4,0.0563
У него было чувство страха перед этим человеком.,1,0,3,3,0.0418
"Если бы он вскоре не понял свою ошибку, возникла бы опасная ситуация.",1,0,3,4,0.0661
"Том пока не знает, что сделала Мэри.",1,0,3,4,0.0627
"Не видно, чтобы он куда-либо ходил.",1,0,2,4,0.0571
У нее интересные книги.,1,0,2,3,0.06
"Я точно помню, что мы тогда купались.",1,0,2,2,0.0796
Он избегает встреч с этой женщиной.,1,0,2,2,0.0777
Наиболее важной функцией РКА остается ее служба британской разведки.,1,0,2,3,0.1266
Правая рука его судорожно хрустела бумажками.,1,0,3,3,0.0549
"У дома стоял грузовик, вблизи него прямо на тротуаре сидел человек.",1,0,2,4,0.0924
У Маши есть брат Наташи.,0,Semantics,1,3,0.0816
"Том сказал, что знает, что планирует сделать Мария.",1,0,3,4,0.0675
"Оказалось, что он жил с матерью в подмосковной деревне у канала.",1,0,2,3,0.0827
"У Нонны горело лицо, ее даже знобило от волнения.",1,0,2,4,0.088
"Научившись 40 тысяч лет назад добывать огонь, развитие человечества заметно ускорилось.",0,Syntax,2,5,0.115
Я не воспринимаю этой музыки.,1,0,3,3,0.0567
"Благодаря приёму олицетворения А.А. Фет наделяет явления природы настроениями, свойственными для людей.",0,Syntax,2,3,0.108
В четверг я поеду и вернусь к ней.,0,Semantics,2,3,0.0737
Морщины у глаз не старили его.,1,0,2,5,0.0966
Он долго был в отчаянии.,1,0,3,3,0.0478
Много ребят накупили хорошую книгу.,0,Syntax,3,3,0.0546
Он так и не дал ответа.,1,0,2,3,0.0508
Я дал ему обещание.,1,0,3,3,0.055
"Может быть, им уйти пораньше, чтобы не опоздали на поезд?",0,Syntax,3,3,0.0709
Сегодня я разговаивал с директором.,1,0,2,2,0.0581
Я был там на неделе.,1,0,2,2,0.0641
Много горя ее матери пришлось пережить.,1,0,3,4,0.0687
Я приеду в субботу или в воскресенье.,1,0,2,2,0.0731
"Рядом с тем местом, где стоял стул, лежал маленький коврик.",1,0,2,3,0.0668
Я получила десять рублей.,1,0,2,3,0.0367
У меня в саду гусеника.,0,Hallucination,2,3,0.0883
Отказ от игры уронил его в глазах шахматистов.,1,0,3,4,0.0646
Я принимаю его теорию гранулярного пламени.,1,0,3,4,0.0713
Здесь часто кто-нибудь занимается.,1,0,2,2,0.0618
У него на лице улыбка.,1,0,0,2,0.0471
Он пришел весь мокрый.,1,0,2,3,0.07
Кто-то из них не пришел.,1,0,3,3,0.0594
Задержаны несколько десятков российских националистов.,1,0,2,4,0.1177
"Боюсь, что он женится там на какой-нибудь француженке.",1,0,3,4,0.0653
Ему здорово от нее достается.,1,0,1,4,0.0587
Он долго не думал.,1,0,2,2,0.0746
"Вероятно, кто-нибудь так бы поступил при подобных обстоятельствах.",1,0,3,4,0.0587
Я не вижу карандашей.,1,0,2,2,0.0671
"Они, если вы захотите, вам все покажут.",1,0,3,4,0.0632
"Неизвестно, где его искать, тот банк.",1,0,2,4,0.0839
У меня возникло подозрение.,1,0,3,3,0.0503
Я выслушала ваши извинения.,1,0,3,3,0.0674
Завтра я прихожу к вам.,1,0,3,3,0.0512
Он оказался очень сообразительным кем?,0,Syntax,3,4,0.0662
"Мне все время казалось, что я говорю с тобой.",1,0,3,3,0.0675
Я влюблен в тебя и хочу выйти за тебя замуж.,0,Semantics,1,1,0.0748
Здесь нельзя перейти улицу.,1,0,3,3,0.065
Я не знаю никаких ирландских художников.,1,0,2,4,0.1083
"Утром ходили купаться к озеру: наш излюбленный маршрут, знакомый до подробностей.",1,0,2,3,0.0874
"Во дворце спорта есть две ледовые арены, два бассейна, большой спортивный зал.",1,0,1,1,0.1081
"Он получил большое облегчение, узнав, что она простила ему.",1,0,3,3,0.0553
"Должен же ты был с кем-нибудь поговорить, прежде чем начать ра боту.",1,0,3,3,0.0644
В декабре нужно сдать годовой отчёт о работе библиотеки.,1,0,2,2,0.1101
Мальчику идти в школу.,1,0,2,2,0.0878
"Видите, я все средства пускаю, чтобы не быть одинокому.",1,0,2,4,0.08
"Я полагаю, что он должен так поступить.",1,0,2,3,0.0462
"Набежали тучи, и пошел дождь.",1,0,1,1,0.0625
Деревья ниже этой травы.,1,0,2,3,0.0649
Я требую тебе заплатить долг.,0,Syntax,3,4,0.0698
Они грелись у костров.,1,0,2,3,0.0518
Лейтенант-коммандер Ходжкинсон получил приказ быть готовым к взлету.,1,0,3,3,0.066
Он сам ходит в магазин.,1,0,2,2,0.0686
От длинных перечислений я утомился.,1,0,3,4,0.0596
Плащ защитил меня от дождя.,1,0,3,3,0.0702
"Я хорошо знал и искренне восторгался сильным и одновременно мягким, деликатным характером своего отца.",0,Syntax,2,3,0.071
Отсутствовало всякое желание этим заниматься.,1,0,2,4,0.0749
Он не пошел на работу.,1,0,2,2,0.0653
Я жду его уже полтора часа.,1,0,3,3,0.0661
Он сейчас заходит к приятелю.,0,Semantics,3,3,0.0603
У него есть имя.,1,0,2,2,0.0596
Выгодность сделки была очевидна.,1,0,2,4,0.0837
Они начались заменять на электронные с 1984 года.,0,Morphology,2,3,0.1214
В лесу раздавался топор дровосека.,1,0,2,3,0.0804
В театральном училище учатся артистичные и одарённые люди.,1,0,2,2,0.0872
Петя получил разрешение уехать.,1,0,2,3,0.0648
"Он уже знал, что не напишет ей письма, пока не вернется в Москву.",1,0,1,3,0.0863
Природный заповедник Альто Тахо находится в 27 км от Посады.,1,0,2,2,0.1314
"В нашем лесу есть озеро, а в их лесу нет.",1,0,1,2,0.0694
Нашел о чем говорить!,1,0,3,4,0.058
Он дал мне время кончить работу.,1,0,2,3,0.0666
"Да, следует отметить певую странность того страшного майского вечера.",1,0,2,3,0.1027
Иван нарушил обещание встретиться с нами сам.,1,0,3,3,0.0503
"Жаль, что Ивана не было!",1,0,3,3,0.0629
Дэйв в 12 лет начал учиться играть на гитаре.,1,0,2,2,0.1415
"По-моему, здесь пахнет газом.",1,0,3,4,0.0676
"Вчера обнаруживается, что преступник на свободе.",0,Semantics,3,4,0.0647
Он сидел за столом и ел несколько слив.,0,Semantics,3,3,0.0708
Такие газопроводы не строят в течение двух лет.,1,0,2,2,0.1066
Они попели песни рядом с кострами.,0,Semantics,2,4,0.0732
Он отошел на 20 метров.,1,0,2,2,0.0965
Его поступок имеет объяснение.,1,0,2,2,0.0599
Ни одного студента не было на лекции.,1,0,3,4,0.0685
Не нужно мне твоих советов.,1,0,3,4,0.0556
"Меня удивило, что он дал тебе свои деньги.",1,0,2,3,0.0483
Кто-то бежал по аллее.,1,0,2,2,0.0822
В этом лесу волков не водится.,1,0,2,3,0.0742
Она взяла на себя правку корректуры.,1,0,2,2,0.0741
Его левая рука судорожно хрустела бумажками.,1,0,3,4,0.0521
Ваня нигде не был.,1,0,0,4,0.0597
Хорошо бы на этот раз он не выиграл.,1,0,2,3,0.0593
"Давайте посмотрим, как это выглядит с экономической точки зрения.",1,0,2,2,0.0954
Он отдал ему все свое состояние.,1,0,3,4,0.0521
Я имею книгу в руке.,0,Semantics,3,3,0.0507
Эти препараты сейчас исчезли.,1,0,2,2,0.0854
"В большинстве городов и общин немецкого пространства имя носит школа, европейская улица, площадь и мост.",0,Hallucination,2,2,0.1138
"Решал, но не решил.",1,0,3,3,0.0678
В этом месяце он написал три статьи.,1,0,2,2,0.1002
Он порезал мясо на мелкие куски.,1,0,3,3,0.0618
"Оказалось, что он женат.",1,0,3,3,0.0564
"На кухне, он ясно слышал, кто-то был.",1,0,3,3,0.0694
Она с любопытством поглядывала на меня издалека.,1,0,3,3,0.0561
Том решил купить старый автомобиль вместо нового.,1,0,2,3,0.0943
Колодец уж конечно вырыли вблизи дома председателя.,0,Semantics,2,4,0.0955
Ваш корреспондент ведет передачу из телефонной будки около Центризбиркома.,1,0,2,4,0.0907
"Вообще он замечательный отец, все время возится с детьми.",1,0,2,2,0.0814
Его точка зрения на этот вопрос была высказана автором в других работах.,0,Syntax,3,4,0.0682
Они читали жалобы друг на друга.,1,0,3,4,0.0602
Никакого виновника не найдется.,1,0,3,4,0.0699
"Он пошел к брату, чтобы узнать последние новости.",1,0,3,3,0.0693
Поздравляю вас с Новым годом.,1,0,1,1,0.1017
"Он думает, я его испугался.",1,0,3,4,0.0462
Мария проверяет свои сообщения на телефоне.,1,0,2,3,0.0901
"Он почувствовал, что его определенно кто-то догоняет.",1,0,3,4,0.0574
"Поэты сравнивают храм Покрова на Нерли с парусом, уносящемуся вдаль по безбрежным волнам времени.",0,Syntax,2,4,0.1024
Вчера этим прибором пользовались.,1,0,3,3,0.0547
"Кажется, кто-нибудь стучит.",0,Semantics,3,3,0.0624
Я дочитал вашу рукопись.,1,0,3,3,0.0562
Он нашел по крайней мере двух желающих?,0,Semantics,3,4,0.0666
Я не обиделась на него за отказ.,1,0,3,3,0.0704
Я с трудом был целый день дома.,0,Semantics,3,3,0.0616
"Боюсь, что мне не хватит на это времени.",1,0,3,3,0.065
Это были мечты моего отца.,1,0,2,2,0.0828
"С такими, как он, часто что-нибудь случается.",1,0,3,4,0.0631
Весь вечер она раздражалась.,0,Semantics,3,3,0.0704
Ничего этого я не знал.,1,0,1,2,0.0533
Полковник отдал майору приказ солдатам выдвигаться на позицию.,1,0,3,3,0.0508
Каждую субботу она ходит в баню.,1,0,2,2,0.0834
Я не вижу карандаши.,1,0,2,2,0.0667
Гости были приглашены Машей.,1,0,2,2,0.0787
Он сейчас совершает двухчасовую прогулку.,1,0,3,4,0.0628
Она рисует хорошо и мечтает стать художньей.,0,Morphology,2,4,0.0728
"У нее болит голова, она осталась дома.",1,0,2,2,0.0802
Дети на день рождения смеются.,1,0,2,2,0.1039
"Ему повезло, что он встретил эту женщину.",1,0,2,2,0.0582
Какую Петя прочитал книгу и «Синтаксические структуры» Хомского!,0,Syntax,2,4,0.0906
"Итак, я прихожу к вам завтра в семь.",1,0,2,2,0.0881
Меня не было в Париже.,0,Semantics,1,1,0.0661
"Иван не знает, что Маша уехала.",1,0,3,3,0.0546
Парламент Канады объявил во вторник 3 января 1984 года постановление об ужесточении санкций против Туниса.,1,0,2,2,0.1446
Солдаты получили от майора приказ полковника выдвигаться на позицию.,1,0,1,4,0.0499
Вчера я с удовольствием была весь день дома.,1,0,2,3,0.0696
Я взяла десять рублей.,1,0,2,2,0.0383
Мария наконец нашла свои ключи.,1,0,2,2,0.0792
"Это такой человек, его ни за что не переспоришь.",1,0,3,4,0.0622
Ее матери много горя пришлос пережить.,1,0,3,4,0.0644
Раньше к нему заходили товарищи.,1,0,1,2,0.0627
Слишком уж он серьезен.,1,0,2,3,0.0713
Он принял чужое имя.,1,0,2,4,0.0837
"Она, конечно, знала, что рискует, отказываясь от его предложений.",1,0,2,4,0.0809
Перед домом стоит машина.,1,0,2,2,0.0798
"Нет, моего брата нет дома.",1,0,2,2,0.0698
Диксон Денхэм отправился через год и догнал экспедицию.,1,0,2,4,0.1198
Дождь поморосил и кончился.,1,0,1,4,0.0695
Мы могли бы это сделать.,1,0,2,2,0.0706
"Я рад сообщить вам, что я полностью выздоровел.",1,0,2,2,0.0786
Я был вчера на собрании.,1,0,1,1,0.0527
"В Чехии окончил школу астронавтики Байден, ставший впоследствии сенатором США.",1,0,2,4,0.1383
Вскоре он не понял свою ошибку.,0,Semantics,2,3,0.0551
Ты Маши не встретил?,1,0,3,5,0.0709
Он считает себя счастливым.,1,0,1,3,0.0593
Зачем ты снимал перед ним шляпу?,1,0,3,4,0.0668
Солидняк никогда не показывался возле комиссионок.,1,0,2,5,0.0958
"Вообще он замечательный город, я очень люблю там бывать.",0,Syntax,2,2,0.0783
"Как насчет того, чтобы позвонить?",1,0,2,2,0.0656
Он взял на себя покупки.,1,0,2,2,0.0599
Дело приняло неприятный оборот.,1,0,2,2,0.0624
"С наступлением темноты дозоры русских начинают не стрелять в ответ на каждое шевеление листьев, на каждую хрустнувшую ветку.",0,Semantics,2,4,0.0952
Она приняла ребенка на плечи.,0,Semantics,3,4,0.0606
У меня есть родители.,1,0,1,1,0.0672
Он взял ее за руку и потянул за собой.,1,0,3,3,0.0595
Я читал эту статью.,1,0,3,3,0.0607
Всего мы прошли пешком около пятисот километров.,1,0,2,2,0.0782
Я ходил по этому шоссе.,1,0,3,3,0.0668
Собрания не отменено.,0,Syntax,2,3,0.0977
Мне попался хороший пример.,1,0,2,2,0.0733
Спортсмен еще не отдыхал.,1,0,2,2,0.0746
Иванова не будет в Москве долго.,1,0,3,3,0.0714
Ты можешь доехать до вокзала на этом автобусе.,1,0,2,3,0.0895
"Приподнятые уголки губ придают его лицу какое-то веселое, добродушное выражение.",1,0,0,4,0.0678
Вода наполняет бассейн до краев.,1,0,2,2,0.0758
Иван ехал на телеге в город.,1,0,2,2,0.0897
Путники невольно залюбовались появившейся радугой на небе после дождя.,0,Syntax,1,4,0.0926
Постарайся увидеть вон ту звездочку над самой горой.,1,0,3,3,0.058
Сильно этот поезд не опоздал.,1,0,3,4,0.0621
Он покупает три журнала.,1,0,0,2,0.0783
Тут он встает и идет к двери.,1,0,3,3,0.0689
Мне предложили написать рецензию на эту книгу.,1,0,3,3,0.0562
Незнакомец опять обратился ко мне.,1,0,3,3,0.0708
Она была на несколько лет старше его.,1,0,2,2,0.0693
Но это будет полезно и для нас.,1,0,2,2,0.0723
Однако пора спать: уже без четверти шесть.,1,0,2,2,0.0866
Он быстро научился решать эти задачи.,1,0,2,2,0.0541
В прошлом году он часто приходил сюда.,1,0,3,3,0.0662
Тропинка кончилась у реки.,1,0,2,2,0.0755
"Министр обороны заявил, что французские подразделения будут выведены из Берлина.",1,0,2,2,0.1239
Геологическая партия была на базе.,1,0,1,1,0.0959
"В 1983 году основал компанию Bachman Information Systems, которая разработала линию программного обеспечения с помощью компьютера (CASE).",1,0,2,2,0.1209
Никто не был дома.,0,Semantics,1,1,0.053
"Начинает он суетиться, начинает говорить без умолку, покрикивает на Аленку, разводит возле сторожки большой яркий костер.",1,0,2,4,0.0851
"Они подвинулись, и я получил место рядом с ними.",0,Semantics,3,4,0.0607
Маша сидела рядом с мужем и читала.,1,0,2,2,0.0551
"Маша призналась, что он кончил работу только вчера, нет, позавчера.",1,0,2,4,0.0763
У нас в институте бывают лекции по истории кино.,1,0,2,2,0.0904
Всю следующую неделю я буду сидеть дома.,1,0,2,2,0.0738
Я сейчас писал письмо.,1,0,2,2,0.0453
У нее в жизни было несколько счастливых дней.,1,0,2,3,0.0804
"Я полагаю, что он должен на ней жениться.",1,0,3,4,0.0667
Я взял книгу и тетрадь.,1,0,2,2,0.0483
Мой дом не стоит на горе.,1,0,2,2,0.0717
Я считала его умнейшим человеком.,1,0,3,4,0.0698
Где у тебя документы?,1,0,2,2,0.08
Он ищет какую-нибудь новую секретаршу.,0,Semantics,3,3,0.0635
"Он врет, что читал что-либо.",1,0,3,3,0.0653
Вчера мы применили этот метод обработки металла.,1,0,2,2,0.0699
Я поселила ее в своей квартире.,1,0,3,4,0.0625
"Вася жалеет, что соврал.",1,0,2,4,0.0932
"Мне сообщили об этих планах, и они мне понравились.",1,0,2,2,0.0621
"Только бы он быстро не понял, в чем подвох.",1,0,3,4,0.0684
Я тоже хотел видеть Тома.,1,0,3,3,0.0684
У меня есть доказательства его невинности.,1,0,2,2,0.0815
Он не отдал мне ключа.,1,0,2,3,0.0564
Он возмутился моим поведением.,1,0,2,4,0.0362
"Мы отправили на эту конференцию наши доклады, потому что она для нас была очень важна.",1,0,3,4,0.0512
Петя так и в Москве.,0,Syntax,2,3,0.0812
У него в отделе хорошие биохимики.,1,0,2,2,0.0672
Его шерсть имеет красивый оттенок.,1,0,2,2,0.0757
"Это то, что вы называете сайтом социальных новостей.",1,0,2,4,0.1089
"И он поднял трубку, я позвонил Ване.",0,Syntax,3,3,0.0589
"Ну ладно, Витька, иди, занимайся!",1,0,2,3,0.086
"Мария считает, что какой-то крокодил пугает ее кошку.",1,0,2,2,0.0973
"Я едва удержался, чтобы его не ударить.",1,0,3,4,0.0704
Одиночный альпинизм — рискованное занятие.,1,0,2,2,0.0986
"Бебов не может связать двух слов и не понимает, что это такое.",1,0,2,4,0.1027
Нам прислали каждому по два письма.,1,0,3,4,0.0652
Ее лицо приняло печальное выражение.,1,0,2,2,0.056
Я открыл дверь своим ключом.,1,0,3,3,0.0507
Я не могла тогда сказать ему ничего определенного.,1,0,3,3,0.052
Я взяла в библиотеке книги.,1,0,3,3,0.0471
"Тревожный человек может расслабиться и успокоиться с помощью лекарств от тревоги, и они могут помочь устранить неприятные симптомы, которые приходят с тревожностью.",1,0,2,4,0.0992
Они разговаривали не громко.,1,0,3,4,0.0645
У меня есть один прекрасный учитель математики.,1,0,2,2,0.0748
В этот момент я поднял глаза.,1,0,1,1,0.0675
Хутор находится вдалеке от леса.,0,Semantics,2,2,0.0902
Через два дня меня уже не будет в Москве.,1,0,1,1,0.0635
"Книга, что была на полке.",1,0,3,4,0.0679
"А теперь, перейдём к непосредственному материалу и попробоваем изучить азы того самого римского счёта.",0,Morphology,2,3,0.0969
Автобус не должен отправиться ночью.,0,Semantics,2,2,0.0788
Вчера мне не дали это письмо.,1,0,2,2,0.0541
Иван оставил надежду встретиться с тобой самому.,1,0,3,3,0.0411
"Кажется, доставай тетрадь.",0,Semantics,2,3,0.0653
"Привел мальчика, держа в руках книгу.",0,Syntax,3,4,0.0603
Выстрелов больше не раздавалось.,1,0,2,3,0.0809
Все утро он был раздражен.,1,0,3,3,0.062
Он подошел рядом со мной.,0,Semantics,1,4,0.0337
Примите меня в свою группу.,1,0,2,2,0.0732
"Вася сказал, что он купил мне одну книгу.",1,0,3,3,0.0503
Больной менингитом Менетриэ не смог принять участие в собрании.,1,0,2,3,0.1054
Для командированных забронированы номера в гостинице «Звёздная».,1,0,1,4,0.101
"На лице ее выразилась такая глубокая, такая сокрушительная жалость, что я не знаю, мог ли бы кто-нибудь в то время глядеть на нее равнодушно.",1,0,2,5,0.0686
"Иван знает, что она приехала.",1,0,2,2,0.0528
Я смогла ему помочь.,1,0,3,3,0.0569
Иван читал статью о себе.,1,0,3,4,0.0633
Руководство определило жёсткие сроки для реализации проекта.,1,0,2,2,0.099
Вместе с женами партизан в лагере появилось новое лицо.,1,0,2,4,0.1107
Я был несколько раз в их квартире.,1,0,3,3,0.0701
Я не знаю фамилию Тома.,1,0,2,2,0.0731
"Он, возможно, знает об этом или нет?",0,Semantics,3,3,0.0638
"Один из британских фильмов рассказывает, что Дар Адал заказал слежку.",1,0,2,2,0.1102
До сих по бабушка любила его без памяти.,1,0,1,1,0.0774
Никого там не было.,1,0,3,3,0.052
Не слышалось никакого звука.,1,0,3,3,0.0564
Я воздержался от каких-либо комментариев.,1,0,3,4,0.0543
"Он сидел близко от меня, и я видел, что он все время что-то писал.",1,0,2,3,0.0644
На этот раз он не раздражал меня своими глупыми шутками.,1,0,3,3,0.0698
Наш поселок расположен далеко от железной дороги.,1,0,3,3,0.0628
Я не буду обременять его своей просьбой.,1,0,3,3,0.0652
Они не ссорятся из-за пустяков.,1,0,2,3,0.0723
Этот тип уже пришел.,1,0,3,3,0.065
Старик ловил неводом рыбу.,1,0,1,3,0.0954
Сосед повесил кондиционер над прямо моим окном.,0,Syntax,2,4,0.0781
"Оно бы, конечно, хорошо, чтобы «числом поболее, ценою подешевле».",1,0,2,4,0.0964
Она дала ему свое сердце.,0,Semantics,1,4,0.0631
"Вчера Миша купили книгу, а Коля компакт-диск.",0,Syntax,3,4,0.0686
В комнате кто-то имеется.,0,Semantics,3,3,0.0633
Ему бы только спать.,1,0,1,4,0.0631
Самолет не вылетал из Москвы.,1,0,2,2,0.0944
Он еще не прочитал эту статью.,1,0,2,2,0.0446
У меня было платье беж из креп-марокена.,1,0,2,4,0.0851
Ее усталые глаза смотрели вдаль.,1,0,2,2,0.065
Он не заметил холода.,1,0,2,2,0.0656
Я живу недалеко от метро «Калужская».,1,0,2,2,0.0816
Левая рука его сжимала хрустящую бумажку.,1,0,3,3,0.0583
Он скептически воспринял мое предложение.,1,0,3,3,0.0592
"Вы его чем-нибудь рассердили? –– отозвался князь, с некоторым особенным любопытством рассматривая миллионера в тулупе.",1,0,2,4,0.0987
Вани не было в школе.,1,0,3,3,0.06
"Мой багаж, по-видимому, прибудет следующим рейсом.",1,0,3,4,0.0704
У меня вчера было совещание.,1,0,3,3,0.0507
Я не могу принять такой дорогой подарок.,1,0,2,4,0.0841
В ее библиотеке есть интересные книги.,1,0,2,2,0.0536
