idx_a,idx_b,cos_sim,label_a,label_b,label_a_name,label_b_name,text_a,text_b,votes_a,votes_b,flagged_cleanlab_a,flagged_datamaps_a,flagged_ds2_a,flagged_cleanlab_b,flagged_datamaps_b,flagged_ds2_b,action,levenshtein,error_type_a,error_type_b
2620,2778,0.9999,0,1,unacceptable,acceptable,Как мама потом нашла у дочки в шкафе этот свёрток с бельём и стала сама для неё вручную делать бельё маленьких размеров.,Как мама потом нашла у дочки в шкафу этот свёрток с бельём и стала сама для неё вручную делать бельё маленьких размеров.,2,1,True,True,False,True,False,False,removed_a,1,Morphology,0
2977,4986,0.9998,0,1,unacceptable,acceptable,"А прочитая рассказ у Вас в 9-м номере, я хочу сходить к нему на могилу, положить цветы.","А прочитав рассказ у Вас в 9-м номере, я хочу сходить к нему на могилу, положить цветы.",2,2,True,True,False,True,True,False,removed_both,1,Morphology,0
6074,7919,0.9998,1,0,acceptable,unacceptable,Почему ж в синтаксическом отношении не хотят видеть ничего сходного между формою именительного падежа и формами косвенных падежей?,Почему ж в синтаксическом отношении не хотят видеть ничего сходного между формою именительного падежа и формами косвенных падежов?,0,2,False,False,False,True,True,False,removed_b,2,0,Morphology
4006,5965,0.9997,0,1,unacceptable,acceptable,"Нельзя предать кого-нибудь, кто столько для тебя сделал.","Нельзя предать кого-то, кто столько для тебя сделал.",2,0,True,True,False,False,False,False,removed_a,6,Semantics,0
119,5269,0.9997,1,0,acceptable,unacceptable,"Говоря, например, о картине Александра Иванова «Явление Христа народу», он восхищается ею прежде всего как народной картиной, начисто отвергая любые мистико-религиозные ее толкования.","Говоря, например, о картине Александра Иванова «Явление Христа народу», он восхищается ею прежде всего как народной картиной, начисто отвергая какие-либо мистико-религиозные ее толкования.",1,2,True,False,False,True,True,False,removed_b,9,0,Semantics
2749,2786,0.9996,1,0,acceptable,unacceptable,"А сапоги я вам блестящие принесу, ещё красивее ваших!","А сапоги я вам блестящие принесу, ещё красивше ваших!",1,2,True,False,False,True,True,False,removed_b,1,0,Morphology
437,1454,0.9996,0,1,unacceptable,acceptable,Многие млекопитающиеся (а звери ― это как раз и есть млекопитающиеся животные) кусают очень похоже на нас с вами.,Многие млекопитающие (а звери ― это как раз и есть млекопитающие животные) кусают очень похоже на нас с вами.,2,0,True,True,False,False,False,False,removed_a,4,Morphology,0
1247,5581,0.9996,1,0,acceptable,unacceptable,"Я протянул ему ложку, которую Сев выразил желание держать сам.","Я протянул ему ложку, которую Сев выразил желание держать самому.",0,2,False,False,False,True,True,False,removed_b,3,0,Syntax
3814,6407,0.9996,0,1,unacceptable,acceptable,"В начале марта, несмотря на весну, намело столько снегу, что на расчистку дорог была направлена рота солдатов.","В начале марта, несмотря на весну, намело столько снегу, что на расчистку дорог была направлена рота солдат.",2,1,True,True,False,True,False,False,removed_a,2,Morphology,0
349,2756,0.9996,0,1,unacceptable,acceptable,"Каждое утро мимо нас по коридору проносили большие термоса и корзинки с провиантом для наркома на случай, если он в обеденное время окажется здесь.","Каждое утро мимо нас по коридору проносили большие термосы и корзинки с провиантом для наркома на случай, если он в обеденное время окажется здесь.",2,0,True,True,False,False,False,False,removed_a,1,Morphology,0
542,5161,0.9996,1,0,acceptable,unacceptable,Пять бандитов лежали на земле раненые.,Пять бандитов лежало на земле раненые.,0,1,False,False,False,False,True,False,kept,1,0,Syntax
627,5643,0.9995,1,0,acceptable,unacceptable,"Появится кто-то совершенно новый, неведомый, порожденный нынешней ситуацией, ни на что ожидаемое не похожий.","Появится кто-нибудь совершенно новый, неведомый, порожденный нынешней ситуацией, ни на что ожидаемое не похожий.",0,2,False,False,False,True,True,False,removed_b,6,0,Semantics
2265,7947,0.9995,0,1,unacceptable,acceptable,"Когда он с кем-то едет в экспедицию, я спокойна.","Когда он с кем-нибудь едет в экспедицию, я спокойна.",1,1,False,True,False,False,True,False,kept,6,Semantics,0
4242,6923,0.9994,1,0,acceptable,unacceptable,"Говорят, что он ее чем-то обидел.","Говорят, что он ее чем-нибудь обидел.",0,2,False,False,False,True,True,False,removed_b,6,0,Semantics
5814,7908,0.9994,0,1,unacceptable,acceptable,"Хотя он всегда с собой кого-то брал, на случай поломок или возможных недоразумений, но автомобилем он правил сам.","Хотя он всегда брал с собой кого-нибудь, на случай поломок или возможных недоразумений, но автомобилем он правил сам.",2,0,True,True,False,False,False,False,removed_a,11,Semantics,0
1982,6437,0.9994,1,0,acceptable,unacceptable,"Вот дерево засохло, но все же оно вместе с другими качается от ветра.","Вот дерево засохнуло, но все же оно вместе с другими качается от ветра.",1,2,False,True,False,True,True,False,removed_b,2,0,Morphology
275,1653,0.9993,1,0,acceptable,unacceptable,"На ужин у нас огромный-огромный пирог с повидлом, сто котлет и мороженое.","На ужин у нас огромный-огромный пирог с повидлой, сто котлет и мороженое.",1,2,True,False,False,True,True,False,removed_b,1,0,Morphology
5962,6336,0.9993,0,1,unacceptable,acceptable,"И право, так мало делается этим кому-то зла, а себе столько удовольствия.","И право, так мало делается этим кому-нибудь зла, а себе столько удовольствия.",1,0,False,True,False,False,False,False,kept,6,Semantics,0
3567,7147,0.9993,0,1,unacceptable,acceptable,"Конечно, против такой системы ценностей решительно ополчились совдеповские образованцы, отвергавшие какие-либо традиции, а тем более столь возвышенные.","Конечно, против такой системы ценностей решительно ополчились совдеповские образованцы, отвергавшие всякие традиции, а тем более столь возвышенные.",2,1,True,True,False,False,True,False,removed_a,8,Semantics,0
2668,4610,0.9992,0,1,unacceptable,acceptable,"Зато как никогда захотелось быть с Ангелиной, и это не из-за только упрямства, – поднялась в душе волна уверенности, что любит её.","Зато как никогда захотелось быть с Ангелиной, и это не только из-за упрямства, – поднялась в душе волна уверенности, что любит её.",2,1,True,True,False,False,True,False,removed_a,12,Syntax,0
1848,2553,0.9992,0,1,unacceptable,acceptable,Том не пытается вас впечатлять.,Том не пытается вас впечатлить.,3,1,True,True,True,False,False,True,removed_a,1,Morphology,0
479,4257,0.9992,0,1,unacceptable,acceptable,"Напрасно вы думаете, что вы здоровы, у вас есть нервное расстройство.","Напрасно вы думаете, что вы здоровы, у вас нервное расстройство.",2,0,True,True,False,False,False,False,removed_a,5,Semantics,0
6903,8445,0.9992,1,0,acceptable,unacceptable,"Всем дано за обедом, как и в прошлом году, по пять апельсинов.","Всем дано за обедом, как и в прошлом году, по пять апельсин.",1,0,True,False,False,False,False,False,kept,2,0,Morphology
3046,4524,0.9992,0,1,unacceptable,acceptable,Попробоваем проследить биографию антиквариата как особой категории товаров.,Попробуем проследить биографию антиквариата как особой категории товаров.,2,0,True,True,False,False,False,False,removed_a,3,Morphology,0
7545,8022,0.9991,0,1,unacceptable,acceptable,Оттуда привезли в последний момент взвод солдатов и военный оркестр.,Оттуда привезли в последний момент взвод солдат и военный оркестр.,2,0,True,True,False,False,False,False,removed_a,2,Morphology,0
5853,7008,0.9991,1,0,acceptable,unacceptable,Опасность поскользнуться на льду или соскользнуть по нему вместе с тонким слоем покрывающего его снега увеличивалась с каждым шагом.,Опасность подскользнуться на льду или соскользнуть по нему вместе с тонким слоем покрывающего его снега увеличивалась с каждым шагом.,2,2,True,True,False,True,True,False,removed_both,1,0,Morphology
7035,7838,0.9991,1,0,acceptable,unacceptable,"Только какой-то негоциант, живший рядом с приютом и потерявший счет деньгам, ежегодно при получении из-за границы транспорта с фруктами присылал в приют ящик апельсинов.","Только какой-то негоциант, живший рядом с приютом и потерявший счет деньгам, ежегодно при получении из-за границы транспорта с фруктами присылал в приют ящик апельсин.",0,2,False,False,False,True,True,False,removed_b,2,0,Morphology
7080,8486,0.9991,1,0,acceptable,unacceptable,"Христофоров, явившийся в ложу первым и одиноко сидевший у ее красно-бархатного барьера, чувствовал себя затерянным в огромной, разодетой толпе.","Христофоров, явившийся в ложу первым и одиноко сидевший за ее красно-бархатного барьером, чувствовал себя затерянным в огромной, разодетой толпе.",0,2,False,False,False,True,True,False,removed_b,4,0,Semantics
3594,6471,0.999,1,0,acceptable,unacceptable,"Напрасно вы думаете, что вы здоровы, у вас катар верхних дыхательных путей.","Напрасно вы думаете, что вы здоровы, у вас есть катар верхних дыхательных путей.",0,2,False,False,False,True,True,False,removed_b,5,0,Semantics
3278,3720,0.999,1,0,acceptable,unacceptable,"Лицо ― длиннее, чем надо, а тело ― короче.","Лицо ― длиньше, чем надо, а тело ― короче.",0,2,False,False,False,True,True,False,removed_b,2,0,Morphology
1752,6243,0.999,0,1,unacceptable,acceptable,"Она попросила меня выяснить причины конфликта, сам не вмешиваясь в него.","Она попросила меня выяснить причины конфликта, самому не вмешиваясь в него.",2,0,True,True,False,False,False,False,removed_a,3,Syntax,0
1234,1799,0.999,0,1,unacceptable,acceptable,"Нужно постоянно следить за ихней работой, держать наготове штат ремонтников.","Нужно постоянно следить за их работой, держать наготове штат ремонтников.",0,0,False,False,False,False,False,False,kept,3,Morphology,0
359,5266,0.9989,0,1,unacceptable,acceptable,"Кстати, не случайно первым указом преемника было освобождение Ельцина и его семьи от ответственности за какие-либо, совершенные в бытность на посту президента.","Кстати, не случайно первым указом преемника было освобождение Ельцина и его семьи от ответственности за любые, совершенные в бытность на посту президента.",2,0,True,True,False,False,False,False,removed_a,9,Semantics,0
1518,4414,0.9989,0,1,unacceptable,acceptable,"Было в ней и скромность, и изящество, и достоинство.","Было в ней и изящество, и скромность, и достоинство.",2,1,True,True,False,False,False,True,removed_a,18,Syntax,0
1518,1681,0.9989,0,1,unacceptable,acceptable,"Было в ней и скромность, и изящество, и достоинство.","Была в ней и скромность, и изящество, и достоинство.",2,0,True,True,False,False,False,False,removed_a,1,Syntax,0
194,6889,0.9988,0,1,unacceptable,acceptable,"Трое вакуумщиков действительно ходили как пленные звери рядом со своими насосами — у них был срочный заказ, и их уже вторые сутки не пускали спать.","Трое вакуумщиков действительно ходили как пленные звери возле своих насосов — у них был срочный заказ, и их уже вторые сутки не пускали спать.",2,0,True,True,False,False,False,False,removed_a,12,Semantics,0
642,7660,0.9988,1,0,acceptable,unacceptable,Взгляни на рисунок и вырежи из тонкого картона точно такие же очки.,Взглянь на рисунок и вырежи из тонкого картона точно такие же очки.,1,2,True,False,False,True,True,False,removed_b,1,0,Morphology
1084,6741,0.9988,0,1,unacceptable,acceptable,"Она съездиет на дачу, а потом ― работа и жизнь.","Она съездит на дачу, а потом ― работа и жизнь.",1,0,False,True,False,False,False,False,kept,1,Morphology,0
1233,8185,0.9988,0,1,unacceptable,acceptable,"Он не поздравил ни с Новым годом, ни с Восьмым мартом, ни с днем рождения Валерки.","Он не поздравил ни с Новым годом, ни с Восьмым марта, ни с днем рождения Валерки.",2,1,True,True,False,False,True,False,removed_a,2,Morphology,0
1191,5868,0.9988,0,1,unacceptable,acceptable,И ночные вызова на работу случались.,И ночные вызовы на работу случались.,1,0,False,True,False,False,False,False,kept,1,Morphology,0
7073,8327,0.9987,0,1,unacceptable,acceptable,Половина детей были больная.,Половина детей были больными.,1,1,True,False,False,True,False,False,kept,3,Syntax,0
108,4307,0.9987,0,1,unacceptable,acceptable,"Вот честное слово, жалко, что каждый раз ему выступать первый перед, если можно так выразиться, неразогретым залом.","Вот честное слово, жалко, что каждый раз ему выступать первому перед, если можно так выразиться, неразогретым залом.",1,1,False,True,False,True,False,False,kept,3,Syntax,0
5918,7031,0.9986,1,0,acceptable,unacceptable,"Да его никто и не слушал, потому что Старшов смотрел на Олексина-старшего, а тот мучительно преодолевал неимоверно разросшуюся застенчивость.","Да его никто и не слушал, потому что Старшов смотрел на Олексина-старшего, а тот мучительно преодолел неимоверно разросшуюся застенчивость.",0,2,False,False,False,True,True,False,removed_b,2,0,Semantics
2408,5279,0.9986,1,0,acceptable,unacceptable,"Когда до них оставалось не более пятисот метров, командир подал знак штурману.","Когда до них оставалось не более пятиста метров, командир подал знак штурману.",0,1,False,False,False,True,False,False,kept,2,0,Morphology
1910,6183,0.9986,1,0,acceptable,unacceptable,Они считали его талантливым.,Они считали его талантливыми.,1,2,False,False,True,True,False,True,removed_b,1,0,Syntax
25,1241,0.9985,1,0,acceptable,unacceptable,Тогда руководители NASA также сначала отрицали наличие каких-либо серьезных технологических проблем.,Тогда руководители NASA также сначала отрицали наличие всяких серьезных технологических проблем.,0,2,False,False,False,True,True,False,removed_b,8,0,Semantics
1528,4228,0.9985,0,1,unacceptable,acceptable,"Я не могу ехать, у меня есть бабушка.","Я не могу ехать, у меня бабушка.",3,1,True,True,True,False,False,True,removed_a,5,Semantics,0
3966,7811,0.9985,1,0,acceptable,unacceptable,Главный принцип вашей студии ― избегать прямого цитирования какого бы то ни было стиля.,Главный принцип вашей студии ― избегать прямого цитирования какого бы то ни было всякого стиля.,0,2,False,False,False,True,True,False,removed_b,8,0,Semantics
1346,3466,0.9985,1,0,acceptable,unacceptable,"И пошлите кого-нибудь к Фу Чану, чтоб захватили несколько пар туфель.","И пошлите кого-нибудь к Фу Чану, чтоб захватили несколько пар туфлей.",1,1,False,True,False,False,True,False,kept,3,0,Morphology
4762,7116,0.9985,0,1,unacceptable,acceptable,"Министр пригласил журналистку, дать ей интервью.","Министр пригласил журналистку, чтобы дать ей интервью.",2,1,False,True,True,False,False,True,removed_a,6,Syntax,0
35,5799,0.9985,1,0,acceptable,unacceptable,"Насупившийся, переполненный эмоциями Дашевский не был расположен выслушивать какие-либо оправдания.","Насупившийся, переполненный эмоциями Дашевский не был расположен выслушивать никакие оправдания.",0,2,False,False,False,True,True,False,removed_b,7,0,Semantics
4381,4461,0.9984,1,0,acceptable,unacceptable,В этой реке много рыбы.,В этой реке есть много рыбы.,1,3,False,False,True,True,True,True,removed_b,5,0,Semantics
6255,7736,0.9984,1,0,acceptable,unacceptable,Начальник заставлял его работать больным.,Начальник заставлял его работать больной.,0,2,False,False,False,True,True,False,removed_b,2,0,Syntax
4578,5204,0.9984,0,1,unacceptable,acceptable,"Люди, и без того жившие на грани нищеты, оказались лишены всяких средств к существованию.","Люди, и без того жившие на грани нищеты, оказались лишены всех средств к существованию.",2,0,True,True,False,False,False,False,removed_a,3,Semantics,0
1314,7546,0.9983,0,1,unacceptable,acceptable,Мы первыми научились видеть дальше собственного порога и думать более шире родимой околицы.,Мы первыми научились видеть дальше собственного порога и думать шире родимой околицы.,2,1,True,True,False,True,False,False,removed_a,6,Morphology,0
4687,5321,0.9983,1,0,acceptable,unacceptable,"Министр пригласил журналистку, взять у него интервью.","Министр пригласил журналистку, чтобы взять у него интервью.",3,3,True,True,True,True,True,True,removed_both,6,0,Syntax
3682,7626,0.9983,0,1,unacceptable,acceptable,"Они, если вы захотите, то вам все покажут.","Они, если вы захотите, вам все покажут.",2,2,False,True,True,True,False,True,removed_both,3,Syntax,0
4803,6443,0.9983,0,1,unacceptable,acceptable,"В обучении в школе есть свои плюсы, да даже возраст, когда мы там учимся, наибольше беззаботный.","В обучении в школе есть свои плюсы, да даже возраст, когда мы там учимся, наиболее беззаботный.",2,1,False,True,True,False,False,True,removed_a,2,Morphology,0
5658,6059,0.9983,1,0,acceptable,unacceptable,Следов высокоорганизованной материи не обнаружено.,Следы высокоорганизованной материи не обнаружены.,0,2,False,False,False,True,True,False,removed_b,3,0,Semantics
157,5180,0.9982,0,1,unacceptable,acceptable,"Первый огонек блеснул вдали, на противоположной горе, в одиноком домике поблизости от шлагбаума.","Первый огонек блеснул вдали, на противоположной горе, в одиноком домике близ шлагбаума.",2,1,True,True,False,False,True,False,removed_a,9,Semantics,0
3520,8189,0.9982,0,1,unacceptable,acceptable,"Мать взглянула на женщину, она была Самойлова.","Мать взглянула на женщину, это была Самойлова.",2,0,True,True,False,False,False,False,removed_a,3,Semantics,0
297,2496,0.9982,1,0,acceptable,unacceptable,"Он был квартирмейстером и казначеем в Костромском пехотном полку, дослужился до штабс-капитана и вышел капитаном в отставку с шестьюстами рублями ассигнациями пенсии.","Он был квартирмейстером и казначеем в Костромском пехотном полку, дослужился до штабс-капитана и вышел капитаном в отставку с шестистами рублями ассигнациями пенсии.",0,2,False,False,False,True,True,False,removed_b,2,0,Morphology
1518,2147,0.9982,0,1,unacceptable,acceptable,"Было в ней и скромность, и изящество, и достоинство.","Были в ней и скромность, и изящество, и достоинство.",2,1,True,True,False,False,False,True,removed_a,1,Syntax,0
4544,7151,0.9982,0,1,unacceptable,acceptable,"У меня была возможность все видеть, сам оставаясь незамеченным.","У меня была возможность все видеть, самому оставаясь незамеченным.",2,0,True,True,False,False,False,False,removed_a,3,Syntax,0
2580,7994,0.9981,0,1,unacceptable,acceptable,"Гость вошел в калитку, находившуюся около входа в лавку, и попал в квадратный небольшой дворик.","Гость вошел в калитку, находившуюся рядом со входом в лавку, и попал в квадратный небольшой дворик.",2,1,True,True,False,False,True,False,removed_a,8,Semantics,0
1998,4563,0.9981,0,1,unacceptable,acceptable,"Она стояла так вблизи, что я ощущала запах ее духов.","Она стояла так близко, что я ощущала запах ее духов.",2,2,True,True,False,True,True,False,removed_both,3,Semantics,0
6032,6368,0.9981,0,1,unacceptable,acceptable,Было получено эти два извещения.,Были получены эти два извещения.,2,1,True,False,True,False,False,True,removed_a,2,Syntax,0
4062,6684,0.9981,1,0,acceptable,unacceptable,"Рассмотрим два высказывания, доказать эквивалентность которых не составит труда.","Рассмотрим два высказывания, которых доказать эквивалентность не составит труда.",1,0,True,False,False,False,False,False,kept,16,0,Syntax
4146,4563,0.9981,0,1,unacceptable,acceptable,"Она стояла так рядом, что я ощущала запах ее духов.","Она стояла так близко, что я ощущала запах ее духов.",2,2,True,True,False,True,True,False,removed_both,6,Semantics,0
4511,4578,0.9981,1,0,acceptable,unacceptable,"Люди, и без того жившие на грани нищеты, оказались лишены каких-либо средств к существованию.","Люди, и без того жившие на грани нищеты, оказались лишены всяких средств к существованию.",0,2,False,False,False,True,True,False,removed_b,8,0,Semantics
3784,5675,0.9979,1,0,acceptable,unacceptable,"Будь вы повнимательней, ошибка была бы исправлена.","Будьте вы повнимательней, ошибка была бы исправлена.",0,2,False,False,False,True,True,False,removed_b,2,0,Syntax
2867,6784,0.9979,0,1,unacceptable,acceptable,"Где новая большая мечеть в Гудауте, которую он взял на себя то обязательство построить?","Где новая большая мечеть в Гудауте, которую он взял на себя обязательство построить?",0,0,False,False,False,False,False,False,kept,3,Syntax,0
1661,5493,0.9979,0,1,unacceptable,acceptable,"Кто писал ""Войну и мир""?","Кто написал ""Войну и мир""?",3,2,True,True,True,False,True,True,removed_both,2,Semantics,0
6737,8031,0.9979,1,0,acceptable,unacceptable,"Это ее решение, ее злая воля заставляют Эди стоять тут под дверью больным и сумасшедшим.","Это ее решение, ее злая воля заставляют Эди стоять тут под дверью больной и сумасшедший.",0,2,False,False,False,True,True,False,removed_b,3,0,Syntax
204,8384,0.9979,0,1,unacceptable,acceptable,Выстраивать на столь дрянном фундаменте всякие имперские конструкции крайне опрометчиво.,Выстраивать на столь дрянном фундаменте какие-либо имперские конструкции крайне опрометчиво.,2,0,True,True,False,False,False,False,removed_a,8,Semantics,0
838,5869,0.9978,0,1,unacceptable,acceptable,"Там нет ни трудностей, ни всяких интересных задач.","Там нет ни трудностей, ни каких-либо интересных задач.",1,0,True,False,False,False,False,False,kept,8,Semantics,0
3615,6473,0.9977,0,1,unacceptable,acceptable,Вкус к большой политике к нему пришел более позднее.,Вкус к большой политике к нему пришел позднее.,1,1,True,False,False,True,False,False,kept,6,Morphology,0
1319,7592,0.9977,0,1,unacceptable,acceptable,У него на лице есть улыбка.,У него на лице улыбка.,3,1,True,True,True,False,False,True,removed_a,5,Semantics,0
3133,8255,0.9977,0,1,unacceptable,acceptable,"Мне сообщили об этих планах, и они понравились.","Мне сообщили об этих планах, и они мне понравились.",3,1,True,True,True,False,False,True,removed_a,4,Syntax,0
3166,7568,0.9977,1,0,acceptable,unacceptable,Иван питает надежду встретиться с тобой сам.,Иван питает надежду встретиться с тобой самому.,0,2,False,False,False,True,True,False,removed_b,3,0,Syntax
3305,5794,0.9977,1,0,acceptable,unacceptable,"Лягте, пожалуйста, на тахту.","Ляжьте, пожалуйста, на тахту.",0,2,False,False,False,True,True,False,removed_b,2,0,Morphology
3690,4582,0.9976,1,0,acceptable,unacceptable,"В своих идеях и принципах он остался примером человека, противостоящего какому бы то ни было подавлению большинством.","В своих идеях и принципах он остался примером человека, противостоящего какому-либо подавлению большинством.",0,0,False,False,False,False,False,False,kept,11,0,Semantics
4255,6266,0.9976,1,0,acceptable,unacceptable,"Роте выяснить обстановку, самой не вступая в бой.","Роте выяснить обстановку, сама не вступая в бой.",0,1,False,False,False,False,True,False,kept,2,0,Syntax
4117,7098,0.9976,0,1,unacceptable,acceptable,"И на всех проходящих мимо напал такой страх, и все, кто был близ меня пустились бежать.","И на всех проходящих мимо напал такой страх, и все, кто был поблизости меня пустились бежать.",2,1,True,True,False,True,False,False,removed_a,6,Semantics,0
4112,6146,0.9976,1,0,acceptable,unacceptable,Вы один показались мне веселым.,Вы один показались мне веселыми.,2,2,True,True,False,True,False,True,removed_both,1,0,Syntax
3636,5215,0.9976,0,1,unacceptable,acceptable,Я обнаружил его лежащего одним на кровати.,Я обнаружил его лежащего одного на кровати.,1,0,True,False,False,False,False,False,kept,3,Syntax,0
4112,5615,0.9975,1,0,acceptable,unacceptable,Вы один показались мне веселым.,Вы один показался мне веселым.,2,1,True,True,False,True,False,False,removed_a,2,0,Syntax
998,6608,0.9975,0,1,unacceptable,acceptable,"Сомневаюсь, что она знает всякие детали.","Сомневаюсь, что она знает все детали.",3,1,True,True,True,False,False,True,removed_a,3,Semantics,0
228,3461,0.9974,1,0,acceptable,unacceptable,Иван не понимает мое желание идти на вечер одному.,Иван не понимает мое желание идти на вечер один.,1,3,False,False,True,True,True,True,removed_b,4,0,Syntax
2145,5011,0.9974,0,1,unacceptable,acceptable,Однажды он был встречен ею принаряженной.,Однажды он был встречен ею принаряженным.,2,1,True,True,False,True,False,False,removed_a,2,Syntax,0
692,1573,0.9974,0,1,unacceptable,acceptable,В сражении у Гастингса англичане потерпели поражение.,В сражении при Гастингсе англичане потерпели поражение.,2,0,True,True,False,False,False,False,removed_a,4,Semantics,0
32,725,0.9974,0,1,unacceptable,acceptable,"Мы собрались вместе, чтобы все разобраться в этом деле.","Мы собрались вместе, чтобы всем разобраться в этом деле.",2,1,True,False,True,False,False,True,removed_a,1,Syntax,0
1925,3911,0.9974,1,0,acceptable,unacceptable,"Собака уже несколько часов стояла около облупившейся грязной стены, ожидая своего хозяина.","Собака уже несколько часов стояла рядом с облупившейся, грязной стеной, ожидая своего хозяина.",0,2,False,False,False,True,True,False,removed_b,9,0,Semantics
3079,8134,0.9973,0,1,unacceptable,acceptable,Всего мы прошли пешком около пятиста километров.,Всего мы прошли пешком около пятисот километров.,2,1,True,False,True,False,False,True,removed_a,2,Morphology,0
3226,7703,0.9972,0,1,unacceptable,acceptable,Реорганизации не было проведено в срок.,Реорганизация не была проведена в срок.,0,0,False,False,False,False,False,False,kept,3,Semantics,0
3525,6857,0.9972,1,0,acceptable,unacceptable,"Ему приказано отступать, и он отступает.","Ему приказано отступать, и отступает.",1,2,False,False,True,True,False,True,removed_b,3,0,Syntax
3327,7414,0.9972,1,0,acceptable,unacceptable,"Это то впечатление, которое вы хотите чтобы мы вынесли которое отсюда?","Это то впечатление, которое вы хотите того, чтобы мы вынесли которое отсюда?",2,1,True,True,False,False,True,False,removed_a,6,0,Syntax
921,7635,0.9971,1,0,acceptable,unacceptable,Никакие российские самолеты воздушного пространства Грузии не нарушали.,Никаких российских самолетов воздушного пространства Грузии не нарушало.,0,0,False,False,False,False,False,False,kept,5,0,Semantics
3057,4902,0.9971,0,1,unacceptable,acceptable,В это время мы сидели у стола и обедали.,В это время мы сидели за столом и обедали.,3,2,True,True,True,False,True,True,removed_both,4,Semantics,0
215,2919,0.997,0,1,unacceptable,acceptable,Мы имели возможность работать каждому со своим материалом.,Мы имели возможность работать каждый со своим материалом.,2,0,True,True,False,False,False,False,removed_a,3,Syntax,0
3700,7974,0.997,0,1,unacceptable,acceptable,"Заедь завтра ко мне, я тебе прочту.","Заезжай завтра ко мне, я тебе прочту.",1,0,False,True,False,False,False,False,kept,4,Morphology,0
721,8368,0.997,1,0,acceptable,unacceptable,Автобус не должен отправляться ночью.,Автобус не должен отправиться ночью.,1,3,False,False,True,True,True,True,removed_b,2,0,Semantics
2798,5691,0.9969,0,1,unacceptable,acceptable,"Тут пара чулков барышниных, да наволочка, да два полотенца.","Тут пара чулок барышниных, да наволочка, да два полотенца.",3,1,True,True,True,False,False,True,removed_a,2,Morphology,0
208,5215,0.9969,0,1,unacceptable,acceptable,Я обнаружил его лежащим одним на кровати.,Я обнаружил его лежащего одного на кровати.,1,0,True,False,False,False,False,False,kept,6,Syntax,0
137,288,0.9968,0,1,unacceptable,acceptable,Никого не было холодно.,Никому не было холодно.,2,0,True,True,False,False,False,False,removed_a,2,Syntax,0
385,702,0.9968,1,0,acceptable,unacceptable,Он становится мертвенно бледным.,Он мертвенно становится бледным.,1,3,False,False,True,True,True,True,removed_b,18,0,Semantics
1148,2385,0.9968,0,1,unacceptable,acceptable,"Я, как только увидел пропажу, выпил и схватился за голову.","Я, как только заметил пропажу, выпил и схватился за голову.",2,1,True,True,False,True,False,False,removed_a,6,Semantics,0
2912,8378,0.9968,0,1,unacceptable,acceptable,"Он много путешествовал, участвовав в морских сражениях, плавал близко от берегов Африки, Азии, Америки.","Он много путешествовал, участвовал в морских сражениях, плавал около берегов Африки, Азии, Америки.",0,1,False,False,False,True,False,False,kept,7,Semantics,0
3393,8430,0.9968,0,1,unacceptable,acceptable,Я был несколько раз в ихней квартире.,Я был несколько раз в их квартире.,3,1,True,True,True,False,False,True,removed_a,3,Morphology,0
3990,5291,0.9967,0,1,unacceptable,acceptable,Он отрицает существование всяких планов на этот счет.,Он отрицает существование каких-либо планов на этот счет.,2,0,True,True,False,False,False,False,removed_a,8,Semantics,0
1241,7784,0.9966,0,1,unacceptable,acceptable,Тогда руководители NASA также сначала отрицали наличие всяких серьезных технологических проблем.,Тогда руководители NASA также сначала отрицали наличие каких бы то ни было серьезных технологических проблем.,2,0,True,True,False,False,False,False,removed_a,17,Semantics,0
238,4104,0.9966,0,1,unacceptable,acceptable,"А как стала платить около кассы, туфли у нее исчезли.","А как стала платить у кассы, туфли у нее исчезли.",1,1,False,True,False,False,True,False,kept,5,Semantics,0
1598,3216,0.9965,1,0,acceptable,unacceptable,Чиновник росчерком пера позволил им стать миллионерами.,Чиновник росчерком пера позволил им стать миллионером.,2,2,True,True,False,True,True,False,removed_both,2,0,Syntax
2516,4952,0.9965,0,1,unacceptable,acceptable,"Порази толпу ужасом, который бы отнял какую-либо способность к сопротивлению.","Порази толпу ужасом, который бы отнял какую бы то ни было способность к сопротивлению.",2,1,True,True,False,False,True,False,removed_a,11,Semantics,0
2144,7677,0.9965,1,0,acceptable,unacceptable,"Новые катера и водометы-толкачи гудят коротко, высоко и гнусаво.","Новые катеры и водометы-толкачи гудят коротко, высоко и гнусаво.",1,2,True,False,False,True,True,False,removed_b,1,0,Morphology
1975,3477,0.9964,1,0,acceptable,unacceptable,"Я хочу, чтобы они зашли, когда ты спрячешься.","Я хочу, чтобы они зайдут, когда ты спрячешься.",2,1,True,True,False,False,True,False,removed_a,4,0,Syntax
1965,7411,0.9964,0,1,unacceptable,acceptable,"Я не сомневался, что операция, однако, увенчается успехом.","Я не сомневался, что операция, тем не менее, увенчается успехом.",2,1,True,True,False,False,True,False,removed_a,11,Semantics,0
5059,6413,0.9964,1,0,acceptable,unacceptable,Поздравляю с днём рождения и желаю долгих лет жизни!,Поздравляю с днём рождением и желаю долгих лет жизни!,1,3,False,False,True,True,True,True,removed_b,2,0,Morphology
1198,4453,0.9963,0,1,unacceptable,acceptable,Страны НАТО хотят взять с Ирана обязательство не применять ядерное оружие первый.,Страны НАТО хотят взять с Ирана обязательство не применять ядерное оружие первым.,2,0,True,True,False,False,False,False,removed_a,1,Syntax,0
1264,7418,0.9963,1,0,acceptable,unacceptable,Перемены в технической политике фирмы еще не начались.,Перемен в технической политике фирмы еще не началось.,1,2,False,False,True,False,True,True,removed_b,2,0,Semantics
788,6745,0.9963,1,0,acceptable,unacceptable,"Директриса сидела с той же вежливой улыбочкой, не проронив ни слова.","Директриса сидела с той же вежливой улыбочкой, не пророняя ни слова.",0,2,False,False,False,True,True,False,removed_b,2,0,Morphology
4578,8036,0.9963,0,1,unacceptable,acceptable,"Люди, и без того жившие на грани нищеты, оказались лишены всяких средств к существованию.","Люди, и без того жившие на грани нищеты, оказались лишены каких бы то ни было средств к существованию.",2,0,True,True,False,False,False,False,removed_a,17,Semantics,0
6536,6853,0.9963,1,0,acceptable,unacceptable,Весь он как будто воздушный и стоит более шестисот лет.,Весь он как будто воздушный и стоит более шестиста лет.,1,0,True,False,False,False,False,False,kept,2,0,Morphology
136,6812,0.9962,1,0,acceptable,unacceptable,"Мало того, что заставили человека 4 часа торчать под проливным дождем, так еще и разрешили работать больному!","Мало того, что заставили человека 4 часа торчать под проливным дождем, так еще и разрешили работать больной!",1,0,False,True,False,False,False,False,kept,2,0,Syntax
5748,6505,0.9962,1,0,acceptable,unacceptable,"Я в поте лица зарабатываю скромное жалование и скапливаю по крохам, чтобы купить себе в конце недели килограмм сосисок.","Я в поте лица зарабатываю скромное жалование и скапливаю по крохам, чтобы купить себе в конце недели килограмм сосисек.",1,2,True,False,False,True,True,False,removed_b,1,0,Morphology
921,8199,0.9962,1,0,acceptable,unacceptable,Никакие российские самолеты воздушного пространства Грузии не нарушали.,Никаких российских самолетов воздушное пространство Грузии не нарушало.,0,2,False,False,False,True,True,False,removed_b,8,0,Semantics
4027,4364,0.9962,1,0,acceptable,unacceptable,Один случай внезапно подтвердил мои догадки.,Один случай внезапно подтверждает мои догадки.,1,3,False,False,True,True,True,True,removed_b,4,0,Semantics
1641,3902,0.9962,0,1,unacceptable,acceptable,Близ кресла на небольшом коврике лежала кошка.,Около кресла на небольшом коврике лежала кошка.,2,0,True,True,False,False,False,False,removed_a,5,Semantics,0
2248,6803,0.9961,1,0,acceptable,unacceptable,Его убили недалеко от «Трех утопленников».,Его убили вблизи «Трех утопленников».,0,2,False,False,False,True,True,False,removed_b,10,0,Semantics
87,4972,0.9961,0,1,unacceptable,acceptable,"Если ты будешь решать любую из этих задач, то пользуйся аналитическими уравнениями.","Если ты будешь решать какую-нибудь из этих задач, то пользуйся аналитическими уравнениями.",2,0,True,True,False,False,False,False,removed_a,9,Semantics,0
1516,4544,0.996,1,0,acceptable,unacceptable,"Я имел возможность все видеть, сам оставаясь незамеченным.","У меня была возможность все видеть, сам оставаясь незамеченным.",0,2,False,False,False,True,True,False,removed_b,8,0,Syntax
1937,3846,0.9958,0,1,unacceptable,acceptable,"Мне давали квартиру поблизости от химического завода, но я отказался.","Мне давали квартиру совсем близко от химического завода, и я отказался.",2,1,True,True,False,False,True,False,removed_a,12,Semantics,0
2549,5516,0.9958,1,0,acceptable,unacceptable,Калязинской ПМК-500 требуются шоферы для работы на автомашинах ГАЗ-52 и ЗИЛ-585 со сдельной оплатой.,Калязинской ПМК-500 требуются шофера для работы на автомашинах ГАЗ-52 и ЗИЛ-585 со сдельной оплатой.,0,2,False,False,False,True,True,False,removed_b,1,0,Morphology
3576,3741,0.9957,0,1,unacceptable,acceptable,"Ты, наконец, передавал ему мою книгу?","Ты, наконец, передал ему мою книгу?",2,0,True,True,False,False,False,False,removed_a,2,Semantics,0
2758,5146,0.9956,0,1,unacceptable,acceptable,"Маша книгу, и Саша читает книгу.","Маша читает книгу, и Саша читает книгу.",0,1,False,False,False,False,False,True,kept,7,Syntax,0
204,1769,0.9956,0,1,unacceptable,acceptable,Выстраивать на столь дрянном фундаменте всякие имперские конструкции крайне опрометчиво.,Выстраивать на столь дрянном фундаменте какие бы то ни было имперские конструкции крайне опрометчиво.,2,0,True,True,False,False,False,False,removed_a,17,Semantics,0
2511,8135,0.9955,0,1,unacceptable,acceptable,"Иван играл на пианино, а когда Максим — на саксофоне.","Иван играл на пианино, а Максим — на саксофоне.",1,0,True,False,False,False,False,False,kept,6,Syntax,0
8,6664,0.9954,1,0,acceptable,unacceptable,"Брат сидел рядом со мной, а муж — сзади.","Брат сидел около меня, а муж — сзади.",0,2,False,False,False,True,True,False,removed_b,9,0,Semantics
6493,7935,0.9953,1,0,acceptable,unacceptable,Он нашел хотя бы двух желающих?,Он нашел по крайней мере двух желающих?,1,3,False,False,True,True,True,True,removed_b,13,0,Semantics
874,7720,0.9953,0,1,unacceptable,acceptable,Но Александр Борисович отрицает всякие мстительные мотивы в своем выборе.,Но Александр Борисович отрицает какие бы то ни было мстительные мотивы в своем выборе.,1,0,False,True,False,False,False,False,kept,17,Semantics,0
1455,5510,0.9953,0,1,unacceptable,acceptable,"Хорош, если ты станешь кандидатом наук.","Хорошо, если ты станешь кандидатом наук.",2,0,True,True,False,False,False,False,removed_a,1,Syntax,0
1147,4461,0.9952,1,0,acceptable,unacceptable,В этой реке множество рыбы.,В этой реке есть много рыбы.,1,3,False,False,True,True,True,True,removed_b,9,0,Semantics
7242,8492,0.9951,1,0,acceptable,unacceptable,Некоторые стояли в коридоре.,В коридоре стояли некоторые.,0,2,False,False,False,True,True,False,removed_b,12,0,Semantics
1958,7164,0.9951,1,0,acceptable,unacceptable,"Маша читает книгу, и Саша читает.","Маша книгу, и Саша читает.",1,1,False,False,True,False,True,False,kept,7,0,Syntax
1412,7131,0.9951,0,1,unacceptable,acceptable,Он живет в небольшом городке у Волги.,Он живет в небольшом городке на Волге.,3,1,True,True,True,False,False,True,removed_a,3,Semantics,0
1252,2818,0.9951,0,1,unacceptable,acceptable,Его принцип отвергает какое-либо облучение мозга.,Его принцип отвергает какое бы то ни было облучение мозга.,2,0,True,True,False,False,False,False,removed_a,11,Semantics,0
3990,7826,0.995,0,1,unacceptable,acceptable,Он отрицает существование всяких планов на этот счет.,Он отрицает существование каких бы то ни было планов на этот счет.,2,0,True,True,False,False,False,False,removed_a,17,Semantics,0
2864,6236,0.995,0,1,unacceptable,acceptable,После этого он утратил какой-либо интерес к происходящему.,После этого он утратил всякий интерес к происходящему.,2,0,True,True,False,False,False,False,removed_a,9,Semantics,0
1484,7218,0.995,1,0,acceptable,unacceptable,"Чего только не было: копченые окорока, настоящее салями, мясо, яблоки, пироги!","Чего только не было: копчёные окороки, настоящее салями, мясо, яблоки, пироги!",1,2,True,False,False,True,True,False,removed_b,2,0,Morphology
3208,3899,0.995,1,0,acceptable,unacceptable,Она живет в маленьком городе поблизости от Курска.,Она живет в маленьком городе близ Курска.,1,2,False,False,True,True,False,True,removed_b,9,0,Semantics
30,4644,0.995,0,1,unacceptable,acceptable,Он отличался большими способностями из своих сверстников.,Он отличался большими способностями среди своих сверстников.,2,1,True,False,True,False,False,True,removed_a,5,Syntax,0
5082,6366,0.9949,0,1,unacceptable,acceptable,Ты не должен ей помочь.,Ты не должен ей помогать.,3,1,True,True,True,False,False,True,removed_a,3,Semantics,0
1092,8164,0.9948,0,1,unacceptable,acceptable,Постарайся заметить вон ту звездочку над самой горой.,Постарайся увидеть вон ту звездочку над самой горой.,3,2,True,True,True,True,False,True,removed_both,6,Semantics,0
641,1061,0.9948,1,0,acceptable,unacceptable,Я рискую опоздать на семинар.,Я рискую опозданием на семинар.,1,3,False,False,True,True,True,True,removed_b,4,0,Semantics
5491,7164,0.9948,1,0,acceptable,unacceptable,"Маша читает, и Саша читает книгу.","Маша книгу, и Саша читает.",2,1,True,False,True,False,True,False,removed_a,12,0,Syntax
6877,7987,0.9947,0,1,unacceptable,acceptable,"У нее болит голова, она остается дома.","У нее болит голова, она осталась дома.",3,1,True,True,True,False,False,True,removed_a,3,Semantics,0
2864,4780,0.9947,0,1,unacceptable,acceptable,После этого он утратил какой-либо интерес к происходящему.,После этого он утратил какой бы то ни было интерес к происходящему.,2,0,True,True,False,False,False,False,removed_a,11,Semantics,0
1238,5651,0.9946,1,0,acceptable,unacceptable,"Он пробежал эту дистанцию за десять секунд и, таким образом, получил преимущество перед своими соперниками.","Он пробежал эту дистанцию за 10 секунд и, таким образом, взял преимущество над своими соперниками.",0,2,False,False,False,True,True,False,removed_b,16,0,Semantics
6803,8291,0.9946,0,1,unacceptable,acceptable,Его убили вблизи «Трех утопленников».,Его убили около «Трех утопленников».,2,0,True,True,False,False,False,False,removed_a,6,Semantics,0
2009,4151,0.9945,0,1,unacceptable,acceptable,На мгновение у нее острое желание бросить их ему в лицо.,На мгновение у нее появилось острое желание бросить их ему в лицо.,2,0,True,True,False,False,False,False,removed_a,10,Semantics,0
1934,4765,0.9944,0,1,unacceptable,acceptable,Возьми из моего кармана пакет и выброси в окно.,Вынь из моего кармана пакет и выброси в окно.,2,0,True,True,False,False,False,False,removed_a,4,Semantics,0
3117,3486,0.9943,1,0,acceptable,unacceptable,У него не было никаких причин что-либо менять.,У него не было причин ничего менять.,1,3,False,False,True,True,True,True,removed_b,15,0,Semantics
448,2972,0.9943,1,0,acceptable,unacceptable,Такая мысль не возникает неожиданно.,Такой мысли не возникает неожиданно.,0,2,False,False,False,True,True,False,removed_b,3,0,Semantics
3828,8333,0.9942,0,1,unacceptable,acceptable,"Решая всякую частную задачу, надо думать о языке в целом.","Решая какую-нибудь частную задачу, надо думать о языке в целом.",2,0,True,True,False,False,False,False,removed_a,10,Semantics,0
2505,4266,0.9942,0,1,unacceptable,acceptable,Мы обращаем внимание на некоторые ихние письма.,Мы обращаем внимание на некоторые их письма.,0,0,False,False,False,False,False,False,kept,3,Morphology,0
3344,6760,0.9942,0,1,unacceptable,acceptable,Сейчас как раз есть одно из занятий по английскому языку.,Сейчас как раз идет одно из занятий по английскому языку.,2,1,True,True,False,True,False,False,removed_a,4,Semantics,0
145,5644,0.9941,1,0,acceptable,unacceptable,Достань мне из ее чемодана полотенце.,Возьми мне из ее чемодана полотенце.,1,3,False,False,True,True,True,True,removed_b,6,0,Semantics
6980,7857,0.9941,0,1,unacceptable,acceptable,Он дал ему все свое состояние.,Он отдал ему все свое состояние.,3,1,True,True,True,False,False,True,removed_a,2,Semantics,0
2861,6006,0.994,1,0,acceptable,unacceptable,Я этого не знаю.,Я это не знаю.,1,3,False,False,True,True,True,True,removed_b,2,0,Semantics
3701,6553,0.994,0,1,unacceptable,acceptable,Попробуй заметить вон ту звездочку над самой горой.,Попробуй увидеть вон ту звездочку над самой горой.,2,0,True,True,False,False,False,False,removed_a,6,Semantics,0
163,4507,0.994,1,0,acceptable,unacceptable,"Эта гипотеза, которая, как Бор рассказывал, была предложена Дираком в 1930 г.","Эта гипотеза, которая Бор рассказывал, что была предложена Дираком в 1930 г.",0,1,False,False,False,False,True,False,kept,9,0,Syntax
1851,7804,0.9939,1,0,acceptable,unacceptable,"Вчера обнаружилось, что преступник на свободе.","Вчера обнаруживается, что преступник на свободе.",1,3,False,False,True,True,True,True,removed_b,5,0,Semantics
3517,6939,0.9939,0,1,unacceptable,acceptable,Это влияет на любые инициативы сдвига во всякую сторону.,Это влияет на любые инициативы сдвига в какую-либо сторону.,2,1,False,True,True,False,False,True,removed_a,9,Semantics,0
4090,7867,0.9939,0,1,unacceptable,acceptable,"Съедена последняя пачка макаронов, а ты провалил вступительные экзамены в вуз и надежды на стипендию разбились.","Съедена последняя пачка макарон, а ты провалил вступительные экзамены в вуз и надежды на стипендию разбились.",2,1,True,True,False,False,True,False,removed_a,2,Morphology,0
2113,7312,0.9937,1,0,acceptable,unacceptable,Над столом висели фотографии.,У стола висели фотографии.,1,3,False,False,True,True,True,True,removed_b,5,0,Semantics
451,4112,0.9937,0,1,unacceptable,acceptable,Вы одни показались мне веселым.,Вы один показались мне веселым.,2,2,True,False,True,True,True,False,removed_both,2,Syntax,0
7046,7099,0.9936,1,0,acceptable,unacceptable,Она вынула из сундука маленький коврик и постелила его перед диваном.,Она взяла из сундука небольшой коврик и постелила его перед диваном.,1,3,False,False,True,True,True,True,removed_b,10,0,Semantics
2366,5892,0.9936,1,0,acceptable,unacceptable,Около стола стояло большое кресло.,Близ стола стояло большое кресло.,1,3,False,False,True,True,True,True,removed_b,5,0,Semantics
1542,6917,0.9936,1,0,acceptable,unacceptable,Не переходи улицу в этом месте.,Не переходи улицы в этом месте.,1,3,False,False,True,True,True,True,removed_b,1,0,Semantics
2510,6591,0.9935,1,0,acceptable,unacceptable,"Я вижу, там кто-то есть.","Там, я вижу, кто-то есть.",1,3,False,False,True,True,True,True,removed_b,10,0,Semantics
422,3421,0.9934,1,0,acceptable,unacceptable,Павел Алексеевич уже перестал ждать какого-либо ответа.,Павел Алексеевич уже перестал ждать всякого ответа.,0,2,False,False,False,True,True,False,removed_b,8,0,Semantics
3508,6244,0.9933,0,1,unacceptable,acceptable,Под впечатлением от симфонии я захотел больше узнать о создателе.,Под впечатлением от симфонии я захотел больше узнать о ее создателе.,2,0,True,True,False,False,False,False,removed_a,3,Syntax,0
5421,6677,0.9933,0,1,unacceptable,acceptable,"Возьми из сада мою кофту, я оставила ее в беседке.","Принеси из сада мою кофту, я оставила ее в беседке.",2,0,True,True,False,False,False,False,removed_a,6,Semantics,0
2864,4612,0.9932,0,1,unacceptable,acceptable,После этого он утратил какой-либо интерес к происходящему.,После этого он утратил весь интерес к происходящему.,2,0,True,True,False,False,False,False,removed_a,10,Semantics,0
5077,6358,0.9932,1,0,acceptable,unacceptable,Он пересмотрел все фильмы.,Он пересмотрел все фильм.,0,0,False,False,False,False,False,False,kept,1,0,Syntax
2758,5491,0.993,0,1,unacceptable,acceptable,"Маша книгу, и Саша читает книгу.","Маша читает, и Саша читает книгу.",0,2,False,False,False,True,False,True,removed_b,6,Syntax,0
365,3751,0.993,1,0,acceptable,unacceptable,Задавал ли он тебе какие-либо каверзные вопросы?,Задавал ли он тебе всякие каверзные вопросы?,1,3,True,False,False,True,True,True,removed_b,8,0,Semantics
69,5499,0.993,1,0,acceptable,unacceptable,Пожарная команда не появилась.,Пожарной команды не появилось.,1,3,False,False,True,True,True,True,removed_b,4,0,Semantics
2200,8314,0.9929,1,0,acceptable,unacceptable,"Если в тело человека проник какой бы то ни было микроб, организм выставляет на защиту всю свою систему иммунитета.","Если в тело человека проник всякий микроб, организм выставляет на защиту всю свою систему иммунитета.",0,2,False,False,False,True,True,False,removed_b,18,0,Semantics
1647,6221,0.9928,1,0,acceptable,unacceptable,"Я хочу, чтобы они зашли, а ты спрятался.","Я хочу, чтобы они зашли, а ты спрячешься.",1,2,True,False,False,True,True,False,removed_b,4,0,Syntax
1958,2758,0.9927,1,0,acceptable,unacceptable,"Маша читает книгу, и Саша читает.","Маша книгу, и Саша читает книгу.",1,0,False,False,True,False,False,False,kept,13,0,Syntax
2691,6659,0.9927,0,1,unacceptable,acceptable,У нас сейчас есть урок.,У нас сейчас урок.,3,1,True,True,True,False,False,True,removed_a,5,Semantics,0
388,5835,0.9927,0,1,unacceptable,acceptable,"Он рассказал мне замысел поэмы, которую хотел того, чтобы я прямо по замыслу, без текста перевел.","Он рассказал мне замысел поэмы, которую, вероятно, хотел, чтобы я прямо по замыслу, без текста перевел.",0,1,False,False,False,False,True,False,kept,12,Syntax,0
5833,7630,0.9927,1,0,acceptable,unacceptable,Тираны всюду и везде уподобились пастухам старых басен.,Тираны всюду и везде уподобились пастухам старых басней.,0,0,False,False,False,False,False,False,kept,2,0,Morphology
1504,2932,0.9927,0,1,unacceptable,acceptable,"Помилуй, мне и от роду нет ни году.","Помилуй, мне и от роду нет году.",1,1,False,True,False,True,False,False,kept,3,Semantics,0
814,8271,0.9926,0,1,unacceptable,acceptable,"Возьми из моего кармана ключ, он мне мешает.","Вынь у меня из кармана ключ, он мне мешает.",2,0,True,True,False,False,False,False,removed_a,12,Semantics,0
3319,3828,0.9924,1,0,acceptable,unacceptable,"Решая какую бы то ни было частную задачу, надо думать о языке в целом.","Решая всякую частную задачу, надо думать о языке в целом.",0,2,False,False,False,True,True,False,removed_b,17,0,Semantics
799,4979,0.9924,0,1,unacceptable,acceptable,Я не считаю уместным давать никакие указания.,Я не считаю уместным давать какие-либо указания.,2,0,True,True,False,False,False,False,removed_a,7,Semantics,0
976,5181,0.9924,1,0,acceptable,unacceptable,Я всю косметику с каким-либо ароматом убрала.,Я всю косметику со всяким ароматом убрала.,0,2,False,False,False,True,True,False,removed_b,9,0,Semantics
1025,5141,0.9923,1,0,acceptable,unacceptable,Он раздражается по любому поводу.,Он раздражен по любому поводу.,1,3,False,False,True,True,True,True,removed_b,4,0,Semantics
4662,8260,0.9923,0,1,unacceptable,acceptable,"Только в 1000 метрах от порта, в 2 км от центра города и в 20 минутах от аэропорта Манисеса и Конвенционного центра.","Всего в 1000 метрах от порта, в 2 км от центра города и в 20 минутах езды от аэропорта Манисеса и Конвенционного центра.",1,2,False,True,False,True,True,False,removed_b,10,Hallucination,0
2013,6749,0.9921,0,1,unacceptable,acceptable,Когда же выпадал этот снег?,Когда же выпал этот снег?,3,1,True,True,True,False,False,True,removed_a,2,Semantics,0
1003,2382,0.992,1,0,acceptable,unacceptable,Он был в страшном отчаянии.,Он страшно был в отчаянии.,1,3,False,False,True,True,True,True,removed_b,12,0,Semantics
1935,7267,0.992,0,1,unacceptable,acceptable,"Одним словом, мне невыразимо тяжело было иметь с ним всякие отношения.","Одним словом, мне невыразимо тяжело было иметь с ним какие бы то ни было отношения.",2,0,True,True,False,False,False,False,removed_a,17,Semantics,0
4507,8242,0.992,0,1,unacceptable,acceptable,"Эта гипотеза, которая Бор рассказывал, что была предложена Дираком в 1930 г.","Эта гипотеза, как Бор рассказывал, была предложена Дираком в 1930 г.",1,0,False,True,False,False,False,False,kept,9,Syntax,0
5793,6333,0.9919,1,0,acceptable,unacceptable,Она сидела рядом со мной и плакала.,Она сидела близко от меня и плакала.,1,3,False,False,True,True,True,True,removed_b,11,0,Semantics
2935,7685,0.9918,0,1,unacceptable,acceptable,Он говорил об упразднении каких-либо званий.,Он говорил об упразднении каких бы то ни было званий.,3,0,True,True,True,False,False,False,removed_a,11,Semantics,0
660,4519,0.9918,1,0,acceptable,unacceptable,Солдаты грелись возле костров.,Солдаты грелись вблизи костров.,3,3,True,True,True,True,True,True,removed_both,5,0,Semantics
5146,7164,0.9918,1,0,acceptable,unacceptable,"Маша читает книгу, и Саша читает книгу.","Маша книгу, и Саша читает.",1,1,False,False,True,False,True,False,kept,13,0,Syntax
1390,4998,0.9917,0,1,unacceptable,acceptable,У тебя в голове есть каша.,У тебя в голове каша.,2,0,True,True,False,False,False,False,removed_a,5,Syntax,0
1647,2129,0.9915,1,0,acceptable,unacceptable,"Я хочу, чтобы они зашли, а ты спрятался.","Я хочу, чтобы они зайдут, а ты спрятался .",1,2,True,False,False,True,True,False,removed_b,5,0,Syntax
5432,6552,0.9915,0,1,unacceptable,acceptable,Не держал ли он в руках газеты?,Не держал ли он в руках газету?,2,0,True,True,False,False,False,False,removed_a,1,Semantics,0
4423,4530,0.9913,1,0,acceptable,unacceptable,"Страшно умирать, уходить из жизни очень молодыми.","Страшно умирать, уходить из жизни очень молодые.",0,1,False,False,False,True,False,False,kept,2,0,Syntax
2502,5315,0.9912,1,0,acceptable,unacceptable,"Писатель пригласил журналистку, чтобы дать ей интервью.","Писатель пригласил журналистку, чтобы взять у него интервью.",1,3,False,False,True,True,True,True,removed_b,8,0,Syntax
6153,7720,0.9912,0,1,unacceptable,acceptable,Но Александр Борисович отрицает все мстительные мотивы в своем выборе.,Но Александр Борисович отрицает какие бы то ни было мстительные мотивы в своем выборе.,1,0,True,False,False,False,False,False,kept,18,Semantics,0
899,4507,0.9912,1,0,acceptable,unacceptable,"Бор рассказывал, что эта гипотеза была предложена Дираком в 1930 г.","Эта гипотеза, которая Бор рассказывал, что была предложена Дираком в 1930 г.",0,1,False,False,False,False,True,False,kept,34,0,Syntax
1336,2762,0.9911,1,0,acceptable,unacceptable,А Матвей ещё остался ― посуду мыл.,А Матвей уже остался ― посуду мыл.,0,2,False,False,False,True,True,False,removed_b,3,0,Semantics
7375,8241,0.9911,1,0,acceptable,unacceptable,Он ищет новую секретаршу.,Он ищет какую-нибудь новую секретаршу.,1,3,False,False,True,True,True,True,removed_b,13,0,Semantics
157,5684,0.9909,0,1,unacceptable,acceptable,"Первый огонек блеснул вдали, на противоположной горе, в одиноком домике поблизости от шлагбаума.","Первый огонек блеснул вдали на противоположной горе, в отдаленном домике близ шлагбаума.",2,0,True,True,False,False,False,False,removed_a,16,Semantics,0
2288,2561,0.9909,0,1,unacceptable,acceptable,Категорически запрещалось вступать с ними во все разговоры.,Категорически запрещалось вступать с ними в какие-либо разговоры.,2,0,True,True,False,False,False,False,removed_a,10,Semantics,0
4687,4762,0.9909,1,0,acceptable,unacceptable,"Министр пригласил журналистку, взять у него интервью.","Министр пригласил журналистку, дать ей интервью.",3,2,True,True,True,False,True,True,removed_both,8,0,Syntax
4379,5147,0.9908,1,0,acceptable,unacceptable,Афанасьевна и Софья стояли поодаль и слушали.,Афанасьевна и Софья стояли невдалеке и слушали.,1,2,False,True,False,True,False,True,removed_b,6,0,Semantics
4519,5135,0.9908,0,1,unacceptable,acceptable,Солдаты грелись вблизи костров.,Солдаты грелись у костров.,3,1,True,True,True,False,False,True,removed_a,6,Semantics,0
4558,6405,0.9908,0,1,unacceptable,acceptable,Я изловчился схватить пса за ошейник.,Я изловчился и схватил пса за ошейник.,2,0,True,True,False,False,False,False,removed_a,4,Syntax,0
269,7418,0.9908,1,0,acceptable,unacceptable,Перемен в технической политике фирмы еще не наступило.,Перемен в технической политике фирмы еще не началось.,1,2,False,False,True,False,True,True,removed_b,7,0,Semantics
2132,8415,0.9907,1,0,acceptable,unacceptable,Отменены какие бы то ни было телесные наказания.,Отменены какие-либо телесные наказания.,0,2,False,False,False,True,True,False,removed_b,11,0,Semantics
5342,7690,0.9907,0,1,unacceptable,acceptable,Они грелись вблизи костров.,Они грелись у костров.,3,1,True,True,True,False,False,True,removed_a,6,Semantics,0
5766,7682,0.9904,1,0,acceptable,unacceptable,"Лишь только мы принесли пиво, как вы — рыбу.","Лишь только мы принесли пиво, вы — рыбу.",2,2,True,True,False,True,True,False,removed_both,4,0,Syntax
5291,8139,0.9904,1,0,acceptable,unacceptable,Он отрицает существование каких-либо планов на этот счет.,Он отрицает существование всех планов на этот счет.,0,2,False,False,False,True,True,False,removed_b,9,0,Semantics
3162,4559,0.9904,1,0,acceptable,unacceptable,"Слишком поздно выяснилось, что он здесь.","Слишком поздно выясняется, что он здесь.",0,2,False,False,False,True,True,False,removed_b,4,0,Semantics
660,5481,0.9903,1,0,acceptable,unacceptable,Солдаты грелись возле костров.,Солдаты грелись поблизости от костров.,3,3,True,True,True,True,True,True,removed_both,11,0,Semantics
1211,4135,0.9903,0,1,unacceptable,acceptable,Это известие надолго лишает меня сна.,Это известие надолго лишило меня сна.,2,0,True,True,False,False,False,False,removed_a,3,Semantics,0
4763,5301,0.9902,0,1,unacceptable,acceptable,"Я хочу, чтобы в комнате был виден беспорядок, все стоит вверх дном.","Я хочу, чтобы в комнате был виден беспорядок, чтобы все стояло вверх дном.",2,0,True,True,False,False,False,False,removed_a,9,Syntax,0
799,3585,0.9902,0,1,unacceptable,acceptable,Я не считаю уместным давать никакие указания.,Я не считаю уместным давать какие бы то ни было указания.,2,0,True,True,False,False,False,False,removed_a,16,Semantics,0
3517,4282,0.9901,0,1,unacceptable,acceptable,Это влияет на любые инициативы сдвига во всякую сторону.,Это влияет на любые инициативы сдвига в какую бы то ни было сторону.,2,0,False,True,True,False,False,False,removed_a,18,Semantics,0
3186,4379,0.9901,0,1,unacceptable,acceptable,Афанасьевна и Софья стояли вблизи и слушали.,Афанасьевна и Софья стояли поодаль и слушали.,1,1,False,False,True,False,True,False,kept,7,Semantics,0
5321,7116,0.9901,0,1,unacceptable,acceptable,"Министр пригласил журналистку, чтобы взять у него интервью.","Министр пригласил журналистку, чтобы дать ей интервью.",3,1,True,True,True,False,False,True,removed_a,8,Syntax,0
1177,6588,0.9899,0,1,unacceptable,acceptable,Пришел мужик в лес и рубил дрова.,Пришел мужик в лес и стал рубить дрова.,3,1,True,True,True,False,False,True,removed_a,7,Semantics,0
1144,7233,0.9898,0,1,unacceptable,acceptable,"Он обещает прийти, но не пришел.","Он пообещал прийти, но не пришел.",3,1,True,True,True,False,False,True,removed_a,4,Semantics,0
5414,7962,0.9898,0,1,unacceptable,acceptable,"Уверен, что завтра что-нибудь не случится.","Уверен, что завтра ничего не случится.",3,0,True,True,True,False,False,False,removed_a,8,Semantics,0
4544,5867,0.9897,0,1,unacceptable,acceptable,"У меня была возможность все видеть, сам оставаясь незамеченным.","Я получил возможность все видеть, сам оставаясь незамеченным.",2,0,True,True,False,False,False,False,removed_a,9,Syntax,0
4544,5441,0.9895,0,1,unacceptable,acceptable,"У меня была возможность все видеть, сам оставаясь незамеченным.","Мне предоставилась возможность все видеть, самому оставаясь незамеченным.",2,0,True,True,False,False,False,False,removed_a,17,Syntax,0
3437,5498,0.9895,0,1,unacceptable,acceptable,"Никогда не знавшая семейного уюта Алена пригрелась рядом с Ниной Карповной, как бездомный котенок.","Никогда не знавшая семейного уюта Алена пригрелась возле Нины Карповны, как бездомный котенок.",2,0,True,True,False,False,False,False,removed_a,10,Semantics,0
904,7327,0.9895,0,1,unacceptable,acceptable,Начавшийся процесс его обращения надломился и прекратился трагически.,Начавшийся процесс его обращения надломился и кончился трагически.,3,1,True,True,True,False,True,False,removed_a,6,Semantics,0
1089,5464,0.9894,1,0,acceptable,unacceptable,Он отказывался от каких бы то ни было предложений.,Он отказывался от каких-либо предложений.,0,2,False,False,False,True,True,False,removed_b,11,0,Semantics
7251,8390,0.9893,1,0,acceptable,unacceptable,"Помогай, кому угодно, какое мне дело.","Помогай любому, какое мне дело.",0,2,False,False,False,True,True,False,removed_b,11,0,Semantics
6114,6175,0.9893,1,0,acceptable,unacceptable,"Журналистка была приглашена министром, чтобы взять у него интервью.","Журналистка была приглашена министром, чтобы дать ей интервью.",1,2,False,False,True,True,True,False,removed_b,8,0,Syntax
7456,7943,0.9893,1,0,acceptable,unacceptable,Я с трудом провел целый день дома.,Я с трудом был целый день дома.,1,3,False,False,True,True,True,True,removed_b,5,0,Semantics
2184,4811,0.9892,1,0,acceptable,unacceptable,Поселок расположен далеко от реки.,Поселок расположен вдалеке от реки.,1,3,False,False,True,True,True,True,removed_b,2,0,Semantics
4922,8317,0.9892,0,1,unacceptable,acceptable,"Два свитера и пара джинс, севших после стирки: пока живот не подберешь, не влезешь.","Два свитера и пара джинсов, севших после стирки: пока живот не подберешь, не влезешь.",2,1,True,True,False,True,False,False,removed_a,2,Morphology,0
2538,6255,0.9891,0,1,unacceptable,acceptable,Начальник заставлял его работать больному.,Начальник заставлял его работать больным.,2,0,True,True,False,False,False,False,removed_a,2,Syntax,0
3656,4102,0.9889,0,1,unacceptable,acceptable,"И Иван, я поступил в институт, очень обрадовался.","Иван, когда я поступил в институт, очень обрадовался.",3,1,True,True,True,False,False,True,removed_a,8,Syntax,0
2288,4541,0.9889,0,1,unacceptable,acceptable,Категорически запрещалось вступать с ними во все разговоры.,Категорически запрещалось вступать с ними в какие бы то ни было разговоры.,2,0,True,True,False,False,False,False,removed_a,18,Semantics,0
998,3653,0.9889,0,1,unacceptable,acceptable,"Сомневаюсь, что она знает всякие детали.","Сомневаюсь, что она знает какие-либо детали.",3,1,True,True,True,False,False,True,removed_a,8,Semantics,0
5043,7226,0.9888,0,1,unacceptable,acceptable,"Если все инженеры могут выполнить эту работу, то зачем приглашать какого-то знаменитого специалиста.","Если любой инженер может выполнить эту работу, то зачем приглашать какого-то знаменитого специалиста.",2,0,True,True,False,False,False,False,removed_a,8,Semantics,0
6882,7792,0.9888,0,1,unacceptable,acceptable,"Жаль, что Иван не был!","Жаль, что Ивана не было!",3,1,True,True,True,False,False,True,removed_a,2,Semantics,0
3177,5913,0.9887,0,1,unacceptable,acceptable,Я читал около трех страниц.,Я прочел около трех страниц.,3,1,True,True,True,False,False,True,removed_a,5,Semantics,0
350,2033,0.9885,1,0,acceptable,unacceptable,"Я узнал, что ребята пришли к финишу, первым.","Я первыми узнал, что ребята пришли к финишу.",1,1,True,False,False,False,True,False,kept,16,0,Syntax
3751,5521,0.9885,0,1,unacceptable,acceptable,Задавал ли он тебе всякие каверзные вопросы?,Задавал ли он тебе какие бы то ни было каверзные вопросы?,3,0,True,True,True,False,False,False,removed_a,17,Semantics,0
1251,3597,0.9884,0,1,unacceptable,acceptable,В путь-дорогу дальний я тебя отправлю.,В путь-дорогу дальнюю я тебя отправлю.,2,0,True,True,False,False,False,False,removed_a,2,Syntax,0
3572,8479,0.9884,0,1,unacceptable,acceptable,Его еще не прочитало этой статьи.,Он еще не прочитал эту статью.,2,1,True,False,True,False,False,True,removed_a,7,Syntax,0
675,1540,0.9883,1,0,acceptable,unacceptable,Других улик не осталось.,Другие улики не остались.,1,2,False,False,True,False,True,True,removed_b,3,0,Semantics
584,2004,0.9882,0,1,unacceptable,acceptable,Мне его няня передавала.,Мне его няня передала.,2,0,True,True,False,False,False,False,removed_a,2,Semantics,0
7826,8139,0.988,1,0,acceptable,unacceptable,Он отрицает существование каких бы то ни было планов на этот счет.,Он отрицает существование всех планов на этот счет.,0,2,False,False,False,True,True,False,removed_b,18,0,Semantics
3759,4492,0.988,1,0,acceptable,unacceptable,Она смотрит на него и бледнеет.,Она смотрит на него и становится бледной.,1,3,False,False,True,True,True,True,removed_b,14,0,Semantics
3701,8164,0.9879,0,1,unacceptable,acceptable,Попробуй заметить вон ту звездочку над самой горой.,Постарайся увидеть вон ту звездочку над самой горой.,2,2,True,True,False,True,False,True,removed_both,13,Semantics,0
5260,6306,0.9879,0,1,unacceptable,acceptable,"Он почувствовал, что мороз.","Он почувствовал, что морозит.",1,1,True,False,False,True,False,False,kept,2,Syntax,0
4400,8497,0.9878,0,1,unacceptable,acceptable,Перемен в технической политике фирмы не началось.,Перемен в технической политике фирмы не наступило.,2,0,True,True,False,False,False,False,removed_a,7,Semantics,0
5693,7909,0.9878,1,0,acceptable,unacceptable,Своя точка зрения на этот вопрос была высказана автором в других работах.,Его точка зрения на этот вопрос была высказана автором в других работах.,1,3,True,False,False,True,True,True,removed_b,3,0,Syntax
233,3629,0.9878,0,1,unacceptable,acceptable,Костюма не было в химчистке два года.,Костюм не был в химчистке два года.,2,1,True,True,False,True,False,False,removed_a,2,Semantics,0
4631,6820,0.9878,1,0,acceptable,unacceptable,Очки лежали возле книги.,Очки лежали у книги.,1,3,False,False,True,True,True,True,removed_b,5,0,Semantics
3421,4092,0.9878,0,1,unacceptable,acceptable,Павел Алексеевич уже перестал ждать всякого ответа.,Павел Алексеевич уже перестал ждать какого бы то ни было ответа.,2,0,True,True,False,False,False,False,removed_a,17,Semantics,0
1693,6417,0.9877,1,0,acceptable,unacceptable,Она принимает теорию гранулярного пламени.,Она берет теорию гранулярного пламени.,0,2,False,False,False,True,True,False,removed_b,7,0,Semantics
1647,4476,0.9877,1,0,acceptable,unacceptable,"Я хочу, чтобы они зашли, а ты спрятался.","Я хочу, чтобы они зайдут, а ты спрячешься.",1,1,True,False,False,False,True,False,kept,8,0,Syntax
622,4059,0.9876,1,0,acceptable,unacceptable,Он съел мясо сырым.,Он поел мяса сырым.,1,3,False,False,True,True,True,True,removed_b,3,0,Syntax
1092,6553,0.9876,0,1,unacceptable,acceptable,Постарайся заметить вон ту звездочку над самой горой.,Попробуй увидеть вон ту звездочку над самой горой.,3,0,True,True,True,False,False,False,removed_a,13,Semantics,0
3590,7419,0.9876,0,1,unacceptable,acceptable,Мой паспорт не был в сумке.,Моего паспорта не было в сумке.,3,1,True,True,True,False,False,True,removed_a,5,Semantics,0
3085,6326,0.9875,1,0,acceptable,unacceptable,"Еще один такой выкрик, и его выгонят.",Поскольку еще один такой выкрик и его выгонят.,0,1,False,False,False,False,True,False,kept,12,0,Semantics
739,984,0.9875,0,1,unacceptable,acceptable,Он показался в назначенный срок.,Он появился в назначенный срок.,1,0,False,True,False,False,False,False,kept,4,Semantics,0
3554,8205,0.9873,1,0,acceptable,unacceptable,Приказ отступать был отдан солдатам командиром.,Приказ был отдан отступать солдатам командиром.,0,1,False,False,False,False,True,False,kept,18,0,Syntax
829,2345,0.9873,1,0,acceptable,unacceptable,Сделай эту работу к понедельнику!,Делай эту работу к понедельнику!,0,2,False,False,False,True,True,False,removed_b,2,0,Semantics
650,8493,0.9873,1,0,acceptable,unacceptable,Поговори же хоть с кем-нибудь из них.,Поговори же хоть с любым из них.,0,1,False,False,False,False,True,False,kept,9,0,Semantics
4811,5113,0.9871,0,1,unacceptable,acceptable,Поселок расположен вдалеке от реки.,Поселок расположен вдали реки.,3,1,True,True,True,True,False,False,removed_a,6,Semantics,0
1261,2355,0.987,0,1,unacceptable,acceptable,"Особенно когда в полуторастах метрах позади лежал скелет ящера, убитого человеческим оружием.","Особенно когда в полутораста метрах позади лежал скелет ящера, убитого человеческим оружием.",2,1,True,True,False,True,False,False,removed_a,1,Morphology,0
4461,4677,0.987,0,1,unacceptable,acceptable,В этой реке есть много рыбы.,В этой реке масса рыбы.,3,1,True,True,True,False,False,True,removed_a,9,Semantics,0
1560,3737,0.987,1,0,acceptable,unacceptable,Сегодня отец еще не был дома.,Сегодня отца еще не было дома.,1,3,False,False,True,True,True,True,removed_b,3,0,Semantics
461,4846,0.9867,0,1,unacceptable,acceptable,"Она долго бежала рядом с забором, а потом повернула налево.","Она долго бежала вдоль забора, а потом повернула налево.",3,2,True,True,True,False,True,True,removed_both,7,Semantics,0
3498,4193,0.9866,0,1,unacceptable,acceptable,Ребята накупили хорошую книгу.,Ребята накупили хороших книг.,3,1,True,True,True,False,False,True,removed_a,3,Syntax,0
4362,7164,0.9863,1,0,acceptable,unacceptable,Маша и Саша читают книгу.,"Маша книгу, и Саша читает.",1,1,False,False,True,False,True,False,kept,14,0,Syntax
3039,7932,0.9862,0,1,unacceptable,acceptable,Вчера этот прибор имел использование.,Вчера этим прибором пользовались.,1,1,False,False,True,False,False,True,kept,11,Semantics,0
2460,3060,0.9862,0,1,unacceptable,acceptable,У него было много любых дел.,У него было много всяких дел.,3,2,True,True,True,False,True,True,removed_both,5,Semantics,0
3058,4413,0.9861,0,1,unacceptable,acceptable,"Я поступил, и Иван очень обрадовался, в институт.","Иван очень обрадовался, когда я поступил в институт.",1,1,False,False,True,False,False,True,kept,31,Syntax,0
3927,6820,0.9861,1,0,acceptable,unacceptable,Очки лежали около книги.,Очки лежали у книги.,1,3,False,False,True,True,True,True,removed_b,5,0,Semantics
586,3229,0.9861,0,1,unacceptable,acceptable,"Безусловно, неожиданно автобус остановился.","Автобус, безусловно, остановился неожиданно.",2,0,True,True,False,False,False,False,removed_a,34,Semantics,0
3045,3049,0.9859,1,0,acceptable,unacceptable,Он живет поблизости от меня.,Он живет очень поблизости со мной.,1,1,False,False,True,False,False,True,kept,11,0,Semantics
6883,7217,0.9858,1,0,acceptable,unacceptable,Поворота в научно-технической пропаганде не наступило.,Поворота в научно-технической пропаганде не началось.,0,2,False,False,False,True,True,False,removed_b,7,0,Semantics
851,4734,0.9857,1,0,acceptable,unacceptable,На диване удобно устроилась Маша.,На диване удобно Маша.,0,1,False,False,False,True,False,False,kept,11,0,Semantics
2477,3472,0.9857,1,0,acceptable,unacceptable,"Мне было неприятно им помогать, но я все-таки помогал.","Мне было неприятно помогать кому-нибудъ из них, но я все-таки помогал.",1,2,False,False,True,False,True,True,removed_b,22,0,Semantics
2828,5181,0.9855,1,0,acceptable,unacceptable,Я всю косметику с каким бы то ни было ароматом убрала.,Я всю косметику со всяким ароматом убрала.,0,2,False,False,False,True,True,False,removed_b,18,0,Semantics
6409,7167,0.9854,1,0,acceptable,unacceptable,"Я стою сейчас рядом с Центризбиркомом и могу наблюдать за тем, что происходит перед входом.","Я стою поблизости от Центризбиркома и наблюдаю за тем, что происходит у входа.",1,3,False,False,True,True,True,True,removed_b,30,0,Semantics
374,1211,0.9854,1,0,acceptable,unacceptable,Это известие лишает меня сна.,Это известие надолго лишает меня сна.,0,2,False,False,False,True,True,False,removed_b,8,0,Semantics
2116,4346,0.9854,1,0,acceptable,unacceptable,Каким мальчиком он оказался?,Очень каким мальчиком он оказался?,0,0,False,False,False,False,False,False,kept,7,0,Syntax
1384,8502,0.9852,1,0,acceptable,unacceptable,Старосты на собрании не было.,Старосты на собрании не присутствовало.,0,0,False,False,False,False,False,False,kept,12,0,Semantics
3072,6951,0.9852,1,0,acceptable,unacceptable,"Неизвестно, была ли эта повесть когда-либо закончена.","Неизвестно, была ли эта повесть никогда закончена.",0,1,False,False,False,True,False,False,kept,7,0,Semantics
2593,3872,0.9851,0,1,unacceptable,acceptable,"За легкой стеной палатки, прямо возле моей головы, лежало гречишное поле.","За легкой стеной палатки, прямо возле моей головы, начиналось гречишное поле.",2,1,True,True,False,False,True,False,removed_a,7,Semantics,0
1214,6114,0.9849,0,1,unacceptable,acceptable,"Журналистка, была приглашена министром дать ей интервью.","Журналистка была приглашена министром, чтобы взять у него интервью.",1,1,False,True,False,False,False,True,kept,16,Syntax,0
5135,5481,0.9844,1,0,acceptable,unacceptable,Солдаты грелись у костров.,Солдаты грелись поблизости от костров.,1,3,False,False,True,True,True,True,removed_b,13,0,Semantics
7309,8479,0.9841,0,1,unacceptable,acceptable,Его еще не прочитал этой статьи.,Он еще не прочитал эту статью.,2,1,True,False,True,False,False,True,removed_a,6,Syntax,0
1264,4400,0.9835,1,0,acceptable,unacceptable,Перемены в технической политике фирмы еще не начались.,Перемен в технической политике фирмы не началось.,1,2,False,False,True,True,True,False,removed_b,6,0,Semantics
6175,7116,0.9834,0,1,unacceptable,acceptable,"Журналистка была приглашена министром, чтобы дать ей интервью.","Министр пригласил журналистку, чтобы дать ей интервью.",2,1,True,True,False,False,False,True,removed_a,24,Syntax,0
5048,8091,0.9833,0,1,unacceptable,acceptable,Поодаль от тополя стояла Даша и смотрела на него.,Около тополя стояла Даша и смотрела на него.,1,0,False,True,False,False,False,False,kept,7,Semantics,0
269,4400,0.9833,1,0,acceptable,unacceptable,Перемен в технической политике фирмы еще не наступило.,Перемен в технической политике фирмы не началось.,1,2,False,False,True,True,True,False,removed_b,11,0,Semantics
5321,6114,0.9832,0,1,unacceptable,acceptable,"Министр пригласил журналистку, чтобы взять у него интервью.","Журналистка была приглашена министром, чтобы взять у него интервью.",3,1,True,True,True,False,False,True,removed_a,24,Syntax,0
6032,8093,0.983,0,1,unacceptable,acceptable,Было получено эти два извещения.,Были получены два извещения.,2,0,True,False,True,False,False,False,removed_a,6,Syntax,0
6520,8178,0.9829,1,0,acceptable,unacceptable,"Журналистка была приглашена писателем для того, чтобы взять у него интервью.","Журналистка была приглашена писателем, чтобы дать ей интервью.",0,0,False,False,False,False,False,False,kept,17,0,Syntax
3058,4102,0.9828,0,1,unacceptable,acceptable,"Я поступил, и Иван очень обрадовался, в институт.","Иван, когда я поступил в институт, очень обрадовался.",1,1,False,False,True,False,False,True,kept,35,Syntax,0
4707,5020,0.9827,1,0,acceptable,unacceptable,Мысли отказываются остановиться на каком бы то ни было предмете.,Мысли отказываются остановиться на всяком предмете.,0,2,False,False,False,True,True,False,removed_b,17,0,Semantics
794,6626,0.9826,0,1,unacceptable,acceptable,Н.С. Михалков недавно еще раз выразил свое желание быть похоронен здесь.,"Вспомнил, что Н.С. Михалков недавно выразил желание быть похороненным здесь.",2,0,True,True,False,False,False,False,removed_a,30,Syntax,0
1540,5762,0.9825,0,1,unacceptable,acceptable,Другие улики не остались.,Других улик не сохранилось.,2,0,False,True,True,False,False,False,removed_a,8,Semantics,0
820,6190,0.9824,1,0,acceptable,unacceptable,Сегодня отец еще не был на море.,Сегодня отца еще не было на море.,1,3,False,False,True,True,True,True,removed_b,3,0,Semantics
2758,4362,0.9824,0,1,unacceptable,acceptable,"Маша книгу, и Саша читает книгу.",Маша и Саша читают книгу.,0,1,False,False,False,False,False,True,kept,8,Syntax,0
2606,5944,0.9824,1,0,acceptable,unacceptable,Я своими близорукими глазами и то увидел.,Я своими близорукими глазами и то заметил.,2,1,True,True,False,False,True,False,removed_a,6,0,Semantics
2871,3132,0.9824,0,1,unacceptable,acceptable,После этого она получила к нему доверие.,После этого она стала ему доверять.,3,1,True,True,True,False,False,True,removed_a,12,Semantics,0
786,4854,0.9823,1,0,acceptable,unacceptable,Он плотно закрыл дверь.,Он плотно захлопнул дверь.,1,3,False,False,True,True,True,True,removed_b,6,0,Semantics
4968,6695,0.9823,1,0,acceptable,unacceptable,"Письмо, которого он давно ждал, в конце концов пришло к Ивану.","Ивану письмо, которого он давно ждал, в конце концов пришло к.",0,0,False,False,False,False,False,False,kept,13,0,Syntax
5212,7714,0.9823,1,0,acceptable,unacceptable,Я хорошо жил в Москве.,"Я жил хорошо, потому что в Москве.",0,2,False,False,False,True,True,False,removed_b,15,0,Syntax
794,7347,0.9822,0,1,unacceptable,acceptable,Н.С. Михалков недавно еще раз выразил свое желание быть похоронен здесь.,"Вспомнил, что Н.С. Михалков недавно выразил желание быть похоронен здесь.",2,0,True,True,False,False,False,False,removed_a,27,Syntax,0
1214,6671,0.9819,0,1,unacceptable,acceptable,"Журналистка, была приглашена министром дать ей интервью.","Журналистка, была приглашена министром взять у него интервью.",1,2,False,True,False,True,False,True,removed_b,8,Syntax,0
3656,4413,0.9819,0,1,unacceptable,acceptable,"И Иван, я поступил в институт, очень обрадовался.","Иван очень обрадовался, когда я поступил в институт.",3,1,True,True,True,False,False,True,removed_a,43,Syntax,0
7032,7292,0.9818,1,0,acceptable,unacceptable,Она приняла его точку зрения.,Она взяла его точку зрения.,1,3,False,False,True,True,True,True,removed_b,4,0,Semantics
237,6926,0.9818,0,1,unacceptable,acceptable,"Иван, к сожалению, в отпуске?","Иван, к сожалению, в отпуске.",3,1,True,True,True,False,False,True,removed_a,1,Semantics,0
1710,7272,0.9814,0,1,unacceptable,acceptable,"Как я надеюсь, ты собрался?","Я надеюсь, ты собрался?",3,1,True,True,True,False,False,True,removed_a,5,Semantics,0
2195,5621,0.9814,0,1,unacceptable,acceptable,Стаканы есть поставлены в шкаф.,Стаканы есть в шкафу.,1,1,False,False,True,False,False,True,kept,12,Syntax,0
2689,7172,0.9811,0,1,unacceptable,acceptable,"Он увидел телегу и понял, что она сломана и после починена.","Он увидел телегу и понял, что ее сломали и после починили.",1,1,True,False,False,True,False,False,kept,8,Semantics,0
3241,4997,0.981,0,1,unacceptable,acceptable,Я не люблю кого-либо.,Я не люблю никого.,2,0,True,True,False,False,False,False,removed_a,7,Semantics,0
2049,6441,0.9809,1,0,acceptable,unacceptable,Иван не был в своей комнате.,Ивана не было в своей комнате.,1,3,False,False,True,True,True,True,removed_b,2,0,Semantics
2816,7789,0.9809,1,0,acceptable,unacceptable,"Что он болен, никто не знал.","Он болен, никто не знал.",0,2,False,False,False,True,True,False,removed_b,5,0,Syntax
435,1513,0.9809,1,0,acceptable,unacceptable,"Сначала она была в каком-то раздраженном состоянии, но потом успокоилась.","Раньше она была в каком-то раздраженном состоянии, а потом успокоилась.",1,3,False,False,True,True,True,True,removed_b,8,0,Semantics
5321,6671,0.9809,0,1,unacceptable,acceptable,"Министр пригласил журналистку, чтобы взять у него интервью.","Журналистка, была приглашена министром взять у него интервью.",3,2,True,True,True,True,False,True,removed_both,30,Syntax,0
2531,6333,0.9808,1,0,acceptable,unacceptable,Она сидела рядом со мной и горько плакала.,Она сидела близко от меня и плакала.,1,3,False,False,True,True,True,True,removed_b,18,0,Semantics
2935,5145,0.9806,0,1,unacceptable,acceptable,Он говорил об упразднении каких-либо званий.,Он говорил об упразднении всех званий.,3,0,True,True,True,False,False,False,removed_a,9,Semantics,0
334,7595,0.9806,1,0,acceptable,unacceptable,Иван еще не был в таком театре.,Ивана еще не было в таком театре.,0,2,False,False,False,True,True,False,removed_b,2,0,Semantics
6175,6671,0.9802,0,1,unacceptable,acceptable,"Журналистка была приглашена министром, чтобы дать ей интервью.","Журналистка, была приглашена министром взять у него интервью.",2,2,True,True,False,True,False,True,removed_both,14,Syntax,0
4762,6114,0.9801,0,1,unacceptable,acceptable,"Министр пригласил журналистку, дать ей интервью.","Журналистка была приглашена министром, чтобы взять у него интервью.",2,1,False,True,True,False,False,True,removed_a,38,Syntax,0
1214,7116,0.9799,0,1,unacceptable,acceptable,"Журналистка, была приглашена министром дать ей интервью.","Министр пригласил журналистку, чтобы дать ей интервью.",1,1,False,True,False,False,False,True,kept,30,Syntax,0
2353,5665,0.9798,0,1,unacceptable,acceptable,Перед домом есть девочка.,Перед домом стоит девочка.,0,0,False,False,False,False,False,False,kept,4,Semantics,0
6573,8215,0.9795,1,0,acceptable,unacceptable,Никого не было дома.,Никто не был дома.,1,3,False,False,True,True,True,True,removed_b,3,0,Semantics
231,8391,0.9795,0,1,unacceptable,acceptable,Все утро он был раздражителен.,Все утро он был раздражен.,2,3,False,True,True,True,True,True,removed_both,4,Semantics,0
3391,7935,0.9794,1,0,acceptable,unacceptable,Он нашел по крайней мере двух желающих.,Он нашел по крайней мере двух желающих?,0,3,False,False,False,True,True,True,removed_b,1,0,Semantics
2186,7894,0.9793,0,1,unacceptable,acceptable,Она с любопытством поглядывала на меня вблизи.,Она с любопытством поглядывала на меня издалека.,3,1,True,True,True,False,False,True,removed_a,7,Semantics,0
2428,6323,0.9793,0,1,unacceptable,acceptable,"Наверное, я казался себе смешным.","Наверное, я выглядел смешным.",3,1,True,True,True,False,False,True,removed_a,9,Semantics,0
1061,6202,0.9792,0,1,unacceptable,acceptable,Я рискую опозданием на семинар.,Я рисковал опозданием на семинар.,3,1,True,True,True,False,False,True,removed_a,4,Semantics,0
1186,1211,0.9791,1,0,acceptable,unacceptable,Это известие лишило меня сна.,Это известие надолго лишает меня сна.,0,2,False,False,False,True,True,False,removed_b,11,0,Semantics
865,2360,0.9789,1,0,acceptable,unacceptable,Я снял пылинку со шляпы.,Я взял пылинку со шляпы.,0,2,False,False,False,True,True,False,removed_b,2,0,Semantics
3052,7344,0.9789,1,0,acceptable,unacceptable,Его положили в больницу.,Его приняли в больницу.,1,3,False,False,True,True,True,True,removed_b,5,0,Semantics
3431,7363,0.9788,0,1,unacceptable,acceptable,Вчера я была у мамы и получила от нее эту книгу.,"Вчера я была у ма мы, и она дала мне эту книгу.",2,1,False,True,True,False,False,True,removed_a,12,Semantics,0
8405,8493,0.9785,1,0,acceptable,unacceptable,Поговори хоть с кем-нибудь из них.,Поговори же хоть с любым из них.,0,1,False,False,False,False,True,False,kept,12,0,Semantics
2145,7576,0.9785,0,1,unacceptable,acceptable,Однажды он был встречен ею принаряженной.,Однажды она встретила его принаряженной.,2,1,True,True,False,True,False,False,removed_a,10,Syntax,0
2716,7359,0.9784,1,0,acceptable,unacceptable,Я с удовольствием с ним говорил.,Я с удовольствием имел с ним беседу.,1,3,False,False,True,True,True,True,removed_b,12,0,Semantics
1634,5910,0.978,0,1,unacceptable,acceptable,Он покупает несколько журналов.,Он купил несколько журналов.,3,1,True,True,True,False,False,True,removed_a,5,Semantics,0
4614,5180,0.978,0,1,unacceptable,acceptable,"Первый огонек блеснул вдали, на противоположной горе, в одиноком домике.","Первый огонек блеснул вдали, на противоположной горе, в одиноком домике близ шлагбаума.",2,1,True,True,False,False,True,False,removed_a,15,Semantics,0
1975,6221,0.9779,1,0,acceptable,unacceptable,"Я хочу, чтобы они зашли, когда ты спрячешься.","Я хочу, чтобы они зашли, а ты спрячешься.",2,2,True,True,False,True,True,False,removed_both,4,0,Syntax
3403,3559,0.9777,1,0,acceptable,unacceptable,"И каждый раз, когда раздавался какой-нибудь звук, даже самый слабый, старуха вздрагивала.","И каждый раз, когда раздавался любой звук, старуха вздрагивала.",0,2,False,False,False,True,True,False,removed_b,29,0,Semantics
1765,6305,0.977,0,1,unacceptable,acceptable,"Погода, ей кажется, плохая.","Погода, ей казалось, была плохая.",3,1,True,True,True,False,False,True,removed_a,10,Semantics,0
379,8222,0.9769,0,1,unacceptable,acceptable,Маша сидела поодаль от мужа и читала.,Маша сидела рядом с мужем и читала.,3,1,True,True,True,False,False,True,removed_a,10,Semantics,0
3787,7166,0.9766,0,1,unacceptable,acceptable,Математика и естественные науки преподавалась.,Математика и естественные науки преподавались.,1,1,True,False,False,False,False,True,kept,1,Syntax,0
1863,4418,0.9766,0,1,unacceptable,acceptable,"Ты тогда замечал, что он странно себя ведет?","Ты когда-нибудь замечал, что он странно себя ведет?",3,1,True,True,True,False,False,True,removed_a,8,Semantics,0
6087,7393,0.9762,1,0,acceptable,unacceptable,"Вы можете посмотреть, что сделала Япония?","Вы можете видеть здесь, что Япония сделала?",0,2,False,False,False,True,True,False,removed_b,24,0,Semantics
2502,8178,0.9762,1,0,acceptable,unacceptable,"Писатель пригласил журналистку, чтобы дать ей интервью.","Журналистка была приглашена писателем, чтобы дать ей интервью.",1,0,False,False,True,False,False,False,kept,26,0,Syntax
6539,7048,0.9762,1,0,acceptable,unacceptable,"Он чувствовал, что ему явно не хватало Маши.","Он чувствует, что ему явно не хватает Маши.",0,2,False,False,False,True,True,False,removed_b,6,0,Semantics
2688,3236,0.9762,0,1,unacceptable,acceptable,"Я не принимаю его за крупного ученого, хотя и знаю, что это так.","Я не воспринимаю его как крупного ученого, хотя и знаю, что он крупный ученый.",2,0,True,True,False,False,False,False,removed_a,21,Semantics,0
1975,4476,0.9761,1,0,acceptable,unacceptable,"Я хочу, чтобы они зашли, когда ты спрячешься.","Я хочу, чтобы они зайдут, а ты спрячешься.",2,1,True,True,False,False,True,False,removed_a,8,0,Syntax
2382,5394,0.9757,0,1,unacceptable,acceptable,Он страшно был в отчаянии.,Он был в полном отчаянии.,3,1,True,True,True,False,False,True,removed_a,12,Semantics,0
5176,8467,0.9757,1,0,acceptable,unacceptable,Он отдал ей свое сердце.,Она дала ему свое сердце.,1,3,False,False,True,True,True,True,removed_b,6,0,Semantics
4762,6671,0.9756,0,1,unacceptable,acceptable,"Министр пригласил журналистку, дать ей интервью.","Журналистка, была приглашена министром взять у него интервью.",2,2,False,True,True,True,False,True,removed_both,33,Syntax,0
1010,1658,0.9754,0,1,unacceptable,acceptable,"Однако космонавты испытывают состояние ее, так как они как бы все время падают на Землю, но промахиваются.","Однако космонавты испытывают состояние невесомости, так как они как бы все время падают на Землю, но промахиваются.",1,0,True,False,False,False,False,False,kept,9,Syntax,0
2446,3886,0.9751,0,1,unacceptable,acceptable,Дерево над корнями было срублено.,Дерево было срублено у самых корней.,3,1,True,True,True,False,False,True,removed_a,25,Semantics,0
5315,6520,0.9751,0,1,unacceptable,acceptable,"Писатель пригласил журналистку, чтобы взять у него интервью.","Журналистка была приглашена писателем для того, чтобы взять у него интервью.",3,0,True,True,True,False,False,False,removed_a,32,Syntax,0
1780,5663,0.9751,0,1,unacceptable,acceptable,Я имел с ним беседу только ради Вас.,Я говорил с ним только ради Вас.,2,0,True,True,False,False,False,False,removed_a,13,Semantics,0
936,3125,0.975,0,1,unacceptable,acceptable,Уличных звуков не доносится сквозь двойные рамы.,Звуки с улицы не доносились сквозь двойные рамы.,2,0,True,True,False,False,False,False,removed_a,16,Semantics,0
2145,5234,0.9749,0,1,unacceptable,acceptable,Однажды он был встречен ею принаряженной.,Однажды она встретила его принаряженным.,2,0,True,True,False,False,False,False,removed_a,12,Syntax,0
3283,6198,0.9746,1,0,acceptable,unacceptable,Очередной день принес обозу приказ комбата занять-таки больницу.,Больницу принес обозу приказ комбата занять больницу очередной день.,0,1,False,False,False,True,False,False,kept,33,0,Syntax
4576,7845,0.9741,0,1,unacceptable,acceptable,Левой рукой он судорожно хрустел бумажками.,Его левая рука судорожно хрустела бумажками.,2,1,True,True,False,False,False,True,removed_a,13,Semantics,0
2810,8392,0.974,1,0,acceptable,unacceptable,Он подошел совсем близко ко мне.,Он подошел рядом со мной.,1,3,False,False,True,True,True,True,removed_b,15,0,Semantics
3954,5929,0.9738,0,1,unacceptable,acceptable,У кого-нибудь из моих малышей в кармане лежит горсть сладких вишней.,У кого-нибудь из моих малышей в кармане лежит горсть сладких вишен.,2,0,True,True,False,False,False,False,removed_a,2,Morphology,0
2996,7222,0.9735,1,0,acceptable,unacceptable,"Он вдруг понял, что ей неприятны какие бы то ни было подробности его домашней жизни.","Он вдруг понял, что ей неприятны никакие подробности его домашней жизни.",0,2,False,False,False,True,True,False,removed_b,16,0,Semantics
1242,4353,0.9733,1,0,acceptable,unacceptable,"Я уверен, что он несомненно прав.","Я уверен, что он наверное прав.",1,3,False,False,True,True,True,True,removed_b,7,0,Semantics
271,5464,0.973,1,0,acceptable,unacceptable,Он отказывался от всех предложений.,Он отказывался от каких-либо предложений.,1,2,False,False,True,True,True,False,removed_b,9,0,Semantics
6472,7002,0.9728,0,1,unacceptable,acceptable,Он не был там и разу.,Он не был там ни разу.,3,2,True,True,True,True,False,True,removed_both,1,Semantics,0
229,828,0.9726,0,1,unacceptable,acceptable,Резко он не затормозил.,Резко он не тормозил.,3,1,True,True,True,False,False,True,removed_a,2,Semantics,0
215,4595,0.9724,0,1,unacceptable,acceptable,Мы имели возможность работать каждому со своим материалом.,Мы оговорили возможность работать каждому со своим материалом.,2,1,True,True,False,False,True,False,removed_a,7,Syntax,0
4702,7417,0.9724,1,0,acceptable,unacceptable,Окно было открыто пятнадцать минут.,Окно было открыто час назад пятнадцать минут.,1,2,False,False,True,True,False,True,removed_b,10,0,Semantics
2446,6258,0.9718,0,1,unacceptable,acceptable,Дерево над корнями было срублено.,Дерево было срублено близко от корней.,3,1,True,True,True,False,False,True,removed_a,24,Semantics,0
4193,7531,0.9715,1,0,acceptable,unacceptable,Ребята накупили хороших книг.,Много ребят накупили хорошую книгу.,1,2,False,False,True,True,False,True,removed_b,11,0,Syntax
1975,2129,0.9715,1,0,acceptable,unacceptable,"Я хочу, чтобы они зашли, когда ты спрячешься.","Я хочу, чтобы они зайдут, а ты спрятался .",2,2,True,True,False,True,True,False,removed_both,13,0,Syntax
2120,6964,0.9714,0,1,unacceptable,acceptable,В тот день он сидел дома ровно в шесть.,В тот день он был дома ровно в шесть.,3,1,True,True,True,False,False,True,removed_a,4,Semantics,0
301,7381,0.9714,1,0,acceptable,unacceptable,Сотрудники были набраны редактором.,Сотрудник был набран редакторами.,0,0,False,False,False,False,False,False,kept,5,0,Syntax
4374,4625,0.9714,0,1,unacceptable,acceptable,Унас редко есть занятия по истории.,У нас редко бывают занятия по истории.,1,1,False,False,True,False,False,True,kept,7,Semantics,0
1992,7063,0.9714,0,1,unacceptable,acceptable,Он ест одну грушу.,Он съел одну грушу.,3,1,True,True,True,False,False,True,removed_a,4,Semantics,0
489,5644,0.971,1,0,acceptable,unacceptable,Возьмите из моего чемодана полотенце.,Возьми мне из ее чемодана полотенце.,1,3,False,False,True,True,True,True,removed_b,7,0,Semantics
473,1242,0.971,0,1,unacceptable,acceptable,"Я знаю, что он, несомненно, прав.","Я уверен, что он несомненно прав.",3,1,True,True,True,False,False,True,removed_a,8,Semantics,0
4374,6199,0.9705,0,1,unacceptable,acceptable,Унас редко есть занятия по истории.,У нас редко проводятся занятия по истории.,1,1,False,False,True,False,False,True,kept,10,Semantics,0
598,947,0.9702,0,1,unacceptable,acceptable,Он резко не затормозил.,Он затормозил не резко.,1,1,False,False,True,True,False,False,kept,16,Semantics,0
1768,2195,0.9699,1,0,acceptable,unacceptable,Стаканы будут поставлены в шкаф.,Стаканы есть поставлены в шкаф.,1,1,False,False,True,False,False,True,kept,5,0,Syntax
3738,3869,0.9696,0,1,unacceptable,acceptable,Это обнажило мне суть явления.,Это обнажило суть явления.,3,0,True,True,True,False,False,False,removed_a,4,Semantics,0
2651,4099,0.9696,1,0,acceptable,unacceptable,Он начал речь приветствием.,В этот момент он начал речь приветствием.,1,2,True,False,False,True,True,False,removed_b,15,0,Semantics
5588,8487,0.9695,1,0,acceptable,unacceptable,Я принял его за военного.,Я воспринял его как военного.,0,2,False,False,False,True,True,False,removed_b,5,0,Semantics
3878,8061,0.9693,0,1,unacceptable,acceptable,Вчера я имела собрание.,Я был вчера на собрании.,3,1,True,True,True,False,False,True,removed_a,13,Semantics,0
3235,7549,0.9691,0,1,unacceptable,acceptable,В данный момент я разговаривал с директором.,Сегодня я разговаивал с директором.,3,2,True,True,True,True,False,True,removed_both,14,Semantics,0
5462,7076,0.9689,0,1,unacceptable,acceptable,"Скажи, а нельзя постараться, чтобы Сухой Рыбак не обидел Вани?","Скажи, а нельзя постараться, чтобы Сухой Рыбак не обидел Ваню?",2,1,True,True,False,False,True,False,removed_a,1,Semantics,0
1647,3477,0.9687,1,0,acceptable,unacceptable,"Я хочу, чтобы они зашли, а ты спрятался.","Я хочу, чтобы они зайдут, когда ты спрячешься.",1,1,True,False,False,False,True,False,kept,12,0,Syntax
1260,6535,0.9685,0,1,unacceptable,acceptable,Она приняла к себе ребенка.,Она приняла ребенка к себе на руки.,2,1,False,True,True,False,False,True,removed_a,14,Semantics,0
7568,8371,0.9684,0,1,unacceptable,acceptable,Иван питает надежду встретиться с тобой самому.,Иван оставил надежду встретиться с тобой самому.,2,1,True,True,False,False,False,True,removed_a,5,Syntax,0
1523,6980,0.9683,1,0,acceptable,unacceptable,Он отдал все свое состояние.,Он дал ему все свое состояние.,1,3,False,False,True,True,True,True,removed_b,6,0,Semantics
1979,2884,0.9677,1,0,acceptable,unacceptable,"Мне жаль, что занятий не будет.","Занятий, мне жаль, не будет.",1,3,False,False,True,True,True,True,removed_b,17,0,Semantics
4947,5243,0.9676,1,0,acceptable,unacceptable,"Ты уже достаточно взрослая, чтобы сама все понимать.","Ты достаточно взрослая, чтобы разумная все понимать.",1,0,True,False,False,False,False,False,kept,9,0,Syntax
3339,7306,0.9675,0,1,unacceptable,acceptable,"Если ты требуешь, то любой из нас ей поможет.","Если потребуется, то любой из нас ей поможет.",3,1,True,True,True,False,False,True,removed_a,6,Semantics,0
2443,3783,0.9669,0,1,unacceptable,acceptable,У командира был обычай сам принимать все доклады.,Командир ввел обычай сам принимать все доклады.,2,0,True,True,False,False,False,False,removed_a,7,Syntax,0
4353,5808,0.9669,0,1,unacceptable,acceptable,"Я уверен, что он наверное прав.","Я думаю, что он, несомненно, прав.",3,1,True,True,True,False,False,True,removed_a,14,Semantics,0
1493,7050,0.9667,0,1,unacceptable,acceptable,"Занятий, я рад, не будет.","Я рад, что занятий не будет.",3,1,True,True,True,False,False,True,removed_a,16,Semantics,0
473,5639,0.9661,0,1,unacceptable,acceptable,"Я знаю, что он, несомненно, прав.","Я считаю, что он, несомненно, прав.",3,1,True,True,True,False,False,True,removed_a,4,Semantics,0
4895,6934,0.966,0,1,unacceptable,acceptable,Всю молодость она была красива.,В молодости она была красивой.,3,1,True,True,True,False,False,True,removed_a,5,Semantics,0
2530,5340,0.9658,1,0,acceptable,unacceptable,"Осетровые рыбы, как считают знатоки, утратили свой былой вкус.","Осетровые рыбы, как я считаю, утратили свой былой вкус.",0,2,False,False,False,True,True,False,removed_b,11,0,Semantics
7095,7450,0.9658,1,0,acceptable,unacceptable,У этого животного есть зубы.,У этого животного есть острые зубы.,2,3,False,True,True,True,True,True,removed_both,7,0,Semantics
5247,7740,0.9652,0,1,unacceptable,acceptable,Напоминание себе об опасности прозвучало вовремя.,"Эти слова, напоминание себе об опасности, прозвучали вовремя.",2,0,True,True,False,False,False,False,removed_a,14,Syntax,0
4576,7506,0.9651,0,1,unacceptable,acceptable,Левой рукой он судорожно хрустел бумажками.,Правая рука его судорожно хрустела бумажками.,2,1,True,True,False,False,False,True,removed_a,11,Semantics,0
4614,5684,0.9649,0,1,unacceptable,acceptable,"Первый огонек блеснул вдали, на противоположной горе, в одиноком домике.","Первый огонек блеснул вдали на противоположной горе, в отдаленном домике близ шлагбаума.",2,0,True,True,False,False,False,False,removed_a,22,Semantics,0
4132,5429,0.9649,0,1,unacceptable,acceptable,"Нельзя не обратиться ни к кому, когда чувствуешь себя таким не счастным.","Нельзя не обратиться к кому-то близкому, когда чувствуешь себя таким несчастным.",2,0,True,True,False,False,False,False,removed_a,13,Semantics,0
1066,6508,0.9649,1,0,acceptable,unacceptable,Он дал свое согласие.,Он дал ему одобрение.,1,3,False,False,True,True,True,True,removed_b,10,0,Semantics
4156,7255,0.9648,1,0,acceptable,unacceptable,Студентов первого курса включи в список!,Студентов первого курса включили в список?,0,1,False,False,False,True,False,False,kept,3,0,Syntax
7418,8497,0.9647,0,1,unacceptable,acceptable,Перемен в технической политике фирмы еще не началось.,Перемен в технической политике фирмы не наступило.,2,0,False,True,True,False,False,False,removed_a,10,Semantics,0
4687,6175,0.9645,1,0,acceptable,unacceptable,"Министр пригласил журналистку, взять у него интервью.","Журналистка была приглашена министром, чтобы дать ей интервью.",3,2,True,True,True,True,True,False,removed_both,36,0,Syntax
2755,4365,0.9645,0,1,unacceptable,acceptable,Вчера в два часа магазин закрыт.,Магазин в два часа закрыт.,3,1,True,True,True,False,False,True,removed_a,15,Semantics,0
1117,7491,0.9644,1,0,acceptable,unacceptable,"В путеводителе я позже вычитал, что киприоты всегда готовы приходить на помощь.","В путеводителе я позже вычитал, что киприоты всегда готовы приходить на нее.",1,2,True,False,False,True,True,False,removed_b,6,0,Syntax
3039,7276,0.9644,0,1,unacceptable,acceptable,Вчера этот прибор имел использование.,Вчера мы пользовались этим прибором.,1,1,False,False,True,False,False,True,kept,27,Semantics,0
2619,2740,0.9641,1,0,acceptable,unacceptable,"Дорогие друзья, я сразу же напоминаю номер нашего пейджера...","Те дорогие друзья, которые нас сейчас слушают, я сразу же напоминаю номер нашего пейджера....",0,1,False,False,False,True,False,False,kept,33,0,Syntax
1343,6215,0.9638,0,1,unacceptable,acceptable,Какой-нибудь человек всегда должен об этом помнить.,Каждый человек всегда должен об этом помнить.,3,1,True,True,True,False,False,True,removed_a,10,Semantics,0
2258,7371,0.9637,1,0,acceptable,unacceptable,Он выпил стакан воды.,В то время он пил стакан воды.,1,2,False,False,True,False,True,True,removed_b,12,0,Semantics
75,2509,0.9636,0,1,unacceptable,acceptable,Трон достался убийце своего брата.,Убийца своего брата захватил трон.,2,0,True,True,False,False,False,False,removed_a,28,Syntax,0
4419,6157,0.9631,0,1,unacceptable,acceptable,При нагревании вода дает пар.,При нагревании вода превращается в пар.,2,0,True,True,False,False,False,False,removed_a,11,Semantics,0
2987,7890,0.963,0,1,unacceptable,acceptable,"На кухне, он ясно слышит, кто-то есть.","На кухне, он ясно слышал, кто-то был.",1,1,False,True,False,False,False,True,kept,6,Semantics,0
2382,7530,0.9625,0,1,unacceptable,acceptable,Он страшно был в отчаянии.,Он долго был в отчаянии.,3,1,True,True,True,False,False,True,removed_a,6,Semantics,0
1214,4687,0.9625,0,1,unacceptable,acceptable,"Журналистка, была приглашена министром дать ей интервью.","Министр пригласил журналистку, взять у него интервью.",1,3,False,True,False,True,True,True,removed_b,33,Syntax,0
2411,7529,0.9623,1,0,acceptable,unacceptable,Он не прислал ответ.,Его не пришлет ответ.,1,1,False,False,True,False,True,False,kept,6,0,Syntax
334,5331,0.9621,1,0,acceptable,unacceptable,Иван еще не был в таком театре.,Ивана никогда не было в таком театре.,0,2,False,False,False,True,True,False,removed_b,9,0,Semantics
3667,5921,0.962,1,0,acceptable,unacceptable,"Маша, он видел, была бледна.","Маша, он видит, бледна.",0,2,False,False,False,True,True,False,removed_b,7,0,Semantics
2278,5387,0.9618,1,0,acceptable,unacceptable,"Не скрою, он мне понравился.","Скрою, он мне понравился.",1,3,False,False,True,True,True,True,removed_b,4,0,Semantics
2978,7948,0.9617,1,0,acceptable,unacceptable,"В прошлом году я была толстой, а потом похудела.","Весь год я была толстой, а потом похудела.",0,1,False,False,False,False,True,False,kept,9,0,Semantics
3304,7568,0.9616,1,0,acceptable,unacceptable,Иван оставил надежду встретиться с тобой сам.,Иван питает надежду встретиться с тобой самому.,1,2,False,False,True,True,True,False,removed_b,8,0,Syntax
1910,4446,0.9612,1,0,acceptable,unacceptable,Они считали его талантливым.,Они называли его талантливыми.,1,1,False,False,True,True,False,False,kept,6,0,Syntax
2046,6897,0.9609,1,0,acceptable,unacceptable,Я тогда не могла ему ничего сказать.,Я тогда не могла сказать что-нибудь.,1,3,False,False,True,True,True,True,removed_b,17,0,Semantics
4353,5639,0.9608,0,1,unacceptable,acceptable,"Я уверен, что он наверное прав.","Я считаю, что он, несомненно, прав.",3,1,True,True,True,False,False,True,removed_a,14,Semantics,0
5648,6349,0.9606,0,1,unacceptable,acceptable,Он может с кем-нибудь общаться.,"Вероятно, он может с кем-нибудь там общаться.",3,1,True,True,True,False,False,True,removed_a,15,Semantics,0
2411,6465,0.9602,1,0,acceptable,unacceptable,Он не прислал ответ.,Его не пришлет ответа.,1,0,False,False,True,False,False,False,kept,7,0,Syntax
598,828,0.9599,0,1,unacceptable,acceptable,Он резко не затормозил.,Резко он не тормозил.,1,1,False,False,True,False,False,True,kept,9,Semantics,0
4077,7804,0.9598,1,0,acceptable,unacceptable,"Обнаружилось, что преступник на свободе.","Вчера обнаруживается, что преступник на свободе.",1,3,False,False,True,True,True,True,removed_b,12,0,Semantics
4448,4544,0.9598,1,0,acceptable,unacceptable,"Я все видел, сам оставаясь незамеченным.","У меня была возможность все видеть, сам оставаясь незамеченным.",0,2,False,False,False,True,True,False,removed_b,25,0,Syntax
7734,8280,0.9596,0,1,unacceptable,acceptable,Договора не было нарушено.,Они не нарушили договора.,0,0,False,False,False,False,False,False,kept,22,Semantics,0
5082,5103,0.9595,0,1,unacceptable,acceptable,Ты не должен ей помочь.,Ты не обязан ей помогать.,3,1,True,True,True,False,False,True,removed_a,8,Semantics,0
1990,3582,0.9593,1,0,acceptable,unacceptable,С каким напряжением она следила за этой сценой.,С каким напряжением она была свидетелем этой сцены.,1,2,False,False,True,True,True,False,removed_b,15,0,Semantics
237,7012,0.9591,0,1,unacceptable,acceptable,"Иван, к сожалению, в отпуске?","Иван, наверное, в отпуске.",3,1,True,True,True,False,False,True,removed_a,10,Semantics,0
232,5025,0.959,0,1,unacceptable,acceptable,Внезапно за песчаным холмом показался камень ею с дом.,Внезапно за песчаным холмом показался камень величиной с дом.,0,0,False,False,False,False,False,False,kept,8,Syntax,0
473,5808,0.959,0,1,unacceptable,acceptable,"Я знаю, что он, несомненно, прав.","Я думаю, что он, несомненно, прав.",3,1,True,True,True,False,False,True,removed_a,3,Semantics,0
2195,3873,0.9589,0,1,unacceptable,acceptable,Стаканы есть поставлены в шкаф.,Стаканы будут ставить в шкаф.,1,1,False,False,True,False,False,True,kept,11,Syntax,0
3380,4637,0.9585,1,0,acceptable,unacceptable,"Вследствие этого решено было летом уехать всей семьей в Самарские степи, где у папа было имение.","Вследствие этого решено было летом уехать ей в Самарские степи, где у папа было имение.",0,1,False,False,False,False,True,False,kept,9,0,Syntax
5705,7049,0.9585,1,0,acceptable,unacceptable,Он не ест каши.,Он не будет есть каши.,1,2,False,False,True,True,True,False,removed_b,7,0,Semantics
381,3809,0.9583,0,1,unacceptable,acceptable,У этой комнаты пять метров в ширину.,Эта комната имеет пять метров в длину и четыре метра в ширину.,3,1,True,True,True,False,False,True,removed_a,35,Semantics,0
3105,3864,0.958,0,1,unacceptable,acceptable,"Я не принимаю то, как они живут.","Я считаю недопустимым жить так, как они живут.",2,0,True,False,True,False,False,False,removed_a,21,Semantics,0
6571,7039,0.9579,1,0,acceptable,unacceptable,Пара валенок готовится три дня!,Пара валенков готовится три дня!,0,2,False,False,False,True,True,False,removed_b,2,0,Morphology
3105,3249,0.9579,0,1,unacceptable,acceptable,"Я не принимаю то, как они живут.","Мне не нравится то, как они живут.",2,1,True,False,True,False,False,True,removed_a,9,Semantics,0
3689,5462,0.9579,1,0,acceptable,unacceptable,"Скажи, а нельзя постараться, чтобы Сухой Рыбак обидел Ваню как-нибудь иначе?","Скажи, а нельзя постараться, чтобы Сухой Рыбак не обидел Вани?",0,2,False,False,False,True,True,False,removed_b,20,0,Semantics
6706,8128,0.9573,0,1,unacceptable,acceptable,У меня есть старые родители.,У меня есть родители.,3,1,True,True,True,False,False,True,removed_a,7,Semantics,0
5576,8392,0.9572,1,0,acceptable,unacceptable,Он стоял совсем близко от меня.,Он подошел рядом со мной.,1,3,False,False,True,True,True,True,removed_b,20,0,Semantics
2044,7804,0.9572,1,0,acceptable,unacceptable,"Обнаруживается, что преступник на свободе.","Вчера обнаруживается, что преступник на свободе.",1,3,False,False,True,True,True,True,removed_b,7,0,Semantics
975,6537,0.9566,0,1,unacceptable,acceptable,"Зина считает, что очень нужно ему в очереди стоять.",Очень нужно ему в очереди стоять! - сказала Зина.,1,0,False,True,False,False,False,False,kept,35,Semantics,0
5231,7214,0.9557,0,1,unacceptable,acceptable,Этот в был очень тяжелым.,Этот мой был очень тяжелым.,1,2,False,True,False,True,False,True,removed_b,3,Syntax,0
2808,3601,0.9553,1,0,acceptable,unacceptable,Он поцеловал ее трижды.,Он сейчас трижды целует ее.,1,2,False,False,True,True,True,False,removed_b,20,0,Semantics
110,2848,0.9551,0,1,unacceptable,acceptable,"Я случайно стоял поодаль и слышал, что он сказал.","Я стоял около него и случайно слышал, что он сказал своему адъютанту.",3,1,True,True,True,False,False,True,removed_a,38,Semantics,0
2596,8071,0.9551,1,0,acceptable,unacceptable,Он вскоре понял свою ошибку.,Вскоре он не понял свою ошибку.,1,3,False,False,True,True,True,True,removed_b,10,0,Semantics
3555,5793,0.9549,0,1,unacceptable,acceptable,Он сидел близко от меня и плакал.,Она сидела рядом со мной и плакала.,3,1,True,True,True,False,False,True,removed_a,14,Semantics,0
4576,8499,0.9547,0,1,unacceptable,acceptable,Левой рукой он судорожно хрустел бумажками.,Левая рука его сжимала хрустящую бумажку.,2,1,True,True,False,False,False,True,removed_a,22,Semantics,0
5410,5808,0.9546,0,1,unacceptable,acceptable,"Я уверен, что он возможно прав.","Я думаю, что он, несомненно, прав.",1,1,False,False,True,False,False,True,kept,15,Semantics,0
1077,3603,0.9544,1,0,acceptable,unacceptable,Она приняла на себя редактирование всего сборника.,Она приняла редактирование сборника.,0,1,False,False,False,True,False,False,kept,14,0,Semantics
1432,2301,0.9543,1,0,acceptable,unacceptable,Сейчас картина была вывезена в Америку и продана музею.,Сейчас картина была вывезена в Америку.,1,3,False,False,True,True,True,True,removed_b,16,0,Semantics
4373,7582,0.954,0,1,unacceptable,acceptable,Рядом с местом стула лежал коврик.,"Рядом с тем местом, где стоял стул, лежал маленький коврик.",3,1,True,True,True,False,False,True,removed_a,26,Semantics,0
3068,4816,0.9537,0,1,unacceptable,acceptable,Я имею деньги в кармане.,В моем кошельке есть много денег.,3,1,True,True,True,False,False,True,removed_a,23,Semantics,0
668,5410,0.9535,1,0,acceptable,unacceptable,"Я думаю, что он прав.","Я уверен, что он возможно прав.",1,1,False,False,True,False,False,True,kept,15,0,Semantics
6311,7717,0.9535,1,0,acceptable,unacceptable,Он ищет какую-нибудь интересную пьесу на современную тему.,Я ищу какую-то интересную пьесу по современной тематике.,0,2,False,False,False,True,True,False,removed_b,19,0,Semantics
2696,3600,0.9533,1,0,acceptable,unacceptable,Муж собирается просить Лену разрешить ему поехать туда одному.,Лена просит мужа позволить ей ездить туда одна.,1,3,False,False,True,True,True,True,removed_b,33,0,Syntax
2023,5873,0.9532,1,0,acceptable,unacceptable,"Тогда появятся новые, более совершенные машины, и кто-нибудь будет иметь счастье работать с ними.","В это время появились новые более совершенные машины, и кто-ни будь имел счастье работать с ними.",0,0,False,False,False,False,False,False,kept,23,0,Semantics
3148,4476,0.9526,1,0,acceptable,unacceptable,"Они зайдут, а ты спрячешься.","Я хочу, чтобы они зайдут, а ты спрячешься.",1,1,False,False,True,False,True,False,kept,15,0,Syntax
2436,5388,0.9522,1,0,acceptable,unacceptable,"Я чувствую, что он прав.","Он прав, я понимают.",1,2,False,False,True,True,False,True,removed_b,18,0,Semantics
75,1746,0.952,0,1,unacceptable,acceptable,Трон достался убийце своего брата.,"Трон достался Глостеру, убийце своего брата.",2,0,True,True,False,False,False,False,removed_a,10,Syntax,0
1118,6977,0.9518,1,0,acceptable,unacceptable,Она выразила ему свое презрение.,На ее лице выразилось презрение ему.,0,2,False,False,False,True,True,False,removed_b,22,0,Semantics
229,1182,0.9514,0,1,unacceptable,acceptable,Резко он не затормозил.,Резко он не тормозит.,3,1,True,True,True,False,False,True,removed_a,3,Semantics,0
3344,6123,0.9513,0,1,unacceptable,acceptable,Сейчас как раз есть одно из занятий по английскому языку.,У меня сегодня занятия по английскому языку.,2,1,True,True,False,False,False,True,removed_a,22,Semantics,0
2500,3024,0.9513,0,1,unacceptable,acceptable,"Я видел желтое пятнышко, но не понял, что это оно.","Я заметил это желтое пятнышко, но не придал ему значения.",3,1,True,True,True,False,False,True,removed_a,24,Semantics,0
1358,5588,0.9512,0,1,unacceptable,acceptable,Я понял его как военного.,Я принял его за военного.,2,0,True,True,False,False,False,False,removed_a,4,Semantics,0
5827,6538,0.951,0,1,unacceptable,acceptable,Вы уже дали отчет?,Вы уже написали отчет?,3,2,True,True,True,False,True,True,removed_both,5,Semantics,0
4018,5043,0.9509,1,0,acceptable,unacceptable,"Если все они могут это сделать, то зачем приглашать какого-то знаменитого специалиста.","Если все инженеры могут выполнить эту работу, то зачем приглашать какого-то знаменитого специалиста.",0,2,False,False,False,True,True,False,removed_b,23,0,Semantics
5616,8472,0.9506,1,0,acceptable,unacceptable,Миша и Коля купили вчера книгу.,"Вчера Миша купили книгу, а Коля компакт-диск.",1,2,False,False,True,True,False,True,removed_b,31,0,Syntax
165,3068,0.95,1,0,acceptable,unacceptable,В моем кошельке много денег.,Я имею деньги в кармане.,1,3,False,False,True,True,True,True,removed_b,19,0,Semantics
