premise,hypothesis,label,original_split
"Женщину доставили в больницу, за ее жизнь сейчас борются врачи.",Женщину спасают врачи.,entailment,train
"Он проводит невидимую грань между настоящим и будущим. В эти минуты все мы подводим главные итоги года, вспоминаем самые важные события. В эти мгновения мы с волнением ждем добрых перемен.",В эти минуты все мы подводим друг друга.,not_entailment,train
"Мужчина рассказал: детская коляска, принадлежащая его семье, пропала прямо из подъезда. Как выяснили полицейские, коляску украл сосед мужчины. Он был пьян, и ему нужны были деньги.",Сосед часто крадет детские коляски ради денег.,not_entailment,train
"Я просто об этом даже не думаю, потому что если кто-то что-то захочет, никуда не спрячешься.",Спрятаться не удастся.,entailment,train
"В ходе проверки нашли дома с наледью и сосульками на крышах. Информацию о них передали коммунальщикам. Во избежание несчастных случаев спасатели рекомендуют гражданам быть осторожней, а коммунальщикам – оперативней, при выходе из зданий советуют смотреть на крыши и, по возможности, обходить края зданий.",Все сосульки с крыш были сбиты.,not_entailment,train
"Автор поста написал в комментарии, что прорвалась канализация.",Автор поста написал про канализацию.,entailment,train
"""В свою очередь Владимир Путин в ходе совещания сообщил, что необходимо понимать, с какими поставщиками работают предприятия, которые дают окончательную продукцию. """"Там десятки тысяч поставщиков, но нам нужно понимать, что это за поставщики, чтобы это были те предприятия, которые в состоянии решать соответствующие проблемы, чтобы нам была понятна их рентабельность, чтобы распределение прибыли было понятным и прозрачным"""", - сказал премьер. По его словам, это необходимо, потому что когда неизвестны все схемы поставщиков, министерству обороны практически невозможно разобраться в конечной цене продукции.""",Путин хочет понятности и прозрачности в распределении прибыли у поставщиков оборонных предприятий.,entailment,train
"Ходатайство о продлении заявила адвокат задержанной, отметив, что следствием не были предоставлены документы, характеризующие личность задержанной.",Адвокат задержанной отметила отличную работу следствия.,not_entailment,train
"""Возраст людей определить не смог. Их лица были закрыты капюшонами, - рассказал журналисту """"Комсомольской правды""""-Саратов один из автолюбителей, проезжавших на мосту. - Со стороны обоих городов образовалась пробка, так как прибывшие машины спасателей и полиции перегородили полосу движения.""",Люди прятали лица под капюшонами.,entailment,train
"Родительских прав мать не лишена. Пока. А в парадном девочка оказалась, потому что дома она мешала матери выпивать.",Дочь мешала маме пить.,entailment,train
"Музей, расположенный в Королевских воротах, меняет экспозицию. На смену выставке, рассказывающей об истории ворот и их реставрации, придет «Аптека трех королей». Как рассказали в музее, посетители попадут в традиционный интерьер аптеки.",Музей закроется навсегда.,not_entailment,train
"27 декабря в полицию обратилась жительница Димитровграда, которая сообщила, что стала жертвой мошенников. Она рассказала полицейским, что ей позвонил якобы сотрудник банка. Он сообщил, что, поскольку женщина является их постоянным клиентом, ей положена компенсация.",Сотрудник банка пообещал женщине компенсацию.,not_entailment,train
"""""""Несмотря на то, что в деле имеется инструкция охранников ХХС, они ничего не сделали, чтобы задержать девушек. А почему? А потому что не было никакого преступления"""".""","Охранники ничего не сделали, чтобы задержать девушек.",entailment,train
"Врачи поставили ей диагноз: «алкогольное опьянение». Данным фактом заинтересовалась областная прокуратура. - В настоящее время проводится проверка, выясняются подробности происшествия, а также при каких обстоятельствах был приобретен алкогольный напиток.","Прокуратура выясняет, кто именно купил алкоголь.",not_entailment,train
"Как сообщили в региональном министерстве образования, в состязаниях примут участие спортсмены спортивных и туристских клубов, образовательных организаций области.",В состязании примут участие спортсмены различных организаций.,entailment,train
"Предприниматели продолжают устанавливать незаконные постройки, однако власти города на примере Сенной площади уже доказали, что лучше не спорить и убрать свое добро самостоятельно.",Предприниматели иногда возводят строения незаконно.,entailment,train
"""""""Законопроект, безусловно, полезный и крайне своевременный, поскольку блокировать следует не только порнографические сайты, но и ресурсы экстремистской направленности"""".""","Блокировать следует и сайты, и ресурсы.",not_entailment,train
"""""""Есть отдельное правило для """"Эха Москвы"""", отдельное правило для """"Новой газеты"""", отдельное правило для New Times (журнал The New Times - ИФ). Почему? Потому что маленькая аудитория"""".""",Маленькая аудитория - причина появления отдельных правил.,entailment,train
"При проверке обнаружили два сайта в сети Интернет, на которых размещена информация о продаже по низким ценам дубликатов элитных марок алкоголя дистанционным способом, - говорят в пресс-службе прокуратуры Брянской области.","Проверка обнаружила в Сети два сайта, предлагающих дубликаты элитного алкоголя.",entailment,train
"Судно прибывает в сочинский порт за 7 часов. В то же время, билет на самолет до Сочи в летнее время стоит 3 тысячи, а время в пути – чуть меньше часа.",Судном до Сочи добираться быстрее.,not_entailment,train
"""""""Мы, к сожалению, не слышали каких-то заявлений, связанных с этим судебным процессом, и особо за ним не следим, честно говоря"""".""",Судебный процесс идет.,entailment,train
"Правда, некоторые даже не подозревают, что на них что-то висит.",Некоторые подозревают что на них что-то висит.,entailment,train
"""Ей позвонил человек, представился сотрудником Пенсионного фонда и предложил подключить ей услугу """"Мобильный банк"""".""",Ей позвонил какой-то неизвестный человек.,entailment,train
"В день президентских выборов американские избиратели отдают свои голоса выборщикам, которые назначаются партийными съездами на уровне штатов, их количество определяется числу представителей каждого штата в конгрессе (сенате и палате представителей). Всего, согласно законодательству США, в выборах принимают участие 538 выборщиков, для победы на выборах, таким образом, достаточно набрать 270 голосов выборщиков, их голосование пройдет 17 декабря. Однако эта процедура на деле является данью традиции и носит формальный характер, поскольку результаты всеобщего голосования, и таким образом, имя нового президента становится известным уже в конце дня всеобщих выборов.",538 выборщиков принимают участие в выборах в США.,entailment,train
"Представитель внешнеполитического ведомства отметил, что злоумышленника задержали местные власти.",Злоумышленник напуган.,not_entailment,train
"""ЛГБТ-активисту Николаю Алексееву, который был признан виновным в пропаганде гомосексуализма, стоит обратиться в Конституционный суд РФ, считает член Общественной палаты РФ, президент адвокатской палаты Москвы Генри Резник. """"Николаю Алексееву надо идти обжаловать вынесенное решение в кассационном суде, а затем обращаться в Конституционный суд, который, скорее всего, признает питерский закон о запрете пропаганды гомосексуализма неконституционным"""", - сказал Резник в пятницу """"Интерфаксу"""". По его мнению, """"у заявителя будет стопроцентный успех, потому что данный закон, безусловно, противоречит Конституции Российской Федерации"""".""",Адвокат Генри Резник снял с ЛГБТ-активиста обвинения в пропаганде гомосексуализма.,not_entailment,train
"Когда прибыли пожарные, дом был полностью охвачен огнем. Спасатели обнаружили в комнате на полу сильно обгоревшее тело мужчины. Известно, что мужчина нигде не работал, накануне употреблял спиртные напитки.",Тело мужчины слегка обгорело.,not_entailment,train
"Сельский врач предложил ей таблетки, но она попросила сделать ей инъекцию антибиотика. Со слов доктора, он убедился, что в ампуле действительно антибиотик, и сделал укол. Самочувствие женщины резко ухудшилось, и она умерла.","Сельский врач предложил ей таблетки, но она выбрала смертельный укол.",entailment,train
"Прокуратура установила, что зарплату за липового сотрудника получала его жена — заведующая детским садом №83.",У заведующей был липовый сотрудник.,entailment,train
"Как установили стражи порядка, злоумышленники действовали по заранее разработанной схеме. На сайте бесплатных объявлений подбирали предложение о продаже недвижимости или авто. Звонили продавцу, предлагали предоплату.",Схему злоумышленники придумывали на ходу.,not_entailment,train
"Родственники жили в одном доме, но отношения не складывались.",Родственники перестали жить в одном доме.,not_entailment,train
"На большей части региона пройдет небольшой снег, а морозы вновь начнут усиливаться.",Повсюду пройдет снег.,not_entailment,train
"На вопрос классного руководителя о причинах их появления мальчик ответил, что подрался со старшим братом.",Мальчик проигнорировал вопрос классного руководителя.,not_entailment,train
"Как рассказали в краевой полиции, еще летом прошлого года молодой человек за денежное вознаграждение осуществил фиктивную постановку на учет шести иностранных граждан, указав в месте пребывания свой дом. В действительности граждане в этом жилом помещении не проживали. Обвиняемый объяснил, что решился на преступление, так как не имел постоянно работы и нуждался в деньгах.",Парень осуществил фиктивную постановку иностранцев на учет.,entailment,train
"Женщину доставили в больницу, за ее жизнь сейчас борются врачи.",Сейчас женщина в больнице.,entailment,train
"Оперативники установили подозреваемую в течение суток. Им удалось выяснить, что деньги украла соседка, которая приходила поздравить знакомую с новогодними праздниками. - Хозяйка квартиры сама рассказала, что получила крупную сумму денег и пояснила, где хранит купюры.",Соседка поздравила хозяйку квартиры с Новым годом и украла у нее деньги.,entailment,train
"""Медведев подчеркнул, что целью программы должно стать новое качество жизни на Дальнем Востоке, то есть современные условия труда и отдыха для всех жителей региона. Он заявил, что необходимо безотлагательно реализовывать эту программу. """"Надо начинать работать, потому что в целом основа программы добротная"""", - заявил глава правительства.""",Глава правительства одобрил основу программы.,entailment,train
"Методы анализа нитрофуранов в тканях животного и продуктах животного происхождения основаны именно на обнаружении этих веществ. Выраженные побочные явления, характерные для препаратов нитрофурановой группы, привели к запрету их использования при производстве пищевых продуктов. Однако во многих странах эти вещества предпочитают анализировать с помощью иммуноферментного метода анализа, поскольку он чувствителен и при этом прост.",Во многих странах предпочитают иммуноферментный анализ для синтеза этих веществ.,not_entailment,train
"""""""Им будет предоставлено, уже сейчас вопрос решен, жилье"""", - сказал В.Голубев. """"Основная часть работ, несомненно, это остекление, некоторые виды ремонта и наведение порядка, может быть, уже в дворовых территориях. Потому что есть места, которые залиты маслом"""", - рассказал губернатор.""","Есть места, залитые маслом.",entailment,train
"""""""В магазинах очереди"""", - рассказала агентству одна из очевидцев, приехавших из Краснодара. Пожилая женщина рассказала, что когда началось наводнение, в доме кроме нее были только двухлетний внук, кошка и собака. Она их подняла на крышу сарая, а сама туда забираться не стала, поскольку побоялась обрушения.""",В Краснодаре землетрясение.,not_entailment,train
"Четыре сотрудника получили травмы различной степени тяжести, одного даже пришлось госпитализировать.",Четыре сотрудника травмированы.,entailment,train
"При проверке выяснилось, что заказы на «опасный» товар принимаются через интернет.",«Опасный» товар не купишь в Сети.,not_entailment,train
"Исследователи отмечают, что такое развитие ситуации может во много раз увеличить в море содержание ртути.",В море будет больше ртути.,not_entailment,train
"В Кировской области увеличилось количество коррупционных преступлений, вместе с тем выросла и средняя сумма взятки.",Коррупция в Кировской области на подъеме.,entailment,train
"Владельцы сайта быстро завербовали молодого человека, и тот согласился работать.",Молодой человек был завербован быстро.,entailment,train
"""""""Язык – это, совершенно точно, для иностранцев самая большая проблема. В Москве никто не говорит по-английски. Для меня это не было такой уж проблемой, так как я немного говорю по-русски"""".""",В Москве многие чисто говорят по-английски.,not_entailment,train
"""В то же время, по его словам, Россия будет учитывать опыт проведения лондонской церемонии. """"Мы все, что происходило, оценивали исходя из перспектив будущего, нашей церемонии, которая будет в 2014 году. Она, конечно, будет отличаться, потому что это зимняя Олимпиада"""".""","Он сказал, что опыт лондонской церемонии России не пригодится.",not_entailment,train
"Они поделились опытом работы своих первичных отделений, выказали предложения по усовершенствованию нормативно-правовой базы во всех сферах, задали вопросы руководителям министерств, ведомств, модераторам площадок. Я уверен, что они после съезда обязательно поделятся со своими коллегами своими впечатлениями от услышанного здесь. Сегодня на площадке, где я был - «Качество государства», как раз говорили про те требования, которые касаются совершенствования нашего законодательства на региональном и федеральном уровнях.",Они после съезда обязательно поделятся со своими коллегами своими впечатлениями от услышанного здесь.,not_entailment,train
"Там горожане могут купить хвойные деревья и лапник, пишет пресс-служба администрации.","В пресс-службе администрации планируют, что горожане будут покупать там хвойные деревья и лапник.",entailment,train
"Он обвинялся в убийстве жены, сообщается в пресс-службе областной прокуратуры.",Его обвиняли в смерти супруги.,entailment,train
"По информации правоохранительных органов, конфликт случился на дороге во Всеволожском районе, клирик вступил в перепалку и нанес травмы двум женщинам, с которыми не поделил дорогу. 6 сентября протодиакон Сергий Фрунза предпринял очередную попытку извиниться перед женщинами. Очередную, потому что он и его матушка уже несколько раз ходили извиняться.","Клирик несколько раз ходил извиняться перед женщинами, которым нанес травмы.",entailment,train
"""Боксер Денис Лебедев не исключил, что в команде Александра Поветкина есть предатель, который мог «подсыпать» ему допинг. Напомним, ранее стало известно, что перед боем за титул """"временного"""" чемпиона мира по версии Всемирного боксерского совета (WBC) с канадцем Бермейном Стиверном в допинг-пробе россиянина был обнаружен запрещенный препарат остарин. В результате бой был отменен, так как соперник отказался его проводить.""",Поветкину подсыпали допинг.,not_entailment,train
"""Как сообщалось, 15 шахтеров в понедельник 3 сентября отработали положенную смену - с 08:00 до 16:00, а по окончании смены не поднялись с горизонта минус 860 метров. Они требовали в том числе отменить незаконно введенный на предприятии ООО """"Рус-Инжиниринг"""", которое входит в """"РусАл"""" и обслуживает СУБР, скользящий график, а также повысить оклады. Ранее компания назвала действия участников акции незаконными, в том числе потому что """"шахта является объектом повышенной опасности и нахождение в ней без специальных нарядов категорически не допускается"""".""",Шахтеры протестуют на поверхности.,not_entailment,train
"О произошедшем правоохранителям сообщил 40-летний хозяин машины. В содеянном полицейские заподозрили 35-летнего местного жителя. Однако задержать его не удалось, потому что мужчина скрылся.",Подозреваемый скрылся.,entailment,train
"""Но в принципе, считаю, нам неизбежно придется когда-то отказываться и от некоторых из проинвестированных проектов. Потому что особенно по высокотехнологичным проектам рано или поздно может возникать очень коварная менеджерская альтернатива. Все понимают, что проект """"не пошел"""", но поскольку в него уже вложены средства, очень страшно назвать кошку - кошкой.""","""От """"мертвого"""" проекта трудно отказаться, когда в него уже вложены деньги.""",entailment,train
"Догадки стражей порядка подтвердились. Как выяснилось, вор продал украденное. Свою вину он отрицать не стал и даже указал, кому он сбыл аппарат.","Вор продал аппарат и скрыл, кому.",not_entailment,train
"В управлении пояснили, что рассмотрение дела отложено, так как комиссия антимонопольного органа запросила у сторон дополнительные документы по делу.",Дело рассмотрят прямо сейчас.,not_entailment,train
"Недавно здесь, у пересечения с улицей Трудовой, построили многоквартирный дом, а за конструкцией в виде парусника «прячется» детская площадка.",На Трудовой улице построили многоквартирный дом.,not_entailment,train
"""""""Будучи юристом, я неуклонно следовал правилу и принципу о конфликте интересов. Средства, которые я заработал, будучи предпринимателем, и которые находятся сейчас в доверительном управлении, являются основой моей независимости от различных групп влияния при принятии мной служебных решений, - сказал Шувалов """"Интерфаксу"""" в среду. - Перейдя на государственную службу, я вел себя, так как если бы правительство было для меня как для юриста его клиент"""".""","""""""Интерфакс"""" сказал, как использует заработанные средства.""",not_entailment,train
"После этого Цискаридзе обратился в полицию, которая незамедлительно прибыла на место. В ходе осмотра было установлено, что в отсутствие хозяина в его квартиру никто из посторонних не входил. Эксперты изъяли замки с обеих дверей для исследования, однако точно установить, была ли попытка взлома, скорее всего, не удастся, так как личинка внутренней двери полностью разрушена слесарем.",Полицейские вызвали Цискаридзе.,not_entailment,train
"«Министерство сегодня вызвало российского посла, чтобы повторить свой протест. Встречи между парламентариями – важная составляющая политических контактов», - приводятся слова главы МИД Бёрге Бренде. Он добавил, что отказ в визах вызывает сожаление, так как визит мог бы способствовать укреплению двусторонних отношений.",Визит мог бы способствовать укреплению двусторонних отношений.,entailment,train
"В суде установили, что у ООО «Бежицкие маршрутные такси» есть лицензия и два договора с администрацией на перевозку пассажиров по маршруту «улица Молокова – Бордовичский водозабор», - говорится на сайте арбитражного суда Брянской области.",ООО «Бежицкие маршрутные такси» действует в Брянской области.,entailment,train
"Таким образом, он решил отомстить фермеру, за то, что стал фигурантом уголовного дела, украв у него козу.",На него завели административное дело.,not_entailment,train
"""""""Будем участвовать в выборах (главы Химок - ИФ). Мы уже часть документов собрали, через несколько дней подадим на регистрацию и будем собирать подписи"""", - заявил он """"Интерфаксу"""" в понедельник. По его словам, у него есть несколько идей для предвыборной кампании: """"Например, все посты в правительстве будут занимать немцы, потому что наши чиновники все воруют"""".""",Предстоят выборы главы Химок.,entailment,train
"""По его мнению, """"оргкомитет просто не сможет удержать людей, чтобы не выступить в центре Москвы"""". По словам Удальцова, предложение провести митинг на Манежной площади не нашло понимания у представителей городской администрации. """"Другие варианты мы не стали предлагать, поскольку это привело бы к эскалации конфликта"""", - сказал он.""","По словам Удальцова, городская администрация против митинга на Манежной площади.",entailment,train
"""По словам контр-адмирала, судно, имевшее на борту оружие, зашло в территориальные воды Нигерии, не предупредив власти страны и тем самым нарушив местное законодательство. Между тем в Moran Security """"Интерфаксу"""" заявили, что считают задержание корабля необоснованным. """"Мы считаем этот арест необоснованным, потому что о заходе судна в порт было известно заранее"""".""",Судно задержали.,entailment,train
"Лиса забежала на водонапорную станцию «Малиновая гряда», где имела контакт с двумя служебными собаками «Нижегородского водоканала». Лабораторное исследование выявило у лисы бешенство. Из-за этого пришлось усыпить собак, с которыми она имела контакт.",На водонапорной станции лиса заразила собак бешенством.,entailment,train
"Автоматическая тормозная система реагирует соответствующим образом к аварийным ситуациям и управляет даже тормозами. Эта техника спасла жизни многих людей. Если бы системы не было на грузовике, жертв было бы больше.","Благодаря этой системе, обходится без жертв.",not_entailment,train
"Конец месяца – время покупать проездные билеты на следующий. С 26 декабря в продажу поступили абонементы на горэлектротранспорт. Правда, пассажирам придется раскошелиться, поскольку с первого января тарифы заметно возрастут.",Абонементы на горэлектротранспорт уже в продаже.,entailment,train
"Свои поступки женщина объяснила тем, что муж бросил бы ее, если бы она родила ему много детей. К 2006 г. в семье уже росли два ребенка. Личность осужденной сохранена в тайне, поскольку разглашение этой информации противоречит немецкой системе правосудия.",Муж не любил много детей.,entailment,train
"О случившемся она заявила в полицию. Когда супруг вернулся из командировки и обо всем узнал, то принял решение с женой расстаться. Официально они не развелись, но живут отдельно.",Супруги живут вместе.,not_entailment,train
"Новый пассажир оказался участковым уполномоченным. Опытным взглядом полицейский осмотрел соседей по салону и в двух женских лицах уловил знакомые черты. Он видел их раньше — в ориентировке на розыск, женщин подозревали в совершении карманных краж.",Участковый узнал всех в салоне.,not_entailment,train
"""Быстро через пустяковый, прореженный собравшимися коридор между полицейским кордоном и многотысячной людской пробкой, заканчивающейся у самой сцены, шел Илья Найшуллер, режиссер и музыкант, лидер группы Biting Elbows. Он, как и большинство встреченных мною, был и на Болотной площади - тогда точно также фотографировал митингующих, а после активно призывал прийти в Facebook - """"всех, кто готов был меня слушать"""". """"Потому что что-то не так, это очевидно"""".""",Илья Найшуллер был и на Красной площади.,not_entailment,train
"Пассажиры жалуются на то, что отсутствуют последние рейсы, в салонах грязь и холод, водители курят, не покидая салона, и проезжают мимо остановок, экипажи не помогают инвалидам попасть в салон.",Пассажиры хвалят последние рейсы.,not_entailment,train
"По словам президента, налог один из самых низких в мире. Средства с этого налога поступают в казну и распределяются на социальные нужды. Что касается сборов – я знаю, что происходит, но не знаю этого в деталях.","Средства, собранные с помощью этого налога, идут на социальные нужды.",entailment,train
"Ежедневно в плотины поступает всё больше и больше воды, что не может не радовать.","Вчера в плотины поступало не так много воды, как сегодня.",entailment,train
"Белорусского туриста, который возвращался в гостиницу после отдыха в одном из миланских баров, избили и ограбили.",В Италии ограбили белорусского туриста.,entailment,train
"В ближайшее время специалисты займутся разработкой сайта Центрального парка, где можно будет найти информацию по всем объектам места отдыха и событиям, проходящим там.",Сайт Центрального парка разработают специалисты.,entailment,train
"182 УК РФ (незаконное использование сведений, составляющих коммерческую тайну, без согласия их владельца лицом, которому она стала известна по работе, совершенное из корыстной заинтересованности). Ровно год - с марта 2015 г. по март 2016 г. обвиняемая, работница банка, имела доступ к полной базе данных лиц, которые когда-либо туда обращались.",Обвиняемая хотела устроиться на работу в банк.,not_entailment,train
"После этого Цискаридзе обратился в полицию, которая незамедлительно прибыла на место. В ходе осмотра было установлено, что в отсутствие хозяина в его квартиру никто из посторонних не входил. Эксперты изъяли замки с обеих дверей для исследования, однако точно установить, была ли попытка взлома, скорее всего, не удастся, так как личинка внутренней двери полностью разрушена слесарем.",Квартиру Цискаридзе не пытались взломать.,not_entailment,train
"Мужчина рассказал, что отмечал с друзьями «старый» Новый год.","""Мужчина рассказал, с кем отмечал """"старый"""" Новый год.""",entailment,train
"Фотографии процесса демонтажа уже появились в социальных сетях, и, комментируя их, горожане спрашивают: что же будет построено на этом месте?",Горожане игнорируют фото демонтажа в соцсетях.,not_entailment,train
"На этот раз они взяли еду: шоколадки, соки и жвачки, общей суммой на триста рублей. Подозреваемых быстро нашли. Как оказалось, они являются студентами техникума и приехали домой на каникулы.",Студенты техникума украли шоколадки.,entailment,train
"Отдавать их он не спешил. Да и имущества за предпринимателем официально никакого не числится – гол, как сокол, взыскать вроде как нечего. При этом петербуржец является генеральным директором страховой компании и организации, которая занимается добычей и обогащением железных руд.","Предприниматель гол, как сокол.",not_entailment,train
"""""""Терпеть не могу различных интриг и подковерных игрищ"""", - сказал он. Шойгу добавил, что гордится временем, которое провел в МЧС, и тяжело переживает скорое расставание с ведомством. """"Тяжело будет прощаться с министерством, но я не хочу развивать эту тему, так как это неправильно, это все там - внутри"""", - заключил он.""",Шойгу переживает расставание с ведомством.,entailment,train
"""""""Я вместе с другими адвокатами с 13:00 нахожусь у СИЗО """"Лефортово"""" и пытаюсь пройти к своему доверителю Развозжаеву. Некоторое время назад к нам вышел заместитель начальника изолятора, который сообщил, что созвонился со следователем и тот дал ему указание не пускать к Развозжаеву адвокатов, так как они не допущены к делу"""", - сообщила """"Интерфаксу"""" защитница Виолетта Волкова. По ее словам, это абсолютно незаконно, так как в материалах дела есть ее ордер.""","""""""Интерфакс"""" не дозвонился до Виолетты Волковой.""",not_entailment,train
"""Сергей Удальцов своей вины не признал, он заявил, что все обвинения в его адрес незаконны. """"Я считаю, что обвинения мне предъявлены незаконно, потому что я был задержан до официального завершения митинга, в 21:55. Соответственно претензии о том, что планировалось шествие, несостоятельны, так как любые действия должны оцениваться по факту совершения, а не по предположению"""".""",Сергея Удальцова задержали во время шествия.,not_entailment,train
"Но из-за сложного материального положения он не смог вернуть деньги. Вскоре, ему стали звонить коллекторы, они требовали вернуть долг. Звонки не прекращались долгое время, а потом звонить стали на телефон его мамы.",Коллекторы перестали звонить ему.,not_entailment,train
"Он заступился за незнакомку, и в результате ему самому потребовалась помощь врачей.",Он вступился за незнакомку и умер.,not_entailment,train
"Так как вёл себя он не как самый трезвый участник дорожного движения, то полицейские провели медицинское освидетельствование. Оно показало, что в крови задержанного действительно был алкоголь. Позже выяснилось, что меньше года назад мужчину уже штрафовали за подобное нарушение.",Полицейские проверили здоровье водителя.,not_entailment,train
"""""""Мы в ежедневном формате с коллегами в Турции держим связь, никаких инцидентов нет, паник нет среди российских граждан и российских туристов. Абсолютно спокойная ситуация. Кончено, есть напряжение, потому что это крайне шокирующая новость"""".""",Новость оказалась крайне шокирующей.,entailment,train
"Магазин, который горит, находится вблизи жилого района, жители которого эвакуированы, ни один человек не пострадал. Дым от пожара распространился к морю. Женщина, которая живет рядом с местом пожара, рассказывает, что ее дом, который является украшением города, вероятно, также горит.",Неподалеку от моря горит магазин.,entailment,train
"В одном из интернет-магазинов она заказывала продукты. Спустя пару дней после получения товара ей позвонил неизвестный, который представился сотрудником отдела обслуживания клиентов интернет-магазина и поинтересовался качеством купленного товара. Женщина ответила, что продукты ей не понравились.",Женщине понравились продукты.,not_entailment,train
"Удар пришелся в грудную клетку. Женщина сама вызвала мужу скорую и полицию. Мужчину госпитализировали, но медики не смогли спасти ему жизнь.",Медики вызвали полицию.,not_entailment,train
"В ведомстве отмечают, что ранее подозреваемый уже был судим за кражу. Злоумышленник во всем признался и написал явку с повинной. На допросе он рассказал, что один из похищенных телефонов потерял, другой продал, а деньги потратил.",Злоумышленник растрачивал чужие деньги.,not_entailment,train
"""Ударить завтраком по гриппу. Главный прием пищи – это завтрак. С этим мнением согласен Геннадий Онищенко. Он рекомендует всегда """"выходить на улицу, позавтракав, поскольку голодный желудок - не лучший помощник в преодолении гриппа"""".""",Онищенко лечит грипп завтраком.,not_entailment,train
"""""""Насколько мне известно, они мало чем отличаются от рекомендаций, которые давали специалисты из нашей страны, которые давали консультации по неврологии и нейрохирургии"""", - сообщила Моисеенко. Она, однако, уклонилась от ответа на вопрос можно ли говорить о том, что диагноз немецких врачей совпадает с диагнозом, который ранее поставили украинские медики. """"Я не могу обсуждать этот вопрос, потому что это предварительные выводы.""","Диагноз немецких врачей совпадает с диагнозом, который ранее поставили украинские медики.",not_entailment,train
"В продуктовом магазине на улице Суворова продают подозрительно дешевый алкоголь. Силовики провели контрольную закупку и выяснили, что алкоголь в павильоне продавали без специальной лицензии.",Дешевый алкоголь оказался нелицензированным.,entailment,train
"""""""Сначала на протяжении года мы пытались проверить, есть ли возможность напрямую достучаться до россиян. Мы также пытались получить поддержку некоторых наших союзников, организаций, к которым мы принадлежим"""", - сказал министр иностранных дел Польши Витольд Ващиковский. Он отметил, что """"так как этому делу уже семь лет, наши возможности исчерпаны"""".""",Витольд Ващиковский увидел новую возможность.,not_entailment,train
"Инцидент произошел в Нижнекамске в ночь на субботу. В ЦРБ доставили 39-летнего мужчину с ножевым ранением в живот. Медики вызвали полицейских, так как было ясно, что на потерпевшего напали.",На потерпевшего напали.,entailment,train
"На этих территориях ввели ограничения по перевозке птицы, кормов и добавок. Сейчас в муниципалитете ведется вакцинация птиц. Вскоре специалисты возьмут анализ крови пернатых, которым противовирусные прививки делали в октябре прошлого года.","В октябре прошлого года птиц вакцинировали, в этом только берут анализ крови.",not_entailment,train
"""""""Я попросил их продолжать работу и не снижать темпов, крайне противно было"""", — посетовал глава президентской администрации. """"Ну, терпел. Я не подавал виду, потому что я понимал, что если я начну подавать вид, это приведет к настороженности и попытке замести следы"""", — добавил он.""","Глава президентской администации признался, что не хотел вызвать настороженность и попытки замести следы.",entailment,train
"""""""Система аккредитации - это ключевой инструмент допуска на рынок. Мы сейчас готовим закон об аккредитации, который весной хотим внести в Госдуму"""", - сказала она. """"Этот закон очень важен, потому что он будет предусматривать переход на международные стандарты аккредитации"""", - сказала она.""",Она ждет весну.,entailment,train
"Мурманскую область в финале соревнования представляла 25-летняя Кристина Белова из Кандалакши. Северянка дошла до Топ-24 самых обаятельных девушек страны, успев поучаствовать в общем выходе и дефиле в купальниках.",Жюри соревнования видело Кристину Белову в купальнике.,entailment,train
"В Сомали в прошлом году было потрачено 120 млн. долларов, и мы кормили  более 1 млн. человек, так как там происходили и конфликты, и стихийные бедствия.",Мы ездили в Сомали в прошлом году.,not_entailment,train
"Водитель предположительно погиб. Его не нашли. В настоящее время место, где ранее предполагалось оборудовать ледовый переезд, закрыли.",Погибшим водителя не нашли.,entailment,train
"Суд в китайском Цзинане приговорил опального политика Бо Силая, обвиняемого в коррупции и злоупотреблении властью, к пожизненному сроку, сообщает британская телерадиовещательная корпорация Би-би-си.",Китайский политик получил пожизненное за коррупцию и злоупотребление властью.,entailment,train
"""Целый оружейный арсенал, на который вышли полицейские, вывел на след предполагаемых убийц.""",Полицейские организовали арсенал.,not_entailment,train
"Как считают силовики, руководитель на протяжении трех месяцев не платил своим сотрудникам зарплату, различные пособия и иные выплаты, которые причитаются гражданам согласно закону.","Силовики предполагают, что сотрудники не получили от руководителя положенных выплат.",entailment,train
"Они не знают обидчиков. - По словам потерпевших, накануне около четырех часов дня на них напали трое неизвестных подростков и избили. По данному факту проводится проверка, - рассказывает источник в правоохранительных органах.","Потерпевшие уверяют, что нападавших было трое.",entailment,train
"Прошу подойти ответственно к этому вопросу. Поставить галочку и забыть — не выйдет. Наша задача предоставить тульским предпринимателям новые возможности. Что губернатор сказал про медицину, читайте здесь.",Вопрос требует второго подхода.,not_entailment,train
"""В среду в эфире программы """"Авторитет"""" на радио """"Комсомольская праввда"""" - Калининград Андрей Горохов признался, что после поражения в праймериз, у него были возможности участвовать в выборах от других партий. - У меня было много предложений от других партий, - сказал Горохов. - Я их не принял, поскольку считаю что это неправильно.""",Горохов ушел в другую партию.,not_entailment,train
"""Напомним, Павел Ипатов, возглавлявший Саратовскую область с апреля 2005 г., ушел  в отставку 23 марта по собственному желанию. Он заявил тогда, что отставка была плановой: """"Не хочу комментировать то, что произошло. Это плановые действия, и я не считал нужным говорить об этом ранее, так как был связан словом"""".""",23 марта Павел Ипатов всегда планово уходит в отставку.,not_entailment,train
"""""""Жизнь"""" дороги зависит от работы тех, кто ее строит.""","""Работа строителей дороги влияет на ее """"жизнь""""..""",entailment,train
"Ипотека в структуре их кредитных портфелей достигла трети к концу прошлого года, что является историческим максимумом.",Ипотека не достигла исторического максимума в кредитных портфелях.,not_entailment,train
"В ограблении кафе на Ладожском вокзале пострадала несовершеннолетняя девушка, которая была здесь на стажировке.",Кафе на Ладожском вокзале ограбили.,entailment,train
"""Ее тело нашли прохожие во дворе дома №18 по Комендантскому проспекту. Она была в крови, вся в ссадинах, с переломами. """"Скорую"""" вызывать не стали, сразу позвонили в полицию.""","""Ей вызвали """"Скорую"""".""",not_entailment,train
"Он присутствовал на мероприятии не в качестве гостя, а выступил в роли циркового артиста.",Он был главным зрителем на мероприятии.,not_entailment,train
"В Липецкой области ищут серийного вора и мошенника, который гастролирует по регионам.",Серийный вор и мошенник гастролирует по регионам.,entailment,train
"""Но не одновременно. По ночам он участвует в пятиминутных ограблениях, строго ограничиваясь именно этим временем, не задерживаясь нигде и ни при каких условиях, не трогая деньги, и не соблюдая """"пацанские кодексы чести"""". Только потому что это его работа, а на такой работе он не дружит.""",Он грабит по ночам.,entailment,train
"На заседании областного Совета при губернаторе по развитию физической культуры и спорта чиновники отметили, что прошедший год был для отрасли успешным.",Чиновники довольны итогами года.,entailment,train
"Российские законодатели напомнили, что российские сироты не окажутся в однополых британских семьях, поскольку это запрещает недавно принятый в России закон.",Недавно принятый в России закон не позволит британским однополым парам воспитывать российских сирот.,entailment,train
"""""""В нашей группе компаний идея объединенного чемпионата даже не обсуждалась. Может, где-то в курилке. Только я об этом не ведаю, поскольку не курю"""".""",Я курю только в курилке.,not_entailment,train
"У троих участников драки диагностированы различные травмы. Что интересно, в полиции все они заявили, что претензий друг к другу не имеют.",Участники драки остались довольны друг другом.,entailment,train
"«Мясо конины, обрезки с голов, мясо не прошедшее ветеринарную лабораторию, вместо мяса здоровой туши говядины! В столовых помещениях при варке этого мяса стоит ужасная вонь! Кладовщики и рабочие боятся жаловаться, так как их сразу уволят!», - говорится в сообщении.",Кладовщики боятся жаловаться.,entailment,train
"Президент напомнил, что апеллировать при этом необходимо к Государственной Думе, потому что амнистию объявляет парламент, а не президент.","Президент напомнил, кто объявляет амнистию.",entailment,train
"""""""Ощущение такое, что ни у кого нет никакого аппетита на предмет внешнего вторжения. Даже иногда кажется, что они молятся, чтобы Россия и Китай продолжали блокировать санкцию на внешнее вторжение. Потому что как только санкция будет, они будут действовать, а там никто не готов действовать"""", - сказал Лавров, который после саммита Россия-ЕС пообщался с журналистами в самолете по пути в Москву.""","Санкция на инопланетное вторжение то есть, то нет.",not_entailment,train
"Министр отметил, что вопрос сейчас стоит в другом. - Должна вестись системная работа с женщиной и семьей. И я считаю, что уговоры женщин сохранить плод – это, конечно, не репродуктивное насилие, - подчеркнул министр.","Министр за то, чтобы уговаривать женщин сохранить плод.",entailment,train
"Он один из первых прибыл на место трагедии, сразу встретился с очевидцами, соседями по даче, сторожами дачного комплекса.",Случилась трагедия.,entailment,train
"А теперь взялись воевать между собой. Как в автобус не сяду, водители только одно и делают: выясняют по телефону, кто кого обогнал, - возмущаются местные жители.",Водители автобусов играют в шашки.,not_entailment,train
"Ими оказались двое безработных жителей Советского района – 24 и 28 лет, старший из которых трижды судим за кражу, грабеж и мошенничество. Задержанные уже признались в пяти кражах. Но похищенное, к сожалению, владельцам не вернут, так как воры успели сдать награбленное в скупку, а вырученные деньги потратить.",Похищенное владельцам не вернут.,entailment,train
"""""""Скорее всего, это была проверочная закладка с целью изучения действий оперативных служб в подобных ситуациях"""", - предположил источник. Однако, как сообщил позже журналистам начальник ГУ МВД по Москве Владимир Колокольцев, угроза взрыва была ложной, просто """"гражданин оставил свою машину и ушел по своим делам"""". """"Было основание полагать, что эта машина несет угрозу, так как на заднем сиденье была бочка с краской, - сказал он.""",Машина несла угрозу.,not_entailment,train
"""Придавило ногу мужчине 1968 года рождения. Сотрудники аварийно-спасательной службы Мурманской области оказали ему помощь и передали работникам скорой, - поведала """"КП"""" пресс-секретарь регионального МЧС Наталья Козырева. Скорее всего, пострадавший северянин остался жив, так как данные о нем не поступали в следственный комитет.""",Северянина передали полицейским.,not_entailment,train
"Искренне разделяем Вашу боль и передаем слова сочувствия и поддержки Вам и Вашим родным. Примите наши искренние соболезнования. В эту горькую минуту разделяем Ваше горе, скорбим вместе с Вами.",Кто-то выздоровел.,not_entailment,train
"Вас ждет добрая и поучительная сказка о мире волшебства, где юные волшебники, попадая в сложные испытания, справляются со всеми выкрутасами мага страны мыльных пузырей и празднуют торжество добра, дружбы и справедливости!",Вас ждет сказочная история.,entailment,train
"Как сообщают очевидцы в социальных сетях, в Новом городе на пересечении проспектов Ленинского Комсомола и Ульяновского лоб в лоб столкнулись две легковушки.",Очевидцы наблюдали столкновение легковушек в соцсетях.,not_entailment,train
"Напомним, в первый раз удача ему не улыбнулась и он после первого тура уехал домой.",Во второй раз ему улыбнулась удача.,not_entailment,train
"Однако тот попытался нанести одному из хоругвеносцев удар, и был задержан полицией. Православные активисты не пускают людей с белыми лентами оппозиции к входу в Храм Христа Спасителя. Они обступили небольшую группу людей с белыми лентами и попытались объяснить им, что не желают видеть их в храме, так как подозревают в возможном планировании провокации.",Православные активисты приглашают людей с белыми лентами оппозиции в Храм Христа Спасителя.,not_entailment,train
"""Радио """"Эхо Москвы"""" сообщило в субботу, что в Москве разгорается скандал, в центре которого оказались дети-аутисты - их отказались пускать вместе с другими посетителями в океанариум на Дмитровском шоссе. """"Сейчас эта новость активно обсуждается в Интернете. В самом заведении признают, что попали в сложную ситуацию, но объясняют отказ тем, что некоторые посетители не хотят видеть рядом с собой инвалидов, так как это вызывает у них жалость"""".""",Детей-аутистов не пустили в океанариум.,entailment,train
"В управляющей компании зря надеются, что подобные действия могут пройти безнаказанно.",Подобные действия могут пройти безнаказанно.,not_entailment,train
"Многие уже привыкли, что синоптики не раз объявляли оранжевый уровень опасности летом и осенью.",Летом и осенью опасность носит с собой оранжевый уровень.,not_entailment,train
"Из них по семи были вынесены обвинительные заключение, а по одному принято решение о мерах медицинского воздействия. Ни по одному из дел не было вынесено оправдательного приговора. Благодаря слаженной работе силовиков не было зарегистрировано ни одной экстремистской акции или провокации, которые могли бы дестабилизировать общественно-политическую ситуацию или сорвать выборные компании.",Работа силовиков была согласованной.,entailment,train
"Фотографии процесса демонтажа уже появились в социальных сетях, и, комментируя их, горожане спрашивают: что же будет построено на этом месте?",Предыдущее строение на этом месте демонтируют.,entailment,train
"""Эти средства выделены в рамках """"программы экстренного предоставления ликвидности"""" (emergency liquidity assistance, ELA), которая ранее стала спасением для финансовой системы Ирландии и теперь оказалась еще более важной для Греции. Полный контроль над ELA осуществляет европейский Центробанк (ЕЦБ), что дает ему полномочия решать судьбы государств, пишет FT. ЕЦБ очень неохотно предоставляет информацию о средствах, выделенных из ELA, не сообщая, кому и когда выдаются кредиты. """"Вы не станете говорить лишнего в экстренной ситуации, поскольку это может привести к ухудшению ситуации.""",Европейский Центробанк контролирует программу экстренного предоставления ликвидности.,entailment,train
"Молодого человека, который явно только-только употребил наркотическое вещество, обнаружили в подъезде одного из домов.","Молодой человек, употребивший наркотик, был обнаружен в подъезде одного из домов.",entailment,train
"Реставраторы саратовского театра, который спустя четыре года после пожара наконец распахнул свои двери, поделились деталями своей работы.",Реставраторы рассказали о пожаре.,not_entailment,train
"Молюсь за обоих. Просто хочу обнять своего сына, а прав он или виноват - пусть скажет следствие. Хочется сказать всем оскорбляющим милицию: опомнитесь, милиционеры - это не безликие роботы в форме.",Кто-то оскорбил сына.,not_entailment,train
"""""""Если эти документы там есть, то, скорее всего, для передачи в Арбитражый суд Тюменской области эти документы будут изыматься. Либо они, либо копии будут заверяться прямо на месте в офисе"""", - уточнил он. """"Компания злоупотребляет нашими правами, потому что несколько раз пристав выносил постановление, обязывающее компанию предоставить документы, но компания не реагировала на них никаким образом"""".""",Несколько раз пристав обязывал компанию предоставить документы.,entailment,train
"Пока родители занимались делами, четырехлетний мальчик достал лекарства из шкафа, наглотался пилюль сам и накормил ими младшего брата.",Дети выплевывали пилюли.,not_entailment,train
"Так как вёл себя он не как самый трезвый участник дорожного движения, то полицейские провели медицинское освидетельствование. Оно показало, что в крови задержанного действительно был алкоголь. Позже выяснилось, что меньше года назад мужчину уже штрафовали за подобное нарушение.",Участник дорожного движения был сильно пьян.,not_entailment,train
"Хоть мужчина и отрицал свою вину, материалы направили в суд.",Мужчина не был виноват.,not_entailment,train
"Для этого они изучили запросы, которые делали все эти дни жители Дона.",Все эти дни жители Дона только и делали запросы.,not_entailment,train
"""При этом он затруднился сообщить, сколько времени может продлиться это отстранение. Сам Губерниев заявил радиостанции """"Эхо Москвы"""", что его отстранение от ведения футбольных программ не повлияет на работу на телеканале. """"Очень сложно меня отстранить от футбольных матчей, потому что я на них редко работаю"""".""",Губерниева отстранили на год.,not_entailment,train
"Сотрудники МЧС извлекли его из воды, после чего мужчина рассказал о подробностях произошедшего. По словам потерпевшего, на него напали выходцы с Северного Кавказа. О причинах конфликта мужчина досказать не успел, так как потерял сознание.",Спасатели оставили мужчину в воде.,not_entailment,train
"Деканат в восторге, студенты в восторге. Но вдруг им сообщили, что это нельзя. Потому что они с охраной не вовремя согласовали.",Охрана была не в восторге.,entailment,train
"Девочка рассказала обо всем матери, и та заявила в полицию. Возбуждено уголовное дело. Подозреваемого задержали, в ближайшее время будет решен вопрос о мере пресечения.",Против матери возбуждено уголовное дело.,not_entailment,train
"""В ходе встречи с участниками акции прокурор разъяснил им причины, по которым было отказано в проведении митинга. """"Когда они пришли подавать заявление, то не указали в нем ответственного за порядок, время проведения акции и численность участников, поэтому им было отказано. Никого из пришедших на площадь привлекать к ответственности не будут, так как собрались всего несколько человек, так что можно сказать, что никакой акции протеста и не было"""", - подчеркнул он.""",Прокурор согласился встретиться с участниками.,entailment,train
"В одном из СМИ появилась история о восьмилетней школьнице, корторую в мороз 30 января выставил из салона маршрутного автобуса водитель. Причина в том, что у девочки в качестве оплаты был электронный проездной, вот только у водителя не оказалось с собой валидатора. Поскольку наличных денег у малышки не было, ее и попросили покинуть салон.","СМИ рассказывают о школьнице, которую бессердечный водитель выставил из автобуса на мороз.",entailment,train
"Супруги ушли всего на несколько минут, поэтому личные вещи с собой не взяли.",Супруги ушли с чужими вещами.,not_entailment,train
"Все было отлично, организация на высоте. Остались только положительные эмоции! Туда ведь приезжали участницы со всей страны, - делится мама девочки.",Маме девочки понравились разные страны.,not_entailment,train
"Пока под документом оставили свои подписи около 200 человек. В комментариях люди выражают свое несогласие с происходящим. - Я подписываю, потому что многие семьи действительно нуждаются в этих выплатах.",Люди подписываются под документом.,entailment,train
"""""""Я осознанно шел играть по чужим правилам. Я не считаю их (выборы - ИФ) честными, но принял этот вызов"""", - сказал Прохоров в прямом эфире на Первом канале в воскресенье. Он подчеркнул, что пошел на выборы, потому что посчитал важным довести свои взгляды и консолидировать вместе миллионы образованных и честных людей.""","Прохоров сказал, что не считает выборы честными.",entailment,train
"""Масух утверждает, что его брат был приговорен к 15 суткам ареста не за хранение наркотиков, а за то, что отказался дать полицейскому взятку. Американские туристы: 61-летний пастор Мишель Луи и 39-летняя женщина Лиза Альфонс - а также их гид были взяты в заложники в пятницу. Похититель заявил, что не хотел причинять вред туристам, поскольку """"они не имеют никакого отношения к истории с полицией"""".""",Брат Масуха был приговорен к домашнему аресту.,not_entailment,train
"Лежал там лишь пакетик с порошком. Но мужчина обрадовался находке больше, чем всем сокровищам Земли. Потому что жаждал дозы.",Мужчина радовался всем сокровищам Земли почти так же сильно.,not_entailment,train
"""""""ДТП произошло возле города Нурлат накануне вечером. Навстречу автобусу, на котором ехали тольяттинские хоккеисты, шел трактор, везший прицеп без габаритных огней. Водитель автобуса прицеп не увидел, потому что было уже темно"""", - говорится в сообщении.""",Водитель автобуса не увидел прицеп без габаритных огней.,entailment,train
"Распространившееся пламя дошло до масляного радиатора, который взорвался. Погибли двое детей, одному из которых два года и восемь месяцев, а второму нет и года. Жители, ставшие свидетелями пожара, сначала говорили о взрыве газового баллона, так как хлопок был достаточно мощным.",Взрыв масляного радиатора был причиной пожара.,not_entailment,train
"Пострадавший пробирался между вагонами состава, когда поезд начал движение.",Человек не пострадал.,not_entailment,train
"""""""А я никогда не был на этом телеканале, не видел его"""", - сказал """"Интерфаксу"""" Говорухин в пятницу. Также в Твиттере есть высказывания якобы от имени режиссера про изменение состава директоров """"Эха Москвы"""". """"Это тоже бред, я не мог этого заявить, потому что считаю, что это самая талантливая радиостанция, хоть я во многом с ней не согласен, на мой взгляд, она не полезна делу, которым я занимаюсь"""".""",В Твиттере появились высказывания якобы от имени режиссера Говорухина.,entailment,train
"Потерпевшая рассказала, что познакомилась на набережной с мужчиной, пригласила его к себе домой.",Женщина пригласила к себе мужчину.,entailment,train
"""""""Космодром """"Восточный"""" нам нужен, потому что мы приняли решение создать программу независимого доступа в космос"""".""",Мы за независимый доступ в космос.,entailment,train
"Погибшая женщина жила в квартире с сыном, но молодого человека в этот момент дома не было. Вероятно, он забыл на плите кастрюлю и ушел. Его мать не могла подняться и выключить газ, так как последнее время из-за болезни была прикована к кровати.","Сын ушел, и мать погибла.",entailment,train
"В соответствии с законом ему выдали подписку о невыезде. На рассмотрение все документы передали в областной суд. Тогда же он пытался обжаловать заведенное уголовное дело, но получил отказ.",Ему удалось обжаловать заведенное уголовное дело.,not_entailment,train
"Дерзкие преступления были совершены тинейджером еще в середине сентября, но следствие по уголовному делу закончилось только сейчас. По данным следствия, возле одного из домов города Березники школьник нанес удар ножом в шею незнакомому 36-летнему мужчине, а спустя час разбил окно на первом этаже, проник внутрь и пытался похитить имущество 39-летней женщины. Однако вынести награбленное из дома он не смог, так как хозяйка квартиры была дома.",Тинейджер совершил дерзкие преступления еще в начале учебного года.,entailment,train
"""По мнению С.Еничери, это противоречит принципам, сформулированным в Коране. """"Дед Мороз прибирается в дома через окна или дымоходы. Если бы он был честным человеком, то проходил бы через двери, так как у нас так принято"""", - отметил имам.""",Имам назвал Деда Мороза нечестным человеком.,entailment,train
"Хозяин квартиры обнаружил пропажу почти сразу же, и позвонил брату. На все просьбы одуматься тот отвечал расплывчатыми фразами. Тогда потерпевший обратился к силовикам, которые быстро нашли вора.",Хозяин квартиры чего-то лишился.,entailment,train
"По мнению зоозащитников, из-за такого поступка «ненужной опасности подверглись посетители торгового центра, нахождение животных в котором запрещено. Также, налицо жестокое обращение с животным, которое подвергается стрессу и медикаментозному воздействию». В самом же цирке такую практику назвали вполне обычной, так как животных с детства приучают к общению с людьми и именно поэтому выводят в общественные места.",Зоозащитники и цирк придерживаются противоположных взглядов на такой поступок.,entailment,train
"Мне очень жаль, если мои слова восприняли как оскорбление юбилея русского хоккея. Я глубоко уважаю ваш хоккей и хочу поздравить его со знаменательной датой. Русский хоккей всегда занимал одну из главных ролей в мире, и я хочу, чтобы у него было столь же светлое будущее.",Я не хотел оскорбить русский хоккей.,entailment,train
"Картер заявил, что успешность своей политики российский лидер определяет по степени дискомфорта, который он якобы создает в остальном мире.",Политика российского лидера успешна.,not_entailment,train
"Как сообщалось, в среду и четверг Наполитано провел консультации с лидерами представленных в парламенте партий, чтобы выяснить, готовы ли они договориться. На недавних парламентских выборах больше всего голосов набрала Демократическая партия. Однако она не может без помощи других партий управлять страной, так как не обладает большинством в сенате.",Наполитано два дня консультировал политиков по всем вопросам.,not_entailment,train
"Поскольку митинг являлся несанкционированным, сотрудники полиции потребовали прекратить его проведение.",Сотрудники полиции попытались пресечь несанкционированный митинг.,entailment,train
"Отдавать их он не спешил. Да и имущества за предпринимателем официально никакого не числится – гол, как сокол, взыскать вроде как нечего. При этом петербуржец является генеральным директором страховой компании и организации, которая занимается добычей и обогащением железных руд.",Взыскать с предпринимателя нечего.,not_entailment,train
"Помощник шерифа прибыл по вызову, и действительно обнаружил на заправке очень расстроенную даму без одежды. Она показалась ему пьяной. А когда вышел из автомобиля с пледом, чтобы накрыть им несчастную, та прыгнула за руль и умчалась на сумасшедшей скорости.",Голая женщина угнала машину помощника шерифа.,entailment,train
"Каждый год в этой сфере происходят изменения, поскольку деятельность нотариусов тесно связана с общим повышением правового уровня в государстве.",В государстве наблюдается общее повышение правового уровня.,entailment,train
"Инцидент произошел в квартире потерпевших, супруги сами пригласили туда грабителя для совместного застолья.",От скуки супруги пригласили грабителя.,not_entailment,train
"После этого преступник скрылся, а женщина вызвала полицию.",Женщина обратилась за помощью в полицию.,entailment,train
"Ипотека в структуре их кредитных портфелей достигла трети к концу прошлого года, что является историческим максимумом.",Треть их кредитных портфелей составила ипотека.,entailment,train
"Следствие выяснило, что с мая по июнь 2015 г. к одной из специалистов-экспертов обратилась тюменка с просьбой помочь ей в государственной регистрации права собственности на земельные участки в деревне Дербыши Тюменского района. Разумеется, за взятку. Та согласилась и обратилась к своей коллеге за помощью.",Тюменка предлагала взятку.,entailment,train
"Он рассказал, что в его квартире подожгли диван.",Он рассказал о подожженном диване.,entailment,train
"Как установило следствие, мужчина, распивая спиртное, поссорился со своим несовершеннолетним сыном.",Сын мужчины также распивал спиртное.,not_entailment,train
"Как сообщили в Дальневосточном следственном управлении на транспорте, двое из них обвиняются в получении взятки, третий - в посредничестве во взяточничестве.",Все три обвинения связаны со взятками.,entailment,train
"На одной из остановок в автобус вошел мужчина, и на этом безмятежное путешествие для наших героинь закончилось.",Мужчина сошел с автобуса.,not_entailment,train
"Здесь самая большая концентрация людей, даже тех, которые тут не живут. Проблему представляют невысокие дома, где мало квартир и соответственно маленький сбор на дворника. Тем не менее, мы стараемся повлиять на управляющие компании, чтобы чистили, как положено.",У невысоких домов чистят хуже.,entailment,train
"В Кировской области увеличилось количество коррупционных преступлений, вместе с тем выросла и средняя сумма взятки.",Средняя сумма взятки увеличилась повсеместно.,not_entailment,train
"""Отпраздновавший на прошлой неделе 60-летний юбилей президент России Владимир Путин в интервью телеканалу НТВ заявил, что считает приговор Pussy Riot """"правильным"""".""",На той неделе Путин праздновал 60-летний юбилей.,entailment,train
"И лично я считаю, что в Россию начнется приток инвестиций после выборов в марте. Но этот уникальный шанс нужно реализовать. Потому что есть неэффективность в компаниях, отраслях.",После выборов ожидается приток инвестиций в Россию.,entailment,train
"Водителю отомстили моментально. Мусорными пакетами закидали крышу, капот авто, а также повесили один мешок на дворник, расположенной на заднем стекле. И, надо сказать, пользователи поддержали тех, кто наказал водителя.",Водителя засыпали мусором.,entailment,train
"Я сегодня первый раз вышла. Когда волна недовольства только начинала подниматься, я как-то равнодушно к этому отнеслась. Тогда муж сказал, что хочет пойти на Болотную - даже пыталась его отговорить, так как очень испугалась, что его могут замести.",Я отговорила мужа.,not_entailment,train
"Судья отклонила ходатайство защиты, которая просила истребовать у следствия ряд документов, подтверждающих, что постановления в рамках уголовного дела были переданы прокурору. Также она просила представить в суд решения прокурора на данные постановления. Со своей стороны следователь просил ходатайство отклонить, так как требуемые документы в надлежащем порядке были переданы прокурору.","Согласно просьбе следователя, судья отклонила ходатайство защиты.",entailment,train
"Согласно заявлению Кипрской организации по туризму (КОТ), остров является идеальным местом для велосипедного спорта, поскольку здесь благоприятные погодные условия, соответствующий рельеф местности, качественное дорожное покрытие и относительно небольшие расстояния.",Кипр подходит для синоптиков.,not_entailment,train
"Некоторые говорили, что видели Лиану в Уфе, якобы она там работает, но эти слухи не подтвердились. Тем временем, в деревне у пропавшей остался семилетний сынишка. Сейчас мальчика воспитывает бабушка. Родственники не теряют надежды, что девушка вернется домой – живая и здоровая.",Сыну Лианы 7 лет.,entailment,train
"Дело возвращено для устранения препятствий его рассмотрения судом, так как в обвинительном заключении были нарушены права потерпевшего.",В обвинительном заключении были нарушены права потерпевшего.,entailment,train
"""По словам россиянина, перед ним стояла задача - финишировать впереди """"Форс Индии"""". """"Мы начали гонку на покрышках средней жесткости. И я старался отстоять свою позицию на старте, так как все в основном были на мягких шинах"""".""","""Россиянин финишировал впереди """"Форс Индии"""".""",not_entailment,train
"Новая программа предусматривает страхование имущества, используемого в предпринимательской деятельности. Программа позволяет защитить бизнес от убытков, которые могут возникнуть вследствие пожара, затопления, стихийных бедствий, кражи и противоправных действий третьих лиц.",Программа защитит бизнес от всех убытков.,not_entailment,train
"Видимо, ему стало скучно в незнакомом городе, и он решил развлечься. Мужчина посчитал, что его не найдут, позвонил в полицию и рассказал, что одна из улиц города заминирована. - Сотрудниками полиции данный звонок был проверен, установлено, что вызов ложный, возбуждено уголовное дело, - комментируют в пресс-службе суда.",Мужчина позвонил в полицию.,entailment,train
"""По мнению С.Еничери, это противоречит принципам, сформулированным в Коране. """"Дед Мороз прибирается в дома через окна или дымоходы. Если бы он был честным человеком, то проходил бы через двери, так как у нас так принято"""", - отметил имам.""","По мнению имама, поведение Деда Мороза противоречит принципам Корана.",entailment,train
"Он обвинялся в убийстве жены, сообщается в пресс-службе областной прокуратуры.","Несомненно, он убил жену.",not_entailment,train
"Разве они могли встречаться и общаться со мной, если бы грязь, которая на меня выливается, была правдой? Это черный пиар, и нечистые на руку люди делают это для того, чтобы облить меня грязью. Грязь ко мне не прилипает, она просто отпадает, потому что я никакого отношения к этим фактам не имею.","Грязь, которая на меня выливается, - ложь.",entailment,train
"Пенсионерка рассказывала, что ее ограбили.",Пенсионерку никто не грабил.,not_entailment,train
"В том числе, украл кухонную плиту и газовый баллон. - Задержали подозреваемого быстро, - сообщили в пресс-службе кубанского главка. – Парень сознался в содеянном и пояснил – на преступление решился, поскольку знал, что в доме уже более года никто не проживал.",Парень обокрал нежилой дом.,entailment,train
"""Как сообщил после заседания адвокат Александр Гофштейн, """"ни одно доказательство и ни одна экспертиза не доказывает совершения Макаровым данного преступления"""". """"Доказательства недостоверные, неубедительные и с процессуальной точки зрения недопустимые"""", - сказал Гофштейн. Он намерен обратиться в надзорную инстанцию суда с жалобой, так как намерен добиваться полной отмены приговора для своего подзащитного.""",Гофштейн намерен отменить приговор для своего подзащитного.,entailment,train
"""Между тем, ранее источник в Центризбиркоме заявил """"Интерфаксу"""", что реализация данной идеи потребует внесения изменений в избирательное законодательство. """"Для реализации этой идеи необходимы изменения в действующее избирательное законодательство. Конечно, это добавит хлопот, потому что огромное количество выборов будет соединено в один день, но это реализуемо"""", - сказал собеседник агентства.""","""У """"Интерфакса"""" есть источник в Центризбиркоме.""",entailment,train
"Ведь тут 50 на 50. Ты приехал перед олимпийскими играми покататься на местных трассах, а снега нет, и сидишь неделю в ожидании хорошей погоды, а твои конкуренты в это время спокойно готовятся в другом месте и приезжают на саму Олимпиаду в тонусе и с боевым азартом. А ты кислый, потому что уже не первую неделю в гостинице сидишь.",Тут ведь как повезет.,entailment,train
"Изначально он попал в поле зрения полиции, так как был в нетрезвом состоянии.","Полиция заметила его, так как он был нетрезв.",entailment,train
"Косвенная связь есть. Она человек публичный, таскала меня с собой на все светские мероприятия. Когда все это закончилось, остался один футбол, и все стало лучше.",Футбол у меня остался.,entailment,train
"""""""Медики оказывают ему необходимую помощь"""", - сказал Магомед Хазбиев. По его словам, автомашина брата практически изрешечена пробоинами. Он не исключил, что нападение могло быть организовано в отношении его самого, поскольку данная машина используется их семьей и им самим в частности.""",Брат Магомеда Хазбиева пострадал во время отдыха.,not_entailment,train
"Задержанный во всем признался. Несмотря на свой юный возраст, он уже имеет криминальный опыт. Как сообщили в ведомстве, несовершеннолетний в прошлом году получил условный срок на один год за кражу.",Несовершеннолетний задержанный старался набрать криминальный опыт.,not_entailment,train
"Сделал он это на лестничной клетке в доме, в котором он проживает.",Он проживает в многоквартирном доме.,entailment,train
"""Такое было в практике бывшего Советского Союза и ничего предосудительного я здесь не вижу, если мы не хотим довести это дело до конфликтов"""", - заявил глава правительства. О соперниках на выборах: Путин указал, что бизнесмен Михаил Прохоров - последовательный человек, и, выдвигая свою кандидатуру на президентские выборы, он действует в рамках закона. """"Не хочу сказать, что желаю ему успеха, потому что я тоже собираюсь выдвигать свою кандидатуру, но уверен, что это будет достойный, сильный конкурент"""", - заявил премьер в ходе """"прямой линии"""".""",Путин высказал своё мнение о Михаиле Прохорове.,entailment,train
"Пытаемся все-таки коллег убедить найти на это средства, потому что проект очень нужный и, конечно, очень серьезно транспортные проблемы востока области разошьет. К сожалению, пока достаточных средств нет.",Проект усугубит транспортные проблемы на востоке области.,not_entailment,train
"Замоскворецкий суд Москвы постановил провести комплексную экспертизу по делу против чемпиона мира по боевому самбо Расула Мирзаева, который нанес 19-летнему Ивану Агафонову удар, ставший смертельным. Вопрос о проведении новой экспертизы был поставлен председательствующим на процессе судьей. Сторона потерпевших согласилась с необходимостью провести новое исследование, поскольку увидела противоречия в предыдущих.",Чемпион мира по боевому самбо Расул Мирзаев нанес 19-летнему Ивану Агафонову смертельный удар.,entailment,train
"После розыгрыша углового Натхо навесил на Маркано, но тот попал в каркас ворот. В итоге Навас был первым на подборе и закончил начатое партнером - 1:0. Датчане на это ответить никак не могли, потому что были заняты обороной.",Игроки датской команды были заняты обороной.,entailment,train
"""Избранный президент США Дональд Трамп призвал гостей, не собирающихся на его инаугурацию, вернуть билеты. Он намекнул, что пропуск на церемонию нужен другим людям. «Что касается тех людей, которые не пойдут на инаугурацию, все нормально, потому что нам очень нужны билеты"""".""",Дональд Трамп потребовал назад билеты на инаугурацию.,entailment,train
"Без этого в полной мере с первого января не мог полноценно заработать долгожданный закон, существенно ограничивший свободу «вышибал».",Закон существенно огранил свободу «вышибал» с 1 января.,not_entailment,train
"Подросток был срочно госпитализирован. Сейчас он находится в реанимации, за его жизнь борются врачи. По факту произошедшего проводится проверка, устанавливаются все обстоятельства трагичного инцидента.",В трагичном инциденте пострадал подросток.,entailment,train
"Когда потерпевшая не обнаружила свою норковую шубу в раздевалке, она обратилась в отдел полиции.",Потерпевшая искала свою шубу в раздевалке.,entailment,train
"""Это, по данным Генпрокуратуры, является грубым нарушением инструкции, устанавливающей условия и основания объявления в международный розыск, утвержденной совместным приказом МВД, Минюста, ФСБ, ФСО, ФСКН и ФТС РФ. """"В связи с этим Генпрокуратура РФ направила на имя председателя СК РФ Александра Бастрыкина требование об устранении выявленных нарушений. Это сделано повторно, поскольку первое аналогичное требование, направленное ранее, выполнено не было"""", - говорится в пресс-релизе.""",Объявление в международный розыск произведено с нарушением соответствующей инструкции.,entailment,train
"Чиновники обещают, что все бригады будут функционировать в круглосуточном режиме «Повышенной готовности».","Есть вероятность, что все будет так, как обещали чиновники.",entailment,train
"Модельер не явился за заседание суда, чтобы избежать встречи с журналистами и не попасть в объективы камер. Адвокаты обвиняемого ранее заявили о том, что Гальяно потерял над собой контроль из-за злоупотребления алкоголем и поэтому нагрубил посетителям. Один из адвокатов сказал, что его подзащитный не помнит, что происходило в баре, так как он был болен.",Гальяно отсутствовал на заседании суда.,entailment,train
"Предприимчивый, но не работающий 29-летний ковдорчанин, съезжая со съемной квартиры, решил прихватить оттуда еще и половину вещей, принадлежащих хозяевам. - По словам потерпевшей, из ее квартиры в Полярном переулке пропала бытовая техника и мебель на общую сумму в 81 тысячу рублей, - рассказали в пресс-службе УМВД по Мурманской области. - Так как квартиру никто не взламывал, в преступлении заподозрили мужчину, который арендовал квартиру у владелицы.",Ковдорчанин съехал с квартиры вместе со всеми вещами хозяев.,not_entailment,train
"""Как сообщил после заседания адвокат Александр Гофштейн, """"ни одно доказательство и ни одна экспертиза не доказывает совершения Макаровым данного преступления"""". """"Доказательства недостоверные, неубедительные и с процессуальной точки зрения недопустимые"""", - сказал Гофштейн. Он намерен обратиться в надзорную инстанцию суда с жалобой, так как намерен добиваться полной отмены приговора для своего подзащитного.""",Адвокат предоставил недостоверные и даже недопустимые доказательства.,not_entailment,train
"В первом периоде преимущество было на стороне наших хоккеистов, однако вратарь хозяев играл безупречно.",Вратарь хозяев был на стороне наших хоккеистов.,not_entailment,train
"В Нижегородской области выясняют причины крупного пожара, в результате которого сгорел дом и пострадал подросток.",В Нижегородской области пострадал подросток.,entailment,train
"Обвиняемый считает вердикт суда несправедливым, так как, по его мнению, часть ответственности за проведенные финансовые махинации должен понести сам банк.",Обвиняемый не согласен с вердиктом.,entailment,train
"Почти при входе в помещении бытовки горел строительный мусор. В дальнем углу здания огнеборцы заметили 52-летнего мужчину. Самостоятельно покинуть горящее помещение пострадавший не мог, так как был сильно пьян.",Пожарные нашли в бытовке пьяного мужчину.,entailment,train
"Мужчина нашел в Интернете объявление о работе, за которую было обещано крупное вознаграждение.",Объявление обещало большие проблемы.,not_entailment,train
"А сама машина оказалась в розыске. Злоумышленник угнал ее из гаражного массива. Вдобавок выяснилось, что он уже был неоднократно судим за аналогичные преступления.",Злоумышленник и прежде угонял машины.,entailment,train
"""В начале недели московский межрегиональный транспортный прокурор Владимир Тюльков рассказал """"Интерфаксу"""", что на данный момент зафиксировано около 70-ти случаев ослепления пилотов лазерными указками. Но по его мнению сложность этой ситуации связана в частности с отсутствием нормативной базы по противодействию вышеуказанным проявлениям, поскольку лазерные указки продаются свободно.""",Пилоты слепнут от лазерных указок.,entailment,train
"В среду, 9 ноября, глава ведомства Александр Нерадько сказал журналистам, что Росавиация готова отложить принятие решение об аннулировании лицензии дискаунтера на три месяца.",Росавиация спешит с аннулированием лицензии дискаунтера.,not_entailment,train
"Мужчина зарегистрировал их у себя по месту жительства, но не предоставил им фактических мест для проживания.",Мужчина регистрировал их в парке.,not_entailment,train
"""""""В отдел полиции были доставлены уроженка Адыгеи 1990 года рождения и два молодых человека из Рязани. С них взяли объяснения, проверили по учету, они уже отпущены"""", - сообщили """"Интерфаксу"""" в пресс-службе ГУ МВД по Московской области. По словам представителя главка, они вызвали подозрение у полицейских, так как у них в руках была карта, на которой особыми значками были отмечены несколько квартир в близлежащих районах.""",Два молодых человека из Рязани водили уроженку Адыгеи по подозрительным квартирам.,not_entailment,train
"Когда силовики стали досматривать автомобиль, то обнаружили в нем подозрительный пакет с порошком внутри, который был отправлен на экспертизу.",Пакет с порошком нашли в автомобиле.,entailment,train
"Он ушел с работы, но домой не вернулся.",Он вернулся на работу.,not_entailment,train
"Дорожную обстановку сегодня осложнили погодные условия. Всю ночь и утро валил снег, трассу не успели почистить. По предварительным данным, сначала дорогу не поделили две легковушки, затем в них въехала «Газель».",Пять машин попали в аварию.,not_entailment,train
"Вопрос обсуждается, ясно будет к началу встречи.",Обсуждение вопроса не состоится.,not_entailment,train
"Водитель успел выскочить из автобуса, который начал медленно тонуть. Помочь ему в этот момент было некому. Владельцу оставалось только с грустью наблюдать, как тонет его имущество.",Водитель выпрыгнул из тонущего автобуса.,entailment,train
"""Мы все понимаем, что с этим вопросом """"тянули"""", потому что мои оппоненты пытались максимально отодвинуть момент моего вступления в должность.""",Мои оппоненты сумели максимально отодвинуть момент моего вступления в должность.,not_entailment,train
"Сегодня к экономии средств активно подключаются муниципальные образования, поскольку имеется республиканская поддержка.",Республика поддерживает экономию образования.,not_entailment,train
"Как уточняет ярославская областная прокуратура, жителям одного из подъездов пришлось самим мыть грязные лестницы, потому что этого не делали сотрудники управляющей компании.",Управляющая компания оставила подъезд грязным.,entailment,train
"Пока пристав-исполнитель опрашивала пожилую хозяйку, ее коллега прошелся по квартире. В кладовке висела зимняя одежда – старые шубы, пальто. Именно эти вещи и привлекли пристава, потому что одежда подрагивала, словно кто-то за ней прятался.",Одежда была мокрой.,not_entailment,train
"По решению суда женщина должна была перечислять шестую часть суммы из зарплаты и иных видов заработка на содержание своего несовершеннолетнего сына, - рассказали «Комсомольской правде»-Саратов в областной прокуратуре.",Шестая часть заработка женщины должна была уходить на содержание суда.,not_entailment,train
"""""""Воздушные шары символизируют открытость и честность выборов, а их количество равно числу ТИКов в республике"""", - пояснил агентству поднесший спичку к чучелу, облив его перед этим жидкостью для разведения костров, правозащитник Эдвард Мурзин. Участники митинга, организованного одним из лидеров общественного движения """"Голос Уфы"""" Андреем Андреевым, прошли колонной с речевками и знаменами несколько кварталов к площади перед Русским драмтеатром. Полиция не перекрывала движение автотранспорта, поскольку колонна участников акции двигалась только по тротуарам.""",Честность и открытость выборов символизирует колонна с речевками.,not_entailment,train
"Как рассказали «Комсомольской правде» в пресс-службе администрации региона, собравшиеся обсудили реализацию государственной политики по физкультуре и спорту.",Собравшиеся осудили реализацию государственной политики по физкультуре и спорту.,not_entailment,train
"""В итоге ранее судимого за угон северянина задержали во время встречи с клиентом. - Мужчина пояснил, что газовый пистолет марки """"МЦРГ-1"""" приобрел случайно несколько лет назад. Он решил продать оружие, так как нуждается в деньгах.""",Ранее северянина судили за кражу.,not_entailment,train
"Он отметил, что он ожидает также разъяснение от министерства образования и науки РФ, которое является оператором по договору об усыновлении, из которого Россия вышла.",Оператором по договору об усыновлении является министерство образования и науки РФ.,entailment,train
"Еще несколько авто отнесло у кювет. Водитель фуры остался жив. После аварии грузовик вспыхнул и выгорел полностью, так как перевозил салфетки.",Перевозить салфетки опасно.,not_entailment,train
"""""""Но честно, объективно и по решению суда"""", - заявил Бастрыкин в интервью """"Интерфаксу"""". Отвечая на вопрос об обысках и вызове на допрос лидеров оппозиции, глава СКР подчеркнул, что они пока находятся в статусе свидетелей. """"Это совершенно нормальное состояние, потому что мы не имеем достаточных доказательств, чтобы перевести их хотя бы в статус подозреваемого либо обвиняемого"""".""","Как только появляются доказательства, свидетелей переводят в Москву.",not_entailment,train
"В Ростове вынесли приговор хозяину продуктового магазина, который сбывал левый алкоголь, отлично зная о его сомнительном происхождении. - Являясь индивидуальным предпринимателем, приобрел в целях дальнейшего сбыта два ящика водки, не имеющей сопроводительной документации, подтверждающей ее происхождение, качество и безопасность для жизни и здоровья человека, - сообщили официальную версию в СУ СК России по Ростовской области. Но сбыть водку ему не удалось, так как вмешались сотрудники правоохранительных органов.",Хозяин продуктового магазина производил контрафактное спиртное.,not_entailment,train
"Я бежал в первой группе, было тяжело. Четвертой было полегче. Тем не менее, я очень не доволен результатом, так как много проиграл соперникам.",Я был не лучшим бегуном.,entailment,train
"Ведомство направило официальные письма руководителям отделов безопасности самоуправлений, в которых разъясняют их действия.",Ведомство пишет письма.,entailment,train
"""""""Я всегда мечтал играть за """"Барс"""", ничего не изменилось. Я счастлив быть здесь и даже не думаю об уходе. Я не просил о продлении контракта, потому что и так хочу здесь остаться"""".""","""Я устал играть за """"Барс"""".""",not_entailment,train
"""Как заявляли в октябре представители нигерийских властей, судно зашло в территориальные воды Нигерии без разрешения, тем самым нарушив местное законодательство. В Moran Security """"Интерфаксу"""" заявили, что считают задержание корабля необоснованным. """"Мы считаем этот арест необоснованным, потому что о заходе судна в порт было известно заранее"""".""",В территориальных водах Нигерии задержан корабль.,entailment,train
"""""""Знакомы ли Вы со своими новыми коллегами – Никитиным, Яблонским, Аветисяном?"""" - """"Да, со всем директорами мы пообщались, и, на мой взгляд, мы очень хорошо друг друга дополняем. Я вам честно скажу, что я бы не смог собрать команду лучше, потому что это тот случай, когда достоинства одних покрывают недостатки других"""".""",Команду лучше можно собрать где угодно.,not_entailment,train
"Испания, Италия, Греция, Франция, Португалия и Тунис раскроют чарующие ароматы своей кухни. Популярность средиземноморских блюд сегодня объясняется, прежде всего тем, что жители стран Средиземноморья менее подвержены риску сердечно-сосудистых заболеваний, реже страдают от избыточного веса, повышенного давления, диабета. Это обусловлено, прежде всего, обильным употреблением в пищу свежих овощей и фруктов, блюд из зерновых культур и умеренного количества мяса и рыбы, так как жиры поступают в организм в основном из оливкового масла.",Жители Средиземноморья реже стредают от диабета.,entailment,train
"""Целый оружейный арсенал, на который вышли полицейские, вывел на след предполагаемых убийц.""",Полицейские обнаружили арсенал.,entailment,train
"Он начал готовиться к обряду. В какой-то момент он схватился за сердце. Когда мужчине стало плохо, дежурившие спасатели поспешили на помощь.",Дежурившие спасатели не спасли мужчину.,not_entailment,train
"История мужчины не нова - сел за руль в пьяном виде, был остановлен полицией, лишен водительских прав и оштрафован, - штраф в установленное время не заплатил.",Пьяный водитель опоздал с выплатой штрафа.,entailment,train
"Во время обыска в квартире подозреваемого полицейские обнаружили нож, а также похищенную сумку. Известно, что нападавший ранее судим за кражу, угон и мошенничество, а освободился из мест лишения свободы в ноябре прошлого года. По его словам, его мучили угрызения совести, поэтому он явился к стражам порядка.",До ноября прошлого года подозреваемый был на свободе.,not_entailment,train
"Как рассказали «Комсомольской правде» в пресс-службе, одним из вопросов стало рассмотрение показателей бюджета города.","В пресс-службе отметили, что показатели городского бюджета попали на рассмотрение.",entailment,train
"""Также она сообщила, что во время Евромайдана ей было понятно поведение """"беркутовцев"""". """"Я понимала одно: я военнослужащий. И для меня не было разницы, потому что я как человек системы, военной какой-то структуры, я больше понимала тот же """"Беркут"""" почему?""""""","""Поведение """"Беркута"""" на Евромайдане не вызвало у нее непонимания.""",entailment,train
"Календари охватывают период ожидания Рождества Христова, который длится около четырех недель.",Календари всегда рассчитаны примерно на 4 недели.,not_entailment,train
"Несколько человек приехали, сломали фигуры и сразу же уехали. Написано заявление в полицию. Напомним, в прошлом году вандалы также портили праздничные фигуры.",Фигуры не удалось сломать.,not_entailment,train
"Бывшие банкиры находятся в международном розыске. Адвокаты А.Бородина обжаловали это решение в кассационную и надзорную инстанцию. Решения были подтверждены, а в порядке надзора не рассмотрены, поскольку для этого не нашлось оснований.",Бывших банкиров объявили в международный розыск.,entailment,train
"""""""Если вернуться к теме смены власти в Петербурге, то что бы Вы хотели бы пожелать новому губернатору?"""" - """"Я думаю, что ему можно пожелать, по крайней мере, на первом этапе, чтобы все в городе объединились, помогая ему, что будет очень трудно, потому что грядет период выборов"""".""","Все в Петербурге объединятся ради помощи новому губернатору, но только на первом этапе.",not_entailment,train
"Женщина несколько дней искала пропажу, а потом обратилась в полицию.",Женщина устала искать пропажу сама и обратилась к полицейским.,entailment,train
"Преступники выбрали своей целью отделение на Ленинском проспекте, дом 93. Ближе к полуночи неизвестные грабители отжали входную дверь банка, проникли в помещение филиала и выкрали оттуда сейф, рассказывает источник в правоохранительных органах ФБА «Экономика сегодня». Поскольку банк охраняемый, и в нем установлена сигнализация, оперативная группа оказалась действительно оперативной и прибыла на место уже через восемь минут после сигнала.",Преступники подменили сейф в банке.,not_entailment,train
"Как сообщает региональная прокуратура, в 2016 году обвиняемый обманным путем приобрел здание неэксплуатируемой котельной, расположенной в Автозаводском районе и находящейся на балансе администрации. После этого мошенник за 1 млн рублей продал здание своим знакомым предпринимателям, которые открыли там столовую. Покупатели не заметили подвоха, поскольку у нечистого на руку продавца были все документы.",У мошенника не хватало нужных документов.,not_entailment,train
"Он не смог предъявить документы, подтверждающие происхождение мяса. В результате машину с грузом задержали, а мужчину допросили. В ходе допроса выяснилось, что он является основателем предприятия, которое занимается продажей мясной продукции.",Происхождение мяса потверждено бумагами.,not_entailment,train
"Его автомобиль повело на скользкой дороге, и он врезался в вазовскую легковушку, а затем в частный деревянный дом.",Автомобиль врезался только раз.,not_entailment,train
"Что же разместили на бампере, что на дверях, и какую проблему помогали решать таким образом?» Знатоки после минутного обсуждения предположили, что на бампере разместили подушку, а на задних дверях – матрас. Но это был неправильный ответ. Оказалось, что компания предложила размещать на переднем бампере видеокамеры, а изображения с них передавать на мониторы, установленные на задних дверях фуры.",Знатоки не догадались.,entailment,train
"Любишь рыбку ловить, люби и штрафы платить.",Рыбная ловля может стать причиной штрафа.,entailment,train
"""Фильм """"Невинность мусульман"""", удаленный из социальной сети """"ВКонтакте"""", больше не появится на ресурсе, но там останутся ролики о нем. """"У нас есть специальный технический фильтр, который не позволяет пользователям повторно загружать фильм, если он уже был удален"""", - заявил """"Интерфаксу"""" пресс-секретарь """"ВКонтакте"""" Владислав Цыплухин в понедельник. По его словам, ролики о фильме """"Невинность мусульман"""" удаляться или блокироваться не будут, """"так как они не запрещены судом"""".""","""Фильм """"Невинность мусульман"""" удален из """"ВКонтакте"""".""",entailment,train
"Полиция задержала водителя. В данный момент предполагается, что это был несчастный случай. Полиция пока не располагает фактами, указывающими на то, что это было преднамеренное нападение.",Водитель задержан.,entailment,train
"""Пресс-секретарь Владимира Путина Дмитрий Песков подчеркивает, что вопросы президенту РФ Владимиру Путина в ходе встречи с доверенными лицами были составлены на основании пожеланий последних. """"Доверенные лица - это люди, которые вели подготовительную работу к этой встрече и с которыми велась подготовительная работа накануне, многие из них наиболее активно задолго до этой встречи транслировали огромное множество вопросов в администрацию президента, вопросы, естественно, обобщались, суммировались, систематизировались и активно использовались в подготовке к мероприятию"""", - заявил Песков журналистам во вторник. Он подчеркнул, что подобные вопросы используются при подготовке к каждому мероприятию, так как наличие таких вопросов от таких людей """"позволяет чувствовать реальный пульс"""".""",Песков отмел все вопросы.,not_entailment,train
"""""""Несмотря на активное противодействие норвежских властей, справедливость в отношении Ирины Бергсет и Саши восторжествовала"""", - сказал адвокат. Младший сын Бергсет, который не имеет российского гражданства, по-прежнему остается в Норвегии. Вернуть его матери вряд ли удастся, поскольку он не имеет российского гражданства.""",Младший сын Бергсет - не гражданин РФ.,entailment,train
"Петербургские полицейские вчера в Невском районе города задержали мошенника, который за свои преступления находился в межгосударственном розыске.",Полицейские воспитали мошенника.,not_entailment,train
"Сыщики заметили, что почерк всех преступлений был одинаковый, поэтому легко напрашивался вывод, что это сделал один и тот же человек.",Сыщики нашли общие черты в манере совершения этих преступлений.,entailment,train
"""После праздников электрички области начнут циркулировать по новому расписанию, сообщают в Самарской пригородной пассажирской компании.""",После праздников электрички Самарской области перейдут на новое расписание.,entailment,train
"По его словам, рейды проходят в спокойной обстановке, так как члены группировок не оказывают солдатам сопротивления.","По его словам, члены группировок не оказывают солдатам сопротивления.",entailment,train
"Авария произошла на ровном месте, машина будто поскользнулась на снежной дороге и оказалась на крыше.",Машина перевернулась.,entailment,train
"Сорокалетнего мужчину задержали прямо в подъезде, в тот момент, когда он выходил из лифта.",Сорокалетнего мужчину не поймали.,not_entailment,train
"«Девятка» получила значительные повреждения. С места происшествия «скорая» увезла в больницу четырех человек. В настоящее время устанавливается, пассажиры и водители каких машин конкретно пострадали.","""""""Девятка"""" попала в аварию.""",entailment,train
"""Кроме этого, Жуков рассчитывает, что на результатах российских спортсменов в Сочи положительно скажется фактор """"своего поля"""". """"Очень важно использовать преимущества """"своего поля"""". Потому что общемировая практика говорит, что этот коэффициент реализации всегда выше у хозяев: они знают свои трассы, больше тренируются на них"""".""","Жуков считает, что российским спортсменам все равно где играть.",not_entailment,train
"Родительских прав мать не лишена. Пока. А в парадном девочка оказалась, потому что дома она мешала матери выпивать.",Пьяная мать выставила девочку в парадное.,entailment,train
"Русофобия, которая была в тренде последние несколько лет — проиграла! По одной простой причине. Потому что ее пытались выдать за глобальную мировую проблему.",Русофобия стала глобальной проблемой.,not_entailment,train
"""По данным полиции, на расчетный счет этих организаций было перечислено около 93,3 млн рублей, """"однако реального участия в страховом и инженерном обеспечении строительства объектов подрядчики не принимали, так как предусмотренные контрактами услуги ранее были выполнены другими фирмами"""". ""","Организации получили почти 100 млн рублей за работы, произведенные другими компаниями.",entailment,train
"""""""Установлено, что решение о возбуждении этого уголовного дела является незаконным и необоснованным, так как принято преждевременно, без установления всех данных, достаточных для принятия такого решения"""", - говорится в сообщении.""",Сообщение говорит о необоснованном возбуждении уголовного дела.,entailment,train
"Когда уже рассвело, местные увидели на детской площадке повешенного на турнике мужчину.",Мужчина сам повесился на турнике.,not_entailment,train
"Работа личного состава будет усилена, наших сотрудников не отпускают в эти дни в отпуск, - отметил спикер.",В эти дни личный состав будет в отпуске.,not_entailment,train
"""Но не одновременно. По ночам он участвует в пятиминутных ограблениях, строго ограничиваясь именно этим временем, не задерживаясь нигде и ни при каких условиях, не трогая деньги, и не соблюдая """"пацанские кодексы чести"""". Только потому что это его работа, а на такой работе он не дружит.""",Он планирует ограбления.,not_entailment,train
"При этом использоваться мог только один из них, поскольку второй был недостроенным.",Второй окончательно достроили.,not_entailment,train
"В пятницу, 23 декабря, стало известно, что бывшую украинскую летчицу Надежду Савченко, осужденную в России за убийство двух журналистов и помилованную президентом, исключили из комитета Верховной рады по вопросам национальной безопасности и обороны. По словам депутата от фракции «Народный фронт» Андрея Тетерука, комитет единогласно поддержал исключение экс-военнослужащей из своего состава. Теперь же это решение должен поддержать парламент, однако это произойдет уже после Нового года, так как Рада в пятницу завершила свое последнее пленарное заседание в текущем году.",Савченко стала членом комитета Верховной рады.,not_entailment,train
"В Сети появилось видео, на котором люди растаскивают продукты и алкоголь, выброшенные из супермаркета крупной федеральной сети.",На видео в Сети люди мычат.,not_entailment,train
"17 декабря в Белгороде на улице Привольная произошла семейная драма. По версии следствия, младший брат не впустил старшего в его же квартиру. Мужчина не открыл дверь, потому что устал от постоянных пьянок своего родственника, однако вышел на лестничную клетку, чтобы поговорить с ним.",В Белгороде произошла драматическая история с участием братьев следователя.,not_entailment,train
"Суд в китайском Цзинане приговорил опального политика Бо Силая, обвиняемого в коррупции и злоупотреблении властью, к пожизненному сроку, сообщает британская телерадиовещательная корпорация Би-би-си.",Политика осудили на пожизненное заключение.,entailment,train
"""Отвечая на вопросы журналистов о возможной отмене нормы закона об обязательном наличии бесплатного дублера при строительстве платных дорог, вице-премьер подчеркнул, что """"это дискуссионная тема, которая была предложена экспертами"""". """"В правительстве пока осторожно относятся к данному предложению, которое нуждается в детальном изучении"""", - заявил Шувалов. По данным социологического исследования, вопрос платных автомобильных дорог большую часть россиян не волнует, так как они не имеют машин, а среди тех, у кого она есть, каждый пятый не намерен пользоваться такими трассами.""","Социологи исследовали, волнует ли россиян вопрос платных автомобильных дорог.",entailment,train
"Девушка работала в павильоне торгового центра, где продавала косметику и парфюмерию.",Девушка продавала парфюм в торговом центре.,entailment,train
"Помещение оборудовали проектором, экраном и компьютером. Раньше обучение проходило в учебном центре. Это было не очень удобно, поскольку центр находится в удалении от цеха.","Помещение для отдыха оборудовали проектором, экраном и компьютером.",not_entailment,train
"Предполагается, что он получил деньги за помощь в получении субсидий, выделяемых на закупку производственного оборудования в лизинг, одной из организаций, у которой в документах была завышена стоимость техники.",Он мог помочь в получении субсидий одной из организаций.,entailment,train
"Многочисленные коробки с бутылками выносят с торговых точек, разоблачая разные преступления. В отдельных случаях, продавцы попадаются на том, что у товара – поддельные акцизы. Бывает, что сама продукция является явно небезопасной.",Коробки с бутылками разоблачают преступления.,not_entailment,train
"За несколько лет сумма накопилась огромная, но должник не спешил платить.",Сумма копилась веками.,not_entailment,train
"Но также в кражу попали украшения, которые он ей не дарил. Свою вину в совершенном преступлении мужчина признал и раскаялся в содеянном. Похищенные украшения он выдал следствию, ущерб полностью возместил.",Мужчина вернул ей похищенные украшения.,not_entailment,train
"В противном случае карантин продлят. Стоит отметить, что первые шесть школьных коллективов региональное управление Роспотребнадзора отправило домой, лечиться, еще 12 декабря. Назвать дату, когда все воронежские школы заработают в прежнем режиме, нельзя, так как занятия в них приостановили в разное время.","Продлят ли карантин, пока неизвестно.",entailment,train
"""По словам президента, во всем мире референдумы используются достаточно редко, потому что сложна процедура их организации, а последствия референдумов зачастую могут привести к расколу общества. Но по некоторым вопросам, по его мнению, обязательно нужно узнать точку зрения большинства населения страны. """"Сделать это с использованием существующих технологий очень сложно, потому что это дорого и неэффективно"""".""","По мнению президента, по ряду вопросов обязательно нужно узнать точку зрения половины населения страны.",not_entailment,train
"""В финальной серии плей-офф 2012 года хоккеист не смог принять участия, поскольку Российское антидопинговое агентство обвинило Белова в применении запрещенных допинговых препаратов. Позднее, 9 июля, дисциплинарный комитет Российского антидопингового агентства вынес вердикт по этому делу. Защитник """"Авангарда"""" за употребление допинга получил трехмесячную дисквалификацию, хотя и доказал, что его вина была минимальна, поскольку препарат был введен ему с разрешения врача.""",Белова поймали на допинге.,entailment,train
"""Лидер находящихся в оппозиции испанских социалистов Альфредо Перес Рубалькаба в воскресенье призвал председательства правительства страны Мариано Рахоя уйти в отставку. """"М.Рахой должен покинуть пост премьера, так как он не в состоянии найти выход из чрезвычайно сложной ситуации, в которой оказалась Испания"""", - заявил лидер оппозиции журналистам. Он добавил, что премьер не может управлять страной, так как, возможно, замешан в крупном коррупционном скандале.""","Возможно, Испанский премьер замешан в коррупционном скандале.",entailment,train
"""В момент совершения преступления был одет во все черное. """"Его приметы: был одет в синюю куртку фирмы """"Найк"""", серые спортивные штаны, черную вязаную шапку, волосы до плеч"""", - отмечает пресс-служба ведомства. Сотрудники полиции просят горожан не выходить на улицу, так как в городе проходит спецоперация.""",В городе проходит спецоперация.,entailment,train
"""Член Общественной палаты РФ, президент адвокатской палаты Москвы Генри Резник рекомендовал ЛГБТ-активисту обратиться в кассационный, а затем и Конституционный суд. """"Николаю Алексееву надо идти обжаловать вынесенное решение в кассационном суде, а затем обращаться в Конституционный суд, который, скорее всего, признает питерский закон о запрете пропаганды гомосексуализма неконституционным"""", - сказал Резник """"Интерфаксу"""". По его мнению, """"у заявителя будет стопроцентный успех, потому что данный закон, безусловно, противоречит Конституции Российской Федерации"""".""","Генри Резник сказал, куда обращаться Николаю Алексееву.",entailment,train
"По его словам, после ухода с поста президента он пока не собирается занимать какие-нибудь государственные должности, будет проводить больше времени с семьёй, но и насовсем уходить из политики тоже не намерен.","Бывший президент намерен уйти из политики насовсем, чтобы больше времени проводить с семьей.",not_entailment,train
"Он был уверен, что в процессе был допущен ряд процедурных нарушений.",В процессе был допущен ряд процедурных нарушений.,not_entailment,train
"Черную мраморную доску, на которой фотограф изображен со своей камерой, установили в парадной дома 12 ноября 2015 года – во время празднования 160-летия первого фоторепортера в России. В течение 30 лет с 1908 по 1938 год в этом доме в фотоателье работали Булла и его сыновья. Поскольку дом является историческим зданием, доску устанавливали внутри, а не на фасаде.",Фотограф изображен на черной мраморной доске.,entailment,train
"Если все-таки западные партнеры поставят свой проект на голосование в срочном порядке, какой будет позиция РФ? - Они сегодня не будут это делать, так как процесс консультаций только начался и будет продолжаться какое-то время.",Процесс консультаций едва начался.,entailment,train
"В течение этой недели на проекте Всероссийского конкурса юных талантов «Синяя птица» проходит голосование за участников, чтобы те вышли в финал.","""Конкурс """"Синяя птица"""" близится к финальному этапу.""",entailment,train
"В тетрадке, где он вел записи, парень делал и зарисовки, в частности изображал орудия охоты.",Парень рисовал оружие.,entailment,train
"Авария произошла на ровном месте, машина будто поскользнулась на снежной дороге и оказалась на крыше.",Машина попала в аварию.,entailment,train
"Постепенно будет теплеть, но ветер усилится.","Когда резко потеплеет, ветер ослабнет.",not_entailment,train
"Деньги поступят из федерального бюджета в рамках приоритетного проекта «Формирование комфортной городской среды», сообщают в Брянской городской администрации.",Проект «Формирование комфортной городской среды» не является приоритетным.,not_entailment,train
"""""""В нашей группе компаний идея объединенного чемпионата даже не обсуждалась. Может, где-то в курилке. Только я об этом не ведаю, поскольку не курю"""".""",Я не курю.,entailment,train
"Аргументом данного решения стало то, что мэр не может выдавать подобные распоряжения. Согласно распоряжению мэра, должно было быть приобретено до 50 единиц, но денег хватало только на 30. Эти автобусы нужно было купить еще несколько лет назад. Так как у всех автобусов, имеющихся в наличии, истек срок эксплуатации.",В городе эксплуатировались только просроченные автобусы.,entailment,train
"Мужчины знали, что у бизнесмена всегда при себе имеются деньги.",Бизнесмен носил с собой деньги.,entailment,train
"Однако тот попытался нанести одному из хоругвеносцев удар, и был задержан полицией. Православные активисты не пускают людей с белыми лентами оппозиции к входу в Храм Христа Спасителя. Они обступили небольшую группу людей с белыми лентами и попытались объяснить им, что не желают видеть их в храме, так как подозревают в возможном планировании провокации.",Православные активисты не дают людям с белыми лентами оппозиции пройти ко входу в Храм Христа Спасителя.,entailment,train
"Ее признали виновной в крупном мошенничестве, которое она совершила с использованием своего служебного положения.",Она совершила мелкое мошенничество.,not_entailment,train
"""""""Росатом"""" рассматривает возможность строительства новых энергоблоков на АЭС """"Бушер"""" в Иране, иранская сторона уже высказывала подобное предложение, сообщил глава """"Росатома"""" Сергей Кириенко. """"Мы прорабатываем, соответствующее поручение у нас есть. Поскольку строительство именно атомных энергоблоков не вызывает сомнения у международного сообщества, никаким образом не относится к вопросам чувствительным, поэтому это возможно.""",Строительство атомных энергоблоков не смущает международное сообщество.,entailment,train
"""Сергей рассказал, что во время подготовки концерта наиболее сложным было выбрать площадку. Он также подчеркнул, что ранее уже готовил не менее масштабную программу, однако кризис 2008 г. сбил все планы. """"Поэтому был выбран этот год, эта идея возникла у меня спонтанно, потому что нужно подтверждать свой статус большим сольным концертом"""", - пояснил он.""",Сергей с трудом выбрал площадку для концерта.,entailment,train
"Дежурный доктор (а это – участковые терапевты, сменяющие другу друга по графику) работает с пациентами, которые пришли в поликлинику без предварительной записи и не знают, к какому именно специалисту им нужно обратиться.",Дежурный доктор работает с пациентами по записи.,not_entailment,train
"Обыскивая подозреваемую, оперативники вскрыли костыль, которым женщина пользуется из-за повреждения бедра.",Подозреваемая повредила бедро костылем.,not_entailment,train
"Сведения о том, что запрет на посещение данных ресурсов мог стать причиной трагедии, не подтвердились. Напомним, что тело мальчика в доме обнаружил отец. Эта трагедия произошла в многодетной семье, которая характеризуется положительно.",Запрет на посещение таких ресурсов не подтвердился.,not_entailment,train
"""""""А как быть тогда с """"Russia today"""", где у нас работают иностранцы?"""" - спросил он. По словам главы комитета, такого рода решения должны приниматься в рамках редакционной политики телеканалов, поскольку законодатель далеко не все может сделать, отрегулировать.""",Глава комитета предлагает отдать решение на откуп законодателям.,not_entailment,train
"Я об этом мечтаю. Кто в это не верит - я сожалею. Кто призван это сделать, но не хочет, с ними мы расстанемся.","Это единственное, о чем я мечтаю.",not_entailment,train
"Только в прошлом году следователи возбудили по этой статье 34 уголовных дела. Об этом на пресс-конференции сообщил глава следственного управления СКР по Ярославской области Олег Липатов. - Многие дела объединили в одно производство, так как было выявлено преступное сообщество.",Статья стала основанием для возбуждения дюжины уголовных дел за год.,not_entailment,train
"Преступник ударил в живот сначала одну сестру, потом вторую, после чего зачем-то повел младшую в неизвестном направлении. На улице девушка стала говорить, что ей плохо. Тогда парень разбил окно в одном из домов, затащил ее туда, но, услышав, что кто-то идет, сбежал.",Преступник ударил сестер по очереди.,entailment,train
"Дом по адресу Ленина  63а является нежилым. Во многом благодаря этому обошлось без жертв. У здания два этажа: из кирпича и дерева. В результате пожара сгорели крыша и пристрой, обгоревшими оказались потолок, стены изнутри и снаружи, пол.",По адресу Ленина  63а сгорел жилой дом.,not_entailment,train
"""Как сообщил корреспондент """"Интерфакса"""", из метро """"Китай-город"""" двигалась большим потоком толпа, некоторые организованными группами, состоящими в основном из молодых людей. В одной из таких групп мужчины спрашивали друг у друга, куда им идти, и им ответили - на Ильинку, дом 5. Одна из шедших в сторону Гостиного двора женщина кому-то говорила по телефону о том, что она почти на месте и идет в конце, потому что с ней много людей.""",Корреспондент ничего не сказал о движении толпы.,not_entailment,train
"Он уже пришел в сознание. Спорт есть спорт – случилось перенапряжение, поскольку была очень жесткая борьба. Про судейство говорить бессмысленно, поскольку ничего не изменишь.",Он уже в сознании.,entailment,train
"Мужчина зарегистрировал их у себя по месту жительства, но не предоставил им фактических мест для проживания.",Мужчина регистрировал их в квартире соседа.,not_entailment,train
"По предварительным данным, смерть наступила в результате отравления продуктами горения, а причиной возгорания явилось неосторожное обращение с огнем во время курения в состоянии алкогольного опьянения, - говорится в сообщении.",Причиной пожара было дыхание дракона.,not_entailment,train
"По его словам, около 11:20 в северо-восточной части столицы пошел небольшой снег, который затем перерос в самую настоящую метель. Видимость на дорогах значительно снизилась, температура упала за короткий промежуток времени на два градуса. Так как земля по-прежнему сохраняет тепло, падающий снег моментально тает.",Снег сменился градом.,not_entailment,train
"""""""У нее были провалы в памяти - мозг защищает эти воспоминания"""", - сказала она. О насилии жертва сообщила врачам, когда ей исполнилось 16 лет. Но норвежские медики не имели права передавать эту информацию в полицию или родителям, поскольку формально девочка уже считалась совершеннолетней.""",У жертвы насилия проблемы с памятью.,entailment,train
"В этот день освящают воду, в которой верующие смывают грехи.",Верующие смывают грехи освященной водой.,entailment,train
"Умирающая девушка успела рассказать, что ее ударил ножом их собутыльник за то, что она его оскорбила, а потом быстро убежал. Сотрудница котельной вызвала полицию и «скорую». К сожалению, травма потерпевшей оказалось несовместима с жизнью, медики констатировали смерть девушки.",Девушка выжила.,not_entailment,train
"Прокуратура проверила кафе, документацию, а после обратилась в суд. В итоге, кальянную прикрыли. - Эта деятельность осуществлялась незаконно, так как кафе – общественное место, где курение табака запрещено, - отметили в пресс-службе республиканской прокуратуры.",Кальянную приоткрыли.,not_entailment,train
"Оказалось, компания из четырех человек собралась за столом, выпивали, а мужчины курили. Из-за неосторожного обращения с огнем загорелась мебель. Пламя быстро распространилось по помещению, гости не смогли вовремя покинуть полыхающий дом.",Люди выпивали и не заметили возгорания.,entailment,train
"Количество осадков будет выше нормы, снегопады будут сменяться метелями.",Снегопадов и метелей будет совсем мало.,not_entailment,train
"Женщина успела закрыться в подсобном помещении, откуда вызвала полицию.",Полиция сидела в подсобном помещении.,not_entailment,train
"Спасатели рассказали, что точки находятся в режиме постоянной готовности и в случае необходимости быстро окажут помощь пострадавшим.",Пострадавшие получат помощь.,entailment,train
"""""""Нам надо совместно проводить жесткую политику: этого не должно быть, мы не должны травить людей. На нашей стороне это карается жестко — это уголовно наказуемое деяние"""", — сказал он. Русый отметил, что если белорусские специалисты выявляют на рынке фальсифицированное продовольствие, тут же сообщают российским коллегам, потому что должна быть """"немедленная реакция"""".""",Белорусские специалисты выявляют на рынке фальсифицированное продовольствие.,entailment,train
"Однако через полчаса правоохранители задержали его. Мужчина признал вину. Рассказал, что зашел в квартиру, потому что она была открыта.","Возможно, квартира действительно была открыта.",entailment,train
"Он добавил, что согласно оперативно-розыскным данным, Глуховцев собирался 15 апреля скрыться за пределы РФ, но был задержан. Прокуратура поддержала доводы следствия и попросила суд арестовать фигуранта. Трое потерпевших также призвали суд изолировать обвиняемого, так как они опасаются за свою жизнь.",Фигуранта задержали при попытке купить пистолет.,not_entailment,train
"Экспертиза также подтвердила, что права ненастоящие. Впоследствии водитель признался, что приобрел удостоверение через интернет в Туле несколько лет назад. Раньше предъявлять документ полицейским ему не приходилось, так как за руль он садится крайне редко.",Экспертиза признала права фальшивыми.,entailment,train
"В Воронежской области задержали мужчину, который зарезал приятеля.",В Воронеже мужчина зарезал приятеля.,not_entailment,train
"Но даже когда велосипедисты формально соблюдают все правила, они вызывают гнев остальных участников движения. Почему? Потому что они не соблюдают неформальные правила, которые существуют на дороге.",Велосипедисты соблюдают неформальные правила на дороге.,not_entailment,train
"Как стало известно из информации Гидрометеобюро Москвы и области, в данный момент в Москве господствует ветер с юго-востока, который, согласно прогнозам, в ближайшее время не собирается менять направления. А это значит, что дует из тех районов Подмосковья, которые традиционно страдают от лесных и торфяных пожаров. Что может послужить поводом для беспокойства, поскольку ровно год назад в столице сложилась катастрофическая экологическая ситуация, связанная с лесными и торфяными пожарами в области.",В Москве может запахнуть гарью с горящих торфяников.,entailment,train
"""В ходе оперативных мероприятий проверялась информация, предоставляемая экстрасенсами. """"Мы не отказываемся ни от какой помощи, особенно когда речь идет о судьбе ребенка. Мы пользуемся услугами экстрасенсов, но исключительно избирательно, поскольку у нас есть как положительный, так и отрицательный опыт работы с ними"""", - сказал он.""","Информацию, полученную от экстрасенсов, оперативники проверяли.",entailment,train
"В случившееся трудно поверить. Произошла огромная трагедия. Уверен, причины будут установлены, но людей не вернёшь.","Люди пострадали, но не погибли.",not_entailment,train
"Это будет первый опыт. И, думаю, он будет успешным. Впоследствии постараемся, чтобы этот объект был передан собственнику, который сможет его отреставрировать и использовать по назначению.",Объект нуждается в реставрации.,entailment,train
"По одной из версий он выехал на полосу встречного движения, где столкнулся с автокраном.",На самом деле он столкнулся с автокраном именно на полосе встречного движения.,not_entailment,train
"Циклон уходит в океан, там растворяется.",Циклон рассеивается над океаном.,entailment,train
"Кроме того стоматолог не соблюдал правила личной гигиены, стерилизовал инструменты в не предназначенных для этого сосудах, а на самих инструментах имелись следы ржавчины. Стоматологический кабинет тоже не соответствовал требованиям закона. Помимо нелегальной работы его обвиняют в несоблюдении экологических и санитарно-эпидемиологических требований, за что стоматологу грозит дополнительное наказание, сообщает пресс-служба пермской прокуратуры.",Стоматолог лечил пациентов ржавыми инструментами.,entailment,train
"Я не выступал, потому что очень сложная организация.",Организация сложна.,entailment,train
"Министр внутренних дел Румяна Бычварова объявила, что на днях у Болгарии появится возможность осуществлять такую проверку всех въезжающих и выезжающих из страны, какой нет ни в какой другой европейской стране. Новая система контроля стала возможной, благодаря соглашению с США. Министр отказалась сообщить подробности, так как речь идет о конфиденциальной информации, и лишь уточнила, что повышается уровень безопасности и проверок.",Министр не сообщила подробности.,entailment,train
"""Она пройдет в центре Брянска 5 февраля. По словам пресс-секретаря главы брянской городской администрации Константина Касаминского, """"городские власти в проведении акции не отказали, в таких вещах никто не отказывает"""". """"Однако уведомление не было принято, поскольку не были соблюдены сроки"""".""",В центре Брянска пройдет акция.,entailment,train
"К спасательной операции подключились силы Национальной гвардии США и дополнительные полицейские подразделения. На грузовиках они подвезли провиант и воду в районы у восточных склонов Скалистых гор, которые в данный момент оказались полностью блокированы в результате разлива рек. Работы осложняются, так как многие дороги оказались непроходимы из-за оползней, спровоцированных разливом воды.",Национальная гвардия США пытается остановить разливы рек.,not_entailment,train
"Также родственники погибшего под колесами мужчины требуют компенсации морального вреда. Всего они запросили 2 млн рублей. Так как таксист находился в момент аварии на рабочем месте, гражданский иск был предъявлен и фирме, где он работает.",Сервису такси предъявили иск за сбитого мужчину.,entailment,train
"Минимальные травмы получил водитель автомобиля. Он смог самостоятельно выбраться из машины и наблюдал за происходящим со стороны. По предварительной версии, водитель потерял управление автомобилем, поскольку выбрал небезопасную скорость движения.",Водитель получил значительные травмы.,not_entailment,train
"""""""Википедия"""" пишет, что это был период избирательной президентской кампании в России, а Макфол тогда занимался изучением избирательных технологий. Как писал один из коллег Макфола, он поначалу хотел отклонить приглашение Коржакова, который в то время входил в предвыборный штаб Ельцина. Однако приятель посоветовал ему принять приглашение, поскольку последствия отказа были бы намного хуже.""",Коржаков входил в предвыборный штаб Макфола.,not_entailment,train
"""""""Но работа его команды - это просто смешно"""", - заявил украинец. """"Все их заявления только показывают, что они снова не относятся серьезно к ситуации. Меня это беспокоит, потому что я теряю время"""".""",Украинец назвал работу его команды смешной.,entailment,train
"Чтобы хозяйка ноутбука не заметила пропажу, он подложил ей в сумку книги по кулинарии.",Ноутбук был украден.,entailment,train
"Полиция разыскивает мужчину, который подозревается в совершении преступления - в угрозе убийством.",Полиция ищет свидетеля.,not_entailment,train
"Победу в гонке одержали норвежские спортсмены, тройку лучших замкнули немцы.",Норвежцы оказались лучшими гонщиками.,entailment,train
"При проверке выяснилось, что заказы на «опасный» товар принимаются через интернет.",«Опасный» товар продается в Сети.,entailment,train
"В отделение полиции обратился пациент больницы. Он объяснил, что вышел на несколько минут, а когда вернулся, не обнаружил в палате планшет и своего соседа. Как оказалось, пока мужчины не было, другой больной забрал планшет, связал несколько простыней и по ним сбежал через окно.",У пациента больше нет планшета.,entailment,train
"""""""Накануне во время ознакомления с административным делом адвокат Удальцова Николай Полозов вырвал пять листов из дела, в том числе протокол об административном правонарушении, протокол о доставлении, а также протокол об административном задержании, после чего разорвал их на маленькие кусочки и передал депутату Госдумы Илье Пономареву, который их съел"""", - сказал собеседник агентства. После этого во время рассмотрения дела сторона Удальцова заявила, что уничтоженных документов в деле не было. При этом судья, председательствовавшая на заседании, знала о наличии этих документов в деле, так как ознакомилась с ним заранее, кроме того, наличие вырванных протоколов подтверждает опись имеющихся документов, прикрепленная к делу.""",Николай Полозов съел бумаги сам.,not_entailment,train
"Региональный главк полиции сообщает, что закон не соблюдали в павильоне, расположенном на улице Революционной в областном центре.",В павильоне соблюдали закон.,not_entailment,train
"Водителя легкового автомобиля госпитализировали в реанимационное отделение районной больницы. У него взяли кровь на анализ. Отметим, что место происшествия очагом аварийности не является.",После произошедшего водитель попал в реанимацию.,entailment,train
"Упавшая на газон девушка выжила, но получила тяжелые травмы. Осознав, что он натворил, мужчина скрылся, но позже добровольно явился в следственные органы. При этом свою вину подсудимый вину не признал, пояснив, что его жена сама выпрыгнула в окно, поскольку была склонна к суициду.",Газон нанес девушке тяжелые травмы.,not_entailment,train
"""""""Состоялись очередные переговоры с правительством Москвы по поводу акции 10 марта. Представители мэрии сообщили, что окончательный ответ дадут сегодня вечером"""", - сказал Удальцов во вторник """"Интерфаксу"""". Он отметил, что ответ последует в любом случае, """"поскольку сегодня заканчивается срок рассмотрения уведомления"""".""",Срок рассмотрения уведомления заканчивается.,entailment,train
"Оказалось, вспыхнула однокомнатная квартира.",В однокомнатной квартире начался пожар.,entailment,train
"Известный в Рунете кот по кличке Барсик решил выдвинуть свою кандидатуру на предстоящих в 2018 году выборах президента России. О намерениях кота говорится на его странице в социальной сети. В сообщении отмечается, что он хочет побороться за этот государственный пост, так как является главным политическим котом.",Президентом России станет кот.,not_entailment,train
"Пострадавший пробирался между вагонами состава, когда поезд начал движение.",Человек пострадал.,entailment,train
"""На прошлой неделе в Интернете был выложен видеоролик, на котором были сняты врачи, ведущие прием пациентов с признаками алкогольного опьянения. По факту инцидента в больнице было проведено служебное расследование, у врачей были взяты анализы крови. """"Результаты анализов крови были отрицательные, так как был нарушен технический регламент - кровь отправили на исследование только через сутки, и алкоголь успел выветриться"""".""",У врачей брали кровь для проверки на сахар.,not_entailment,train
"Это грубейший просчет тех, кто проектировал дом, и делал изыскания геологические, почему и произошла эта ситуация. Поэтому сейчас-то где искать этих людей, которые занимались этим вопросом. Хотя автор проекта получил даже государственную премию за него, на то время он считался довольно продвинутым.",Автора проекта этого дома наградили.,entailment,train
"Карту и чек из аппарата забрала, а купюры взять забыла и ушла.",Она ушла без чека.,not_entailment,train
"Среди похищенной продукции компании Apple - по два планшета второго и третьего поколений и один четвертого. Общая стоимость украденной техники составляет не менее $3 тыс., отмечает издание. По данным полиции, пропажа была замечена только сейчас, поскольку сотрудники центра вышли на работу после череды праздничных дней.",Продукцию компании Apple украли.,entailment,train
"Волгоградский прокурор по надзору за соблюдением законов в исправительных учреждениях внес представление в адрес начальника областного УФСИН. Впоследствии четверым из провинившихся сделали выговоры и замечания. Остальные избежали наказания, потому что уже уволились или перевелись.",Увольнения и переводы помогли остальным избежать наказания.,entailment,train
"Водитель успел выскочить из автобуса, который начал медленно тонуть. Помочь ему в этот момент было некому. Владельцу оставалось только с грустью наблюдать, как тонет его имущество.",Водитель выпрыгнул из горящего автобуса.,not_entailment,train
"""В частности, был задержан  активист, который зажег фаер, и женщина с плакатом. Собравшиеся на площади начали скандировать: """"Позор!"""" Полицейские в мегафон просят граждан разойтись, так как их акция не согласована с органами исполнительной власти.""",Активист с фаером поджег плакат.,not_entailment,train
"Как сообщают очевидцы в социальных сетях, в Новом городе на пересечении проспектов Ленинского Комсомола и Ульяновского лоб в лоб столкнулись две легковушки.",В соцсетях сообщается о столкновении трех грузовиков.,not_entailment,train
"12 декабря междуреченский городской суд вынес приговор за четыре мошенничества с чужими квартирами, которые совершил 32-летний мужчина.",32-летний мужчина мошенничал на междуреченском рынке.,not_entailment,train
"""""""У нее были провалы в памяти - мозг защищает эти воспоминания"""", - сказала она. О насилии жертва сообщила врачам, когда ей исполнилось 16 лет. Но норвежские медики не имели права передавать эту информацию в полицию или родителям, поскольку формально девочка уже считалась совершеннолетней.""",У жертвы насилия идеальная память.,not_entailment,train
"В одной из комнат он нашел икону, которую забрал с собой, чтобы продать.",Он искал в комнате икону.,not_entailment,train
"""""""В настоящее время есть видеозаписи, где видно, что я сопротивление полиции не оказывал и вообще мое задержание проводили совсем другие люди, а не те сотрудники ОВД Измайлово, которым сказали написать рапорт и затем допросили в суде"""", - сказал он. Накануне в суде Навальный отрицал свою вину. """"Я пытался пройти к метро """"Кузнецкий мост"""", так как вход в метро """"Чистые пруды"""" был перегружен, а нас было много"""".""","Навальный сказал, что сопротивлялся полиции.",not_entailment,train
"На вопрос классного руководителя о причинах их появления мальчик ответил, что подрался со старшим братом.",Мальчик ответил на вопрос классного руководителя.,entailment,train
"Только жители региона могут по-настоящему оценивать работу губернатора, а не журналисты, считает глава Мурманской области Марина Ковтун. Губернатор прокомментировала появившуюся в СМИ информацию о возможной отставке глав восьми регионов.","Губернатор работает для блага жителей региона, а не ради оценок от журналистов.",entailment,train
"По ходу движения машинист пытался набрать скорость, но состав как будто не слушался.",Машинист не мог справиться с составом.,entailment,train
"1 ст. 285 УК РФ (злоупотребление должностными полномочиями). Никто из них не стал предпринимать никаких действий, так как оба полагали, что данное преступление не будет раскрыто, и это отразится на показателях их работы и может повлечь применение к ним мер ответственности.",Преступления не было.,not_entailment,train
"В Управлении автодорог, во всех подрядных организациях, а также в министерстве транспорта и связи региона будут организованы круглосуточные дежурства руководителей, - сообщают в Департаменте информационной политики губернатора.",В министерстве транспорта и ряде других организаций руководители будут дежурить круглосуточно.,entailment,train
"Подробности случившегося не сообщаются. Известно, что о произошедшем в полицию сообщила мать девочки, правда, пришла она в отделение на неделю позже. Она рассказала, что преступник каким-то образом проник к ним в дом и совершил надругательство над дочерью.",Подробности случившегося полиция не знает.,not_entailment,train
"""В доме никого кроме подсудимого - сожителя матери приятеля - не оказалось. Мужчина предложил выпить, а мальчик не отказался. Попойка продолжалась, пока подросток не """"вырубился"""" прямо в доме друга.""",Сожитель матери приятеля угостил мальчика семечками.,not_entailment,train
"""После смерти Владимира Михайловича Кучмия, который возглавлял """"Спорт-Экспресс"""" с момента его основания и до 2009 года, прошло более двух лет, но новый главный редактор так и не назначен. Почему? - Потому что он слишком много для нас значит - это одно.""",Ровно два года назад Владимир Михайлович был жив.,not_entailment,train
"""""""Мы сейчас говорим: много преступников у нас, малолетних преступников в частности, коррупции много, воровства. А почему все это происходит? Да потому что не живут люди по Божьему закону"""", - подчеркнул предстоятель.""",Предстоятель нашел причины коррупции и воровства.,entailment,train
"Горожан, которые вступили в брак в конце декабря, поздравляет Дед Мороз.",Дед Мороз разводится.,not_entailment,train
"Девушка рассказала, что неизвестный мужчина на виду у продавцов украл прямо с прилавка дорогой мобильный телефон и убежал.",Девушка рассказала о дерзкой краже.,entailment,train
"""Полицейские оцепили ее местонахождение с тем, чтобы с рассветом принять меры к обезвреживанию возможного взрывного устройства. Однако в 6:00 мск самодельное взрывное устройство, находившееся в сумке, сработало. В результате взрыва в супермаркете никто не пострадал, однако магазин получил сильные разрушения, поскольку взрыв был большой мощности"""", - сказал собеседник агентства.""",Супермаркет разрушило взрывом.,entailment,train
"На вопрос классного руководителя о причинах их появления мальчик ответил, что подрался со старшим братом.",У мальчика были синяки или ссадины.,entailment,train
"Женщины были привлечены к административной ответственности и получили штраф - по 3 тысячи рублей каждая, - сообщили в пресс-службе областного суда. Также с нижегородок взыскана стоимость грибов из расчета 600 рублей за 1 кг.",Женщины заплатили по 3 тысячи рублей каждая.,entailment,train
"В среду, 9 ноября, глава ведомства Александр Нерадько сказал журналистам, что Росавиация готова отложить принятие решение об аннулировании лицензии дискаунтера на три месяца.",В среду Нерадько выгнал журналистов.,not_entailment,train
"Не откладывать кару в долгий ящик решил уфимский пешеход, и прямо на месте наказал обидчика.",Пешеход обижает всю Уфу.,not_entailment,train
"""Береговой в суде пожаловался на противоправные действия и угрозы со стороны друзей Агафонова. """"После инцидента 15 августа 2011 г. ко мне приезжал молодой человек со стороны Агафонова, он требовал видеозапись с камер наблюдения, - рассказал он. По его словам, угрожавший обещал """"всем устроить, так как побили хорошего человека"""".""",Береговой жаловался в суде на друзей Агафонова.,entailment,train
"Когда стражи порядка подоспели, тот уже продолжал избиение лопатой.",Тот бил стражей порядка лопатой.,not_entailment,train
"""""""Мы предпримем все меры, чтобы доказать, что в действиях, которые стали основанием к возбуждению дела, нет состава преступления, и они лежат в гражданско-правовой плоскости, а не в уголовной"""", - сказал Антипов. Адвокат отметил, что решение Интерпола, вероятнее всего, не повлияет на обжалование заочного ареста Браудера, которое в ближайшее время должно состояться в Мосгорсуде. """"Никак не повлияет, поскольку вынесение судебного решения о заочном аресте изначально было неправильным и незаконным"""", - подчеркнул он.""",Скоро в Мосгорсуде обжалуют заочный арест Браудера.,entailment,train
"Деньги у девушки пропали, когда она ехала в такси.","У девушки были драгоценности, когда она садилась в такси.",not_entailment,train
"Уголовное дело в отношении парня возбудили после того, как неравнодушные граждане пожаловались на него в полицию.",На неравнодушных граждан пожаловались в полицию.,not_entailment,train
"""Примирительным жестом как будто бы в конец заблудившегося разума отборщиков не выглядит и включение в одну общую номинацию на """"Лучшую женскую роль второго плана"""" Джессики Честейн и Октавии Спенсер. Наверное, чтобы обе ничего не получили. Потому что при благополучном исходе для одной из актрис в кинематограф расовых вопросов вновь пахнет затхлым воздухом забытых и пережитых историй.""","""Джессика Честейн и Октавия Спенсер номинированы на получение премии в категории """"Лучшая женскую роль второго плана"""".""",entailment,train
"""По его мнению, """"оргкомитет просто не сможет удержать людей, чтобы не выступить в центре Москвы"""". По словам Удальцова, предложение провести митинг на Манежной площади не нашло понимания у представителей городской администрации. """"Другие варианты мы не стали предлагать, поскольку это привело бы к эскалации конфликта"""", - сказал он.""","Удальцов рассказал, что они не стали усиливать конфликт новыми предложениями.",entailment,train
"""""""Ощущение такое, что ни у кого нет никакого аппетита на предмет внешнего вторжения. Даже иногда кажется, что они молятся, чтобы Россия и Китай продолжали блокировать санкцию на внешнее вторжение. Потому что как только санкция будет, они будут действовать, а там никто не готов действовать"""", - сказал Лавров, который после саммита Россия-ЕС пообщался с журналистами в самолете по пути в Москву.""",Санкции на внешнее вторжение еще нет.,entailment,train
"""Как сообщил судья, в больнице на его запрос сообщили, что лидер """"Левого фронта"""" проходит лечение в терапевтическом отделении с диагнозом """"язвенная болезнь"""" и его участие в рассмотрении его жалобы об аресте нецелесообразно. По словам судьи, Удальцова должны выписать 6 января. Адвокаты подтверждают эту информацию, и добавляют, что лечение в клинике не будет зачтено их подзащитному в срок ареста, поскольку соответствующее решение суда было обжаловано и не может вступить в силу.""",Адвокаты подтверждают дату выписки Удальцова.,entailment,train
"Министр внутренних дел Румяна Бычварова объявила, что на днях у Болгарии появится возможность осуществлять такую проверку всех въезжающих и выезжающих из страны, какой нет ни в какой другой европейской стране. Новая система контроля стала возможной, благодаря соглашению с США. Министр отказалась сообщить подробности, так как речь идет о конфиденциальной информации, и лишь уточнила, что повышается уровень безопасности и проверок.",Министр рассказала подробности.,not_entailment,train
"Учащийся политехнического техникума, находясь в состоянии алкогольного опьянения, избил, а затем ограбил прохожего. В итоге потерпевший получил многочисленные ушибы и перелом носа, а также лишился пяти тысяч рублей. Как выяснилось позже, подросток, совершивший разбойное нападение, уже имел условный срок по предыдущему приговору.","Ограбленный отделался многочисленными ушибами, переломом носа и потерей пяти тысяч рублей.",entailment,train
"Штормовое предупреждение продолжает действовать, а все экстренные службы работают в штатном режиме.",Сильный ветер уже не вернется.,not_entailment,train
"Как выяснили полицейские, школьник перебегал дорогу в неустановленном месте, из-за чего водитель «мерседеса» не успел вовремя затормозить.",Школьник бежал через дорогу.,entailment,train
"Рассказал, что знаком с обвиняемым около 5 лет, они вместе ходили на занятия в спортзал. - Адекватный, нормальный человек, но в последнее время работал не постоянно, испытывал материальные трудности. Не мог устроится на работу, потому что не имел образования, - предположил свидетель.",Свидетель ходил вместе с обвиняемым на футбол.,not_entailment,train
"Как сообщает пресс-служба региональной прокуратуры, в сентябре прошлого года житель Московского района был привлечен к административной ответственности за неуплату алиментов.",За неуплату алиментов мужчину привлекли к административной ответственности.,entailment,train
"""Требования, которые переходят, зашкаливают за что-то. Будь то желание построить башню """"Газпрома"""", будь то желание присоединить к себе """"Ленфильм"""", будь то что-то другое. Это происходит, потому что наши капиталисты, да и любые, наверное, – жадные.""",Наши капиталисты жадные.,entailment,train
"Новогодние герои приветствовали прохожих, поднимали настроение песнями и репликами, которые раздавались из динамика.",У новогодних героев отличная динамика.,not_entailment,train
"Учащийся политехнического техникума, находясь в состоянии алкогольного опьянения, избил, а затем ограбил прохожего. В итоге потерпевший получил многочисленные ушибы и перелом носа, а также лишился пяти тысяч рублей. Как выяснилось позже, подросток, совершивший разбойное нападение, уже имел условный срок по предыдущему приговору.","Подросток оказался не просто преступником, а преступником-рецидивистом.",entailment,train
"От полученных травм пенсионерка умерла. Затем он вышел в подъезд, стал вести себя агрессивно и стучаться в другие квартиры. Соседка потерпевшей по телефону вызвала полицейских, которые застали злоумышленника на месте преступления.",Злоумышленник нанес пенсионерке травмы в подъезде.,not_entailment,train
"""""""Можно всех думающих журналистов поснимать с телеканалов - у одного окажется много иностранных паспортов, у другого - рожа не та, но тогда останутся только те, кто будет говорить исключительно то, что понравится депутатам Государственной думы"""", - подчеркнул телеведущий. Владимир Познер имеет гражданство трех стран - России, США и Франции. Его комментарии агентству получить не удалось, поскольку его телефон оказался недоступен.""",Владимир Познер имеет паспорта трех стран.,entailment,train
"Рост заболеваемости ОРВИ зафиксирован в Хабаровске после новогодних праздников. По данным управления здравоохранения городской администрации, в краевой столице болеет почти 5200 человек. - Как и ожидалось, прошёл благоприятный период, когда было зафиксировано снижение заболеваемости, потому что во время каникул люди не обращались в поликлиники и лечились самостоятельно.",В Хабаровске растет заболеваемость ОРВИ.,entailment,train
"ФБР на две недели открыло доступ к сайту, где хранились тысячи фотографий детской порнографии. Предполагаемые педофилы, таким образом, получили возможность обмениваться нелегальным контентом, чем и раскрыли свои личности. Детали спецоперации пока не раскрываются, поскольку расследование по делу продолжается.",ФБР поймали педофилов в Сети.,entailment,train
"Ранее также были арестованы предполагаемый лидер преступной группы, ранее судимый 52-летний Андрей Вишневский, Олег Новак и Владимир Попов.",Предполагаемому лидеру группировки 52 года.,entailment,train
"В решении суда отмечается, что действия журналистки вызвали «негодование и возмущение» в обществе.",Решение суда вызвало негодование и возмущение в обществе.,not_entailment,train
"О насилии жертва сообщила врачам, когда ей исполнилось 16 лет. Но норвежские медики не имели права передавать эту информацию в полицию или родителям, поскольку формально девочка уже считалась совершеннолетней.","Норвежские медики получили право рассказывать, что их пациентку изнасиловали.",not_entailment,train
"На рассмотрение все документы передали в областной суд. Тогда же он пытался обжаловать заведенное уголовное дело, но получил отказ. Приговор выносили в отсутствии подозреваемого, сейчас он находится в бегах за пределами страны и объявлен в международный розыск.",Подозреваемый объявлен в международный розыск.,entailment,train
"Судно прибывает в сочинский порт за 7 часов. В то же время, билет на самолет до Сочи в летнее время стоит 3 тысячи, а время в пути – чуть меньше часа.",Билет на самолет до Сочи летом стоит 7 тысяч.,not_entailment,train
"Уже которую неделю жители оружейной столицы жалуются, что коммунальщики не удаляют нависшие ледяные сосульки на крышах домов города.",Коммунальщики Тулы не сбивают сосульки.,entailment,train
"""""""Принимая во внимание аргумент правительства, что партия после роспуска может преобразоваться в общественную организацию, суд признал неприемлемым принуждение организации принимать иную юридическую форму, чем она требует"""", - говорилось в сообщении ЕСПЧ. Судьи также отметили, что преобразование в общественную организацию не позволит республиканской партии участвовать в выборах. Судьи также сочли необоснованным роспуск партии из-за малой численности, поскольку меньшинства тоже должны иметь возможность участвовать в политической жизни.""",Судьи против роспуска партии из-за малой численности.,entailment,train
"""Так, депутаты Госдумы Илья Пономарев и Дмитрий Гудков, а также комендант лагеря Илья Яшин обсудят с ней в четверг подробности организации фестиваля. Как заявил """"Коммерсанту"""" Пономарев, """"с """"Баррикадной"""" лагерю действительно очень повезло"""", так как в Пресненском районе из 15 муниципальных депутатов - 11 оппозиционеров. """"Они, я думаю, и не допустят повторения истории с газонами, так как подобные вещи находятся в их ведении"""", - сказал он.""",В Пресненском районе 11 оппозиционных муниципальных депутатов из 15.,entailment,train
"Мы можем работать, потому что нас считают нейтральными. Мы помогаем в конфликтах, в которых могут участвовать больше двух сторон. И нам доверяют, потому что нас считают нейтральной и независимой гуманитарной  организацией.",Нам доверяют.,entailment,train
"По предварительным данным, смерть наступила в результате отравления продуктами горения, а причиной возгорания явилось неосторожное обращение с огнем во время курения в состоянии алкогольного опьянения, - говорится в сообщении.",Причиной смерти могла стать ядовитая гарь.,entailment,train
"Об этом на своей странице в Facebook сообщил один из сотрудников университета. - Весь профессорско-преподавательский состав мужского пола не зависимо от возраста и званий должен получить эти справки. Это странно, потому что отдел кадров сам не может запросить этот документ, а он, судя по всему, нужен для будущей аккредитации.",Всех мужчин-профессоров в университете заставили самих бегать за справками.,entailment,train
"ВАЗ «одиннадцатой» модели пропал от дома потерпевшего. Нашелся же автомобиль в соседнем селе. Оказалось, что преступники бросили машину, так как она застряла в сугробе.",ВАЗ сломался.,not_entailment,train
"Когда все темы для разговора закончились, оказалось, что мужчина пока не готов прекращать банкет.",Мужчина продолжил банкет.,not_entailment,train
"""Если мы уже доходим до того, что нужно приватизировать """"Ленфильм"""", то есть уже ничего другого не осталось, что приватизировать, то дело, в общем, обстоит не очень хорошо. ""","""Приватизировать """"Ленфильм"""" нехорошо.""",entailment,train
"Его тут же осмотрели медики, оказали первую помощь, но от госпитализации он отказался. Пожар удалось быстро локализовать, огонь не успел перекинуться на соседние дома. Сейчас специалистам предстоит установить, что стало причиной возгорания.",Огонь перекинулся на соседние дома.,not_entailment,train
"""""""Целостность картины никак не была нарушена, так как надпись не проникла глубоко"""".""",Надпись оказалась поверхностной.,entailment,train
"Когда приехали пожарные, в квартире горели домашние вещи.",Вещи сгорели к приезду пожарных.,not_entailment,train
"Все они будто бы попали в инфекционную больницу, а двое погибли.","Все абсолютно точно попали в какую-то больницу, а двое погибли.",not_entailment,train
"""Оказалось, здесь не брезговали тухлыми продуктами. - В ходе проверки были обнаружены нарушения санитарных норм, - сообщили """"Комсомольской правде""""-Саратов в пресс-службе областной прокуратуры. - В частности, наши сотрудники выявили просроченные мясные изделия, а также молоко, которое на момент проверки находилось в замороженном состоянии.""",Здесь были тухлые продукты.,entailment,train
"Такое решение приняли сегодня депутаты Челябинской городской Думы. В Советском районе появятся улицы: Аграрная, Житная, Плодородная и Посевная. Сельскохозяйственную тематику выбрали, поскольку рядом находятся сады.",В Советском районе Челябинска появятся новые улицы.,entailment,train
"А недавно бабушка заболела, попала в больницу и скоропостижно скончалась.",Недавно бабушка скончалась.,entailment,train
"Автобус отбросило на обочину, он перевернулся. Там находилось 15 пассажиров (среди них годовалая малышка) и водитель. Так как все были пристёгнуты, их гибели удалось избежать.",Погибли 15 пассажиров.,not_entailment,train
"""""""Это обыкновенная гнусная ложь, потому что я никакую коммерческую деятельность не веду, находясь на должности депутата, никаким отмыванием денег я не занимаюсь"""".""",Я отмываю только грязные деньги.,not_entailment,train
"""""""А почему через окошко?"""" — интересуется спасатель. """"Потому что сын меня закрывает на ключ"""".""",Сын закрыл спасателя на ключ.,not_entailment,train
"Поэтому мы можем работать там, где другие не могут. Там, где есть разные интересы и иногда неясные интересы и очень тяжелая ситуация, как, например, в Афганистане. Мы можем работать, потому что нас считают нейтральными.",Нас воспринимают как нейтральных.,entailment,train
"Он намеревался переночевать у друга, но позднее сменил планы и пошел гулять с приятельницей.",Он переночевал у приятельницы.,not_entailment,train
"Начальник Управления ЖКХ и дорожного хозяйства города Александр Студеникин сообщил, что участок связующей дороги составляет более шести километров. В течение недели снег там круглосуточно чистит спецтехника, но все усилия сводят на нет частые метели и снегопады. Так как ситуация повторяется каждую зиму, жители заранее запасаются всем необходимым.",На этом участке дороги только спецтехника останавливает метели и снегопады.,not_entailment,train
"В нем он обвинил полицейского в применении к нему насилия во время задержания. Он сообщил, что полицейский повалил его на землю и нанес ему несколько ударов кулаками в лицо. Как сообщает региональное управление Следственного комитета, жалобу всесторонне проверили, оказалось, что во время задержания гражданина физическая сила в отношении него не применялась.",Жалобу гражданина не проверили.,not_entailment,train
"Представители активной молодежи Саратовской области на пресс-конференции в «КП»-Саратов затронули важные темы для студенчества и молодежи. Говоря о развитии студенческого сообщества, региональный куратор ассоциации студенческих коммуникаций «Кампус» Дмитрий Горбунов подчеркнул, что их сообщество впервые появилось в регионе в этом году.",На пресс-конференции побывали пенсионеры.,not_entailment,train
"""""""Мы видели значительное количество очень посредственных команд на Чемпионате Европы во Франции, а здесь ещё почти что на треть возрастёт количество команд, которые не будут в своём составе иметь футболистов высокого международного класса», — цитирует Колоскова радиостанция «Говорит Москва». Помимо этого, возрастёт нагрузка «на выдающихся футболистов, которых в мире единицы», считает эксперт. Это произойдет, так как новый регламент значительно сокращает перерывы между играми в финальном турнире.""",Новый регламент немного уменьшает перерывы между играми в финальном турнире.,not_entailment,train
"Мы сейчас едем не в своем темпе, часто двигатель не позволяет нам это сделать.",Двигатель часто ограничивает наши возможности.,entailment,train
"Самки и самец расположились в соседних вольерах, но между ними проложили небольшой проход. Места там хватит, чтобы самки могли пройти, а вот самец уже не поместится. Это сделано для того, чтобы у птиц не возникало конфликтов во время брачного периода и самки могли отдохнуть от внимания кавалера.",Возможность конфликтов во время брачного периода сведена к минимуму.,entailment,train
"Новогодние герои приветствовали прохожих, поднимали настроение песнями и репликами, которые раздавались из динамика.",Новогодние несли радость прохожим.,entailment,train
"И речь тут идет далеко не о бокале вина, а большом количестве алкоголя, что нередко приводит к плачевным последствиям.",Бокал вина всегда приводит к плачевным последствиям.,not_entailment,train
"Возгорание быстро потушили, никто не пострадал. Как выяснилось, происшествие случилось из-за нарушения правил пожарной безопасности. Хозяева квартиры решили самостоятельно почистить газовую колонку, после чего ушли в соседнюю комнату, и в это время вспыхнул пожар.",Непрофессиональное обращение с газовой колонкой вызвало пожар.,entailment,train
"Среди арестованных оказался и гражданин Узбекистана. Абдуназим Атабоев по решению суда останется под стражей до 20 сентября. Заседание проходило с участием переводчика, поскольку подозреваемый практически не владеет русским языком.",Гражданин Узбекистана обошелся без переводчика.,not_entailment,train
"Двоих преступников, которые похищали фары с дорогих машин, задержали иркутские полицейские.",Иркутские полицейские нашли все украденные фары с дорогих машин.,not_entailment,train
"Как рассказали «Комсомольской правде» в пресс-службе ведомства, чаще всего люди погибали в огне из-за курения в пьяном виде.","В пресс-службе ведомства рассказали о тех, кто погиб в пьяном виде.",entailment,train
"""""""Космодром """"Восточный"""" нам нужен, потому что мы приняли решение создать программу независимого доступа в космос"""".""",Мы приняли решение создать программу независимого доступа в космос.,entailment,train
"""Сам Мавроди поспешил опровергнуть это предположение. """"Заявляю официально, что мне ничего неизвестно об участии судебных приставов в системе МММ-2011. Возможно, они и участвуют, поскольку участие у нас анонимное, но мне про это неизвестно"""".""",Мавроди подтвердил предположение.,not_entailment,train
"По данным источника агентства, именно в одной из последних двух машин находился освобожденный во вторник спортсмен. Он находится под усиленной охраной и будет вывезен в безопасное место. Это сделано во избежание каких-либо инцидентов, так как у здания суда скопилось несколько десятков человек, в основном - противников такого приговора.",Во вторник спортсмена освободили.,entailment,train
"""Краснодарский краевой суд в понедельник принял решение о рассмотрении уголовного дела банды Сергея Цапка из станицы Кущевская с участием коллегии присяжных, сообщила адвокат потерпевших Екатерина Романова. """"Судом вынесено решение о рассмотрении дела с участием присяжных"""", - сказала адвокат журналистам. Она отметила, что защита потерпевшей стороны поддерживает это решение, поскольку """"это всегда лишние глаза"""".""",Банду Цапка будут судить судом присяжных.,entailment,train
"""Мне представляется, что нельзя людей держать за быдло, а надо постоянно работать таким образом, чтобы люди имели возможность выбирать. Чтобы радиостанция предоставляла им возможность выбора. Потому что """"Эхо"""" - это отражение страны.""","Я думаю, что держать людей за быдло можно только ради возможности выбирать.",not_entailment,train
"Маршрутный автобус, немного постояв на запрещающий сигнал светофора, почему-то не выдержал и рванул напрямик.",Маршрутный автобус не дождался зеленого сигнала светофора.,entailment,train
"Где-либо занять деньги, кроме как у потерпевшей, она не может. Поверив в это, женщина перевела необходимую сумму на банковскую карту неизвестного мужчины, который представился хирургом. Врач подтвердил, что получил деньги, вскоре проведет операцию.",Человек представился хирургом и получил деньги от потерпевшей.,entailment,train
"Дело в том, что женщина имела хорошие связи среди приставов, и эти деньги она должна была передать судебным исполнителям, чтобы те закрыли глаза на долги.",Женщина отказывалась воспользоваться связями.,not_entailment,train
"В Сомали в прошлом году было потрачено 120 млн. долларов, и мы кормили  более 1 млн. человек, так как там происходили и конфликты, и стихийные бедствия.",Мы кормили людей в Сомали.,entailment,train
"""По ее словам, суд согласился с доводами следствия, что Воротников уклоняется от участия в расследовании, не является на допросы. Кроме того, в отношении него было возбуждено второе уголовное дело. """"Мы будем обжаловать, потому что следователь указал на суде, что Воротников не является по вызовам в рамках второго дела"""".""",Воротников не является на допросы.,entailment,train
"Это ДТП попало на запись авторегистратора одного из очевидцев, видео выложили в сеть (в группу «ЧП-Красноярск»). Как рассказали свидетели того, как все случилось, 75-летнего мужчину сбили, когда он переходил дорогу не по светофору, и не по переходу. Возможно, водитель автобуса его попросту не заметил, так как было уже совсем темно.",75-летний мужчина попал под автобус.,entailment,train
"Как рассказывают очевидцы, инцидент произошел около восьми утра. Всем пассажирам удалось вовремя покинуть салон. - Классным было утро, ничего не скажешь.",Пассажиры не стали покидать салон.,not_entailment,train
"Двое мужчин и две женщины выпивали, когда одному из них, недавно освободившемуся из мест лишения свободы, захотелось любви и тепла. С недвусмысленным предложением он обратился к одной из участниц застолья, однако та отказала в близости. Обидевшись, мужчина схватил нож и решил всех «проучить».",Пьяное застолье продолжилось поножовщиной.,entailment,train
"В квартире на 2 этаже находился 70-летний хозяин, когда неожиданно раздался громкий хлопок и погас свет. Оказавшись на кухне, мужчина увидел огонь. После попытки самостоятельно потушить пламя хозяин попытался выйти наружу, потому что из-за дыма стало нечем дышать.",Из-за дыма стало трудно дышать.,entailment,train
"Параллельно рабочие вели монтаж балок на уже готовые опоры. Таким образом, в настоящий момент смонтирована 21 балка, осталось еще 14 балок, – сообщил генеральный директор Примавтодор Дмитрий Горлов. Старый мост строители разобрали, поскольку он был в аварийном состоянии.",Мост был в прекрасном состоянии.,not_entailment,train
"Преступник ударил в живот сначала одну сестру, потом вторую, после чего зачем-то повел младшую в неизвестном направлении. На улице девушка стала говорить, что ей плохо. Тогда парень разбил окно в одном из домов, затащил ее туда, но, услышав, что кто-то идет, сбежал.",Преступник ударил обеих сестер в одно и то же место.,entailment,train
"Пожарные приехали к дому в полдень, обнаружили очаг возгорания и начали тушить огонь.",Пожарные потушили пламя.,not_entailment,train
"Что мы хотим делать дальше? У нас три основных направления: первое - это до 1 июля внедрить СМЭВ во всех субъектах и муниципалитетах. Это нам будет проще сделать, так как в каждом субъекте есть представительства федеральных территориальных органов, а они уже реализовали электронное взаимодействие.",У нас есть только три направления для дальнейших действий.,not_entailment,train
"На вопрос классного руководителя о причинах их появления мальчик ответил, что подрался со старшим братом.",Мальчик подрался со старшим братом.,not_entailment,train
"""12:25 - """"Действия девушек являются злостным хулиганством, так как они заранее знали, что так себя вести в храме нельзя. Они вели себя так дерзко, что это максимально причинило боль верующим. Они совершили деяния не по незнанию, а вопреки, в Интернете они комментировали свой поступок так: а служить свой молебен будем у алтаря, потому что женщинам туда нельзя"""", - продолжает прокурор.""","Прокурор назвал действия девушек дерзостью, хулиганством и максимальным причинением боли верующим.",entailment,train
"Это должно дать свой результат - поголовье птиц станет в два раза больше, считают специалисты.","Специалисты верят, что птиц будет больше.",entailment,train
"Однако жилеты были надеты не на всех людей, чьи тела на данный момент удалось обнаружить.",Все тела были одеты в жилеты.,not_entailment,train
"""Позже, в начале октября президент Владимир Путин назвал приговор Pussy Riot - по два года колонии общего режима каждой - правильным. """"На самом деле правильно, что их арестовали, и правильно сделали, что суд у нас такое решение принял. Потому что нельзя подрывать основы морали, нравственности, разрушать страну"""".""","Путин назвал правильным приговор, вынесенный группе Pussy Riot.",entailment,train
"""""""Я хотел бы поблагодарить всех участников заседания, - начал глава региона. - Благодаря тому, что вы смогли сделать, команда продолжает участвовать и радовать болельщиков. На стадионе мы видим знаменитую """"Рыбку"""", все чаще и чаще команда выигрывает"""".""",Глава региона поблагодарил болельщиков.,not_entailment,train
"Стало известно, где собираются отмечать праздник Крещения Господня первые лица региона.",Первые лица региона отметят Крещение.,entailment,train
"Преступник ударил в живот сначала одну сестру, потом вторую, после чего зачем-то повел младшую в неизвестном направлении. На улице девушка стала говорить, что ей плохо. Тогда парень разбил окно в одном из домов, затащил ее туда, но, услышав, что кто-то идет, сбежал.",На улице девушке стало плохо.,not_entailment,train
"""""""Я надеюсь, они услышат. Это касается премий, доходов.... Нужно понимать, в какой стране мы живем, и не раздражать людей"""", - подчеркнул президент. Позже он добавил: """"То, что пресса """"пощипывает"""" представителей крупного бизнеса и чиновников - это хорошо"""".""",Президент предложил не раздражать людей.,entailment,train
"В 2.07 огонь был локализован, а в 2.16 ликвидирован. Здание полностью осталось без крыши и серьезно обгорело, как внутри, так и снаружи. Но так как блок был хозяйственным, при пожаре никто не пострадал.",Крыша здания полностью утрачена.,entailment,train
"Но из-за прогноза метеорологов, которые грозятся понижением столбика термометра ниже тридцати, здоровьем пермских учеников решили не рисковать.","В Перми, вероятно, будет тридцать градусов жары.",not_entailment,train
"Но она не поверила ему, так как слышала о мошенниках.",Она засомневалась.,entailment,train
"Даже в летние месяцы, когда традиционно экспорт электроэнергии растет, тенденцию не удалось остановить.",Тенденцию удастся остановить осенью.,not_entailment,train
"Я и так всегда крайний, - ответил глава администрации. - Отношусь уже ко всему спокойно. Я на данный момент понимаю, что взял на себя большую ношу, но мы за два года сделали достаточно.",Глава администрации удовлетворен результатами двух лет работы.,entailment,train
"Молодого человека, который явно только-только употребил наркотическое вещество, обнаружили в подъезде одного из домов.",Молодой человек явно был под кайфом.,entailment,train
"Трое молодых людей, из числа ранее судимых, совершили 23 кражи из гаражей и дачных участков. Вначале, они при помощи топора разобрали крышу пристроя к магазину поселка Железнодорожный, проникли на склад продуктов и собрались вынести бутылки с пивом и подсолнечным маслом, несколько пачек пряников, печенье, вермишель и наборы карамели. Однако увести награбленное они не смогли, так как их спугнула охрана.",Четверых преступников спугнула охрана.,not_entailment,train
"""Астахов отметил, что в ситуации разбираются вирусологи и инфекционисты. Главная задача - локализовать распространение вируса. """"Потому что уже несколько версий существует, в том числе - что это внесенный вирус, привезенный кем-то из-за границы"""".""","Это внесенный вирус, привезенный кем-то из-за границы.",not_entailment,train
"""Есть еще нерешительная пара  -  экскурсовод и повар придорожного кафе, которым достается сюжет Пиросмани про миллион алых роз. Ну, и, наконец, героиня Анны Михалковой, без промаху продолжающая найденную ранее и успешно продолженную актрисой  в """"Кококо"""" комедийную расшифровку своего таланта. В """"Любви с акцентом"""" она бесстрашно отправляется в """"отпуск по зачатию"""", потому что дома уже совсем не получается.""",Экскурсовод и повар придорожного кафе весьма решительны.,not_entailment,train
"Министр отметил, что вопрос сейчас стоит в другом. - Должна вестись системная работа с женщиной и семьей. И я считаю, что уговоры женщин сохранить плод – это, конечно, не репродуктивное насилие, - подчеркнул министр.",Уговоры – это не насилие.,entailment,train
"""""""В принципе, я противник того, чтобы журналисты участвовали в политических митингах и прочих акциях. Но здесь они пытались только выразить солидарность со своими коллегами, и поэтому их действия я полностью поддерживаю"""", - сказал А.Венедиктов в среду """"Интерфаксу"""". По его мнению, """"произошло нарушение закона, поскольку это были одиночные пикеты"""".""",Венедиктов выразил поддержку одиночным пикетчикам.,entailment,train
"Парень выпивал в кампании знакомых, потом пытался завязать драку и его выставили на улицу.",Парня выставили на улицу.,entailment,train
"Они попытались остановить авто, но водитель проигнорировал их.",Они не смогли остановить машину.,entailment,train
"На одной из остановок в автобус вошел мужчина, и на этом безмятежное путешествие для наших героинь закончилось.",Мужчина сел в автобус.,entailment,train
"У водителя накопилось неоплаченных штрафов ГИБДД на общую сумму более 186 тысяч рублей. Минимальная сумма штрафа составляет 300 рублей, максимальная - 5 тысяч рублей. Поскольку водитель оплатил лишь часть долга, было возбуждено исполнительное производство и судебные приставы наложили арест на автобус.",Приставы забрали у мужика автобус.,entailment,train
"""Для проведения досрочных выборов мэра Москвы потребуется отставка действующего градоначальника Сергея Собянина, заявил спикер Мосгордумы Владимир Платонов журналистам после собрания Общественной палаты в Москве, на котором Собянин объявил о намерении участвовать в досрочных выборах. """"Должны быть сложены полномочия действующего мэра"""", - сказал Платонов.""","Собянин сможет участвовать в досрочных выборах, если уйдет в отставку.",entailment,train
"""Президент РФ Дмитрий Медведев отметил, что стоимость новой радиолокационной станции в Калининграде существенно ниже, чем стоимость станций, которые строились в Советском Союзе. """"Стоимость строительства этой станции, не раскрывая каких-то цифр, она существенно ниже, чем аналогичные станции, которые строились в советские времена, включая действующие станции"""", - сказал президент РФ на совещании с Вооруженными силами РФ. Он подчеркнул, что это немаловажный вопрос, поскольку экономия средств - """"всегда крайне актуальная задача для министерства обороны"""".""","Президент сказал, что на строительстве новой радиолокационной станции удастся сэкономить деньги.",entailment,train
"""""""Я осознанно шел играть по чужим правилам. Я не считаю их (выборы - ИФ) честными, но принял этот вызов"""", - сказал Прохоров в прямом эфире на Первом канале в воскресенье. Он подчеркнул, что пошел на выборы, потому что посчитал важным довести свои взгляды и консолидировать вместе миллионы образованных и честных людей.""",В воскресенье Михаил Прохоров выступил в прямом эфире на Первом канале.,entailment,train
"Оперативники выехали на место происшествия и выяснили, что злоумышленник попал в квартиру, сумев подобрать ключи к входной двери. Нашли силовики и отпечатки его пальцев, благодаря чему сумели в скором времени задержать подозреваемого.",Преступник подобрал ключи к замку.,entailment,train
"""На вопрос, занимался ли задержанный канадский лейтенант шпионажем в пользу России, Г.Мамедов ответил, что """"не знает"""", так как """"не он возглавляет службу разведки"""". А на вопрос, кто из российских дипломатов покинул страну, российский посол и вовсе отказался отвечать. """"Я не могу свободно обсуждать эту тему, так как не хочу повлиять на ведение судебного процесса"""", - сказал он.""","Канадского лейтенанта подозревают в том, что он российский шпион.",entailment,train
"Как считают следователи, в течение трех лет она специально указывала в налоговой декларации цифры, которые были значительно ниже реальных.",Три года подряд она правильно заполняла налоговую декларацию.,not_entailment,train
"Приставам не удалось застать его на месте. Дверь открыла супруга. В комнате судебный пристав обнаружил металлический сейф, в котором хранилось огнестрельное оружие.",Жена открыла приставу сейф и долго показывала оружие.,not_entailment,train
"""Сам Удальцов заявлял, что врачи действуют под давлением полицейских. """"Власти избрали тактику поддержания у меня минимального жизненного уровня. В этих условиях я вынужден продолжать голодовку, поскольку никакой вины за собой не вижу"""", - сообщил он.""",Удальцов отказывается от еды.,entailment,train
"Я здесь все взорву! – такую фразу часто можно услышать в захватывающих боевиках. Но вряд ли кто-то обрадуется, когда такое прозвучит от неизвестного человека в обычной жизни.","""В боевиках нередко угрожают """"все здесь взорвать"""".""",entailment,train
"""По словам очевидцев, их было как минимум три. Сотрудник министерства рассказал местной газете Postimees, что сидя у себя в кабинете на первом этаже услышал стрельбу, после чего быстро закрыл двери и покинул здание через окно. """"Что там сейчас происходит, не знаю, так как не нахожусь в здании"""".""",Сотрудник министерства слышал стрельбу.,entailment,train
"В Кирове в полицию обратилась 63-летняя женщина, поскольку у нее из дома пропали ювелирные украшения. Браслет, три кольца и серьги пенсионерка оценила в 18 тысяч рублей. Точную дату пропажи украшений женщина не могла сказать, поскольку давно не проверяла место, где хранила золото, но она точно знала, что никто дверь в ее квартиру не взламывал, а значит вор был среди тех, кого пускали в гости.",В Кирове украли ювелирные украшения на сумму 18 тысяч рублей.,entailment,train
"Ее поймали, когда она вновь вернулась в город.",Она вновь вернулась в город.,entailment,train
"""""""Есть отдельное правило для """"Эха Москвы"""", отдельное правило для """"Новой газеты"""", отдельное правило для New Times (журнал The New Times - ИФ). Почему? Потому что маленькая аудитория"""".""",Нет отдельных правил для разных редакций и изданий.,not_entailment,train
"В нем он обвинил полицейского в применении к нему насилия во время задержания. Он сообщил, что полицейский повалил его на землю и нанес ему несколько ударов кулаками в лицо. Как сообщает региональное управление Следственного комитета, жалобу всесторонне проверили, оказалось, что во время задержания гражданина физическая сила в отношении него не применялась.",Жалобу гражданина проверили.,entailment,train
"Промышленные предприятия, организации и учреждения создали новые новогодние композиции и украсили деревья.",Предприятия и организации готовятся к Новому году.,entailment,train
"В ведомстве отмечают, что ранее подозреваемый уже был судим за кражу. Злоумышленник во всем признался и написал явку с повинной. На допросе он рассказал, что один из похищенных телефонов потерял, другой продал, а деньги потратил.",Злоумышленник похищал чужие телефоны.,entailment,train
"Сейчас самарские льготники (многодетные семьи, ветераны, малоимущие и прочие социально незащищенные граждане) получают единовременную денежную выплату не зависимо от того, сколько денег они тратят на коммунальные услуги и оплачивают ли они их.","Многодетные семьи, ветераны и малоимущие социально не защищены.",entailment,train
"Королева Великобритании Елизавета II одобрила принятый ранее парламентом законопроект о легализации однополых браков, сообщают в среду местные СМИ. Таким образом, этот нормативный акт вступил в законную силу. Ожидается, что первые однополые браки будут заключены не ранее следующего лета, так как властям страны необходимо разрешить ряд бюрократических вопросов, связанных с регистрацией таких союзов.",Власти Великобритании уже регистрируют первые однополые браки.,not_entailment,train
"""Фото с места трагедии. - Его обнаружил мой сын, когда возвращался домой из магазина, - рассказал """"Комсомольской правде""""-Саратов очевидец ЧП. - Видимо, все произошло очень быстро, потому что по пути из дома никого на улице было.""",Произошло ЧП.,entailment,train
"Температура будет колебаться, периодически будет подсыпать снег.",Температура будет устойчивой.,not_entailment,train
"Машину украсть было несложно, ведь потерпевший оставил ее ключом в замке зажигания.",Потерпевший усложнил угонщику задачу.,not_entailment,train
"Мы попытались это сделать в МГУ. Сначала проложили по дороге. Вынуждены были убрать, потому что невозможно.","Сперва мы проложили по дороге, потом убрали.",entailment,train
"""""""Еще в четверг, 25 октября Леонид лично написал заявление в СКР с требованием возбудить дело по ст.126 (похищение) УК РФ. Я находился вместе с ним в изоляторе, и могу однозначно это подтвердить"""", - сказал Фейгин. По его словам, он передал заявление сотрудникам СИЗО, так как выносить какие-либо документы из изолятора запрещено.""",Выносить из изолятора можно только секретные документы.,not_entailment,train
"В настоящий момент полицейские взяли в кольцо активистов оппозиции на углу Тверской и Садово-Триумфальной улицы и начали задерживать их. Полицейские затаскивают участников шествия в автозаки. Они призывают освободить проход, чтобы не мешать движению пешеходов, однако это сделать затруднительно, поскольку сотрудники полиции оцепили оппозиционеров и не дают выйти из этого оцепления, в том числе журналистов.",Активисты оказались в кругу друзей.,not_entailment,train
"Оперативники поймали несовершеннолетнего злоумышленника. Подросток во всем признался. Украденное он продал, а деньги потратил.",Несовершеннолетний злоумышленник продал украденное.,entailment,train
"""Прокурор Коркино обратился в суд. """"Гражданка должна вернуть 429 тыс.руб., — рассказали в пресс-службе прокуратуры Челябинской области. — Поскольку она нарушила федеральный закон"""".""","В пресс-службе сказали, что гражданка должна вернуть менее полумиллиона рублей.",entailment,train
"Королева Великобритании Елизавета II одобрила принятый ранее парламентом законопроект о легализации однополых браков, сообщают в среду местные СМИ. Таким образом, этот нормативный акт вступил в законную силу. Ожидается, что первые однополые браки будут заключены не ранее следующего лета, так как властям страны необходимо разрешить ряд бюрократических вопросов, связанных с регистрацией таких союзов.",Английская королева закрыла парламент.,not_entailment,train
"""Чтобы мать не расстраивалась, он ей позвонил и """"успокоил"""", честно обо всем рассказав.""","Скорее всего, мать все же расстроилась.",entailment,train
"Затем машину откинуло на полосу встречного движения на Isuzu Forward. - В результате аварии водитель автомобиля Nissan Tino и его два пассажира, среди которых была малолетняя девочка, от полученных травм скончались на месте происшествия, - сообщили «КП-Владивосток» в прокуратуре Приморского края. Суд слушался в особом порядке так как обвиняемый полностью признал свою вину.",В аварии погибли трое.,entailment,train
"Спящего незнакомого мужчину увидела в своем доме жительница поселка Улькан Усть-Кутского района, когда вечером вернулась с работы. Сама будить незнакомца она не решилась и вызвала местного участкового, который и привел нежданного гостя в чувство. Оказалось, что это был квартирный вор, который залез в дом через окно веранды, набрал ценных вещей, но покинуть место преступления не сумел, так как был сильно пьян.",В поселке Улькан спящих будит участковый.,not_entailment,train
"Стражи порядка на дорогах решили остановить иномарку, чтобы проверить документы водителя. Так как вёл себя он не как самый трезвый участник дорожного движения, то полицейские провели медицинское освидетельствование. Оно показало, что в крови задержанного действительно был алкоголь.",В крови задержанного алкоголь не обнаружили.,not_entailment,train
"Сумма долга предприятия перевалила за два миллиона рублей, кроме того, работодатель не спешил выплачивать работникам компенсацию за задержку зарплат.",Долг предприятия полностью выплачен.,not_entailment,train
"""Тело рядового К. Аганаса он оттащил к реке и, предварительно облив его бензином, поджег. На вопрос следователя, почему он решил убить вначале рядового Аганаса, а не спящих, Челах сказал: """"Ну, тогда бы часовой спрятался. (...) Потому что он не спящий был, поэтому его первым"""".""",Челлах потушил тело рядового К. Аганаса.,not_entailment,train
"""В настоящее время сотрудниками ВГСЧ тело погибшего извлечено на поверхность. """"Других пострадавших в результате обрушения нет. На работу шахты это также не повлияло, так как в праздничные и выходные дни она не работала по добыче"""", - сказал собеседник агентства.""",В шахте произошло обрушение.,entailment,train
"Свое преступление подозреваемый планировал заранее – подготовил одежду и пневматический пистолет. И вот такой вышел казус. Ограбил – не ограбил, а статья есть.","У подозреваемого были одежда для преступления и пневматический пистолет, но довести ограбление до конца ему не удалось.",entailment,train
"Где-либо занять деньги, кроме как у потерпевшей, она не может. Поверив в это, женщина перевела необходимую сумму на банковскую карту неизвестного мужчины, который представился хирургом. Врач подтвердил, что получил деньги, вскоре проведет операцию.",Хирург обокрал потерпевшую.,not_entailment,train
"Вину женщина признала частично признала. Мотивом к совершению преступлений была ревность. Похищенные вещи обвиняемая считала своими, так как они были куплены на ее деньги, - рассказали в пресс-службе областной прокуратуры.",Женщина украла сердце.,not_entailment,train
"""""""Что же разместили на бампере, что на дверях, и какую проблему помогали решать таким образом?"""" Знатоки после минутного обсуждения предположили, что на бампере разместили подушку, а на задних дверях – матрас. Но это был неправильный ответ. Оказалось, что компания предложила размещать на переднем бампере видеокамеры, а изображения с них передавать на мониторы, установленные на задних дверях фуры.""",Знатоки неверно ответили на вопрос.,entailment,train
"""Прогнозируя объем возможного выкупа зерна с января по май 2012 года, Н.Школкина заявила, что этот показатель будет зависеть от конъюнктуры и потребностей внутреннего рынка. """"Но большого выкупа ждать не стоит, так как сельхозпроизводители, сдающие зерно в """"ломбард"""", как правило, остро нуждаются в средствах"""", - заявила она.""",Н.Школкина спрогнозировала объем возможного выкупа зерна с января по май 2012 года.,entailment,train
"Такие победы просто так не даются. У нас уже не было выбора, мы выходили с одной целью, с одной задачей – выиграть.","Мы победили, потому что у нас не было выбора.",entailment,train
"Сотрудники городского управления потребительского рынка провели рейд по торговым точкам, где нелегально продают новогодние деревья.",Во всех торговых точках нелегально продают новогодние елки.,not_entailment,train
"Двое мужчин и две женщины выпивали, когда одному из них, недавно освободившемуся из мест лишения свободы, захотелось любви и тепла. С недвусмысленным предложением он обратился к одной из участниц застолья, однако та отказала в близости. Обидевшись, мужчина схватил нож и решил всех «проучить».",Пьяный мужчина схватил нож.,entailment,train
"При этом будущий глава государства отметил, что ему известны «вещи, о которых другие не знают».","Будущему главе государтства известно нечто, неизвестное никому другому.",entailment,train
"Подозреваемый признал вину и пояснил, что в ту ночь им с приятелем очень хотелось выпить. Поэтому они направились в круглосуточный магазин. Но продавец отказалась продать им пиво, так как было слишком поздно.",Подозреваемый с приятелем выпили в круглосуточном магазине.,not_entailment,train
"""""""Зенит"""" считает решение несправедливым и противоречащим регламенту и духу футбола. """"Мы обжалуем его в апелляционный комитет Российского футбольного союза"""", - сказал собеседник агентства в клубе. """"В """"Зените"""" убеждены, что такое решение опасно для всего российского чемпионата, поскольку спортивный принцип больше не является главенствующим при выявлении победителя, и результаты матчей могут определяться на основе провокаций или не связанных с футболом инцидентов"""", - сказали в команде.""","""""""Зенит"""" намерен обжаловать решение.""",entailment,train
"Осторожнее на этом участке, водители и пешеходы! Там уже каток. Трубы не выдержали, прорвало.",Вода из прорвавшихся труб замерзла.,entailment,train
"Я бы дал деньги на командировки, потому что спортивный журналист здесь сидеть не должен, он должен ездить.",У меня есть деньги на командировки.,entailment,train
"Правящая коалиция и кабинет министров вряд ли к нему прислушаются. «Со стороны правительства никогда шаги по уменьшению финансирования программ русского вещания не обсуждались. Наоборот, шла речь, как его можно было бы увеличить», - отметил глава государства.",Глава государства говорил о возможном расширении финансирования русского вещания.,entailment,train
"Из них 5726 случаев ОРВИ и гриппа – в областном центре (67%), здесь эпидпорог превышен на 21%. В лабораторно подтвержденных случаях гриппа в 99% медики выявили вирус подтипа A(H3N2). Карантин не требуется, поскольку в школах – новогодние каникулы.",Карантин вводить не нужно.,entailment,train
"Много вопросов вызвало перекрытие сквера на площади Горького, но в целях безопасности мы обязаны это делать. Там находится огромное количество оборудования, которое мы не в состоянии ежедневно вывозить с площадки. Правда, мы приняли решение перекрывать этот участок не с семи, а с десяти часов вечера, потому что площадка в эти часы активна.",Сквер на площади Горького перекроют с десяти часов утра.,not_entailment,train
"В Калининградской епархии уже заявили, что новый музей представляет собой уникальное явление для нашего региона.",В епархии назвали музей уникальным.,entailment,train
"Аркадий завоевал медаль за профессионализм в компетенции «Гостиничный сервис (ресепшн)». — Необходимо было выстроить приоритеты: какую задачу решать первой, какую — последней. Это было очень тяжело, но и очень интересно, потому что ситуации по легенде были максимально приближены к жизни.",Аркадий получил медаль за работу на ресепшн.,entailment,train
"Женщина попросила личным заявлением освободить ее от должности главы министерства государственного имущества республики по собственному желанию, что и было сделано в течении нескольких минут.",Женщина за несколько минут освободилась от министерской должности.,entailment,train
"Теперь водителям не обязательно будет сразу оплачивать расходы на эвакуацию, и, как следствие, предъявлять документ об оплате также теперь не требуется.",Раньше водители должны были сами эвакуировать свой транспорт.,not_entailment,train
"Что мы хотим делать дальше? У нас три основных направления: первое - это до 1 июля внедрить СМЭВ во всех субъектах и муниципалитетах. Это нам будет проще сделать, так как в каждом субъекте есть представительства федеральных территориальных органов, а они уже реализовали электронное взаимодействие.",У нас есть три основных направления дальнейших действий.,entailment,train
"""""""Установлено, что решение о возбуждении этого уголовного дела является незаконным и необоснованным, так как принято преждевременно, без установления всех данных, достаточных для принятия такого решения"""", - говорится в сообщении.""",Сообщение говорит об основательном возбуждении уголовного дела.,not_entailment,train
"В область приходит, как сейчас принято говорить, «инвестор». А на самом деле - непонятная фирма, которая хотела снести здание театра, получить лакомый кусок земли в центре района и построить там, например, торговый центр! И все для этого уже сделали, имущество списали, деревья спилили, здание признали аварийным!",Непонятная фирма хотела заполучить лакомый кусок земли.,entailment,train
"Когда его пригласили к приставам, мужчина кулаком в грудь бил себя, утверждая, что напрасно приставы к нему пристали.",Мужчина сам пришел к приставам.,not_entailment,train
"Когда внедорожник тронулся, то без труда вырвал бензоколонку с корнем.",Внедорожник поехал.,entailment,train
"После этого они выступят с заявлениями для прессы. Когда состоится ординарное заседание депутатов, решит постоянное бюро парламента. Напомним, что весенняя сессия должна начинаться в феврале и не может заканчиваться позднее июля.",Решение о дате ординарного заседания депутатов примет постоянное бюро парламента.,entailment,train
"""Новый полигон отличается повышенной сложностью и увеличенным количеством препятствий, сообщает """"Федеральное агентство новостей"""".""",Новый полигон сложнее многих.,entailment,train
"""Как говорится в сообщении, следствием была собрана достаточная доказательственная база для признания вины подозреваемого. Однако по результатам судебно-психиатрической экспертизы выяснилось, что в момент совершения преступлений он не осознавал фактический характер и общественную опасность своих действий и не мог руководить ими. """"Поскольку имеющееся у него психическое расстройство связано с возможностью причинения им иного существенного вреда либо с опасностью для себя или других лиц, суд признал необходимость в стационарном лечении"""", - отмечает прокуратура.""",Была отменена судебно-психиатрическая экспертиза.,not_entailment,train
"""""""И когда я узнал, какие там результаты в моей Москве, просто сегодня не мог не прийти"""", - отметил он. Чуть дальше стояла группа молодых людей с плакатами в виде """"диалогов"""" и надписью: """"Свобода выбора"""", """"Свобода должна быть не только в Facebook"""". """"Мы здесь, потому что мы против того, чтобы за нас кто-то что-то решал, хотим честности, справедливости, и чтобы нас услышали"""".""",У молодых людей были флаги.,not_entailment,train
"Полицейским показалось, что парни похожи на тех, кого описывали в ориентировке, и они попытались задержать парней. Те, однако, вырвались, водитель ударил по газам. Машина рванула с места, и полицейские устроили за ней настоящую погоню.",Парни не сумели вырваться.,not_entailment,train
"Правящая коалиция и кабинет министров вряд ли к нему прислушаются. «Со стороны правительства никогда шаги по уменьшению финансирования программ русского вещания не обсуждались. Наоборот, шла речь, как его можно было бы увеличить», - отметил глава государства.",Финансирование программ русского вещания увеличат.,not_entailment,train
"""Его кандидатуру предложил губернатор Тульской области Владимир Груздев, Медведев ее поддержал. """"Михаил Анатольевич, вы как к этой идее относитесь? Потому что на такие позиции нельзя приходить просто потому, что тебя назвали в присутствии президента"""".""",Медведев и Груздев сошлись во мнении относительно кандидатуры.,entailment,train
"Женщина сообщила, что стала жертвой обмана.",Женщина пожаловалась на жертву.,not_entailment,train
"Парни, как выяснилось, ушли из дома во Владимирской области, не поставив в известность родителей.",Парни поставили в известность Владимирскую область.,not_entailment,train
"Он обвинялся в убийстве жены, сообщается в пресс-службе областной прокуратуры.",Он не мог убить жену.,not_entailment,train
"Правда, грабитель оказался не уличным бандитом - он пришел на свидание к потерпевшей.",Грабитель пришел на свидание.,entailment,train
"Их усилиями героями рекламы сайта бесплатных объявлений стали офицеры Северного флота. Сюжет ролика незамысловат и даже напоминает те, что сейчас крутят по нашему телевидению. Два рыбака сидят с удочками и решают, что им делать с холодильником, который находится тут же, в лодке на середине озера.",У рыбаков в лодке холодильник.,entailment,train
"""На парламентских выборах в Польше наблюдается низкая явка избирателей, сообщают в миссии CIS-EMO в воскресенье. """"На 14 часов общеевропейского времени в Польше проголосовало 23 процента избирателей"""", - заявляют наблюдатели. Однако это не окажет влияния на признание выборов, поскольку в польском избирательном законодательстве отсутствует порог явки, отмечают в миссии.""",Большинство польских избирателей проигнорировали выборы.,entailment,train
"Три торговые точки посетили рабочая группа партийного проекта «Народный контроль» и сотрудники управления муниципального заказа и торговли администрации Пуровского района. Как сообщает пресс-служба администрации Пуровского района, основные нарушения, которые были выявлены, - неправильное оформление ценников, отсутствие документов на выпечку, отсутствие маркировки на животноводческой продукции. Предприниматели пообещали исправиться, а контролеры вновь прийти с проверкой на данные объекты.","""""""Народный контроль"""" проверял торговые точки на предмет нарушений.""",entailment,train
"О насилии жертва сообщила врачам, когда ей исполнилось 16 лет. Но норвежские медики не имели права передавать эту информацию в полицию или родителям, поскольку формально девочка уже считалась совершеннолетней.","Девочка сообщила норвежским медикам, что когда-то ее изнасиловали.",entailment,train
"""""""Пишу сюда, потому что надоело отвечать одно и то же: никто ко мне не обращался"""".""",Никто ко мне не обращался.,entailment,train
"Известный в Рунете кот по кличке Барсик решил выдвинуть свою кандидатуру на предстоящих в 2018 году выборах президента России. О намерениях кота говорится на его странице в социальной сети. В сообщении отмечается, что он хочет побороться за этот государственный пост, так как является главным политическим котом.",Модераторы страницы Барсика в социальной сети считают его главным политическим котом.,entailment,train
"Как рассказали в краевой полиции, еще летом прошлого года молодой человек за денежное вознаграждение осуществил фиктивную постановку на учет шести иностранных граждан, указав в месте пребывания свой дом. В действительности граждане в этом жилом помещении не проживали. Обвиняемый объяснил, что решился на преступление, так как не имел постоянно работы и нуждался в деньгах.",Парень осуществил фиктивную постановку оперы.,not_entailment,train
"Вдруг - потому что к метели, которая началась в конце осени и закончилась в начале зимы, оказался никто не готов.",Метель началась вдруг.,entailment,train
"По предварительной версии, местный житель 1990 года рождения выстрелил своей даме сердца прямо в голову после того, как поссорился с ней на бытовой почве. От полученных ранений несчастная умерла до приезда врачей.",Местный житель прострелил даме сердце.,not_entailment,train
"Она сообщила об этом двум своим приятелям. Они изучили распорядок дня бизнесмена и напали на него на улице. Злоумышленники вывезли его за пределы города, отобрали деньги, убили.",Бизнесмена убили за пределами города.,entailment,train
"Первый процесс над Мохаммедом, бин Атташем, бин аль Шибхом, аль Азизом Али и аль Хавзави начался в военном суде США еще в 2008 году. Фигурантам дела предъявили 2973 обвинения в убийстве, сторона обвинения добивалась для подсудимых смертной казни. Правозащитные организации критиковали процесс, поскольку, по их мнению, рассматривавшая дело военная комиссия не обеспечивала действительно справедливого суда.",Обвинение требовало смертной казни подсудимых.,entailment,train
"Во время обыска в квартире подозреваемого полицейские обнаружили нож, а также похищенную сумку. Известно, что нападавший ранее судим за кражу, угон и мошенничество, а освободился из мест лишения свободы в ноябре прошлого года. По его словам, его мучили угрызения совести, поэтому он явился к стражам порядка.",Угон явился к стражам порядка.,not_entailment,train
"""Затем он вылез в окно и покинул здание. Кабинет находился на первом этаже. """"Что там сейчас происходит, не знаю, так как не нахожусь в здании"""".""",Он выбрался в окно.,entailment,train
"Как уточняет ярославская областная прокуратура, жителям одного из подъездов пришлось самим мыть грязные лестницы, потому что этого не делали сотрудники управляющей компании.",Управляющая компания отмыла весь подъезд.,not_entailment,train
"Наполитано подтвердил, что отставка Берлускони ожидается после принятия парламентом Италии пакета антикризисных мер.",Ожидается отставка Берлускони.,entailment,train
"Выпив, он крепко уснул и прибывшей дочери дверь не открыл. Женщине также пришлось проникнуть к отцу через окно. Она убедилась, что родитель жив и здоров, сделала домашние дела и уехала домой.",Женщина привыкла лазить к отцу через окно.,not_entailment,train
"Группа вооруженных до зубов бандитов обстреляла здание прокуратуры мексиканского штата Кинтана-Роо в курортном городе Канкун, убиты как минимум три человека, еще несколько ранены. Как сообщает местное издание Excelsior, преступники подъехали на мотоциклах и открыли огонь по зданию, охрана прокуратуры вступила с ними в перестрелку. Из-за стрельбы пожарным пришлось срочно эвакуировать людей из расположенного рядом магазина, потому что шальная пуля попала в цистерну с газом, была опасность взрыва.",В Канкуне обстреляно здание прокуратуры.,entailment,train
"Об этом на своей странице в Facebook сообщил один из сотрудников университета. - Весь профессорско-преподавательский состав мужского пола не зависимо от возраста и званий должен получить эти справки. Это странно, потому что отдел кадров сам не может запросить этот документ, а он, судя по всему, нужен для будущей аккредитации.",Отдел кадров свалил проблему получения справок на преподавателей.,entailment,train
"Сговариваются со всеми с кем можно. И те пишут как надо. Но поскольку спешат, ставят вопрос о мотиве, что делать нельзя согласно закону о судебных экспертизах.",Ставить вопрос о мотиве нельзя по закону о судебных экспертизах.,entailment,train
"На этот раз они взяли еду: шоколадки, соки и жвачки, общей суммой на триста рублей. Подозреваемых быстро нашли. Как оказалось, они являются студентами техникума и приехали домой на каникулы.",Студенты похитили еду.,entailment,train
"Сейчас эта история готовится стать достоянием общественности. Свою проверку проводит следственный комитет. Как рассказали в пресс-службе ведомства, с поставщиками и подрядчиками руководство завода рассчитывалось.",С поставщиками и подрядчиками руководство завода рассчитывалось всегда вовремя.,not_entailment,train
"Разбив оконное стекло, преступник проник в помещение бани и вынес оттуда два электрических чайника и фонарь на общую сумму более 3500 рублей. По подозрению в совершении преступления был задержан 41-летний безработный, ранее уже привлекавшийся к уголовной ответственности. Задержанный пояснил, что в баню залез, потому что не было свидетелей, а похищенной техникой собирался пользоваться сам.",Безработный украл фонарь и два электрочайника.,entailment,train
"Как рассказали «Комсомольской правде» в пресс-службе администрации города, на том участке наконец появился светофор.",Светофора ждали долго.,entailment,train
"Машина сбила девушку. Водитель ехал с товарищем. Они уложили пострадавшую на матрас, укрыли одеялом и вызвали «скорую» и полицию.",Сбитая девушка ждала скорую и полицию стоя.,not_entailment,train
"Как реализовываются возможности края по производству строительных материалов из местного сырья? - Вообще темпы строительства жилья всегда являются объективным индикатором социально-экономического развития региона. Потому что этот сектор, как вал двигателя, раскручивает десятки других отраслей экономики.",Край никогда не сможет производить стройматериалы из местного сырья.,not_entailment,train
"Перед новогодними праздниками, а точнее - 26 и 27 декабря - планируется массовое отключение света. В списке много домов, расположенных в центральной части донской столицы. Специалисты просят отнестись к вынужденной мере с пониманием, так как будут проводиться профилактические работы, направленные на исключение аварийных ситуаций.",Перед новогодними праздниками в ряде домов донской столицы не будет света.,entailment,train
"По словам представителя правительства Германии Штеффена Зайберта, новый американский лидер Дональд Трамп пригласил главу немецкого правительства в Вашингтон в ходе состоявшегося между ними в минувшую субботу телефонного разговора.","Есть информация, что в субботу Трамп был в Германии.",not_entailment,train
"Приставам не удалось застать его на месте. Дверь открыла супруга. В комнате судебный пристав обнаружил металлический сейф, в котором хранилось огнестрельное оружие.",Супруга прятала в сейфе огнестрельное оружие.,not_entailment,train
"Еще 30 машин расчищают тротуары. Эти цифры назвали в администрации города Кирова. Подрядчики активизировали вывоз снега, так как резкое похолодание, которое вскоре обещают синоптики, может ухудшить ситуацию на дорогах.",В Кирове идет сильный снегопад.,not_entailment,train
"Прокуратура поддержала ходатайство следователей и мужчину арестовали на два месяца. В ходе судебного заседания стали известны подробности преступления. Мотивом убийства, как выяснилось, стала ревность.",Подробности преступления удалось выяснить.,entailment,train
"Для этого они изучили запросы, которые делали все эти дни жители Дона.",Они изучили ответы жителей Дона.,not_entailment,train
"По предварительным данным, водитель иномарки не справился с управлением и вылетел на встречную полосу.",Обошлось без ДТП.,not_entailment,train
"Мужчина сообщил, что к краже может быть причастна его собственная дочь, у которой был доступ к ключам от сейфа.",К краже причастна дочь мужчины.,not_entailment,train
"Женщина же успела позвонить матери и брату с просьбой о помощи. Однако супруг не унимался и продолжал защищать жену от «злых сил». Когда же они покинули дом, оказалось, что женщина не подает признаков жизни.",Женщина звала на помощь мать и брата.,entailment,train
"Всё предельно прозрачно и не требует на первоначальном этапе никаких затрат. Также обращайте внимание на то, как давно работает компания и узнаваема ли в отрасли.",Компания работает в отрасли давно.,not_entailment,train
"Свои поступки женщина объяснила тем, что муж бросил бы ее, если бы она родила ему много детей. К 2006 г. в семье уже росли два ребенка. Личность осужденной сохранена в тайне, поскольку разглашение этой информации противоречит немецкой системе правосудия.",Женщина нашла способ не рожать слишком много детей.,entailment,train
"Видимо, ему стало скучно в незнакомом городе, и он решил развлечься. Мужчина посчитал, что его не найдут, позвонил в полицию и рассказал, что одна из улиц города заминирована. - Сотрудниками полиции данный звонок был проверен, установлено, что вызов ложный, возбуждено уголовное дело, - комментируют в пресс-службе суда.",Одна из улиц города была заминирована.,not_entailment,train
"""""""Это обыкновенная гнусная ложь, потому что я никакую коммерческую деятельность не веду, находясь на должности депутата, никаким отмыванием денег я не занимаюсь"""".""",Я не отмываю деньги.,entailment,train
"Напомним, в нем приняли участие сразу пять команд из Мурманской Лиги.",В Мурманской Лиге пять команд.,not_entailment,train
"На реке в Новосибирской области погиб мужчина, который упал со снегохода.",Мужчина упал со снегохода на озере.,not_entailment,train
"На ней будут представлены рукотворные вещицы, которые станут отличным подарком к Новому году и Рождеству, а также авторские игрушки, предметы интерьера, украшения, сувениры, одежда, которые подарят настроение праздников.",Рукотворные вещицы станут отличным подарком к зимним праздникам.,entailment,train
На Ура_губу в этом году приехало 15 человек.,Люди не приехали на Ура_губу.,not_entailment,train
"Судебные журналисты у нас были хорошо подготовлены, с хорошим языком, игравшие важную роль в развитии судебной системы. Если вы специализируетесь на земле, ничего в этом зазорного нет. Ваш вопрос крайне важен, потому что вопрос земли - это вопрос социальной справедливости.",Вы не специализируетесь на земле.,not_entailment,train
"Но как говорят в Брянской городской администрации, при повторной проверке проверяющие уже не нашли нарушений. - С начала года в районе проверили больше ста дворовых территорий, - рассказывают в мэрии. - Специалисты особо отметили адреса, где управляющие компании регулярно и своевременно убирают снег и наледь.",К повторной проверке управляющие компании подготовились лучше.,entailment,train
"Когда эксперты огласили результаты, выяснилось – наиболее привлекательными для иностранных туристов стали наши кубанские курорты.",Кубань привлекает иностранных инвесторов.,not_entailment,train
"Всех пострадавших медики доставили в ближайшую больницу. Областной главк полиции сообщает, что водители находились в трезвом состоянии. По факту дорожного инцидента проводится проверка, после которой примут соответствующее процессуальное решение.",Пострадавшие попали в новую клинику.,not_entailment,train
"Как сообщила в понедельник газета Daily Telegraph, ожидается, что во вторник законопроект будет отправлен на окончательное согласование в нижнюю палату парламента. Никаких препятствий на пути к окончательному принятию законопроект не должен встретить, поскольку ранее палата общин уже одобрила его первоначальную версию подавляющим большинством голосов.",Палата общин ранее согласовала его первоначальную версию подавляющим большинством голосов.,entailment,train
"""""""Википедия"""" пишет, что это был период избирательной президентской кампании в России, а Макфол тогда занимался изучением избирательных технологий. Как писал один из коллег Макфола, он поначалу хотел отклонить приглашение Коржакова, который в то время входил в предвыборный штаб Ельцина. Однако приятель посоветовал ему принять приглашение, поскольку последствия отказа были бы намного хуже.""",Коржаков входил в предвыборный штаб Ельцина.,entailment,train
"""""""Типичный пример: у Гнесинки была своя школа для самых маленьких, потом мы грант не получили, и школу закрыли года 3-4 назад. Соответственно, если нас соединяют с академией, и ей закрывают финансирование, то закроют, скорей всего, среднее звено"""", - заявил """"Интерфаксу"""" студент III курса. Собеседник агентства отметил, что для училища была возможность стать муниципальным колледжем, однако этот вариант не был принят, так как, по его оценке, столица не заинтересована в музыкантах, а потому они не получают достаточно бюджетных средств.""",Школу Гнессинки для самых маленьких закрыли года 3-4 назад.,entailment,train
"Однако преступники решили уйти от погони и резко увеличили скорость. Судя по всему, угонщики оказались не очень профессиональными водителями. Пока за ними шла погоня, они умудрились попасть в девять аварий.","Преступники увеличили скорость, но не справились с управлением.",entailment,train
"""""""Мы предпримем все меры, чтобы доказать, что в действиях, которые стали основанием к возбуждению дела, нет состава преступления, и они лежат в гражданско-правовой плоскости, а не в уголовной"""", - сказал Антипов. Адвокат отметил, что решение Интерпола, вероятнее всего, не повлияет на обжалование заочного ареста Браудера, которое в ближайшее время должно состояться в Мосгорсуде. """"Никак не повлияет, поскольку вынесение судебного решения о заочном аресте изначально было неправильным и незаконным"""", - подчеркнул он.""",Скоро в Мосгорсуде обжалуют возбуждение дела.,not_entailment,train
"""""""В шествии приняло участие около 800 человек, серьезных правонарушений не зафиксировано"""", - сказал собеседник агентства. Он отметил, что в ходе акции были задержаны четверо граждан. """"Организаторы обратились к полицейским с просьбой о задержании, так как указанные лица не являлись участниками шествия"""", - пояснили в пресс-службе.""",На акции задержали четверых.,entailment,train
"В ходе разбирательств выяснилось, что данное транспортное средство числится в угоне.","Оказалось, что транспортное средство угнанное.",entailment,train
"«Соответствующие российские ведомства занимаются этой темой, это не вопрос президента», - заявил Песков.","Песков заявил, что президент этой темой не занимается.",entailment,train
"Это грубейший просчет тех, кто проектировал дом, и делал изыскания геологические, почему и произошла эта ситуация. Поэтому сейчас-то где искать этих людей, которые занимались этим вопросом. Хотя автор проекта получил даже государственную премию за него, на то время он считался довольно продвинутым.","Те, кто проектировал дом, слегка просчитались.",not_entailment,train
"""Еще двое экс-полицейских """"Дальнего"""" уже осуждены на 2 и 2,5 года лишения свободы в колонии-поселении, дело одного приостановлено ввиду его болезни. Судебный процесс стартовал 6 июня, рассмотрение дела по существу должно было состояться 13 июня, но из-за неявки защитника одного из обвиняемых было перенесено на 23 июля. Заседания проходят в закрытом режиме, поскольку, как посчитал суд, открытое разбирательство """"может привести к разглашению сведений, унижающих честь и человеческое достоинство потерпевших, причинить ущерб общепринятым в человеческом обществе нормам морали и нравственности, шокировать общественность"""".""",Заседания суда идут в закрытом режиме.,entailment,train
"""""""В первую очередь это гарнизонная служба и все, что с ней связано. Туда же хотим включить дисциплинарные батальоны и военную автоинспекцию"""", - заявил он в интервью """"Российской газете"""", которое будет опубликовано в среду. По словам министра, в первую очередь будет создана структура, которая будет готовить военных полицейских, поскольку они должны обладать юридическими знаниями и организаторскими способностями.""","""Министр забрал интервью у """"Российской газеты"""".""",not_entailment,train
"Здесь выросли несколько куч песка и гравия, которые на легковом авто объехать не представлялось возможным.",Кучи песка и гравия перегородили дорогу машине.,entailment,train
"Итальянский астронавт Лука Пармитано вынужден прекратить выход в открытый космос и вернуться на станцию из-за проблем в системе жизнеобеспечения скафандра, сообщает сайт НАСА. По данным американского сайта, в лицевой части скафандра у астронавта скопилась влага, которая мешает ему работать. Некоторое время американские специалисты пытались понять, из какой системы произошла утечка, однако установить точно не смогли, поскольку в системе жизнеобеспечения скафандра много систем с жидкостью.",Итальянский астронавт Лука Пармитано сбежал в открытый космос.,not_entailment,train
"Конечно, с мешком подарков. Инспекторы останавливали водителей и проверяли их по базам на наличие административных нарушений. Если в течение года водитель был дисциплинированным, ничего не нарушал, получал подарок от Деда Мороза.",Инспекторы принимали подарки.,not_entailment,train
"""Это, по данным Генпрокуратуры, является грубым нарушением инструкции, устанавливающей условия и основания объявления в международный розыск, утвержденной совместным приказом МВД, Минюста, ФСБ, ФСО, ФСКН и ФТС РФ. """"В связи с этим Генпрокуратура РФ направила на имя председателя СК РФ Александра Бастрыкина требование об устранении выявленных нарушений. Это сделано повторно, поскольку первое аналогичное требование, направленное ранее, выполнено не было"""", - говорится в пресс-релизе.""",Объявление в международный розыск сделано по инструкции.,not_entailment,train
"Курс российской валюты немного упал к доллару, но вырос к евро.",Курс российской валюты остался прежним.,not_entailment,train
"Регион присоединится к Всероссийской акции «Студенческий десант». Данная акция стала уже традиционной и пройдет в четвертый раз. В течение нескольких дней учащиеся средних и высших образовательных учреждений будут посещать разные подразделения полиции, познакомятся с работой стражей порядка.",Студенты впервые познакомятся с работой стражей порядка.,not_entailment,train
"Он рассказал о том, как изменятся тарифы по сбору, вывозу и утилизации коммунальных отходов на территории округа.","Тарифы по сбору, вывозу и утилизации коммунальных отходов на территории округа увеличатся втрое.",not_entailment,train
"Общественный резонанс получил и традиционный Парад Памяти. -Этим парадом мы напомнили россиянам роль Самары в годы Великой Отечественной войны. Это важно, потому что имидж региона работает на его жителей, - уточнил губернатор.",Имидж региона редко работает на его жителей.,not_entailment,train
"""Трое пострадавших были доставлены в больницу с ожогами разной степени тяжести. """"От полученных телесных повреждений подозреваемый скончался в больнице. Девушка и парень находятся в лечебном учреждении, где им оказывается необходимая медицинская помощь"""".""",Подозреваемый скончался от ожогов.,entailment,train
"Он пожаловался, что ему разбили машину.",Его машину разбили.,not_entailment,train
"""По его словам, в лице Жириновского """"мы видим пример того, что происходит, когда люди становятся заложниками ими же самими созданного образа"""". По мнению лидера """"справороссов"""", """"эпатаж, экзальтация, агрессивная манера поведения - кому-то это может показаться привлекательным и забавным, но на самом деле, ничего веселого в эскападах Жириновского нет"""". """"Потому что они превращают публичную политику в балаган"""".""","По его словам, Жириновский не сам создал свой образ.",not_entailment,train
"""""""Накануне во время ознакомления с административным делом адвокат Удальцова Николай Полозов вырвал пять листов из дела, в том числе протокол об административном правонарушении, протокол о доставлении, а также протокол об административном задержании, после чего разорвал их на маленькие кусочки и передал депутату Госдумы Илье Пономареву, который их съел"""", - сказал собеседник агентства. После этого во время рассмотрения дела сторона Удальцова заявила, что уничтоженных документов в деле не было. При этом судья, председательствовавшая на заседании, знала о наличии этих документов в деле, так как ознакомилась с ним заранее, кроме того, наличие вырванных протоколов подтверждает опись имеющихся документов, прикрепленная к делу.""","Судья заметила, что из административного дела Удальцова пропали несколько протоколов.",entailment,train
"Означает ли введение такой маркировки, что продукты с растительными добавками полностью исчезнут с прилавков наших магазинов?",Продукты с растительными добавками полностью исчезнут с прилавков наших магазинов.,not_entailment,train
"Но дискуссия по этому поводу может стать бесплодной, поскольку в принятом недавно техрегламенте Таможенного союза на зерно функция контроля качества зерна со стороны государства не предусмотрена.",искуссия может стать безрезультатной.,entailment,train
"Разработчик видеоигр индийского происхождения Шекхар, живущий в Лондоне, пытается привить своему десятилетнему сыну Пратику доброту и мудрость, которыми сам обладает в достаточном количестве. Сын же помешан на всем, что связано с технологиями, и в частности на видеоиграх, и отвлекаться на подобную чепуху не желает. Единственное чего он хочет, так это получить игру с непобедимым злодеем, потому что достиг уже такого уровня профессионализма в играх, что все остальное ему кажется скучным и неинтересным.",Сын разработчика видеоигр хочет получить игру с непобедимым злодеем.,entailment,train
"Взысканием долга занимались судебные приставы. Накануне в Центральный отдел пришли двое мужчин. Сказали, что представляют интересы кредитора.",Взысканием долга были озадачены судебные приставы.,entailment,train
"""""""Это обыкновенная гнусная ложь, потому что я никакую коммерческую деятельность не веду, находясь на должности депутата, никаким отмыванием денег я не занимаюсь"""".""",Я нахожусь на должности депутата.,entailment,train
"Чтобы попасть в первый дом мужчина сорвал замок. Из дома воришка вынес мясорубку, керосиновую лампу, бидон, посуду. Мешок с добычей злоумышленник спрятал в кустах, а сам отправился во второй дом.",Мужчина сорвал замок и украл бидон.,entailment,train
"Догадки стражей порядка подтвердились. Как выяснилось, вор продал украденное. Свою вину он отрицать не стал и даже указал, кому он сбыл аппарат.",Стражи порядка ни о чем не догадались.,not_entailment,train
"Как сообщает пресс-служба учреждения, влюбленные смогут пройти по одному билету, если признаются в своих чувствах в присутствии кассира.",Влюбленные должны признаться в своих чувствах к кассиру.,not_entailment,train
"""""""Я даже не могу выговорить """"Анжи"""" Махачкала"""", - приводит слова футболиста французский Canal+ . - Не понимаю, откуда берутся эти слухи, ведь они не имеют под собой никакого основания. Говорю вам совершенную правду, так как я являюсь сторонником прозрачности, и мне совершенно нечего скрывать"""".""",Слухи действительно не имеют основания.,not_entailment,train
"За это предлагается наказывать штрафом в размере до 300 тыс. рублей или в размере зарплаты осужденного за период до двух лет, обязательными работами на срок до 240 часов, принудительными работами на срок до одного года, либо лишением свободы на срок до одного года. Таким образом, принятая во втором чтении поправка смягчает наказание, поскольку в первоначальном варианте законопроекта максимальный срок лишения свободы за оскорбление чувств верующих был равен не одному, а трем годам.",За оскорбление чувств верующих предусмотрены наказания от штрафа до года тюремного заключения.,entailment,train
"После этого мужчина развернулся и поспешно покинул здание вокзала. Стражам порядка такое поведение показалось подозрительным, и они задержали мужчину. При личном досмотре, выяснилось, что у него в нагрудном кармане лежат семь патронов.",Мужчина украл из здания вокзала семь патронов.,not_entailment,train
"Победителями стали те школы, чьи воспитанники наиболее удачно выступили на всероссийской спартакиаде спортивных школ.","Победили школы, чьи ученики лучше всех показали себя на спартакиаде.",entailment,train
"Она рассказала, что в дверь ее комнаты в общежитии постучали.",У нее комната в общежитии.,entailment,train
"В сердцах она сказала, что разлюбила его и уходит. Разозлившись, сожитель ударил ее кулаком в живот. На боль и плохое самочувствие женщина пожаловалась на следующий день, вызвали «Скорую».",Она разлюбила его и ушла.,not_entailment,train
"""""""Мы будем обращаться и в новый состав правительства, который в мае будет сформирован, и к нынешнему составу Государственной думы, и к вам как будущему президенту (а в этом никто не сомневается, что вас президентом страны вновь изберут), соответственно, с просьбой. Как вы смотрите на то, чтобы вернуть пиво на стадионы? Потому что это необязательно повлечет массовый алкоголизм, например, это не факт, что обязательно будет буйство на стадионах"""".""",Обязательно будет буйство на стадионах.,not_entailment,train
"По четырем фактам, когда составлялись фиктивные протоколы, уже расследуется уголовное дело. В ходе следствия выявлены еще 8 эпизодов, возбуждены уголовные дела. Предприниматели были вынуждены оплачивать штраф, поскольку налоговый инспектор грозил им проблемами.",Уголовных дел уже несколько.,entailment,train
"«Соответствующие российские ведомства занимаются этой темой, это не вопрос президента», - заявил Песков.",Песков сделал заявление.,entailment,train
"""А вот один из фаворитов гонки среди грузовиков Алеш Лапрайс выбыл из борьбы за победные места на """"Шелковом пути"""". В самом разгаре специального участка  у него сломалась машина, и он вынужден был попроситься на асфальт. """"У нас сломался один из электрических вентиляторов, мы вынуждены были остановиться, так как вся система охлаждения полетела"""".""",Система охлаждения испортилась.,entailment,train
"Сейчас я чувствую себя красивее, чем когда-либо, я подарила жизнь.",Раньше я чувствовала себя не такой красивой.,entailment,train
"""По его словам, в результате падения обломков, по предварительным данным, никто не пострадал. """"Людей в тех местах находиться не должно было"""", - сказал собеседник агентства. Он также отметил: """"Мы со своей стороны не будем отправлять туда наших специалистов, поскольку не обладаем соответствующими средствами индивидуальной защиты.""",Обломки упали.,entailment,train
"Это предполагает законопроект о фонде субсидирования предприятий, которые создают новые рабочие места, рассмотренный комиссией по сельскому хозяйству и пищевой промышленности и предложенный парламенту.","Парламент рассмотрел законопроект о фонде субсидирования предприятий, которые создают новые рабочие места.",not_entailment,train
"За несколько лет сумма накопилась огромная, но должник не спешил платить.",Сумма копилась несколько лет.,entailment,train
"Часть рейсов была заменена автобусами. Предприятия железнодорожной инфраструктуры активно занимаются устранением проблем. Если неблагоприятные погодные условия сохранятся, опоздания поездов продолжатся в течение дня.",Из-за погоды отменённые поезда заменили автобусами.,entailment,train
"Их стоит запускать в подъезды, офисы и магазины. Желательно также кормить животных. Собаки, а тем более кошки не смогут на улице пережить холод, когда температура воздуха опускается ниже -30 градусов.","Домашние животные не смогут на улице пережить холод, когда температура воздуха опускается ниже -30 градусов.",entailment,train
"После, в 8 вечера, наступило время возвращаться на базу, находящуюся на военном аэродроме за пределами Астрахани. Завтра впервые за все это время мы проведем целых две ночи в одном месте. Это, конечно, очень радует всю команду, поскольку необходимость собирать и разбирать палатку после нескольких часов сна, естественно, дает о себе знать.",База дислоцирована на военном аэродроме.,entailment,train
"""""""Насколько мне известно, они мало чем отличаются от рекомендаций, которые давали специалисты из нашей страны, которые давали консультации по неврологии и нейрохирургии"""", - сообщила Моисеенко. Она, однако, уклонилась от ответа на вопрос можно ли говорить о том, что диагноз немецких врачей совпадает с диагнозом, который ранее поставили украинские медики. """"Я не могу обсуждать этот вопрос, потому что это предварительные выводы.""",Специалисты по неврологии и нейрохирургии воздержались от рекомендаций.,not_entailment,train
"Изначально сообщалось, что хищная птица больше никогда не сможет летать и проведет всю жизнь в неволе. Однако сотрудники центра решили не мириться с обстоятельствами и дать ястребу шанс вновь взмыть в небо. - Ястребу, спасенному военными, решили попробовать спасти крыло, наш хирург собрал косточки и теперь будем надеяться, что у птицы присутствует большое желание жить, - сообщили работники приюта.",Ястреба спасли школьницы.,not_entailment,train
"Удар пришелся в грудную клетку. Женщина сама вызвала мужу скорую и полицию. Мужчину госпитализировали, но медики не смогли спасти ему жизнь.",Медики  спасли мужчине жизнь.,not_entailment,train
"Работа сотрудников комитета состоит не только в расследовании уголовных дел, но и в устранении причин, которые поспособствовали возникновению преступлений.",Сотрудники комитета ничем не заняты.,not_entailment,train
"Он пожаловался, что ему разбили машину.",Он был недоволен.,entailment,train
"Мелехин решил, что каждую пятницу в заседании будет объявляться перерыв, поэтому после предстоящего заседания стороны встретятся в Мосгорсуде в понедельник. Адвокат одного из фигурантов дела Мурат Мусаев заявил, что собираться в четверг не нужно, чтобы предоставить возможность явиться на заседание потерпевшим, которые заявили о том, что на этой неделе их не будет в московском регионе. Ранее потерпевшие просили отложить формирование коллегии заседателей на неделю, поскольку по объективным причинам не могли на нем присутствовать, но председательствующий на процессе счел, что данный этап можно провести и без потерпевших.",Потерпевшие не могли присутствовать на формировании коллегии заседателей.,entailment,train
"""Как сообщил Кобзев агентству """"Интерфакс"""" во вторник, сам Навальный также ожидает, что приговор будет обвинительным, """"он в этом уверен"""". При этом Кобзев отметил, что каким будет обвинительный приговор - условным или реальным - ни он, ни Навальный судить не берутся. """"Поскольку здесь явно решение будет приниматься не судьей, то и предполагать очень трудно"""".""",Навальный ожидает приговора.,entailment,train
"Мужчины знали, что у бизнесмена всегда при себе имеются деньги.","Мужчины знали, что бизнесмен носит с собою деньги.",entailment,train
"Как рассказали в краевой полиции, в сентябре женщина нашла на интернет-сайте объявление о продаже породистых щенков и связалась с продавцом из другого города.",Женщину привлекло объявление о продаже щенков.,entailment,train
"Предприниматель попытался откупиться от следователя взяткой, переданной через адвоката. Сейчас он задержан. Дальнейшее расследование выявило, что персонал не имел медицинского образования и предлагал клиентам противопоказанные по состоянию здоровья услуги.",Предприниматель требовал взятку.,not_entailment,train
"""""""Это очень важно, что тысячи людей сейчас заявляют о своем желании быть наблюдателями. Это значит, что процесс наблюдения будет вестись не только Советом Европы, БДИПЧ. Это важно, потому что они нам помогут"""", - сказал он.""",Тысячи людей стремятся в наблюдатели.,entailment,train
"Как сообщает прокуратура Ульяновской области, в тот день мужчина поругался с отцом. Причиной ссоры стало то, что сын не работал и постоянно пил. Мужчина стал избивать отца руками, и от полученных травм тот скончался на месте происшествия.",Пьяный сын убил отца.,entailment,train
"Количество аварий, которые произошли по вине пьяных водителей или тех, кто находился в состоянии наркотического опьянения, остается на высоком уровне.",Алкоголь и наркотики - по-прежнему причина большого количества аварий.,entailment,train
"Мужчина сначала задушил, а потом обокрал своего знакомого.",Мужчина обокрал задушенного.,entailment,train
"Если все-таки западные партнеры поставят свой проект на голосование в срочном порядке, какой будет позиция РФ? - Они сегодня не будут это делать, так как процесс консультаций только начался и будет продолжаться какое-то время.",Процесс консультаций идет уже давно.,not_entailment,train
"Организаторы подготовили новогодние подарки, конкурсы и угощения. Также горожанам представят китайскую комедию «Дорога с приключениями». Она расскажет о владельце фирмы по производству игрушек, который спешит домой, чтобы встретить Новый Год с семьей.",Горожане увидят китайскую комедию.,entailment,train
"Как оказалось, один из посетителей универмага указал охранникам на подозрительный чемодан, о котором тут же было сообщено в полицию.",Чемодан вызвал охранников.,not_entailment,train
"Из первого конфликта 2008 года победителем вышел ААР - все договоренности, к которым тогда пришли ВР и ААР, были в пользу российской стороны.",Второй конфликт тоже был в 2008 году.,not_entailment,train
"""""""И если через три года у меня будет шанс не только принять участие в выборах, но и выиграть, я такой возможности не исключаю"""", - отметил он. Что же касается оппозиции и активных протестов, то их бизнесмен и политик считает более непродуктивными. """"Что касается участия в протестах, я в них участия лично принимать не буду, потому что я не вижу позитивной повестки"""", - сказал он.""",Бизнесмен и политик обещал не принимать участия в протестах.,entailment,train
"Она преодолела марафонскую дистанцию за три часа 11 минут и 48 секунд и квалифицировалась на другой марафон, сообщает The Ottawa Citizen. Спортсменка заявила, что была уверена в своих силах только в полумарафоне и выступала на этой дистанции, чтобы подготовиться к участию в марафоне в Детройте. Но она отвлеклась, поскольку слушала музыку, и в какой-то момент просто решила бежать и уже не сдаваться.",Спортсменка пробежала полный марафон вместо полумарафона.,entailment,train
"«Скорбим вместе со всей страной...», говорится в сообщении команды.",Команда скорбит со всей страной.,entailment,train
"""Путин поручил всем заинтересованным ведомствам, в частности Минпромторгу, Минфину и Минэкономразвития, тщательно проработать этот вопрос, а также обсудить его с банковским сообществом. """"С банками обязательно надо проработать, чтобы они на сверхприбыли не рассчитывали. Потому что здесь будет устойчивое финансирование и устойчивый возврат"""", - поручил он.""",Путин поручил обсудить вопрос с банками.,entailment,train
"Когда силовики стали досматривать автомобиль, то обнаружили в нем подозрительный пакет с порошком внутри, который был отправлен на экспертизу.",Автомобиль был отправлен на экспертизу.,not_entailment,train
"""За рулем """"Рено"""" был 66-летний мужчина. Он объяснил, что не заметил мальчика, потому что его ослепило лучом солнца. Сбитого ребенка на «скорой» увезли в больницу, — рассказали в пресс-службе ГИБДД Челябинска. ""","""""""Рено"""" сбило мальчика.""",entailment,train
"""Еще одно достоинство картины - это действительно высококлассные спецэффекты. После этого фильма вполне может статься, что голливудские продюсеры начнут задумываться о переносе производства в Болливуд, ведь, судя по всему, там можно делать боевики, которые в США стоят 100 миллионов, всего за 20. Возможно, такую цель и преследовали создатели """"Случайного доступа"""", потому что он действительно выглядит, как рекламный ролик.""",В Болливуде сняли фильм с качественными спецэффектами.,entailment,train
"И поэтому особенно радует, что наверху о них не забывают.",Наверху не забыли о них.,entailment,train
"Это во-первых. А во-вторых, квартира оказалась с многочисленными дефектами. Владелица пригласила эксперта, и тот составил целый список: стены нужно выравнивать и красить, обои – менять, керамическую плитку в ванной и туалете – перекладывать.",Квартира была неидеальной.,entailment,train
"Фото свидетельствуют, что авто, погребенные в снегу, встречаются в том числе и в центре, который, по идее, чистить должны были особенно тщательно.",Центр чистят особенно тщательно.,not_entailment,train
Водители грузовых автомобилей простаивают в очереди по нескольку суток из-за медленного таможенного оформления товаров в связи с недостатком кадров у таможни.,На таможне слишком мало сотрудников.,entailment,train
"Поэтому гости приходят сюда семьями, чтобы почувствовать связь между поколениями, между прошлым и будущим. Здесь можно в прямом смысле прикоснуться к истории. Напомним, аналогичная выставка работает и в Липецком музее народного искусства.",Гости приходят сюда прикоснуться к истории.,entailment,train
"""Изменения в структуре МВД происходят непросто, но альтернативы им нет, заявил президент России Дмитрий Медведев на встрече с личным составом отдела МВД по Академическому району Москвы в связи с профессиональным праздником сотрудников органов внутренних дел. """"МВД должно быть эффективным, мобильным, сильным ведомством, не расхлябанным, а способным решать задачи, которые стоят во всем мире перед правоохранительными структурами, полицией, другими службами МВД"""", - подчеркнул президент. """"Я уверен, что у нас все получится, потому что преобразования назрели"""", - сказал он.""",Структура МВД меняется.,entailment,train
"Косвенная связь есть. Она человек публичный, таскала меня с собой на все светские мероприятия. Когда все это закончилось, остался один футбол, и все стало лучше.",Она не перестала таскать меня на светские мероприятия.,not_entailment,train
"Русофобия, которая была в тренде последние несколько лет — проиграла! По одной простой причине. Потому что ее пытались выдать за глобальную мировую проблему.",Русофобия - это глобальная мировая проблема.,not_entailment,train
"""""""Воздушные шары символизируют открытость и честность выборов, а их количество равно числу ТИКов в республике"""", - пояснил агентству поднесший спичку к чучелу, облив его перед этим жидкостью для разведения костров, правозащитник Эдвард Мурзин. Участники митинга, организованного одним из лидеров общественного движения """"Голос Уфы"""" Андреем Андреевым, прошли колонной с речевками и знаменами несколько кварталов к площади перед Русским драмтеатром. Полиция не перекрывала движение автотранспорта, поскольку колонна участников акции двигалась только по тротуарам.""",Честность и открытость выборов символизируют воздушные шары.,entailment,train
"""Такой законопроект обсудят в Госдуме в ближайшее время. Отмечается, что в настоящее время у людей, страдающих от этого заболевания, часто снимают инвалидность в подростковом возрасте, и они теряют льготы на приобретение жизненно важных лекарств. «Нужно сохранять инвалидность при сахарном диабете, так как это неизлечимое хроническое заболевание"""".""",Законопроект вызывает сахарный диабет.,not_entailment,train
"Как уточняет ярославская областная прокуратура, жителям одного из подъездов пришлось самим мыть грязные лестницы, потому что этого не делали сотрудники управляющей компании.",Жители подъезда наняли уборщицу.,not_entailment,train
"В 2.07 огонь был локализован, а в 2.16 ликвидирован. Здание полностью осталось без крыши и серьезно обгорело, как внутри, так и снаружи. Но так как блок был хозяйственным, при пожаре никто не пострадал.",Между локализацией и ликвидацией огня прошло 6 минут.,not_entailment,train
"Сегодня к экономии средств активно подключаются муниципальные образования, поскольку имеется республиканская поддержка.",Экономией средств занимается все больше территорий.,entailment,train
"""""""И если через три года у меня будет шанс не только принять участие в выборах, но и выиграть, я такой возможности не исключаю"""", - отметил он. Что же касается оппозиции и активных протестов, то их бизнесмен и политик считает более непродуктивными. """"Что касается участия в протестах, я в них участия лично принимать не буду, потому что я не вижу позитивной повестки"""", - сказал он.""",Бизнесмен и политик планирует принять участие в протестах.,not_entailment,train
"Их номер про друга крокодила Гены рассмешил и зрителей, и жюри шоу. Своеобразие дуэта и оригинальные шутки позволили Антону и Алине пройти в финал программы, где ребята смогут побороться за главный приз – семь миллионов рублей. К слову, ранее дуэт не смог пройти на полуфинал, так как члены жюри не оценили их шуток.",Антон и Алина могут выиграть семь миллионов рублей.,entailment,train
"""В суде Центрального района Сочи завершилось рассмотрение уголовного дела в отношении 81-летнего местного жителя, который застрелил обидчика своей дочери. """"Степан Вагин приговорен к трем годам лишения свободы условно с испытательным сроком два года"""", - сообщил агентству """"Интерфакс-Юг"""" в пятницу адвокат подсудимого Илья Иванов. По его словам, суд сделал снисхождение пенсионеру, поскольку он является тружеником тыла и инвалидом второй группы, и назначил наказание """"ниже низшего предела"""".""",Суд не пощадил пенсионера.,not_entailment,train
"Авто привлекло внимание тем, что его водитель всячески нарушал правила дорожного движения.",Авто привлекало внимание поведением на дороге.,entailment,train
"""Приговор суда о мере наказания подсудимого должен быть объявлен позднее в пятницу. Сам он в суде заявил: """"Даже если вы мне не верите, я сожалею о содеянном. Я хотел представить вам мои извинения, потому что это последний раз, когда я могу выступить"""".""",Приговор объявят в пятницу.,entailment,train
"Судно прибывает в сочинский порт за 7 часов. В то же время, билет на самолет до Сочи в летнее время стоит 3 тысячи, а время в пути – чуть меньше часа.",Билет на самолет до Сочи летом стоит 3 тысячи.,entailment,train
"Ребята показали сегодня, что у них есть характер, есть самолюбие, есть достоинство и профессионализм. В принципе, полтора тайма выдерживали план на игру, затем случился провал. В конце матча пришлось нелегко, но мы выстояли.",В конце первого тайма случился провал.,not_entailment,train
"""Отношение к этому фильму – как у профессора, который экзаменует главную героиню. Она вышла отвечать первая и рискует заговорить об очень неожиданных (для нее) вещах. Копнуть, задать каверзный вопрос – провалится, но профессор этого не делает, потому что рад, что хоть кто-то из студентов заговорил о том, чего никто из этих студентов знать – не """"не мог"""", а """"не захотел"""", """"не имел повода"""".""","Профессор не может сделать так, чтобы студентка провалилась.",not_entailment,train
"7 января на личной странице бизнесмена в соцсети Facebook появилось сообщение, в котором говорилось, что он намерен добиваться проведения прокурорского расследования.",Сообщение появилось на странице бизнесмена в Facebook в ненастный день января.,not_entailment,train
"Его автомобиль повело на скользкой дороге, и он врезался в вазовскую легковушку, а затем в частный деревянный дом.","Автомобиль врезался в легковушку, а затем снес частный деревянный дом.",not_entailment,train
"""Миссия """"тройки"""" (Еврокомиссия, Европейский Центробанк и Международный валютный фонд) отмечает """"существенный прогресс"""", достигнутый Грецией за последнее время, говорится в распространенном в четверг пресс-релизе МВФ. Однако """"несколько вопросов остается нерешенными"""", добавляют кредиторы. """"Поскольку для урегулирования этих вопросов потребуются дополнительные технические работы, миссия прервется на краткое время, чтобы работы были завершены.""",Греция достигла прогресса.,entailment,train
"Сборка уникального аттракциона шла такими темпами, что конструкция быстро обрела очертания громадного колеса.",У аттракциона очертания куба.,not_entailment,train
"Жители неоднократно жаловались в полицию, но им было отказано в розыске коллекторов.",Полиция отказалась разыскивать коллекторов.,entailment,train
"Она преодолела марафонскую дистанцию за три часа 11 минут и 48 секунд и квалифицировалась на другой марафон, сообщает The Ottawa Citizen. Спортсменка заявила, что была уверена в своих силах только в полумарафоне и выступала на этой дистанции, чтобы подготовиться к участию в марафоне в Детройте. Но она отвлеклась, поскольку слушала музыку, и в какой-то момент просто решила бежать и уже не сдаваться.",Спортсменка пробежала стометровку и устала.,not_entailment,train
"""""""А есть же люди тоже, которые сейчас разделяют позицию этого корреспондента и говорят, что Плющенко - обманщик, что он обманывает. Невозможно после операции на позвоночник ходить на второй день, понимаете? Поэтому я просто хочу также защитить наших дальнейших спортсменов, потому что сейчас на меня напали, в следующий раз нападут на более, может быть, слабого какого-то спортсмена, но который защищает честь и достоинство нашей страны"""", - продолжил Плющенко.""","Плющенко понимает, что ему верят не все.",entailment,train
"""Как сообщалось, 15 шахтеров в понедельник 3 сентября отработали положенную смену - с 08:00 до 16:00, а по окончании смены не поднялись с горизонта минус 860 метров. Они требовали в том числе отменить незаконно введенный на предприятии ООО """"Рус-Инжиниринг"""", которое входит в """"РусАл"""" и обслуживает СУБР, скользящий график, а также повысить оклады. Ранее компания назвала действия участников акции незаконными, в том числе потому что """"шахта является объектом повышенной опасности и нахождение в ней без специальных нарядов категорически не допускается"""".""",Шахтеры протестуют в шахте.,entailment,train
"Ранее также были арестованы предполагаемый лидер преступной группы, ранее судимый 52-летний Андрей Вишневский, Олег Новак и Владимир Попов. Следователь в обоснование своего ходатайства в суде заявил, что, находясь на свободе, подозреваемые могут скрыться. А поскольку не установлены все участники преступной группы, то они также могут оказать давление на свидетелей и попытаться воспрепятствовать расследованию по делу.",Не установлены все участники преступной группы.,entailment,train
"Деревянный черенок от метлы стал причиной преступления, которое унесло жизнь пенсионера.",Преступление унесло жизнь пенсионера.,entailment,train
"Также родственники погибшего под колесами мужчины требуют компенсации морального вреда. Всего они запросили 2 млн рублей. Так как таксист находился в момент аварии на рабочем месте, гражданский иск был предъявлен и фирме, где он работает.",Сервису такси предъявили иск за невежливых таксистов.,not_entailment,train
"Сначала зрители могут наблюдать картину, как посреди комнаты маленькая девочка играет со своими игрушками, а за ее действиями наблюдает кукла.",Сначала зрителям показывают картину.,not_entailment,train
"Горожане вовсю продолжали празднество, когда ближе к вечеру свет в квартирах домов неожиданно погас.",Празднество омрачилось отключением воды.,not_entailment,train
"Отец вышел на балкон и дверь внезапно захлопнулась. Благо, телефон мужчина взял с собой. Он вызвал спасателей, которые благополучно попали в квартиру и освободили родителя, а также успокоили перепуганного четырехлетнего мальчика.",Малыш остался дома с матерью.,not_entailment,train
"Минимальные травмы получил водитель автомобиля. Он смог самостоятельно выбраться из машины и наблюдал за происходящим со стороны. По предварительной версии, водитель потерял управление автомобилем, поскольку выбрал небезопасную скорость движения.",Водитель превысил скорость.,entailment,train
"""Как передают корреспонденты """"Интерфакса"""", несколько десятков человек вышли из вестибюлей станций метро """"Арбатская"""", """"Чистые пруды"""", """"Кропоткинская"""" и """"Тверская"""", расположенных на бульварном кольце. Как заявил """"Интерфаксу"""" один из организаторов акции Александр Щербаков, из-за принятого закона о митингах официально акция была отменена, однако люди самостоятельно выходят погулять по бульварам. """"Сама акция отменена, потому что теперь это незаконно"""".""",Официально акцию отменили.,entailment,train
"Огонь удалось потушить через восемь минут. Есть пострадавший. Также одна часть дома сгорела, вторая выгорела.",Вторая часть дома выгорела.,entailment,train
"""Внедорожник Toyota Land с российскими номерами двигался в сторону границы, когда на него с второстепенной дороги выскочила """"Волга"""". Для джипа, ехавшего на высокой скорости, было достаточно небольшого удара, чтобы вылететь в кювет. Видимо, водитель и пассажир внедорожника были не пристегнуты, так как вылетели через лобовое окно и погибли мгновенно.""","""Джип не удержался на дороге после столкновения с """"Волгой"""".""",entailment,train
"""Фильм """"Невинность мусульман"""", удаленный из социальной сети """"ВКонтакте"""", больше не появится на ресурсе, но там останутся ролики о нем. """"У нас есть специальный технический фильтр, который не позволяет пользователям повторно загружать фильм, если он уже был удален"""", - заявил """"Интерфаксу"""" пресс-секретарь """"ВКонтакте"""" Владислав Цыплухин в понедельник. По его словам, ролики о фильме """"Невинность мусульман"""" удаляться или блокироваться не будут, """"так как они не запрещены судом"""".""","""Фильм """"Невинность мусульман"""" и ролики о нем не запрещены судом.""",not_entailment,train
"В четверг, 29 декабря, Черемушкинский суд Москвы принял решение об аресте 17-летнего парня, которого обвиняют в убийстве своего 10-летнего брата . Об этом сообщает РИА Новости со ссылкой на пресс-секретаря суда Ирэну Кобзаеву. Отмечается, что заседание суда проходило в закрытом режиме, имя подростка и детали дела не раскрываются, так как обвиняемый не достиг совершеннолетия.",Парень мог убить брата.,entailment,train
"Дело из 8 томов рассматривала 7 дней выездная коллегия Приволжского окружного военного суда. Большинство заседаний были закрытыми. Об этом ходатайствовала прокуратура, так как некоторые эксперты со стороны обвинения боялись угроз в случае дачи показаний в суде.",Все заседания были открытыми.,not_entailment,train
"""Члены президентского совета отметили, что это не первое определение КС, указывающее судам, что Уголовный кодекс не предусматривает признание вины обязательным для решения об УДО. Однако такой вывод можно сделать из нормы Уголовно-исполнительного кодекса, где указано, что """"администрация должна представить документы на осужденного, выразить свою позицию о том, что ему не нужно больше отбывать наказание, поскольку он признал вину, раскаялся, возместил ущерб"""", отметила Морщакова. """"Это """"поскольку"""" и заставляет суды считать, что они вправе отказать на таком основании"""", - сказал член президентского совета.""",Члены президентского совета отметили Новый год.,not_entailment,train
"Контракт планируют заключить с единственным поставщиком - ООО «Автоматик Флайт Дизайн». Напомним, ранее у входа в терминал аэропорта установили бетонные полусферы. Но активисты просили убрать их, так как они мешают инвалидам.",Поставщик на примете один - ООО «Автоматик Флайт Дизайн».,entailment,train
"Медалью «За укрепление боевого содружества» награжден бессменный ведущий игр «Клуба веселых и находчивых», президент «АМиК» Александр Масляков. Награду ему вручил лично министр обороны РФ Сергей Шойгу во время финала КВН среди довузовских образовательных учреждений Минобороны. «Вы заслужили эту награду, потому что много делаете для армии и общества», - сказал он.",Шойгу вручил медаль Маслякову.,entailment,train
"Как говорится в сообщении, примерно в 16.20 мск на пульт дежурной части МВД по РСО-Алания поступил анонимный звонок. Звонивший мужчина сообщил, что рынок заминирован. Поскольку он не назвал, на каком именно рынке, якобы, заложено взрывное устройство, правоохранительные органы приступили к эвакуации граждан со всех рынков города.","Мужчина забыл сказать, какой рынок заминировал.",not_entailment,train
"Смены обычные, есть определенная пропускная способность, когда число транспортных средств выше, возникают очереди.",Очередей тут не бывает.,not_entailment,train
"Оказалось, вспыхнула однокомнатная квартира.",Однокомнатные квартиры часто вспыхивают.,not_entailment,train
"Парни делают простые и понятные песни о своей жизни, которые вмиг разлетаются в социальных сетях и звучат из каждого второго автомобиля.",Песни парней популярны.,entailment,train
"Новшеством в этом году станет установленное электронное табло, на котором будут отражаться данные о температуре воды и воздуха.",Табло станет новшеством.,entailment,train
"Маршрутка полыхала несколько минут. Свидетели утверждают, что приезду пожарных салон «Газели» выгорел полностью. К счастью, пассажиров внутри не было, а водитель успел выскочить из кабины.",Маршрутка сгорела.,entailment,train
"Прогулочная зона дала трещину, ее часть поползла в сторону моря.",С прогулочной зоной что-то не так.,entailment,train
"Как выяснилось, надзорное ведомство провело проверку сведений, содержащихся в представлении мирового судьи о наличии у девушки медицинских противопоказаний для управления транспортными средствами.",Надзорное ведомство не проверило сведения.,not_entailment,train
"Как сообщает пресс-служба региональной прокуратуры, в сентябре прошлого года житель Московского района был привлечен к административной ответственности за неуплату алиментов.",За неуплату алиментов мужчину привлекли к уголовной ответственности.,not_entailment,train
"Причины пожара устанавливаются сотрудниками экстренных служб. Напомним, накануне в Северной столице тушили крупный пожар в квартире многоэтажного дома. Огонь бушевал на балконе, жильцу пришлось прятаться от пламени на соседнем балконе.",Причины пожара пока неизвестны.,entailment,train
"Может, это один из этапов нового способа мошенничества? Был в полиции, написал заявление. Что-то мне подсказывает, что не найдут они его.",Полиция приняла заявление.,entailment,train
"Как пояснили в пресс-службе городской администрации, в качестве конкурентного преимущества представители бизнеса предлагают использовать технологию «сложения потенциалов», состоящую в создании замкнутых циклов из отдельных разрозненных экономических цепочек.",Представители бизнеса ушли из городской администрации ни с чем.,not_entailment,train
"В ходе разбирательств выяснилось, что данное транспортное средство числится в угоне.",Транспортное средство угнали в ходе разбирательства.,not_entailment,train
"После того как клиент оформит подписку на сервис, он будет получать уведомления о наличии штрафов автоматически.",Клиент может подписаться на уведомления о штрафах.,entailment,train
"""""""Если вернуться к теме смены власти в Петербурге, то что бы Вы хотели бы пожелать новому губернатору?"""" - """"Я думаю, что ему можно пожелать, по крайней мере, на первом этапе, чтобы все в городе объединились, помогая ему, что будет очень трудно, потому что грядет период выборов"""".""",Период выборов не за горами.,entailment,train
"Почти при входе в помещении бытовки горел строительный мусор. В дальнем углу здания огнеборцы заметили 52-летнего мужчину. Самостоятельно покинуть горящее помещение пострадавший не мог, так как был сильно пьян.",Мужчина был пьян 52 часа.,not_entailment,train
"""По его словам, партия """"Гражданская платформа"""" имеет четкий рецепт, как изменить миграционную политику. """"Мы изменим положение с мигрантами без помощи национал-радикалов"""", - заявил М.Прохоров. Он отметил, что долго думал, нужно ли ему высказывать свое мнение по поводу """"Русского марша"""", и решил, что оставаться в стороне от возрастающих националистических настроений не имеет права, так как те, кто отдал голоса за него на президентских выборах, не довольны ситуацией с миграционной политикой и коррупцией в этой сфере.""","""Партия """"Гражданская платформа"""" изменит миграционную политику.""",not_entailment,train
"Поэтому они направились в круглосуточный магазин. Но продавец отказалась продать им пиво, так как было слишком поздно. Пока один приятель уговаривал женщину, подозреваемый открыл холодильник и забрал бутылку.",Было слишком поздно для продажи хлеба.,not_entailment,train
"Как рассказали в краевой полиции, в сентябре женщина нашла на интернет-сайте объявление о продаже породистых щенков и связалась с продавцом из другого города.",Женщина хотела купить породистого щенка или нескольких щенков.,entailment,train
"Он намеревался переночевать у друга, но позднее сменил планы и пошел гулять с приятельницей.",Он изменил первоначальному намерению.,not_entailment,train
"""""""Я вместе с другими адвокатами с 13:00 нахожусь у СИЗО """"Лефортово"""" и пытаюсь пройти к своему доверителю Развозжаеву. Некоторое время назад к нам вышел заместитель начальника изолятора, который сообщил, что созвонился со следователем и тот дал ему указание не пускать к Развозжаеву адвокатов, так как они не допущены к делу"""", - сообщила """"Интерфаксу"""" защитница Виолетта Волкова. По ее словам, это абсолютно незаконно, так как в материалах дела есть ее ордер.""","""""""Интерфакс"""" пообщался с Виолеттой Волковой.""",entailment,train
"По его словам, около 11:20 в северо-восточной части столицы пошел небольшой снег, который затем перерос в самую настоящую метель. Видимость на дорогах значительно снизилась, температура упала за короткий промежуток времени на два градуса. Так как земля по-прежнему сохраняет тепло, падающий снег моментально тает.",Падающий снег не тает.,not_entailment,train
"Затем между ними возник конфликт, во время которого старший товарищ избил младшего. Затем он схватил приятеля рукой за шею и удерживал, пока тот не перестал подавать признаки жизни. Заметая следы преступления, мужчина поджег бумажную коробку в комнате и сбежал.",Следы преступления мужчина хотел замести метлой.,not_entailment,train
"Одна из кабин предусмотрена для людей с ограниченными возможностями. Новое колесо обозрения появится практически рядом со старым, которому, кстати, предстоит проверка. Если выяснится, что оно уже не годится, то придется отправить его в металлолом.",Какое-то время рядом будут стоять два колеса обозрения.,entailment,train
"Суд не стал рассматривать соответствующее ходатайство, поскольку оно было заявлено не в письменной форме.",Суд не смог разобрать ходатайство.,not_entailment,train
"Известно, что девушка отдыхала в кафе и употребляла там алкогольные напитки. Вдруг она потеряла сознание. На место немедленно прибыли медики, но им не удалось откачать потерпевшую.",Девушка очнулась.,not_entailment,train
"""По словам марксистов, они продолжат атаки против властей, поскольку те """"нарушают право турецких граждан на свободу мысли и совести"""".""",Власти точно нарушают право турецких граждан на свободу мысли и совести.,not_entailment,train
"По итогам конкурса будет принято решение о предоставлении данных пляжных территорий претендентам, которые предоставили наилучшие условия благоустройства.","Конкурс покажет, кому достанутся пляжи.",entailment,train
"И уже не в первый раз. Как выяснилось, раньше мужчина уже привлекался к административной ответственности и был лишен прав. Так как нарушение стало повторным, на пьяного водителя возбудили уголовное дело.",Водитель был под мухой не в первый раз.,entailment,train
"Семейную пару мужчина ограбил в их собственной квартире, куда они сами пригласили малознакомого человека.",Грабитель пришел по приглашению.,entailment,train
"""В сеть выложили ролик, как маршрутка улетела в сугроб, уходя от столкновения с легковушкой.""",Маршрутка столкнулась с легковушкой в сугробе.,not_entailment,train
"И хотя первая неделя января приходится на нерабочие и праздничные дни, ее доставка будет идти по графику.",Доставка пройдет согласно графику.,entailment,train
"""Представители России реагировали на резолюцию с недоумением и возмущением. """"Это решение (принятие подобной резолюции – ИФ) является вопиющим фактом вмешательства во внутренние дела РФ и попыткой дестабилизировать общественно-политическую ситуацию в нашей стране, не основанной на реальном знании фактов. Попыткой, граничащей с провокацией, поскольку парламентарии не могли не предвидеть реакцию российского общества на подобные действия, оскорбительные для любого суверенного государства"""", - говорилось, например, в заявлении Общественной палаты.""",Общественная палата сделала заявление.,entailment,train
"Автор поста написал в комментарии, что прорвалась канализация.",Автор поста написал комментарий об аварии с канализацией.,entailment,train
"Тверские полицейские сумели по горячим следам задержать мужчину, которого подозревают в покушении на убийство.",Тверские полицейские задержали подозреваемого.,not_entailment,train
"Помните главное правило умного заемщика – нельзя действовать импульсивно. Ваш приоритет – семейный бюджет! Снижать долговую нагрузку обязательно нужно, поскольку обстоятельства жизни могут резко поменяться, и обычные ежемесячные выплаты окажутся непосильными.",Приоритетом умного заемщика является бюджет его семьи.,entailment,train
"Отдавать их он не спешил. Да и имущества за предпринимателем официально никакого не числится – гол, как сокол, взыскать вроде как нечего. При этом петербуржец является генеральным директором страховой компании и организации, которая занимается добычей и обогащением железных руд.","Предприниматель был разодет, как гоголь.",not_entailment,train
"В одной из комнат он нашел икону, которую забрал с собой, чтобы продать. Но затем передумал и вместо того, чтобы продать ее на рынке, отнес икону в один из храмов. Настоятель, которому мужчина предложил похищенное за символическую плату, отказался забирать икону.",Настоятель храма не купил икону.,not_entailment,train
"Сотни военнослужащих из Катара принимали участие в военных операциях на стороне ливийских оппозиционеров, сообщил в среду журналистам командующий Генеральным штабом катарских Вооруженных сил Хамад бен Али Аттыйя. По его словам, оппозиционеры нуждались в такой поддержке, поскольку большинство из них составляли гражданские люди, никогда не имевшие дело с военной наукой.","Большинство оппозиционеров - гражданские люди, никогда не имевшие дело с военной наукой.",entailment,train
"Как сказал он на пресс-конференции в четверг, так как не удалось запустить существующую систему пожаротушения, воду подавали через водные помпы высокого давления с нулевого уровня.","Система пожаротушения существует, но не работает.",entailment,train
"В течение этой недели на проекте Всероссийского конкурса юных талантов «Синяя птица» проходит голосование за участников, чтобы те вышли в финал.","""Конкурс """"Синяя птица"""" ждет печальный финал.""",not_entailment,train
"13-летнюю омичку 2 месяца лечили от кашля. Медики лечили ее от инфекционного заболевания легких и были сильно удивлены, увидев на снимке грудной клетки девочки канцелярскую кнопку. Рентген решили сделать, потому что лечение не помогало.",Медики 2 месяца подряд делали ребёнку рентген.,not_entailment,train
"Парень сознался в преступлении. У задержанного изъяли нож и сумку, которые он использовал при разбойном нападении. Выяснилось, что эти вещи он украл из дома в деревне Алексеевское.","Парень разбойничал, урожая украденным ножом.",entailment,train
"Второй аргумент: все читаем и видим, что надвигается вторая волна кризиса. Мы ее ощущаем кожей. Может ее и не быть, потому что когда об этом не говорили, вдруг разразилось, а когда говорят, может, и не быть.",Мы ощущаем кожей вторую волну кризиса.,entailment,train
"Хозяйка, услышав шум, проснулась и спугнула вора.",Шум спугнул вора.,not_entailment,train
"Срок был продлен на два года, поскольку для обладателей патентов необходим переходный период для того, чтобы иметь возможность адаптироваться к деятельности в качестве индивидуальных предпринимателей.",Обладатели патентов уже адаптировались к деятельности в качестве индивидуальных предпринимателей.,not_entailment,train
"Ребята с энтузиазмом взялись за дело, первым пунктом стала разработка игровой программы.",Ребята уже разработали игровую программу.,not_entailment,train
"Он отметил, что благоприятная ситуация складывается, потому что быстро срабатывают аварийные бригады, создан необходимый запас резервной техники и топлива.","Он не нашел причин для того, чтобы сложилась благоприятная ситуация.",not_entailment,train
"Прогулочная зона дала трещину, ее часть поползла в сторону моря.",Прогулочная зона в идеальном состоянии.,not_entailment,train
"Против мужчины, который во вторник угрожал ножом водителю медицинского транспорта, возбудили уголовное дело.",Мужчина угрожал ножом водителю трамвая.,not_entailment,train
"В дальнейшем система электронного доступа будет развиваться. Электронные замки предполагается поставить и на другие кабинеты. Правда, вероятнее всего, это будут модели попроще – которые открываются магнитной картой.",Электронных замков станет меньше.,not_entailment,train
"Чиновники хотят купить для очистки магистралей 16 машин. Директор управления дорожного хозяйства и благоустройства Владимир Казимиров отметил, что кроме самосвалов и снегопогрузчиков закупят и две единицы мини-техники специально для содержания улиц Чокана Валеханова и Ленина. Также в управлении отметили: техники не хватает для уборки снега, потому что она постоянно ломается.",Чиновники хотят приобрести самосвалы и снегопогрузчики.,entailment,train
"Но даже когда велосипедисты формально соблюдают все правила, они вызывают гнев остальных участников движения. Почему? Потому что они не соблюдают неформальные правила, которые существуют на дороге.",Велосипедистов на дорогах все обожают.,not_entailment,train
"Шесть жителей областного центра обвиняются в незаконном проведении азартных игр, сообщили в пресс-службе следственного комитета области.",Обвинение предъявлено шести жителям областного центра.,entailment,train
"""""""Лимузин сломался, так как он был ошибочно заправлен не тем типом топлива"""", - говорится в сообщении.""",В сообщении сказано о плохом качестве топлива.,not_entailment,train
"Это ДТП попало на запись авторегистратора одного из очевидцев, видео выложили в сеть (в группу «ЧП-Красноярск»). Как рассказали свидетели того, как все случилось, 75-летнего мужчину сбили, когда он переходил дорогу не по светофору, и не по переходу. Возможно, водитель автобуса его попросту не заметил, так как было уже совсем темно.",Автобус сбил пенсионера.,entailment,train
"Их номер про друга крокодила Гены рассмешил и зрителей, и жюри шоу. Своеобразие дуэта и оригинальные шутки позволили Антону и Алине пройти в финал программы, где ребята смогут побороться за главный приз – семь миллионов рублей. К слову, ранее дуэт не смог пройти на полуфинал, так как члены жюри не оценили их шуток.",Антон и Алина поставили номер про друга крокодила Гены.,entailment,train
Далее было вынесено постановление о взыскании исполнительского сбора. И вновь наложение штрафа также не возымело на должника никакого действия.,На должника наложили штраф.,not_entailment,train
"Напомним, что общественные приемные губернатора Калининградской области второй год работают во всех городских округах и муниципальных районах.",У губернатора Калининградской области мало общественных приемных.,not_entailment,train
"""Следователи ознакомили лидера националистического движения """"Русские"""" Дмитрия Демушкина с проведенными экспертизами, одна из которых заключила, что в его прошлогоднем интервью, из-за которого было возбуждено одно из уголовных дел, отсутствует элемент разжигания межнациональной розни.""",Следователи ознакомили Дмитрия Демушкина с проблемой в проведении экспертиз.,not_entailment,train
"Как считают силовики, руководитель на протяжении трех месяцев не платил своим сотрудникам зарплату, различные пособия и иные выплаты, которые причитаются гражданам согласно закону.","По закону гражданам не полагались выплаты, но по мнению силовиков, сотрудники их получали.",not_entailment,train
"Так как у мужчины не было постоянного заработка, ему пришлось взять кредит в банке.",Мужчина взял два кредита в банке.,not_entailment,train
"Экстренные и коммунальные службы города перешли на круглосуточный режим работы. Автомобилистов просят не выезжать без необходимости, особенно без зимней резины. В ближайшие дни морозы на курорте ослабнут, к конце недели столбики не будут опускаться ниже ноля, сообщают синоптики.",Морозы вот-вот усилятся.,not_entailment,train
"""26-летний житель Советского района Ставропольского края обвиняется в покушении на изнасилование несовершеннолетней. Как сообщили """"Комсомольской правде на Северном КАвказе"""" в пресс-службе СУ СК по СК, 22 июля прошлого года мужчина пришел в одну из торговых точек Георгиевска, где 16-летняя девочка подменяла продавца. Подозреваемый сначала ударил свою жертву по лицу, потом попытался изнасиловать, но не смог, так как на крики девочки прибежали прохожие.""",Мужчина попытался изнасиловать девушку в подсобке.,not_entailment,train
"Сотрудница поезда забыла предупредить людей, что поезд прибывает на станцию Алтайская. В итоге, когда поезд уже тронулся от перрона, проводник скомандовала пассажирам: прыгайте из вагона. - Она настояла на высадке людей из вагона после начала движения поезда, - сообщает Западно-Сибирское следственное управление на транспорте.",Проводница забыла сказать пассажирам о станции.,entailment,train
"""Она пройдет в центре Брянска 5 февраля. По словам пресс-секретаря главы брянской городской администрации Константина Касаминского, """"городские власти в проведении акции не отказали, в таких вещах никто не отказывает"""". """"Однако уведомление не было принято, поскольку не были соблюдены сроки"""".""",5 февраля в центре Брянска запретили проводить акцию.,not_entailment,train
"""17:50. В толпе машут букетиками белых цветов. 17:48. Теперь из кузова фургона выступает Андрей Нечаев, защитник Белого дома и министр в кабинете Егора Гайдара. """"Мы сами отдали свободу, потому что расслабились"""", - признает он.""",В толпе выращивают белые цветы.,not_entailment,train
"Ежедневно в плотины поступает всё больше и больше воды, что не может не радовать.",Вода поступает в плотины.,entailment,train
"В конце года итоги подводят все службы. Не исключение и комитет природных ресурсов. Они посчитали количество рейдов и то, сколько удалось взыскать с нарушителей.",Конец года - время подведения итогов для всех служб.,entailment,train
"Состояние алкогольного опьянения было доказано. А вот водительское удостоверение он предъявить не смог. Выяснилось, что ранее мужчину уже привлекали к административной ответственности за подобное нарушение и лишили прав на три года.",Пьяный мужчина не смог достать водительское удостоверение.,not_entailment,train
"Колпинские активисты-экологи считают, что выброс газа произошел на полигоне «Красный бор». Пришли домой, закрыли все окна, так как в квартире задохнуться можно.",Колпинские экологи ликвидировали источник газового выброса.,not_entailment,train
"""""""Не вижу смысла увеличивать число статей Уголовного кодекса, так как там уже есть меры уголовной ответственности в отношении лиц, которые пропагандируют сепаратизм"""".""",В Уголовном кодексе достаточно статей.,entailment,train
"""""""Будем участвовать в выборах (главы Химок - ИФ). Мы уже часть документов собрали, через несколько дней подадим на регистрацию и будем собирать подписи"""", - заявил он """"Интерфаксу"""" в понедельник. По его словам, у него есть несколько идей для предвыборной кампании: """"Например, все посты в правительстве будут занимать немцы, потому что наши чиновники все воруют"""".""",Предстоят выборы главы республики.,not_entailment,train
"""""""Соответственно, если мы идем под Москву, в московское подчинение, нам сказали, что у нас не будет общежития. А так как в Гнесинку стремятся со всей России, то приезжим просто негде будет жить"""", - заключил Михаил. Он, как и все мои респонденты, очень молод, но, судя по всему, принимать взрослые решения пришлось даже самым юным ученикам колледжа, если это вообще можно назвать решением, поскольку выбора у них как такового не было.""",Гнесинка отдаст общежитие в региональное подчинение.,not_entailment,train
"Заметив приближающийся грузовой поезд, он залез на снежную насыпь на обочине, но поскользнулся и был смертельно травмирован железнодорожным вагоном.",Пострадавший попал под поезд.,entailment,train
"""Рыбаченко уехала из России еще летом 2012 года и в настоящее время живет в Эстонии, где намерена закончить университет. Как заявила Рыбаченко, ее отчислили после того, как в вуз пришли следователи. """"Я пытаюсь закончить образование, потому что четыре года я отучилась, и мне оставался один год, чтобы получить диплом"""".""",Рыбаченко отчислили из университета.,entailment,train
"Преступная группа, осужденная этим летом, смогла вывести из Фонда более миллиарда рублей. 4 августа суд приговорил фигурантов данного дела к срокам от трех до шести с половиной лет лишения свободы. Процесс проходил в особом порядке, поскольку все подсудимые признали свою вину.",Все подсудимые признали себя виновными.,entailment,train
"По предварительным данным, водитель иномарки не справился с управлением и вылетел на встречную полосу.",Произошло ДТП.,entailment,train
"""""""Я тоже хотел продолжения. Но правила есть правила"""", - заявил Кличко-старший на пресс-конференции после боя, состоявшегося ночью в воскресенье в Москве. """"Рад, что отстоял титул, но, к сожалению, не так, как хотелось бы"""".""",Правила помешали Кличко насладиться продолжением.,entailment,train
"Местные власти были вынуждены обратиться к жителям с опровержением информации, которую начали распространять в листовках.",Местные власти подтвердили информацию.,not_entailment,train
"В отделение полиции обратился пациент больницы. Он объяснил, что вышел на несколько минут, а когда вернулся, не обнаружил в палате планшет и своего соседа. Как оказалось, пока мужчины не было, другой больной забрал планшет, связал несколько простыней и по ним сбежал через окно.",У больного украли планшет.,entailment,train
"К спасательной операции подключились силы Национальной гвардии США и дополнительные полицейские подразделения. На грузовиках они подвезли провиант и воду в районы у восточных склонов Скалистых гор, которые в данный момент оказались полностью блокированы в результате разлива рек. Работы осложняются, так как многие дороги оказались непроходимы из-за оползней, спровоцированных разливом воды.",Районы восточных склонов Скалистых гор блокированы наводнением.,entailment,train
"""Этот неожиданный для всех, кто знает творчество Виктора Косаковского, фильм продолжает в чем-то идею и настроение его бедняцкой картины """"Тише!"""" Только """"Тише!"""" он снимал из окна собственной квартиры, потому что на нормальный фильм денег не было.""","""Косаковский снял """"Тише!"""" из самолета.""",not_entailment,train
"""""""Немцова повезли в его дом, где уже полчаса идет обыск"""", - сказал """"Интерфаксу"""" адвокат оппозиционера Вадим Прохоров. Немцов явился на допрос около полутора часов назад. Накануне следователям не удалось попасть к оппозиционеру домой, поскольку его самого там не было.""","Немцов поехал на обыск, а потом приехал на допрос.",not_entailment,train
"О произошедшем правоохранителям сообщил 40-летний хозяин машины. В содеянном полицейские заподозрили 35-летнего местного жителя. Однако задержать его не удалось, потому что мужчина скрылся.",Подозреваемому пятнадцать лет.,not_entailment,train
"""О какой именно авиабазе идет речь, собеседник агентства не уточнил. Между тем посольство РФ в Кабуле не располагает информацией о том, что опасно сблизившийся с российским авиалайнером самолет принадлежит дислоцированным в Афганистане иностранным военным. Пресс-атташе российской дипмиссии Степан Аникеев заявил, что посольство не намерено самостоятельно обращаться к афганским властям или командованию МССБ за разъяснениями относительно этого инцидента. """"Мы точно не будем этого делать, потому что это — частная компания, и это ее дело"""".""",Военный самолет опасно сблизился с боевым вертолетом.,not_entailment,train
"У женщины, которая почти два года терпела побои и унижения, сдали нервы.",Женщину били и унижали два года.,entailment,train
"""""""На требование остановиться водитель иномарки не отреагировал, а наоборот, увеличил скорость, поочередно задев две машины и чуть не сбив женщину с ребенком, переходивших дорогу"""", - сказал представитель пресс-службы. Инспекторы ГИБДД начали преследование, пытаясь прижать автомобиль к обочине, однако его водитель ударил патрульную машину. Сотрудники полиции приняли решение о применении оружия для остановки автомобиля, создававшего большую опасность для окружающих, однако сначала не смогли этого сделать, так как вокруг находились жилые дома, большое количество автомобилей на дороге и пешеходов на улице.""",Большое количество автомобилей на дороге и пешеходов на улице не позволило полицейским стрелять в преследуемую иномарку.,entailment,train
"Янтарь у нас все равно любыми способами и с ухищрениями страшными перемещают. То его в колесо запасное засовывают, то еще куда-нибудь. Бывает, берем мы, бывает – поляки, потому что они тоже работают против этого.",Наш янтарь вывозят открыто.,not_entailment,train
"Эта русская поговорка как никакая другая отражает историю, в которую влипли два подельника.",Два подельника попали в поговорку.,not_entailment,train
"Безусловно, контроль нужен, потому что не существует ни одной возможности это предотвратить.","Что нельзя предотвратить совсем, то нужно контролировать.",entailment,train
"Темы, которые сегодня активно обсуждают делегаты съезда - «Экономика роста и благосостояния», «Здоровое будущее», «Социальная политика», «Умная сила и культурное лидерство», «Качество государства», «Аграрная сверхдержава», «Быть хозяином в собственном доме». Делегаты из Пензенской области работают на всех площадках. Им есть что сказать по каждой из обозначенных на съезде тем, поскольку среди них есть врачи, учителя, общественные деятели и политики со стажем.",Делегаты из Пензенской области обсуждают все темы на закрытых площадках.,not_entailment,train
"Концерт стал знаменателен и тем, что во время выступления певица презентовала свой новый альбом.",У певицы отменяется следующий концерт.,not_entailment,train
"Все контракты заключены, на стройплощадках ведется работа, на некоторых круглосуточная. Думаю, что граждан расселим всех в срок. Хочется извиниться за то, что вышел год просрочки.",Работа на стройплощадках замерла.,not_entailment,train
"Необходимо разработать пакет поправок, так как в законе есть многочисленные пробелы и коллизии.",Закону требуются поправки.,entailment,train
"""Проректор ВГУ по инновационной деятельности и коммерциализации технологий Татьяна Давыденко покинула занимаемый ею пост. Информацию подтвердили в пресс-службе вуза. Однако причину ухода прокомментировать не смогли, так как это """"конфиденциальная информация"""".""",Проректор ВГУ покинула пост по конфиденциальным причинам.,entailment,train
"""Фото с места трагедии. - Его обнаружил мой сын, когда возвращался домой из магазина, - рассказал """"Комсомольской правде""""-Саратов очевидец ЧП. - Видимо, все произошло очень быстро, потому что по пути из дома никого на улице было.""","Произошла трагедия, но не ЧП.",not_entailment,train
"Спустя некоторое время о случившемся узнал хозяин дома. В полицию он заявлять не стал. Несмотря на то, что с момента происшествия прошло достаточно времени, полицейские установили и задержали подозреваемого.",С момента происшествия прошло немало времени.,entailment,train
"Управление Федеральной почтовой связи Калининградской области выплатило клиентке денежный перевод, который работник одного из отделений украл, подделав подпись женщины в документе.",Почта изъяла у клиентки украденные деньги.,not_entailment,train
"Теперь следователям предстоит восстановить полную картину случившегося. Решается вопрос о назначении и проведении необходимых экспертиз. Должностных лиц, чьи действия или бездействие стали причиной трагедии, привлекут к ответственности.",Трагедии не случилось.,not_entailment,train
"Мужчины знали, что у бизнесмена всегда при себе имеются деньги.",У бизнесмена при себе всегда имеются деньги и драгоценности.,not_entailment,train
"""По его словам, в ней примет участие порядка 150 человек. """"Бюрократы не хотят прислушиваться к мнению общественности, которая выступает против уничтожения училища им. Гнесиных. Мы потребуем публично встретиться с нами в рамках """"круглого стола"""", чтобы разъяснить студентам и педагогам причины этого решения, потому что плюсов никто из них не видит, видят только минусы"""", - сказал Хромов.""",Общественность выступает против уничтожения училища им. Гнесиных.,entailment,train
"Но согласно постановления Верховного Совета СССР еще от ноября 1990 года, женщины на селе должны работать лишь 36 часов в неделю. Добровольно ей платить компенсацию за переработку отказались. Суд встал на сторону обиженной сотрудницы, но частично, так как были пропущены сроки обращения.",Женщина на селе переработала.,entailment,train
"""Он добавил, что поскольку письмо было оформлено с нарушениями, оно отправлено заявителю для устранения """"недостатков"""".""",Письмо было оформлено с нарушениями.,entailment,train
"""17:50. В толпе машут букетиками белых цветов. 17:48. Теперь из кузова фургона выступает Андрей Нечаев, защитник Белого дома и министр в кабинете Егора Гайдара. """"Мы сами отдали свободу, потому что расслабились"""", - признает он.""",У Андрея Нечаева был букет из белых цветов.,not_entailment,train
"""""""Воздушные шары символизируют открытость и честность выборов, а их количество равно числу ТИКов в республике"""", - пояснил агентству поднесший спичку к чучелу, облив его перед этим жидкостью для разведения костров, правозащитник Эдвард Мурзин. Участники митинга, организованного одним из лидеров общественного движения """"Голос Уфы"""" Андреем Андреевым, прошли колонной с речевками и знаменами несколько кварталов к площади перед Русским драмтеатром. Полиция не перекрывала движение автотранспорта, поскольку колонна участников акции двигалась только по тротуарам.""",Правозащитник поджег чучело.,entailment,train
"Он рассказал о том, как изменятся тарифы по сбору, вывозу и утилизации коммунальных отходов на территории округа.",Тарифы меняются.,entailment,train
"""Такое было в практике бывшего Советского Союза и ничего предосудительного я здесь не вижу, если мы не хотим довести это дело до конфликтов"""", - заявил глава правительства. О соперниках на выборах: Путин указал, что бизнесмен Михаил Прохоров - последовательный человек, и, выдвигая свою кандидатуру на президентские выборы, он действует в рамках закона. """"Не хочу сказать, что желаю ему успеха, потому что я тоже собираюсь выдвигать свою кандидатуру, но уверен, что это будет достойный, сильный конкурент"""", - заявил премьер в ходе """"прямой линии"""".""",Путин желает успеха Михаилу Прохорову.,not_entailment,train
"Внутри помещение имеет эксклюзивный дизайн. На ценных породах дерева вырезаны русалки, корабли, космос. Добавляют антураж и скелеты с открытой пастью, которые, кажется, вот-вот нападут.",Скелеты добавляют дизайна.,not_entailment,train
"""Парламентское большинство не считает необходимым проводить специальное расследование в Госдуме в связи с ситуацией вокруг помощника депутата-эсера Ильи Пономарева - Леонида Развозжаева, который утверждает, что в отношении него применялись пытки после задержания. """"В нашей стране есть орган - Генеральная прокуратура, которая занимается подобными расследованиями"""", - сказал журналистам в среду руководитель фракции """"Единая Россия"""" в Госдуме Андрей Воробьев. По его словам, парламентское большинство не будет инициировать такого рода расследование, так как считает, что соответствующие ведомства в состоянии сами ответить на все вопросы, возникающие вокруг данной ситуации и дать исчерпывающую информацию.""","""Руководитель фракции """"Единая Россия"""" сказал, что парламентское большинство не будет инициировать расследование насчет предполагаемых пыток помощника депутата после задержания.""",entailment,train
"Напомним, в каждой колонии работает комната краткосрочных и длительных свиданий с осужденными. На полках библиотек можно найти художественные произведения, правовую литературу, региональную периодическую печать. - С целью создания более комфортных условий для посетителей мы сделали библиотеки, где каждый с пользой для себя мог бы провести время ожидания.",В библиотеки колоний не попадают региональные газеты.,not_entailment,train
"Он хотел купить через интернет лодочный мотор, а попался на аферистов.",Он купил через интернет аферистов.,not_entailment,train
"""Девушка в первом часу ночи ушла из дома по улице Кошурникова, и с тех пор о ней ничего неизвестно. - Приметы пропавшей сибирячке: рост 165 см., глаза карие, короткие темные волосы, носит очки, - сообщили в поисковом отряде """"Маяк"""". - Она нуждается в медицинской помощи, так как ей нужно принимать лекарства, а они были обнаружены вместе с одеждой на мосту.""",Девушка пропала.,entailment,train
"Как рассказали «Комсомольской правде» в пресс-службе регионально прокуратуры, мужчину подозревают в хищении крупной суммы денег.",Мужчину подозревают в отравительстве.,not_entailment,train
"""Но не одновременно. По ночам он участвует в пятиминутных ограблениях, строго ограничиваясь именно этим временем, не задерживаясь нигде и ни при каких условиях, не трогая деньги, и не соблюдая """"пацанские кодексы чести"""". Только потому что это его работа, а на такой работе он не дружит.""",Он - участник ограблений.,entailment,train
"В управлении пояснили, что рассмотрение дела отложено, так как комиссия антимонопольного органа запросила у сторон дополнительные документы по делу.",Рассмотрение дела отложено.,entailment,train
"""""""Это очень важно, что тысячи людей сейчас заявляют о своем желании быть наблюдателями. Это значит, что процесс наблюдения будет вестись не только Советом Европы, БДИПЧ. Это важно, потому что они нам помогут"""", - сказал он.""",Совет Европы будет наблюдать.,entailment,train
"С 1 февраля 2017 года в многофункциональных центрах можно будет получить общегражданские паспорта, автомобильные права и загранпаспорта старого образца. В скором времени в МФЦ планируется начать выдавать и загранпаспорта нового образца. Нововведение должно значительно упростить жизнь россиян, так как теперь не придется отстаивать длинные очереди или по нескольку дней ждать своей записи.",Длинные очереди останутся в прошлом.,entailment,train
"Техника была наготове, но приступить к расчистке дороги она не могла из-за скопившегося на ней транспорта. Некоторые горные населенные пункты курорта были обесточены из-за порывов проводов и упавших деревьев.",Дело было на курорте.,entailment,train
"Он отметил, что благоприятная ситуация складывается, потому что быстро срабатывают аварийные бригады, создан необходимый запас резервной техники и топлива.",Необходимый запас резервной техники и топлива уже создан.,entailment,train
"""""""По словам самих родителей, им угрожали, оказывали психологическое давление, заранее обвиняя меня во всей этой мерзости для того, чтобы мамы написали заявления, что они и сделали. Многие женщины поддались эмоциям и рассказали всё в педофильском свете, и теперь они, поняв, что их обманули, не знают как поступить. Потому что им угрожают за дачу ложных показаний дать срок"""", - написал он.""","Он не стал писать о том, что рассказали родители.",not_entailment,train
"Воспользовавшись этим, он совершил кражу телефона. Сумма ущерба составила более шести тысяч рублей. Мужчину задержали, телефон изъяли.",Вор был задержан.,entailment,train
"Врачи пытались спасти потерпевшего, но он умер в больнице. Сейчас подозреваемый задержан. Ведутся следственные действия.","Потерпевший умер, не приходя в сознание.",not_entailment,train
"Мужчины распивали алкоголь и вдруг поругались. Словами дело не ограничилось. Один из собутыльников схватил кухонный нож и ударил своего соперника. После этого, как ни в чем не бывало он просто ушел из помещения.",Мужчины поругались в процессе работы.,not_entailment,train
"Свою вину он признал и объяснил такой поступок тем, что работники церкви не пустили его на молитву. Тогда он решил привлечь к себе внимание. В момент совершения поджога храм был закрыт, поэтому никто не пострадал – нанесен только материальный ущерб.",Работники церкви пригласили его.,not_entailment,train
"Во время праздничной церемонии в муниципалитете он заявил, что главными задачи для него является максимальное использование всех возможностей в области предпринимательства и экономического развития.",Праздничная церемония проходила в муниципалитете.,entailment,train
"Выяснилось, что женщина ехала в такси вместе со своим новым знакомым. По дороге между ними произошел конфликт. Мужчина, воспользовавшись моментом, когда машина остановится на светофоре, схватил сумку женщины и сбежал из автомобиля.",Мужчина ехал в такси с женской сумкой.,not_entailment,train
"""По данным полиции, на расчетный счет этих организаций было перечислено около 93,3 млн рублей, """"однако реального участия в страховом и инженерном обеспечении строительства объектов подрядчики не принимали, так как предусмотренные контрактами услуги ранее были выполнены другими фирмами"""". ""","Подрядчики получили миллионы за работы, выполненные другими компаниями.",entailment,train
"Его обвиняют в получении взятки и служебном подлоге. По версии следствия, налоговик вносил заведомо ложные сведения в протоколы против индивидуальных предпринимателей. По четырем фактам, когда составлялись фиктивные протоколы, уже расследует уголовное дело.","Налоговик, несомненно, совершил подлог.",not_entailment,train
"""""""Мы добились достаточно серьезных уступок со стороны ВТО. Это касается и размеров среднего тарифа, и сроков, которые даются нашей стране по наиболее чувствительным направлениям, в течение которых мы будем готовить свою промышленность, сельское хозяйство, а соответствующие нормативы ВТО не будут распространяться на нас"""", - сказал Д.Медведев, отвечая в Госдуме на вопрос, готов ли он поддержать отложение ратификации соглашения с ВТО на год.""",ВТО настояла на своем.,not_entailment,train
"После этого мужчина развернулся и поспешно покинул здание вокзала. Стражам порядка такое поведение показалось подозрительным, и они задержали мужчину. При личном досмотре, выяснилось, что у него в нагрудном кармане лежат семь патронов.",Мужчина поспешил покинуть вокзал.,entailment,train
"""Избранный президент США Дональд Трамп пошутил о том, что не боится плохой погоды во время инаугурации, так как дождь докажет всем, что он не носит парик. На приеме в Вашингтоне Трамп сказал, что дождь может пойти, но ему все равно. """"Если на самом деле начнется дождь, это хорошо, потому что люди поймут, что это мои настоящие волосы"""".""",Трамп пошутил.,entailment,train
"""Владимир Путин прокомментировал дело Pussy Riot в специальном выпуске программы НТВ """"Центральное телевидение"""", посвященном 60-летию главы государства. """"На самом деле правильно, что их арестовали, и правильно сделали, что суд у нас такое решение принял. Потому что нельзя подрывать основы морали, нравственности, разрушать страну"""" - сказал юбиляр.""",Pussy Riot разрушили страну.,not_entailment,train
"Он был уверен, что в процессе был допущен ряд процедурных нарушений.",Он был уверен в процессе.,not_entailment,train
"26 июня прошлого года обвиняемый вломился в дом к 59-летнему соседу в селе Виняево Арзамасского района и жестоко избил его до полусмерти. Мужчина не смог оправиться от травм и через месяц скончался в больнице. В октябре злоумышленник был задержан. Он признал свою вину лишь частично и рассказал, что конфликт с соседом произошел из-за щенка.",Обвиняемый до полусмерти избил соседа из-за щенка.,entailment,train
"По данным внешнеполитического ведомства, гражданка нашей республики, получившая ранение, находится в больнице - ее жизни ничего не угрожает.",Гражданка убита.,not_entailment,train
"Князь и великий магистр Мальтийского ордена Мэтью Фестинг уходит со своего поста. Информацию об этом подтвердили в католическом объединении. В Ордене пояснили, что его отставка — неординарное событие, поскольку обычно лидер избирается на пожизненный срок.",Магистр Мальтийского ордена смещен со своего поста.,not_entailment,train
"Прибывшие полицейские обнаружили, что неизвестный почти не оставил следов своего пребывания в доме.",Неизвестный не оставил следов своего пребывания в доме.,not_entailment,train
Выступает адвокат Марии Алехиной Николай Полозов.,Слово предоставлено адвокату Николаю Полозову.,entailment,train
"Женщине он заявил, что якобы с ней хотели расправиться некие криминальные авторитеты, но он решил с ними все вопросы. За это просил вознаграждение. Женщина обратилась в полицию, и сотрудники уголовного розыска установили личность вымогателя.",С женщиной хотели расправиться некие криминальные авторитеты.,not_entailment,train
"Водителю отомстили моментально. Мусорными пакетами закидали крышу, капот авто, а также повесили один мешок на дворник, расположенной на заднем стекле. И, надо сказать, пользователи поддержали тех, кто наказал водителя.",Водитель повесил мусорный мешок на дворник.,not_entailment,train
"""""""Но честно, объективно и по решению суда"""", - заявил Бастрыкин в интервью """"Интерфаксу"""". Отвечая на вопрос об обысках и вызове на допрос лидеров оппозиции, глава СКР подчеркнул, что они пока находятся в статусе свидетелей. """"Это совершенно нормальное состояние, потому что мы не имеем достаточных доказательств, чтобы перевести их хотя бы в статус подозреваемого либо обвиняемого"""".""","Как только появляются доказательства, свидетелей переводят в статус подозреваемых или обвиняемых.",entailment,train
"Женщина спускалась по бетонной лестнице, когда поскользнулась и упала. Накануне в районе прошел ливень, ступени стали скользкими, а медицинское учреждение - утверждают в прокуратуре - не устранило опасность. Районный суд встал на сторону больницы, но прокурор оспорил решение.",Женщина судится против больницы.,entailment,train
"Поскольку ветеринарное свидетельство признано не действительным, такую продукцию допускать на прилавки или в переработку нельзя.",Эта продукция безвредна.,not_entailment,train
"""Верзилов отметил, что его жена в целом удовлетворительно оценивает условия, в которых сейчас находится. """"Она говорит, что достаточно мало видела, поскольку больница большая, но в целом она удовлетворена отношением сотрудников, наличием нормального оборудования"""".""",Жена Верзилова построила больницу.,not_entailment,train
"В документах было указанно, что в контейнере находится пряжа.",В контейнере и правда находилась именно пряжа.,not_entailment,train
"""Как сообщила """"Интерфаксу"""" пресс-секретарь Замоскворецкого суда Евгения Пазухина, судья удовлетворила ходатайство прокуратуры о продлении срока содержания под стражей до декабря 10 подсудимых. Также Никишина продлила до декабря срок домашнего ареста обвиняемой Александре Духаниной и срок нахождения под подпиской о невыезде активистки Марии Бароновой. Прокурор в суде настаивал на продлении мер пресечения, так как """"подсудимые могут скрыться и оказать давление на свидетелей"""".""",Пятеро подсудимых выйдут на свободу до декабря.,not_entailment,train
"""""""Еще в четверг, 25 октября Леонид лично написал заявление в СКР с требованием возбудить дело по ст.126 (похищение) УК РФ. Я находился вместе с ним в изоляторе, и могу однозначно это подтвердить"""", - сказал Фейгин. По его словам, он передал заявление сотрудникам СИЗО, так как выносить какие-либо документы из изолятора запрещено.""",Фейгин рассказал о просьбе Леонида возбудить дело о похищении.,entailment,train
"Мероприятие проведут работники дирекций государственных лесничеств и природных резерватов, а также охотники, представители неправительственных организаций, жители, неравнодушные к вопросам популяции и охраны хищных животных. В этом сезоне в Литве было разрешено истребить 60 волков с 15 октября до 1 апреля. Охота была прекращена раньше, поскольку был израсходован весь лимит на отстрел хищников.",В Литве разрешено неограниченно истреблять волков.,not_entailment,train
"""""""Мы занимались школьным интернетом, теперь пришла пора позаниматься интернетом в общежитиях высших учебных заведений"""", - заявил Д.Медведев в четверг на совещании по вопросам социального положения студентов. Президент проводит совещание на базе Российского университета дружбы народов, где, по его словам, в учебных корпусах и общежитиях интернет есть, """"но так - далеко не везде"""".""",В вузах займутся расширением доступа к интернету.,entailment,train
"""""""Следственные органы СК России по Республике Татарстан приняли решение отменить меру пресечения в отношении семерых подозреваемых в убийстве заместителя муфтия духовного управления мусульман Татарстана Валиуллы Якупова, а также в покушении на убийство муфтия республики Илдуса Файзова. К ним применена мера процессуального принуждения - с подозреваемых отобрано обязательство о явке"""", - говорится в сообщении пресс-службы, размещенном на сайте СКР в четверг. В нем отмечается, что такое решение было принято следователями, так как подозреваемыми были проведены все необходимые следственные действия.""",Следственные органы СК России по Республике Татарстан заключили подозреваемых под стражу.,not_entailment,train
"У троих участников драки диагностированы различные травмы. Что интересно, в полиции все они заявили, что претензий друг к другу не имеют.",Участники драки заявили друг на друга в полицию.,not_entailment,train
"Во время беседы Валерий Радаев отметил, что заводу нужно подумать о наращивании выпуска продукции гражданского назначения, упомянув при этом айфоны. - Основной объем продукции, которая выпускается предприятием, военного назначения. Но на заводе думают и о завтрашнем дне, потому что нужно постоянно быть в развитии.",Валерий Радаев будет выпускать айфоны.,not_entailment,train
"Навас пробил с острого угла, вратарь забрал мяч. Роналду очень красиво упал, а потом так же красиво встал. Потому что никакого нарушения и не было.",Роналду падал и вставал красиво.,entailment,train
"""Думаю, что большинство желающих стать депутатами от нашей партии уже выразили это желание на этапе праймериз. Предварительные выборы, кстати, оказались очень эффективной процедурой. Потому что у человека появляется возможность не только выразить свое желание стать депутатом, но и проверить себя, что называется, """"в поле"""".""",Предварительные выборы дают кандидату возможность выехать в поле.,not_entailment,train
"""Глядишь, выгодная сделка сошла бы парню с рук, если бы не одно """"но"""". Все эти вещи он украл из маминой квартиры. Женщина написала заявление в полицию, и теперь парня будут судить за кражу.""",Сын вернул вещи в квартиру матери.,not_entailment,train
"""""""Есть только несколько причин, по которым мы на государственной экзаменационной комиссии будем рассматривать подобные заявления"""", - сразу подчеркнул замминистра. Откажут школьникам, которые решат поменять направление образования и, следовательно, предметы для экзаменов. А вот, например, тем, кто захочет пойти в армию, дадут положительный ответ.""","Пойти в армию нельзя, а поменять направление образования можно.",not_entailment,train
"Он сообщил, что после митинга были задержаны, как минимум, четыре человека. Среди них член КПРФ и помощник депутата Госдумы. Как сообщили агентству в пресс-службе правительства Самарской области, уведомление, поданное организаторами митинга, не было рассмотрено, так как было составлено с ошибками.",Митинг завершился.,entailment,train
"Власти Москвы планируют выйти на бездефицитный бюджет через пять лет, сообщается в материалах департамента финансов Москвы, представленными заммэра города Андреем Шароновым на пресс-конференции. Согласно прогнозу, в 2016 г. профицит бюджета столицы составит 15,5 млрд рублей.",В Москве прогнозируется дефицит бюджета.,not_entailment,train
"Житель Кировской области разом выплатил крупный долг, чтобы сохранить свою недвижимость. Как рассказали в региональном УФССП, мужчина имел задолженность по кредиту 500 тысяч рублей. Так как добровольно вносить деньги он не собирался, приставы наложили арест на две квартиры, которыми владел мужчина.",У жителя Кировской области арестовали две квартиры.,entailment,train
"В августе прошлого года пара была дома, обвиняемый был пьян и затеял ссору с женщиной.",Обвиняемый ссорился с пьяной женщиной.,not_entailment,train
"По словам очевидцев, злоумышленников было около десятка, и они внезапно появились из-за памятника.",Злоумышленники появляются из-за памятника десятками.,not_entailment,train
"Обе купюры оказались поддельными. - По данным фактам проводятся проверки, - заверили в полиции. Стражи порядка также напоминают, что в случае, если к вам в руки попала фальшивая купюра, нужно сразу же обратиться в полицию.",Две купюры кто-то подделал.,entailment,train
"""5 апреля Московская областная дума единогласно поддержала кандидатуру. В эфире """"Русской службы новостей"""" Шойгу, в свою очередь, заявил, что внес на рассмотрение руководства РФ несколько предложений по кандидатурам на пост главы МЧС, не раскрывая СМИ персоны.""",Шойгу не раскрыл СМИ личность кандидатов на пост главы МЧС.,entailment,train
"Новый пассажир оказался участковым уполномоченным. Опытным взглядом полицейский осмотрел соседей по салону и в двух женских лицах уловил знакомые черты. Он видел их раньше — в ориентировке на розыск, женщин подозревали в совершении карманных краж.",Женщины совершали карманные кражи.,not_entailment,train
"Состояние алкогольного опьянения было доказано. А вот водительское удостоверение он предъявить не смог. Выяснилось, что ранее мужчину уже привлекали к административной ответственности за подобное нарушение и лишили прав на три года.",Права пьяный водитель оставил дома.,not_entailment,train
"""Тело рядового К. Аганаса он оттащил к реке и, предварительно облив его бензином, поджег. На вопрос следователя, почему он решил убить вначале рядового Аганаса, а не спящих, Челах сказал: """"Ну, тогда бы часовой спрятался. (...) Потому что он не спящий был, поэтому его первым"""".""",Челлах поджег тело рядового К. Аганаса.,entailment,train
"Вскоре владелец понял, что его обманули, и обратился за помощью в полицию. Угонщика задержали в Ленинском районе. В отделе полиции, он рассказал, что действительно занимается ремонтом машин.",Угонщик починил автомобиль.,not_entailment,train
"Ежегодно свыше 400 жителей сельской местности погибают в Индии в результате столкновений с дикими слонами, сообщает министерство окружающей среды. Согласно данным ведомства, к началу 2012 года слоновье поголовье в Индии достигло 28 тысяч, при этом прирост за последние 15 лет составил 2 тысячи. Эта хорошая новость, однако, вызывает у чиновников не только радость, но и тревогу, поскольку растущие слоновьи семьи в поисках пропитания вынуждены совершать набеги на крестьянские угодья, отвоеванные у джунглей.",Жители Индии гибнут ради столкновений с дикими слонами.,not_entailment,train
"Во время нее отработали упражнения абсолютно на все группы мышц. Для некоторых она заменила полноценную тренировку, - отметил координатор проекта Денис Новиков. Как утверждает сам чемпион, разминка - основной элемент в любом виде спорта, поскольку она разогревает мышцы и снижает риск получения различного рода травм.",Разминка вредна.,not_entailment,train
"Как рассказали «Комсомольской правде» в ГУ МЧС России по Псковской области, накануне там прорвало 100-миллиметровую трубу, по которой идёт холодная вода. Из-за этого 155 человек остались без водоснабжения. Начать ремонтные работы сразу не удалось, так как требовалось согласование с другими службами, чтобы вести земляные работы.",Вчера 155 человек остались без воды.,entailment,train
"Как сообщает Государственная инспекция труда, водитель подготавливал дежурный автомобиль.",Шофер готовил дежурный автомобиль.,entailment,train
"Прошу подойти ответственно к этому вопросу. Поставить галочку и забыть — не выйдет. Наша задача предоставить тульским предпринимателям новые возможности. Что губернатор сказал про медицину, читайте здесь.",Прошу поставить галочку и забыть.,not_entailment,train
"В одной из комнат он нашел икону, которую забрал с собой, чтобы продать.",Он продал комнату.,not_entailment,train
"В результате у нас нашла коса на камень: люди, проводившие эти выборы, оказались похитрее и лишили возможности устроить большую песню и пляску вокруг этих самых выборов. Петербург во всем этом показал несколько примеров и несколько опасностей, которые могут быть. Потому что опасности есть: нам нужно спокойствие - посмотрите на весь мир, посмотрите на то, что происходит на Ближнем Востоке.",На Ближнем Востоке спокойно и безопасно.,not_entailment,train
"Оно было заброшенным, что там произошло - неизвестно.",Там что-то произошло.,not_entailment,train
"По его словам, указанный вопрос является достаточно сложным, так как закон недавно вступил в силу.","Он думает, вопрос легок.",not_entailment,train
"Начальник страхового отдела начал анализировать нужные документы. В то же время он стал предлагать клиенту оформить дополнительную услугу по страхованию жизни и здоровья. Когда мужчина отказался, то услышал отказ и в свою сторону.",Начальник страхового отдела хотел безвозмездно помочь клиенту.,not_entailment,train
"Студенты смогли воочию наблюдать, как проходит развод заступающих на охрану общественного порядка дружинников. Начальник отделения по работе с личным составом Сергей Устюгов рассказал о возможности поступления в высшие учебные заведения, какими качествами должен обладать кандидат на службу в органы внутренних дел. Обратил внимание девушек к службе в органах внутренних дел, так как они могут стать отличными следователями и дознавателями.","Устюгов рассказал, какие качества пригодятся будущему работнику в органах внутренних дел.",entailment,train
"По их вине были убиты две птицы. И это при том, что сезон завершился еще 4 декабря. - Поскольку подобные нарушения чреваты уголовным наказанием, материалы дела переданы в Волгоградскую межрайонную природоохранную прокуратуру для проведения процессуальной проверки и принятия решения.",Птицы были направлены в больницу.,not_entailment,train
"От полученных травм он скончался на месте. Подсудимые, как выяснили следователи, знали о давности установки опоры, но не предприняли никаких действий. - Они не только небрежно отнеслись к своей работе, но и нарушили требования охраны труда.","Подсудимые небрежно отнеслись к своей работе, и человек расстроился.",not_entailment,train
"Как реализовываются возможности края по производству строительных материалов из местного сырья? - Вообще темпы строительства жилья всегда являются объективным индикатором социально-экономического развития региона. Потому что этот сектор, как вал двигателя, раскручивает десятки других отраслей экономики.",Хорошо развитый сектор строительства тормозит десятки других отраслей экономики.,not_entailment,train
"""Авиакомпания Rolkan Investments Ltd., возможно, попытается отсудить конфискованные по решению таджикского суда два транспортных самолета Ан-72, севшие в аэропорту Курган-Тюбе на юге республики, заявил в среду посол России в Таджикистане Юрий Попов. """"У меня есть предположение, основанное на информации из источников в компании, что руководство Rolkan попытается отсудить эти самолеты"""", - сказал Юрий Попов в ходе пресс-конференции. """"Чем закончится это дело, я прогнозировать не могу, поскольку фактов на руках у меня не достаточно"""", - добавил российский дипломат.""",Решением таджикского суда конфискованы два самолета.,entailment,train
"""В то же время, по его словам, Россия будет учитывать опыт проведения лондонской церемонии. """"Мы все, что происходило, оценивали исходя из перспектив будущего, нашей церемонии, которая будет в 2014 году. Она, конечно, будет отличаться, потому что это зимняя Олимпиада"""".""",Наша церемония будет отличаться.,entailment,train
"""Трудовые мигранты - и проблема, и надежда России, заявил президент России Дмитрий Медведев в субботу в ходе общения с региональными журналистами. По его словам, для некоторых городов мигранты """"это действительно большая проблема, особенно для относительно небольших городов, где поток мигрантов может просто разрушить трудовой баланс, и за этим нужно следить"""". ""","Медведев не нашел слов, говоря о мигрантах.",not_entailment,train
"Вот это и есть возвращение статуса великой державы, только по новым правилам.",Это возвращение прежнего статуса по новым правилам.,entailment,train
"Сначала все футболисты ульяновской команды прошли медицинское обследование, после чего отправились на тренировочный сбор.",Врачи проверили здоровье футболистов.,entailment,train
"Как оказалось, его убил человек, которому он должен был денег.",Убийство никак не связано с деньгами.,not_entailment,train
"Как сообщают очевидцы в социальных сетях, мужчина врезался в стоящий автомобиль.",Мужчина сбил автомобиль.,not_entailment,train
"В четверг, 19 января, в СМИ появилась информация о намерении нескольких крупных банков обратиться к председателю ЦБ РФ Эльвире Набиуллиной с просьбой отменить обязательный перевод на карты «Мир» всех бюджетных средств, включая зарплаты, пенсии и оплату больничных. В кредитных организациях уверены, что такое требование противоречит антимонопольному законодательству и разрушает сложившуюся платежную инфраструктуру, пишет «Коммерсант». Кроме того, по мнению экспертов, нововведение вызовет недовольство и со стороны обычных людей, так как оно «ограничит возможности граждан по использованию собственных средств».","В четверг, 19 января, несколько крупных банков обратились к председателю ЦБ РФ Эльвире Набиуллиной с просьбой отменить обязательный перевод на карты «Мир» всех бюджетных средств.",not_entailment,train
"На этих территориях ввели ограничения по перевозке птицы, кормов и добавок. Сейчас в муниципалитете ведется вакцинация птиц. Вскоре специалисты возьмут анализ крови пернатых, которым противовирусные прививки делали в октябре прошлого года.",Муниципалитет отстреливает птиц.,not_entailment,train
"""Адвокат отдельно отметил, что """"по закону Верховный суд, получив жалобу, должен в течение месяца принять два решения: возбуждать ли надзорное производство или сразу, как это сделал Мосгорсуд, отправить нас с порога, написав нам, что мы обратились с необоснованной жалобой, и все было сделано правильно и законно; второе - если надзорное производство будет возбуждено, то кому будет направлена наша жалоба для рассмотрения"""". """"Вот здесь как раз и есть самый тонкий момент. Потому что по сложившейся практике, которая, по моему убеждению, не основана на законе, не вытекает из закона, но тем не менее является устойчивой, в подобных случаях Верховный суд в подавляющем большинстве случаев направляет жалобу на рассмотрение в тот суд, на который ему и пожаловались.""","Верховный суд никогда не направляет жалобу на рассмотрение в тот суд, на который ему пожаловались.",not_entailment,train
"О стихах Галины Колесниковой говорить легко и трудно. Легко – потому что это истинная поэзия, идущая от сердца к сердцу. Трудно – потому что автор особенный, пребывающий в поэтической зрелости.","Про стихи Галины Колесниковой говорить и просто, и непросто.",entailment,train
"Соревнования между командами, в составе которых есть представители самых разных национальностей, уже не первый раз проходят в нашем городе, и с каждым годом собирают все больше участников.",Это интернациональные соревнования.,entailment,train
"""Поклонники певицы ожидают ее уже полтора часа. Как передает корреспондент """"Интерфакса"""", до выхода Мадонны на сцену публику развлекает диджей Alesso. Обстановка в """"Олимпийском"""" жаркая в прямом смысле этого слова, так как создается впечатление, что не работают кондиционеры.""",Мадонна уже полтора часа как вышла на сцену.,not_entailment,train
"В отделение полиции обратился пациент больницы. Он объяснил, что вышел на несколько минут, а когда вернулся, не обнаружил в палате планшет и своего соседа. Как оказалось, пока мужчины не было, другой больной забрал планшет, связал несколько простыней и по ним сбежал через окно.",Пациента наградили планшетом.,not_entailment,train
"""Были проблемы с Тверской областью при запуске """"Сапсана"""", я вам докладывал. Все пригородные поезда, которые существовали, были восстановлены. Сегодня снимаются только те пригородные поезда, которые по решению региона являются необязательными, потому что регионы сегодня должны финансировать убытки, которые возникают при использовании пригородных перевозок.""","""Запуск """"Сапсана"""" потребовал ввести новые пригородные поезда в Тверской области, и начались проблемы.""",not_entailment,train
"Наполитано подтвердил, что отставка Берлускони ожидается после принятия парламентом Италии пакета антикризисных мер.",Парламент Италии готовится принять пакет антикризисных мер.,entailment,train
"Через несколько часов его прооперировали, удалили внутренний орган. После выписки из больницы отцу парня удалось узнать: тот получил травму от своего однокурсника. Но, что между ними случилось, не рассказывает.",Парня прооперировали.,entailment,train
"""""""В аэропортах у входа стоит рамка, стоят сотрудники аэропорта. Когда вы проходите через рамку, вас фактически осматривают. Вас же это не возмущает, потому что вы понимаете, что это делается в целях безопасности"""".""",Досмотр в аэропортах вас просто бесит.,not_entailment,train
"""В свою очередь Владимир Путин в ходе совещания сообщил, что необходимо понимать, с какими поставщиками работают предприятия, которые дают окончательную продукцию. """"Там десятки тысяч поставщиков, но нам нужно понимать, что это за поставщики, чтобы это были те предприятия, которые в состоянии решать соответствующие проблемы, чтобы нам была понятна их рентабельность, чтобы распределение прибыли было понятным и прозрачным"""", - сказал премьер. По его словам, это необходимо, потому что когда неизвестны все схемы поставщиков, министерству обороны практически невозможно разобраться в конечной цене продукции.""",Путин отсутствовал на совещании.,not_entailment,train
"На заседании областного Совета при губернаторе по развитию физической культуры и спорта чиновники отметили, что прошедший год был для отрасли успешным.",Чиновники возмущены итогами года.,not_entailment,train
"Встреча состоится 27 декабря в 18.00 в отделе абонемента Алтайской краевой библиотеки. - О стихах Галины Колесниковой говорить легко и трудно. Легко – потому что это истинная поэзия, идущая от сердца к сердцу.",Встреча состоится вечером 27 декабря.,entailment,train
"Громкое уголовное дело, обвиняемым по которому проходит высокопоставленный полицейский из Белгородской области, на днях было передано в суд.",Дело полицейского отправлено на доследование.,not_entailment,train
"По имеющимся данным, это произошло в пятницу, когда судно с пиратами, несмотря на предупредительные выстрелы, не подчинилось требованию остановиться. Британские морские пехотинцы на быстроходных катерах приблизились к судну, поднялись на его борт и арестовали пиратов, которые были вооружены пулеметами и гранатометами. Пираты, судя по всему, решили сдаться без боя, так как силы оказались неравными.",У пиратов были гранатометы.,entailment,train
"Супруги поссорились, и мужчина попытался убить жену.","Мужчина попытался убить жену, с которой помирился.",not_entailment,train
"""Отказ свой суд объяснил тем, что """"если есть адвокат, то допрашивать само лицо, обвиняемое в совершении преступлений, нет смысла"""". Сердюк уверен, что такой подход нарушает права его подзащитного, передает ТАСС. В этой связи адвокат заявил об отводе судьи, поскольку ее """"отказ в ходатайстве защиты провести такие допросы свидетельствует о ее нежелании устанавливать истину"""".""",Сердюк доволен решением суда.,not_entailment,train
"Большинство из мелких преступлений просто не регистрируются, так как работники магазинов предпочитают не вызывать полицию.",Работники магазинов раскрывают мелкие преступления.,not_entailment,train
"Так, в селе Каменка местные жители бьют тревогу - уже три дня они не могут выбраться в город, потому что снег завалил дорогу.",Снег завалил дорогу из села Каменка.,entailment,train
"В связи с этим спасатели просят вологжан воздержаться от дальних походов и без необходимости не выходить на улицу, особенно это касается маленьких детей. В случае сильных обморожений необходимо обращаться к врачу. Кроме того, следует соблюдать особенную осторожность при эксплуатации печей и обогревателей, так как при такой погоде вырастает число пожаров, связанных с их работой.",Вологжанам могут грозить обморожения.,entailment,train
"""""""Есть опасение, что будет дана запретительная установка, что будет сложнее договариваться, и последнее решение мэрии по акции 4 февраля это подтверждает"""", - сказал Удальцов. Оппозиционер надеется на компромиссное разрешение ситуации, поскольку """"в противном случае, судя по тому, что пишут в Интернете желающие принять участие в шествии, ситуация может выйти из-под контроля ее организаторов, начнет развиваться стихийно, и вчера мы об этом заместителю мэра сказали"""".""",Последнее решение мэрии по акции 4 февраля обещает трудности в будущих переговорах.,entailment,train
"""Быстро через пустяковый, прореженный собравшимися коридор между полицейским кордоном и многотысячной людской пробкой, заканчивающейся у самой сцены, шел Илья Найшуллер, режиссер и музыкант, лидер группы Biting Elbows. Он, как и большинство встреченных мною, был и на Болотной площади - тогда точно также фотографировал митингующих, а после активно призывал прийти в Facebook - """"всех, кто готов был меня слушать"""". """"Потому что что-то не так, это очевидно"""".""","Очевидно, что все так как надо.",not_entailment,train
"Улицы частично оказались затоплены, но в ночь отключать тепло в жилых домах не стали.",Улицы совсем затопило.,not_entailment,train
"Так как у мужчины не было постоянного заработка, ему пришлось взять кредит в банке.",Мужчина взял кредит в банке.,entailment,train
"Как выяснилось, женщина выпала из окна собственной квартиры.",Женщина упала из окна квартиры.,entailment,train
"Один из покупателей решил утащить товар с прилавка. И это ему, к сожалению, удалось. Вынес мужчина спиртные напитки. Отрабатывая территорию прилегающего района стражи порядка задержали подозреваемого и изъяли у него перечисленный продавцом товар, исчезнувший из магазина.",Товар исчез из магазина сам собой.,not_entailment,train
"""Путин с ним не согласился: """"Вы считаете, что способ формирования был не самый лучший. Что этот совет должны формировать эксперты. Мне кажется, что это спорный тезис, потому что в таком случае и управленцев тоже должны формировать управленцы"""".""",Путин не согласился с этим тезисом.,entailment,train
"Получить деньги он не успел, был задержан.",Он получил деньги и попался.,not_entailment,train
"""""""Я просто хотела попробовать покрытие, хотела выступить на чемпионате России и провериться - у меня было мало стартов в этом сезоне. Я то болела, то ногу лечила, поэтому не могла сделать столько стартов, сколько мы планировали с тренером. Здесь я хочу просто попрыгать в удовольствие, так как норматив у меня есть"""".""","Болезнь не дала мне сделать столько стартов, сколько было запланировано.",entailment,train
"""""""Это решение можно было принять и раньше. Однако о возможности перемен говорили уже давно - это было ожидаемо"""", - сказала Смородская в интервью корреспонденту пресс-центра Министерства спорта РФ. """"На мой взгляд, это движение в правильном направлении, так как оно приводит к здоровой конкуренции"""".""",Перемен ждали давно.,entailment,train
"""""""Законопроект, безусловно, полезный и крайне своевременный, поскольку блокировать следует не только порнографические сайты, но и ресурсы экстремистской направленности"""".""",Законопроект поможет блокировать сайты.,entailment,train
"Между тем и сами находившиеся в квартире молодые люди недавно решили открыть дверь по требованию полиции. Они попытались открыть дверь, опасаясь, что в любом случае полиция ее выломает. Однако у них это не получилось, поскольку дверь заклинило.",Дверь открыть не удалось.,entailment,train
"Пока родители занимались делами, четырехлетний мальчик достал лекарства из шкафа, наглотался пилюль сам и накормил ими младшего брата.",Четырехлетний мальчик хорошо разбирался в лекарствах.,not_entailment,train
"В деревне Дайон в кантоне Вале на юге Швейцарии местный житель открыл стрельбу по прохожим, убив трех человек и ранив еще двоих, сообщает британская телерадиокорпорация Би-Би-Си. Полиция арестовала стрелявшего. При задержании он получил огнестрельное ранение, поскольку стал угрожать полицейским оружием.",Швейцарец стрелял по прохожим.,entailment,train
"""На """"те же грабли"""" мужчина встал, когда во второй раз сел за руль в пьяном виде.""",Водитель управлял машиной только в трезвом состоянии.,not_entailment,train
"Со страницы его друга в социальной сети пришло сообщение с просьбой перевести пять тысяч рублей. Отзывчивый приятель выполнил просьбу, а потом перезвонил, чтобы поинтересоваться, как дела у попавшего в беду. Тот заверил, что понятия не имеет, о каких деньгах идёт речь.",Отзывчивый приятель лишился денег.,entailment,train
"Кто-то в каникулы отдыхает, а кто-то считает, что это идеальное время для наживы.",В каникулы отдыхают не все.,entailment,train
"""Руководству РГТЭУ предстоит в максимально сжатые сроки провести реорганизационные мероприятия и дать возможность студентам и преподавателям полноценно учиться и работать в одном из ведущих экономических вузов страны"""", - сказал Ливанов. Студенты РГТЭУ бастовали две ночи подряд - с 18 по 20 декабря против того, что их вуз попал в список вузов с признаками неэффективности. Забастовка была прекращена, поскольку у студентов появилась надежда, что с ситуацией разберутся в руководстве государства.""","Студенты РГТЭУ две ночи подряд бастовали против того, что их вуз попал в список вузов с признаками неэффективности.",entailment,train
"Предполагается, что он получил деньги за помощь в получении субсидий, выделяемых на закупку производственного оборудования в лизинг, одной из организаций, у которой в документах была завышена стоимость техники.","Окончательно выяснено, за что он получил деньги.",not_entailment,train
"А сама машина оказалась в розыске. Злоумышленник угнал ее из гаражного массива. Вдобавок выяснилось, что он уже был неоднократно судим за аналогичные преступления.",Злоумышленник починил гараж.,not_entailment,train
"В Ульяновскую область пришли снегопады, и в ближайшие дни, по сообщениям синоптиков, погода только ухудшится: к осадкам присоединятся резкое понижение температуры, метели и гололедица. Ульяновские госавтоинспекторы настоятельно советуют водителям воздержаться от поездок по области на личных автомобилях. Если вам все же придется выехать, то стоит придерживаться некоторых правил: быть внимательными на дорогах, так как видимость может ухудшиться, проявлять бдительность около остановок общественного транспорта и на «зебрах», не превышать скорость, тормозить заранее.",Ульяновскую область ждет хорошая погода.,not_entailment,train
"""""""Нам нечего ожидать ни от правящей партии, ни от социалистов. Вот мое личное убеждение"""", - сказала лидер """"Национального фронта"""". Ле Пен также добавила, что роль ее партии будет отныне ведущей, так как она """"обладает абсолютным оружием - правдой и трезвым умом"""".""","Ле Пен не хочет полагаться ни на правящую партию, ни на социалистов.",entailment,train
"Затем между ними возник конфликт, во время которого старший товарищ избил младшего. Затем он схватил приятеля рукой за шею и удерживал, пока тот не перестал подавать признаки жизни. Заметая следы преступления, мужчина поджег бумажную коробку в комнате и сбежал.",Следы преступления мужчина хотел замести огнём.,entailment,train
"Для молодого организма это не прошло бесследно. Резкое токсическое воздействие этанола привело к смерти парня. Его тело обнаружила бабушка, которая вернулась на следующий день.",Парня убил этанол.,entailment,train
"""Угроза взрыва на Комсомольской площади перед Ярославским вокзалом оказалась ложной. Как сообщил журналистам начальник ГУ МВД по Москве Владимир Колокольцев, """"гражданин оставил свою машину и ушел по своим делам"""". """"Было основание полагать, что эта машина несет угрозу, так как на заднем сиденье была бочка с краской"""", - сказал он.""",Бочку с краской приняли за взрывное устройство.,entailment,train
"В среду, 9 ноября, глава ведомства Александр Нерадько сказал журналистам, что Росавиация готова отложить принятие решение об аннулировании лицензии дискаунтера на три месяца.",В среду Нерадько общался с журналистами.,entailment,train
"Как сообщили в правительстве области, на ней можно будет купить товары местных производителей.",В правительстве области можно будет приобрести товары местных производителей.,not_entailment,train
"Мужчины знали, что у бизнесмена всегда при себе имеются деньги.","Мужчинам кто-то сказал, что у бизнесмена всегда имеются при себе деньги.",not_entailment,train
"Тут ведь запросто можно ноги переломать! Соседям, похоже, все равно, все давно привыкли, что управляющая компания ничего не делает. Я ни разу не видела дворника и не знаю, есть ли он вообще.",Дворника нет вообще.,not_entailment,train
"После розыгрыша углового Натхо навесил на Маркано, но тот попал в каркас ворот. В итоге Навас был первым на подборе и закончил начатое партнером - 1:0. Датчане на это ответить никак не могли, потому что были заняты обороной.",Навас забил гол.,entailment,train
"Как утверждает сама Якуб, она познакомилась с бывшим главой МВФ летом 2012 г. — после окончания скандала вокруг ареста ДСК по обвинению в изнасиловании горничной нью-йоркского отеля Sofitel Нафиссату Диалло. Уголовное дело тогда развалилось, поскольку обвинение не смогло доказать достоверность показаний потерпевшей.",Потерпевшая не дала показаний.,not_entailment,train
"""""""Министр Нургалиев начал реформу МВД. Я считаю, что кое-что получилось"""", - отметил Медведев. Тем не менее, он на своем посту не остался, потому что, по выражению премьера, """"пришла пора этот процесс возглавить новому человеку"""".""",Министр Нургалиев ушел со своего поста.,entailment,train
"Но как говорят в Брянской городской администрации, при повторной проверке проверяющие уже не нашли нарушений. - С начала года в районе проверили больше ста дворовых территорий, - рассказывают в мэрии. - Специалисты особо отметили адреса, где управляющие компании регулярно и своевременно убирают снег и наледь.",Повторная проверка выявила еще больше нарушений.,not_entailment,train
"""По его словам, в результате падения обломков, по предварительным данным, никто не пострадал. """"Людей в тех местах находиться не должно было"""", - сказал собеседник агентства. Он также отметил: """"Мы со своей стороны не будем отправлять туда наших специалистов, поскольку не обладаем соответствующими средствами индивидуальной защиты.""",Обломки не падали.,not_entailment,train
"Как сообщил источник в правоохранительных органах, начальник полиции уже подал рапорт о своем увольнении.",Источник сообщил о решении начальника полиции.,entailment,train
"Подросток хорошо знал хозяина квартиры, поскольку тот жил недалеко от дома родителей и являлся приятелем отца.",Хозяин квартиры был знаком подростку.,entailment,train
"""""""Принцип действия яда """"кораблика"""" примерно тот же, только яд в разы сильнее"""", - цитирует его La Voz de Galicia. В любом случае, укус такой медузы очень болезненный, отмечает специалист. Также нужно помнить, что медузы остаются опасными для человека даже после своей гибели, так как продолжают выделять яд.""","""Яд """"кораблика"""" совсем слабый.""",not_entailment,train
"Как выяснилось, на ее компьютер при переходе на один из Интернет-сайтов установилось вирусное программное обеспечение.",Ее компьютер словил вирус.,entailment,train
Учредителем центра стала Государственная канцелярия.,Государственная канцелярия учредила несколько центров.,not_entailment,train
"""Есть еще нерешительная пара  -  экскурсовод и повар придорожного кафе, которым достается сюжет Пиросмани про миллион алых роз. Ну, и, наконец, героиня Анны Михалковой, без промаху продолжающая найденную ранее и успешно продолженную актрисой  в """"Кококо"""" комедийную расшифровку своего таланта. В """"Любви с акцентом"""" она бесстрашно отправляется в """"отпуск по зачатию"""", потому что дома уже совсем не получается.""","""В """"Любви с акцентом"""" у героини  Анны Михалковой совсем не получается зачать дома.""",entailment,train
"""Парламентское большинство не считает необходимым проводить специальное расследование в Госдуме в связи с ситуацией вокруг помощника депутата-эсера Ильи Пономарева - Леонида Развозжаева, который утверждает, что в отношении него применялись пытки после задержания. """"В нашей стране есть орган - Генеральная прокуратура, которая занимается подобными расследованиями"""", - сказал журналистам в среду руководитель фракции """"Единая Россия"""" в Госдуме Андрей Воробьев. По его словам, парламентское большинство не будет инициировать такого рода расследование, так как считает, что соответствующие ведомства в состоянии сами ответить на все вопросы, возникающие вокруг данной ситуации и дать исчерпывающую информацию.""",В Госдуме не будут инициировать специальное расследование по поводу предполагаемых пыток помощника депутата после задержания.,not_entailment,train
"""""""Речь идет не о передаче библиотеки Музею толерантности, а об открытии там отдела РГБ, в котором будет размещена """"библиотека Шнеерсона"""". Я думаю, что это случится в обозримом будущем. Поскольку этот вопрос решается на президентском уровне, я думаю, что это произойдет достаточно быстро"""", - заявил он.""",Вопрос решается на планетарном уровне.,not_entailment,train
"""""""И это не огульное заявление, а информация, основанная на адекватных научных исследованиях. Но это не значит, что мы снимаем контроль, наоборот. Мы продолжаем наблюдения и усиливаем эту работу, поскольку это может проявиться через несколько лет"""", - сообщил тогда врач.""",Врач пообещал снять наблюдение.,not_entailment,train
"""Они требовали в том числе отменить незаконно введенный на предприятии ООО """"Рус-Инжиниринг"""", которое входит в """"РусАл"""" и обслуживает СУБР, скользящий график, а также повысить оклады. Ранее компания назвала действия участников акции незаконными, в том числе потому что """"шахта является объектом повышенной опасности и нахождение в ней без специальных нарядов категорически не допускается"""". По информации алюминиевой компании, сотрудники также нарушили законодательство, так как заранее не предупредили работодателя о проведении забастовки и не согласовали ее проведение.""",Скользящий график был введен согласно закону.,not_entailment,train
"Напомним, там были обнаружены боевики, открывшие огонь по спецназу.",Спецназ не удалось обнаружить.,not_entailment,train
"""Мировой участок Басманного суда Москвы назначил административный арест гражданскому активисту Вадиму Дергачеву за субботнюю акцию у Следственного комитета России. """"Суд назначил Дергачеву наказание в виде 10 суток ареста по статье 19.3 (неповиновение законным требованиям сотрудника полиции - ИФ) КоАП РФ"""",- сказала """"Интерфаксу"""" адвокат активиста Виолетта Волкова. Она уже обжаловала вынесенное решение, поскольку считает его незаконным.""",Активиста приговорили к аресту на 10 суток.,entailment,train
"""И желательно, по его словам, быть энергичными в интернет-пространстве, поскольку """"Единой России"""" сложнее быть в Сети, чем другой политической силе, так как партия находится у власти: """"Вот вы сказали, что выходили к людям, сначала тяжело, критикуют, пар выпускают. У меня та же самая ситуация, когда подходишь. Радуются вначале, потому что видят людей знакомых, а потом говорят: у нас вот это плохо, это, это"""".""","Находящейся у власти партии проще быть в Интернете, чем любой другой.",not_entailment,train
"Деньги кто-то перевел на другую карту. Сделали запрос в банк и быстро нашли мошенника. Тут и выяснилось, что пострадавший сам накликал на себя беду, когда указывал свой номер в банке.",Мошенником оказался пострадавший.,not_entailment,train
"Преступление было совершено на улице Ташкентской в Кировском районе – угрожая ножом, злоумышленник похитил у пострадавшей сумку.",Грабител унес сумку.,entailment,train
"О стихах Галины Колесниковой говорить легко и трудно. Легко – потому что это истинная поэзия, идущая от сердца к сердцу. Трудно – потому что автор особенный, пребывающий в поэтической зрелости.","Галина Колесникова - автор особенный, пребывающий в поэтической зрелости.",entailment,train
"Свое преступление подозреваемый планировал заранее – подготовил одежду и пневматический пистолет. И вот такой вышел казус. Ограбил – не ограбил, а статья есть.",Грабитель подготовил фрак и пистолет.,not_entailment,train
"Мужчины вместе отбывали наказание в одной из курских колоний, там и познакомились.",Мужчины познакомились в колонии.,entailment,train
"Маршрутка полыхала несколько минут. Свидетели утверждают, что приезду пожарных салон «Газели» выгорел полностью. К счастью, пассажиров внутри не было, а водитель успел выскочить из кабины.",Маршрутка восстановлена.,not_entailment,train
"Была угроза того, что огонь перекинется на соседние дома.","Огонь был слишком слаб, чтобы перейти на стоящие рядом дома.",not_entailment,train
"""В Сухуми взорван внедорожник, припаркованный недалеко от жилого дома по ул.Когония, сообщил """"Интерфаксу"""" начальник УВД города Гарри Аршба. По словам собеседника агентства, взрыв произошел около 12:30 в субботу. В результате взрыва никто не пострадал, так как в автомобиле никого не было.""",У жилого дома в Сухуми взорвался пустой внедорожник.,entailment,train
"Когда на место приехали сотрудники полиции, они составили описание со слов свидетельницы.",Полицейские составили описание со слов свидетельницы.,entailment,train
"Судебные журналисты у нас были хорошо подготовлены, с хорошим языком, игравшие важную роль в развитии судебной системы. Если вы специализируетесь на земле, ничего в этом зазорного нет. Ваш вопрос крайне важен, потому что вопрос земли - это вопрос социальной справедливости.",Вопрос земли - это вопрос социальной справедливости.,entailment,train
"""На презентации экспертного доклада, касающегося реформирования российского оружейного законодательства, Торшин привел примеры ряда стран, в том числе США, где граждане имеют право на свободное владение оружием. """"Оружие дисциплинирует. Владение россиянами оружием нас дисциплинирует, и атмосфера в нашем обществе поменяется, потому что люди не будут заниматься беспределом, в том числе это касается и правоохранительных органов"""".""","Торшин говорил о странах, где граждане свободно носят атомное оружие.",not_entailment,train
"Реставраторы саратовского театра, который спустя четыре года после пожара наконец распахнул свои двери, поделились деталями своей работы.",Реставраторы рассказали о своей работе.,entailment,train
"Мероприятие прошло без инцидентов. По итогам акции был составлен административный протокол, так как количество участников превысило заявленное число.",Количество участников превысило заявленное число.,entailment,train
"""В отеле 362 номера, включая 72 люкса; 10 залов для мероприятий, в том числе конференц-зал на 300 человек; два ресторана. Ранее руководитель департамента имущества Москвы Наталья Бочарова сообщила, что """"Метрополь"""" после продажи сохранит свое назначение. """"Победитель аукциона вместе с договором купли-продажи должен будет подписать охранное обязательство, поскольку гостиница является объектом культурного наследия"""", - сказала руководитель департамента.""","""Отель """"Метрополь"""" утратил статус объекта культурного наследия.""",not_entailment,train
"Крымские следователи обращаются за помощью в розыске мужчины, которого подозревают в убийстве и покушении на убийство.",Крымские полицейские разыскивают подозреваемого в тяжких преступлениях.,entailment,train
"Оказалось, что вор сделал заказ в интернет-магазине с мобильного устройства.",Вор украл в магазине мобильное устройство.,not_entailment,train
"Автобус, когда подъехал к одной из остановок, загорелся.",При приближении к остановкам автобусы обычно загораются.,not_entailment,train
"""Парламентское большинство не считает необходимым проводить специальное расследование в Госдуме в связи с ситуацией вокруг помощника депутата-эсера Ильи Пономарева - Леонида Развозжаева, который утверждает, что в отношении него применялись пытки после задержания. """"В нашей стране есть орган - Генеральная прокуратура, которая занимается подобными расследованиями"""", - сказал журналистам в среду руководитель фракции """"Единая Россия"""" в Госдуме Андрей Воробьев. По его словам, парламентское большинство не будет инициировать такого рода расследование, так как считает, что соответствующие ведомства в состоянии сами ответить на все вопросы, возникающие вокруг данной ситуации и дать исчерпывающую информацию.""","""Руководитель фракции """"Единая Россия"""" сказал, что парламентское большинство инициирует расследование насчет предполагаемых пыток помощника депутата после задержания.""",not_entailment,train
"Каждый год в этой сфере происходят изменения, поскольку деятельность нотариусов тесно связана с общим повышением правового уровня в государстве.",В нотариальной сфере каждый год что-то меняется.,entailment,train
"Было видно, что мужчина умер не своей смертью.",Мужчина умер чужой смертью.,not_entailment,train
"""Как говорится в сообщении, следствием была собрана достаточная доказательственная база для признания вины подозреваемого. Однако по результатам судебно-психиатрической экспертизы выяснилось, что в момент совершения преступлений он не осознавал фактический характер и общественную опасность своих действий и не мог руководить ими. """"Поскольку имеющееся у него психическое расстройство связано с возможностью причинения им иного существенного вреда либо с опасностью для себя или других лиц, суд признал необходимость в стационарном лечении"""", - отмечает прокуратура.""",Была проведена судебно-психиатрическая экспертиза.,entailment,train
"Состояние алкогольного опьянения было доказано. А вот водительское удостоверение он предъявить не смог. Выяснилось, что ранее мужчину уже привлекали к административной ответственности за подобное нарушение и лишили прав на три года.",Прав у пьяного водителя не было.,entailment,train
"А потом пришел в полицию и все рассказал. Там ответили, что по всем признакам это дело рук опытного мошенника. Как рассказали «Комсомольской правде»-Красноярск в пресс-службе городской полиции, подозреваемого вскоре задержали в ходе проведения оперативно-розыскных мероприятий.",Опытного мошенника вскоре задержали.,entailment,train
"""""""Для принятия  конституционных  изменений мы  проведем  референдум, поскольку  конституция  не  принадлежит  государству,  она   принадлежит  народу"""", -  заявил президент.""","Президент сказал, что все принадлежит народу.",not_entailment,train
"После визита внука женщина решила проверить свои сбережения - четыре с половиной тысячи рублей, которые лежали в шкафу, но там денег не оказалось.",Банда отвлекала внука и украла деньги.,not_entailment,train
"По его словам, для авиакомпаний распространена рекомендация не направлять на острова туристов, поскольку их безопасность не может быть гарантирована.",Острова безопасны для туристов.,not_entailment,train
"Подсудимый, в свою очередь, в последнем слове, предоставленном ему судьей, попросил у родственников погибших и потерпевших прощения.",Подсудимый выступал в свою очередь.,entailment,train
"В Кирове в полицию обратилась 63-летняя женщина, поскольку у нее из дома пропали ювелирные украшения. Браслет, три кольца и серьги пенсионерка оценила в 18 тысяч рублей. Точную дату пропажи украшений женщина не могла сказать, поскольку давно не проверяла место, где хранила золото, но она точно знала, что никто дверь в ее квартиру не взламывал, а значит вор был среди тех, кого пускали в гости.",У пенсионерки пропало золото.,entailment,train
"""""""Каким образом, скажите мне, действия адвокатов могут вызвать неправосудное судебное решение?"""" - задался вопросом адвокат. По его мнению, """"это дело не требовало глубин, потому что сама конструкция обвинения не соответствовала действиям подсудимых: в них был состав административного правонарушения, а не уголовного"""".""",Адвокат согласен с подходом обвинения.,not_entailment,train
"Они искали места, где незаконно продают выпивку.",Они искали места незаконной продажи сигарет.,not_entailment,train
"Прокуратура проверила кафе, документацию, а после обратилась в суд. В итоге, кальянную прикрыли. - Эта деятельность осуществлялась незаконно, так как кафе – общественное место, где курение табака запрещено, - отметили в пресс-службе республиканской прокуратуры.",Кальянной разрешили работать неофициально.,not_entailment,train
"Встреча состоится 27 декабря в 18.00 в отделе абонемента Алтайской краевой библиотеки. - О стихах Галины Колесниковой говорить легко и трудно. Легко – потому что это истинная поэзия, идущая от сердца к сердцу.",Встреча с Галиной Колесниковой пройдет у нее дома.,not_entailment,train
"Как выяснилось, женщина выпала из окна собственной квартиры.",Женщина выбросилась из окна.,not_entailment,train
"В одном из интернет-магазинов она заказывала продукты. Спустя пару дней после получения товара ей позвонил неизвестный, который представился сотрудником отдела обслуживания клиентов интернет-магазина и поинтересовался качеством купленного товара. Женщина ответила, что продукты ей не понравились.",Женщина заказывала продукты в Сети.,entailment,train
"""Губернатора Санкт-Петербурга Георгия Полтавченко не задело поведение футбольных болельщиков, певших о главе города и недостроенном стадионе на игре """"Зенит"""" - """"Кубань"""". """"Пусть это останется на совести тех, кто заказал, кто исполнил эту частушку. Давайте будем болеть за """"Зенит"""", потому что это наша любимая команда"""".""",Георгий Полтавченко обиделся на поведение футбольных болельщиков.,not_entailment,train
"В отделение полиции обратился пациент больницы. Он объяснил, что вышел на несколько минут, а когда вернулся, не обнаружил в палате планшет и своего соседа. Как оказалось, пока мужчины не было, другой больной забрал планшет, связал несколько простыней и по ним сбежал через окно.",Пациента обокрали.,entailment,train
"""К настоящему моменту число """"друзей"""" и подписчиков страницы Березовского в Facebook превышает две тысячи человек. Вместе с тем, Березовский заявил, что не планирует открывать страницы и аккаунты на других интернет-площадках.""",Березовский ушел из Facebook.,not_entailment,train
"Также родственники погибшего под колесами мужчины требуют компенсации морального вреда. Всего они запросили 2 млн рублей. Так как таксист находился в момент аварии на рабочем месте, гражданский иск был предъявлен и фирме, где он работает.",Родственники погибшего требуют денег.,entailment,train
"""ЛГБТ-активисту Николаю Алексееву, который был признан виновным в пропаганде гомосексуализма, стоит обратиться в Конституционный суд РФ, считает член Общественной палаты РФ, президент адвокатской палаты Москвы Генри Резник. """"Николаю Алексееву надо идти обжаловать вынесенное решение в кассационном суде, а затем обращаться в Конституционный суд, который, скорее всего, признает питерский закон о запрете пропаганды гомосексуализма неконституционным"""", - сказал Резник в пятницу """"Интерфаксу"""". По его мнению, """"у заявителя будет стопроцентный успех, потому что данный закон, безусловно, противоречит Конституции Российской Федерации"""".""","По мнению Резника, питерский закон о запрете пропаганды гомосексуализма противоречит Конституции Российской Федерации.",entailment,train
"Пострадавшему была оказана своевременная медицинская помощь и на данный момент он лечится дома. Латвийской полиции удалось задержать подозреваемого в нападении на таксиста. Оказалось, что пассажир ударил таксиста ножом в шею, так как не мог оплатить поездку.",Пострадавший лечится дома.,entailment,train
"Дело возвращено для устранения препятствий его рассмотрения судом, так как в обвинительном заключении были нарушены права потерпевшего.",Дело закрыли.,not_entailment,train
Таксист поблагодарил водителя трамвая за помощь.,Таксист водил трамвай.,not_entailment,train
"По данным следствия, в июне прошлого года в подъезде одного из домов по улице Отрадной обвиняемый избил свою бывшую супругу и сломал ей палец.",Обвиняемый сломал палец бывшей супруге.,entailment,train
"Несмотря на то, что в Рождественскую ночь церковь не рекомендует употреблять много спиртного, у нас в стране давно повелось на этот праздник накрывать стол и отмечать его на полную.",В России давняя традиция безалкогольного Рождества.,not_entailment,train
"Ведомство направило официальные письма руководителям отделов безопасности самоуправлений, в которых разъясняют их действия.",Ведомство направило разъяснительные письма.,entailment,train
"Сделали горку для ребятишек, каток. Но залить своими силами смогли только горку. Никто не хочет помочь нам заливать, а ведь мы стараемся сделать хоть что-то.",Залить каток своими силами не вышло.,entailment,train
"Пациентов Детского хосписа 29 декабря ждал настоящий сюрприз – фонд супругов Кержаковых «Звезды Детям» организовал визит народного артиста России Михаила Боярского. - В детстве учился я плохо. Мои родители буквально жили в школе, потому что их постоянно вызывала учительница.",Фонд Кержаковых привез Боярского в Детский хоспис.,entailment,train
"Была опасность остаться без главного новогоднего символа. Но мир не без добрых людей. Нашелся меценат, который взял все расходы на себя.",Остались без главного новогоднего символа.,not_entailment,train
"О том, что в коробке из-под смеси обитают жуки, женщина даже не догадывалась.",Женщина завела новых жуков.,not_entailment,train
"Она рассказала, что поймала на дороге машину, чтобы поехать на работу.",Она хотела поехать на работу.,entailment,train
"""""""Законопроект, безусловно, полезный и крайне своевременный, поскольку блокировать следует не только порнографические сайты, но и ресурсы экстремистской направленности"""".""",Законопроект помешает блокировать сайты.,not_entailment,train
"""Отношение к этому фильму – как у профессора, который экзаменует главную героиню. Она вышла отвечать первая и рискует заговорить об очень неожиданных (для нее) вещах. Копнуть, задать каверзный вопрос – провалится, но профессор этого не делает, потому что рад, что хоть кто-то из студентов заговорил о том, чего никто из этих студентов знать – не """"не мог"""", а """"не захотел"""", """"не имел повода"""".""",Студентка порадовала профессора.,entailment,train
"Даже в летние месяцы, когда традиционно экспорт электроэнергии растет, тенденцию не удалось остановить.",Летом экспорт электроэнергии обычно увеличивается.,not_entailment,train
"Он добавил, что как только появится информация, пресса будет проинформирована.",Информация для прессы скоро появится.,not_entailment,train
"По его словам, для авиакомпаний распространена рекомендация не направлять на острова туристов, поскольку их безопасность не может быть гарантирована.",Острова опасны для туристов.,entailment,train
"Напомним, трое слуг народа выдвинули инициативу отмены прямых выборов мэра.",Прямые выборы мэра отменили.,not_entailment,train
"Судья отклонила ходатайство защиты, которая просила истребовать у следствия ряд документов, подтверждающих, что постановления в рамках уголовного дела были переданы прокурору. Также она просила представить в суд решения прокурора на данные постановления. Со своей стороны следователь просил ходатайство отклонить, так как требуемые документы в надлежащем порядке были переданы прокурору.",Судья потеряла ходатайство защиты.,not_entailment,train
"""""""Мы видели значительное количество очень посредственных команд на Чемпионате Европы во Франции, а здесь ещё почти что на треть возрастёт количество команд, которые не будут в своём составе иметь футболистов высокого международного класса», — цитирует Колоскова радиостанция «Говорит Москва». Помимо этого, возрастёт нагрузка «на выдающихся футболистов, которых в мире единицы», считает эксперт. Это произойдет, так как новый регламент значительно сокращает перерывы между играми в финальном турнире.""","Возрастёт нагрузка «на выдающихся футболистов, которых в мире единицы».",entailment,train
"Подсудимый, в свою очередь, в последнем слове, предоставленном ему судьей, попросил у родственников погибших и потерпевших прощения.",Подсудимому не дали права на последнее слово.,not_entailment,train
"В экстренные службы поступило сообщение о взрывных устройствах в зданиях Ленинградского, Ярославского и Казанского вокзала. «Поступила информация об угрозе взрыва сразу на двух столичных вокзалах: Ярославском и Казанском. По предварительным данным, причиной проверки стал анонимный звонок», - рассказал представитель экстренных служб.",Анонимный звонок предупредил о возможном взрыве.,entailment,train
"Результаты исследований будут готовы 18 января и опубликованы на сайте Управления Роспотребнадзора по Тульской области. Обращаем внимание населения, что необходимо пользоваться только специально оборудованными местами для купания. Людям с сердечно-сосудистыми заболеваниями необходимо соблюдать меры предосторожности, так как во время погружения в холодную воду происходит резкий спазм сосудов, а также соблюдать правила купания (омовения) в холодный период года.",Результаты исследований ожидаются 18 января.,entailment,train
"""""""Речь не идет о простом желании спортсменов сняться с соревнований, - заявил президент Федерации фигурного катания России Александр Горшков. - Для этого существуют медицинские показания. Осенью по ходу этапов """"Гран-при"""" фигуристам приходилось выступать и лечиться одновременно, но делать это довольно сложно, поскольку как следует не получается ни то ни другое"""".""",Выступать и лечиться одновременно для фигуристов непросто.,entailment,train
"Насколько хорошо мы знаем возможности и предложения операторов, когда каждый из нас задумывается о стоимости или смене тарифного плана?",Каждый из нас часто задумывается о стоимости или смене тарифного плана.,not_entailment,train
"Старые здания, признанные аварийными, уже снесли, а на их месте возводят новые.",Новые постройки снесены.,not_entailment,train
"В одном из интернет-магазинов она заказывала продукты. Спустя пару дней после получения товара ей позвонил неизвестный, который представился сотрудником отдела обслуживания клиентов интернет-магазина и поинтересовался качеством купленного товара. Женщина ответила, что продукты ей не понравились.",Женщина заказывала продукты в соседнем городе.,not_entailment,train
"""Участники акции держали в руках плакаты с требованием призвать к ответственности не только полицейских, которые причастны к насилию над задержанным Сергеем Назаровым в отделе полиции """"Дальний"""", но и сотрудников прокуратуры, Следственного комитета и руководства МВД. На митинге организаторы - общественная организация """"Против преступности и беззакония"""" и присоединившийся к ним Казанский гражданский союз - призвали пойти к зданию МВД и возложить венок в память о жертвах произвола. Однако полиция преградила им путь, поскольку акция не согласована с мэрией.""",Участники акции держали в руках невидимые плакаты с требованием призвать к ответственности полицейских.,not_entailment,train
"Против мужчины, который во вторник угрожал ножом водителю медицинского транспорта, возбудили уголовное дело.",Во вторник мужчина угрожал ножом водителю медицинского транспорта.,entailment,train
"А на стыке стены у самого потолка, причем по всему салону, буквально текли ручьи, - рассказал «Комсомольской правде»-Саратов блогер. - Вода струилась по окнам, и брызги попадали на шапки и капюшоны пассажиров. Но люди не возмущались, молча сносили это неудобство, поскольку привыкли к трудностям, в том числе и в нашем общественном транспорте.",В нашем общественном транспорте люди привыкли к трудностям.,entailment,train
"""Вокруг все искусственно поудивлялись, натужно рассмеялись голливудскими белозубыми улыбками, мол, ах-ах, как остроумно, и проследовали в зал. С тех пор за весь предпремьерный период """"диктатор"""" Барон Коэн не упустил, кажется, ни единой возможности """"ввернуть"""" бесплатный промоушен своей новой комедии в хиреющее и закисающее медийное пространство. Строго говоря, в избранном амплуа – он гений, но гений места и времени, потому что """"диктаторские"""" шутки выглядят живее в жизни, а не в кино.""",Голливудские улыбки остроумны.,not_entailment,train
"Местные власти заявляют, что количество погибших может возрасти. Землетрясения магнитудой 6,4 и 6,3 произошли в районе города Тебриз. Сообщение с пострадавшими районами прервано, поскольку в результате землетрясения, как сообщается, были повреждены коммуникационные линии.",Тебриз не пострадал в землетрясении.,not_entailment,train
"""Максим, 5,5 лет: """"В Москве мне нравится наш дом. А не нравится библиотека, потому что там все постоянно задерживаются"""".""",Максим пожаловался на библиотеку.,entailment,train
"Во избежание несчастных случаев ГУ МЧС России по ЯНАО обращается к населению с предупреждением и рекомендациями и советует изучить методы оказание первой медицинской помощи при обморожении. При низких температурах воздуха рекомендуется без необходимости не выходить на улицу, избегать пребывания даже домашних животных, без особой необходимости не покидать приделы населенных пунктов. Поскольку период действия низких температур может длиться несколько дней, нужно заблаговременно создать в доме запас продовольствия, приготовить источники аварийного освещения.",ГУ МЧС России по ЯНАО рекомендует населению готовиться к холодам и изучать первую помощь при обморожении.,entailment,train
"Помощник шерифа прибыл по вызову, и действительно обнаружил на заправке очень расстроенную даму без одежды. Она показалась ему пьяной. А когда вышел из автомобиля с пледом, чтобы накрыть им несчастную, та прыгнула за руль и умчалась на сумасшедшей скорости.",На заправке помощника шерифа ждала голая дама.,entailment,train
"""""""Речь идет о какой-то другой группе людей, которая все это сделала"""", - сказал Козлов. """"И мы, и сами бастующие считают, что все, что произошло сегодня, не в их интересах. Потому что это дает повод для применения силы"""".""",Козлов винит какую-то другую группу людей.,entailment,train
"Кроме того, он заявил, что ассоциация не может считаться независимой, потому что финансируется из-за рубежа.",Ассоциация независима.,not_entailment,train
"Передачу помещений школ спортивным секциям городские власти хотят сделать правилом, так как в администрацию постоянно обращаются различные спортивные секции, которые не могут найти средства на аренду залов.",Не все спортивные секции могут найти деньги на аренду залов.,entailment,train
"Когда эксперты огласили результаты, выяснилось – наиболее привлекательными для иностранных туристов стали наши кубанские курорты.",Иностранных туристов влекут кубанские курорты.,entailment,train
"Если раньше редакции только гадали, сколько человек реально читают газету, какой у них возраст и какие темы нравятся больше всего, то сейчас все изменилось.",Сейчас все изменилось.,entailment,train
"Сыграло ли это событие роль в решении обвиняемого начать работать на иностранную разведку, пока не известно. Рассмотрение дела Дивенни по существу начнется 12 декабря. Поскольку речь идет о секретных материалах, часть процесса будет проходить в закрытом режиме.",Часть рассмотрения дела Дивенни будет проходить в закрытом режиме.,entailment,train
"""""""На требование остановиться водитель иномарки не отреагировал, а наоборот, увеличил скорость, поочередно задев две машины и чуть не сбив женщину с ребенком, переходивших дорогу"""", - сказал представитель пресс-службы. Инспекторы ГИБДД начали преследование, пытаясь прижать автомобиль к обочине, однако его водитель ударил патрульную машину. Сотрудники полиции приняли решение о применении оружия для остановки автомобиля, создававшего большую опасность для окружающих, однако сначала не смогли этого сделать, так как вокруг находились жилые дома, большое количество автомобилей на дороге и пешеходов на улице.""",Преследуемая машина создавала большую опасность для окружающих.,entailment,train
"Стражи порядка на дорогах решили остановить иномарку, чтобы проверить документы водителя. Так как вёл себя он не как самый трезвый участник дорожного движения, то полицейские провели медицинское освидетельствование. Оно показало, что в крови задержанного действительно был алкоголь.","Стражи порядка предположили, что водитель пьян.",entailment,train
"Отметим, что ранее вблизи государственной границы три жителя села Борисовка Волоконского района предприняли попытку незаконно перевезти 4 коровы в Украину. Они были задержаны сотрудниками погранслужбы. - Незаконное перемещение животных через границу без надлежащей их проверки и оформления, представляет опасность жизни и здоровью граждан обоих приграничных регионов, поскольку не так давно фиксировались вспышки заболеваний животных, - сообщает пресс-служба пограничного управления.",Пограничники задержали четырех коров.,entailment,train
"Как сообщают очевидцы в социальных сетях, мужчина врезался в стоящий автомобиль.",Мнение очевидцев доступно в соцсетях.,entailment,train
"""""""Это распоряжение целиком провалено: за полтора года ничего не сделано"""", - сказала Антонова. """,Антонова признала провал распоряжения.,entailment,train
"Родственники жили в одном доме, но отношения не складывались.","""Родственники проживали под одной крышей, но """"Лады"""" у них не было.""",not_entailment,train
"""""""Он сказал, что сын мужчины якобы задержан за совершение уголовного преступления, а для его освобождения необходимо отдать 150 тыс. рублей"""", - сказал Максимов """"Интерфаксу"""" в пятницу. Так как в это время его сын находился в соседней комнате, мужчина решил вывести мошенника на чистую воду.""",Мужчина вывел мошенника на чистую воду в соседней комнате.,not_entailment,train
"Он прогулялся между рядов, затем схватил с полки бутылку недорогого коньяка.",Он пришел погулять между рядов.,not_entailment,train
"Гвардейцы подошли к грузовику, который как оказалось, попросту сломался.",Грузовик  попросту сломался.,entailment,train
"Отметим, что кинозалов в вышеперечисленных районах не было с советских времен.",Впервые с советских времен в этих районах появились кинозалы и тир.,not_entailment,train
"""Сам Удальцов заявлял, что врачи действуют под давлением полицейских. """"Власти избрали тактику поддержания у меня минимального жизненного уровня. В этих условиях я вынужден продолжать голодовку, поскольку никакой вины за собой не вижу"""", - сообщил он.""",Удальцов продолжает голодовку.,entailment,train
"Зайдя в один из подъездов, чтобы проверить одного из подопечных, полицейский почувствовал резкий запах дыма из соседней квартиры и услышал за дверью детские крики.",Полицейский зашел в подъезд на детские крики.,not_entailment,train
Выяснять отношения подшофе – одна из самых ужасных и опасных привычек многих людей. Почему опасных? Да потому что именно в таком состоянии большинство не контролируют своих эмоции и в порыве ярости могут пойти на что угодно.,У людей нет опасных привычек.,not_entailment,train
"""Они требовали в том числе отменить незаконно введенный на предприятии ООО """"Рус-Инжиниринг"""", которое входит в """"РусАл"""" и обслуживает СУБР, скользящий график, а также повысить оклады. Ранее компания назвала действия участников акции незаконными, в том числе потому что """"шахта является объектом повышенной опасности и нахождение в ней без специальных нарядов категорически не допускается"""". По информации алюминиевой компании, сотрудники также нарушили законодательство, так как заранее не предупредили работодателя о проведении забастовки и не согласовали ее проведение.""",Руководство бастует.,not_entailment,train
"""""""Я бы ему (будущему президенту - ИФ) посоветовал вообще не опираться на либеральную интеллигенцию. Вообще. Поскольку она по сути своей предательская"""".""",Либеральная интеллигенция - самая предательская.,not_entailment,train
"""Минкомсвязи РФ запустило сайт интернет-трансляций процедур голосования и подсчета голосов на выборах президента РФ с избирательных участков. """"Запуск сайта в тестовом режиме за месяц до проведения выборов осуществлен, в том числе, для того чтобы определить модель угроз - подготовиться к отражению хакерских атак, включая DDoS-атаки, - заявил журналистам в пятницу заместитель министра связи и массовых коммуникаций Илья Массух. - В первую очередь, к отражению последних, поскольку создаваемая в рамках данного проекта сеть - выделенная и в значительной степени защищена от хакеров"""".""",Сайт запустили в тестовом режиме за месяц до выборов.,entailment,train
"Женщину обвиняли в том, что она фиктивно ставила на учет иностранцев, регистрируя их в своей квартире. Как сообщили в облпрокуратуре, фактически она не собиралась предоставлять им жилье. Во время судебного процесса женщина свою вину признала, раскаялась и пояснила, что шла на преступления, поскольку ей требовались деньги.",Женщина предоставляла иностранцам регистрацию и жилье.,not_entailment,train
"""Так, Кудрин полагает, что в первую очередь не нужно повышать расходы и сокращать программы, которые уже намечены и действуют. """"Все, что намечено, надо делать, не нужно сейчас нервировать ни отрасли, ни тех, кто уже рассчитывает на эти средства, но нужно пересмотреть все то, что будет увеличиваться, те программы, которые вновь запускаются, увеличиваются, это нужно как-то пересмотреть, не увеличивать рост. Потому что даже эту планку расходов при падении цены на нефть будет очень сложно удержать"""", - подчеркнул эксперт.""",Кудрин против сокращения действующих программ.,entailment,train
"Мужчина опубликовал в Интернете музыкальные записи, которые имели экстремистский подтекст.",Мужчина опубликовал музыкальные записи в Сети с экстремистским подтекстом.,not_entailment,train
"Съезд является важным политическим событием в жизни страны. Наши делегаты получили прекрасную возможность высказать свою позицию. Они поделились опытом работы своих первичных отделений, выказали предложения по усовершенствованию нормативно-правовой базы во всех сферах, задали вопросы руководителям министерств,  ведомств,  модераторам площадок.",Наши делегаты усовершенствовали нормативно-правовую базу во всех сферах.,not_entailment,train
"""По его словам, в ней примет участие порядка 150 человек. """"Бюрократы не хотят прислушиваться к мнению общественности, которая выступает против уничтожения училища им. Гнесиных. Мы потребуем публично встретиться с нами в рамках """"круглого стола"""", чтобы разъяснить студентам и педагогам причины этого решения, потому что плюсов никто из них не видит, видят только минусы"""", - сказал Хромов.""","""Хромов отказывается провести """"круглый стол"""".""",not_entailment,train
"Он добавил, что как только появится информация, пресса будет проинформирована.","Он пообещал, что сразу поделится информацией с прессой.",entailment,train
"Это позволяет испаряться влаге на месте предполагаемой заплатки. В мэрии добавили, что такие кадры лучше всего отправлять непосредственно властям. Так как не всегда на данные работы выходят муниципальные подрядчики.",На месте предполагаемой заплатки не испаряется влага.,not_entailment,train
"""Четвертого июля ракету планируется вывезти на стартовый комплекс и запустить с космическим аппаратом связи Sirius 5 (SES-5) в 22:23 мск 7 июля. Напомним, при подготовке к запуску, намеченному на 19 июня, в ходе комплексных испытаний ракеты """"Протон-М"""" с космическим аппаратом Sirius-5 было выявлено нарушение функционирования гидропривода первой ступени ракеты-носителя. Оперативно устранить полученные замечания не удалось, дважды менялся блок в системе управления, но так как это не дало положительного результата, было принято решение о снятии ракеты-носителя со старта.""",Полученные замечания быстро устранить не вышло.,entailment,train
"Означает ли введение такой маркировки, что продукты с растительными добавками полностью исчезнут с прилавков наших магазинов?",Новая маркировка появится на растениях.,not_entailment,train
"Потом обманутую женщину настигли сомнения, и она обратилась в полицию. Сейчас следователи выясняют, была ли задержанная по этому делу причастна к другим подобным преступлениям. Если вы тоже стали жертвой этой женщины, обратитесь в полицию.",Обманутую женщину задержали.,not_entailment,train
"Ваня нашел кое-как место в Ясногорске. У него были смены - по 29 часов. Он детей практически не видел. Неурядицы в семье начались, потому что они оба очень сильно уставали - и морально, и физически, денег постоянно не хватало.",Вася спал по 29 часов.,not_entailment,train
"Сегодня состоялось предварительное заседание по резонансному делу, но в закрытом режиме - прессу не пустили в зал суда.",Журналисты попали в зал суда.,not_entailment,train
"Всё предельно прозрачно и не требует на первоначальном этапе никаких затрат. Также обращайте внимание на то, как давно работает компания и узнаваема ли в отрасли.",На первоначальном этапе удастся избежать затрат.,entailment,train
"Как рассказали «Комсомольской правде» в пресс-службе администрации города, на том участке наконец появился светофор.",Светофор установлен.,entailment,train
"Преступление было совершено на улице Ташкентской в Кировском районе – угрожая ножом, злоумышленник похитил у пострадавшей сумку.",Грабитель вернул сумку.,not_entailment,train
"Об этом «Комсомольской правде»-Красноярск сообщили в пресс-службе краевого следственного комитета. Как доказали следствие и суд, эта женщина, используя свое служебное положение, устроила на работу учителями четверых своих знакомых. Но фактически те не работали, а их зарплату снимала с карт сама директор.",Женщина получала зарплату за четырех неработающих учителей.,entailment,train
"Циклон уходит в океан, там растворяется.",Циклон обретает новые силы над океаном.,not_entailment,train
"""Как сообщает МВД по Республике Татарстан, 19 февраля в отдел полиции """"Япеево"""" УМВД России по городу Казани был сопровожден для дачи показаний мужчина, подозреваемый в совершении кражи денег. При доставлении в отдел манера поведения и речь подозреваемого вызвали предположение, что он находится в состоянии наркотического опьянения. Так как состояние подозреваемого не позволяло его опросить, ему была вручена повестка с указанием времени прибытия в отдел полиции.""",Мужчина подозревается в краже денег.,entailment,train
"Оказалось, злоумышленник проник в дом, пока хозяин отсутствовал — с середины декабря его не было.",Злоумышленник проник в пустой дом.,entailment,train
"""""""В зависимости от того, какое решение будет принято премьером, президентом, я буду принимать решение, откликаться. Хотя я сказал, что, наверное, на их месте я бы учел первое соображение, а именно, что необходима определенная рокировка, и попробовал бы поставить каких-то новых людей"""", - заявил Фурсенко в онлайн-интервью """"Газете.ru"""". По его словам, он остается """"долгожителем"""" среди министров образования и науки разных стран - и западных, и восточных, и южных, однако """"на таких постах так долго не живут"""", поскольку это """"направление, которое требует постоянных изменений"""".""",Фурсенко пообещал не принимать решения без учета мнений премьера и президента.,entailment,train
"""Начиная от магазина """"Крейсер"""", скопилась крупная пробка, так как троллейбусы объехать затор не могут.""",Пробка была незначительной.,not_entailment,train
"""После смерти Владимира Михайловича Кучмия, который возглавлял """"Спорт-Экспресс"""" с момента его основания и до 2009 года, прошло более двух лет, но новый главный редактор так и не назначен. Почему? - Потому что он слишком много для нас значит - это одно.""","""""""Спорт-Экспресс"""" больше двух лет работает без главного редактора.""",entailment,train
"В день президентских выборов американские избиратели отдают свои голоса выборщикам, которые назначаются партийными съездами на уровне штатов, их количество определяется числу представителей каждого штата в конгрессе (сенате и палате представителей). Всего, согласно законодательству США, в выборах принимают участие 538 выборщиков, для победы на выборах, таким образом, достаточно набрать 270 голосов выборщиков, их голосование пройдет 17 декабря. Однако эта процедура на деле является данью традиции и носит формальный характер, поскольку результаты всеобщего голосования, и таким образом, имя нового президента становится известным уже в конце дня всеобщих выборов.",538 выборщиков организуют всенародные выборы в США.,not_entailment,train
"Тем, кто посетит избу новогоднего волшебника, предлагают сфотографироваться с ним и загадать желание.",Новогодний волшебник живет в избе.,entailment,train
"Напомним, их обвиняют в получении взяток и посредничестве во взяточничестве.","Уже точно доказано, что они были посредниками в получении взяток и сами брали взятки.",not_entailment,train
"""Сегодня около двух часов дня очевидцы заметили, как некий мужчина перелез через ограду """"горбатого"""" моста.""","""Некий мужчина перелез через ограду """"горбатого"""" моста.""",entailment,train
"Как сообщили «Комсомольской правде» в пресс-службе музея, выставка получила название «Добрые друзья детства».",Выставке не дали название.,not_entailment,train
"Как выяснилось, надзорное ведомство провело проверку сведений, содержащихся в представлении мирового судьи о наличии у девушки медицинских противопоказаний для управления транспортными средствами.","Судья сделал представление о том, что девушке по медицинским противопоказаниям нельзя управлять машиной.",entailment,train
"Сейчас эта история готовится стать достоянием общественности. Свою проверку проводит следственный комитет. Как рассказали в пресс-службе ведомства, с поставщиками и подрядчиками руководство завода рассчитывалось.",История еще не стала достоянием общественности.,entailment,train
"Экстренные службы проводят спасательные работы с четверга без перерыва. По прибытии они обнаружили двоих мужчин – очевидцев трагедии. Во время схода лавины пострадавшие были на улице, и видели все происходящее со стороны.","Очевидцы были на улице, когда сошла лавина.",entailment,train
"Кроме того, впервые на территорию лагеря будет дозволено пройти окрестным жителям. Завтрашняя гонка будет представлять из себя окружную погоню по местности - дорога пройдет в обход озер, и фабрик, и песчаных дюн.",На местности не хватает только песчаных дюн.,not_entailment,train
"""Жалоба была подана 28 ноября. С.Удальцов хотел добиться """"аннулирования уголовного преследования"""". """"Мы требуем признать это постановление незаконным и отменить, поскольку оно было вынесено с грубейшими процессуальными нарушениями"""", - сказал тогда оппозиционер.""",Оппозиционер хотел аннулировать уголовное преследование.,entailment,train
"Отмечается, что посол работал в диппредставительстве в Бразилиа, а на рождественский праздники он взял отпуск и поехал в Рио-де-Жанейро. Полиция разрабатывает несколько версий случившегося. Но похищение является маловероятным вариантом, так как с семьей дипломата никто не связывался с требованием выкупа.",Пропал посол.,entailment,train
"""""""Будучи юристом, я неуклонно следовал правилу и принципу о конфликте интересов. Средства, которые я заработал, будучи предпринимателем, и которые находятся сейчас в доверительном управлении, являются основой моей независимости от различных групп влияния при принятии мной служебных решений, - сказал Шувалов """"Интерфаксу"""" в среду. - Перейдя на государственную службу, я вел себя, так как если бы правительство было для меня как для юриста его клиент"""".""","""В среду Шувалов отказался общаться с представителями """"Интерфакса"""".""",not_entailment,train
"Мужчина опубликовал в Интернете музыкальные записи, которые имели экстремистский подтекст.",Мужчина распространил музыкальные записи с экстремистским подтекстом.,entailment,train
"Суд установил, что каждый из подсудимых, действуя в сговоре с другими, выполнял отведенную ему роль в группе.",Подсудимые действовали сообща.,entailment,train
"В четверг, 15 декабря в полицию Екатеринбурга за помощью обратились родители 10-летнего Кости Захаровского. Утром он ушел в школу, а домой так и не вернулся. На телефонные звонки мальчик ответить не мог, так как сотовый был не активен.",10-летний Коля Захаровский не вернулся домой из школы.,entailment,train
"Двое мужчин и две женщины выпивали, когда одному из них, недавно освободившемуся из мест лишения свободы, захотелось любви и тепла. С недвусмысленным предложением он обратился к одной из участниц застолья, однако та отказала в близости. Обидевшись, мужчина схватил нож и решил всех «проучить».",Оба мужчины недавно вышли из мест лишения свободы.,not_entailment,train
"Задать свой вопрос или оставить жалобу смогут все желающие, рассказали «Комсомольской правде»-Красноярск в городской администрации.",Желающих жаловаться будет много.,not_entailment,train
"""Один из молодых людей плеснул водой в лицо прокурору, который давал комментарии прессе. """"Собравшиеся начали призывать к неповиновению сотрудникам полиции. При задержании организаторов возникла небольшая потасовка, поскольку они начали оказывать сопротивление"""", - сказал собеседник агентства.""",Собравшиеся оказали сопротивление при задержании.,entailment,train
"С такими словами он выступил на заседании коллегии Минобороны. «Можно с уверенностью сказать: мы сегодня сильнее любого потенциального агрессора», - сказал Путин. При этом он призвал военное ведомство не расслабляться, поскольку при малейшей оплошности угроза может застать врасплох.",Путин призвал военное ведомство не терять бдительности.,entailment,train
"В четверг, 15 декабря в полицию Екатеринбурга за помощью обратились родители 10-летнего Кости Захаровского. Утром он ушел в школу, а домой так и не вернулся. На телефонные звонки мальчик ответить не мог, так как сотовый был не активен.",В Екатеринбурге нашелся мальчик.,not_entailment,train
"Все необходимые документы сотрудники собирали сами. Незаконно использовали печати разных банков или фирм. Сообщается, что услугами турфирмы пользовались в том числе и организаторы каналов незаконной миграции.",Турфирма делала все по закону.,not_entailment,train
"Пенсионерка рассказала, что ее ограбили.",Пенсионерка сообщила об ограблении.,entailment,train
"Я об этом мечтаю. Кто в это не верит - я сожалею. Кто призван это сделать, но не хочет, с ними мы расстанемся.","Это то, о чем я мечтаю.",entailment,train
"Передачу помещений школ спортивным секциям городские власти хотят сделать правилом, так как в администрацию постоянно обращаются различные спортивные секции, которые не могут найти средства на аренду залов.",Некоторые спортивные секции не могут найти средства на аренду залов.,entailment,train
"Новые меры должны дать свой результат – поголовье птиц станет в два раза больше, считают специалисты.",Специалисты ожидают уменьшения числа птиц.,not_entailment,train
"Колпинские активисты-экологи считают, что выброс газа произошел на полигоне «Красный бор». Пришли домой, закрыли все окна, так как в квартире задохнуться можно.",Колпинские экологи предположили источник газового выброса.,entailment,train
"Громкое уголовное дело, обвиняемым по которому проходит высокопоставленный полицейский из Белгородской области, на днях было передано в суд.",Дело полицейского передано в суд.,entailment,train
"Обнаруженные предметы направлены для проведения экспертизы. Если эксперты признают их культурными ценностями, то в отношении гражданина будет возбуждено административное дело по факту недекларирования. Поскольку для ввоза их пассажир был бы обязан заполнить декларацию на товары с указанием перемещаемых через границу раритетов.",Обнаружены задекларированные предметы.,not_entailment,train
"Мы сейчас едем не в своем темпе, часто двигатель не позволяет нам это сделать.",Двигатель никогда не позволяет нам ехать в своем темпе.,not_entailment,train
"Фото свидетельствуют, что авто, погребенные в снегу, встречаются в том числе и в центре, который, по идее, чистить должны были особенно тщательно.","В центре тоже есть машины, погребенные под снегом.",entailment,train
"Работники ведомства искали фрукты и овощи, которые попали на территорию Российской Федерации, несмотря на то, что их ввоз запрещен согласно ответным российским экономическим мерам.",Ввоз на территорию Российской Федерации фруктов и овощей запрещен согласно ответным российским экономическим мерам.,not_entailment,train
"Начало моды на такие трубки — конец правления Екатерины II (90-е годы XVIII века). Предположительно коллекция принадлежала одному из работников склада, во время пожара в 20-е или 30-е годы прошлого века ее засыпало землей. Сами вещи не пострадали, так как были закалены в печи.",При Екатерине II такие трубки засыпали землей.,not_entailment,train
"Однако, в ходе прокурорской проверки выяснилось, что на самом деле педагог не занимался с подопечным, его обучали только специалисты из лицея №1, за которым был закреплен мальчик. - После вмешательства педагог вернул незаконно полученный заработок. Заместителю директора интерната, который не проконтролировал исполнение обязанностей специалистом, объявлен выговор, - рассказали в пресс-службе республиканской прокуратуры.",Прокурор не занимался с подопечным.,not_entailment,train
"Работа возобновилась после полудня, из-за простоя пострадали три грузовых судна.",Три грузовых судна утонули.,not_entailment,train
"В результате у нас нашла коса на камень: люди, проводившие эти выборы, оказались похитрее и лишили возможности устроить большую песню и пляску вокруг этих самых выборов. Петербург во всем этом показал несколько примеров и несколько опасностей, которые могут быть. Потому что опасности есть: нам нужно спокойствие - посмотрите на весь мир, посмотрите на то, что происходит на Ближнем Востоке.",Выборы проводили хитрые люди.,entailment,train
"Хозяйка, услышав шум, проснулась и спугнула вора.","Хозяйка проснулась, чтобы спугнуть вора.",not_entailment,train
"От полученных повреждений он скончался на месте. Затем пенсионерка спрятала тело. Известно, что она сейчас нигде не работает и раньше уже имела проблемы с законом.",Труп пожилая женщина сумела спрятать.,entailment,train
"Мужчины знали, что у бизнесмена всегда при себе имеются деньги.",Бизнесмен не носил с собой денег.,not_entailment,train
"По словам представителя правительства Германии Штеффена Зайберта, новый американский лидер Дональд Трамп пригласил главу немецкого правительства в Вашингтон в ходе состоявшегося между ними в минувшую субботу телефонного разговора.",Дональд Трамп недавно стал американским лидером.,entailment,train
"Всего тюменскими умельцами создано 720 вариантов таких поздравлений. Деньги обещают передать в Благотворительный Фонд Константина Хабенского. - Поскольку проект все же сезонный, предпраздничный, в качестве темы была выбрана сама суть «волшебства».","""Праздничный проект никак не связан с """"волшебством"""".""",not_entailment,train
"""Президент РФ Дмитрий Медведев заявляет о необходимости выработки критериев, которые позволят привлекать к юридической ответственности лиц за призывы к насилию в Интернете. То есть, пояснил глава государства, за суждения привлекать к ответственности нельзя, """"но если это уже призыв к какому-либо насилию - власть надо употреблять"""". """"Потому что, если из Интернета или социальных сетей льются призывы идти и резать кого-то - нельзя говорить о свободе Интернета"""".""","Медведев считает нужным привлекать к ответственности за призывы к насилию, размещенные в Интернете.",entailment,train
"""""""Принимая во внимание аргумент правительства, что партия после роспуска может преобразоваться в общественную организацию, суд признал неприемлемым принуждение организации принимать иную юридическую форму, чем она требует"""", - говорилось в сообщении ЕСПЧ. Судьи также отметили, что преобразование в общественную организацию не позволит республиканской партии участвовать в выборах. Судьи также сочли необоснованным роспуск партии из-за малой численности, поскольку меньшинства тоже должны иметь возможность участвовать в политической жизни.""",Судьи готовы распустить партию из-за малой численности.,not_entailment,train
"""Мы очень рады, что попали в """"премьерку""""! Это достаточно высокий результат не только для нашей команды, но и для Ижевска в целом. Но могу честно сказать, что мы рассчитывали на Высшую лигу, так как все отборочные туры мы прошли """"на отлично""""!""","Ижевск рассчитывал выйти в Высшую лигу, но не срослось.",entailment,train
"Я буду рад услышать слова о нем от всех, кто его знал. Его влияние испытали на себе так много художников, писателей, учителей и ученых. Их рассказы о нем всегда очень трогают и успокаивают.",Его влияние испытали многие деятели искусства.,entailment,train
"""Быстро через пустяковый, прореженный собравшимися коридор между полицейским кордоном и многотысячной людской пробкой, заканчивающейся у самой сцены, шел Илья Найшуллер, режиссер и музыкант, лидер группы Biting Elbows. Он, как и большинство встреченных мною, был и на Болотной площади - тогда точно также фотографировал митингующих, а после активно призывал прийти в Facebook - """"всех, кто готов был меня слушать"""". """"Потому что что-то не так, это очевидно"""".""",Илья Найшуллер был и на Болотной площади.,entailment,train
"То снегом запорошит, то на улицах появятся сказочные герои.","Случаются и снежная пороша, и явления сказочных персонажей.",entailment,train
"Соседи семьи не остались равнодушными и обратились в полицию. Оперативники оказались на месте происшествия как раз в тот момент, когда испуганная мать выбежала на улицу. - Подозреваемого задержали и доставили в дежурную часть, где он сознался в содеянном, нож был изъят.",Оружием подозреваемого был нож.,entailment,train
"Но из-за прогноза метеорологов, которые грозятся понижением столбика термометра ниже тридцати, здоровьем пермских учеников решили не рисковать.",Здоровьем пермских учеников решили обеспокоиться.,entailment,train
"""Отказ свой суд объяснил тем, что """"если есть адвокат, то допрашивать само лицо, обвиняемое в совершении преступлений, нет смысла"""". Сердюк уверен, что такой подход нарушает права его подзащитного, передает ТАСС. В этой связи адвокат заявил об отводе судьи, поскольку ее """"отказ в ходатайстве защиты провести такие допросы свидетельствует о ее нежелании устанавливать истину"""".""",Сердюк недоволен решением суда.,entailment,train
"""Полиция разыскивает мужчину, который подозревается в совершении преступления - в угрозе убийством.""",Мужчина угрожал старушке убийством.,not_entailment,train
"Он привлек полицию тем, что заметно нервничал.",Он был хладнокровен.,not_entailment,train
"Это подтвердилось во время прокурорской проверки, основанием для которой стало обращение местной жительницы.",Состоялась прокурорская проверка.,entailment,train
"Проект детского сада участвует в программе по субсидированию строительства детских дошкольных учреждений, поэтому финансироваться строительство, вероятно, будет из федерального бюджета.",Федеральный бюджет может стать источником финансирования строительства.,entailment,train
"Датчик закрепят на ухе сотрудника метрополитена. Устройство будет постоянно отслеживать пульс и давление машиниста и передавать данные дежурным врачам. Если датчик зафиксирует нарушения, то машиниста могут снять с маршрута, заменить и при необходимости дать отгул.",Пассажиры будут носить датчики.,not_entailment,train
"Впрочем, водителя машины вскоре нашли. Им оказался 32-летний местный житель. Он сообщил, что скрылся с места аварии, потому что испугался.",32-летний местный житель испугался.,entailment,train
"Пассажиры жалуются на то, что отсутствуют последние рейсы, в салонах грязь и холод, водители курят, не покидая салона, и проезжают мимо остановок, экипажи не помогают инвалидам попасть в салон.",Пассажиры жалуются.,entailment,train
"Так, проникнув в квартиру, преступники напоили хозяина квартиры снотворным. После чего стали предлагать потерпевшему переехать в деревню, а квартиру отдать им. После того, как мужчина отказался преступники решили убить его.","Преступники поили хозина снотворным, а потом решили убить.",entailment,train
"Пенсионерку, которая пропала больше месяца назад, нашли.",Пенсионерку нашли больше месяца назад.,not_entailment,train
"Сыщики заметили, что почерк всех преступлений был одинаковый, поэтому легко напрашивался вывод, что это сделал один и тот же человек.",Сыщики сверяли почерк преступлений.,entailment,train
"Как сообщает УМВД ХМАО, в посёлке Белый Яр Сургутского района сотрудники ДПС остановили «Форд Фокус», которым управлял шестнадцатилетний пьяный подросток. Начали разбираться, как он сел за руль. Выяснили, что мальчишка угнал машину у знакомого, потому что уж очень хотелось покататься.","""Пьяный подросток разбил """"Форд Фокус"""".""",not_entailment,train
"И тут у торговой точки заметил мужчину с бутылкой пива в руках. Парень подошел к 62-летнему мужчине, рядом с которым была жена, и потребовал отдать ему пиво, угрожал расправой и достал пистолет. Пару раз он пытался поджечь фитиль в самодельном оружии, но ничего не вышло, так как был сильно пьян.",Парень пытался отнять пиво с помощью самодельного пистолета.,entailment,train
"Необходимо оказывать давление как на правительство, так и на повстанцев с тем, чтобы остановить все военные действия и сесть за стол переговоров и решить все мирным путем. Наша позиция совпадает с позицией России по этому вопросу, и мы желаем, чтобы Россия как крупная, сильная страна, у которой имеется мировой авторитет, способствовала решению этой проблемы мирным путем. Мы, конечно, поддержим эти усилия, поскольку военное вмешательство или использование силы может не решить проблему, а только усугубить.",Россия непременно будет способствовать решению этой проблемы мирным путем.,not_entailment,train
"За рулем находилась женщина, которая не уступила дорогу мальчику.",За рулем никого не было.,not_entailment,train
"Кадры, на которые попали два тигра, распространились в социальных сетях Приморского края.",Два тигра распространились в социальных сетях Приморского края.,not_entailment,train
"На сайте департамента опубликовано обращение Ирины Негребецкой к бывшим коллегам. - Я искренне благодарю всех, с кем довелось сотрудничать и взаимодействовать, кто в меня верил и поддерживал, и кто не очень. Но ещё раз – особая благодарность служащим департамента, всем вместе и каждому в отдельности. Благодаря им я не боялась браться за самые амбициозные задачи, потому что была уверена: не подведут, - говорится в обращении.",Ирина Негребецкая обратилась к бывшим коллегам.,entailment,train
"Но после того, как первый корпус уронили, его решили заменить вторым.",Первый корпус утопили.,not_entailment,train
"Каждый день дежурные корреспонденты будут рассказывать о том, что происходит в городе и регионе.",В городе много корреспондентов.,not_entailment,train
"Искренне разделяем Вашу боль и передаем слова сочувствия и поддержки Вам и Вашим родным. Примите наши искренние соболезнования. В эту горькую минуту разделяем Ваше горе, скорбим вместе с Вами.",Кто-то умер.,entailment,train
"7 января на личной странице бизнесмена в соцсети Facebook появилось сообщение, в котором говорилось, что он намерен добиваться проведения прокурорского расследования.","Предприниматель хочет, чтобы прокурор во всем разобрался.",entailment,train
"""Его называют """"повелителем женских сердец"""", а песни, которые он исполняет, уже давно стали хитами.""",Он исполняет хиты.,entailment,train
"""Первый вице-премьер Игорь Шувалов и вице-премьер Аркадий Дворкович высказали свое мнение о средствах массовой информации, выступая на """"круглом столе"""" в рамках празднования 20-летия Российской экономической школы. По словам И.Шувалова, в какой-то момент он понял, что в его жизни открытости стало слишком много, и это стало представлять угрозу. """"Поскольку главная моя работа - это привести себя и других к результату"""".""",Шувалов и Дворкович скрыли свое мнение о СМИ.,not_entailment,train
"""""""В аэропортах у входа стоит рамка, стоят сотрудники аэропорта. Когда вы проходите через рамку, вас фактически осматривают. Вас же это не возмущает, потому что вы понимаете, что это делается в целях безопасности"""".""",В аэропортах вас осматривают в целях безопасности.,entailment,train
"Проверив правонарушителя по информационным базам данных, полицейские выяснили, что мужчина уже отказывался от этой процедуры ранее, и суд назначил ему наказание в виде штрафа и лишения водительских прав.",Мужчина уже отказывался от суши и роллов.,not_entailment,train
"""""""Они не могут допустить, чтобы Продюсерским центром студии руководил по-настоящему деловой, экономически грамотный человек - при политике абсолютной непрозрачности всех решений такой человек очень невыгоден"""", - считает Сокуров. В минувшую пятницу стало известно, что Сокуров решил покинуть совет директоров """"Ленфильма"""" и направил министру культуры Мединскому соответствующее письмо. """"Я написал это письмо, потому что считаю нахождение в совете формальным"""".""","""Сокуров решил покинуть совет директоров """"Ленфильма"""".""",entailment,train
"SASAC является контролирующим органом для 117 ведущих госкомпаний КНР, его задачей является управление и кардинальная реструктуризация этих фирм в частные компании. Официальный Пекин не выступает с открытой поддержкой госкорпораций, подчеркивает доцент Университета финансов и экономики Дунбей в Даляне Ван Цзин Шэн. Однако госкомпании получают преференции при банковском финансировании, так как в секторе кредитования доминируют госбанки.",Китай официально поддерживает госкорпорации.,not_entailment,train
"""""""Росатом"""" рассматривает возможность строительства новых энергоблоков на АЭС """"Бушер"""" в Иране, иранская сторона уже высказывала подобное предложение, сообщил глава """"Росатома"""" Сергей Кириенко. """"Мы прорабатываем, соответствующее поручение у нас есть. Поскольку строительство именно атомных энергоблоков не вызывает сомнения у международного сообщества, никаким образом не относится к вопросам чувствительным, поэтому это возможно.""",Строительство атомных энергоблоков угнетает мировое сообщество.,not_entailment,train
"Ситуация по заболеваемости гриппом и острыми респираторными вирусными инфекциями оценивается как напряженная, наблюдаются сезонный рост заболеваемости.",Заболеваемость гриппом не растет в этом сезоне.,not_entailment,train
"Напомним, на него завели уголовное дело, заподозрив в халатности.",На него завели уголовное дело.,entailment,train
"Она сообщила, что ее сын подвергся избиениям со стороны других воспитанников. Его также облили кипятком. Мать утверждает, что в учреждении процветает дедовщина.",Ее сына облили кипятком.,entailment,train
"Полицейские поймали похитителя сосен, который прославился благодаря видео.",Похититель сосен прославился благодаря видео.,entailment,train
"""В начале недели московский межрегиональный транспортный прокурор Владимир Тюльков рассказал """"Интерфаксу"""", что на данный момент зафиксировано около 70-ти случаев ослепления пилотов лазерными указками. Но по его мнению сложность этой ситуации связана в частности с отсутствием нормативной базы по противодействию вышеуказанным проявлениям, поскольку лазерные указки продаются свободно.""","Нормативной базы, способной защитить пилотов от лазерной указки, пока нет.",entailment,train
"2 августа пьяные приятели, шагая по грунтовке, увидели оставленную без присмотра «Ниву». Ребята искали кого-нибудь, чтобы вытащить застрявший неподалеку автомобиль своей подруги, но ждать или искать хозяина внедорожника не стали: просто разбили стекло.",Стекло ребята разбили.,entailment,train
"В сентябре утвердили схему размещения щитов, по которым пройдут электронные торги.",Схема размещения щитов утвержена.,entailment,train
"Здесь выросли несколько куч песка и гравия, которые на легковом авто объехать не представлялось возможным.",Объехать кучи возможно на легковом авто.,not_entailment,train
"На них горожане могут купить хвойные деревья и лапник, пишет пресс-служба администрации.",Горожане купили хвойные деревья и лапник.,not_entailment,train
Таксист поблагодарил водителя трамвая за помощь.,Водитель трамвая помог таксисту.,entailment,train
"""""""Пишу сюда, потому что надоело отвечать одно и то же: никто ко мне не обращался"""".""",Я устал отвечать одно и то же.,entailment,train
"Однако и у ярославцев домашние поражения, в немалой степени обусловленные многочисленными потерями в составе из-за травм, могли быть стимулом для проявления и мастерства игроков, и еще более – мужского характера. Вот характер подопечным Алексея Кудашова удалось предъявить в качестве главного аргумента для победы. Но ошибки чаще были следствием предельной усталости, так как каждому приходилось биться не только за себя, но и «за того парня».",У ярославцев не было домашних поражений.,not_entailment,train
"Стало известно, сколько жителей Самарской области посещают выборы.",Много жителей Самарской области посещают выборы.,not_entailment,train
"""Изменения в структуре МВД происходят непросто, но альтернативы им нет, заявил президент России Дмитрий Медведев на встрече с личным составом отдела МВД по Академическому району Москвы в связи с профессиональным праздником сотрудников органов внутренних дел. """"МВД должно быть эффективным, мобильным, сильным ведомством, не расхлябанным, а способным решать задачи, которые стоят во всем мире перед правоохранительными структурами, полицией, другими службами МВД"""", - подчеркнул президент. """"Я уверен, что у нас все получится, потому что преобразования назрели"""", - сказал он.""",Преобразования еще только назревают.,not_entailment,train
"Представители Церкви и Исполкомов, исходя из целесообразности, примут совместное решение о проведении крещенских купаний, а также известят МЧС о сроках их проведения. В местах с купелями обеспечивать безопасность должны будут спасатели, полицейские и медики.","В местах с купелями обеспечивать безопасность должны будут спасатели, полицейские и медики.",entailment,train
"17-летняя петербурженка переходила железнодорожные пути в неположенном месте. И не заметила идущего поезда. Не слышала она и шума, поскольку была в наушниках.",17-летняя петербурженка осталась в живых.,not_entailment,train
"""Так, Кудрин полагает, что в первую очередь не нужно повышать расходы и сокращать программы, которые уже намечены и действуют. """"Все, что намечено, надо делать, не нужно сейчас нервировать ни отрасли, ни тех, кто уже рассчитывает на эти средства, но нужно пересмотреть все то, что будет увеличиваться, те программы, которые вновь запускаются, увеличиваются, это нужно как-то пересмотреть, не увеличивать рост. Потому что даже эту планку расходов при падении цены на нефть будет очень сложно удержать"""", - подчеркнул эксперт.""","Кудрин против нервирования отраслей, которые работают и которым уже обещаны деньги.",entailment,train
"""С ним было сложно работать, но всегда интересно"""", - добавила она. Отвечая на вопрос, какие изменения могут произойти в эти дни с уходом Кудрина с поста министра финансов, Набиуллина заявила, что """"политика и приоритеты политики определяются президентом, правительством, и мы будем их реализовывать"""". """"Но, наверное, какие-то возможны изменения, потому что уходит фигура такого масштаба"""", - сказала министр.""","Набиуллина отметила, что с уходом Кудрина возможны изменения.",entailment,train
"Проверка подтвердила информацию, и прокурор направил в суд иск, потребовав обязать правонарушителя вывезти отходы в специально отведенное место.",Информация не проверялась.,not_entailment,train
"""""""В этом году мой сын сдавал ЕГЭ. У меня тоже изменилось к этому отношение, оно стало менее однозначным. Потому что когда это пропускаешь через себя, видишь недостатки и прорехи той или иной системы"""".""",В этом году мой ребёнок сдавал ЕГЭ.,entailment,train
"Это не значит, что всему обществу надо становиться стукачами. Но все должны играть по единым правилам. И если, кто-то думает, что он может эти правила не соблюдать, то его сосед говорит: Хорошо, но я не хочу платить за тебя налоги.",Все играют по одним правилам.,not_entailment,train
"История мужчины не нова - сел за руль в пьяном виде, был остановлен полицией, лишен водительских прав и оштрафован, - штраф в установленное время не заплатил.",Мужчина не заплатил штраф вовремя.,entailment,train
"Правда, некоторые даже не подозревают, что на них что-то висит.",На всех что-то висит.,not_entailment,train
"А причина в том, что на всю зиму эти зверьки впадают в спячку. Но 8-месячному сурку Федору - новому обитателю ярославского зоопарка - в мороз приходится бодрствовать. - Мы приняли решение не вводить его в спячку, так как он не набрал нужных запасов жира и ему сложно будет пережить длительный период голодания, - пояснили в зоопарке.",Сурки впадают в спячку на зиму.,entailment,train
"""По мнению министра, """"говорить о том, что мы прямо сейчас продали им что-то новенькое, и это новенькое используется против демонстрантов, просто нечестно"""". Он также подчеркнул, что Россия поставляет вооружение по контрактам, которые не являются секретом и предполагают покупку Сирией, прежде всего, противовоздушных оборонительных средств, """"которые могут потребоваться только в случае внешней агрессии против сирийского государства"""". """"Мы оправдываться не собираемся, потому что мы ничего не нарушали"""".""",Военные контракты предполагают поставку из Сирии в Россию противовоздушных оборонительных средств.,not_entailment,train
"В Кремле эти заявления не комментировали. Что касается сегодняшних высказываний Ноды о том, что ему придется приехать в Россию в январе, а то и позже, то Дмитрий Песков уже успел на них отреагировать. По его словам, визит японского премьера никто не переносил, поскольку о фиксированных датах речи не было.",Нода заявил о необходимости посетить Россию в январе или позже.,entailment,train
"Среди арестованных оказался и гражданин Узбекистана. Абдуназим Атабоев по решению суда останется под стражей до 20 сентября. Заседание проходило с участием переводчика, поскольку подозреваемый практически не владеет русским языком.",Подозреваемый не любит русский язык.,not_entailment,train
"""Оно должно сохранять некоторые бренды, должно сохранять некоторые символы, из которых, опять-таки, составляется уникальность этого города, этого государства. Поэтому """"Ленфильм"""" должен быть сохранен именно как государственный центр – он может быть меньше, чем сейчас, допустим, но он может стать каким-то инкубатором, где выращивают великих режиссеров, а они потом, их ученики могут работать в разных других местах. Я думаю, что предложенный вариант не очень удачный, потому что то, как он выглядит сейчас – это обыкновенная приватизация, это новая волна приватизации.""","""""""Ленфильм"""" может стать инкубатором великих брендов.""",not_entailment,train
"При вынесении решения судья учла положительные характеристики обвиняемого, наличие у него малолетней больной дочери, а также то, что он не сможет влиять на свидетелей, поскольку не имеет доступа в исправительную колонию №6.",Малолетняя дочь обвиняемого больна.,entailment,train
"У троих участников драки диагностированы различные травмы. Что интересно, в полиции все они заявили, что претензий друг к другу не имеют.",Участники драки недовольны друг другом.,not_entailment,train
"О том, что в коробке из-под смеси обитают жуки, женщина даже не догадывалась.",Жуки обитали в пакетике из-под смеси.,not_entailment,train
"""При этом он затруднился сообщить, сколько времени может продлиться это отстранение. Сам Губерниев заявил радиостанции """"Эхо Москвы"""", что его отстранение от ведения футбольных программ не повлияет на работу на телеканале. """"Очень сложно меня отстранить от футбольных матчей, потому что я на них редко работаю"""".""",Губерниев отстранен от ведения программ о футболе.,entailment,train
"Все это может привести к осложнению оперативной обстановки на автомагистралях, которые проходят через Смоленскую область.",Оперативная обстановка на автомагистралях станет проще.,not_entailment,train
"Сироты наши герои потому, что люди убили их родителей. А другие люди нашли умиравших детенышей и выходили их, чтобы потом отпустить на волю. Это дрессировка наоборот, потому что целью ее является не вырастить друга и помощника, но вместо этого сделать шимпанзе или слона пригодным для жизни в дикой природе, не дать ему привязаться к человеку и загону.",Родителей этих детенышей убили звери.,not_entailment,train
"""""""Если эти документы там есть, то, скорее всего, для передачи в Арбитражый суд Тюменской области эти документы будут изыматься. Либо они, либо копии будут заверяться прямо на месте в офисе"""", - уточнил он. """"Компания злоупотребляет нашими правами, потому что несколько раз пристав выносил постановление, обязывающее компанию предоставить документы, но компания не реагировала на них никаким образом"""".""",Компания проигнорировала одно из постановлений пристава.,not_entailment,train
"По версии следствия, он ворвался в офис и угрожал работникам ножом.","Следствие предполагает, что в офисе работал человек с ножом.",not_entailment,train
"Стражи порядка на дорогах решили остановить иномарку, чтобы проверить документы водителя. Так как вёл себя он не как самый трезвый участник дорожного движения, то полицейские провели медицинское освидетельствование. Оно показало, что в крови задержанного действительно был алкоголь.",Стражи порядка напоили водителя алкоголем.,not_entailment,train
"В селе Доброе Липецкой области в огороде местной жительницы сотрудники полиции раскопали труп неизвестного человека, который уже превратился в скелет.",В огороде найден труп.,entailment,train
"По итогам конкурса будет принято решение о предоставлении данных пляжных территорий претендентам, которые предоставили наилучшие условия благоустройства.",Пляжные территории не достанутся претендентам.,not_entailment,train
"Мужчина узнал, что женщина продает квартиру, и предложил свою помощь в сделке.",Мужчина помог в сделке.,not_entailment,train
"Огонь распространился очень быстро, в пожаре уже заживо сгорели десятки животных - свиньи и коровы.",В пожаре гибнут люди.,not_entailment,train
"В Ульяновскую область пришли снегопады, и в ближайшие дни, по сообщениям синоптиков, погода только ухудшится: к осадкам присоединятся резкое понижение температуры, метели и гололедица. Ульяновские госавтоинспекторы настоятельно советуют водителям воздержаться от поездок по области на личных автомобилях. Если вам все же придется выехать, то стоит придерживаться некоторых правил: быть внимательными на дорогах, так как видимость может ухудшиться, проявлять бдительность около остановок общественного транспорта и на «зебрах», не превышать скорость, тормозить заранее.",Ульяновскую область ждет ухудшение погоды.,entailment,train
"""Однако отсутствие на форуме нового вице-премьера, который предпочел Рио-де-Жанейро Санкт-Петербургу, и бурная активность вице-премьера бывшего - нынешнего президента """"Роснефти"""" Игоря Сечина, центральной фигуры непрекращающихся встреч с иностранными инвесторами, прояснили, кто тут главный. """,Сечин был иностранным инвестором.,not_entailment,train
"Их усилиями героями рекламы сайта бесплатных объявлений стали офицеры Северного флота. Сюжет ролика незамысловат и даже напоминает те, что сейчас крутят по нашему телевидению. Два рыбака сидят с удочками и решают, что им делать с холодильником, который находится тут же, в лодке на середине озера.",Рыбаки утопят в реке холодильник.,not_entailment,train
"""Российский теннисист Константин Кравчук довел счет до 5:0 в матче первой группы зоны Европа/Африка Кубка Дэвиса между сборными России и ЮАР, сообщает """"Спорт-Экспресс"""". При счете 4:1 в пользу К.Кравчука южноафриканец Якоб Конрад де Клерк отказался продолжать игру. Встреча не имела турнирного значения, поскольку россияне досрочно одержали победу в этом противостоянии, выиграв четыре предыдущих поединка.""",Южноафриканец Якоб Конрад де Клерк сдался.,entailment,train
"Как рассказывает в одной из социальных сетей очевидец происшествия, бабушка выходила из автобуса №41, когда его двери неожиданно захлопнулись, и нога пенсионерки оказалась в капкане.",Автобус №41 был оборудован капканами.,not_entailment,train
"Это сделает стадион более доступным для людей с ограниченными физическими возможностями и маломобильных групп, отметили в Калининской управе. На встрече присутствовали представители общественных организаций, в том числе и Всероссийского общества инвалидов, специалисты департамента по спорту и молодежной политике, здравоохранения, управы. Проект был одобрен, так как соответствует всем требованиям.",На встрече были представители Всероссийского общества инвалидов.,entailment,train
"На территории грузового двора разъезда Александровский они заметили мужчину, который пытался похитить составную часть тормозного механизма железнодорожного вагона.",Мужчина пытался совершить кражу.,entailment,train
"Сначала он позвонил в ГИБДД, чтобы эту машину эвакуировали, но те отказались, так как на авто не было номеров, а поэтому установить его владельца невозможно. После этого рассерженный северянин и сообщил в полицию о бомбе, - пояснила начальник пресс-службы.","Северянин сделал ложный звонок о бомбе, чтобы эвакуировать машину.",entailment,train
"Одна из новостей не может не радовать – часть заповедника, горный массив «Оглахты», в скором времени может получить статус объекта Всемирного наследия ЮНЕСКО. - Если это произойдет, это будет способствовать развитию туризма в Республике Хакасия на международном уровне, ведь туристы с большим интересом посещают объекты всемирного наследия, - отметил Игорь Егоров, заместитель директора по развитию туризма в заповеднике «Хакасский». Развитию экологического туризма в республике уделяют особое внимание, поскольку это повышает культуру отдыха туристов, сохраняет природу и историко-культурные объекты.","Развитие экологического туризма повышает культуру отдыха туристов, сохраняет природу и историко-культурные объекты.",entailment,train
"""Как сообщает МВД по Республике Татарстан, 19 февраля в отдел полиции """"Япеево"""" УМВД России по городу Казани был сопровожден для дачи показаний мужчина, подозреваемый в совершении кражи денег. При доставлении в отдел манера поведения и речь подозреваемого вызвали предположение, что он находится в состоянии наркотического опьянения. Так как состояние подозреваемого не позволяло его опросить, ему была вручена повестка с указанием времени прибытия в отдел полиции.""",Мужчина был в невменяемом состоянии и для опроса не годился.,entailment,train
"Конец месяца – время покупать проездные билеты на следующий. С 26 декабря в продажу поступили абонементы на горэлектротранспорт. Правда, пассажирам придется раскошелиться, поскольку с первого января тарифы заметно возрастут.",Абонементы на горэлектротранспорт отменяются.,not_entailment,train
"""""""Насколько в ЕС оценивают ущерб после введения Россией визового режима в отношении экипажей воздушных судов?"""" - """"Европейская Комиссия сожалеет, что Россия приостановила действие моратория и ввела визовые требования для экипажей гражданских судов, для некоторых мы уже достигли соглашения о двусторонней отмене виз"""".""",Россия не стала вводить визовый режим для экипажей воздушных судов.,not_entailment,train
"""""""И как не подумать о том, что, используя визовый вопрос, хотят такой формой давления получить нечто другое от России на иных направлениях отношений?"""" - предположил Малосс. """"Я нахожу это недостойным, и не боюсь употребить такое слово, потому что тем самым делают заложниками миллионы людей с обеих сторон, особенно с российской, но и с нашей тоже"""".""","Малосс предполагает, что сможет использовать визовый вопрос как форму давления.",not_entailment,train
"""""""Они не могут допустить, чтобы Продюсерским центром студии руководил по-настоящему деловой, экономически грамотный человек - при политике абсолютной непрозрачности всех решений такой человек очень невыгоден"""", - считает Сокуров. В минувшую пятницу стало известно, что Сокуров решил покинуть совет директоров """"Ленфильма"""" и направил министру культуры Мединскому соответствующее письмо. """"Я написал это письмо, потому что считаю нахождение в совете формальным"""".""","""Сокуров покидает совет директоров """"Ленфильма"""".""",entailment,train
"Мужчина сначала задушил, а потом обокрал своего знакомого.","Мужчина обокрал знакомого, а потом задушил его.",not_entailment,train
"Она призналась, что в 2014 году приехала в Калач к мужчине, с которым познакомилась по интернету. Решила сделать кавалеру подарок – домашний кинотеатр. Но так как денег у неё не было, а доход не позволял оформить кредит на понравившуюся технику, женщина решила обмануть банк.",Она приехала в Калач к интернет-знакомому.,entailment,train
"Оперативники установили подозреваемую в течение суток. Им удалось выяснить, что деньги украла соседка, которая приходила поздравить знакомую с новогодними праздниками. - Хозяйка квартиры сама рассказала, что получила крупную сумму денег и пояснила, где хранит купюры.","Хозяйка не стала показывать воровке, где деньги.",not_entailment,train
"""""""Они не могут допустить, чтобы Продюсерским центром студии руководил по-настоящему деловой, экономически грамотный человек - при политике абсолютной непрозрачности всех решений такой человек очень невыгоден"""", - считает Сокуров. В минувшую пятницу стало известно, что Сокуров решил покинуть совет директоров """"Ленфильма"""" и направил министру культуры Мединскому соответствующее письмо. """"Я написал это письмо, потому что считаю нахождение в совете формальным"""".""","""Сокуров стал гендиректором """"Ленфильма"""".""",not_entailment,train
"""""""Разработана проектная документация по замене эскалаторов на станциях """"Рижская"""", """"Новослободская"""", """"Смоленская"""" Арбатской-Покровской линии и """"Спортивная"""". Работы на этих станциях планируется начать в этом году"""", - рассказал первый замначальника метро Роман Цуканов. По его словам, две из четырех станций - """"Рижская"""" и """"Смоленская"""" - будут закрыты для пассажиров на время ремонта, поскольку они имеют по одному вестибюлю.""","""""""Рижскую"""" закроют от пассажиров.""",not_entailment,train
"""Как передает корреспондент """"Интерфакс-Украина"""", церемония с участием глав облгосадминистрации и облсовета состоялась в рамках традиционного фестиваля """"Свадьба в Малиновке плюс"""". Скульптурная композиция, выполненная из бронзы, воспроизводит эпизод из фильма, в котором Попандопуло обнаруживает Сметану, стащившего сундук. """"Этот сундук для меня был самым главным элементом композиции, потому что две фигуры связать в скульптуре очень сложно"""".""",Попандопуло стал бронзовым памятником.,entailment,train
"""И желательно, по его словам, быть энергичными в интернет-пространстве, поскольку """"Единой России"""" сложнее быть в Сети, чем другой политической силе, так как партия находится у власти: """"Вот вы сказали, что выходили к людям, сначала тяжело, критикуют, пар выпускают. У меня та же самая ситуация, когда подходишь. Радуются вначале, потому что видят людей знакомых, а потом говорят: у нас вот это плохо, это, это"""".""","""Партия """"Единая Россия"""" находится у власти.""",entailment,train
"""О какой именно авиабазе идет речь, собеседник агентства не уточнил. Между тем посольство РФ в Кабуле не располагает информацией о том, что опасно сблизившийся с российским авиалайнером самолет принадлежит дислоцированным в Афганистане иностранным военным. Пресс-атташе российской дипмиссии Степан Аникеев заявил, что посольство не намерено самостоятельно обращаться к афганским властям или командованию МССБ за разъяснениями относительно этого инцидента. """"Мы точно не будем этого делать, потому что это — частная компания, и это ее дело"""".""",Опасно сблизившийся с российским авиалайнером самолет принадлежит дислоцированным в Афганистане иностранным военным.,not_entailment,train
"А в Новый год тортом вкусным угостили. Шерсть медвежонка стала пышной и блестящей. Агрессии он не проявляет, ведёт себя активно, - поделились специалисты.",Медвежонка угостили тортом.,entailment,train
"Техника была наготове, но приступить к расчистке дороги она не могла из-за скопившегося на ней транспорта. Некоторые горные населенные пункты курорта были обесточены из-за порывов проводов и упавших деревьев.",Скопившийся транспорт мешал расчистить дорогу.,entailment,train
"""По его словам, сотрудники уголовного розыска ОМВД по району Крюково совместно с сотрудниками службы банковской безопасности провели проверку и выяснили, что деньги пропадали дважды, и оба раза материально ответственным лицом была один и тот же кассир-операционист - 48-летняя жительница Зеленограда. """"На первой же беседе с оперативниками женщина призналась, что просто забрала из кассы деньги, так как оказалось в очень сложной жизненной ситуации и должна выплачивать несколько кредитов"""", - сообщили в полиции.""",Оба раза деньги пропадали в один и тот же день недели.,not_entailment,train
"Прежде чем обратиться в суд за разделом имущества, супруги могут самостоятельно договориться. В этом случае оформляется соглашение о разделе общего имущества супругов. Данный вариант является более предпочтительным, поскольку супруги, в том числе и бывшие, сами определяют имущество, которое достанется каждому из них в результате раздела.","Супруги, в том числе и бывшие, сами определяют имущество, которое достанется каждому из них в результате раздела.",entailment,train
"Сговариваются со всеми с кем можно. И те пишут как надо. Но поскольку спешат, ставят вопрос о мотиве, что делать нельзя согласно закону о судебных экспертизах.",Они действуют в соответствии с законом о судебных экспертизах.,not_entailment,train
"Паром, совершавший рейс из Занзибара, с более 600 пассажирами на борту потерпел крушение у берегов Танзании, сообщает британская телерадиокорпорация Би-Би-Си. По данным местной полиции, около 260 пассажиров были спасены, остальные числятся пропавшими без вести. Точное число пропавших установить не удается, поскольку паром, по словам очевидцев, был переполнен.",С парома спасли примерно 260 пассажиров.,entailment,train
"Группа вооруженных до зубов бандитов обстреляла здание прокуратуры мексиканского штата Кинтана-Роо в курортном городе Канкун, убиты как минимум три человека, еще несколько ранены. Как сообщает местное издание Excelsior, преступники подъехали на мотоциклах и открыли огонь по зданию, охрана прокуратуры вступила с ними в перестрелку. Из-за стрельбы пожарным пришлось срочно эвакуировать людей из расположенного рядом магазина, потому что шальная пуля попала в цистерну с газом, была опасность взрыва.",В Канкуне разрушено здание прокуратуры.,not_entailment,train
"Как констатируют в областной полиции, проблема пьянства за рулем продолжает оставаться для Еврейской автономии актуальной.",В Еврейской автономии никогда не водят пьяными.,not_entailment,train
"""Это, по данным Генпрокуратуры, является грубым нарушением инструкции, устанавливающей условия и основания объявления в международный розыск, утвержденной совместным приказом МВД, Минюста, ФСБ, ФСО, ФСКН и ФТС РФ. """"В связи с этим Генпрокуратура РФ направила на имя председателя СК РФ Александра Бастрыкина требование об устранении выявленных нарушений. Это сделано повторно, поскольку первое аналогичное требование, направленное ранее, выполнено не было"""", - говорится в пресс-релизе.""",Первое требование устранить выявленные нарушения выполнено не было.,entailment,train
"""В соседнем помещении располагался склад с готовой продукцией. Стражи правопорядка обнаружили ящики с """"элитным"""" виски, ромом, текилой и водкой. При первичном обследовании полицейские установили, что содержимое бутылок кроме цвета ничем друг от друга не отличается.""",Полтцейские нашли фальшивый ром.,entailment,train
"Между тем в кредитной организации заверили, что проблемы возникли с «незначительным» числом устройств самообслуживания (УС).",Проблемы возникли с одним из устройств самообслуживания (УС).,not_entailment,train
"Пострадавшая оценила ущерб в три тысячи рублей. Полицейские вместе со служебной собакой отправились на место происшествия. Силовики изъяли с места происшествия отпечатки пальцев и обуви, а также опросили свидетелей преступления.",Ущерб оценен в 3000 рублей.,entailment,train
"""Как передает корреспондент """"Интерфакс-Украина"""", церемония с участием глав облгосадминистрации и облсовета состоялась в рамках традиционного фестиваля """"Свадьба в Малиновке плюс"""". Скульптурная композиция, выполненная из бронзы, воспроизводит эпизод из фильма, в котором Попандопуло обнаруживает Сметану, стащившего сундук. """"Этот сундук для меня был самым главным элементом композиции, потому что две фигуры связать в скульптуре очень сложно"""".""","""Создана скульптура с двумя героями """"Свадьбы в Малиновке"""".""",entailment,train
"""Председатель комитета РФС по выявлению договорных матчей Анзор Кавазашвили заявил о том, что дело футболиста московского """"Торпедо"""" Игоря Чернышова, подозреваемого в неспортивной борьбе, пока не передано в Следственный комитет России. """,Антор Кавазашвили покинул комитет РФС по выявлению договорных матчей.,not_entailment,train
"""Легендарную """"Ладью"""" также ждет реставрация. Кроме того, будет отремонтирован амфитеатр. Его планируют делать по индивидуальному заказу из натурального гранита, что сильно увеличит стоимость проекта.""",Амфитеатр из гранита сильно увеличит стоимость проекта.,entailment,train
"Раненный скончался в больнице. Обвиняемый сбежал и у сыщиков не осталось никаких зацепок, кто бы мог быть убийцей. Два года пытались найти подозреваемых, но тщетно и дело закрыли.",Раненый выжил.,not_entailment,train
"""""""Сегодня это незаконная торговля, потому что это не является товаром для продажи"""".""",Сегодня этот товар продается законно.,not_entailment,train
"Соревнования прошли в бескомпромиссной борьбе, но в этот день случилось более знаковое событие, которое затмило все остальные.",События были бескомпромиссными,not_entailment,train
"""В момент совершения преступления был одет во все черное. """"Его приметы: был одет в синюю куртку фирмы """"Найк"""", серые спортивные штаны, черную вязаную шапку, волосы до плеч"""", - отмечает пресс-служба ведомства. Сотрудники полиции просят горожан не выходить на улицу, так как в городе проходит спецоперация.""",В городе идет спецоперация.,entailment,train
"Только жители региона могут по-настоящему оценивать работу губернатора, а не журналисты, считает глава Мурманской области Марина Ковтун. Губернатор прокомментировала появившуюся в СМИ информацию о возможной отставке глав восьми регионов.",Главы восьми регионов ушли в отставку.,not_entailment,train
"Подозреваемый признал вину и пояснил, что в ту ночь им с приятелем очень хотелось выпить. Поэтому они направились в круглосуточный магазин. Но продавец отказалась продать им пиво, так как было слишком поздно.",Пиво им с приятелем продавать не хотели.,entailment,train
"Они ведь, как известно, и коня на скаку остановят, в горящую избу войдут, а по желанию и в армию отправятся.","Известно, что они останавливают коней на скаку.",entailment,train
"""Совет директоров состоялся, он прошел в заочной форме, но протокол пока не подписан, заявил """"Интерфаксу"""" в пятницу вечером президент ОСК Роман Троценко. В акционерных обществах с госучастием остались еще два высокопоставленных чиновника. Правда, их позицию легко объяснить, поскольку независимых председателей в этих компаниях представить сложно.""",Совет директоров только что начался.,not_entailment,train
"Была опасность остаться без главного новогоднего символа. Но мир не без добрых людей. Нашелся меценат, который взял все расходы на себя.",Мы остались без главного новогоднего символа.,not_entailment,train
"15 сентября 2012 г. во второй половине дня в сквере на пл. Свободы при проведении несанкционированного администрацией Нижнего Новгорода митинга сотрудники ОМОН УТ МВД России по ПФО охраняли общественный порядок. Так как публичное мероприятие не было согласовано, полицейские требовали, чтобы собравшиеся разошлись.",Полицейские разгоняли собравшихся силой.,not_entailment,train
"Общественный резонанс получил и традиционный Парад Памяти. -Этим парадом мы напомнили россиянам роль Самары в годы Великой Отечественной войны. Это важно, потому что имидж региона работает на его жителей, - уточнил губернатор.",Парад Памяти - традиционное мероприятие.,entailment,train
"Их усилиями героями рекламы сайта бесплатных объявлений стали офицеры Северного флота. Сюжет ролика незамысловат и даже напоминает те, что сейчас крутят по нашему телевидению. Два рыбака сидят с удочками и решают, что им делать с холодильником, который находится тут же, в лодке на середине озера.",У рыбаков в лодке телевизор.,not_entailment,train
"Прокуратура поддержала ходатайство следователей и мужчину арестовали на два месяца. В ходе судебного заседания стали известны подробности преступления. Мотивом убийства, как выяснилось, стала ревность.",Мужчина убил из ревности.,entailment,train
"И тогда водитель заехал в лес, где изнасиловал женщину и убил ее с целью скрыть насилие. После убийства мужчина забрал ювелирные украшения, сотовый телефон и деньги потерпевшей. Мужчина был задержан сразу после совершения преступления, свою вину признал.",Мужчина забрал у убитой ценности.,entailment,train
"""На вопрос, занимался ли задержанный канадский лейтенант шпионажем в пользу России, Г.Мамедов ответил, что """"не знает"""", так как """"не он возглавляет службу разведки"""". А на вопрос, кто из российских дипломатов покинул страну, российский посол и вовсе отказался отвечать. """"Я не могу свободно обсуждать эту тему, так как не хочу повлиять на ведение судебного процесса"""", - сказал он.""",Канадский лейтенант был шпионом США.,not_entailment,train
"""Как сообщил корреспондент """"Интерфакса"""", из метро """"Китай-город"""" двигалась большим потоком толпа, некоторые организованными группами, состоящими в основном из молодых людей. В одной из таких групп мужчины спрашивали друг у друга, куда им идти, и им ответили - на Ильинку, дом 5. Одна из шедших в сторону Гостиного двора женщина кому-то говорила по телефону о том, что она почти на месте и идет в конце, потому что с ней много людей.""",Корреспондент подробно рассказал о движении толпы.,entailment,train
"Как сообщает пресс-служба учреждения, влюбленные смогут пройти по одному билету, если признаются в своих чувствах в присутствии кассира.",У влюбленных есть шанс пройти по одному билету.,entailment,train
"""По мнению министра, """"говорить о том, что мы прямо сейчас продали им что-то новенькое, и это новенькое используется против демонстрантов, просто нечестно"""". Он также подчеркнул, что Россия поставляет вооружение по контрактам, которые не являются секретом и предполагают покупку Сирией, прежде всего, противовоздушных оборонительных средств, """"которые могут потребоваться только в случае внешней агрессии против сирийского государства"""". """"Мы оправдываться не собираемся, потому что мы ничего не нарушали"""".""",Военные контракты предполагают поставку из России в Сирию противовоздушных оборонительных средств.,entailment,train
"По словам представителя правительства Германии Штеффена Зайберта, новый американский лидер Дональд Трамп пригласил главу немецкого правительства в Вашингтон в ходе состоявшегося между ними в минувшую субботу телефонного разговора.","Есть информация, что в субботу Трамп по телефону пригласил главу немецкого правительства в Вашингтон.",entailment,train
"""""""Я говорил это и раньше: НХЛ - это лига игроков. Если профсоюз и хоккеисты хотят играть на Олимпиадах, мы должны им разрешить. Думаю, это будет благом для лиги, но здесь есть повод для обсуждения, так как на переговорах о коллективном соглашении этот вопрос не поднимался"""".""",НХЛ - это лига игроков.,entailment,train
"Водитель успел выскочить из автобуса, который начал медленно тонуть. Помочь ему в этот момент было некому. Владельцу оставалось только с грустью наблюдать, как тонет его имущество.",Водитель утонул.,not_entailment,train
"""Ведь по какой причине он вообще взялся за этот фильм? Все говорит о том, что не по причине интереса к творчеству молодых художников, а по причине скандальности темы. И именно это сыграло злую шутку с фильмом """"Завтра"""", потому что он получился не достаточно скандальным, и уже точно не заслужившим внимания как произведение киноискусства.""",Фильм о молодых художниках получился недостаточно скандальным.,entailment,train
"""По словам Охлобыстина, он не знал, что среди людей, называющих себя организаторами """"Русского марша"""", есть разногласия. """"Я был дезинформирован, основывался на сообщениях прессы и своих подписчиков в Твиттере и не знал, что организаторов """"Русского марша"""" несколько и что между ними есть разногласия. Это очень плохо, потому что здравые патриотические силы должны работать на объединение, а не заниматься ссорами внутри себя"""".""",Охлобыстин осуждает ссоры между патриотами.,entailment,train
"""Президент РФ Дмитрий Медведев отметил, что стоимость новой радиолокационной станции в Калининграде существенно ниже, чем стоимость станций, которые строились в Советском Союзе. """"Стоимость строительства этой станции, не раскрывая каких-то цифр, она существенно ниже, чем аналогичные станции, которые строились в советские времена, включая действующие станции"""", - сказал президент РФ на совещании с Вооруженными силами РФ. Он подчеркнул, что это немаловажный вопрос, поскольку экономия средств - """"всегда крайне актуальная задача для министерства обороны"""".""",Дмитрий Медведев поднял тему стоимости новой радиолокационной станции в Калининграде на совещании с Вооруженными силами РФ.,entailment,train
"После этого на подозреваемого завели уголовное дело. Полицейским удалось узнать, что мобильник он сдал в местный ломбард, а сам уехал за пределы области.",Уголовное дело закрыто.,not_entailment,train
"Как установили стражи порядка, злоумышленники действовали по заранее разработанной схеме. На сайте бесплатных объявлений подбирали предложение о продаже недвижимости или авто. Звонили продавцу, предлагали предоплату.",Схема у злоумышленников была разработана заранее.,entailment,train
"Мероприятие прошло без инцидентов. По итогам акции был составлен административный протокол, так как количество участников превысило заявленное число.",Акция прошла с административным нарушением.,entailment,train
"Навас пробил с острого угла, вратарь забрал мяч. Роналду очень красиво упал, а потом так же красиво встал. Потому что никакого нарушения и не было.",Роналду упал и встал.,entailment,train
"""По данным ведомства, двигавшийся навстречу попавшему в аварию составу пассажирский поезд №67 сообщением """"Москва-Симферополь"""" оказался в зоне отключения высоковольтной линии и был отбуксирован на станцию """"Красногвардейское"""". """"Железной дорогой предоставлен транспорт для перевозки пассажиров на станцию """"Симферополь"""", - рассказали в МЧС. Кроме того, в данном направлении происходит задержка в движении и других поездов, поскольку движение на аварийном участке железной дороги полностью приостановлено.""",На участке аварии движение возможно только по спецпропускам.,not_entailment,train
"Официальная презентация состоится а ближайшее воскресенье. Имя талисману будет выбрано в ходе интернет-голосования. Отметим, что Инициатором избрания броненосца талисманом чемпионата мира по футболу выступила одна из бразильских природоохранных организаций, так как данное животное относится к вымирающим видам.",Талисманом спортивного мероприятия станет вымирающее животное.,entailment,train
"""В отеле 362 номера, включая 72 люкса; 10 залов для мероприятий, в том числе конференц-зал на 300 человек; два ресторана. Ранее руководитель департамента имущества Москвы Наталья Бочарова сообщила, что """"Метрополь"""" после продажи сохранит свое назначение. """"Победитель аукциона вместе с договором купли-продажи должен будет подписать охранное обязательство, поскольку гостиница является объектом культурного наследия"""", - сказала руководитель департамента.""","""Отель """"Метрополь"""" продадут с аукциона.""",entailment,train
"""В Сухуми взорван внедорожник, припаркованный недалеко от жилого дома по ул.Когония, сообщил """"Интерфаксу"""" начальник УВД города Гарри Аршба. По словам собеседника агентства, взрыв произошел около 12:30 в субботу. В результате взрыва никто не пострадал, так как в автомобиле никого не было.""",В Сухуми взлетел на воздух жилой дом.,not_entailment,train
"Я себе оправдания не ищу, но это стало толчком к моему будущему. Если бы застал измену, я бы, может, вообще по-другому поступил. Каждый человек по-своему переживает: кто-то легко прочувствовал все и забыл, кто-то болезненно.",Мне не нужны оправдания для себя.,entailment,train
"Угрозы распространения огня на рядом стоящие постройки не было. Зато была информация о том, что внутри горящего сарая находятся животные.",Горел сарай с животными.,entailment,train
"""""""Я хотел бы поблагодарить всех участников заседания, - начал глава региона. - Благодаря тому, что вы смогли сделать, команда продолжает участвовать и радовать болельщиков. На стадионе мы видим знаменитую """"Рыбку"""", все чаще и чаще команда выигрывает"""".""",Глава региона произнес слова благодарности.,entailment,train
"Подробности преступления рассказали в Следственном комитете по Кировской области. Известно, что пенсионерка работала на местного предпринимателя - принимала ягоды и грибы, которые собирали местные жители, а потом отправляла их на продажу. Ее односельчанин знал, что у женщины с собой крупная сумма денег, а поскольку сам он нигде не работал, решил ее ограбить.",Пенсионерка работала на приемке ягод и грибов.,entailment,train
"Большинством голосов депутаты признали главу государства оставившим свой пост, поскольку посчитали, что он не исполняет свои обязанности.","Депутаты посчитали, что глава государства своих обязанностей не выполняет.",entailment,train
"Правда, грабитель оказался не уличным бандитом - он пришел на свидание к потерпевшей.",Грабитель пришел на танцы.,not_entailment,train
"Ожидается, что перед судом выступит руководитель группы гособвинения Виктор Антипов, который предложит наказание подсудимым.",Подсудимые смогут выбрать себе наказание.,not_entailment,train
"""Басманный суд Москвы продлил до 6 ноября срок заключения под стражей двум фигурантам дела о массовых беспорядках на Болотной площади - ученому-разработчику Федору Бахову и студенту IV курса факультета политологии МГУ им. Ломоносова Ярославу Белоусову. Следствие просило продлить срок ареста обвиняемых, поскольку """"расследование уголовного дела продолжается, необходимо дождаться результатов многочисленных судебных экспертиз, допросить очевидцев"""".""",Федор Бахов и Ярослав Белоусов содержатся под стражей.,entailment,train
"""""""Нам нечего ожидать ни от правящей партии, ни от социалистов. Вот мое личное убеждение"""", - сказала лидер """"Национального фронта"""". Ле Пен также добавила, что роль ее партии будет отныне ведущей, так как она """"обладает абсолютным оружием - правдой и трезвым умом"""".""",Ле Пен обладает абсолютным оружием - правдой и трезвым умом.,not_entailment,train
"По традиции мы отмечаем их в семейном кругу. Желаем родным и близким людям счастья. Провожая уходящий год, каждый из нас вспоминает его яркие моменты, надеется на добрые перемены и мечтает о будущем.",В уходящем году не было ярких моментов.,not_entailment,train
"""Он назвал случай на Матвеевском рынке """"последней каплей"""", которая переполнила чашу терпения правоохранительных органов. Врио градоначальника напомнил, что в Москве ликвидировано 30 рынков. """"После этих мероприятий мне, по-хорошему, надо в бронежилете спать, потому что наличный оборот одного рынка составляет несколько сотен миллионов и не рублей, а долларов"""", - отметил он.""",В Москве закрыты три десятка рынков.,entailment,train
"Разозлившись, хозяин квартиры схватил нож и ударил им гостя в грудь и живот. От травм мужчина скончался на месте. Предприимчивый мужчина решил спрятать труп убитого, поэтому он его расчленил и прикрыл одеялом.",Хозяин квартиры убил гостя ножом и одеялом.,not_entailment,train
"Оперативники выехали на место происшествия и выяснили, что злоумышленник попал в квартиру, сумев подобрать ключи к входной двери. Нашли силовики и отпечатки его пальцев, благодаря чему сумели в скором времени задержать подозреваемого.",Злоумышленник так и не подобрал ключи к замку.,not_entailment,train
"Шествие в Москве, по словам источника, близкого к ФНПР, стартует, как и прежде, от Белорусского вокзала и увенчается митингом у мэрии Москвы с выступлениями лидеров страны.",Митинг станет венцом шествия.,entailment,train
"Промышленные предприятия, организации и учреждения создали новые новогодние композиции и украсили деревья.","Все промышленные предприятия, организации и учреждения закрываются на Новый год.",not_entailment,train
"""Сделка по продаже 80% ОАО """"Распадская"""" может не состояться в этом году, сообщил журналистам источник, знакомый с ходом переговоров. """"Есть вероятность, что сделка не состоится. Есть вопрос с ценой, поскольку здесь существует сильное расхождение"""", - сказал он.""","""Ведутся переговоры по полной продаже ОАО """"Распадская"""".""",not_entailment,train
"""""""Немцова повезли в его дом, где уже полчаса идет обыск"""", - сказал """"Интерфаксу"""" адвокат оппозиционера Вадим Прохоров. Немцов явился на допрос около полутора часов назад. Накануне следователям не удалось попасть к оппозиционеру домой, поскольку его самого там не было.""",Немцов прибыл на допрос ровно полтора часа назад.,not_entailment,train
"""""""Сказали, что с этим обращением точно будут работать"""", - написал Ройзман на своей странице в """"Фейсбуке"""". """"Я ответил, что все с нетерпением ждут, как на эту ситуацию отреагирует Президент. А так как обращение к Президенту читали все, кто его подписал, так и ответ Президента все эти люди прочитают"""", - отметил создатель Фонда.""","""У Ройзмана есть страница в """"Фейсбуке"""".""",entailment,train
"Помощник шерифа прибыл по вызову, и действительно обнаружил на заправке очень расстроенную даму без одежды. Она показалась ему пьяной. А когда вышел из автомобиля с пледом, чтобы накрыть им несчастную, та прыгнула за руль и умчалась на сумасшедшей скорости.",На заправке помощника шерифа ждала дама в пледе.,not_entailment,train
"Суд не стал рассматривать соответствующее ходатайство, поскольку оно было заявлено не в письменной форме.",Суд не рассмотрел ходатайство.,entailment,train
"Как сообщает официальный сайт правительства региона, участниками турнира стали семь команд.",В турнире будут участвовать спортсмены из правительства региона.,not_entailment,train
"Михаил Федорович предупредил, что на дорогах очень скользко. Так что, отправляясь в гости, сапоги на «шпильках» и «лабутены» лучше взять с собой, а до гостей добираться в устойчивой обуви. Можно взять с собой в дорогу и праздничные свечки и бенгальские огни, потому что видимость будет плохой — мощная облачность накроет всю область, и придется встречать праздник при свете фонарей и салютов, а не ярких новогодних звезд.","""В сапогах на """"шпильках"""" и """"лабутенах"""" на дорогах будет не так скользко.""",not_entailment,train
"По данным силовиков, все началось с банальной ссоры, а закончилось рукоприкладством. После этого пострадавшая обратилась за помощью к медикам. Полицейские опросили свидетелей, а также пообщались со всеми участниками конфликта.",Ссора продолжается и сейчас.,not_entailment,train
"Спустя минуты на вызов приехали полицейские, оцепили кафе, эвакуировали посетителей и персонал. Естественно, во время осмотра помещения никакой бомбы не нашли. — Преступник не отсидел срок за прежнее преступление, поэтому к нему добавили новый.",Полицейские оцепили кафе.,entailment,train
"Как сообщил Саркисов, в пятницу планируется допросить самого подсудимого. Он добавил, что в ходе процесса защита представила доказательную базу, которая свидетельствует о невиновности Рябова. Заседания суда проходят в закрытом режиме, так как потерпевшие по делу являются несовершеннолетними.",Свидетельства невиновности Рябова представлены суду.,entailment,train
"Но она не поверила ему, так как слышала о мошенниках.",Она слышала о мошенниках.,entailment,train
"В ведомстве поясняют, что работа должника связана с ремонтом и диагностикой автомобилей и не подразумевает необходимость управления транспортным средством.",Должнику не нужны права.,entailment,train
"Животные замурованы в клетках – их только время от времени кормят, поят и никогда не выводят на солнечный свет.",Животные не выходят на солнечный свет.,entailment,train
"Парни и девушки не только узнали о работе ведомства, но и прошли краткую стажировку.",Парни и девушки познакомились с работой ведомства.,entailment,train
"""По словам Клинтон, данный проект """"содержит ряд элементов, которые мы не можем поддержать"""". В частности, по ее словам, в тексте просматривается """"кажущийся паритет"""" между сирийским правительством, обвиняемым многими странами в применении силы против своих противников, и мирными оппозиционерами. По ее мнению, такого паритета быть не должно, так как сирийские власти в значительно большей степени несут ответственность за беспорядки в стране.""",Клинтон осудила ряд элементов проекта.,entailment,train
"""""""Мы занимались школьным интернетом, теперь пришла пора позаниматься интернетом в общежитиях высших учебных заведений"""", - заявил Д.Медведев в четверг на совещании по вопросам социального положения студентов. Президент проводит совещание на базе Российского университета дружбы народов, где, по его словам, в учебных корпусах и общежитиях интернет есть, """"но так - далеко не везде"""".""",Интернетом в общежитиях высших учебных заведений раньше никогда не занимались.,not_entailment,train
"""Была установлена личность подозреваемого - 27-летнего мужчины. По словам задержанного, он был давно влюблен в жену убитого и различными способами добивался ее внимания. """"Так как женщина не хотела с ним общаться, он решил похитить ее мужа"""", - говорится в сообщении.""",27-летний мужчина похитил мужа своей возлюбленной.,entailment,train
"После этого Цискаридзе обратился в полицию, которая незамедлительно прибыла на место. В ходе осмотра было установлено, что в отсутствие хозяина в его квартиру никто из посторонних не входил. Эксперты изъяли замки с обеих дверей для исследования, однако точно установить, была ли попытка взлома, скорее всего, не удастся, так как личинка внутренней двери полностью разрушена слесарем.",Цискаридзе вызвал полицию.,entailment,train
"Тогда к стражам правопорядка обратился пенсионер, поскольку у него из дома пропала крупная сумма денег.",У пенсионера в доме раньше была крупная сумма денег.,entailment,train
"Вот парни пошли: вместо того, чтобы познакомиться с девушкой, пригласить в кино, они ее грабят.",Парни позвали девушку в кино.,not_entailment,train
"Родственники отмечали новогодние праздники, когда между ними возник конфликт.",Родственники помирились.,not_entailment,train
"В Сомали в прошлом году было потрачено 120 млн. долларов, и мы кормили  более 1 млн. человек, так как там происходили и конфликты, и стихийные бедствия.","В Сомали происходили и конфликты, и стихийные бедствия.",entailment,train
"Кто-то в каникулы отдыхает, а кто-то считает, что это идеальное время для наживы.",Каникулы живые.,not_entailment,train
"""Беспроводной доступ в интернет по технологии Wi-Fi в московском метро столкнется со сложностями, сказал """"Интерфаксу"""" начальник ГУП """"Московский метрополитен"""" Иван Беседин в четверг. """"На наших линиях сейчас реализуется технологическая связь, работающая в диапазоне, в котором работает Wi-Fi. Наложение этого диапазона недопустимо, так как это вносит помехи в эксплуатацию действующих линий"""".""","Иван Беседин предупредил, что с беспроводным доступом к Сети по Wi-Fi в метро будут сложности.",entailment,train
"Установлено, что накануне совершения преступления супруги поссорились. Этим и воспользовался фигурант. Похитив имущество, подозреваемый его продал, а денежные средства потратил.",Похититель воспользовался гостеприимством супругов.,not_entailment,train
"""Как сообщалось, 15 шахтеров в понедельник 3 сентября отработали положенную смену - с 08:00 до 16:00, а по окончании смены не поднялись с горизонта минус 860 метров. Они требовали в том числе отменить незаконно введенный на предприятии ООО """"Рус-Инжиниринг"""", которое входит в """"РусАл"""" и обслуживает СУБР, скользящий график, а также повысить оклады. Ранее компания назвала действия участников акции незаконными, в том числе потому что """"шахта является объектом повышенной опасности и нахождение в ней без специальных нарядов категорически не допускается"""".""",15 шахтеров устроили акцию протеста прямо в шахте.,entailment,train
"""Вот так мурманский кот остался без опеки перед 20-летием. Старика передали волонтерам, которые нашли у него тяжелую хворь. - Врачи называют эту болезнь """"дорогой в никуда"""", потому что лечению она не поддается.""",Мурманский кот неизлечимо болен.,entailment,train
"""В ходе оперативных мероприятий проверялась информация, предоставляемая экстрасенсами. """"Мы не отказываемся ни от какой помощи, особенно когда речь идет о судьбе ребенка. Мы пользуемся услугами экстрасенсов, но исключительно избирательно, поскольку у нас есть как положительный, так и отрицательный опыт работы с ними"""", - сказал он.""","Информацию, полученную от экстрасенсов, оперативники принимали на веру.",not_entailment,train
"Саудовская Аравия сообщила ВОЗ, по крайней мере, о двух случаях заражения медработников в результате контакта с пациентами. Однако точно сказать, каким образом происходит передача,  ученые пока не могут. Вероятно, вирус передается только при очень тесном контакте, так как случаи заражения от человека к человеку происходили пока только в узком кругу: между членами семей и между больными и медицинскими работниками.",Вирус передается только при очень тесном контакте.,not_entailment,train
"С наступлением зимы вопрос качества теплоснабжения выходит на первый план в сфере предоставления жилищно-коммунальных услуг. По каким причинам температура воздуха в квартире может не соответствовать санитарным нормам? И какую работу проводят работники жилищно-коммунального хозяйства, чтобы жильцы обслуживаемых домов чувствовали себя комфортно в квартирах на протяжении всего отопительного периода?",Зимой вопрос тепла в квартирах выходит на первый план.,entailment,train
"И мы договорились о том, что необходимо вернуть хорошие отношения между нашими странами, которые имеют очень древние корни и были очень крепкими раньше. Наша поездка проходит под девизом возвращения и укрепления прежних отношений между нашими странами. Мы будем обсуждать взаимное сотрудничество и укрепление политических отношений между нашими странами, а также укрепление экономических отношений между нашими странами, поскольку между нами уже существуют отношения экономического характера.",Мы постепенно возвращаем хорошие отношения между нашими странами.,entailment,train
"От полученных повреждений он скончался на месте. Затем пенсионерка спрятала тело. Известно, что она сейчас нигде не работает и раньше уже имела проблемы с законом.",Пенсионерка прячет уже не первый труп.,not_entailment,train
"Когда на место приехали сотрудники полиции, они составили описание со слов свидетельницы.",Свидетельница помогла составить описание.,entailment,train
"Разозлившись хозяин квартиры схватил нож и ударил им гостя в грудь и живот. От травм мужчина скончался на месте. Предприимчивый мужчина решил спрятать труп убитого, поэтому он его расчленил и прикрыл одеялом.",Тело было накрыто простыней.,not_entailment,train
"""""""Обсуждение, спекуляция вокруг принятого Госдумой, утвержденного Советом Федерации, подписанного президентом закона - несостоятельны. Скорее всего, здесь никакого шага назад не будет, невозможен поворот вспять"""", - сказал Астахов журналистам в пятницу, отвечая на вопрос о возможности отмены """"закона Димы Яковлева"""". """"Это объективно, потому что этого не было никогда"""".""","""Астахов опроверг возможность отмены """"закона Димы Яковлева"""".""",entailment,train
"Как нам рассказали соседи семьи, их только что опрашивали сотрудники полиции. По их словам, эти же сотрудники и проболтались жильцам, что мама тоже дала показания. Трагедия произошла в момент, когда мама отсутствовала.",Мама не дала показания.,not_entailment,train
"Впрочем, водителя машины вскоре нашли. Им оказался 32-летний местный житель. Он сообщил, что скрылся с места аварии, потому что испугался.",Водитель машины убрался на месте аварии.,not_entailment,train
"Третий месяц зимы тоже не готовит особых климатических сюрпризов. Среднемесячная температура и количество осадков будет соответствовать традиционным для нашего региона значениям. Весна ожидается ранней, но может продлиться дольше обычного.","Ожидается, что весна начнется рано.",entailment,train
"Между тем не исключено, что водитель совершил наезд умышленно. После инцидента стражи порядка задержали его. По словам очевидцев, мужчина, находившийся за рулем, вел машину весьма странным образом, при этом, врезавшись в толпу, он даже не попытался затормозить.",Мужчина врезался на машине в толпу.,entailment,train
"""Технического премьера в России быть не может, уверен Медведев. """"И Владимир Владимирович Путин, и Михаил Михайлович Касьянов, и Михаил Ефимович Фрадков, и Виктор Алексеевич Зубков, и снова Владимир Владимирович Путин - это те премьер-министры, которых я не только знал лично, но и те, с кем я работал. Ни один из них не был техническим премьер-министром, потому что в принципе технического премьер-министра быть не может"""", - подчеркнул он.""",Медведев не верит в технических премьер-министров.,entailment,train
"Пострадавший пробирался между вагонами состава, когда поезд начал движение.",Пострадавший пробирался между вагонами поезда.,entailment,train
"Если раньше редакции только гадали, сколько человек реально читают газету, какой у них возраст и какие темы нравятся больше всего, то сейчас все изменилось.","Теперь редакции могут не только гадать, сколько человек реально читают газету, какой у них возраст и какие темы нравятся больше всего.",entailment,train
"""В сентябре 2011 года ресурс Liveinternet отметил снижение доли """"Яндекса"""" до 61,4% с 63% запросов, а к октябрю она снизилась до 60,8% и с тех пор не меняется. При этом Google удерживает за собой 25,5% российского рынка поиска. По оценке аналитиков и экспертов, пока речь о глобальной трансформации рынка не идет, поскольку такие колебания происходят время от времени.""","""Доля """"Яндекса"""" на российском рынке поиска снизилась.""",entailment,train
"Сироты наши герои потому, что люди убили их родителей. А другие люди нашли умиравших детенышей и выходили их, чтобы потом отпустить на волю. Это дрессировка наоборот, потому что целью ее является не вырастить друга и помощника, но вместо этого сделать шимпанзе или слона пригодным для жизни в дикой природе, не дать ему привязаться к человеку и загону.",Люди спасли осиротевших детенышей от смерти.,entailment,train
"На пресс-конференции о итогах встречи Нового года и Рождества сотрудники МЧС озвучили статистику происшествий. - В Саратовской области нет ледовых переправ, поэтому выезжать на лед на транспортном средстве категорически нельзя, - сказал начальник отдела обеспечения безопасности людей на водных объектах службы МЧС области Роман Сулейманов. - Даже на велосипедах, потому что это тоже - транспорт.",В Саратовской области выезжать на лед категорически нельзя даже на велосипедах.,entailment,train
"""Очевидцы: в Саратове подростки обстреляли трамвай. """"Я как обычно ехала домой из школы, - сообщила юная саратовчанка. - До дома оставалась одна остановка. На ней обычно трамвай стоит подольше, потому что кондуктор и водитель сменяются"""".""",Юная саратовчанка рассказала подробности.,entailment,train
"""Не переживали и в ЦСКА, который в российском чемпионате опережает именно питерский """"Зенит"""". """"Мы старались не обращать внимания на судебные разбирательства """"Зенита"""", сосредоточиться на играх и добиваться результата в каждом матче. Так что за ситуацией следили постольку поскольку"""".""",В ЦСКА этого не пережили.,not_entailment,train
"В суде установили, что у ООО «Бежицкие маршрутные такси» есть лицензия и два договора с администрацией на перевозку пассажиров по маршруту «улица Молокова – Бордовичский водозабор», - говорится на сайте арбитражного суда Брянской области.",ООО «Бежицкие маршрутные такси» имеет право возить пассажиров по улице Молокова.,entailment,train
"Уже было 26 таких прибавлений. В последний раз координационная секунда была добавлена 30 июня 2015 года. Отмечается, что в будущем дополнительные секунды могут вводиться чаще, так как вращение Земли постепенно замедляется.","Вращение Земли то ускоряется, то замедляется.",not_entailment,train
"На тот момент он был единственным из покупателей. Увидев на прилавке ножи для нарезки продуктов, пенсионер быстро взял их и стал угрожать работнице. Она, испугавшись, убежала в подсобку и уже оттуда позвонила в полицию.",Пенсионер купил ножи.,not_entailment,train
"Женщины были привлечены к административной ответственности и получили штраф - по 3 тысячи рублей каждая, - сообщили в пресс-службе областного суда. Также с нижегородок взыскана стоимость грибов из расчета 600 рублей за 1 кг.",С нижегородки взыскали стоимость грибов.,entailment,train
"""""""Это серьезная прибавка"""", - сказал журналистам в пятницу экс-глава Минфина, который приехал на конференцию в Женеву по приглашению Паскаля Лами. """"Больше сможем производить, больше рабочих мест и инвестиций. Потому что сможем торговать на других рынках более свободно, можем расширять производства более смело"""", - отметил он.""",Экс-глава Минфина рад перспективам расширения производства и торговли.,entailment,train
"Подключили к проверкам администрации. Тщательнее всего осматривалось оборудование в домах, где проживали инвалиды, старики и многодетные семьи. Недавно администрация Николаевского района решила отчитаться, как прошли проверки.",В домах проверяли оборудование.,entailment,train
"""""""Это - финальный аккорд предвыборной кампании"""", - сказал В.Бурматов в четверг, которого цитирует сайт """"Единой России"""". По мнению депутата, митинг демонстрирует, что не только содержательная повестка дня, но и улица полностью перехвачена пропутинскими силами. """"И ни о каких оранжевых сценариях говорить уже просто не придется, потому что улица занята нами"""", - заявил парламентарий.""","""Сайт """"Единой России"""" цитирует неизвестного спикера.""",not_entailment,train
"""""""Жизнь"""" дороги зависит от работы тех, кто ее строит.""","""""""Жизнь"""" дороги зависит от ее строителей..""",entailment,train
"Она рассказала, что поймала на дороге машину, чтобы поехать на работу.",Она не хотела на работу.,not_entailment,train
"Когда на место прибыли стражи порядка, то достаточно быстро нашли подозреваемого. Им оказался хороший знакомый потерпевшего. Он признался, что, проходя мимо, не смог удержаться, заметив открытую входную дверь в частный дом.",Открытая дверь в частный дом манила подозреваемого.,entailment,train
"В ходе ссоры мужчина толкнул возлюбленную, от чего она ударилась головой о печь.",Мужчина толкнул любимую в воду.,not_entailment,train
"В области работает 133 нотариуса, и со всем объемом работы мы справляемся, - отметила спикер. - Больше всего обращений — по наследственным делам, много обращений по обращений с отчуждением недвижимости, где есть несовершеннолетние дети, и по сделкам, где требуют дополнительных документов.",133 нотариусов достаточно для области.,entailment,train
"Необычный пожар случился напротив школы №38. Как сообщаю очевидцы, пожарные заливали водой дупла в дереве, из которых шел дым. Не исключено, что кто-то из прохожих засунул в дупло окурок, что и стало причиной возгорания дерева.",Напротив школы выгорели все дупла.,not_entailment,train
"""Очевидцы сообщили """"Комсомольской правде"""", что выемка нужных следователям бумаг состоялась в сопровождении людей в масках.""",Люди в масках присутствовали при выемке писем.,not_entailment,train
"«Министерство сегодня вызвало российского посла, чтобы повторить свой протест. Встречи между парламентариями – важная составляющая политических контактов», - приводятся слова главы МИД Бёрге Бренде. Он добавил, что отказ в визах вызывает сожаление, так как визит мог бы способствовать укреплению двусторонних отношений.",Министерство впервые отказало российскому послу.,not_entailment,train
"Та техника, которая представлена на площади, приобретена при поддержке федерального правительства. Теперь ваша работа, которую вы выполняете успешно, будет и материально подкреплена. Потому что от того, какая у вас материальная база, зависит, как вы сможете в короткие сроки оказывать помощь пострадавшим людям.",Хорошая материальная база позволит вам быстрее оказывать помощь людям.,entailment,train
"""В среду в эфире программы """"Авторитет"""" на радио """"Комсомольская праввда"""" - Калининград Андрей Горохов признался, что после поражения в праймериз, у него были возможности участвовать в выборах от других партий. - У меня было много предложений от других партий, - сказал Горохов. - Я их не принял, поскольку считаю что это неправильно.""",Андрей Горохов сделал признание на радио.,entailment,train
"Главное управление МЧС России по Ярославской области выложило на своем сайте предупреждение о гололедице на дорогах региона. И призвало жителей быть предельно аккуратными и внимательными. - Пешеходам необходимо переходить дороги только в установленных местах, так как тормозной путь автомобилей значительно удлиняется.",МЧС призывает к вежливости.,not_entailment,train
"В четверг, 19 января, в СМИ появилась информация о намерении нескольких крупных банков обратиться к председателю ЦБ РФ Эльвире Набиуллиной с просьбой отменить обязательный перевод на карты «Мир» всех бюджетных средств, включая зарплаты, пенсии и оплату больничных. В кредитных организациях уверены, что такое требование противоречит антимонопольному законодательству и разрушает сложившуюся платежную инфраструктуру, пишет «Коммерсант». Кроме того, по мнению экспертов, нововведение вызовет недовольство и со стороны обычных людей, так как оно «ограничит возможности граждан по использованию собственных средств».","""Все бюджетные средства переведут на карты """"Мир"""".""",not_entailment,train
"""По мнению главного экономиста Альфа-банка Наталии Орловой, у Кудрина не получилось сделать бюджет источником экономического роста с помощью инвестиций. """"Не думаю, что это колоссальный провал, так как всегда считалось, что бюджетная политика - не самый подходящий инструмент для инвестиций"""".""",Бюджетная политика - едва ли не самый подходящий инструмент для инвестиций.,not_entailment,train
"""В итоге ранее судимого за угон северянина задержали во время встречи с клиентом. - Мужчина пояснил, что газовый пистолет марки """"МЦРГ-1"""" приобрел случайно несколько лет назад. Он решил продать оружие, так как нуждается в деньгах.""","""У мужчины был газовый пистолет марки """"МЦРГ-1"""".""",entailment,train
"При этом он заметил, что девушка отказалась назвать какие-либо свои данные. Между тем в суде девушка заявила, что ее зовут Екатерина Самуцевич, она зарегистрирована в Москве. Девушка передала паспорт судье, этом пояснив, что документы при задержании не предъявляла, так как не могла их найти.","Суд выяснил, что девушку зовут Катя.",entailment,train
"Об этом вечером во вторник, 17 января, сообщила пресс-служба Спасательного департамента, отметив, что немецкую противотанковую мину Tellermine 42 обнаружили в на улице Кеэвисе в ходе земляных работ. Спасатели эвакуировали жителей окрестных домов, офисов и складских помещений. Уничтожать мину на месте не стали, поскольку это угрожало повреждению трассы трубопровода.",В ходе земляных работ нашли воду.,not_entailment,train
"Асад заявил, что боевики ИГ есть не только в Мосуле, но и в сирийских городах Ракке и Дейр-эз-Зоре, где авиация США должна была наносить удары по террористам, но не делала этого. Также он отметил, что многие из боевиков, штурмовавших Пальмиру, использовали новое оружие. По мнению сирийского президента, это свидетельствует о помощи из-за рубежа, так как раньше подобного вооружения у террористов не было.","Асад напомнил, где нет боевиков ИГ.",not_entailment,train
"Я сегодня первый раз вышла. Когда волна недовольства только начинала подниматься, я как-то равнодушно к этому отнеслась. Тогда муж сказал, что хочет пойти на Болотную - даже пыталась его отговорить, так как очень испугалась, что его могут замести.",Муж хотел пойти на Болотную.,entailment,train
"Я не выступал, потому что очень сложная организация.",Таинственная организация заставила меня подписать отказ от выступления.,not_entailment,train
"""Мировой участок Басманного суда Москвы назначил административный арест гражданскому активисту Вадиму Дергачеву за субботнюю акцию у Следственного комитета России. """"Суд назначил Дергачеву наказание в виде 10 суток ареста по статье 19.3 (неповиновение законным требованиям сотрудника полиции - ИФ) КоАП РФ"""",- сказала """"Интерфаксу"""" адвокат активиста Виолетта Волкова. Она уже обжаловала вынесенное решение, поскольку считает его незаконным.""","Дергачева решили посадить на десять суток, но его адвокат считает это решение незаконным.",not_entailment,train
"Но инспектор сообщил о попытке дачи взятки дежурному полиции. Как сообщает облпрокуратура, Кантемировский суд приговорил молодого человека к лишению свободы на 3,5 года в колонии общего режима. Такой срок он получил, потому что уже дважды был осужден условно – за угон, повторное управление автомобилем в состоянии опьянения и кражу.",Молодой человек хотел получить взятку от дежурного полиции.,not_entailment,train
"Не стоит бояться порчи, это люди сами себя плохо настраивают на жизнь.",Люди способны наводить порчу.,not_entailment,train
"Он нашел награду в новом доме, который купили его родственники, и поспешил выложить фотографии на сайте объявлений в интернете.",В купленном доме нашлась награда.,entailment,train
"Параллельно рабочие вели монтаж балок на уже готовые опоры. Таким образом, в настоящий момент смонтирована 21 балка, осталось еще 14 балок, – сообщил генеральный директор Примавтодор Дмитрий Горлов. Старый мост строители разобрали, поскольку он был в аварийном состоянии.",Рабочие строят новый мост.,not_entailment,train
"Злоумышленники начали работать распространителями, после размещения в соцсети объявления о поиске работы. Им было предложено распространять наркотики. Они согласились, так как платили за это хорошие деньги.",Злоумышленники распространяли наркотики.,entailment,train
"""""""Я рассматриваю сегодняшний указ о моем переназначении, как очевидный сигнал о том, чтобы Совет продолжил работу в своем нынешнем составе"""", - заявил М.Федотов """"Интерфаксу"""" в субботу. """"Я приложу все силы к тому, чтобы состав Совета, если и изменился, то крайне незначительно. Я очень надеюсь, что нам удастся сохранить Совет, потому что его состав сегодня действительно очень хороший"""", - сказал он.""",М.Федотов снят с должности.,not_entailment,train
"Температура будет колебаться, периодически будет подсыпать снег.",Ожидаются колебания температуры и снег.,entailment,train
"""Со своей стороны Хлопонин признался: """"Я вам честно могу сказать, мне Владимир Владимирович (Путин - ИФ) позвонил и попросил разобраться в этой ситуации при соблюдении закона. Я вас хочу попросить об одной вещи, хочу на будущее с вами договориться: голодовка никогда не является способом достижения цели. Я понимаю, что для вас это была мера вынужденная, потому что никто вас не слышал и не слушал"""".""",Для вас голодовка была вынужденной мерой.,entailment,train
"Специалисты трудовой инспекции провели внеплановую проверку на заводе и выяснили, что предприятие действительно имеет большие долги по зарплате.",Долги завода по зарплате незначительны.,not_entailment,train
"После этого взять святую водичку, попить ее. Как полагается, окропить святой водичкой квартиру или дом. Окунаться я даже не посоветую, потому что для некоторых людей это может быть опасно для жизни.",Святой водой положено кропить дом или квартиру.,entailment,train
"Как выяснилось, женщина выпала из окна собственной квартиры.",Женщину выбросили из окна.,not_entailment,train
"Это должно дать свой результат - поголовье птиц станет в два раза больше, считают специалисты.",Специалисты планируют рост поголовья птиц.,entailment,train
"Уже было 26 таких прибавлений. В последний раз координационная секунда была добавлена 30 июня 2015 года. Отмечается, что в будущем дополнительные секунды могут вводиться чаще, так как вращение Земли постепенно замедляется.",30 июня 2015 года прибавлена координационная секунда.,entailment,train
"""Сразу после вынесения приговора защита осужденных пообещала его обжаловать. """"Приговор обязательно обжалуем"""", - заявлял """"Интерфаксу"""" Панков. Адвокат был намерен помимо приговора обжаловать и вердикт, так как он был вынесен, по его мнению, с нарушениями процессуальных норм.""",Адвокату Панкову показался неправильным вердикт.,entailment,train
"""""""Это наши русские часы, недорогие часы с гербом - маленькие, аккуратные часы"""", - процитировал патриарха В.Соловьев, делясь в эфире радио """"Вести FM"""" впечатлениями о встрече с ним. По словам Соловьева, когда предстоятель увидел ту фотографию, он очень удивился. """"Потому что, когда мы надеваем одеяние для службы, часы невозможно надеть, невозможно носить часы"""".""",В.Соловьев встретился с патриархом на горе Афон.,not_entailment,train
"""Как именно - остается загадкой следствия. В правоохранительных органах рассказывают лишь о малой части тех мероприятий, что проводятся по уголовному делу. Как стало известно """"Комсомолке"""", ориентировки с приметами девушки вскоре после ее исчезновения полицейские разослали в соседние регионы.""",Следствие проводит все мероприятия открыто.,not_entailment,train
"Он находится недалеко от дома, где жил подросток. Согласно предварительной версии, юноша покончил с собой. Напомним, ранее по факту пропажи подростка возбудили уголовное дело по статье «Убийство».",Юноша мертв.,entailment,train
"Метрополитен Екатеринбурга разместил на сайте госзакупок запрос на кредит в 150 миллионов рублей. Напомним, что ранее руководство подземки неоднократно заявляло, что метро работает в убыток, а цена жетона намного ниже себестоимости поездки.",В Екатеринбурге есть метро.,entailment,train
"Областной главк полиции сообщает о том, что в регионе проходит операция «Гражданин – Оружие».",Главк полиции сообщил об операции.,entailment,train
"В ведомстве отмечают, что ранее подозреваемый уже был судим за кражу. Злоумышленник во всем признался и написал явку с повинной. На допросе он рассказал, что один из похищенных телефонов потерял, другой продал, а деньги потратил.",Злоумышленник похитил два телефона.,entailment,train
"Пьяный мужчина, желая выяснить отношения со своей соседкой, проживающей этажом выше, постучал в ее дверь. Хозяйка открыла, а непрошеный гость против ее воли ворвался в квартиру и устроил скандал. Он высказывал претензии по поводу того, что соседка громко топала, мешая спокойно жить его семье.","Пьяный сосед пришел сказать, что женщина громко стучит в дверь.",not_entailment,train
"Полицейские поймали похитителя сосен, который прославился благодаря видео.",Полицейские задержали похитителя сосен.,entailment,train
"Вас ждет добрая и поучительная сказка о мире волшебства, где юные волшебники, попадая в сложные испытания, справляются со всеми выкрутасами мага страны мыльных пузырей и празднуют торжество добра, дружбы и справедливости!",Вас ждет маг из синих мыльных пузырей.,not_entailment,train
"По традиции мы отмечаем их в семейном кругу. Желаем родным и близким людям счастья. Провожая уходящий год, каждый из нас вспоминает его яркие моменты, надеется на добрые перемены и мечтает о будущем.",Каждый из нас мечтает о будущем в семейном кругу.,not_entailment,train
"Он представился агентом московской фирмы и предложил двум женщинам высокие должности с хорошим окладом. Но за трудоустройство нужно было внести взнос. Получив требуемую сумму, он подписал фиктивные трудовые договоры с потенциальными сотрудницами и был таков.",Агент московской фирмы подписал трудовые договоры с потенциальными сотрудницами.,not_entailment,train
"На этот раз они взяли еду: шоколадки, соки и жвачки, общей суммой на триста рублей. Подозреваемых быстро нашли. Как оказалось, они являются студентами техникума и приехали домой на каникулы.",Студенты готовили еду.,not_entailment,train
"""""""Здесь порядка 100 человек, они общаются между собой. Полиция пока этому не препятствует"""", - сказал оппозиционер. Он выразил надежду, что сотрудники правоохранительных органов прекратят практику задержаний мирно гуляющих граждан, """"поскольку кроме озлобления это не вызывает, а, напротив, способствует присоединению к таким акциям новых и новых участников"""".""","Оппозиционер надеется, что полиция перестанет задерживать мирно гуляющих граждан.",entailment,train
"Встреча состоится 27 декабря в 18.00 в отделе абонемента Алтайской краевой библиотеки. - О стихах Галины Колесниковой говорить легко и трудно. Легко – потому что это истинная поэзия, идущая от сердца к сердцу.",Встреча состоится вечером 27 декабря в библиотеке.,entailment,train
"Соцзащита населения выделила транспорт, врача. Приехали — все рассказал губернатору. Губернатор сказал, что помогут, выделят деньги.",Губернатор пообещал материальную помощь.,entailment,train
"Чиновники обещают, что все бригады будут функционировать в круглосуточном режиме «Повышенной готовности».","Все будет именно так, как обещали чиновники.",not_entailment,train
"Деревянный черенок от метлы стал причиной преступления, которое унесло жизнь пенсионера.",Черенок от метлы унес жизнь пенсионера.,not_entailment,train
"""Напомним, Павел Ипатов, возглавлявший Саратовскую область с апреля 2005 г., ушел  в отставку 23 марта по собственному желанию. Он заявил тогда, что отставка была плановой: """"Не хочу комментировать то, что произошло. Это плановые действия, и я не считал нужным говорить об этом ранее, так как был связан словом"""".""",Павел Ипатов не объяснил свою отставку.,entailment,train
"""По словам очевидцев, их было как минимум три. Сотрудник министерства рассказал местной газете Postimees, что сидя у себя в кабинете на первом этаже услышал стрельбу, после чего быстро закрыл двери и покинул здание через окно. """"Что там сейчас происходит, не знаю, так как не нахожусь в здании"""".""",Сотрудник министерства выбрался из здания через окно.,entailment,train
"В квартире на 2 этаже находился 70-летний хозяин, когда неожиданно раздался громкий хлопок и погас свет. Оказавшись на кухне, мужчина увидел огонь. После попытки самостоятельно потушить пламя хозяин попытался выйти наружу, потому что из-за дыма стало нечем дышать.",На кухне был огонь.,entailment,train
"""Бывший глава полиции ранее подтвердил, что он перешел на сторону мятежников. """"Я объявляю, что дезертировал из армии и присоединяюсь к народной революции"""", - говорится в видеообращении, распространенном этим военным. Он пояснил, что принял такое решение, так как сирийская армия уничтожает мирных жителей вместо того, чтобы защищать их.""","Сирийская армия уничтожает мирных жителей вместо того, чтобы защищать их.",entailment,train
"Злоумышленник, воспользовавшись ситуацией, попросил перевести четыре тысячи рублей на абонентский номер. В ближайшем терминале оплаты потерпевшая отправила деньги. Затем пенсионерка рассказала обо всем случившемся дочери, которая тут же позвонила сыну, чтобы уточнить получил ли он деньги.",Пенсионерка перевела злоумышленнику четыре тысячи рублей.,entailment,train
"Третий месяц зимы тоже не готовит особых климатических сюрпризов. Среднемесячная температура и количество осадков будет соответствовать традиционным для нашего региона значениям. Весна ожидается ранней, но может продлиться дольше обычного.",Весна продлится дольше обычного.,not_entailment,train
"О том, что на улице нестерпимо воняет тухлыми яйцами, писали жители разных районов города.",Жители разных районов города пахнут тухлыми яйцами.,not_entailment,train
"И все могло закончиться печально, если бы один из сотрудников не забил тревогу.",Один из сотрудников так и не встревожился.,not_entailment,train
"Прокурор просит огласить показания ключаря храма Христа Спасителя Михаила Рязанцева. По его словам, сам свидетель не может явиться в суд, потому что находится в командировке.",Свидетелем был прокурор.,not_entailment,train
"""""""Что человек заслужил, то и получил"""", - сообщила родственница одной из погибших девушек. В свою очередь, жена осужденного, Оксана Крюкова сообщила журналистам после оглашения приговора, что причиной ДТП стала трагическая случайность. По ее мнению, ее муж не мог предотвратить произошедшее, так как машина была неисправна и руль был заблокирован.""",Родственница одной из погибших девушек недовольна жесткостью приговора.,not_entailment,train
"Вором оказался сотрудник торговой точки, который имел доступ в складское помещение.",Ворам дают доступ в складское помещение.,not_entailment,train
"В отделение полиции Находки поступило заявление от местного жителя, что из его квартиры неизвестные вытащили вещи и бытовую технику.",Местный житель пожаловался в полицию Находки.,entailment,train
"""Калининский районный суд Петербурга на заседании в пятницу арестовал бывшего полицейского Николая Мирошкина, который на пешеходном переходе насмерть сбил женщину и ребенка, передал корреспондент """"Интерфакса"""". Суд постановил арестовать Мирошкина на два месяца. Судья счел, что ходатайство следствия об аресте является обоснованным, так как бывший полицейский, находясь на свободе, сможет оказывать влияние на ход следствия.""",Женщина и ребенок в тяжелом состоянии.,not_entailment,train
"Мероприятие прошло без инцидентов. По итогам акции был составлен административный протокол, так как количество участников превысило заявленное число.",Акция прошла без нарушений.,not_entailment,train
"Как сказал он на пресс-конференции в четверг, так как не удалось запустить существующую систему пожаротушения, воду подавали через водные помпы высокого давления с нулевого уровня.",Запустить существующую систему пожаротушения удалось с помощью помпы.,not_entailment,train
"""Вот так мурманский кот остался без опеки перед 20-летием. Старика передали волонтерам, которые нашли у него тяжелую хворь. - Врачи называют эту болезнь """"дорогой в никуда"""", потому что лечению она не поддается.""",Мурманский кот юн.,not_entailment,train
"По итогам работы круглого стола, на котором сегодня был рассмотрен проект Стратегии социально-экономического развития Иркутской области, будут выработаны рекомендации для достижения целей, сформулированных в документе.",Сегодня в ходе круглого стола рассмотрели проект Стратегии социально-экономического развития Иркутской области.,entailment,train
"""Драка между водителем и остановившим его инспектором ДПС произошла накануне вечером на северо-западе Москвы, рассказал в воскресенье """"Интерфаксу"""" источник в правоохранительных органах. По его словам, в субботу около 23:00 в Первом Тушинском проезде 47-летний капитан дорожной инспекции остановил автомашину Opel за нарушение правил дорожного движения. От управлявшего ею москвича, рассказал собеседник агентства, чувствовался запах спиртного, и офицер предложил водителю пройти освидетельствование в наркологическом диспансере, однако тот отказался. Так как отказ от освидетельствования является правонарушением, за которое предусмотрено лишение прав, то инспектор начал составлять протокол - и в этот момент, как утверждает источник, москвич с кулаками набросился на офицера.""",Водитель набросился на инспектора ДПС.,entailment,train
"Была угроза того, что огонь перекинется на соседние дома.",Огонь мог перейти на стоящие рядом дома.,entailment,train
"Задать свой вопрос или оставить жалобу смогут все желающие, рассказали «Комсомольской правде»-Красноярск в городской администрации.",Вопросы и жалобы будут у всех.,not_entailment,train
"Один из вернувшихся в Нидерланды из Донбасса журналистов заявил, что голландская полиция конфисковала у него и его коллеги материалы по крушению MH17. По словам Стефана Бека, правоохранители забрали не только телефон, ноутбук и камеру, но и предметы, найденные на месте падения малайзийского Boeing 777-200. Как отметил журналист, в голландской прокуратуре объяснили это тем, что сами не могут собрать подобный материал, поскольку в регионе, где произошло крушение, «слишком опасно».",Голландская полиция не присваивала материалы журналистов.,not_entailment,train
"26 июня прошлого года обвиняемый вломился в дом к 59-летнему соседу в селе Виняево Арзамасского района и жестоко избил его до полусмерти. Мужчина не смог оправиться от травм и через месяц скончался в больнице. В октябре злоумышленник был задержан. Он признал свою вину лишь частично и рассказал, что конфликт с соседом произошел из-за щенка.",В результате конфликта двух соседей остался в живых только один.,entailment,train
Администрация Советского района обратилась в КУП «Гомельское областное управление капитального строительства» для получения информации о продолжении строительства поликлиники возле областной больницы. О результатах рассмотрения будет сообщено дополнительно.,Администрации нужна информация.,entailment,train
"У женщины, которая почти два года терпела побои и унижения, сдали нервы.",Женщина больше года терпела побои и унижения.,entailment,train
"При этом он заметил, что девушка отказалась назвать какие-либо свои данные. Между тем в суде девушка заявила, что ее зовут Екатерина Самуцевич, она зарегистрирована в Москве. Девушка передала паспорт судье, этом пояснив, что документы при задержании не предъявляла, так как не могла их найти.","Суд выяснил, что девушку зовут Лена.",not_entailment,train
"При этом использоваться мог только один из них, поскольку второй был недостроенным.","Один был достроен, второй нет.",entailment,train
"У этого красавца наверняка есть хозяева, которые его ищут и очень переживают.",Красавца скорее всего ищут хозяева.,entailment,train
"Это ДТП попало на запись авторегистратора одного из очевидцев, видео выложили в сеть (в группу «ЧП-Красноярск»). Как рассказали свидетели того, как все случилось, 75-летнего мужчину сбили, когда он переходил дорогу не по светофору, и не по переходу. Возможно, водитель автобуса его попросту не заметил, так как было уже совсем темно.",Автобус сбил пенсионерку.,not_entailment,train
"Пострадавшая оценила ущерб в три тысячи рублей. Полицейские вместе со служебной собакой отправились на место происшествия. Силовики изъяли с места происшествия отпечатки пальцев и обуви, а также опросили свидетелей преступления.",Служебная собака тоже опросила свидетелей преступления.,not_entailment,train
"Ураганный шквал, который обрушился в среду на город, попортил нервы северянам.",Шквал обрадовал северян.,not_entailment,train
"Деньги поступят из федерального бюджета в рамках приоритетного проекта «Формирование комфортной городской среды», сообщают в Брянской городской администрации.",Из федерального бюджета выделят деньги.,entailment,train
"На место происшествия тут же выехали сотрудники полиции, однако вскоре выяснилось, что что заявление ложное.",Обещанного происшествия не было.,entailment,train
"Для нашего региона мясной проект имеет не только экономическое значение, но и играет огромную социальную роль.",Мясной проект играет огромную социальную роль для всей страны.,not_entailment,train
"""""""А почему через окошко?"""" — интересуется спасатель. """"Потому что сын меня закрывает на ключ"""".""",Сын закрыл отца на ключ.,entailment,train
"Я бы дал деньги на командировки, потому что спортивный журналист здесь сидеть не должен, он должен ездить.","Спортивный журналист должен ездить, а не сидеть.",entailment,train
"Псковская область получит из федерального бюджета больше пяти миллионов рублей, которые потратят на подготовку к проведению единого государственного экзамена.",Псковская область получит деньги из федерального бюджета.,entailment,train
"Кризис стоит рассматривать как хорошую возможность, потому что если остров объединится, то у него появится больший экономический потенциал.",Кризис обязательно рассмотреть как признак полного краха.,not_entailment,train
"За несколько минут пламя пожара охватило крышу, а затем огонь перекинулся на другие постройки.",Пожар не смог перебраться на крышу.,not_entailment,train
"«Скорая помощь» доставила их в больницу, после оказания необходимой помощи медики приняли решение об их госпитализации. Оба водителя были трезвыми. Региональный главк полиции сообщает, что по факту дорожного инцидента проводится проверка, по результатам которой будет принято процессуальное решение.",Водителей госпитализировали из-за трезвости.,not_entailment,train
"С новогодней красавицы уже сняли звезду и игрушки, а также начали демонтировать низ искусственного дерева.",Новогоднюю красавицу раздели.,entailment,train
"""По его мнению, """"оргкомитет просто не сможет удержать людей, чтобы не выступить в центре Москвы"""". По словам Удальцова, предложение провести митинг на Манежной площади не нашло понимания у представителей городской администрации. """"Другие варианты мы не стали предлагать, поскольку это привело бы к эскалации конфликта"""", - сказал он.""","Удальцов сказал, что конфликт исчерпан.",not_entailment,train
"""""""Двух игроков мы сразу потеряли из-за травм и уже начиная со стадии плей-офф столкнулись с не очень хорошим судейством"""", - cказал Лихачев на пресс-конференции в четверг в Москве. """"Где-то удача повернулась к нам лицом, где-то мы ее сами выловили. Но я считаю, что мы заслуженно победили на этом турнире, потому что оказались сильнее очень достойных команд"""", - сказал наставник.""",В четверг Лихачев ответил на вопросы в ходе питерской пресс-конференции.,not_entailment,train
"Всего существует две теории. Так, дело может быть в психологическом эффекте. Якобы люди, посещающие больницу, чаще задумываются о здоровье и следят за собой.",Теорий существует множество.,not_entailment,train
"Приехавшие на место стражи порядка выяснили, что женщина пригласила своего знакомого помочь ей по хозяйству.","Женщина попросила помочь человека, которого не знала.",not_entailment,train
"Игроки хорошие, индивидуумы хорошие, а не сложилось. Президент предпринимала максимальные усилия, направленные на то, чтобы, найти лучшее, что есть на рынке. Мы не все могли купить, потому что бюджет клуба не всех позволял приобрести.","Президент нашла лучшее, что есть на рынке.",not_entailment,train
"По данным правительства, в период с 2002 по 2003 годы в Сирию было отправлено 40 тонн химических веществ, а с 2005 по 2006 годы - до 97 тонн. В частности, Дамаск получил такие вещества, как фтористый водород, фтористый аммоний, фтористый натрий, цианид и другие. Они считаются веществами двойного назначения, так как могут использоваться как в мирных, так и в военных целях.",Дамаск не получил цианида.,not_entailment,train
"Оказалось, злоумышленник проник в дом, пока хозяин отсутствовал — с середины декабря его не было.",Злоумышленник пробрался в строение.,entailment,train
"""""""В шествии приняло участие около 800 человек, серьезных правонарушений не зафиксировано"""", - сказал собеседник агентства. Он отметил, что в ходе акции были задержаны четверо граждан. """"Организаторы обратились к полицейским с просьбой о задержании, так как указанные лица не являлись участниками шествия"""", - пояснили в пресс-службе.""",В ходе шествия задержаны четыре человека.,entailment,train
"Победителями стали те школы, чьи воспитанники наиболее удачно выступили на всероссийской спартакиаде спортивных школ.",Победили определены.,entailment,train
"Он сделал это только после того, как его лишили водительских прав, сообщает пресс-служба краевого управления Федеральной службы судебных приставов.",Он так и не сделал этого.,not_entailment,train
"В городе Ветлуга Нижегородской области на пожаре погибла пенсионерка. По данным регионального ГУ МЧС, частный дом на улице Урицкого загорелся во втором часу ночи. Поскольку все спали, пожар заметили поздно, драгоценное время было упущено.",Пенсионерка погибла при пожаре.,entailment,train
Учреждениям культуры рекомендовано отменить или перенести на другое время развлекательные мероприятия. Мероприятия просветительского характера начнутся с минуты молчания по погибшим в авиакатастрофе.,Объявлен траур.,entailment,train
"""В Сухуми взорван внедорожник, припаркованный недалеко от жилого дома по ул.Когония, сообщил """"Интерфаксу"""" начальник УВД города Гарри Аршба. По словам собеседника агентства, взрыв произошел около 12:30 в субботу. В результате взрыва никто не пострадал, так как в автомобиле никого не было.""",В Сухуми взлетел на воздух внедорожник.,entailment,train
"""""""Им будет предоставлено, уже сейчас вопрос решен, жилье"""", - сказал В.Голубев. """"Основная часть работ, несомненно, это остекление, некоторые виды ремонта и наведение порядка, может быть, уже в дворовых территориях. Потому что есть места, которые залиты маслом"""", - рассказал губернатор.""","Губернатор подтвердил, что пятна масла с дворовых территорий удалены.",not_entailment,train
"В ходе расследования были установлены и задержаны пятеро подозреваемых в преступлении - жители Куйбышевского и Кировского районов Самары. Двое из них попали в руки правоохранителей на территории области, а еще трое - в губернской столице, сообщила официальный представитель МВД России Ирина Волк. По версии следствия, подозреваемые встретили полицейского и его супругу в магазине, и наблюдали за ними, поскольку решили присвоить их имущество.",Подозреваемые решили отдать свое имущество полицейским.,not_entailment,train
"""""""Я был рожден в тюрьме, где я не могу свободно выражать свое мировоззрение"""", - сказал он. """"Нападения носили превентивный характер, и поэтому я не признаю за собой уголовной вины"""", - сказал он, добавив: """"Я должен быть освобожден"""". По его словам, он повторил бы все снова, поскольку им двигало добро, а не зло.""","Он уверен, что не заслуживает свободы.",not_entailment,train
"""12:25 - """"Действия девушек являются злостным хулиганством, так как они заранее знали, что так себя вести в храме нельзя. Они вели себя так дерзко, что это максимально причинило боль верующим. Они совершили деяния не по незнанию, а вопреки, в Интернете они комментировали свой поступок так: а служить свой молебен будем у алтаря, потому что женщинам туда нельзя"""", - продолжает прокурор.""",Поведение девушек сделало всем верующим максимально больно.,not_entailment,train
"""Как сообщает МВД по Республике Татарстан, 19 февраля в отдел полиции """"Япеево"""" УМВД России по городу Казани был сопровожден для дачи показаний мужчина, подозреваемый в совершении кражи денег. При доставлении в отдел манера поведения и речь подозреваемого вызвали предположение, что он находится в состоянии наркотического опьянения. Так как состояние подозреваемого не позволяло его опросить, ему была вручена повестка с указанием времени прибытия в отдел полиции.""",Мужчина ответил на все вопросы.,not_entailment,train
"""В настоящее время активно обсуждаются предложения о создании в РФ новых структур, которые могли бы заняться привлечением инвестиций на Дальний Восток и заменить """"дочку"""" ВЭБа - Фонд развития Дальнего Востока. Как вы относитесь к такого рода предложениям?""",Фонд развития Дальнего Востока заменят новыми структурами.,not_entailment,train
"Когда внедорожник тронулся, то без труда вырвал бензоколонку с корнем.",Внедорожник вырвал бензоколонку с корнем.,entailment,train
"Проснувшись, жители сразу трех улиц обнаружили, что в их домах отключилось электричество.",Жители трех улиц остались без газа.,not_entailment,train
"""Председатель """"Справедливой России"""" Николай Левичев не считает свой результат, достигнутый на выборах мэра Москвы, провальным. """"Провальной кампанию я не считаю, провальной она была бы, если б мы не участвовали"""", - сказал Левичев на пресс-конференции в центральном офисе """"Интерфакса"""" в понедельник. Он не считает, что выборы были честными, поскольку """"борьба велась в неравных условиях"""".""","Левичев считает, что если участвовал в выборах, то это уже не провал.",entailment,train
"Только этой осенью парень зашел к ней в дом, как она утверждает, против ее воли.",Парень зашел к ней в дом против ее воли.,not_entailment,train
"Гость же пропал вместе с электроинструментами, фотоаппаратом и другими ценными вещами общей стоимостью 56 тысяч рублей. По факту возбудили уголовное дело, а подозреваемого объявили в розыск. На поиски ушло несколько суток, так как мужчина не имел постоянного места жительства и не общался с родными.",Мужчина унес фотоаппарат и электроинструменты.,entailment,train
"Как сообщают в социальных сетях местные жители, на свет появилось одноглазое животное, напоминающее циклопа.",Местные жители обсуждают одноглазое животное в соцсетях.,entailment,train
"Скорее всего, взорвался газ в одной из квартир на третьем этаже жилого дома - сразу из четырех окон полыхает огонь, обвалился балкон.",Причиной пожара мог стать взрыв газа.,entailment,train
"""Выйдя за территорию митинга, я с удивлением обнаружил, что, несмотря на то, что начался он всего 40 минут назад, многие уже расходятся - поток людей уверенно двигался вдоль Кутузовского проспекта в сторону станции """"Парк Победы"""", которая, к слову, была до завершения мероприятия закрыта на вход. Впечатлениями от митинга пришедшие делились неохотно. Одна женщина с георгиевской ленточкой сообщила, что ей все понравилось, поскольку """"был чай"""".""",Народ с митинга уверенно расходился.,entailment,train
"""Мне представляется, что нельзя людей держать за быдло, а надо постоянно работать таким образом, чтобы люди имели возможность выбирать. Чтобы радиостанция предоставляла им возможность выбора. Потому что """"Эхо"""" - это отражение страны.""","Я думаю, что держать людей за быдло нельзя.",entailment,train
"По следам, оставленным на месте преступления, было установлено, что налетчиком является 38-летний ранее судимый мужчина. Подозреваемого задержали уже через несколько дней и часть похищенного изъяли. Он рассказал полицейским, что сознательно пошел на ограбление.","По следам было видно, что налетчика судили ранее.",not_entailment,train
"""""""Мы недовольны """"глушилками"""" мата на стадионах. Не удовлетворены результатом этого проекта. Потому что данные звуки доставляют дискомфорт болельщикам.""","Слыша нецензурную лексику, болельщики страдают от мучительного дискомфорта.",not_entailment,train
"Родственники отмечали новогодние праздники, когда между ними возник конфликт.",Родственники поссорились.,entailment,train
"Якобы дамочка оскорбила его, замахнулась и даже хотела ударить. Он такого отношения не стерпел и жестоко избил женщину. Когда понял, что она не подает признаков жизни, вызвал «скорую» и полицию.","""Нападавший сам вызвал к избитой """"скорую"""" и пожарных.""",not_entailment,train
"В каждом районе были созданы мобильные группы, в которые вошли сотрудники администраций и полицейские.",В районах гостят мобильные группы.,not_entailment,train
"""""""Язык – это, совершенно точно, для иностранцев самая большая проблема. В Москве никто не говорит по-английски. Для меня это не было такой уж проблемой, так как я немного говорю по-русски"""".""",Иностранцам трудно в Москве - там не говорят по-английски.,entailment,train
"Поэтому и решил разжиться деньгами у доброй бабушки. Она ему помогала, но парень просил все больше и больше. Когда пенсионерка перестала удовлетворять запросы сироты, он ворвался к ней с ножом.",Сирота удовлетворял запросы доброй бабушки.,not_entailment,train
"""""""С целью обойти судебный порядок восстановления в родительских правах и вернуть сына, женщина совместно с сожителем установила в ЗАГСе отцовство в отношении малолетнего несмотря на то, что мужчина не являлся его биологическим отцом и никогда не воспитывал его"""", - рассказали в прокуратуре. Установление отцовства в отношении ребенка не отвечало его интересам и в целом государственной политике по защите семьи, материнства и детства. Так как семейные отношения у мальчика сложились в семье опекуна, а его нахождение и проживание с посторонним человеком может создать угрозу как физического, так и психического здоровья малолетнего, прокуратурой района подан в суд иск об оспаривании отцовства.""",Прокуратура района оспорит отцовство через суд.,entailment,train
"Обвиняемый считает вердикт суда несправедливым, так как, по его мнению, часть ответственности за проведенные финансовые махинации должен понести сам банк.",Обвиняемый согласен с вердиктом.,not_entailment,train
"""""""Мы, я так понимаю, завтра, прямо на заседании правительства вытолкнем этот документ многострадальный в наш парламент. Если, конечно, сегодня вы мне не скажете, что его категорически нельзя принимать, потому что его нельзя принимать никогда"""", - заявил Медведев на заседании """"Открытого правительства"""". По его мнению, это неплохо, так как речь идет об образовании.""","Этот документ категорически нельзя принимать, потому что его нельзя принимать никогда.",not_entailment,train
"По итогам поездки стало известно, что в ближайшем будущем оба предприятия обеспечат дополнительными заказами, а их работники смогут рассчитывать на повышение зарплат.",Итогом поездки стали плохие для работников и предприятий новости.,not_entailment,train
"Все зажило быстро, но остались шрамы. Парень очень переживал. Бросил секцию борьбы, рубцы на коже мешали ему заниматься.",Шрамы огорчали парня.,entailment,train
"""По словам марксистов, они продолжат атаки против властей, поскольку те """"нарушают право турецких граждан на свободу мысли и совести"""".""",Марксисты выступают на стороне властей.,not_entailment,train
"Женщину обвиняли в том, что она фиктивно ставила на учет иностранцев, регистрируя их в своей квартире. Как сообщили в облпрокуратуре, фактически она не собиралась предоставлять им жилье. Во время судебного процесса женщина свою вину признала, раскаялась и пояснила, что шла на преступления, поскольку ей требовались деньги.",Женщина раскаялась.,entailment,train
"""Четвертого июля ракету планируется вывезти на стартовый комплекс и запустить с космическим аппаратом связи Sirius 5 (SES-5) в 22:23 мск 7 июля. Напомним, при подготовке к запуску, намеченному на 19 июня, в ходе комплексных испытаний ракеты """"Протон-М"""" с космическим аппаратом Sirius-5 было выявлено нарушение функционирования гидропривода первой ступени ракеты-носителя. Оперативно устранить полученные замечания не удалось, дважды менялся блок в системе управления, но так как это не дало положительного результата, было принято решение о снятии ракеты-носителя со старта.""",Полученные замечания быстро устранили.,not_entailment,train
"В экстренные службы поступило сообщение о взрывных устройствах в зданиях Ленинградского, Ярославского и Казанского вокзала. «Поступила информация об угрозе взрыва сразу на двух столичных вокзалах: Ярославском и Казанском. По предварительным данным, причиной проверки стал анонимный звонок», - рассказал представитель экстренных служб.",Анонимный звонок предупредил об аварии на вокзале.,not_entailment,train
"Другими словами, режиссер делает все, к чему привык зритель - красивые кадры, ощущение контроля происходящего, считывание всех знаков. Но, с другой стороны, она использует метаязык, который переносит ее работу из сферы тинейджерской драмы в совершенно другой раздел кинематографа. И это можно считать, как и достоинством фильма, так и, в равной степени, - недостатком, потому что, не смотря ни на что, вся затея выглядит лишь как набросок, а не как полноценное исследование.",Затея режиссера выглядит наброском.,entailment,train
"На следующий день потребовал вернуть пачку. Женщина не смогла вспомнить, куда их запрятала. Тогда сын начал избивать несчастную: ногами, руками, а после добил обухом топора.",Сын подарил матери пачку лотерейных билетов.,not_entailment,train
"В воскресенье в Липецкой области потеплеет, сообщают синоптики.",Синоптики обещали потепление.,entailment,train
"""Владимир Путин прокомментировал дело Pussy Riot в специальном выпуске программы НТВ """"Центральное телевидение"""", посвященном 60-летию главы государства. """"На самом деле правильно, что их арестовали, и правильно сделали, что суд у нас такое решение принял. Потому что нельзя подрывать основы морали, нравственности, разрушать страну"""" - сказал юбиляр.""",Pussy Riot арестовали.,entailment,train
"""Такое было в практике бывшего Советского Союза и ничего предосудительного я здесь не вижу, если мы не хотим довести это дело до конфликтов"""", - заявил глава правительства. О соперниках на выборах: Путин указал, что бизнесмен Михаил Прохоров - последовательный человек, и, выдвигая свою кандидатуру на президентские выборы, он действует в рамках закона. """"Не хочу сказать, что желаю ему успеха, потому что я тоже собираюсь выдвигать свою кандидатуру, но уверен, что это будет достойный, сильный конкурент"""", - заявил премьер в ходе """"прямой линии"""".""","Путин сказал, что Прохоров - достойный, сильный конкурент на президентских выборах.",entailment,train
"Она сообщила об этом двум своим приятелям. Они изучили распорядок дня бизнесмена и напали на него на улице. Злоумышленники вывезли его за пределы города, отобрали деньги, убили.",Она навела убийц на бизнесмена.,entailment,train
"""""""На требование остановиться водитель иномарки не отреагировал, а наоборот, увеличил скорость, поочередно задев две машины и чуть не сбив женщину с ребенком, переходивших дорогу"""", - сказал представитель пресс-службы. Инспекторы ГИБДД начали преследование, пытаясь прижать автомобиль к обочине, однако его водитель ударил патрульную машину. Сотрудники полиции приняли решение о применении оружия для остановки автомобиля, создававшего большую опасность для окружающих, однако сначала не смогли этого сделать, так как вокруг находились жилые дома, большое количество автомобилей на дороге и пешеходов на улице.""",Преследуемая машина смешила окружающих.,not_entailment,train
"«Мясо конины, обрезки с голов, мясо не прошедшее ветеринарную лабораторию, вместо мяса здоровой туши говядины! В столовых помещениях при варке этого мяса стоит ужасная вонь! Кладовщики и рабочие боятся жаловаться, так как их сразу уволят!», - говорится в сообщении.",Мясо воняет при варке.,entailment,train
"""Очевидцы сообщили """"Комсомольской правде"""", что выемка нужных следователям бумаг состоялась в сопровождении людей в масках.""",Люди в масках присутствовали при выемке бумаг.,entailment,train
"Трое молодых людей, из числа ранее судимых, совершили 23 кражи из гаражей и дачных участков. Вначале, они при помощи топора разобрали крышу пристроя к магазину поселка Железнодорожный, проникли на склад продуктов и собрались вынести бутылки с пивом и подсолнечным маслом, несколько пачек пряников, печенье, вермишель и наборы карамели. Однако увести награбленное они не смогли, так как их спугнула охрана.",Воры снова вернутся в этот магазин.,not_entailment,train
"Напомним, трое слуг народа выдвинули инициативу отмены прямых выборов мэра.",Трое депутатов сняли мэра с должности.,not_entailment,train
"""""""Его основу составят офицеры-черноморцы"""", - сказал В.Чирков, отвечая на вопрос """"Интерфакса-АВН"""". Главком ВМФ отметил, что Средиземноморская группировка будет включать в свой состав корабли Северного, Балтийского, Черноморского флотов и, возможно, Тихоокеанского. Основу группировки составят корабли Черноморского флота, поскольку Средиземное море входит в зону его ответственности, сказал адмирал.""","Средиземноморская группировка будет включать в свой состав Тихий океан, Балтику, Северное и Черное моря.",not_entailment,train
"Лишившись грузинского гражданства, Иванишвили не имеет права не только создавать в Грузии политическую партию, но и участвовать в политической жизни страны в любой форме, в том числе и в качестве спонсора той или иной партии.",Иванишвили создаст в Грузии новую партию.,not_entailment,train
"""""""Можно всех думающих журналистов поснимать с телеканалов - у одного окажется много иностранных паспортов, у другого - рожа не та, но тогда останутся только те, кто будет говорить исключительно то, что понравится депутатам Государственной думы"""", - подчеркнул телеведущий. Владимир Познер имеет гражданство трех стран - России, США и Франции. Его комментарии агентству получить не удалось, поскольку его телефон оказался недоступен.""",Владимиру Познеру представители агентства дозвониться не смогли.,entailment,train
"Близкими к новому главе государства являются фигуры, которых он знает не со вчерашнего дня и кому он может доверять.",У нового главы государства нет близких фигур.,not_entailment,train
"По следам, оставленным на месте преступления, было установлено, что налетчиком является 38-летний ранее судимый мужчина. Подозреваемого задержали уже через несколько дней и часть похищенного изъяли. Он рассказал полицейским, что сознательно пошел на ограбление.",По следам установили личность налетчика.,entailment,train
"Поэтому в последний год мужчина частенько избивал свою жену. В страхе она бежала к участковому, писала на него заявление. А потом супруги мирились, и женщина забирала свое заявление назад.",Мужчина бил свою жену.,not_entailment,train
"Общественный резонанс получил и традиционный Парад Памяти. -Этим парадом мы напомнили россиянам роль Самары в годы Великой Отечественной войны. Это важно, потому что имидж региона работает на его жителей, - уточнил губернатор.",Парад Памяти - новое мероприятие.,not_entailment,train
"Как утверждает сама Якуб, она познакомилась с бывшим главой МВФ летом 2012 г. — после окончания скандала вокруг ареста ДСК по обвинению в изнасиловании горничной нью-йоркского отеля Sofitel Нафиссату Диалло. Уголовное дело тогда развалилось, поскольку обвинение не смогло доказать достоверность показаний потерпевшей.",Показания потерпевшей были достоверны.,not_entailment,train
"Мужчина узнал, что женщина продает квартиру, и предложил свою помощь в сделке.","Мужчина сказал, что может помочь в сделке.",entailment,train
"В Ульяновской области появится региональный закон «О технологической долине», который станет основополагающим в создании «умного региона».",В Ульяновской области готовят закон для переименования в «умный регион».,not_entailment,train
"Разве они могли встречаться и общаться со мной, если бы грязь, которая на меня выливается, была правдой? Это черный пиар, и нечистые на руку люди делают это для того, чтобы облить меня грязью. Грязь ко мне не прилипает, она просто отпадает, потому что я никакого отношения к этим фактам не имею.","Грязь, которая на меня выливается, - правда.",not_entailment,train
"Мужчина без специального разрешения компетентных органов на право покупки и хранения боеприпасов незаконно приобрёл у своего товарища боеприпасы, после чего он незаконно хранил их в собственной квартире.",Какое-то время в квартире мужчины хранились боеприпасы.,entailment,train
"Спасатели вынули в 15.40 дня из полыньи тело утонувшего пожилого человека. - Мужчина провалился под лед на снегоходе, - рассказал «Комсомольской правде»-Саратов начальник областной службы спасения Юрий Юрин. - Транспортное средство осталось пока в воде, на берег его мы не извлекали, поскольку ждем указаний следователей.",Пожилой человек провалился под лед на снегоходе.,entailment,train
"""Как сообщил уполномоченный при президенте РФ по защите прав предпринимателей Борис Титов со ссылкой на Минюст, на данный момент в России 8 человек освобождены из СИЗО, пять из колоний. """"Первый вывод - амнистия начала работать"""", - пояснил Титов на пресс-конференции во вторник. Он добавил, что ожидать больших цифр сразу нельзя, потому что люди должны получить справки о погашении ущерба.""",Амнистия в России уже коснулась 13 человек.,entailment,train
"В Нижегородской области выясняют причины крупного пожара, в результате которого сгорел дом и пострадал подросток.",В Нижегородской области сгорел подросток.,not_entailment,train
"Необходимо оказывать давление как на правительство, так и на повстанцев с тем, чтобы остановить все военные действия и сесть за стол переговоров и решить все мирным путем. Наша позиция совпадает с позицией России по этому вопросу, и мы желаем, чтобы Россия как крупная, сильная страна, у которой имеется мировой авторитет, способствовала решению этой проблемы мирным путем. Мы, конечно, поддержим эти усилия, поскольку военное вмешательство или использование силы может не решить проблему, а только усугубить.",Россия - крупная сильная страна с мировым авторитетом.,entailment,train
"В ограблении кафе на Ладожском вокзале пострадала несовершеннолетняя девушка, которая была здесь на стажировке.",Стажерка пострадала во время ограбления.,entailment,train
"""""""Для принятия  конституционных  изменений мы  проведем  референдум, поскольку  конституция  не  принадлежит  государству,  она   принадлежит  народу"""", -  заявил президент.""","Президент сказал, что конституция принадлежит народу.",entailment,train
"В результате трамваи в обе стороны встали, и жители города были вынуждены добираться на работу либо пешком, либо с пересадками на автобусах.",Движение трамваев продолжалось по расписанию.,not_entailment,train
"Со страницы его друга в социальной сети пришло сообщение с просьбой перевести пять тысяч рублей. Отзывчивый приятель выполнил просьбу, а потом перезвонил, чтобы поинтересоваться, как дела у попавшего в беду. Тот заверил, что понятия не имеет, о каких деньгах идёт речь.",Отзывчивость обошлась приятелю в пять тысяч рублей.,entailment,train
"Ряд тульских СМИ сообщают, что пенсионер умер своей смертью. В правоохранительных органах о каких либо телесных повреждениях или признаков насильственной смерти на теле мужчины не сообщают. Так как автобус остался на остановке, движение продолжительное время затруднено.",Пенсионер скончался.,entailment,train
"Обвиняемый не отрицал, что убил троих человек, однако утверждал, что сделал это спонтанно, заранее преступление не планировал. Напомним, минувшим летом мужчина застал жену с любовником и изрезал соперника ножом. Потом расправился с отцом жертвы, который пришел на помощь сыну.",Обвиняемый не убивал трех человек.,not_entailment,train
"В воскресенье в Липецкой области потеплеет, сообщают синоптики.",В воскресенье в Липецкой области точно потеплеет.,not_entailment,train
"""""""Мы предпримем все меры, чтобы доказать, что в действиях, которые стали основанием к возбуждению дела, нет состава преступления, и они лежат в гражданско-правовой плоскости, а не в уголовной"""", - сказал Антипов. Адвокат отметил, что решение Интерпола, вероятнее всего, не повлияет на обжалование заочного ареста Браудера, которое в ближайшее время должно состояться в Мосгорсуде. """"Никак не повлияет, поскольку вынесение судебного решения о заочном аресте изначально было неправильным и незаконным"""", - подчеркнул он.""",Решение Интерпола вообще ни на что не повлияет.,not_entailment,train
"""""""Я понимала одно: я военнослужащий. И для меня не было разницы, потому что я как человек системы, военной какой-то структуры, я больше понимала тот же """"Беркут"""" почему? Потому что у них есть приказ"""", - сказала депутат.""",Депутат ощущала себя военнослужащим.,entailment,train
"Была угроза того, что огонь перекинется на соседние дома.",Огонь угрожал перекинуться на соседние дома.,entailment,train
"Они попытались остановить авто, но водитель проигнорировал их.",Они остановили авто.,not_entailment,train
"В дальнейшем система электронного доступа будет развиваться. Электронные замки предполагается поставить и на другие кабинеты. Правда, вероятнее всего, это будут модели попроще – которые открываются магнитной картой.",Электронных замков станет больше.,entailment,train
"Картер заявил, что успешность своей политики российский лидер определяет по степени дискомфорта, который он якобы создает в остальном мире.",Картер высказался о мерках успеха в экономической политике.,not_entailment,train
"""""""И это не огульное заявление, а информация, основанная на адекватных научных исследованиях. Но это не значит, что мы снимаем контроль, наоборот. Мы продолжаем наблюдения и усиливаем эту работу, поскольку это может проявиться через несколько лет"""", - сообщил тогда врач.""",Врач пообещал продолжать наблюдение.,entailment,train
"Кроме того, по ее словам, законопроектом решается задача, связанная с расширением участия политических партий в выдвижении кандидатов губернаторы, все политические силы, представленные в регионе, смогут реально участвовать в этом процессе.","Законопроект решает задачу, связанную с расширением участия политических партий в выдвижении кандидатов губернаторы.",entailment,train
"Когда уже рассвело, местные увидели на детской площадке повешенного на турнике мужчину.",Повешенный мужчина висел на детской площадке.,entailment,train
"""Несколько раз ему вызывали """"скорую помощь"""" в суд. Последний раз это произошло 19 ноября. В тот день врачей на заседание не пустили, поскольку судья, рассматривающая """"болотное дело"""", отклонила соответствующее ходатайство защиты.""","""19 ноября судья полностью рассмотрела """"болотное дело"""".""",not_entailment,train
"Свои поступки женщина объяснила тем, что муж бросил бы ее, если бы она родила ему много детей. К 2006 г. в семье уже росли два ребенка. Личность осужденной сохранена в тайне, поскольку разглашение этой информации противоречит немецкой системе правосудия.",Женщина нашла способ уйти от мужа и рожать сколько хочет.,not_entailment,train
"И поэтому особенно радует, что наверху о них не забывают.",Наверху о них помнят.,entailment,train
"Парни, как выяснилось, ушли из дома во Владимирской области, не поставив в известность родителей.",Парни ушли тайком от родителей.,entailment,train
"Коррекция высоты орбиты проводиться не будет, поскольку объект не представляет угрозы станции.",Объекту не будут корректировать орбиту.,entailment,train
"Девушка была на кухне, когда услышала детский крик, забежала в комнату и увидела, как горит обогреватель. Тогда подросток вынесла детей из горящей квартиры на улицу, захватив теплые вещи. Тушить даже не пыталась, поскольку пламя с каждой секундой становилось все больше и больше, уже было много дыма.",Пожар начался с горящего обогревателя.,entailment,train
"Устав от бесконечных угроз, женщина обратилась в полицию. Сначала стражи правопорядка отказали в возбуждении уголовного дела, но прокуратура сочла такое решение необоснованным, и по факту вымогательства все же возбудили дело. Сейчас специалисты выясняют все подробности, прокуратура контролирует ход расследования.",По факту вымогательства дело завели не сразу.,not_entailment,train
"Сорокалетнего мужчину задержали прямо в подъезде, в тот момент, когда он выходил из лифта.",Сорокалетний мужчина выходил из лифта.,entailment,train
"""Московский областной суд вынес приговор тренеру по плаванию, чей подопечный скончался после тренировки в бассейне.""",Тренировка в бассейне закончилась смертью.,entailment,train
"Всего тюменскими умельцами создано 720 вариантов таких поздравлений. Деньги обещают передать в Благотворительный Фонд Константина Хабенского. - Поскольку проект все же сезонный, предпраздничный, в качестве темы была выбрана сама суть «волшебства».","""Праздничный проект посвящен теме """"волшебства"""".""",entailment,train
"Свое поведение задержанный пытался объяснить тем, что ранее одна из собак его покусала.",Когда-то задержанный пострадал от укусов собаки.,entailment,train
"""Он добавил, что машины, стоящие в заторах с включенными двигателями, наносят колоссальный ущерб экологии. В результате, по его словам, многие инвесторы начинают обходить стороной город, где невозможно в разумное время проехать из одного конца в другой. Таким образом, по его словам, складывается """"тревожная тенденция"""", так как через несколько лет могут произойти неприятные последствия инвестиционного спада, которые могут повлечь снижение личных доходов жителей города и сокращение доходов бюджета.""",Экологическая обстановка от пробок только улучшается.,not_entailment,train
"""""""Я попросил их продолжать работу и не снижать темпов, крайне противно было"""", — посетовал глава президентской администрации. """"Ну, терпел. Я не подавал виду, потому что я понимал, что если я начну подавать вид, это приведет к настороженности и попытке замести следы"""", — добавил он.""","Глава президентской администрации признался, что ему было крайне противно не снижать темпов.",not_entailment,train
"По итогам поездки стало известно, что в ближайшем будущем оба предприятия обеспечат дополнительными заказами, а их работники смогут рассчитывать на повышение зарплат.",Итогом поездки стали хорошие для работников и предприятий новости.,entailment,train
"У этого красавца наверняка есть хозяева, которые его ищут и очень переживают.",Хозяева не переживают за красавца.,not_entailment,train
"Горожане не хотят, чтобы их дворы были заставлены чужими автомобилями, а водителям негде припарковать машины.",Горожане заставили дворы чужими автомобилями.,not_entailment,train
"Как установили следователи, обвиняемый потребовал, чтобы бомж вернул долг их общему знакомому, а, услышав отказ, схватил его за горло и задушил. - Чтобы скрыть следы преступления, мужчина поджег дом и скрылся. Эксперты установили, что пострадавший умер насильственной смертью.",Обвиняемый поджег дом.,entailment,train
"Сегодня жители города ощутили на себе все прелести погодных условий, которые отразились сразу на состоянии дорог.",Погодные условия починили дороги.,entailment,train
"Так как техника одновременно идет колонной сразу по нескольким полосам, власти города призывают водителей с понимаем отнестись к временным неудобствам и не мешать работе коммунальщиков.","""Власти города просят у водителей """"понять и не мешать"""".""",entailment,train
"Как выяснилось, ситуация не устраивает не только рядовых горожан, но и представителей власти.",Ситуация устраивает представителей власти.,not_entailment,train
"Конечно, с мешком подарков. Инспекторы останавливали водителей и проверяли их по базам на наличие административных нарушений. Если в течение года водитель был дисциплинированным, ничего не нарушал, получал подарок от Деда Мороза.",Инспекторы раздавали подарки.,entailment,train
"""Оппозиционер Алексей Навальный заявил, что будет продолжать с соратниками протестную активность. """"Мы будем выходить сюда столько раз, сколько потребуется"""", - сказал Навальный, выступая в понедельник на митинге оппозиции на Болотной площади. При этом, как заявил оппозиционер, он ничего не боится, потому что знает, за что борется.""","Навальный заявил, что ничего не боится, потому что знает, за что борется.",entailment,train
"Как сообщает bloknot-moldova.md со ссылкой на полицию, подростка обнаружили дома у неких людей, с которыми она познакомилась накануне. Вместе с этими знакомыми девочка ходила на дискотеку. По словам матери, девочка на данный момент не учится в школе, так как семья некоторое время находилась за границей.",Семья отдала девочку в школу за границей.,not_entailment,train
"""Член Общественной палаты РФ, президент адвокатской палаты Москвы Генри Резник рекомендовал ЛГБТ-активисту обратиться в кассационный, а затем и Конституционный суд. """"Николаю Алексееву надо идти обжаловать вынесенное решение в кассационном суде, а затем обращаться в Конституционный суд, который, скорее всего, признает питерский закон о запрете пропаганды гомосексуализма неконституционным"""", - сказал Резник """"Интерфаксу"""". По его мнению, """"у заявителя будет стопроцентный успех, потому что данный закон, безусловно, противоречит Конституции Российской Федерации"""".""",Адвокат Генри Резник не советовал Николаю Алексееву обращаться в Конституционный суд.,not_entailment,train
"С такими словами он выступил на заседании коллегии Минобороны. «Можно с уверенностью сказать: мы сегодня сильнее любого потенциального агрессора», - сказал Путин. При этом он призвал военное ведомство не расслабляться, поскольку при малейшей оплошности угроза может застать врасплох.",Путин призвал военное ведомство расслабиться.,not_entailment,train
"""Начиная от магазина """"Крейсер"""", скопилась крупная пробка, так как троллейбусы объехать затор не могут.""",Троллейбусы стоят в пробке.,entailment,train
"Как рассказали «Комсомольской правде» в пресс-службе администрации Псковской области, концерт состоял из двух частей.",Концерт еще идет.,not_entailment,train
"Напомним, акция «Полицейский Дед Мороз» проходит по всей стране.",Акция «Полицейский Дед Мороз» проходит в трех странах.,not_entailment,train
"О насилии жертва сообщила врачам, когда ей исполнилось 16 лет. Но норвежские медики не имели права передавать эту информацию в полицию или родителям, поскольку формально девочка уже считалась совершеннолетней.","Девочка ждала до 16 лет, чтобы сообщить о насилии.",entailment,train
"На вопрос классного руководителя о причинах их появления мальчик ответил, что подрался со старшим братом.",Мальчик подрался.,not_entailment,train
"Снег с крыши ни разу за зиму не скидывали, и вот лавины снега начали падать, там даже ограждения вырвало, - комментирует автор фото. - Ладно, машины, а если бы это были люди… Однако мнения комментаторов разделились. Одни жалеют пострадавших автовладельцев, которые оставили свои автомобили в непосредственной близости возле дома.",Крышу не чистили всю зиму.,entailment,train
"Женщина сообщила, что стала жертвой обмана.","Жертва обмана сообщила, что стала женщиной.",not_entailment,train
"В полицию города Остров обратилась женщина, которая пожаловалась, что стала жертвой мошенников.",Женщина наказала мошенников.,not_entailment,train
"""В свою очередь глава комитета по обороне и безопасности Виктор Озеров не сомневается, что сокращение числа """"мигалок"""" повлияет положительно на безопасность движения в стране. По его мнению, это решение Путина будет иметь два важных последствия. """"С политической точки зрения это будет иметь несомненный положительный эффект, поскольку, согласно опросам общественного мнения, именно развязное поведение на дорогах водителей с """"мигалками"""" вызывает раздражение у окружающих, и чем меньше будет """"мигалок"""" на дорогах, тем больше уважения будет вызывать наша власть, тем более понятной она будет для населения.""","""По мнению Озерова, на дорогах столько """"мигалок"""", что население перестает понимать власть и уважать ее.""",entailment,train
"В комнате горела мебель и вещи. Площадь пожара оказалась невелика – всего один квадратный метр. Однако и этого оказалось достаточно, чтобы пострадали люди.",В комнате горели вещи.,entailment,train
"Администрация района поможет Ассоциации цыган Владимирской области подготовить документацию для крестьянско-фермерского хозяйства. Дело осталось за малым: представителю диаспоры, который станет главой КФХ, предстоит определиться с направлением деятельности и получить необходимое образование. Создание хозяйства может дать и новые рабочие места представителям цыганской диаспоры, так как вопрос с трудоустройством для них по-прежнему актуален.",Вопрос трудоустройства по-прежнему важен для цыган.,entailment,train
"К счастью, в этот раз квартир происшествие не коснулось, так как авария случилась в подъезде.","К счастью, квартиры не пострадали.",entailment,train
"""И """"Газпром"""" за счет нашей поддержки выполнял свои контрактные обязательства"""", - сказал Ю.Бойко в субботу в Киевской области, отвечая на вопросы журналистов. """"Если будет такой формальный подход со стороны российских коллег, мы оставляем за собой право таким же образом использовать контракт только на закупку, и вся полнота ответственности за транзит газа в Европу со стороны российского """"Газпрома"""" будет возложена только на них. Мы уже им плечо свое не подставим, потому что если будет формальный подход с их стороны, такой же формальный подход будет и с нашей стороны также"""" - подчеркнул он.""",Ю.Бойко обвинил российских коллег в формальном подходе.,entailment,train
"Пассажир попросил убрать бутылку, но замечание разозлило выпивающих. Один из них стал вести себя очень агрессивно. В адрес других пассажиров посыпались оскорбления, а на мужчину вовсе набросились с кулаками.",Пассажир попросил убрать бутылку и нарвался на кулаки.,entailment,train
"При вынесении решения судья учла положительные характеристики обвиняемого, наличие у него малолетней больной дочери, а также то, что он не сможет влиять на свидетелей, поскольку не имеет доступа в исправительную колонию №6.",Малолетняя дочь обвиняемого здорова.,not_entailment,train
"Задача поначалу казалась сложной. Но оперативникам удалось быстро найти следы. Личности подозреваемых установили, их задержали.",Полиция оставила следы.,not_entailment,train
"На одном из интернет-сайтов он увидел объявление о продаже КамАЗа. Так как цена показалась привлекательной, прокопчанин позвонил по указанному телефону. Продавец предложил перечислить задаток, так как желающих приобрести грузовик довольно много.",Прокопчанина привлекла цена КамАЗа.,entailment,train
"Собеседник агентства отметил, что вопрос о председателе совета директоров во вторник не рассматривался, поскольку в заседании совета объявлен перерыв.",О председателе совета директоров пока ничего определенного сказать нельзя.,entailment,train
"""""""У нас есть списки, как это ни печально, педагогов, которые допустили некую невнимательность. И совершенно детские потом объяснения: что-то у них со зрением случилось, что-то у них со слухом случилось"""", - заметил замглавы департамента. Он уточнил, что такие педагоги были либо наказаны, либо уволены, поскольку их действия """"не совместимы с педагогической деятельностью"""".""",Замглавы департамента увольняет всех педагогов.,not_entailment,train
"Высоко сижу, далеко гляжу.",С высоты я вижу дальше всех.,not_entailment,train
"Поэтому в последний год мужчина частенько избивал свою жену. В страхе она бежала к участковому, писала на него заявление. А потом супруги мирились, и женщина забирала свое заявление назад.",Мужчина писал заявления участковому.,not_entailment,train
"Инцидент произошел в квартире потерпевших, супруги сами пригласили туда грабителя для совместного застолья.",Супруги случайно пригласили грабителя.,entailment,train
"Сомнительный аттракцион спасатели уже окрестили «Крышкой гроба», а в отношении турфирмы, проводившей это мероприятие, будет проведена проверка. - Оба случая – пример полнейшей безответственности организаторов, поставивших под угрозу жизнь людей, - отметил главный государственный инспектор Иркутской области по маломерным судам Дмитрий Миронов. - Информация будет направлена в следственные органы для принятия решения, так как за подобные нарушения предусмотрена как административная, так и уголовная ответственность.",Турфирму проверят.,entailment,train
"В игре проявятся динамика личностных качеств: азарт, конкуренция, спонтанность, скука, зависть, злость, непонимание, осуждение, драйв и т.д. Эти чувства невольно всплывают, так как поле игры сильнее контроля самого игрока.",Поле игры сильнее контроля самого игрока.,entailment,train
"Врачи поставили ей диагноз: «алкогольное опьянение». Данным фактом заинтересовалась областная прокуратура. - В настоящее время проводится проверка, выясняются подробности происшествия, а также при каких обстоятельствах был приобретен алкогольный напиток.",Врачи испытали алкогольное опьянение.,not_entailment,train
"""""""Это решение можно было принять и раньше. Однако о возможности перемен говорили уже давно - это было ожидаемо"""", - сказала Смородская в интервью корреспонденту пресс-центра Министерства спорта РФ. """"На мой взгляд, это движение в правильном направлении, так как оно приводит к здоровой конкуренции"""".""",Смородская осуждает выбранное направление движения.,not_entailment,train
"""""""Система аккредитации - это ключевой инструмент допуска на рынок. Мы сейчас готовим закон об аккредитации, который весной хотим внести в Госдуму"""", - сказала она. """"Этот закон очень важен, потому что он будет предусматривать переход на международные стандарты аккредитации"""", - сказала она.""",Она сказала о важности закона.,entailment,train
"""Как передает корреспондент """"Интерфакса"""", по ходу движения колонны участников флэшмоба большого количества полицейских замечено не было. На ряде перекрестков госавтоинспекторы временно ограничивают автомобильное движение, чтобы дать людям пройти по запланированному ими маршруту. На Пушкинской площади, откуда началась прогулка, несколько сотрудников правоохранительных органов предупреждали людей в мегафоны при выходе с площади, чтобы те не спотыкались, поскольку там ступенька.""",Госавтоинспекторы временно перекрывают движение на всех перекрестках.,not_entailment,train
"""Мэр Москвы Сергей Собянин поручил восстановить сгоревший дом культуры """"Октябрь"""". """"Давайте восстановим его"""",- сказал Собянин на совещании в префектуре Северо-Западного административного округа столицы во вторник. Он отметил, что дом культуры должен находиться в том же микрорайоне, где был раньше, поскольку """"люди привыкли к этому месту"""", там было много кружков.""","""Люди сами выберут новое место для дома культуры """"Октябрь"""".""",not_entailment,train
"Ходатайство о продлении заявила адвокат задержанной, отметив, что следствием не были предоставлены документы, характеризующие личность задержанной.",Адвокат задержанной отметила просчёт в работе следствия.,entailment,train
"Таким образом, правящая коалиция получит большинство в обеих палатах, так как она уже занимает большинство мест в нижней палате.",Правящая коалиция занимает большинство мест в нижней палате.,entailment,train
"Как считают силовики, руководитель на протяжении трех месяцев не платил своим сотрудникам зарплату, различные пособия и иные выплаты, которые причитаются гражданам согласно закону.",Руководитель на протяжении трех месяцев не платил своим сотрудникам зарплату.,not_entailment,train
"Зашла речь и об инвесторах. - Приходит бизнесмен с проектом, с четкой и конкретной программой, подписывается договор с администрацией, исполняется проект - строит, например, он элеватор или ферму, и только потом выкупает землю за 15% от кадастровой стоимости. Это то, что сегодня нам нужно, потому что ситуация такая «интересная»: люди хотят работать, но не могут!","Нам сегодня нужно, чтобы у бизнесмена не было необходимости выкупать землю до того, как он на ней что-то построит.",entailment,train
"Министр по вопросам Brexit Дэвид Дэвис призвал коллег-депутатов не вставлять палки в колеса премьер-министру и закончить рассмотрение как можно более оперативно, чтобы начать переговоры до конца марта этого года, передает ТАСС.",По вопросам Brexit есть отдельный специальный министр.,entailment,train
"""""""Уголовное дело о нападении еще не закрыто, виновные не найдены. Теперь точно можно сказать, что эти люди — убийцы"""", — сказала экозащитница.""",Экозащитница готова выступить на стороне нападавших.,not_entailment,train
"Его тут же осмотрели медики, оказали первую помощь, но от госпитализации он отказался. Пожар удалось быстро локализовать, огонь не успел перекинуться на соседние дома. Сейчас специалистам предстоит установить, что стало причиной возгорания.",Огонь перешел на соседние дома.,not_entailment,train
"Вот только когда вечеринка завершилась, девушка обнаружила, что ее дорогой мобильный телефон пропал.","Во время вечеринки девушка обнаружила, что ее дорогой мобильный телефон исчез.",not_entailment,train
"В большинстве случаев, сделать это невозможно из-за припаркованных или вовсе брошенных автомобилей. Помимо проблем с уборкой и содержанием дорог, возникают трудности у водителей: зачастую автолюбители не могут разъехаться. Если эффективность схемы даст желаемый результат, ее применят к участкам центральных и других улицах, где есть аналогичные проблемы.",Брошенные машины помогают убирать дороги.,not_entailment,train
"То, что трасса здесь сложная, было известно в прошлом году. Она с того времени не изменилась, но погодные условия внесли коррективы. Я шел с запасом, так как знал, что на финишном круге будет непросто.",Эта трасса сложна.,entailment,train
"Сельский врач предложил ей таблетки, но она попросила сделать ей инъекцию антибиотика. Со слов доктора, он убедился, что в ампуле действительно антибиотик, и сделал укол. Самочувствие женщины резко ухудшилось, и она умерла.","Сельский врач предложил ей таблетки, но она предпочла умереть.",not_entailment,train
"А потом не досчитался свого добра. Оперативники вора нашли - местного 42-летнего рецидивиста. Он признался, что влез в машину, потому что увидел, как потерпевший, выйдя из автомобиля, забыл его закрыть.",Вор влез в незакрытую машину.,entailment,train
"Теперь водителям не обязательно будет сразу оплачивать расходы на эвакуацию, и, как следствие, предъявлять документ об оплате также теперь не требуется.","Водители будут оплачивать эвакуацию постепенно, в рассрочку.",not_entailment,train
"В решении суда отмечается, что действия журналистки вызвали «негодование и возмущение» в обществе.",Решение суда характеризовало оценку действий журналистки обществом.,entailment,train
"""Астахов отметил, что в ситуации разбираются вирусологи и инфекционисты. Главная задача - локализовать распространение вируса. """"Потому что уже несколько версий существует, в том числе - что это внесенный вирус, привезенный кем-то из-за границы"""".""","Астахов отметил версии, существующие относительно вируса.",entailment,train
"""""""Завод выделяет 64 млрд рублей на сокращение санитарно-защитных зон до уровня примерно 200 метров от завода"""", - сказал Зотов. Он отметил, что сокращение санитарно-защитных зон позволит сносить ветхие дома в районе Капотни и строить новые. """,В Капотне сносят все ветхие дома.,not_entailment,train
"""Руководству РГТЭУ предстоит в максимально сжатые сроки провести реорганизационные мероприятия и дать возможность студентам и преподавателям полноценно учиться и работать в одном из ведущих экономических вузов страны"""", - сказал Ливанов. Студенты РГТЭУ бастовали две ночи подряд - с 18 по 20 декабря против того, что их вуз попал в список вузов с признаками неэффективности. Забастовка была прекращена, поскольку у студентов появилась надежда, что с ситуацией разберутся в руководстве государства.""","Студенты РГТЭУ бастовали против того, что их вуз попал в список вузов с признаками неэффективности.",entailment,train
"Губернатор осмотрел дома, куда заселят работников.",Губернатор осмотрел будущее жилье для работников.,entailment,train
"В четверг, 29 декабря, Черемушкинский суд Москвы принял решение об аресте 17-летнего парня, которого обвиняют в убийстве своего 10-летнего брата . Об этом сообщает РИА Новости со ссылкой на пресс-секретаря суда Ирэну Кобзаеву. Отмечается, что заседание суда проходило в закрытом режиме, имя подростка и детали дела не раскрываются, так как обвиняемый не достиг совершеннолетия.",17-летнего парня арестовали.,entailment,train
"""Трое пострадавших были доставлены в больницу с ожогами разной степени тяжести. """"От полученных телесных повреждений подозреваемый скончался в больнице. Девушка и парень находятся в лечебном учреждении, где им оказывается необходимая медицинская помощь"""".""","Трое попали в больницу с ожогами, двое выжили.",entailment,train
Подозреваемого задержали на парковке торгового центра. В его карманах нашли телефон девушки и деньги.,Подозреваемый работал в торговом центре.,not_entailment,train
"Четыре года назад он вышел на пенсию. Устроился на место поспокойнее - дворником в ижевскую школу. Тогда и не думал, что именно здесь он, декоратор по образованию, найдет свое призвание.",У него было образование декоратора.,entailment,train
"Известно, что ранее он не привлекался к уголовной ответственности. Потерпевшая была напугана. Женщина рассказала, что накануне муж угрожал ей физической расправой, держа в руке кухонный нож.",Муж напугал жену.,entailment,train
"Власти города убедительно просят жителей переходя на экономный режим своего отопления соблюдать правила использования газовых приборов. Обязательно следить за тем, чтобы они были исправными. Особенно это касается тех домовладельцев, которые используют газовые баллоны.",Власти города просят жителей осторожнее пользоваться газовыми приборами.,entailment,train
"Они стажировались на крупных событиях регионального проекта «Моя территория», где выступали в качестве модераторов рабочих групп.",Они выступали в качестве модераторов рабочих групп.,entailment,train
"В метро люди, не задумываясь, заявляют о том, что у них или у их друзей в сумке находится взрывное устройство.",В метро люди заявляют о взрывном устройстве.,entailment,train
"Не откладывать кару в долгий ящик решил уфимский пешеход, и прямо на месте наказал обидчика.",Пешеход наказывает обидчиков в Уфе.,not_entailment,train
"Браконьеров поймали с поличным сотрудники полиции. Суд рассмотрел это дело в особом порядке. Мужчины полностью признали свою вину, раскаялись и возместили материальный ущерб водным биологическим ресурсам региона.",Браконьеров решили не задерживать.,not_entailment,train
"Но в какой-то момент мужу показалось недостаточно имеющегося алкоголя. Он стал просить у своей супруги деньги на дополнительную дозу. Такой расклад пенсионерку не устроил, и она отказалась давать деньги.",Муж пенсионерки хотел больше алкоголя.,not_entailment,train
"Предполагается, что он получил деньги за помощь в получении субсидий, выделяемых на закупку производственного оборудования в лизинг, одной из организаций, у которой в документах была завышена стоимость техники.","За что он получил деньги, окончательно не выяснено.",entailment,train
"""По данным источника """"Интерфакса"""" в авиадиспетчерской службе, лайнеру не хватает топлива, чтоб долететь до пункта назначения. """,У лайнера мало топлива.,entailment,train
"""Как рассказали """"Комсомольской правде"""" в пресс-службе комитета культуры южной столицы Псковской области, все трое учатся в Образцовом художественном коллективе Театра детской песни """"Летний дождь"""".""",Все трое учатся в интернате.,not_entailment,train
"Прибывшие на место стражи порядка следов взлома не обнаружили. Однако установили, что злоумышленник проник в помещение через незапертую форточку. На окне он оставил свои отпечатки пальцев, по которым полицейские и нашли причастного к краже мужчину.",Мужчина не смог пролезть в форточку.,not_entailment,train
"Уголовное дело в отношении парня возбудили после того, как неравнодушные граждане пожаловались на него в полицию.",На парня завели уголовное дело.,entailment,train
"Она также опубликовала фото перевернутой машины. По ее словам, в автомобиле был только водитель. Как рассказали очевидцы, все произошло в тот момент, когда в бок такси начал перестраиваться автомобиль, двигавшийся по соседней полосе.",Машина перевернулась.,entailment,train
"182 УК РФ (незаконное использование сведений, составляющих коммерческую тайну, без согласия их владельца лицом, которому она стала известна по работе, совершенное из корыстной заинтересованности). Ровно год - с марта 2015 г. по март 2016 г. обвиняемая, работница банка, имела доступ к полной базе данных лиц, которые когда-либо туда обращались.",Работница имела доступ к полной базе данных клиентов банка.,entailment,train
"Он непристойно ее касался, обнажался перед ней. При этом он пользовался тем, что она была беспомощна и неосведомлена в половых вопросах. Девочка его знала и доверяла, так как часто гостила у бабушки, так как мать работала.",Он обнажался перед малолетней девочкой.,entailment,train
"Затем женщина попросила воды. Хозяин выполнил и эту просьбу. Гости ушли, но спустя время женщина вновь постучала в дверь – она забыла сумочку.",Женщина редко заглядывала к хозяину.,not_entailment,train
"Судебные журналисты у нас были хорошо подготовлены, с хорошим языком, игравшие важную роль в развитии судебной системы. Если вы специализируетесь на земле, ничего в этом зазорного нет. Ваш вопрос крайне важен, потому что вопрос земли - это вопрос социальной справедливости.",Вы специализируетесь на земле.,not_entailment,train
"""""""Медики оказывают ему необходимую помощь"""", - сказал Магомед Хазбиев. По его словам, автомашина брата практически изрешечена пробоинами. Он не исключил, что нападение могло быть организовано в отношении его самого, поскольку данная машина используется их семьей и им самим в частности.""",Брат Магомеда Хазбиева пострадал во время покушения.,entailment,train
"В Ростове вынесли приговор хозяину продуктового магазина, который сбывал левый алкоголь, отлично зная о его сомнительном происхождении. - Являясь индивидуальным предпринимателем, приобрел в целях дальнейшего сбыта два ящика водки, не имеющей сопроводительной документации, подтверждающей ее происхождение, качество и безопасность для жизни и здоровья человека, - сообщили официальную версию в СУ СК России по Ростовской области. Но сбыть водку ему не удалось, так как вмешались сотрудники правоохранительных органов.",Сотрудники правоохранительных органов не дали ростовчанину сбыть левый алкоголь.,entailment,train
"И как вы относитесь к лидерам извне? Есть ли человек, которому вы могли бы доверить страну? - Мне сложно отвечать на этот вопрос, потому что не я доверяю страну, а граждане выбирают страну.",Это простой для меня вопрос.,not_entailment,train
"Он начинил героином пять стрел, вооружился арбалетом и отправился исполнять задуманное.",В стрелах был наркотик.,entailment,train
"Оказалось, здесь посетителям предлагали помимо напитков и яств покурить кальян.",Гостям заведения предлагали кальян.,entailment,train
"Сейчас проект проходит рассмотрение, и, если все сложится удачно, специалистов начнут готовить уже в следующем учебном году.",Проект утвержден.,not_entailment,train
"Перед новогодними праздниками, а точнее - 26 и 27 декабря - планируется массовое отключение света. В списке много домов, расположенных в центральной части донской столицы. Специалисты просят отнестись к вынужденной мере с пониманием, так как будут проводиться профилактические работы, направленные на исключение аварийных ситуаций.",За несколько дней до новогодних праздников в ряде домов Ростова-на-Дону отключат свет для проведения профилактических работ.,entailment,train
"Они ведь, как известно, и коня на скаку остановят, в горящую избу войдут, а по желанию и в армию отправятся.",Они уже отправились в армию.,not_entailment,train
"Парни, как выяснилось, ушли из дома во Владимирской области, не поставив в известность родителей.",Парни ушли из дома без спроса.,entailment,train
"""""""Что же разместили на бампере, что на дверях, и какую проблему помогали решать таким образом?"""" Знатоки после минутного обсуждения предположили, что на бампере разместили подушку, а на задних дверях – матрас. Но это был неправильный ответ. Оказалось, что компания предложила размещать на переднем бампере видеокамеры, а изображения с них передавать на мониторы, установленные на задних дверях фуры.""",Знатоки выиграли этот раунд.,not_entailment,train
"Мужчина окунулся в бассейн, где у него прихватило сердце.","Когда мужчина окунался, у него остановилось сердце.",not_entailment,train
"На коробках с пекинской капустой и яблоками находилась маркировка, указывающая страну происхождения - Польшу. Согласно этикеткам, наклеенным на коробки с грушами, продукция поступила из Гвинеи и пересекла границу Республики Беларусь, что является нарушением.",Этикетки на коробке с грушами подтвердили законность транспортировки.,not_entailment,train
"""В суде Центрального района Сочи завершилось рассмотрение уголовного дела в отношении 81-летнего местного жителя, который застрелил обидчика своей дочери. """"Степан Вагин приговорен к трем годам лишения свободы условно с испытательным сроком два года"""", - сообщил агентству """"Интерфакс-Юг"""" в пятницу адвокат подсудимого Илья Иванов. По его словам, суд сделал снисхождение пенсионеру, поскольку он является тружеником тыла и инвалидом второй группы, и назначил наказание """"ниже низшего предела"""".""",Суд пожалел пенсионера.,entailment,train
"По данным организации, число жертв стихийного бедствия достигло 713 человек и еще 500 жителей числятся пропавшими без вести, тогда как местные власти сообщают о 662 погибших и 82 пропавших без вести. Наводнения были вызваны тропическим штормом, достигшим берегов второго по величине острова Филиппин в субботу. По данным властей, большинство жителей прибрежных районов не смогли спастись, так как проигнорировали предупреждения о надвигающемся наводнении и отказались покинуть свои дома.",Большинство жителей проигнорировали предупреждения о близком ненастье.,entailment,train
"Как утверждают демократы, они вынуждены запрашивать приглашения, но даже это не гарантирует им их получение.",Демократы пожаловались на трудности с фиктивными приглашениями.,not_entailment,train
"""Кенсингтонский дворец в Лондоне станет официальной резиденцией герцога и герцогини Кембриджских, сообщает в воскресенье британский телеканал """"Скай ньюс"""". Решение принца Уильяма и его супруги Кейт Миддлтон обосноваться в Кенсингтонском дворце уже получило одобрение королевы Елизаветы II. Однако супружеская чета сможет переехать во дворец не ранее чем через два года, так как здание нуждается в ремонте.""",Елизавета II едет с визитом в Кенсингтонский дворец.,not_entailment,train
"Специалисты трудовой инспекции провели внеплановую проверку на заводе и выяснили, что предприятие действительно имеет большие долги по зарплате.",Завод не полностью выплатил зарплату.,entailment,train
"Он пожаловался, что ему разбили машину.","Он похвалился, что его машину разбили.",not_entailment,train
"«У меня простые принципы подбора людей в команду: порядочность и компетентность. Кто-то на новой должности справляется и продолжает работать, кто-то уходит, а кто-то показывает максимальную эффективность и переходит на решение других, более сложных задач. Так будет происходить и впредь, потому что команда должна работать эффективно», – подчеркнул глава региона.","Глава региона рассказал, что ценит умеренность и аккуратность.",not_entailment,train
"""Уголовное дело возбуждено в связи с крушением самолета Ан-12 в Магаданской области, сообщил официальный представитель Следственного комитета РФ Владимир Маркин. """"Дело возбуждено по статье 263 УК РФ (нарушение правил полетов и подготовки к ним)"""", - сказал Маркин """"Интерфаксу"""" во вторник. По его словам, информация о гибели экипажа и пассажиров судна является предварительной, """"поскольку их тела пока не обнаружены"""".""",Ан-12 куплен для нужд Магаданской области.,not_entailment,train
"Как рассказали «Комсомольской правде» в пресс-службе администрации города, на том участке наконец появился светофор.",Светофор исчез.,not_entailment,train
"Доктора пытались реанимировать мальчика, но полученные им травмы оказались несовместимыми с жизнью.",Мальчик не выжил.,entailment,train
"Строение было небольшое и пожар потушили в считанные минуты. Однако, огонь успел уничтожить крышу и повредить стены. На пожаре никто не пострадал, сейчас специалисты устанавливают точную причину возгорания.",Маленькое строение быстро потушили.,entailment,train
"Аркадий завоевал медаль за профессионализм в компетенции «Гостиничный сервис (ресепшн)». — Необходимо было выстроить приоритеты: какую задачу решать первой, какую — последней. Это было очень тяжело, но и очень интересно, потому что ситуации по легенде были максимально приближены к жизни.",Аркадий заслужил медаль.,entailment,train
"""Цитата: """"Друзья! Мне посчастливилось попасть в шорт-лист Евровидения 2017 от России!! В связи с этим, очень прошу вас поддержать меня в этом непростом отборе, так как все кандидаты более чем достойны!""""""","Отбор на Евровидение непрост, так как все кандидаты более чем достойны.",entailment,train
"Шторм привел к поднятию уровня воды, высокие волны вызывали остановку движения паромов.",Паромы ходят в два раза реже.,not_entailment,train
"Новые меры должны дать свой результат – поголовье птиц станет в два раза больше, считают специалисты.",Специалисты хотят увеличить поголовье птиц.,entailment,train
"""Сам Мавроди поспешил опровергнуть это предположение. """"Заявляю официально, что мне ничего неизвестно об участии судебных приставов в системе МММ-2011. Возможно, они и участвуют, поскольку участие у нас анонимное, но мне про это неизвестно"""".""",Мавроди опроверг предположение.,entailment,train
"Недавно стало известно, что в общественном транспорте столицы и областных городов подорожает проезд.",Новость о подорожании проезда появилась недавно.,entailment,train
"Власти Москвы планируют выйти на бездефицитный бюджет через пять лет, сообщается в материалах департамента финансов Москвы, представленными заммэра города Андреем Шароновым на пресс-конференции. Согласно прогнозу, в 2016 г. профицит бюджета столицы составит 15,5 млрд рублей.",Через пять лет у Москвы точно будет бездефицитный бюджет.,not_entailment,train
"При этом один из блоков аммиачно-холодильной установки располагается в здании, которое продано. И с марта 2014 года Вологодский хладокомбинат эксплуатирует опасный объект на арендуемых площадях. Прокуратура решила, что дальнейшая эксплуатация этого опасного производственного объекта невозможна, потому что это реально угрожает жизни и безопасности людей, может причинить вред окружающей среде, а также нанести ущерб имуществу граждан и организаций.","Вологодский хладокомбинат перестал угрожать жизни и безопасности людей, окружающей среде и имуществу граждан и организаций.",not_entailment,train
"Однако, в ходе прокурорской проверки выяснилось, что на самом деле педагог не занимался с подопечным, его обучали только специалисты из лицея №1, за которым был закреплен мальчик. - После вмешательства педагог вернул незаконно полученный заработок. Заместителю директора интерната, который не проконтролировал исполнение обязанностей специалистом, объявлен выговор, - рассказали в пресс-службе республиканской прокуратуры.",Педагог вернул деньги.,entailment,train
"Сыграло ли это событие роль в решении обвиняемого начать работать на иностранную разведку, пока не известно. Рассмотрение дела Дивенни по существу начнется 12 декабря. Поскольку речь идет о секретных материалах, часть процесса будет проходить в закрытом режиме.",Дивенни однозначно работал на иностранную разведку.,not_entailment,train
"Экстренные и коммунальные службы города перешли на круглосуточный режим работы. Автомобилистов просят не выезжать без необходимости, особенно без зимней резины. В ближайшие дни морозы на курорте ослабнут, к конце недели столбики не будут опускаться ниже ноля, сообщают синоптики.",Морозы вот-вот ослабнут.,entailment,train
"""Кроме этого, Жуков рассчитывает, что на результатах российских спортсменов в Сочи положительно скажется фактор """"своего поля"""". """"Очень важно использовать преимущества """"своего поля"""". Потому что общемировая практика говорит, что этот коэффициент реализации всегда выше у хозяев: они знают свои трассы, больше тренируются на них"""".""","""Жуков считает, что """"свое поле"""" не дает преимущества в игре.""",not_entailment,train
"В настоящее время производственная  мощность завода составляет 150 тысяч автомобилей в год, и при благоприятной тенденции продаж планируется до 2012 года увеличить производство до 200 тысяч автомашин. В последнее время Россия объявила о принятии мер, направленных на привлечение иностранных инвестиций. Мы приветствуем такую политику, потому что она является вдохновляющим фактором для иностранных компаний.",Завод производит 150 000 автомобилей в год.,entailment,train
"""""""В первую очередь это гарнизонная служба и все, что с ней связано. Туда же хотим включить дисциплинарные батальоны и военную автоинспекцию"""", - заявил он в интервью """"Российской газете"""", которое будет опубликовано в среду. По словам министра, в первую очередь будет создана структура, которая будет готовить военных полицейских, поскольку они должны обладать юридическими знаниями и организаторскими способностями.""",Будет создана структура подготовки военных полицейских.,entailment,train
"Каждый год эксперты выбирают город, который станет символом волшебного праздника.",Символ праздника выбирают эксперты.,entailment,train
"""Полицейские возбудили уголовное дело по статье """"Кража"""" и принялись искать вора. В итоге мужчину задержали сотрудники уголовного розыска. Оказалось, что """"дальний родственник"""" ранее уже привлекался к уголовной ответственности за мошенничество.""","""Вора задержал """"дальний родственник"""".""",not_entailment,train
"Все участники получили знания по нормативно-правовой базе и мерах по борьбе с коррупцией. Также представители местной власти учились заполнять реестр рисков коррупции. Согласно Национальной стратегии по борьбе с коррупцией, районные советы разрабатывают и утверждают стратегии на местном уровне.",Участников научили побеждать коррупцию.,not_entailment,train
"Однако, в ходе прокурорской проверки выяснилось, что на самом деле педагог не занимался с подопечным, его обучали только специалисты из лицея №1, за которым был закреплен мальчик. - После вмешательства педагог вернул незаконно полученный заработок. Заместителю директора интерната, который не проконтролировал исполнение обязанностей специалистом, объявлен выговор, - рассказали в пресс-службе республиканской прокуратуры.",Педагог лишь изредка занимался с мальчиком.,not_entailment,train
"На коробках с пекинской капустой и яблоками находилась маркировка, указывающая страну происхождения - Польшу. Согласно этикеткам, наклеенным на коробки с грушами, продукция поступила из Гвинеи и пересекла границу Республики Беларусь, что является нарушением.",Этикетки на коробке с грушами подтверждали нарушение.,entailment,train
"""""""У нас есть списки, как это ни печально, педагогов, которые допустили некую невнимательность. И совершенно детские потом объяснения: что-то у них со зрением случилось, что-то у них со слухом случилось"""", - заметил замглавы департамента. Он уточнил, что такие педагоги были либо наказаны, либо уволены, поскольку их действия """"не совместимы с педагогической деятельностью"""".""","""Замглавы департамента пожаловался на целые списки """"невнимательных"""" педагогов.""",entailment,train
"После застолья гость не захотел уходить с пустыми руками. Он взял с кухни нож и, угрожая им, потребовал отдать все деньги и ценные вещи. Напуганный хозяин рассказал мужчине, где лежат деньги и ювелирные украшения.",Гость ограбил хозяина.,entailment,train
"Спасатели призывают людей строго соблюдать правила пожарной безопасности в праздничные дни! Помните, что самой распространённой причиной пожара в быту является несоблюдение элементарных правил пожарной безопасности (в том числе и при курении), а также несоблюдение правил пожарной безопасности при эксплуатации электрооборудования и печей. Будьте бдительны и осторожны, берегите себя и жизни ваших близких людей.",Работники МЧС просят соблюдать правила пожарной безопасности.,entailment,train
Выяснять отношения подшофе – одна из самых ужасных и опасных привычек многих людей. Почему опасных? Да потому что именно в таком состоянии большинство не контролируют своих эмоции и в порыве ярости могут пойти на что угодно.,У людей есть опасные привычки.,entailment,train
"Сначала все футболисты ульяновской команды прошли медицинское обследование, после чего отправились на тренировочный сбор.",Врачи проверили меткость футболистов.,not_entailment,train
"Сергей Зверев увидел, что на сайте объявлений продают его автографы.",Сергей Зверев увидел объявление о продаже своих автографов.,entailment,train
"И тут у торговой точки заметил мужчину с бутылкой пива в руках. Парень подошел к 62-летнему мужчине, рядом с которым была жена, и потребовал отдать ему пиво, угрожал расправой и достал пистолет. Пару раз он пытался поджечь фитиль в самодельном оружии, но ничего не вышло, так как был сильно пьян.","Пьяный вымогатель требовал пива, размахивая бутылкой.",not_entailment,train
"Если первый блин вышел комом, то второй точно удался.",Кто-то точно совершил как минимум две попытки.,entailment,train
"""""""Я даже не могу выговорить """"Анжи"""" Махачкала"""", - приводит слова футболиста французский Canal+ . - Не понимаю, откуда берутся эти слухи, ведь они не имеют под собой никакого основания. Говорю вам совершенную правду, так как я являюсь сторонником прозрачности, и мне совершенно нечего скрывать"""".""","Футболист уверяет, что слухи не имеют основания.",entailment,train
"Среди этих товаров есть зубные щетки и паста, их якобы не хватает. Позавчера я минут десять выбирала самую мягкую зубную щетку, а вот зубной пасты для чувствительных десен действительно не хватает. В некоторых кафе перестали подавать воду, потому что закончилась, в других все также приносят бесплатный стакан воды.",Во всех кафе перестали подавать воду.,not_entailment,train
"Было видно, что мужчина умер не своей смертью.","По мужчине видно, что он хорошо поел перед смертью.",not_entailment,train
"Злой умысел посетил их во время трапезы на одном из участков линии электропередач, где они вырубали кустарник.",Мысль о злодействе пришла им за едой.,entailment,train
"Убедившись, что хозяев нет дома, парни проникли в жилище и вынесли оттуда ценные вещи: два телевизора, два пылесоса, горные лыжи, монитор, системный блок - всего на сумму более 56 тысяч. Вычислить молодых воров удалось по горячим следам. Парни признались, что пошли на преступление, потому что нуждались в деньгах.",Хозяева были дома.,not_entailment,train
"""Боксер Денис Лебедев не исключил, что в команде Александра Поветкина есть предатель, который мог «подсыпать» ему допинг. Напомним, ранее стало известно, что перед боем за титул """"временного"""" чемпиона мира по версии Всемирного боксерского совета (WBC) с канадцем Бермейном Стиверном в допинг-пробе россиянина был обнаружен запрещенный препарат остарин. В результате бой был отменен, так как соперник отказался его проводить.""",Поветкина могли предать.,entailment,train
"Лиса забежала на водонапорную станцию «Малиновая гряда», где имела контакт с двумя служебными собаками «Нижегородского водоканала». Лабораторное исследование выявило у лисы бешенство. Из-за этого пришлось усыпить собак, с которыми она имела контакт.",Лиса заразила собак.,entailment,train
"""""""Нечто подобное происходило в сентябре-октябре прошлого года, примерно то же самое: тоже кризис в Европе, тоже падение цен на нефть в конце сентября - начале октября"""", - отметил он, добавив, что тогда на ситуацию негативное влияние продолжило оказывать снижение рейтинга США, произошедшее в августе. Зампред ЦБ Сергей Швецов в пятницу также заявил, что регулятор не видит рисков в текущей волатильности на валютном рынке, потому что """"она абсолютно нормальная"""". """"Доллар растет ко всем валютам, потому что выигрышная по отношению к другим странам ситуация в американской экономике - тихая гавань"""".""",Зампред ЦБ считает текущую волатильность на валютном рынке ненормальной.,not_entailment,train
Учредителем центра стала Государственная канцелярия.,Государственная канцелярия выступила в качестве учредителя.,entailment,train
"Но также в кражу попали украшения, которые он ей не дарил. Свою вину в совершенном преступлении мужчина признал и раскаялся в содеянном. Похищенные украшения он выдал следствию, ущерб полностью возместил.","Мужчина хотел забрать у пострадавшей все, что он ей подарил, но взял не все.",not_entailment,train
"Как пояснили в пресс-службе городской администрации, в качестве конкурентного преимущества представители бизнеса предлагают использовать технологию «сложения потенциалов», состоящую в создании замкнутых циклов из отдельных разрозненных экономических цепочек.",Представители бизнеса предлагают использовать технологию «сложения потенциалов» в качестве конкурентного преимущества.,entailment,train
"Витебские таможенники изъяли лекарство, в котором содержится опасное психотропное вещество.",Лекарство может иметь психотропный эффект.,entailment,train
"Местные жители обратились в прокуратуру, которая встала на защиту их интересов.",Прокуратура обвинила во всем местных жителей.,not_entailment,train
"У женщины, которая почти два года терпела побои и унижения, сдали нервы.",Женщина многие годы терпела побои и унижения.,not_entailment,train
"При этом девочка дважды предпринимала попытки покончить жизнь самоубийством, - сообщают в СУ СК по республике Бурятии. - Однако, 34-летняя педагог никаких мер не приняла. Следователи считают, что девочка совершила суицид именно потому что не получила должной помощи.",Эта девочка не раз пыталась себя убить.,entailment,train
"Сделали горку для ребятишек, каток. Но залить своими силами смогли только горку. Никто не хочет помочь нам заливать, а ведь мы стараемся сделать хоть что-то.",Каток залили своими силами.,not_entailment,train
"Прибывшие на место спасатели выяснили, что загорелась частная баня.",Спасатели пришли в баню.,not_entailment,train
"Он рассказал, что договорился с так называемым генеральным директором строительной фирмы о выполнении ряда работ. Клиент заявил, что строители должны были пробурить у него на участке скважину и построить дом. Однако получив деньги, представитель фирмы перестал отвечать на звонки и больше не появлялся.",Пострадавший пожаловался на директора строительной фирмы.,entailment,train
"Мужчина окунулся в бассейн, где у него прихватило сердце.",В бассейне у мужчины стало плохо с сердцем.,entailment,train
"Вдруг раздался выстрел: водитель рухнул на снег, пролилась кровь. Раненный скончался на месте. Неизвестный, а может их было несколько, застрелил мужчину.",Водителя застрелили несколько неизвестных.,not_entailment,train
"Когда стражи порядка задержали двух мужчин, выяснилось - они совсем не местные.",Полицейские задержали мужчин.,entailment,train
"Следствие выяснило, что с мая по июнь 2015 г. к одной из специалистов-экспертов обратилась тюменка с просьбой помочь ей в государственной регистрации права собственности на земельные участки в деревне Дербыши Тюменского района. Разумеется, за взятку. Та согласилась и обратилась к своей коллеге за помощью.",Тюменка предложила взятку.,entailment,train
"""Угроза взрыва на Комсомольской площади перед Ярославским вокзалом оказалась ложной. Как сообщил журналистам начальник ГУ МВД по Москве Владимир Колокольцев, """"гражданин оставил свою машину и ушел по своим делам"""". """"Было основание полагать, что эта машина несет угрозу, так как на заднем сиденье была бочка с краской"""", - сказал он.""",Бочка с краской не представляла угрозы.,entailment,train
"Также установлено, что работники учреждения несвоевременно проходят медицинский осмотр. Лекарственные препараты в медкабинете хранятся с нарушением температурного режима. Антитеррористическая защищенность детского сада не обеспечивается, так как заведующая учреждения не разработала ни одного локального акта в данной сфере.",В детском саду все проходят медосмотр вовремя.,not_entailment,train
"Бумаги передали Комитету по строительству, а он подписывает их в контролирующих органах. Теперь ждем, что заказчик сообщит.",Бумаги находятся в комитете по строительству.,entailment,train
"Сорокалетнего мужчину задержали прямо в подъезде, в тот момент, когда он выходил из лифта.",Сорокалетний мужчина был задержан.,entailment,train
"Обвиняемый подвесил собак на цепи к сараю, облил бензином и поджег. Свое поведение задержанный пытался объяснить тем, что ранее одна из собак его покусала.",Мужчина обожал собак.,not_entailment,train
"""""""Пишу сюда, потому что надоело отвечать одно и то же: никто ко мне не обращался"""".""",Я отвечаю одно и то же.,entailment,train
"Инцидент произошел в Нижнекамске в ночь на субботу. В ЦРБ доставили 39-летнего мужчину с ножевым ранением в живот. Медики вызвали полицейских, так как было ясно, что на потерпевшего напали.",Мужчину ранили в голову.,not_entailment,train
"А потом пришел в полицию и все рассказал. Там ответили, что по всем признакам это дело рук опытного мошенника. Как рассказали «Комсомольской правде»-Красноярск в пресс-службе городской полиции, подозреваемого вскоре задержали в ходе проведения оперативно-розыскных мероприятий.",Опытного мошенника так и не смогли арестовать.,not_entailment,train
"Он предложил знакомому помочь устроить его сына в вуз за кругленькую сумму, но все оказалось обманом.",Он обманул знакомого.,entailment,train
"Как сообщили «Комсомольской правде» в пресс-службе музея, выставка получила название «Добрые друзья детства».",Выставке оставили прежнее название.,not_entailment,train
"Вместе с ними пропали также юбилейные медали, памятные и нагрудные знаки, грамоты. Очень хочется надеяться, что бабушка просто забыла, куда в последний раз положила награды — и они в конце концов найдутся. Но все может быть: мало ли, награды и правда могли похитить.",Бабушка не может найти награды.,entailment,train
"Однако преступники решили уйти от погони и резко увеличили скорость. Судя по всему, угонщики оказались не очень профессиональными водителями. Пока за ними шла погоня, они умудрились попасть в девять аварий.",Угонщики стали причиной девяти аварий.,entailment,train
"Большинством голосов депутаты признали главу государства оставившим свой пост, поскольку посчитали, что он не исполняет свои обязанности.",Глава государства разогнал депутатов.,not_entailment,train
"""""""Это серьезная прибавка"""", - сказал журналистам в пятницу экс-министр финансов, который приехал на министерскую конференцию ВТО в Женеву по приглашению руководителя организации Паскаля Лами. """"Больше сможем производить, больше рабочих мест и инвестиций. Потому что сможем торговать на других рынках более свободно, можем расширять производства более смело"""", - отметил он.""",Экс-министр финансов поделился оптимистичным прогнозом с журналистами.,entailment,train
На пересечении с улицей Академическая произошел прорыв на теплосетях.,Теплосети прорвало.,entailment,train
"По информации правоохранительных органов, конфликт случился на дороге во Всеволожском районе, клирик вступил в перепалку и нанес травмы двум женщинам, с которыми не поделил дорогу. 6 сентября протодиакон Сергий Фрунза предпринял очередную попытку извиниться перед женщинами. Очередную, потому что он и его матушка уже несколько раз ходили извиняться.",Клирик и матушка ходили извиняться перед женщинами по очереди.,not_entailment,train
"Среди похищенной продукции компании Apple - по два планшета второго и третьего поколений и один четвертого. Общая стоимость украденной техники составляет не менее $3 тыс., отмечает издание. По данным полиции, пропажа была замечена только сейчас, поскольку сотрудники центра вышли на работу после череды праздничных дней.",После праздников в центре недосчитались пяти планшетов Apple.,entailment,train
"При этом девочка дважды предпринимала попытки покончить жизнь самоубийством, - сообщают в СУ СК по республике Бурятии. - Однако, 34-летняя педагог никаких мер не приняла. Следователи считают, что девочка совершила суицид именно потому что не получила должной помощи.",Эта девочка уже как-то раз пыталась себя убить.,not_entailment,train
"""Как передает корреспондент """"Интерфакса"""", на данный момент истекли три часа, данные присяжным для принятия единодушного вердикта. В настоящее время началась процедура голосования. В случае если голоса присяжных разделятся поровну, вердикт будет считаться оправдательным, так как непреодолимые разногласия трактуются в пользу обвиняемого.""",Присяжные придут к единому мнению.,not_entailment,train
"Сотрудники городского управления потребительского рынка провели рейд по торговым точкам, где нелегально продают новогодние деревья.",По нелегальным точкам продажи елок проведен специальный рейд.,entailment,train
"""""""По словам самих родителей, им угрожали, оказывали психологическое давление, заранее обвиняя меня во всей этой мерзости для того, чтобы мамы написали заявления, что они и сделали. Многие женщины поддались эмоциям и рассказали всё в педофильском свете, и теперь они, поняв, что их обманули, не знают как поступить. Потому что им угрожают за дачу ложных показаний дать срок"""", - написал он.""","Он написал о том, что рассказали родители.",entailment,train
"""Как отметил министр, вопросы обсуждаются """"мирно и конструктивно"""", хотя он мог бы ожидать и сопротивления. """"Андрей Анатольевич Крайний настроен абсолютно позитивно к поиску разных вариантов, мы с полным пониманием друг друга движемся вперед, - сказал он. - Мне приятно, потому что никто не ставит свои амбиции на первый план"""".""",Министр доволен мирным обсуждением вопросов.,entailment,train
"Обе купюры оказались поддельными. - По данным фактам проводятся проверки, - заверили в полиции. Стражи порядка также напоминают, что в случае, если к вам в руки попала фальшивая купюра, нужно сразу же обратиться в полицию.",Две купюры оказались поддельными.,entailment,train
"Как рассказали в краевой полиции, в сентябре женщина нашла на интернет-сайте объявление о продаже породистых щенков и связалась с продавцом из другого города.",Женщина любила общаться с продавцами щенков.,not_entailment,train
"""Как сообщил уполномоченный при президенте РФ по защите прав предпринимателей Борис Титов со ссылкой на Минюст, на данный момент в России 8 человек освобождены из СИЗО, пять из колоний. """"Первый вывод - амнистия начала работать"""", - пояснил Титов на пресс-конференции во вторник. Он добавил, что ожидать больших цифр сразу нельзя, потому что люди должны получить справки о погашении ущерба.""",Амнистия в России коснется только 13 человек.,not_entailment,train
"""Но в принципе, считаю, нам неизбежно придется когда-то отказываться и от некоторых из проинвестированных проектов. Потому что особенно по высокотехнологичным проектам рано или поздно может возникать очень коварная менеджерская альтернатива. Все понимают, что проект """"не пошел"""", но поскольку в него уже вложены средства, очень страшно назвать кошку - кошкой.""",Мы сохраним все проекты.,not_entailment,train
"""Вот так мурманский кот остался без опеки перед 20-летием. Старика передали волонтерам, которые нашли у него тяжелую хворь. - Врачи называют эту болезнь """"дорогой в никуда"""", потому что лечению она не поддается.""",Мурманский кот стар.,entailment,train
"""Еще одно достоинство картины - это действительно высококлассные спецэффекты. После этого фильма вполне может статься, что голливудские продюсеры начнут задумываться о переносе производства в Болливуд, ведь, судя по всему, там можно делать боевики, которые в США стоят 100 миллионов, всего за 20. Возможно, такую цель и преследовали создатели """"Случайного доступа"""", потому что он действительно выглядит, как рекламный ролик.""","""В Болливуде снимают фильм """"Случайный доступ"""".""",not_entailment,train
"Сделали это для того, чтобы водители не могли объезжать пробки по обочине.",Раньше водители могли объезжать пробки по обочине.,entailment,train
Премьер-министр РФ Владимир Путин поручил правительству в течение недели проработать текст послания президента и представить ему соответствующие предложения по работе кабинета министров.,Путин дал правительству поручение.,entailment,train
"""""""Под амнистию обязательно должны попасть фигуранты """"болотного дела"""" и, само собой, фигуранты """"дела ЮКОСа"""" — сколько можно их там терзать"""", — сообщила она. Со своей стороны, адвокат Ходорковского Вадим Клювгант сказал """"Интерфаксу"""", что принятие решения об амнистии для его клиента будет зависеть от политической воли тех, кто на такое решение уполномочен. """"Я не уверен, что это будет единственный проект (амнистии), потому что ничего не мешает другим субъектам подготовить свой"""".""",Вопрос с амнистией Ходорковского окончательно прояснился.,not_entailment,train
"Автор сообщения утверждал, что трое парней, в том числе и водитель, были пьяные.",Автор сообщения назвал всех троих водителями.,not_entailment,train
"Напомним, на него завели уголовное дело, заподозрив в халатности.",Его заподозрили в халатности.,entailment,train
"Соревнования прошли в бескомпромиссной борьбе, но в этот день случилось более знаковое событие, которое затмило все остальные.",Борьба была бескомпромиссной.,entailment,train
"Съезд является важным политическим событием в жизни страны. Наши делегаты получили прекрасную возможность высказать свою позицию. Они поделились опытом работы своих первичных отделений, выказали предложения по усовершенствованию нормативно-правовой базы во всех сферах, задали вопросы руководителям министерств,  ведомств,  модераторам площадок.",Наши делегаты поделились опытом работы своих первичных отделений.,entailment,train
"Пациентов Детского хосписа 29 декабря ждал настоящий сюрприз – фонд супругов Кержаковых «Звезды Детям» организовал визит народного артиста России Михаила Боярского. - В детстве учился я плохо. Мои родители буквально жили в школе, потому что их постоянно вызывала учительница.",Фонд Кержаковых определил Боярского в Детский хоспис.,not_entailment,train
"""Адвокат обвиняемого в убийстве хозяина саратовской """"Тактики"""" после заседания в областном суде отметил, что его подзащитный не собирается обжаловать приговор.""",Подзащитный обвинялся в убийстве.,entailment,train
"Сироты наши герои потому, что люди убили их родителей. А другие люди нашли умиравших детенышей и выходили их, чтобы потом отпустить на волю. Это дрессировка наоборот, потому что целью ее является не вырастить друга и помощника, но вместо этого сделать шимпанзе или слона пригодным для жизни в дикой природе, не дать ему привязаться к человеку и загону.",Родителей этих детенышей убили люди.,entailment,train
"Гость же пропал вместе с электроинструментами, фотоаппаратом и другими ценными вещами общей стоимостью 56 тысяч рублей. По факту возбудили уголовное дело, а подозреваемого объявили в розыск. На поиски ушло несколько суток, так как мужчина не имел постоянного места жительства и не общался с родными.",Гость исчез с ценными вещами.,entailment,train
"Несколько дней назад мужчине позвонил незнакомец и, узнав, что пенсионер когда-то приобретал биологические добавки, предложил получить компенсацию.",Пенсионер продавал биодобавки.,not_entailment,train
"""По словам Касима Джамаля Сулеймана, руководителя правительственной комиссии по расследованию произошедшего, все """"мученики"""" были выходцами из """"мирных семей, которые никогда не участвовали в вооруженной борьбе с государством"""". """"Они были не согласны с вооруженными группировками, это подтверждает, что у последних был интерес и цель для убийств"""", - сказал Сулейман, добавив, что все погибшие умерли от пуль и """"острых предметов"""", а не от артиллерии. Он также отметил, что правительственные войска не входили в Хулу во время бойни, поскольку пострадавшие районы находятся вдали от их позиций.""","""Касим Джамаль Сулейман назвал погибших """"мучениками"""".""",entailment,train
"""""""А я никогда не был на этом телеканале, не видел его"""", - сказал """"Интерфаксу"""" Говорухин в пятницу. Также в Твиттере есть высказывания якобы от имени режиссера про изменение состава директоров """"Эха Москвы"""". """"Это тоже бред, я не мог этого заявить, потому что считаю, что это самая талантливая радиостанция, хоть я во многом с ней не согласен, на мой взгляд, она не полезна делу, которым я занимаюсь"""".""","""Говорухин не считает """"Эхо Москвы"""" талантливой радиостанцией.""",not_entailment,train
"""Президент РФ Дмитрий Медведев заявляет о необходимости выработки критериев, которые позволят привлекать к юридической ответственности лиц за призывы к насилию в Интернете. То есть, пояснил глава государства, за суждения привлекать к ответственности нельзя, """"но если это уже призыв к какому-либо насилию - власть надо употреблять"""". """"Потому что, если из Интернета или социальных сетей льются призывы идти и резать кого-то - нельзя говорить о свободе Интернета"""".""",Медведев хочет привлекать к ответственности за дискуссии в Интернете.,not_entailment,train
"Причины пожара устанавливаются сотрудниками экстренных служб. Напомним, накануне в Северной столице тушили крупный пожар в квартире многоэтажного дома. Огонь бушевал на балконе, жильцу пришлось прятаться от пламени на соседнем балконе.",Причиной пожара стала халатность в обращении с огнем.,not_entailment,train
"""""""Соответственно, если мы идем под Москву, в московское подчинение, нам сказали, что у нас не будет общежития. А так как в Гнесинку стремятся со всей России, то приезжим просто негде будет жить"""", - заключил Михаил. Он, как и все мои респонденты, очень молод, но, судя по всему, принимать взрослые решения пришлось даже самым юным ученикам колледжа, если это вообще можно назвать решением, поскольку выбора у них как такового не было.""",Выбора у учеников колледжа не было.,entailment,train
"""Космонавты очередной экспедиции на МКС с трудом перешли на """"перевернутый"""" режим, когда спать приходится днем, а бодрствовать ночью, сообщил командир корабля """"Союз ТМА-08М"""" Павел Виноградов. """"На нас отразились первые два-три дня, когда мы """"переворачивались"""" (меняли распорядок - ИФ). Но больше всего это отразилось на оперативной группе, потому что они смотрели за нами и когда мы спим, и когда мы бодрствуем.""","Оперативная группа смотрела за космонавтами и когда они спали, и когда бодрствовали.",entailment,train
"Сначала необходимо законсервировать здание, просушить - здесь полно воды, провести экспертизу и понять, сколько это будет стоить, и начинать ремонт.",В здании недостаточно воды.,not_entailment,train
"Шествие в Москве, по словам источника, близкого к ФНПР, стартует, как и прежде, от Белорусского вокзала и увенчается митингом у мэрии Москвы с выступлениями лидеров страны.",Шествие станет венцом митинга.,not_entailment,train
"Ноябрь и часть декабря удивили сильными морозами, но сейчас погода стабилизировалась и будет тепло.",Теперь будет тепло.,entailment,train
"В сентябре утвердили схему размещения щитов, по которым пройдут электронные торги.",По щитам пройдут электронные торги.,entailment,train
"Один из покупателей решил утащить товар с прилавка. И это ему, к сожалению, удалось. Вынес мужчина спиртные напитки. Отрабатывая территорию прилегающего района стражи порядка задержали подозреваемого и изъяли у него перечисленный продавцом товар, исчезнувший из магазина.",Покупатель решил остановить вора.,not_entailment,train
"""Количество участников акции протеста """"Захвати Уолл-стрит"""", которые на протяжении нескольких недель не покидают небольшой парк недалеко от Уолл-стрит, превысило 600 человек, сообщает в пятницу британская газета Guardian. Полиция приказала демонстрантам покинуть парк, чтобы в нем можно было провести уборку, необходимую из-за продолжительного пребывания здесь палаточного городка и связанной с этим антисанитарии. Однако демонстранты не собираются выполнять требование полиции, поскольку считают его отговоркой для разгона акции протеста.""",Демонстранты подчинились требованиям полиции.,not_entailment,train
"И все эти люди размещали в интернете объявления о том, что их питомцы потерялись. На объявление откликался мужчина. Он говорил, что вернет любимца хозяину.",Мужчина украл всех потерявшихся питомцев.,not_entailment,train
"Следователи просили отправить бизнесмена в СИЗО, ссылаясь на то, что он может бежать за границу.",Следователи требовали для бизнесмена заключения в изоляторе.,entailment,train
"В дежурную часть полиции поступило сообщение из продуктового магазина по улице Мира о том, что покупатель украл товар из торгового зала и скрылся.",Покупатель оказался воришкой.,entailment,train
"""Как сообщил после заседания адвокат Александр Гофштейн, """"ни одно доказательство и ни одна экспертиза не доказывает совершения Макаровым данного преступления"""". """"Доказательства недостоверные, неубедительные и с процессуальной точки зрения недопустимые"""", - сказал Гофштейн. Он намерен обратиться в надзорную инстанцию суда с жалобой, так как намерен добиваться полной отмены приговора для своего подзащитного.""",Адвокат считает доказательства недостоверными и даже недопустимыми.,entailment,train
"Количество аварий, которые произошли по вине пьяных водителей или тех, кто находился в состоянии наркотического опьянения, остается на высоком уровне.","Аварий по вине пьяных водителей или тех, кто находился в состоянии наркотического опьянения, почти нет.",not_entailment,train
"В Ульяновской области появится региональный закон «О технологической долине», который станет основополагающим в создании «умного региона».",В Ульяновской области хотят создать «умный регион».,entailment,train
"""Не переживали и в ЦСКА, который в российском чемпионате опережает именно питерский """"Зенит"""". """"Мы старались не обращать внимания на судебные разбирательства """"Зенита"""", сосредоточиться на играх и добиваться результата в каждом матче. Так что за ситуацией следили постольку поскольку"""".""",В ЦСКА не стали переживать.,entailment,train
"Экстренные службы проводят спасательные работы с четверга без перерыва. По прибытии они обнаружили двоих мужчин – очевидцев трагедии. Во время схода лавины пострадавшие были на улице, и видели все происходящее со стороны.","Очевидцы были в здании, когда сошла лавина.",not_entailment,train
"Разбив оконное стекло, преступник проник в помещение бани и вынес оттуда два электрических чайника и фонарь на общую сумму более 3500 рублей. По подозрению в совершении преступления был задержан 41-летний безработный, ранее уже привлекавшийся к уголовной ответственности. Задержанный пояснил, что в баню залез, потому что не было свидетелей, а похищенной техникой собирался пользоваться сам.",Безработный вернул в баню фонарь и два электрочайника.,not_entailment,train
"Вместе мы многого добились. В Пензенской области собран рекордный урожай, сохранены темпы промышленного роста, реализованы крупные инвестиционные проекты. Мы смогли найти решение многих актуальных социальных задач – в здравоохранении, образовании, культуре и спорте и сделать значительный задел на будущее!",В Пензенской области собран рекордно низкий урожай.,not_entailment,train
"""Изменения в структуре МВД происходят непросто, но альтернативы им нет, заявил президент России Дмитрий Медведев на встрече с личным составом отдела МВД по Академическому району Москвы в связи с профессиональным праздником сотрудников органов внутренних дел. """"МВД должно быть эффективным, мобильным, сильным ведомством, не расхлябанным, а способным решать задачи, которые стоят во всем мире перед правоохранительными структурами, полицией, другими службами МВД"""", - подчеркнул президент. """"Я уверен, что у нас все получится, потому что преобразования назрели"""", - сказал он.""","Медведев верит, что преобразования назрели.",entailment,train
"""Премьер-министр Украины Николай Азаров не советует никому издеваться над украинскими судами. Комментируя арест экс-премьера Юлии Тимошенко, Н.Азаров сказал: """"Я там (в Печерском райсуде Киева - ИФ) был вчера и своими глазами убедился, как издевались над судом. Я никому не советую издеваться над судом, потому что суд - одна из основ нашего государства"""".""","Премьер-министр напомнил, что Печерский райсуд Киева - одна из основ государства.",not_entailment,train
"Мы ожидаем более интенсивной работы в этом направлении, - отметила спикер. - Но это не значит, что бумажных больничных вообще не останется. В первое время будет в ходу два варианта — и обычный и электронный, пока все медицинские учреждения страны не перейдут на инновационные схемы работы.",Бумажные больничные отменят разом.,not_entailment,train
"Чиновники обещают, что все бригады будут функционировать в круглосуточном режиме «Повышенной готовности».",Все бригады будут функционировать в круглосуточном режиме.,not_entailment,train
"Петербургские полицейские вчера в Невском районе города задержали мошенника, который за свои преступления находился в межгосударственном розыске.",Вчера мошенник попал в межгосударственный розыск.,not_entailment,train
"Автор поста пишет, что он и его друзья хотели бы от всей души отблагодарить этих людей за отважный и правильный поступок и просит их откликнуться, чувствует себя в долгу.",Автор поста показывает неблагодарность.,not_entailment,train
"""Сергей Удальцов своей вины не признал, он заявил, что все обвинения в его адрес незаконны. """"Я считаю, что обвинения мне предъявлены незаконно, потому что я был задержан до официального завершения митинга, в 21:55. Соответственно претензии о том, что планировалось шествие, несостоятельны, так как любые действия должны оцениваться по факту совершения, а не по предположению"""".""",Сергея Удальцова задержали после митинга.,not_entailment,train
"""Он также сравнил бывшего понтифика с капитаном круизного лайнера Costa Concordia Франческо Скеттино, который одним из первых покинул терпящий бедствие корабль. """"Бенедикт XVI отнюдь не новичок и прекрасно знал, на что идет. Он не настоящий папа римский, так как он покинул свою паству"""".""",Папа римский уехал в круиз на лайнере.,not_entailment,train
"""Резонансное дело Аракчеева можно еще раз изучить, заявил глава государства на встрече со своими сторонниками -  представителями сетевых сообществ. """"Не буду скрывать - я совсем неглубоко представляю эту ситуацию, но я слышал о ней. Потому что вокруг этой фигуры в Интернете полемика действительно шла"""".""",Глава государства не говорил о деле Аракчеева.,not_entailment,train
"""""""В настоящее время есть видеозаписи, где видно, что я сопротивление полиции не оказывал и вообще мое задержание проводили совсем другие люди, а не те сотрудники ОВД Измайлово, которым сказали написать рапорт и затем допросили в суде"""", - сказал он. Накануне в суде Навальный отрицал свою вину. """"Я пытался пройти к метро """"Кузнецкий мост"""", так как вход в метро """"Чистые пруды"""" был перегружен, а нас было много"""".""",Навальный был виновен.,not_entailment,train
"Большинство застрявших в пробках водителей жаловались на неубранные дороги. В выходные в городе не прекращался снегопад и, похоже, городские власти вновь оказались к этому не готовы. Впрочем, если верить заявлениям чиновников, они сделали все, что смогли.",В выходные городские власти убрали дороги.,not_entailment,train
"Семейную пару мужчина ограбил в их собственной квартире, куда они сами пригласили малознакомого человека.",Грабитель пришел без приглашения.,not_entailment,train
"Поскольку митинг являлся несанкционированным, сотрудники полиции потребовали прекратить его проведение.",Сотрудники полиции требовали прекратить несанкционированный митинг.,entailment,train
"Сотни военнослужащих из Катара принимали участие в военных операциях на стороне ливийских оппозиционеров, сообщил в среду журналистам командующий Генеральным штабом катарских Вооруженных сил Хамад бен Али Аттыйя. По его словам, оппозиционеры нуждались в такой поддержке, поскольку большинство из них составляли гражданские люди, никогда не имевшие дело с военной наукой.",Сотни военослужащих Катара воевали за ливийских оппозиционеров.,entailment,train
"Не откладывать кару в долгий ящик решил уфимский пешеход, и прямо на месте наказал обидчика.",Уфимский пешеход покарал обидчика.,entailment,train
"""Как именно - остается загадкой следствия. В правоохранительных органах рассказывают лишь о малой части тех мероприятий, что проводятся по уголовному делу. Как стало известно """"Комсомолке"""", ориентировки с приметами девушки вскоре после ее исчезновения полицейские разослали в соседние регионы.""",Девушка уехала в соседний регион.,not_entailment,train
"В продуктовом магазине на улице Суворова продают подозрительно дешевый алкоголь. Силовики провели контрольную закупку и выяснили, что алкоголь в павильоне продавали без специальной лицензии.",Дешевый алкоголь оказался краденым.,not_entailment,train
"Речь в ней идет о нарушении правил дорожного движения, которое по неосторожности водителя повлекло смерть двух и более человек.",По неосторожности водителя погибли двое.,not_entailment,train
"""Он добавил, что поскольку письмо было оформлено с нарушениями, оно отправлено заявителю для устранения """"недостатков"""".""",Письмо вернулось к заявителю.,entailment,train
"В настоящее время производственная  мощность завода составляет 150 тысяч автомобилей в год, и при благоприятной тенденции продаж планируется до 2012 года увеличить производство до 200 тысяч автомашин. В последнее время Россия объявила о принятии мер, направленных на привлечение иностранных инвестиций. Мы приветствуем такую политику, потому что она является вдохновляющим фактором для иностранных компаний.",Мы приветствуем политику привлечения инвестиций из-за рубежа.,entailment,train
"Видел я его в тот вечер при задержании: спокойный, как удав, сидел в машине. Теперь дурачком решил прикинуться? В магазине было несколько покупателей, ищу очевидцев, вдруг это следствию поможет.",Ищу покупателей.,not_entailment,train
"""""""В случае явки потерпевших на судебное заседание они будут иметь возможность задавать вопросы присяжным, выяснять интересующие их обстоятельства, заявлять ходатайства точно также в закрытом режиме, как это делалось на стадии отбора присяжных"""", - пояснила представитель Мосгорсуда. Она отметила также, что суд не мог откладывать процесс отбора коллегии присяжных до бесконечности. """"При всем уважении к чувствам потерпевших суд не мог затягивать процесс отбора присяжных, поскольку приходилось работать с десятками кандидатов"""", - заявила она, добавив, что и прежде в практике судов бывали случаи, когда по тому или иному делу проходили десятки потерпевших, и они не имели возможности участвовать в начале в стадии отбора присяжных.""",Суд не мог откладывать процесс отбора коллегии присяжных до бесконечности.,entailment,train
"В настоящий момент полицейские взяли в кольцо активистов оппозиции на углу Тверской и Садово-Триумфальной улицы и начали задерживать их. Полицейские затаскивают участников шествия в автозаки. Они призывают освободить проход, чтобы не мешать движению пешеходов, однако это сделать затруднительно, поскольку сотрудники полиции оцепили оппозиционеров и не дают выйти из этого оцепления, в том числе журналистов.",Активисты оказались взяты в кольцо полицейскими.,entailment,train
"Приятная новость для тех, кто задумывался об ипотеке, но по разным причинам пока не решался: банковский сектор чутко реагирует на ситуацию и старается предлагать более широкие возможности для клиентов.",Есть хорошая новость.,entailment,train
"Он воспользовался тем, что владелец машины отлучился, оставив ключи, и решил покататься. В этот момент на заднем сидении находилась пассажирка. Преступник находился в состоянии сильного алкогольного опьянения, по этой причине и не справился с управлением.",Мужчина уехал в угнанной машине далеко.,not_entailment,train
"Вопрос платных автомобильных дорог большую часть россиян не волнует, так как они не имеют машин, а среди тех, у кого она есть, каждый пятый не намерен пользоваться такими трассами, показал всероссийский опрос.",Большинство россиян не имеет машин.,entailment,train
"Этот год у нас юбилейный, десятый, когда мы будем ждать наше оплаченное жилье, - Еремина Анжелика, скромная женщина в сером шерстяном берете, одна из трех других присутствующих членов Ногинской инициативной группы держала плакат. - Мы против жуликов и воров. Потому что наше строительство сразу начиналось с обмана - нашему фонду разрешили строить, хотя он вообще не имел права заниматься строительством.",Анжелика против жуликов и воров.,entailment,train
"""Министр иностранных дел России Сергей Лавров заявил на этот счет, что СБ ООН не допустит военного удара по Ирану. """"Если кому-то взбредет в голову этим заниматься, они не пойдут в Совет Безопасности, так как они знают, что Совет Безопасности такой санкции не даст на применение силы"""", - сказал он в Ереванском государственном университете в понедельник на текущей неделе.""",Военного удара по Ирану никогда не будет.,not_entailment,train
"Женщина настаивала на том, чтобы мужчину лишили родительских прав.",Женщина хотела лишить мужчину родительских прав.,entailment,train
"""Этот неожиданный для всех, кто знает творчество Виктора Косаковского, фильм продолжает в чем-то идею и настроение его бедняцкой картины """"Тише!"""" Только """"Тише!"""" он снимал из окна собственной квартиры, потому что на нормальный фильм денег не было.""","""Косаковский снял """"Тише!"""" из окна чужой квартиры.""",not_entailment,train
"""Президент России Владимир Путин поздравил членов команды """"КАМАЗ-Мастер"""" с завоеванием трех призовых мест на  прошедшем в январе ралли """"Дакар"""". """"Я вас поздравляю с этим, безусловно, серьезным результатом. Хочу пожелать, чтобы вы всегда, так как вы умеете делать, могли концентрироваться и добиваться победы"""", - сказал он на встрече с представителями команды во вторник.""","""Президент России Владимир Путин встретился с представителями команды """"КАМАЗ-Мастер"""" во вторник.""",entailment,train
"Только этой осенью парень зашел к ней в дом, как она утверждает, против ее воли.",Парень зашел к ней в дом только этой осенью.,not_entailment,train
"В Кемеровском Гидрометцентре уточнили, что помимо ветра, на улице будет также идти снег, мокрый снег, местами сильный. Поэтому на дорогах ожидаются снежные занос и гололедица. Спасатели предупредили, что в такую погоду, лучше отказаться от поездок на дальние расстояния, а если все же ехать необходимо, то соблюдать большую осторожность. Пешеходам также нужно быть очень внимательными, так как из-за мокрого снега, возрастает риск его схода с крыш зданий и сооружений.",На пешеходов может упасть снег с крыши.,entailment,train
"Президент Германии Кристиан Вульф объявил в пятницу в Берлине о решении уйти в отставку. Вульф пояснил, что пошел на такой шаг, так как в последние недели стало ясно, что утратил доверие большого числа граждан ФРГ. Президент оказался в центре скандала, так как обвиняется в превышении должностных полномочий.","Президент Германии, несомненно, превысил должностные полномочия.",not_entailment,train
"Наша главная задача - сделать движение общественного транспорта более удобным и быстрым, чем движение личных автомобилей. Уже у цирка выделена полоса для общественного транспорта. Посмотрим, как он будет там двигаться.",У цирка общественный транспорт будет двигаться быстрее личных автомобилей.,not_entailment,train
"""""""Я всегда мечтал играть за """"Барс"""", ничего не изменилось. Я счастлив быть здесь и даже не думаю об уходе. Я не просил о продлении контракта, потому что и так хочу здесь остаться"""".""","""Я хочу остаться в """"Барсе"""".""",entailment,train
"Он воспользовался тем, что владелец машины отлучился, оставив ключи, и решил покататься. В этот момент на заднем сидении находилась пассажирка. Преступник находился в состоянии сильного алкогольного опьянения, по этой причине и не справился с управлением.",Мужчина угнал машину вместе с пассажиркой.,entailment,train
"В день президентских выборов американские избиратели отдают свои голоса выборщикам, которые назначаются партийными съездами на уровне штатов, их количество определяется числу представителей каждого штата в конгрессе (сенате и палате представителей). Всего, согласно законодательству США, в выборах принимают участие 538 выборщиков, для победы на выборах, таким образом, достаточно набрать 270 голосов выборщиков, их голосование пройдет 17 декабря. Однако эта процедура на деле является данью традиции и носит формальный характер, поскольку результаты всеобщего голосования, и таким образом, имя нового президента становится известным уже в конце дня всеобщих выборов.",538 выборщиков участвуют в выборах в США.,entailment,train
"Напомним, во всех школах города сегодня отменили занятия, малышей в детсады не принимают.",Малышей ждут в детсадах.,not_entailment,train
"Родительских прав мать не лишена. Пока. А в парадном девочка оказалась, потому что дома она мешала матери выпивать.",Дочь выпивала с мамой в парадном.,not_entailment,train
"Подсудимый, в свою очередь, в последнем слове, предоставленном ему судьей, попросил у родственников погибших и потерпевших прощения.",Подсудимый выступал вне очереди.,not_entailment,train
"""Экспорт иранской нефти составляет 2,280 млн баррелей в сутки. Между тем, в воскресенье министр нефтяной промышленности Исламской республики Ростам Гасеми заявил журналистам, что Иран готов противостоять нефтяному эмбарго, введенному Евросоюзом. """"Введение нашими врагами санкций не является проблемой, они не возымеют никакого эффекта, поскольку правительство приняло необходимые меры и полностью готово к противодействию"""", - сообщил он.""","Из Ирана вывозят 2,280 млн баррелей нефти в сутки.",entailment,train
"""Пресс-секретарь Владимира Путина Дмитрий Песков подчеркивает, что вопросы президенту РФ Владимиру Путина в ходе встречи с доверенными лицами были составлены на основании пожеланий последних. """"Доверенные лица - это люди, которые вели подготовительную работу к этой встрече и с которыми велась подготовительная работа накануне, многие из них наиболее активно задолго до этой встречи транслировали огромное множество вопросов в администрацию президента, вопросы, естественно, обобщались, суммировались, систематизировались и активно использовались в подготовке к мероприятию"""", - заявил Песков журналистам во вторник. Он подчеркнул, что подобные вопросы используются при подготовке к каждому мероприятию, так как наличие таких вопросов от таких людей """"позволяет чувствовать реальный пульс"""".""","""Песков рассказал, какие вопросы """"позволяют почувствовать реальный пульс"""".""",entailment,train
"Преступная группа, осужденная этим летом, смогла вывести из Фонда более миллиарда рублей. 4 августа суд приговорил фигурантов данного дела к срокам от трех до шести с половиной лет лишения свободы. Процесс проходил в особом порядке, поскольку все подсудимые признали свою вину.",Все подсудимые признали свою вину.,entailment,train
"""Как сообщил Кобзев агентству """"Интерфакс"""" во вторник, сам Навальный также ожидает, что приговор будет обвинительным, """"он в этом уверен"""". При этом Кобзев отметил, что каким будет обвинительный приговор - условным или реальным - ни он, ни Навальный судить не берутся. """"Поскольку здесь явно решение будет приниматься не судьей, то и предполагать очень трудно"""".""",Навального ожидает приговор.,entailment,train
"Как выяснили ревизоры, местные чиновники разрешили предприятию сбрасывать сточные воды.",Ревизоры узнали правду.,entailment,train
"Сам хозяин давно не появлялся на участке, ему позвонили соседи, обнаружив в его доме вскрытую дверь. Мужчина написал заявление в полицию, возбудили уголовное дело, и начался розыск преступников. Когда злоумышленников задержали, они признались в остальных преступлениях.",Соседи вскрыли дверь.,not_entailment,train
"Оказалось, злоумышленник проник в дом, пока хозяин отсутствовал — с середины декабря его не было.",Злоумышленник пробрался в сад.,not_entailment,train
"""""""Ласточки"""" засыпает снегом, они ржавеют и гниют, но в какой-то мере это правильное решение.""","""""""Ласточки"""" гниют от снега.""",not_entailment,train
"Ведомство направило официальные письма руководителям отделов безопасности самоуправлений, в которых разъясняют их действия.",Ведомство ждет письма.,not_entailment,train
"Иногда ей сложно было сделать упражнение: то коленка болит, то локоть. Она скрывала. То говорила, что неудачно прыгнула, то – с лестницы упала.",Она часто неудачно прыгала со стремянки.,not_entailment,train
"Соотношение скорости встречного автомобиля и его машины… От этого получился сильный удар. Если кто-то читал когда-то физику, то думаю, люди поймут. Звонит очень много людей на его номер и на мой, кто знает.",Мне звонит много людей.,entailment,train
"Омские спасатели советуют приобретать петарды и салюты именно там. Что касается торговли пиротехникой на улице, то она запрещена. Следует воздержаться от покупки фейерверков «по случаю» с рыночных лотков, так как, в большинстве своем, предлагаемая там продукция сомнительного качества, не прошедшая должную проверку.",Омские спасатели рекомендуют приобретать петарды на рыночных лотках.,not_entailment,train
"""Сулейманов подчеркнул, что по тонкому льду нельзя ездить на таком примитивном средстве, как мотобуксировщик. Если снегоход еще может проскочить опасное место, то """"мотособака"""" тянет как якорь в любую полынью. - Но рыбаки и дачники активно используют эти машины, потому что стоят они недорого, просты в управлении - к примитивному мотору с ручкой цепляются любые сани.""",Мотобуксировщик специально создан для хождения по льду.,not_entailment,train
"То, что трасса здесь сложная, было известно в прошлом году. Она с того времени не изменилась, но погодные условия внесли коррективы. Я шел с запасом, так как знал, что на финишном круге будет непросто.",Эта трасса достаточно проста.,not_entailment,train
"Необходимо оказывать давление как на правительство, так и на повстанцев с тем, чтобы остановить все военные действия и сесть за стол переговоров и решить все мирным путем. Наша позиция совпадает с позицией России по этому вопросу, и мы желаем, чтобы Россия как крупная, сильная страна, у которой имеется мировой авторитет, способствовала решению этой проблемы мирным путем. Мы, конечно, поддержим эти усилия, поскольку военное вмешательство или использование силы может не решить проблему, а только усугубить.",Россия может способствовать решению этой проблемы мирным путем.,entailment,train
"Она всегда знала, что тот хранил свои сбережения в металлическом ящике, а ключи от него - в серванте. Вот однажды она решила взять деньги себе - и потратила. Вскоре обман раскрылся, женщина во всем призналась.",Она вытащила деньги из металлического ящика.,entailment,train
"Помимо этого, как считает республиканец, пресс-секретарь не умеет правильно подавать сведения.",Республиканец раскритиковал пресс-секретаря.,entailment,train
"Мы ожидаем более интенсивной работы в этом направлении, - отметила спикер. - Но это не значит, что бумажных больничных вообще не останется. В первое время будет в ходу два варианта — и обычный и электронный, пока все медицинские учреждения страны не перейдут на инновационные схемы работы.",Бумажных больничных вообще не останется.,not_entailment,train
"В московских подъездах в ближайшее время появятся памятки «Как уберечься от мошенников». Их расклеят на информационных стендах. В листовках будет говориться об осторожности при контактах с незнакомцами, которые звонят в дверь и представляются сотрудниками социальных служб, а также об опасности приобретения лекарств и бытовой техники с рук.",Некоторые мошенники звонят в дверь и представляются сотрудниками социальных служб.,entailment,train
"Когда парень упал, обидчик пнул его снова. Пострадавший умер не сразу. Он как-то обмяк, стал жаловаться на боль, но смог добраться домой.",Пострадавший умер на пути домой.,not_entailment,train
"""""""Количество разрушенных домов уже увеличилось до 1370. Это объясняется тем, что многие дома саманные. Снаружи они кажутся целыми, потому что обложены кирпичом"""".""",Разрушенных домов стало больше.,entailment,train
"Как сообщает Государственная инспекция труда, водитель подготавливал дежурный автомобиль.",Водитель уже подготовил дежурный автомобиль.,not_entailment,train
"Все указывало на то, что в квартире происходит что-то страшное. Однако силовики повели себя так, как никто не ожидал. Полицейские постояли у двери пытаясь уговорить разбушевавшихся открыть дверь, но когда им в этом отказали, они развернулись и отправились восвояси.",Силовики разбушевались.,not_entailment,train
"""В сентябре 2011 года ресурс Liveinternet отметил снижение доли """"Яндекса"""" до 61,4% с 63% запросов, а к октябрю она снизилась до 60,8% и с тех пор не меняется. При этом Google удерживает за собой 25,5% российского рынка поиска. По оценке аналитиков и экспертов, пока речь о глобальной трансформации рынка не идет, поскольку такие колебания происходят время от времени.""",Аналитики и эксперты предвидят глобальную трансформацию рынка.,not_entailment,train
"""Девушка в первом часу ночи ушла из дома по улице Кошурникова, и с тех пор о ней ничего неизвестно. - Приметы пропавшей сибирячке: рост 165 см., глаза карие, короткие темные волосы, носит очки, - сообщили в поисковом отряде """"Маяк"""". - Она нуждается в медицинской помощи, так как ей нужно принимать лекарства, а они были обнаружены вместе с одеждой на мосту.""",Девушка нашлась.,not_entailment,train
"Он пройдет в рамках четвертого городского фольклорного фестиваля «Мудрость православия - в традициях народной культуры», сообщает Брянская городская администрация.",В Брянске пройдет очередной фольклорный фестиваль.,entailment,train
"В 2.07 огонь был локализован, а в 2.16 ликвидирован. Здание полностью осталось без крыши и серьезно обгорело, как внутри, так и снаружи. Но так как блок был хозяйственным, при пожаре никто не пострадал.",Между локализацией и ликвидацией огня прошло 9 минут.,entailment,train
"В метро люди, не задумываясь, заявляют о том, что у них или у их друзей в сумке находится взрывное устройство.",В метро люди разыгрывают знакомых.,not_entailment,train
Далее было вынесено постановление о взыскании исполнительского сбора. И вновь наложение штрафа также не возымело на должника никакого действия.,Должник проигнорировал наложение штрафа.,not_entailment,train
"""Члены президентского совета отметили, что это не первое определение КС, указывающее судам, что Уголовный кодекс не предусматривает признание вины обязательным для решения об УДО. Однако такой вывод можно сделать из нормы Уголовно-исполнительного кодекса, где указано, что """"администрация должна представить документы на осужденного, выразить свою позицию о том, что ему не нужно больше отбывать наказание, поскольку он признал вину, раскаялся, возместил ущерб"""", отметила Морщакова. """"Это """"поскольку"""" и заставляет суды считать, что они вправе отказать на таком основании"""", - сказал член президентского совета.""","Морщакова рассказала, какое место в законе заставляет суды считать, что они вправе отказывать на таком основании.",entailment,train
"""Роман Ле Карре уже однажды экранизировали в виде минисериала Джона Ирвина, но Томасу Альфредсону, снявшему удивившую многих историю про девочку-вампира """"Впусти меня"""",  было позволено сделать свою версию. Даром что исходный материал текстового первоисточника и режиссерская манера самого Альфредсона во многих неуловимых моментах оказываются удивительно схожи и попросту прекрасно совместимы. В самом сердце лондонской разведки грядут рядовые для любого учреждения перемены: кто-то уходит на пенсию, кого-то увольняют, кто-то уходит, потому что уходит любимый начальник, кто-то остается, с тем, чтобы просто продолжить свою работу.""",Роман Ле Карре - хороший писатель.,not_entailment,train
"""""""Сегодня поисковая операция была прекращена, так как она стала слишком опасной"""", - сказал он на условиях анонимности.""",Поисковая операция стала слишком опасной.,entailment,train
"Учащийся политехнического техникума, находясь в состоянии алкогольного опьянения, избил, а затем ограбил прохожего.",Пьяный учащийся политехнического техникума вел себя буйно.,entailment,train
"""Эти средства выделены в рамках """"программы экстренного предоставления ликвидности"""" (emergency liquidity assistance, ELA), которая ранее стала спасением для финансовой системы Ирландии и теперь оказалась еще более важной для Греции. Полный контроль над ELA осуществляет европейский Центробанк (ЕЦБ), что дает ему полномочия решать судьбы государств, пишет FT. ЕЦБ очень неохотно предоставляет информацию о средствах, выделенных из ELA, не сообщая, кому и когда выдаются кредиты. """"Вы не станете говорить лишнего в экстренной ситуации, поскольку это может привести к ухудшению ситуации.""",Европейский Центробанк решает судьбы государств.,entailment,train
"""Адвокат обвиняемого в убийстве хозяина саратовской """"Тактики"""" после заседания в областном суде отметил, что его подзащитный не собирается обжаловать приговор.""","""Обвиняемый в убийстве владельца саратовской """"Тактики"""" собирается обжаловать приговор.""",not_entailment,train
"Если раньше редакции только гадали, сколько человек реально читают газету, какой у них возраст и какие темы нравятся больше всего, то сейчас все изменилось.",Раньше параметры читательской аудитории были только предметом догадок газетных редакций.,entailment,train
"В противном случае карантин продлят. Стоит отметить, что первые шесть школьных коллективов региональное управление Роспотребнадзора отправило домой, лечиться, еще 12 декабря. Назвать дату, когда все воронежские школы заработают в прежнем режиме, нельзя, так как занятия в них приостановили в разное время.",В школах Воронежа продолжается карантин.,entailment,train
"Новый тренер – это новый человек. Слушали меня внимательно и с уважением. Моей задачей было раскрепостить команду, привить хорошее настроение и уверенность в том, что в кратчайшие сроки мы вместе сможем изменить ситуацию, - приводит слова главного тренера пресс-служба клуба.",Новых тренеров всегда слушают с уважением.,not_entailment,train
"""С июня по 15 августа 34-летняя жительница Красный Кута растила младенца в доме без воды, света и тепла, ставя под угрозу жизнь и здоровье своего грудничка. - Оставляла его одного в квартире, - рассказали """"Комсомольской правде""""-Саратов в областной прокуратуре. - Проверка показала, что в доме условия проживания были крайне неудовлетворительные, поскольку там не было водоснабжения, газоснабжения, электроснабжения.""",Младенец не нуждался в свете и воде.,not_entailment,train
"""Выйдя за территорию митинга, я с удивлением обнаружил, что, несмотря на то, что начался он всего 40 минут назад, многие уже расходятся - поток людей уверенно двигался вдоль Кутузовского проспекта в сторону станции """"Парк Победы"""", которая, к слову, была до завершения мероприятия закрыта на вход. Впечатлениями от митинга пришедшие делились неохотно. Одна женщина с георгиевской ленточкой сообщила, что ей все понравилось, поскольку """"был чай"""".""",Народ уверенно сходился на митинг.,not_entailment,train
"Мы можем работать, потому что нас считают нейтральными. Мы помогаем в конфликтах, в которых могут участвовать больше двух сторон. И нам доверяют, потому что нас считают нейтральной и независимой гуманитарной  организацией.",Нам не доверяют.,not_entailment,train
"Мы планируем закрыть вопрос с Ленинским проспектом, - сказал он. - У нас, к сожалению, недостаточно средств, чтобы сделать дома на Трибуца. Но мы подумаем, откуда можно взять средства.",Средства можно будет откуда-то взять.,entailment,train
"В экстренные службы поступило сообщение о взрывных устройствах в зданиях Ленинградского, Ярославского и Казанского вокзала. «Поступила информация об угрозе взрыва сразу на двух столичных вокзалах: Ярославском и Казанском. По предварительным данным, причиной проверки стал анонимный звонок», - рассказал представитель экстренных служб.",На площади Трех вокзалов в Москве прогремел взрыв.,not_entailment,train
"В каждом районе были созданы мобильные группы, в которые вошли сотрудники администраций и полицейские.",В состав групп вошли сотрудники администраций и наименее мобильные полицейские.,not_entailment,train
"А после проекта про любовь Рита… полностью отдалась любви – она помирилась со своим бывшим молодым человеком. По словам красавицы, она смогла простить своего мужчину, потому что он полностью обеспечивает ее.",Мужчина обеспечивает Рите проблемы.,not_entailment,train
"К 15 часам дня планируется закончить сварочные работы. Затем участок теплотрассы будет наполнятся теплоносителем. Это займет время, потому что быстро заполнять нельзя, возможна новая авария.",Ремонт теплотрассы займет время.,entailment,train
"Огонь удалось потушить через восемь минут. Есть пострадавший. Также одна часть дома сгорела, вторая выгорела.",Огонь тушили восемь минут.,entailment,train
"Когда уже рассвело, местные увидели на детской площадке повешенного на турнике мужчину.",Повешенный мужчина тренировался на детской площадке.,not_entailment,train
"""""""Это серьезная прибавка"""", - сказал журналистам в пятницу экс-глава Минфина, который приехал на конференцию в Женеву по приглашению Паскаля Лами. """"Больше сможем производить, больше рабочих мест и инвестиций. Потому что сможем торговать на других рынках более свободно, можем расширять производства более смело"""", - отметил он.""",Экс-глава Минфина рад перспективам расширения международного туризма.,not_entailment,train
"""Утренние заплывы в  городском пруду тестостеронного """"бондовского"""" энтузиазма и жизнелюбия Джорджу Смайлу никак не прибавляют. Он возвращается на свой диван ровно для того, чтобы услышать стук в дверь, который для отставленного сотрудника разведки вряд ли может стать галлюцинацией или сном. Потому что """"бывших"""", как водится, в этой среде, не разводят.""",В дверь Джорджа Смайла постучали.,entailment,train
"За время работы ее посетили свыше тысячи человек, сообщает министерство здравоохранения.",Посетителей было больше тысячи.,entailment,train
"Большинство застрявших в пробках водителей жаловались на неубранные дороги. В выходные в городе не прекращался снегопад и, похоже, городские власти вновь оказались к этому не готовы. Впрочем, если верить заявлениям чиновников, они сделали все, что смогли.",Водители застряли в пробках.,entailment,train
"Преступление удалось раскрыть в кратчайшие сроки благодаря тому, что пострадавшая сразу сообщила о случившемся в полицию. На помощь женщине оперативный дежурный направил ближайший патрульный экипаж. Отрабатывая дворы, прилегающие к месту происшествия, полицейские увидели молодого человека, приметы которого совпадали с описанием грабителя, и задержали его.",Молодого человека задержали по наитию.,not_entailment,train
"""По мнению С.Еничери, это противоречит принципам, сформулированным в Коране. """"Дед Мороз прибирается в дома через окна или дымоходы. Если бы он был честным человеком, то проходил бы через двери, так как у нас так принято"""", - отметил имам.""","По мнению имама, поведение Деда Мороза соответствует принципам Корана.",not_entailment,train
"Трое молодых людей, из числа ранее судимых, совершили 23 кражи из гаражей и дачных участков. Вначале, они при помощи топора разобрали крышу пристроя к магазину поселка Железнодорожный, проникли на склад продуктов и собрались вынести бутылки с пивом и подсолнечным маслом, несколько пачек пряников, печенье, вермишель и наборы карамели. Однако увести награбленное они не смогли, так как их спугнула охрана.",Воры не сумели унести карамель и вермишель.,entailment,train
"По версии следствия, в начале ноября прошлого года судебный пристав-исполнитель при посредничестве своего знакомого - специалиста УФССП по РО потребовали от гражданина денежные средства за незаконное прекращение исполнительного производства и снятие арестов с имущества и счетов должника, - рассказали в СУ СК России по Ростовской области. Деньги они не успели получить, так как вмешались сотрудники правоохранительных органов.",Судебный пристав-исполнитель и специалист УФССП по РО получили взятку.,not_entailment,train
"""""""После инцидента 15 августа 2011 г. ко мне приезжал молодой человек со стороны Агафонова, он требовал видеозапись с камер наблюдения"""", - рассказал он. По его словам, угрожавший обещал """"всем устроить, так как побили хорошего человека"""". """"Я отказал, так как это могут требовать только правоохранительные органы"""", - сообщил Береговой.""",Береговой не отдал запись молодому человеку.,entailment,train
"Как сообщила в понедельник газета Daily Telegraph, ожидается, что во вторник законопроект будет отправлен на окончательное согласование в нижнюю палату парламента. Никаких препятствий на пути к окончательному принятию законопроект не должен встретить, поскольку ранее палата общин уже одобрила его первоначальную версию подавляющим большинством голосов.",Daily Telegraph рассказала о предстоящей судьбе законопроекта.,entailment,train
"Задержание провели сотрудники Железнодорожного района, которые на улице Ленинградской остановили подозрительного мужчину.",Подозрительного мужчину смогли задержать.,entailment,train
"Все, что доступно простым жителям города в магазинах, можно запускать и взрывать прямо во дворе своего дома, не боясь быть задержанным. Главное - не нарушать условия использоваться, указанные на упаковке. Уголовная ответственность может наступить лишь в случае, если салют нанес ущерб окружающим.","За запуск и взрывы салютов во дворе своего дома полиция не накажет, если нет пострадавших и ущерба.",entailment,train
"Сотрудники городского управления потребительского рынка провели рейд по торговым точкам, где нелегально продают новогодние деревья.",По нелегальным точкам продажи елок открыт огонь.,not_entailment,train
"В сеть выложили ролик, как маршрутка улетела в сугроб, уходя от столкновения с легковушкой.",Маршрутка врезалась в сугроб.,entailment,train
"Нужно, чтобы люди имели возможность заявить свою оппозицию, непростая задача для власти, да, но надо к этому стремиться. Я искренне говорю об этом, потому что когда мы это обеспечим, будет видна работа каждого из нас.",Мы никогда не обеспечим людям возможность заявить свою оппозицию.,not_entailment,train
"Рождество Христово - время радости, и этой радостью хочется делиться со всеми, а особенно с теми, кто в ней нуждается: одинокими стариками, мамами, попавшими в трудную ситуацию, - рассказали в хабаровской епархии.","В хабаровской епархии радостью хотят делиться со всеми, кто в ней нуждается.",entailment,train
"Во время праздничной церемонии в муниципалитете он заявил, что главными задачи для него является максимальное использование всех возможностей в области предпринимательства и экономического развития.",Он сделал заявление по окончании праздничной церемонии.,not_entailment,train
"""Ведь по какой причине он вообще взялся за этот фильм? Все говорит о том, что не по причине интереса к творчеству молодых художников, а по причине скандальности темы. И именно это сыграло злую шутку с фильмом """"Завтра"""", потому что он получился не достаточно скандальным, и уже точно не заслужившим внимания как произведение киноискусства.""",Фильм вышел не заслуживающим внимания как произведение киноискусства.,entailment,train
"Как выяснилось, ситуация не устраивает не только рядовых горожан, но и представителей власти.","Ситуация не нравится и рядовым горожанам, и представителям власти.",entailment,train
"""Во многих СМИ появились сообщения о том, что житель Мурома днем 20 декабря был задержан сотрудниками полиции с топором, двумя ножами и вилкой. Все это он якобы собирался принести в дар Президенту страны. Так же сообщалось, что мужчину задержали, но вскоре отпустили, потому что тот оказался психически больным, но """"подарки"""" все равно изъяли.""",Психически больного муромца отвезли к Президенту страны.,not_entailment,train
"В Ульяновской области появится региональный закон «О технологической долине», который станет основополагающим в создании «умного региона».",В Ульяновской области готовят закон для создания «умного региона».,entailment,train
"Витебские таможенники изъяли лекарство, в котором содержится опасное психотропное вещество.",Витебская таможня изъяла опасное лекарство.,entailment,train
"Мужчина сообщил, что к краже может быть причастна его собственная дочь, у которой был доступ к ключам от сейфа.",Сейф могла открыть дочь.,entailment,train
"Всего существует две теории. Так, дело может быть в психологическом эффекте. Якобы люди, посещающие больницу, чаще задумываются о здоровье и следят за собой.",Зачастишь в больницу - обязательно станешь лучше следить за собой.,not_entailment,train
"Когда все темы для разговора закончились, оказалось, что мужчина пока не готов прекращать банкет.",Темы для разговора находились без конца.,not_entailment,train
"Производители молока подали в суд, который в итоге вынес решение.",Производители молока угостили суд.,not_entailment,train
"В дежурную часть отдела полиции Пролетарского района поступило сообщение о том, что на одной из улиц города неизвестный похитил у гражданина мобильный телефон, - рассказали в правоохранительных органах.",Неизвестный отжал у гражданина мобильник.,entailment,train
"Мужчина быстро собрался, однако в сгустившемся уж мраке не смог сориентироваться и в итоге заблудился в густых зарослях камыша.",Мужчина плохо ориентировался во мраке.,entailment,train
"Один из вернувшихся в Нидерланды из Донбасса журналистов заявил, что голландская полиция конфисковала у него и его коллеги материалы по крушению MH17. По словам Стефана Бека, правоохранители забрали не только телефон, ноутбук и камеру, но и предметы, найденные на месте падения малайзийского Boeing 777-200. Как отметил журналист, в голландской прокуратуре объяснили это тем, что сами не могут собрать подобный материал, поскольку в регионе, где произошло крушение, «слишком опасно».","Голландская полиция присвоила вещественные доказательства, собранные журналистом.",entailment,train
"""""""И когда я узнал, какие там результаты в моей Москве, просто сегодня не мог не прийти"""", - отметил он. Чуть дальше стояла группа молодых людей с плакатами в виде """"диалогов"""" и надписью: """"Свобода выбора"""", """"Свобода должна быть не только в Facebook"""". """"Мы здесь, потому что мы против того, чтобы за нас кто-то что-то решал, хотим честности, справедливости, и чтобы нас услышали"""".""",У молодых людей были плакаты.,entailment,train
"Сборка уникального аттракциона шла такими темпами, что конструкция быстро обрела очертания громадного колеса.",Уникальный аттракцион собрали быстро.,entailment,train
"""Как передают корреспонденты """"Интерфакса"""", несколько десятков человек вышли из вестибюлей станций метро """"Арбатская"""", """"Чистые пруды"""", """"Кропоткинская"""" и """"Тверская"""", расположенных на бульварном кольце. Как заявил """"Интерфаксу"""" один из организаторов акции Александр Щербаков, из-за принятого закона о митингах официально акция была отменена, однако люди самостоятельно выходят погулять по бульварам. """"Сама акция отменена, потому что теперь это незаконно"""".""",Официально акцию согласовали.,not_entailment,train
"Органы Следственного комитета РФ по Ростовской области предъявили депутату Госдумы от КПРФ Владимиру Бессонову обвинение в применении насилия в отношении представителя власти в связи с исполнением им своих должностных обязанностей, говорится в сообщении СК РФ.",Бессонов поколотил представителя власти.,not_entailment,train
Премьер-министр РФ Владимир Путин поручил правительству в течение недели проработать текст послания президента и представить ему соответствующие предложения по работе кабинета министров.,Путин избавил правительство от поручения.,not_entailment,train
"Но дискуссия по этому поводу может стать бесплодной, поскольку в принятом недавно техрегламенте Таможенного союза на зерно функция контроля качества зерна со стороны государства не предусмотрена.",Новый техрегламент Таможенного союза на зерно упустил вопрос о контроле качества зерна государством.,entailment,train
"История захватывающая. Только вот заявитель, рассказывая ее, постоянно путался в показаниях. Кроме того, оказалось, его жена видела, как мужчина сам садился за руль и отъезжал от дома.",Заявитель запутался в собственной истории.,entailment,train
"Вас ждет добрая и поучительная сказка о мире волшебства, где юные волшебники, попадая в сложные испытания, справляются со всеми выкрутасами мага страны мыльных пузырей и празднуют торжество добра, дружбы и справедливости!",Юных волшебников побеждает маг страны мыльных пузырей.,not_entailment,train
"Королева Великобритании Елизавета II одобрила принятый ранее парламентом законопроект о легализации однополых браков, сообщают в среду местные СМИ. Таким образом, этот нормативный акт вступил в законную силу. Ожидается, что первые однополые браки будут заключены не ранее следующего лета, так как властям страны необходимо разрешить ряд бюрократических вопросов, связанных с регистрацией таких союзов.",Английская королева легализовала однополые браки.,entailment,train
"Будучи нетрезвым, он не справился с управлением. Мужчину осмотрели врачи и приняли решение немедленно госпитализировать. Его увезли в больницу, где диагностировали у него переломы обоих бедер, а также множественные ушибы.",Мужчина осмотрел докторов.,not_entailment,train
"Предполагается, что он получил деньги за помощь в получении субсидий, выделяемых на закупку производственного оборудования в лизинг одной из организаций, у которой в документах была завышена стоимость техники.",Он помогал непременно получить субсидию.,not_entailment,train
"""Миноритарий банка Алексей Навальный заявил тогда, что покупка буровых установок была совершена по завышенной цене и через офшор, собственники или бенефициары которого не известны. """"Я не понимаю, почему весь набсовет ничего не делает (чтобы расследовать сделку). Вы пособники этой кражи, потому что вы получаете деньги, чтобы защищать наши интересы"""".""",Навальный обвинил наблюдательный совет в бездействии.,entailment,train
"Для одних банковская карта – залог сохранения денег, потому что «не снял, значит, не потратил».",Банковская карта учит экономии.,entailment,train
"""За два последних года мы потеряли 50 процентов профессиональных риэлторов, потеряли мы и в качестве — агентства и предприниматели ушли в тень. Усложнилась работа и оставшихся в строю. Поскольку на вторичный оборот вышли объекты, которые были приобретены """"по ипотекам и материнскому капиталу"""".""",Работа риэлторов наконец стала проще.,not_entailment,train
"""Без донорского сердца шансов у пациента не было - тяжелая кардиомиопатия очень скоро привела бы к гибели. В краевой больнице подчеркивают: донорское сердце они получили от коллег из СКЦ ФМБА России: """"Благодаря координации больниц, оперативной работе всех служб, донорскому сердцу, доставленному в ККБ всего лишь за 1,5 часа, в отделении кардиореанимации сидит и с тоской смотрит на дверь крупный красивый мужик. Ему хочется домой, потому что там, впереди - целая жизнь"""".""",Пациент бы умер без донорского сердца.,entailment,train
"Паром, совершавший рейс из Занзибара, с более 600 пассажирами на борту потерпел крушение у берегов Танзании, сообщает британская телерадиокорпорация Би-Би-Си. По данным местной полиции, около 260 пассажиров были спасены, остальные числятся пропавшими без вести. Точное число пропавших установить не удается, поскольку паром, по словам очевидцев, был переполнен.",У берегов Танзании затонул паром.,entailment,train
"Улица Абдымомунова, на которой расположена Старая площадь, будет недоступна для водителей на отрезке от Раззакова до Орозбекова. Улицу Киевскую также перекроют от проспекта Эркиндик до Панфилова. Проезд открыт только для автобусов и троллейбусов, но не для маршруток, так как они могут создать заторы на дороге.",По Киевской улице будет запрещен проезд маршруток.,entailment,train
"Производители молока подали в суд, который в итоге вынес решение.",Производители молока решили судиться.,entailment,train
"К сожалению, барнаульцы не смогли взять реванш после первого досадного поражения 63:64. Во втором матче на площадке в составе хозяев появился Глеб Бейгельзимер, который не принимал участия в первой игре. Он давно знаком алтайским болельщикам, так как уже защищал цвета нашей команды.",Глеб Бейгельзимер уже защищал цвета нашей команды.,entailment,train
"""Есть еще нерешительная пара  -  экскурсовод и повар придорожного кафе, которым достается сюжет Пиросмани про миллион алых роз. Ну, и, наконец, героиня Анны Михалковой, без промаху продолжающая найденную ранее и успешно продолженную актрисой  в """"Кококо"""" комедийную расшифровку своего таланта. В """"Любви с акцентом"""" она бесстрашно отправляется в """"отпуск по зачатию"""", потому что дома уже совсем не получается.""",Экскурсовод и повар придорожного кафе не особо решительны.,entailment,train
"""Его кандидатуру предложил губернатор Тульской области Владимир Груздев, Медведев ее поддержал. """"Михаил Анатольевич, вы как к этой идее относитесь? Потому что на такие позиции нельзя приходить просто потому, что тебя назвали в присутствии президента"""".""",Медведев поддержал кандидатуру.,entailment,train
"Календари охватывают период ожидания Рождества Христова, который длится около четырех недель.",Календари охватывают примерно двухмесячный период.,not_entailment,train
"Как выяснилось, причиной аварии на станции стало обрушение крыши в районе пятой турбины: рухнувшая кровля повредила трубы газопровода, от этого и произошел взрыв.",Пятая турбина рухнула на трубы газопровода.,not_entailment,train
"Прибывшие на место спасатели выяснили, что загорелась частная баня.",Спасатели прибыли к горящей бане.,entailment,train
"Неизвестные совершили ограбление банка в столице Германии Берлине, вскрыв сейфовые ячейки клиентов, сообщило в понедельник агентство EFE со ссылкой на местных полицейских. Грабители прорыли подземный туннель 30 метров в длину для того, чтобы проникнуть в хранилище банка. По словам берлинских стражей порядка, ограбление совершили профессиональные воры, так как они в готовились к нему в течение нескольких месяцев и не могли вырыть туннель за одну ночь.",В столице Германии ограблен банк.,entailment,train
"Модельер не явился за заседание суда, чтобы избежать встречи с журналистами и не попасть в объективы камер. Адвокаты обвиняемого ранее заявили о том, что Гальяно потерял над собой контроль из-за злоупотребления алкоголем и поэтому нагрубил посетителям. Один из адвокатов сказал, что его подзащитный не помнит, что происходило в баре, так как он был болен.","Гальяно не помнит, что происходило в баре.",not_entailment,train
"""С ним было сложно работать, но всегда интересно"""", - добавила она. Отвечая на вопрос, какие изменения могут произойти в эти дни с уходом Кудрина с поста министра финансов, Набиуллина заявила, что """"политика и приоритеты политики определяются президентом, правительством, и мы будем их реализовывать"""". """"Но, наверное, какие-то возможны изменения, потому что уходит фигура такого масштаба"""", - сказала министр.""","Набиуллина отметила, что с уходом Кудрина изменений не будет.",not_entailment,train
"Напомним, мужчина убил наркомана, ворвавшегося к нему в дом.","Наркоман погиб, ворвавшись в дом к мужчине.",entailment,train
"""""""У нас есть возможность запретить работающим людям получать пенсию. Но нужно делать это очень аккуратно, потому что если человек хочет работать, то пусть работает, конечно"""".""","""""""Запрещать работающим людям получать пенсию нужно очень аккуратно, потому что пусть люди работают"""".""",entailment,train
"""""""Двух игроков мы сразу потеряли из-за травм и уже начиная со стадии плей-офф столкнулись с не очень хорошим судейством"""", - cказал Лихачев на пресс-конференции в четверг в Москве. """"Где-то удача повернулась к нам лицом, где-то мы ее сами выловили. Но я считаю, что мы заслуженно победили на этом турнире, потому что оказались сильнее очень достойных команд"""", - сказал наставник.""",Команда Лихачева победила.,entailment,train
"""""""Мы в ежедневном формате с коллегами в Турции держим связь, никаких инцидентов нет, паник нет среди российских граждан и российских туристов. Абсолютно спокойная ситуация. Кончено, есть напряжение, потому что это крайне шокирующая новость"""".""",Российские туристы никогда не паникуют.,not_entailment,train
"""Газета """"Известия"""" в начале января, ссылаясь на опрос среди неназванных высокопоставленных сотрудников администрации президента, сообщила, что """"ударниками"""" в правительстве считаются семь министров, девять работают """"стабильно"""" и """"хорошо"""", пять получили оценку """"малоэффективно"""". Пресс-секретарь премьера Наталья Тимакова тогда довела до журналистов позицию Медведева, заявив, что, по его мнению, """"единственным человеком, который может оценивать эффективность деятельности отдельных министров и правительства, может быть только президент"""". """"Что же касается высокопоставленных сотрудников администрации, если такие существуют, а не придуманы журналистами, так как в заметке не названа ни одна фамилия, то их обязанности определены - обеспечивать деятельность главы государства"""", - отметила она.""","""Газета """"Известия"""" сама померила эффективность министров.""",not_entailment,train
"Автор сообщения утверждал, что трое парней, в том числе и водитель, были пьяные.",Автор сообщения не был пьян.,not_entailment,train
"Женщину доставили в больницу, за ее жизнь сейчас борются врачи.",Женщину спасли врачи.,not_entailment,train
"В октябре ее закрывали на ремонт: в правой части центрального блока здания усилили каркас стальными канатами, укрепили и усилили фундамент, завершили восстановление поврежденной отделки.",Поврежденную отделку полностью восстановили.,entailment,train
"Московскому институту теплотехники (МИТ) сейчас затруднительно выполнить гособоронзаказ о поставках подвижных ракетных комплексов «Ярс». Речь идет о поставках частей гидравлических систем «Ярса». Подольский электромеханический завод не сможет вовремя снабдить комплекс необходимым оборудованием, поскольку столкнулся с экономическими затруднениями.",МИТ выполнил гособоронзаказ.,not_entailment,train
"Как стало известно, женщина воровала в автобусах либо на остановках транспорта.",Женщина совершала кражи в автобусах либо на остановках транспорта.,entailment,train
"""Она до сих пор остается единственным человеком, у которого есть к нему доступ. Мне кажется, это человек, чья репутация абсолютно безупречна, гарантированна, никто не посмеет ее упрекнуть в каких-нибудь злоупотреблениях"""", - указал, в свою очередь Пархоменко в интервью телеканалу """"Дождь"""". Он отметил с иронией, что был бы рад, если бы эта проверка привела к судебному разбирательству, так как тогда бы пришлось вызвать в суд всех, кто переводил деньги, а таковых, по его словам, сотни тысяч человек.""","""Пархоменко дал интервью телеканалу """"Дождь"""".""",entailment,train
"Однако через полчаса правоохранители задержали его. Мужчина признал вину. Рассказал, что зашел в квартиру, потому что она была открыта.",На задержание мужчины ушло полчаса.,entailment,train
"Сотрудница поезда забыла предупредить людей, что поезд прибывает на станцию Алтайская. В итоге, когда поезд уже тронулся от перрона, проводник скомандовала пассажирам: прыгайте из вагона. - Она настояла на высадке людей из вагона после начала движения поезда, - сообщает Западно-Сибирское следственное управление на транспорте.",Проводница ненавидит людей.,not_entailment,train
"""""""Я надеюсь, они услышат. Это касается премий, доходов.... Нужно понимать, в какой стране мы живем, и не раздражать людей"""", - подчеркнул президент. Позже он добавил: """"То, что пресса """"пощипывает"""" представителей крупного бизнеса и чиновников - это хорошо"""".""","""Президент расстроен, что пресса """"пощипывает"""" чиновников и представителей крупного бизнеса.""",not_entailment,train
"""""""Я был рожден в тюрьме, где я не могу свободно выражать свое мировоззрение"""", - сказал он. """"Нападения носили превентивный характер, и поэтому я не признаю за собой уголовной вины"""", - сказал он, добавив: """"Я должен быть освобожден"""". По его словам, он повторил бы все снова, поскольку им двигало добро, а не зло.""","По его словам, им двигало добро, а не зло.",entailment,train
"""Как заявляли в октябре представители нигерийских властей, судно зашло в территориальные воды Нигерии без разрешения, тем самым нарушив местное законодательство. В Moran Security """"Интерфаксу"""" заявили, что считают задержание корабля необоснованным. """"Мы считаем этот арест необоснованным, потому что о заходе судна в порт было известно заранее"""".""",Судно вошло в акваторию Нигерии.,entailment,train
"Это не значит, что всему обществу надо становиться стукачами. Но все должны играть по единым правилам. И если, кто-то думает, что он может эти правила не соблюдать, то его сосед говорит: Хорошо, но я не хочу платить за тебя налоги.",Правила должны быть едины для всех.,entailment,train
"Руки подсудимого были забинтованы и находились не за спиной, как это положено, а спереди. По просьбе мужчины наручники не зажали максимально плотно. Как только украинец был доставлен в суд, наручники сняли.",Подсудимый хотел стать украинцем.,not_entailment,train
"""26-летний житель Советского района Ставропольского края обвиняется в покушении на изнасилование несовершеннолетней. Как сообщили """"Комсомольской правде на Северном КАвказе"""" в пресс-службе СУ СК по СК, 22 июля прошлого года мужчина пришел в одну из торговых точек Георгиевска, где 16-летняя девочка подменяла продавца. Подозреваемый сначала ударил свою жертву по лицу, потом попытался изнасиловать, но не смог, так как на крики девочки прибежали прохожие.""",Девочку спасли от изнасилования прохожие.,entailment,train
"В конце года итоги подводят все службы. Не исключение и комитет природных ресурсов. Они посчитали количество рейдов и то, сколько удалось взыскать с нарушителей.","Комитет природных ресурсов определил, сколько удалось взыскать с нарушителей.",entailment,train
"Деньги у девушки пропали, когда она ехала в такси.","Когда девушка вышла из такси, денег не было.",entailment,train
"Среди этих товаров есть зубные щетки и паста, их якобы не хватает. Позавчера я минут десять выбирала самую мягкую зубную щетку, а вот зубной пасты для чувствительных десен действительно не хватает. В некоторых кафе перестали подавать воду, потому что закончилась, в других все также приносят бесплатный стакан воды.",Во всех кафе стали подавать воду.,not_entailment,train
"""Представители России реагировали на резолюцию с недоумением и возмущением. """"Это решение (принятие подобной резолюции – ИФ) является вопиющим фактом вмешательства во внутренние дела РФ и попыткой дестабилизировать общественно-политическую ситуацию в нашей стране, не основанной на реальном знании фактов. Попыткой, граничащей с провокацией, поскольку парламентарии не могли не предвидеть реакцию российского общества на подобные действия, оскорбительные для любого суверенного государства"""", - говорилось, например, в заявлении Общественной палаты.""",Обшественная палата отозвала заявление.,not_entailment,train
"""В столице Эстонии в воскресенье были прекращены поиски медведя, который бродил утром по улицам жилого района Пирита возле Певческого поля и направлялся в сторону жилого массива Ласнямяэ. В спасательном департаменте сообщили """"Интерфаксу"""", что активные поиски животного прекращены около половины третьего, так как оно, скорее всего, покинуло город. В то же время спасатели призывают жителей города не терять бдительности, поскольку медведь может вновь объявиться.""",Спасатели пугают жителей Вильнюса возможностью встречи с медведем.,not_entailment,train
"Конкурс называется «Потребительский юмор, или нарочно не придумаешь».",У конкурса пока нет названия.,not_entailment,train
"""В противном случае, по его словам, правоохранительные органы """"будут отлавливать нас любыми способами, мы знаем, как это делается"""". """"Бояться нам нечего, скрывать тоже. Единственное, о чем мы будем просить - чтобы нас долго не задерживали, поскольку я как один организаторов """"Марша миллионов"""" обязан присутствовать на этой акции"""", - сказал оппозиционер.""",Оппозиционер боится и что-то скрывает.,not_entailment,train
"""""""От своих действий я не отказываюсь, я стрелял, но, видит Бог, ничьей смерти я не хотел. Я просто хотел предотвратить нападение на меня, - сказал Черкесов. - Я ходатайствовал о суде присяжных, потому что хотел, чтобы меня судил народ"""".""",Черкесов не хотел ничьей смерти.,not_entailment,train
"Парень пытался убежать, но не смог, а позже всю ночь боялся показаться дома. Скорую вызывали уже родители, а врач позвонил следователям. Потерпевший перенес несколько операций на внутренних органах, но остался жив.",Следователей вызвал врач.,entailment,train
"Я себе оправдания не ищу, но это стало толчком к моему будущему. Если бы застал измену, я бы, может, вообще по-другому поступил. Каждый человек по-своему переживает: кто-то легко прочувствовал все и забыл, кто-то болезненно.",Мне нужны оправдания для себя.,not_entailment,train
"Деканат в восторге, студенты в восторге. Но вдруг им сообщили, что это нельзя. Потому что они с охраной не вовремя согласовали.",Студенты и деканат недолго были в восторге.,entailment,train
"Волгоградский прокурор по надзору за соблюдением законов в исправительных учреждениях внес представление в адрес начальника областного УФСИН. Впоследствии четверым из провинившихся сделали выговоры и замечания. Остальные избежали наказания, потому что уже уволились или перевелись.",Выговоры и замечания получили четверо.,entailment,train
"""Гражданка Украины Анхар Кочнева, которая находилась в плену у сирийских повстанцев, намерена приехать на Украину через неделю и провести пресс-конференцию для украинских журналистов. """"В Киев я не вернусь, а посещу его. Я не могу сказать день, потому что я не хочу давать шанс себя отловить"""".""","Кочнева обещала не только навестить Киев, но и вернуться туда.",not_entailment,train
"Но мир не без добрых людей. Нашелся меценат, который взял все расходы на себя. Мы сейчас не говорим о технической составляющей: соответствуют ли шарики и гирлянды тому, что мы прописывали в документации, - пояснил чиновник.",Меценат взял часть расходов на себя.,not_entailment,train
"""""""Под амнистию обязательно должны попасть фигуранты """"болотного дела"""" и, само собой, фигуранты """"дела ЮКОСа"""" — сколько можно их там терзать"""", — сообщила она. Со своей стороны, адвокат Ходорковского Вадим Клювгант сказал """"Интерфаксу"""", что принятие решения об амнистии для его клиента будет зависеть от политической воли тех, кто на такое решение уполномочен. """"Я не уверен, что это будет единственный проект (амнистии), потому что ничего не мешает другим субъектам подготовить свой"""".""","""Обсуждается вопрос об амнистиях для фигурантов """"болотного дела"""" и """"дела ЮКОСа"""".""",entailment,train
"Как констатируют в областной полиции, проблема пьянства за рулем продолжает оставаться для Еврейской автономии актуальной.",В Еврейской автономии возникли проблемы у пьяных за рулем.,not_entailment,train
"Маршрутный автобус, немного постояв на запрещающий сигнал светофора, почему-то не выдержал и рванул напрямик.",У маршрутного автобуса кончился бензин.,not_entailment,train
"""Как сообщил уполномоченный при президенте РФ по защите прав предпринимателей Борис Титов со ссылкой на Минюст, на данный момент в России 8 человек освобождены из СИЗО, пять из колоний. """"Первый вывод - амнистия начала работать"""", - пояснил Титов на пресс-конференции во вторник. Он добавил, что ожидать больших цифр сразу нельзя, потому что люди должны получить справки о погашении ущерба.""",В России начали освобождать заключенных.,entailment,train
"Улицы частично оказались затоплены, но в ночь отключать тепло в жилых домах не стали.",Ночью в жилых домах было тепло.,entailment,train
"""По его словам, именно так рождается демократическая система, политическая конкуренция. Главной задачей второго тура, по мнению Прохорова, станет ограничение президентской власти. """"Когда я выиграю выборы, первое, что я сделаю, я ограничу власть президента, потому что баланс власти нарушен"""".""","Прохоров считает, что второй тур призван ограничить власть президента.",entailment,train
"""""""Сборная Тульской области"""" на 28 Международном фестивале """"КиВиН-2017"""" в Сочи оформила выход в Премьер-лигу КВН. Радостной новостью команда поделилась на странице в соцсети: """"Мы в Премьер-лиге! На протяжении всего фестиваля мы намеренно не делали никаких объявлений и не рассказывали о новостях команды, так как после прошлогоднего фестиваля боялись сглазить самих себя"""".""","""Сборная Тульской области теперь в Премьер-лиге """"КиВиН-2017"""".""",not_entailment,train
"""""""На машине Айрата  Мардеева с целью улучшения развесовки мы поменяли расположение топливного бака - поставили его вдоль рамы и максимально сместили назад. Также  изменили настройки топливной аппаратуры двигателя, для уменьшения дымности, которая будет очень тщательно контролироваться на предстоящем  Дакаре. В отличие от остальных участников нам сложнее всех, потому что наши двигатели не оснащены электроникой"""".""",Двигатели остальных участников оснащены электроникой.,entailment,train
"Мужчины распивали алкоголь и вдруг поругались. Словами дело не ограничилось. Один из собутыльников схватил кухонный нож и ударил своего соперника. После этого, как ни в чем не бывало он просто ушел из помещения.",Перебранка закончилась ударом кухонного ножа.,entailment,train
"""""""Я просто хотела попробовать покрытие, хотела выступить на чемпионате России и провериться - у меня было мало стартов в этом сезоне. Я то болела, то ногу лечила, поэтому не могла сделать столько стартов, сколько мы планировали с тренером. Здесь я хочу просто попрыгать в удовольствие, так как норматив у меня есть"""".""","Мы с тренером планировали меньше стартов, чем я сделала в этом сезоне.",not_entailment,train
"Он нашел сборник в 1996 году, но решил, что спустя столько лет книга стала семейной собственностью. Возвращая сборник в библиотеку, Джонсон сообщил, что теперь его мучает совесть за то, что продержал библиотечный экземпляр больше 20 лет. Штрафа он избежал, так как учреждение проводит акцию — просит читателей вернуть просроченные книги.",Джонсон вернул книгу в библиотеку с задержкой.,entailment,train
"Как рассказали в пресс-службе УМВД по Липецкой области, потерпевший арендовал помещения под свой бизнес в одном из торговых центров в Липецке. После того, как арендатор повысил стоимость аренды, он съехал и остался должен определенную сумму денег. Бизнесмен попросил отсрочить выплату, так как возникли проблемы в бизнесе.",У предпринимателя возникли проблемы в бизнесе.,entailment,train
"В ведомстве отметили, что подозрительную машину вечером 23 января заметили на улице 23 июля. Стражи порядка на дорогах решили остановить иномарку, чтобы проверить документы водителя. Так как вёл себя он не как самый трезвый участник дорожного движения, то полицейские провели медицинское освидетельствование.",Полицейские отпустили иномарку.,not_entailment,train
"Между тем не исключено, что водитель совершил наезд умышленно. После инцидента стражи порядка задержали его. По словам очевидцев, мужчина, находившийся за рулем, вел машину весьма странным образом, при этом, врезавшись в толпу, он даже не попытался затормозить.",Мужчина врезался на машине в толпу неумышленно.,not_entailment,train
"Итальянский астронавт Лука Пармитано вынужден прекратить выход в открытый космос и вернуться на станцию из-за проблем в системе жизнеобеспечения скафандра, сообщает сайт НАСА. По данным американского сайта, в лицевой части скафандра у астронавта скопилась влага, которая мешает ему работать. Некоторое время американские специалисты пытались понять, из какой системы произошла утечка, однако установить точно не смогли, поскольку в системе жизнеобеспечения скафандра много систем с жидкостью.",Итальянский астронавт Лука Пармитано столкнулся с непредвиденными трудностями в открытом космосе.,entailment,train
"Тверские полицейские сумели по горячим следам задержать мужчину, которого подозревают в покушении на убийство.",У подозреваемого были горячие следы.,not_entailment,train
"""Без донорского сердца шансов у пациента не было - тяжелая кардиомиопатия очень скоро привела бы к гибели. В краевой больнице подчеркивают: донорское сердце они получили от коллег из СКЦ ФМБА России: """"Благодаря координации больниц, оперативной работе всех служб, донорскому сердцу, доставленному в ККБ всего лишь за 1,5 часа, в отделении кардиореанимации сидит и с тоской смотрит на дверь крупный красивый мужик. Ему хочется домой, потому что там, впереди - целая жизнь"""".""",Крупному красивому мужику спасло жизнь донорское сердце.,entailment,train
"Срок был продлен на два года, поскольку для обладателей патентов необходим переходный период для того, чтобы иметь возможность адаптироваться к деятельности в качестве индивидуальных предпринимателей.",Обладатели патентов сейчас адаптируются к деятельности в качестве индивидуальных предпринимателей.,entailment,train
"""""""Это серьезная прибавка"""", - сказал журналистам в пятницу экс-министр финансов, который приехал на министерскую конференцию ВТО в Женеву по приглашению руководителя организации Паскаля Лами. """"Больше сможем производить, больше рабочих мест и инвестиций. Потому что сможем торговать на других рынках более свободно, можем расширять производства более смело"""", - отметил он.""",Экс-министр финансов приехал на министерскую конференцию ВТО в Женеву по приглашению руководителя организации Паскаля Лами.,entailment,train
"На ней будут представлены рукотворные вещицы, которые станут отличным подарком к Новому году и Рождеству, а также авторские игрушки, предметы интерьера, украшения, сувениры, одежда, которые подарят настроение праздников.",Предметы интерьера всегда дарят праздничное настроение.,not_entailment,train
"""Также ребята, в рамках акции """"Студенческий десант"""", узнали о комплексе """"Безопасный город"""", и задали стражам порядка вопросы.""",Ребята задали вопросы.,entailment,train
"Народ уже задумывается, куда отправится повеселиться.",Народ не готов веселиться.,not_entailment,train
"Теперь водителям не обязательно будет сразу оплачивать расходы на эвакуацию, и, как следствие, предъявлять документ об оплате также теперь не требуется.",Раньше водители должны были сразу оплатить эвакуацию.,entailment,train
"Я об этом мечтаю. Кто в это не верит - я сожалею. Кто призван это сделать, но не хочет, с ними мы расстанемся.",Мы расстанемся со многими.,not_entailment,train
"Ряд тульских СМИ сообщают, что пенсионер умер своей смертью. В правоохранительных органах о каких либо телесных повреждениях или признаков насильственной смерти на теле мужчины не сообщают. Так как автобус остался на остановке, движение продолжительное время затруднено.",Пенсионера убили.,not_entailment,train
"Трагедия произошла из-за того, что водитель машины забыл закрыть дверь.",Водитель машины не закрыл дверь.,entailment,train
"В область приходит, как сейчас принято говорить, «инвестор». А на самом деле - непонятная фирма, которая хотела снести здание театра, получить лакомый кусок земли в центре района и построить там, например, торговый центр! И все для этого уже сделали, имущество списали, деревья спилили, здание признали аварийным!",Инвестор снес здание театра.,not_entailment,train
"""Поисковые группы в Республике Алтай так и не смогли в пятницу вылететь на поиски обломков """"Прогресса"""", сообщил агентству """"Интерфакс-Сибирь"""" источник в силовых структурах Турочакского района республики. Вертолеты и поисковые группы весь день ожидали восстановления ясной погоды на базе в поселке Артыбаш в районе Телецкого озера. """"Два дня мы не ищем обломки, потому что просто не дает погода"""".""",Погода не дает искать обломки.,entailment,train
"""""""Это очень хороший и неожиданный показатель, который опровергает опасения высокого уровня неявки избирателей, которые высказывались накануне дня голосования"""", - заявил генеральный директор Института исследования общественного мнения CSA Бернар Сананес в эфире телеканала. Тем не менее эксперт предостерег от преждевременных выводов, так как, по его мнению, """"существует разница между утренним и вечерним голосованием"""".""",Эксперт напомнил о разнице между утренним и вечерним голосованием.,entailment,train
"В настоящее время производственная  мощность завода составляет 150 тысяч автомобилей в год, и при благоприятной тенденции продаж планируется до 2012 года увеличить производство до 200 тысяч автомашин. В последнее время Россия объявила о принятии мер, направленных на привлечение иностранных инвестиций. Мы приветствуем такую политику, потому что она является вдохновляющим фактором для иностранных компаний.",Мы не одобряем инвестиции из-за рубежа.,not_entailment,train
Потому что в них есть душа.,В них есть душа.,entailment,train
"Мурманскую область в финале соревнования представляла 25-летняя Кристина Белова из Кандалакши. Северянка дошла до Топ-24 самых обаятельных девушек страны, успев поучаствовать в общем выходе и дефиле в купальниках.",Северянка на самом деле родилась в Сочи.,not_entailment,train
"""""""И как не подумать о том, что, используя визовый вопрос, хотят такой формой давления получить нечто другое от России на иных направлениях отношений?"""" - предположил Малосс. """"Я нахожу это недостойным, и не боюсь употребить такое слово, потому что тем самым делают заложниками миллионы людей с обеих сторон, особенно с российской, но и с нашей тоже"""".""","Малосс предполагает, что визовый вопрос используется как форма давления.",entailment,train
"Когда его пригласили к приставам, мужчина кулаком в грудь бил себя, уверяя, что напрасно приставы к нему пристали.",Мужчину не звали к приставам.,not_entailment,train
"Второй аргумент: все читаем и видим, что надвигается вторая волна кризиса. Мы ее ощущаем кожей. Может ее и не быть, потому что когда об этом не говорили, вдруг разразилось, а когда говорят, может, и не быть.",Кризис закончился.,not_entailment,train
"Я не знаю, продолжатся ли переговоры в этом году, или уже после праздников. Сейчас сложно сказать. В каком именно суде находится дело, издание не уточняет.",Переговоры нет смысла продолжать.,not_entailment,train
"Ранее сообщалось, что, по версии следствия, в 2012-2013 гг. работники Балахнинской городской прокуратуры и представители отдела надзорной деятельности по Балахнинскому району ГУ МЧС России по Нижегородской области трижды проверяли соблюдение правил пожарной безопасности индивидуальным предпринимателем, занимавшимся производством пластиковых окон. За выявленные в ходе проверок нарушения предприниматель неоднократно привлекался к административной ответственности, однако устранить недостатки не смог, так как это требовало значительных затрат времени и денег.",Предприниматель устранил недостатки.,not_entailment,train
"Специалисты трудовой инспекции провели внеплановую проверку на заводе и выяснили, что предприятие действительно имеет большие долги по зарплате.",Долги завода по зарплате велики.,entailment,train
"На первом же заседании подсудимый попытался отвести весь состав суда – под предлогом того, что судьи также были вкладчиками «НМБ» и поэтому могут предвзято к нему отнестись. Однако в ходатайстве было отказано, так как подобных обстоятельств не установлено. Однако заседание суда все же пришлось перенести, так как другое ходатайство - о возврате уголовного дела прокурору, поскольку подсудимый и адвокаты не ознакомлены со всеми материалами дела – пришлось удовлетворить.",Заседание суда перенесли в другой город.,not_entailment,train
"Их стоит запускать в подъезды, офисы и магазины. Желательно также кормить животных. Собаки, а тем более кошки не смогут на улице пережить холод, когда температура воздуха опускается ниже -30 градусов.",В холода животных желательно кормить и пускать в подъезды и магазины.,entailment,train
"""В Идрицкой исправительной колонии в Себежском районе Псковской области обнаружено тело повешенного 29-летнего осужденного, сообщает в пятницу пресс-служба регионального СКР. """"Утром 5 июля на территории исправительной колонии труп мужчины был найден в повешенном состоянии"""", - отмечается в сообщении ведомства. По предварительным данным, мужчина мог покончить с собой, так как у него возникли проблемы в семье из-за того, что он, будучи судим ранее, совершил новое преступление и был вновь лишен свободы.""",В колонии погиб заключенный.,entailment,train
"""Угроза взрыва на Комсомольской площади перед Ярославским вокзалом оказалась ложной. Как сообщил журналистам начальник ГУ МВД по Москве Владимир Колокольцев, """"гражданин оставил свою машину и ушел по своим делам"""". """"Было основание полагать, что эта машина несет угрозу, так как на заднем сиденье была бочка с краской"""", - сказал он.""",Бочка с краской представляла угрозу.,not_entailment,train
"""Владимир Путин поставил точку в вопросе о деньгах, ошибочно выделенных на восстановление домов, пострадавших от наводнения в Крымском районе Краснодарского края. Соответствующее заявление президент сделал на состоявшемся во вторник в Сочи совещании по выполнению поручений о ликвидации последствий наводнения. """"Чего не следовало делать, так это отбирать эти деньги у людей, потому что они же могли уже их истратить"""".""",Крымский район Краснодарского края пострадал от наводнения.,entailment,train
"Они и решили выяснить, кто же из них лучше всех поет.",Кто-то из них лучше всех поет.,entailment,train
"Как рассказали «Комсомольской правде» в пресс-службе, одним из вопросов стало рассмотрение показателей бюджета города.","В пресс-службе отметили, что у города нет бюджета.",not_entailment,train
"Эвакуация гостей и персонала самой гостиницы не потребовалась. Напомним, ранее в Шерегеше горела еще одна гостиница – AYS. Так как огонь вспыхнул в подсобке, всех постояльцев пришлось вывести на улицу.",Гостиницам в Шерегеше не везет.,entailment,train
"Оказалось, что пострадавшая была пьяна.",Пострадавшая была в состоянии опьянения.,entailment,train
"""""""А есть же люди тоже, которые сейчас разделяют позицию этого корреспондента и говорят, что Плющенко - обманщик, что он обманывает. Невозможно после операции на позвоночник ходить на второй день, понимаете? Поэтому я просто хочу также защитить наших дальнейших спортсменов, потому что сейчас на меня напали, в следующий раз нападут на более, может быть, слабого какого-то спортсмена, но который защищает честь и достоинство нашей страны"""", - продолжил Плющенко.""","Корреспондент доказал, что Плющенко обманщик.",not_entailment,train
"""""""Только что сообщили, что он скончался в реанимации"""", - сказал собеседник агентства. Как добавили в пресс-службе, шестиклассник обычно сидел за предпоследней партой, откуда он и направился к классному окну. """"Никто не успел понять, как он смог выпрыгнуть, потому что в школе стоят стеклопакеты"""".""",Шестиклассник умер в реанимации после прыжка из окна школы.,entailment,train
"Видел я его в тот вечер при задержании: спокойный, как удав, сидел в машине. Теперь дурачком решил прикинуться? В магазине было несколько покупателей, ищу очевидцев, вдруг это следствию поможет.",Ищу очевидцев из числа покупателей.,entailment,train
"Как сообщила в понедельник газета Daily Telegraph, ожидается, что во вторник законопроект будет отправлен на окончательное согласование в нижнюю палату парламента. Никаких препятствий на пути к окончательному принятию законопроект не должен встретить, поскольку ранее палата общин уже одобрила его первоначальную версию подавляющим большинством голосов.",Газета рассказала о тёмном прошлом законопроекта.,not_entailment,train
"""""""Мы однозначно обжалуем это предостережение. Сейчас обсуждаем этот вопрос с юристами"""", - сказала глава Transparency International-R Елена Панфилова в пятницу """"Интерфаксу"""". """"Нас предупредили, что в случае получения какого-либо финансирования из-за рубежа мы должны будем зарегистрироваться в качестве иностранного агента, поскольку занимаемся политической деятельностью"""".""","""""""В случае получения денег из-за рубежа мы должны зарегистрироваться как иностранный агент, поскольку занимаемся политикой"""".""",entailment,train
"""Как сообщили «Комсомольской правде» в пресс-службе музея, выставка получила название """"Добрые друзья детства"""".""","""О названии выставки """"Комсомольская правда"""" узнала у пресс-службы музея.""",entailment,train
"В управляющей компании зря надеются, что подобные действия могут пройти безнаказанно.",Управляющую компанию не накажут.,not_entailment,train
"""""""Знакомы ли Вы со своими новыми коллегами – Никитиным, Яблонским, Аветисяном?"""" - """"Да, со всем директорами мы пообщались, и, на мой взгляд, мы очень хорошо друг друга дополняем. Я вам честно скажу, что я бы не смог собрать команду лучше, потому что это тот случай, когда достоинства одних покрывают недостатки других"""".""",Команду лучше собрать трудно.,entailment,train
"Представители активной молодежи Саратовской области на пресс-конференции в «КП»-Саратов затронули важные темы для студенчества и молодежи. Говоря о развитии студенческого сообщества, региональный куратор ассоциации студенческих коммуникаций «Кампус» Дмитрий Горбунов подчеркнул, что их сообщество впервые появилось в регионе в этом году.",На пресс-конференции побывали представители активной молодежи.,entailment,train
"Судебные приставы предупреждают жителей Липецкой области о том, что в преддверии новогодних каникул должникам активно ограничивают выезд за границу.",Приставы наградили жителей Липецкой области.,not_entailment,train
"Хозяину телефона ничего не оставалось, как звонить в полицию. Сотрудники уголовного розыска быстро нашли подозреваемую – ей оказалась ранее не судимая жительница Центрального округа. Женщина во всем призналась, но телефона при ней не оказалось.",Хозяин телефона позвонил в полицию.,entailment,train
"""Бывший глава полиции ранее подтвердил, что он перешел на сторону мятежников. """"Я объявляю, что дезертировал из армии и присоединяюсь к народной революции"""", - говорится в видеообращении, распространенном этим военным. Он пояснил, что принял такое решение, так как сирийская армия уничтожает мирных жителей вместо того, чтобы защищать их.""",Бывший глава полиции встал на сторону народной революции.,entailment,train
"Мужчина был пьяный, и ему взбрело в голову дать сыну попробовать пенного. Мать была против, но она не смогла остановить мужа. Она прибежала за помощью к соседке, а та вызвала полицию.",Мать побежала за помощью к соседке.,entailment,train
"Для одних банковская карта – залог сохранения денег, потому что «не снял, значит, не потратил».","""Все живут по принципу """"не снял - не потратил"""".""",not_entailment,train
"""Проректор ВГУ по инновационной деятельности и коммерциализации технологий Татьяна Давыденко покинула занимаемый ею пост. Информацию подтвердили в пресс-службе вуза. Однако причину ухода прокомментировать не смогли, так как это """"конфиденциальная информация"""".""",Проректор стала ректором.,not_entailment,train
"При проверке выяснилось, что заказы на «опасный» товар принимаются через интернет.",«Опасный» товар нельзя заказать через интернет.,not_entailment,train
"Как считают следователи, в течение трех лет она специально указывала в налоговой декларации цифры, которые были значительно ниже реальных.",Три года она фальсифицировала налоговые декларации.,entailment,train
"Сотни военнослужащих из Катара принимали участие в военных операциях на стороне ливийских оппозиционеров, сообщил в среду журналистам командующий Генеральным штабом катарских Вооруженных сил Хамад бен Али Аттыйя. По его словам, оппозиционеры нуждались в такой поддержке, поскольку большинство из них составляли гражданские люди, никогда не имевшие дело с военной наукой.",Сотни военослужащих Катара воевали против ливийских оппозиционеров.,not_entailment,train
"Пожарные приехали к дому в полдень, обнаружили очаг возгорания и начали тушить огонь.",Пожарные приехали на вызов.,entailment,train
"""В противном случае, по его словам, правоохранительные органы """"будут отлавливать нас любыми способами, мы знаем, как это делается"""". """"Бояться нам нечего, скрывать тоже. Единственное, о чем мы будем просить - чтобы нас долго не задерживали, поскольку я как один организаторов """"Марша миллионов"""" обязан присутствовать на этой акции"""", - сказал оппозиционер.""","""Оппозиционер как один организаторов """"Марша миллионов"""" обязан присутствовать на этой акции.""",entailment,train
"Было подчеркнуто, что руководство региона принимает все возможные меры для решения проблемы.",Руководство региона скорее всего пытается решить проблему.,entailment,train
"Чтобы хозяйка ноутбука не заметила пропажу, он подложил ей в сумку книги по кулинарии.",Он подменил ей ноутбук книгами по кулинарии.,entailment,train
"Специалистами надзорного ведомства выявлены следующие нарушения: в первый месяц учебного года в столовой отсутствовало примерное меню, не соблюдались сроки реализации готовых блюд, приготовление готовых блюд осуществлялось с нарушением технологических карт, нередко продукты для школьных завтраков и обедов принимались без документов, подтверждающих их качество и безопасность, без надлежащей маркировки.",В столовой не бывает без нарушений.,not_entailment,train
"""Голкипер """"Барыса"""" и сборной Казахастана Алексей Иванов заявил, что после полутора недель сборов в астанинской команде ему указали на дверь. """"Барыс"""" разорвал со мной контракт без объяснения причин. Поскольку это было сделано в одностороннем порядке, мне теперь должны выплатить компенсацию"""".""","""""""Барыс"""" разорвал контракт с Алексеем Ивановым в одностороннем порядке.""",entailment,train
"В ноябре того же года прошел суд. Стрелявшему дали восемь лет колонии строгого режима по статье за сбыт наркотиков. – Мужчина во всем сознался, поэтому его личность и детали преступления тщательно рассмотрели.",Стрелявшего освободили в зале суда.,not_entailment,train
"Доктора пытались реанимировать мальчика, но полученные им травмы оказались несовместимыми с жизнью.",Мальчик выжил.,not_entailment,train
"Обнаруженные предметы направлены для проведения экспертизы. Если эксперты признают их культурными ценностями, то в отношении гражданина будет возбуждено административное дело по факту недекларирования. Поскольку для ввоза их пассажир был бы обязан заполнить декларацию на товары с указанием перемещаемых через границу раритетов.",Обнаружены недекларированные предметы.,entailment,train
"Сначала он позвонил в ГИБДД, чтобы эту машину эвакуировали, но те отказались, так как на авто не было номеров, а поэтому установить его владельца невозможно. После этого рассерженный северянин и сообщил в полицию о бомбе, - пояснила начальник пресс-службы.",Северянин заложил бомбу.,not_entailment,train
"Как сообщили в пресс-службе администрации Саранска, 16 января на совещании Петр Тултаев поинтересовался, как исполняется его поручение. Два ГУКа, расположенные на территории Ленинского района, закупили около 500 лопат. Остальные не смогли, так как в магазинах не нашли нужного инструмента.",Куплено полтысячи лопат.,entailment,train
"За несколько минут пламя пожара охватило крышу, а затем огонь перекинулся на другие постройки.",За несколько минут пожар охватил крышу.,entailment,train
"В отделение полиции обратился пациент больницы. Он объяснил, что вышел на несколько минут, а когда вернулся, не обнаружил в палате планшет и своего соседа. Как оказалось, пока мужчины не было, другой больной забрал планшет, связал несколько простыней и по ним сбежал через окно.",Больной украл планшет соседа и сбежал через окно.,entailment,train
"""Конституционный суд Молдавии признал выборы президента Молдавии в парламенте, которые прошли 16 декабря, недействительными. Такое решение КС принял в четверг по запросу одного из молдавских депутатов. Конституционный суд согласился с мнением депутата о том, что выборы следует признать неконституционными, так как """"была нарушена тайна голосования"""".""",Выборы президента Молдавии признаны недействительными.,entailment,train
"""""""Поэтому на перспективу этот потенциал, заложенный Кудриным, должен работать еще несколько лет"""", - думает он. С точки зрения решения тактических задач, когда вдруг появляется предложение об участии государства бюджетными деньгами в каком-то проекте, по мнению Сторчака, """"без хорошего политического веса работать будет тяжелее"""". """"Это очевидно, потому что решения принимаются в процессе диалога, дискуссии, и аргументы часто сводятся к тому, что прав тот, у кого больше прав"""", - отметил он.""",Решения принимаются без дискуссий.,not_entailment,train
"Он сделал это только после того, как его лишили водительских прав, сообщает пресс-служба краевого управления Федеральной службы судебных приставов.",Он всё-таки сделал это.,entailment,train
"""На вопрос, занимался ли задержанный канадский лейтенант шпионажем в пользу России, Г.Мамедов ответил, что """"не знает"""", так как """"не он возглавляет службу разведки"""". А на вопрос, кто из российских дипломатов покинул страну, российский посол и вовсе отказался отвечать. """"Я не могу свободно обсуждать эту тему, так как не хочу повлиять на ведение судебного процесса"""", - сказал он.""",Задержанный канадский лейтенант занимался шпионажем в пользу России.,not_entailment,train
"Без холодной воды с 10.00 остались жители двух домов: по улице Арочная, 33 и улице Притомская набережная, 13. В настоящее время на месте происшествия работает аварийная бригада ОАО «Кемвод». Так как труба лопнула на глубине нескольких метров, на устранение аварии потребуется несколько часов.",В двух домах нет горячей воды.,not_entailment,train
"Водитель, почувствовав угрозу, остановил Scania, а затем смог погасить пламя огнетушителем. - Пожар был потушен до прибытия первых расчетов, - рассказали в МЧС России по Ростовской области. Никто из пассажиров не пострадал, но автобус не смог продолжить движение, так как моторный отсек полностью сгорел.",У водителя был пистолет.,not_entailment,train
"1 ст. 285 УК РФ (злоупотребление должностными полномочиями). Никто из них не стал предпринимать никаких действий, так как оба полагали, что данное преступление не будет раскрыто, и это отразится на показателях их работы и может повлечь применение к ним мер ответственности.",Они боялись браться за раскрытие безнадежного дела.,entailment,train
"По данным правительства, в период с 2002 по 2003 годы в Сирию было отправлено 40 тонн химических веществ, а с 2005 по 2006 годы - до 97 тонн. В частности, Дамаск получил такие вещества, как фтористый водород, фтористый аммоний, фтористый натрий, цианид и другие. Они считаются веществами двойного назначения, так как могут использоваться как в мирных, так и в военных целях.",Дамаск получил цианид.,entailment,train
"""Голкипер """"Барыса"""" и сборной Казахастана Алексей Иванов заявил, что после полутора недель сборов в астанинской команде ему указали на дверь. """"Барыс"""" разорвал со мной контракт без объяснения причин. Поскольку это было сделано в одностороннем порядке, мне теперь должны выплатить компенсацию"""".""","""""""Барыс"""" выгнал Алексея Иванова.""",entailment,train
"И когда он его нашел по объявлению в газете, то сразу связался с «продавцом» и вскоре перечислил ему деньги. Но выяснилось, что у постройки другой хозяин. Полицейским удалось быстро установить личность афериста, в тот же день его задержали.",Полицейские искали афериста.,entailment,train
"62-летний электромонтер спустился вниз на веревке, ему стало плохо, он упал. Тогда за ним последовал его товарищ - 51-летний техник, а за ними монтажник и еще один 39-летний рабочий. Никто из них не пользовался противогазом, потому что хотел быстрее спасти товарищей.",Четыре работника спускались по веревке.,entailment,train
"Соревнования между командами, в составе которых есть представители самых разных национальностей, уже не первый раз проходят в нашем городе, и с каждым годом собирают все больше участников.",В городе проходят командные соревнования.,entailment,train
"Как сообщает пресс-служба городской администрации, ремонтная бригада производит замену задвижки в камере, принадлежащей «Т Плюс» в районе стадиона «Динамо».","""Только одна из камер в районе стадиона """"Динамо"""" принадлежит """"Т Плюс"""".""",not_entailment,train
"""В среду, 9 ноября, глава ведомства Александр Нерадько сказал журналистам, что Росавиация готова отложить принятие решение об аннулировании лицензии дискаунтера на три месяца. """"Может быть, те, кто этот проект (""""Авианову"""" - ИФ) инициировали, может быть, у них изменятся планы. Потому что проект сам по себе очень привлекателен для людей из-за низких тарифов"""".""",Проект привлекателен для людей из-за низких тарифов.,entailment,train
"""Не переживали и в ЦСКА, который в российском чемпионате опережает именно питерский """"Зенит"""". """"Мы старались не обращать внимания на судебные разбирательства """"Зенита"""", сосредоточиться на играх и добиваться результата в каждом матче. Так что за ситуацией следили постольку поскольку"""".""","В ЦСКА сосредоточились на играх и на том, чтобы добиваться результата в каждом матче.",entailment,train
"""Правозащитники предлагают сократить область применения в России понятия """"экстремистская деятельность"""" и отказаться от списка запрещенной экстремистской литературы. """"Должно быть резко сокращено применение понятия """"экстремистская деятельность"""", кроме случаев самих насильственных преступлений, призывов к насильственным преступлениям, либо организованной деятельности, связанной с насильственными преступлениями"""", - заявил на пресс-конференции в центральном офисе """"Интерфакса"""" в среду директор информационно-аналитического центра """"Сова"""" Александр Верховский. Он также предложил отказаться от федерального списка запрещенных экстремистских материалов, так как он, по мнению правозащитника, """"не работает"""".""","""Правозащитники недовольны слишком широкой областью применения в России понятия """"экстремистская деятельность"""". """,entailment,train
"Однако, несмотря на это, горожане не проявили бдительности. В одном случае потерпевшему на мобильный телефон позвонил неизвестный. Незнакомец пояснил, что хочет вернуть деньги, которые случайно снял с карты его сестры.",Потерпевший позвонил неизвестному.,not_entailment,train
"Жительница Новосибирска сильно ударилась при падении головой. Спасатели сразу же передали ее бригаде скорой помощи. - Спасатели МАСС призывают граждан города соблюдать меры безопасности при активном отдыхе, так как количество обращений с различными травмами увеличилось, - пишут об осторожности в группе «Спасатели МАСС».",Женщина из Новосибирска упала.,entailment,train
"Недавно здесь, у пересечения с улицей Трудовой, построили многоквартирный дом, а за конструкцией в виде парусника «прячется» детская площадка.",Не так давно тут построили многоквартирный дом.,entailment,train
"Как установили стражи порядка, злоумышленники действовали по заранее разработанной схеме. На сайте бесплатных объявлений подбирали предложение о продаже недвижимости или авто. Звонили продавцу, предлагали предоплату.",Злоумышленники были продавцами.,not_entailment,train
"Он рассказал, что договорился с так называемым генеральным директором строительной фирмы о выполнении ряда работ. Клиент заявил, что строители должны были пробурить у него на участке скважину и построить дом. Однако получив деньги, представитель фирмы перестал отвечать на звонки и больше не появлялся.",После получения денег представитель фирмы исчез.,entailment,train
"""""""После инцидента 15 августа 2011 г. ко мне приезжал молодой человек со стороны Агафонова, он требовал видеозапись с камер наблюдения"""", - рассказал он. По его словам, угрожавший обещал """"всем устроить, так как побили хорошего человека"""". """"Я отказал, так как это могут требовать только правоохранительные органы"""", - сообщил Береговой.""","Береговой рассказал, как с него требовали видеозапись.",entailment,train
"Как сообщил источник в правоохранительных органах, начальник полиции уже подал рапорт о своем увольнении.",Источник сообщил о местонахождении начальника полиции.,not_entailment,train
"Проект детского сада участвует в программе по субсидированию строительства детских дошкольных учреждений, поэтому финансироваться строительство, вероятно, будет из федерального бюджета.",Финансироваться строительство будет только из федерального бюджета.,not_entailment,train
"Недавно состоялось заседание правкомиссии по ТЭК, где мы нашли взаимопонимание с коллегами по трем вопросам, когда можно идти на исключение. Первое - это возможность консолидации объемов используемого газа в рамках одной компании. Второе - для новых месторождений мы предлагаем разрешить льготу по утилизации на семь лет, поскольку к ним сложно предъявлять такие же требования, как для зрелых месторождений.",Новым месторождениям разрешат льготу по утилизации на семь лет.,not_entailment,train
"Прежде чем обратиться в суд за разделом имущества, супруги могут самостоятельно договориться. В этом случае оформляется соглашение о разделе общего имущества супругов. Данный вариант является более предпочтительным, поскольку супруги, в том числе и бывшие, сами определяют имущество, которое достанется каждому из них в результате раздела.",Супруги могут договориться до судебного раздела имущества.,entailment,train
"В ходе расследования были установлены и задержаны пятеро подозреваемых в преступлении - жители Куйбышевского и Кировского районов Самары. Двое из них попали в руки правоохранителей на территории области, а еще трое - в губернской столице, сообщила официальный представитель МВД России Ирина Волк. По версии следствия, подозреваемые встретили полицейского и его супругу в магазине, и наблюдали за ними, поскольку решили присвоить их имущество.",Ирина Волк рассказала о задержании пяти подозреваемых.,entailment,train
"Бойцы спецназа провели в засаде двое суток, чтобы поймать хозяина плантации. В конце концов, они задержали молодого человека, который собирал остатки урожая. Вывозить растения он собирался на двух машинах, но сделать этого не успел, так как был задержан.",Спецназ был задержан.,not_entailment,train
"Он отметил, что он ожидает также разъяснение от министерства образования и науки РФ, которое является оператором по договору об усыновлении, из которого Россия вышла.",Россия вышла из договора по усыновлению.,entailment,train
"Приехавшие на место стражи порядка выяснили, что женщина пригласила своего знакомого помочь ей по хозяйству.",У женщины был знакомый.,entailment,train
"Обнаруженные предметы направлены для проведения экспертизы. Если эксперты признают их культурными ценностями, то в отношении гражданина будет возбуждено административное дело по факту недекларирования. Поскольку для ввоза их пассажир был бы обязан заполнить декларацию на товары с указанием перемещаемых через границу раритетов.",Пассажир пытался ввезти предметы без декларации.,entailment,train
"""Выйдя за территорию митинга, я с удивлением обнаружил, что, несмотря на то, что начался он всего 40 минут назад, многие уже расходятся - поток людей уверенно двигался вдоль Кутузовского проспекта в сторону станции """"Парк Победы"""", которая, к слову, была до завершения мероприятия закрыта на вход. Впечатлениями от митинга пришедшие делились неохотно. Одна женщина с георгиевской ленточкой сообщила, что ей все понравилось, поскольку """"был чай"""".""",Участники митинга охотно делились впечатлениями.,not_entailment,train
"Я просто об этом даже не думаю, потому что если кто-то что-то захочет, никуда не спрячешься.",Я думаю только об этом.,not_entailment,train
"Сумма долга предприятия перевалила за два миллиона рублей, кроме того, работодатель не спешил выплачивать работникам компенсацию за задержку зарплат.",Работодатель не спешил платить.,entailment,train
"Ураганный шквал, который обрушился в среду на город, попортил нервы северянам.",Нервы у северян теперь попорчены.,entailment,train
"Рост заболеваемости ОРВИ зафиксирован в Хабаровске после новогодних праздников. По данным управления здравоохранения городской администрации, в краевой столице болеет почти 5200 человек. - Как и ожидалось, прошёл благоприятный период, когда было зафиксировано снижение заболеваемости, потому что во время каникул люди не обращались в поликлиники и лечились самостоятельно.",Во время новогодних каникул люди лечатся самостоятельно.,entailment,train
"Парень с приятельницей прогуливался по супермаркету, набрал целую корзину разных товаров, спокойно подошел к кассе.",Парень набрал целую корзину товаров для детей.,not_entailment,train
"""В этой песне говорится о расставании и возможной смерти. - О, """"Bella Ciao"""" - это самая, на мой вкус, красивая протестная песня. Я лет пятьдесят назад сделал к ней аранжировку, когда играл с одной итальянской группой. Такой я решил включить ее в пластинку, потому что это по-своему протестный альбом.""",Это песня о неизбежной смерти.,not_entailment,train
"Но после того, как первый корпус уронили, его решили заменить вторым.",Первый корпус уронили.,entailment,train
"Девочка рассказала обо всем матери, и та заявила в полицию. Возбуждено уголовное дело. Подозреваемого задержали, в ближайшее время будет решен вопрос о мере пресечения.",Мать девочки возбудила уголовное дело.,not_entailment,train
"""""""Путин третьего президентского срока - это лидер, который спустя полгода после выборов не знает, на кого он будет опираться. Он не знает, какую именно программу предложить. Он медлит, поскольку опасается оттолкнуть от себя силы, которые могут ему понадобиться для опоры"""".""",Путин третьего президентского срока не так решителен и быстр.,entailment,train
"Уголовное дело в отношении парня возбудили после того, как неравнодушные граждане пожаловались на него в полицию.",На неравнодушных граждан завели уголовное дело.,not_entailment,train
"Где-либо занять деньги, кроме как у потерпевшей, она не может. Поверив в это, женщина перевела необходимую сумму на банковскую карту неизвестного мужчины, который представился хирургом. Врач подтвердил, что получил деньги, вскоре проведет операцию.",Женщина перевела деньги неизвестному.,entailment,train
"""""""Только что сообщили, что он скончался в реанимации"""", - сказал собеседник агентства. Как добавили в пресс-службе, шестиклассник обычно сидел за предпоследней партой, откуда он и направился к классному окну. """"Никто не успел понять, как он смог выпрыгнуть, потому что в школе стоят стеклопакеты"""".""",Шестиклассник выпрыгнул из окна и погиб.,entailment,train
"Разбив оконное стекло, преступник проник в помещение бани и вынес оттуда два электрических чайника и фонарь на общую сумму более 3500 рублей. По подозрению в совершении преступления был задержан 41-летний безработный, ранее уже привлекавшийся к уголовной ответственности. Задержанный пояснил, что в баню залез, потому что не было свидетелей, а похищенной техникой собирался пользоваться сам.",Вор проник в баню через окно.,entailment,train
"Он добавил, что согласно оперативно-розыскным данным, Глуховцев собирался 15 апреля скрыться за пределы РФ, но был задержан. Прокуратура поддержала доводы следствия и попросила суд арестовать фигуранта. Трое потерпевших также призвали суд изолировать обвиняемого, так как они опасаются за свою жизнь.",Потерпевшие опасаются за свою жизнь и требуют ареста обвиняемого.,entailment,train
"""По словам марксистов, они продолжат атаки против властей, поскольку те """"нарушают право турецких граждан на свободу мысли и совести"""".""",Марксисты уже организовывали атаки против властей.,entailment,train
"""«Следующий год мы планируем посвятить вопросам трудоустройства инвалидов. Сейчас готовим соответствующие законы и отрабатываем пилотные проекты. Если Калининградская область будет готова, можно будет хорошо поработать"""".""",В Калининградской области трудоустроят инвалидов.,not_entailment,train
"Будучи нетрезвым, он не справился с управлением. Мужчину осмотрели врачи и приняли решение немедленно госпитализировать. Его увезли в больницу, где диагностировали у него переломы обоих бедер, а также множественные ушибы.",Мужчина сломал себе оба бедра и поэтому не справился с управлением.,not_entailment,train
"Черную мраморную доску, на которой фотограф изображен со своей камерой, установили в парадной дома 12 ноября 2015 года – во время празднования 160-летия первого фоторепортера в России. В течение 30 лет с 1908 по 1938 год в этом доме в фотоателье работали Булла и его сыновья. Поскольку дом является историческим зданием, доску устанавливали внутри, а не на фасаде.",Фотограф изобразил черную мраморную доску.,not_entailment,train
"""20 января пострадавшая в результате расстрела семейной пары грибников Ольга Борщева рассказала журналистам, что полностью удовлетворена вердиктом Рязанского областного суда и обжаловать приговор не собирается. Женщина рассказала, что испытала чувство облегчения, когда поняла, что долгий судебный процесс закончился, а убийцы ее мужа понесут заслуженное наказание. Также она сообщила, что полностью восстановилась после ранения и физически чувствует себя хорошо: """"Правда, накануне суда я совсем не спала, так как была на дежурстве и сразу после него пришла на заседание"""".""",В грибников кидали бумажками.,not_entailment,train
"Как выяснилось, конфликт разгорелся на почве ревности.",Ревность подожгла почву.,not_entailment,train
"Он находится недалеко от дома, где жил подросток. Согласно предварительной версии, юноша покончил с собой. Напомним, ранее по факту пропажи подростка возбудили уголовное дело по статье «Убийство».",Юноша еще жив.,not_entailment,train
"Одна из новостей не может не радовать – часть заповедника, горный массив «Оглахты», в скором времени может получить статус объекта Всемирного наследия ЮНЕСКО. - Если это произойдет, это будет способствовать развитию туризма в Республике Хакасия на международном уровне, ведь туристы с большим интересом посещают объекты всемирного наследия, - отметил Игорь Егоров, заместитель директора по развитию туризма в заповеднике «Хакасский». Развитию экологического туризма в республике уделяют особое внимание, поскольку это повышает культуру отдыха туристов, сохраняет природу и историко-культурные объекты.",Горный массив «Оглахты» стал объектом Всемирного наследия ЮНЕСКО.,not_entailment,train
"""В одном из общежитий МГУ загорелись отходы в мусорокамере, пострадавших нет, сообщил """"Интерфаксу"""" источник в экстренных служба города. """"В здании общежития произошло возгорание с дальнейшим задымлением мусорокамеры. Поскольку пожар произошел в закрытом пространстве и огнем охвачена незначительная площадь, жильцы общежития пока не эвакуируются"""", - отметил источник.""",В общежитии МГУ горит мусор.,entailment,train
"""""""Мы, к сожалению, не слышали каких-то заявлений, связанных с этим судебным процессом, и особо за ним не следим, честно говоря"""".""",Судебный процесс закончился.,not_entailment,train
"Пока ехала «скорая», очевидцы пытались оказать пенсионерке помощь.",Очевидцы помогли пенсионерке.,not_entailment,train
"Мы мимо проезжали. На дороге лежит накрытое тело. Не думаю, что в «Гранте» кто-то выжил.",Мы проезжали мимо тела.,entailment,train
"Многочисленные коробки с бутылками выносят с торговых точек, разоблачая разные преступления. В отдельных случаях, продавцы попадаются на том, что у товара – поддельные акцизы. Бывает, что сама продукция является явно небезопасной.",Продавцы попадаются на разных преступлениях.,entailment,train
"Сначала он начал кружить на лодке вокруг животного с тем, чтобы создать волну. После этого он избил лося веслом. В результате лось утонул, а злоумышленнику удалось вытащить тушу на берег.",Злодей утопил лося.,entailment,train
"Заявление в этот же день написала его мама. Предварительно установлено, что люк был закрыт бетонной плитой, которую сдвинули при уборке снега. Теперь полиции предстоит выяснить, кто именно проявил халатность и подверг жителей города опасности.",Жители города три дня были в опасности.,not_entailment,train
"О том, что на улице нестерпимо воняет тухлыми яйцами, писали жители разных районов города.",На улице пахнет тухлыми яйцами.,entailment,train
"Трагедия произошла из-за того, что водитель машины забыл закрыть дверь.",Водитель машины оставил дверь открытой.,entailment,train
"Таким образом, он решил отомстить фермеру, за то, что стал фигурантом уголовного дела, украв у него козу.","Украл у фермера козу, попался и решил за это отомстить.",entailment,train
"Шесть жителей областного центра обвиняются в незаконном проведении азартных игр, сообщили в пресс-службе следственного комитета области.",Все шестеро обвиняемых регулярно проводили азартные игры.,not_entailment,train
"""Аналитик считает, что усиление контроля будет стимулом для введения современных технологий и высокоэффективной техники. В конечном счете это положительно повлияет на качество. """"Но это возможно только с поддержкой государства, так как сами хозяйства вряд ли смогут позволить себе такую модернизацию"""", - заявил он.""",Аналитик ожидает улучшения качества.,entailment,train
"""""""Я полагаю, что наше послание достаточно четкое в СМИ. Те, кто сожалеет об этом, кто может получить урон, должны поговорить с американцами, чтобы те не совершили  глупость в отношении Ирана. Потому что то, что мы делаем, - это реакция на действия другой стороны"""".""","""""""На наши действия идет неадекватная реакция другой стороны"""".""",not_entailment,train
"""""""Но гололед дал о себе знать, и второй вагон сошел с путей, врезавшись в столб, - поделился с """"Комсомольской правдой""""-Саратов пассажир Иван Колодяжный. - Мы почувствовали резкое торможение и удар, почти все стоящие упали. В салоне началась паника, так как несколько человек сильно ударились головой и в некоторых попали осколки стекла"""".""",От удара все стоящие упали.,entailment,train
"""Во многих СМИ появились сообщения о том, что житель Мурома днем 20 декабря был задержан сотрудниками полиции с топором, двумя ножами и вилкой. Все это он якобы собирался принести в дар Президенту страны. Так же сообщалось, что мужчину задержали, но вскоре отпустили, потому что тот оказался психически больным, но """"подарки"""" все равно изъяли.""",Психически больного муромца отпустили.,entailment,train
"По ходу движения машинист пытался набрать скорость, но состав как будто не слушался.",Состав набирал скорость.,not_entailment,train
"И мы договорились о том, что необходимо вернуть хорошие отношения между нашими странами, которые имеют очень древние корни и были очень крепкими раньше. Наша поездка проходит под девизом возвращения и укрепления прежних отношений между нашими странами. Мы будем обсуждать взаимное сотрудничество и укрепление политических отношений между нашими странами, а также укрепление экономических отношений между нашими странами, поскольку между нами уже существуют отношения экономического характера.",Отношения имеют очень древние корни.,entailment,train
"Отметил День защитника отечества, называется.",День защитника отечества не вызвал приятных эмоций.,entailment,train
"В комнате горела мебель и вещи. Площадь пожара оказалась невелика – всего один квадратный метр. Однако и этого оказалось достаточно, чтобы пострадали люди.",В комнате горела лампа.,not_entailment,train
"Вы имеете в виду выборы любого уровня? - Да, я считаю, что выборы любого уровня, кроме выборов президента. Потому что прямые выборы президентов – это одно.",Разговор касается выборов.,entailment,train
"Сначала состязались талисманы Восточной и Западной конференций, а потом фавориты сошлись в финале.",Талисманы дрались.,not_entailment,train
"""Следствием было установлено, что семейная жизнь у супругов не сложилась с первых дней, потому что в силу своей болезни муж не смог """"надлежащим образом исполнять свои супружеские обязанности"""".""",Муж был болен.,entailment,train
"После того как клиент оформит подписку на сервис, он будет получать уведомления о наличии штрафов автоматически.",Клиент может подписаться на автоматическую оплату штрафов.,not_entailment,train
"""Оказалось, здесь не брезговали тухлыми продуктами. - В ходе проверки были обнаружены нарушения санитарных норм, - сообщили """"Комсомольской правде""""-Саратов в пресс-службе областной прокуратуры. - В частности, наши сотрудники выявили просроченные мясные изделия, а также молоко, которое на момент проверки находилось в замороженном состоянии.""",Здесь были только тухлые продукты.,not_entailment,train
"Отмечается, что увеличение ставки произошло впервые за год.",Ставка выросла впервые за год.,entailment,train
"Медицинская помощь понадобилась не четырем, как сообщали ранее, а шести женщинам.","""""""Скорая помощь"""" потребовалась шести женщинам.""",not_entailment,train
"Угрозы распространения огня на рядом стоящие постройки не было. Зато была информация о том, что внутри горящего сарая находятся животные.",Горел сарай со свиньями.,not_entailment,train
"Он сообщил, что после митинга были задержаны, как минимум, четыре человека. Среди них член КПРФ и помощник депутата Госдумы. Как сообщили агентству в пресс-службе правительства Самарской области, уведомление, поданное организаторами митинга, не было рассмотрено, так как было составлено с ошибками.",Организаторы митинга допустили ошибки в уведомлении.,entailment,train
"Кто именно сможет прийти к вам со своими проектами? Можно ли вам будет приносить идеи, а не проекты? - Поскольку мы работаем, в первую очередь, со средним бизнесом, то мы работаем с людьми, у которых есть доказанная история успеха.",Со своими проектами к нам могут прийти люди из среднего бизнеса с доказанной историей успеха.,entailment,train
"Картер заявил, что успешность своей политики российский лидер определяет по степени дискомфорта, который он якобы создает в остальном мире.",Картер высказался о российском политике.,entailment,train
"Как выяснилось при проверке документов, гражданин одной из среднеазиатских республик находится в федеральном розыске.",Находящийся в розыске гражданин попался при проверке документов.,entailment,train
"Врачи поставили ей диагноз: «алкогольное опьянение». Данным фактом заинтересовалась областная прокуратура. - В настоящее время проводится проверка, выясняются подробности происшествия, а также при каких обстоятельствах был приобретен алкогольный напиток.",Врачи диагностировали алкогольное опьянение.,entailment,train
"Обыскивая подозреваемую, оперативники вскрыли костыль, которым женщина пользуется из-за повреждения бедра.",Оперативники обыскали костыль снаружи.,not_entailment,train
"""Возраст людей определить не смог. Их лица были закрыты капюшонами, - рассказал журналисту """"Комсомольской правды""""-Саратов один из автолюбителей, проезжавших на мосту. - Со стороны обоих городов образовалась пробка, так как прибывшие машины спасателей и полиции перегородили полосу движения.""",Люди целиком прятались под капюшонами.,not_entailment,train
"Из первого конфликта 2008 года победителем вышел ААР - все договоренности, к которым тогда пришли ВР и ААР, были в пользу российской стороны.",Из первого конфликта Россия вышла победителем.,entailment,train
"По версии следствия, он ворвался в офис и угрожал работникам ножом.",У следствия есть версия нападения на офис.,entailment,train
"""""""В случае явки потерпевших на судебное заседание они будут иметь возможность задавать вопросы присяжным, выяснять интересующие их обстоятельства, заявлять ходатайства точно также в закрытом режиме, как это делалось на стадии отбора присяжных"""", - пояснила представитель Мосгорсуда. Она отметила также, что суд не мог откладывать процесс отбора коллегии присяжных до бесконечности. """"При всем уважении к чувствам потерпевших суд не мог затягивать процесс отбора присяжных, поскольку приходилось работать с десятками кандидатов"""", - заявила она, добавив, что и прежде в практике судов бывали случаи, когда по тому или иному делу проходили десятки потерпевших, и они не имели возможности участвовать в начале в стадии отбора присяжных.""",Суд мог откладывать процесс отбора коллегии присяжных до бесконечности.,not_entailment,train
"Уже начали переоснащаться казармы душевыми кабинами. В этом году мы перейдем полностью на душ и уйдем от банных дней. Параллельно мы начали оснащать казармы стиральными машинами и моющими пылесосами, поскольку военнослужащие будут сами убирать в казармах.",Казармы переоснащаются.,entailment,train
"""В Воронежской области задержали молодого человека, который угнал авто по необычным причинам.""",Молодой человек угнал легковой автомобиль.,not_entailment,train
"Представители активной молодежи Саратовской области на пресс-конференции в «КП»-Саратов затронули важные темы для студенчества и молодежи. Говоря о развитии студенческого сообщества, региональный куратор ассоциации студенческих коммуникаций «Кампус» Дмитрий Горбунов подчеркнул, что их сообщество впервые появилось в регионе в этом году.",Студенческому сообществу Саратова меньше года.,entailment,train
"Во время праздничной церемонии в муниципалитете он заявил, что главными задачи для него является максимальное использование всех возможностей в области предпринимательства и экономического развития.",Он сделал заявление в муниципалитете.,entailment,train
"Сначала он начал кружить на лодке вокруг животного с тем, чтобы создать волну. После этого он избил лося веслом. В результате лось утонул, а злоумышленнику удалось вытащить тушу на берег.","Злодей катался вокруг лося на лодке, пока тот не утопился от горя.",not_entailment,train
"Эта русская поговорка как никакая другая отражает историю, в которую влипли два подельника.",Два подельника влипли в историю.,entailment,train
"""Была установлена личность подозреваемого - 27-летнего мужчины. По словам задержанного, он был давно влюблен в жену убитого и различными способами добивался ее внимания. """"Так как женщина не хотела с ним общаться, он решил похитить ее мужа"""", - говорится в сообщении.""",27-летний мужчина задержан.,entailment,train
"Разбив оконное стекло, преступник проник в помещение бани и вынес оттуда два электрических чайника и фонарь на общую сумму более 3500 рублей. По подозрению в совершении преступления был задержан 41-летний безработный, ранее уже привлекавшийся к уголовной ответственности. Задержанный пояснил, что в баню залез, потому что не было свидетелей, а похищенной техникой собирался пользоваться сам.",В бане было не меньше двух чайников.,entailment,train
"По словам задержанного, никого заранее он грабить не собирался, а общежитие зашел, чтобы согреться. Увидев золото, решил забрать украшения себе. После нападения вернулся домой, спрятал добычу, переоделся и отправился гулять.",Задержанный мечтал кого-нибудь ограбить.,not_entailment,train
"Он направлялся из города Сергиева Посада в Санкт-Петербург, с туристической группой в количестве 41 человека, в том числе там был один ребёнок. На место происшествия отправились отделение пожарно-спасательной части №13, экипаж ДПС и бригада скорой помощи. Пассажиры автобуса не пострадали, так как спасатели прибыли оперативно и доставили их в ближайший гостиничный комплекс.",В составе туристической группы был 1 ребенок.,entailment,train
"Животное пыталось выбраться, но сил уже не хватало. Девушки подбежали к проруби, начали подзывать собаку к себе. Когда она подплыла поближе, они вытащили ее из воды.",Собака купалась в проруби.,not_entailment,train
"А ключи оставил в замке зажигания. Вернувшись, машину не обнаружил. - Около двух часов указанный гражданин предпринимал попытки самостоятельно найти авто, после чего обратился в полицию.",Машину угнали.,entailment,train
"С тех пор мужчина пытается вернуть свои деньги. Он обратился в банк с заявлением о проведенных без его разрешения операциях и возврате денежных средств, однако банк ему денег не вернул, ссылаясь на то, что он нарушил условия договора и сообщил свой пин-код третьим лицам. Поскольку денежные сбережения были застрахованы, мужчина обратился в страховую компанию, но и там ему отказали.",У мужчины увели деньги со счета.,entailment,train
"Очевидцы сообщили, что загорелись домашние вещи в одной из квартир.","Очевидцы рассказали, чем закончился пожар.",not_entailment,train
"Виновная сторона будет возмещать убытки родственникам, поскольку они готовили похороны, которые пришлось перенести.",Виновники заплатят родственникам.,entailment,train
"Власти города убедительно просят жителей переходя на экономный режим своего отопления соблюдать правила использования газовых приборов. Обязательно следить за тем, чтобы они были исправными. Особенно это касается тех домовладельцев, которые используют газовые баллоны.",Власти города экономно используют газовые баллоны.,not_entailment,train
"Эти чувства невольно всплывают, так как поле игры сильнее контроля самого игрока. Маски, блоки, зажимы раскрываются и проявляются, обескураживая человека. Игра устанавливает порядок, и сама является порядком.",Игроков обескураживает красота игрового поля.,not_entailment,train
"По данным следствия, в июне прошлого года в подъезде одного из домов по улице Отрадной обвиняемый избил свою бывшую супругу и сломал ей палец.",Обвиняемый сломал руку бывшей супруге.,not_entailment,train
"""""""Поэтому я просто хочу также защитить наших дальнейших спортсменов, потому что сейчас на меня напали, в следующий раз нападут на более, может быть, слабого какого-то спортсмена, но который защищает честь и достоинство нашей страны"""", - продолжил спортсмен. Плющенко подозревает, что """"это какой-то был заказ со стороны неких тренеров и конкуренции"""". """"Да, мне сейчас тяжело, потому что проделана была большая и сложная операция"""".""","Плющенко подозревает, что нападение на него было случайным.",not_entailment,train
"Теперь об отсутствии таблички напоминают только куски осыпавшейся побелки на полу. – Им пришлось исправить, подбелить стену по краям, – отмечают в музее. – Потому что вырывали «с мясом», была дыра.",На полу планетария - побелка.,not_entailment,train
"Напомним, что в прошлом году главной темой стала «Венская традиция».","""""""Венская традиция"""" - главная тема года Вены в России.""",not_entailment,train
"""""""Я был рожден в тюрьме, где я не могу свободно выражать свое мировоззрение"""", - сказал он. """"Нападения носили превентивный характер, и поэтому я не признаю за собой уголовной вины"""", - сказал он, добавив: """"Я должен быть освобожден"""". По его словам, он повторил бы все снова, поскольку им двигало добро, а не зло.""","Он считает, что заслуживает свободы.",entailment,train
"Дело в том, что ранее он уже попадался на употреблении запрещенных препаратов. Кроме того, появилась информация, что у мужчины было диагностировано психическое расстройство. Стоит отметить, что полиция сразу задержала подозреваемого: его схватили прямо на месте преступления.",Подозреваемый ранее употреблял запрещенные препараты.,entailment,train
"Известно, что девушка отдыхала в кафе и употребляла там алкогольные напитки. Вдруг она потеряла сознание. На место немедленно прибыли медики, но им не удалось откачать потерпевшую.",Девушка выпивала в кафе.,entailment,train
"""Как отметила пресс-служба собора, молебен означает """"начало нового президентского срока благодаря молитве, чтениям и музыкальным выступлениям"""".""","Пресс-служба собора не объяснила, что означает молебен.",not_entailment,train
"""""""Поэтому на перспективу этот потенциал, заложенный Кудриным, должен работать еще несколько лет"""", - думает он. С точки зрения решения тактических задач, когда вдруг появляется предложение об участии государства бюджетными деньгами в каком-то проекте, по мнению Сторчака, """"без хорошего политического веса работать будет тяжелее"""". """"Это очевидно, потому что решения принимаются в процессе диалога, дискуссии, и аргументы часто сводятся к тому, что прав тот, у кого больше прав"""", - отметил он.""",Решения принимаются в ходе двустороннего диалога.,entailment,train
"Так как вёл себя он не как самый трезвый участник дорожного движения, то полицейские провели медицинское освидетельствование. Оно показало, что в крови задержанного действительно был алкоголь. Позже выяснилось, что меньше года назад мужчину уже штрафовали за подобное нарушение.",Полицейские проверили водителя на алкоголь.,entailment,train
"Со страницы его друга в социальной сети пришло сообщение с просьбой перевести пять тысяч рублей. Отзывчивый приятель выполнил просьбу, а потом перезвонил, чтобы поинтересоваться, как дела у попавшего в беду. Тот заверил, что понятия не имеет, о каких деньгах идёт речь.",Отзывчивый приятель получил пять тысяч рублей.,not_entailment,train
"""Краснодарский краевой суд в понедельник принял решение о рассмотрении уголовного дела банды Сергея Цапка из станицы Кущевская с участием коллегии присяжных, сообщила адвокат потерпевших Екатерина Романова. """"Судом вынесено решение о рассмотрении дела с участием присяжных"""", - сказала адвокат журналистам. Она отметила, что защита потерпевшей стороны поддерживает это решение, поскольку """"это всегда лишние глаза"""".""","Адвокат потерпевших уверена, что в рассмотрении дела потребуются лишние глаза.",entailment,train
"Когда внедорожник тронулся, то без труда вырвал бензоколонку с корнем.",Внедорожник остался на месте.,not_entailment,train
"""И здесь президент полностью согласился с выступавшим. """"Мы все время создаем то какую-то десятку резерва, то сотню какого-то резерва, - сказал он, - вот резерв на самом деле. Я говорю это вам не для того, чтобы что-то приятное прозвучало, а потому что это так и есть"""".""",Президент и выступавший придерживались разных мнений по вопросу.,not_entailment,train
"""""""Мы двигаемся вперед. Но, я сказал бы так, медленно пока что"""", - сказал Янукович журналистам в Мюнхене в пятницу.""",В пятницу Янукович пообщался с журналистами в Мюнхене.,entailment,train
"""Депутат-""""единоросс"""" Александр Хинштейн назвал """"нормальным"""" поведение оппозиции в ходе митингов. """"Я считаю, что наличие оппозиции свидетельствует о здравости страны. И тот факт, что власти не чинят митингующим ни сегодня, ни в прошлый раз никаких препятствий, я только приветствую, потому что это также свидетельствует о зрелости нашей политической системы"""".""","""Депутат-""""единоросс"""" Александр Хинштейн не обнаружил свидетельств зрелости российской политической системы.""",not_entailment,train
"В течение этой недели на проекте Всероссийского конкурса юных талантов «Синяя птица» проходит голосование за участников, чтобы те вышли в финал.",Юные таланты уже вышли в финал.,not_entailment,train
"Как сообщили в Дальневосточном следственном управлении на транспорте, двое из них обвиняются в получении взятки, третий - в посредничестве во взяточничестве.",Только два из трех обвинений связаны со взятками.,not_entailment,train
"Животное пыталось выбраться, но сил уже не хватало. Девушки подбежали к проруби, начали подзывать собаку к себе. Когда она подплыла поближе, они вытащили ее из воды.",Девушки спасли собаку из проруби.,entailment,train
"""По словам президента, во всем мире референдумы используются достаточно редко, потому что сложна процедура их организации, а последствия референдумов зачастую могут привести к расколу общества. Но по некоторым вопросам, по его мнению, обязательно нужно узнать точку зрения большинства населения страны. """"Сделать это с использованием существующих технологий очень сложно, потому что это дорого и неэффективно"""".""",Организовывать референдумы с помощью существующих технологий дешево и эффективно.,not_entailment,train
"Победу в гонке одержали норвежские спортсмены, тройку лучших замкнули немцы.",Норвежцы не смогли обойти немцев.,not_entailment,train
"""""""И если через три года у меня будет шанс не только принять участие в выборах, но и выиграть, я такой возможности не исключаю"""", - отметил он. Что же касается оппозиции и активных протестов, то их бизнесмен и политик считает более непродуктивными. """"Что касается участия в протестах, я в них участия лично принимать не буду, потому что я не вижу позитивной повестки"""", - сказал он.""",Бизнесмен и политик хочет принять участие в протестах.,not_entailment,train
"""""""В зависимости от того, какое решение будет принято премьером, президентом, я буду принимать решение, откликаться. Хотя я сказал, что, наверное, на их месте я бы учел первое соображение, а именно, что необходима определенная рокировка, и попробовал бы поставить каких-то новых людей"""", - заявил Фурсенко в онлайн-интервью """"Газете.ru"""". По его словам, он остается """"долгожителем"""" среди министров образования и науки разных стран - и западных, и восточных, и южных, однако """"на таких постах так долго не живут"""", поскольку это """"направление, которое требует постоянных изменений"""".""",Фурсенко пообещал откликнуться на решения премьера и президента.,entailment,train
"Мужчина зарегистрировал их у себя по месту жительства, но не предоставил им фактических мест для проживания.",Мужчина поселил их у себя.,not_entailment,train
"При проведении таможенного контроля авто в нем обнаружили товар, который соответствовал заявленным в документах весу и странам изготовления.","Товар в машине не совпадал с тем, что было написано в документах.",not_entailment,train
"Так, проникнув в квартиру, преступники напоили хозяина квартиры снотворным. После чего стали предлагать потерпевшему переехать в деревню, а квартиру отдать им. После того, как мужчина отказался преступники решили убить его.",Преступники решили избавиться от хозяина квартиры.,entailment,train
"Шесть жителей областного центра обвиняются в незаконном проведении азартных игр, сообщили в пресс-службе следственного комитета области.",Трое обвиняемых регулярно проводили азартные игры.,not_entailment,train
"""Радио """"Эхо Москвы"""" сообщило в субботу, что в Москве разгорается скандал, в центре которого оказались дети-аутисты - их отказались пускать вместе с другими посетителями в океанариум на Дмитровском шоссе. """"Сейчас эта новость активно обсуждается в Интернете. В самом заведении признают, что попали в сложную ситуацию, но объясняют отказ тем, что некоторые посетители не хотят видеть рядом с собой инвалидов, так как это вызывает у них жалость"""".""",Детей-аутистов не пропустили на представление океанариума.,entailment,train
"Деньги у девушки пропали, когда она ехала в такси.","У девушки были средства, когда она садилась в такси.",entailment,train
"""Адвокат участницы группы Pussy Riot Марии Алехиной заявил отвод судье Таганского суда Наталье Коноваловой. Как передает корреспондент """"Интерфакса"""", на рассмотрении ходатайства следствия об ограничении сроков ознакомления с материалами дела Алехиной и ее защиты, адвокат Николай Полозов высказал свое недоверие суду. Адвокат заявил отвод председательствующей по данному делу, поскольку она вынесла уже два аналогичных решения не в пользу наших подзащитных.""",В Таганском суде разбирают дело участницы группы Pussy Riot Марии Алехиной.,entailment,train
"Однако, несмотря на это, горожане не проявили бдительности. В одном случае потерпевшему на мобильный телефон позвонил неизвестный. Незнакомец пояснил, что хочет вернуть деньги, которые случайно снял с карты его сестры.",Потерпевший стал жертвой мошенника.,entailment,train
"""""""Министр Нургалиев начал реформу МВД. Я считаю, что кое-что получилось"""", - отметил Медведев. Тем не менее, он на своем посту не остался, потому что, по выражению премьера, """"пришла пора этот процесс возглавить новому человеку"""".""",Медведев раскритиковал Нургалиева.,not_entailment,train
"""Кроме этого, Жуков рассчитывает, что на результатах российских спортсменов в Сочи положительно скажется фактор """"своего поля"""". """"Очень важно использовать преимущества """"своего поля"""". Потому что общемировая практика говорит, что этот коэффициент реализации всегда выше у хозяев: они знают свои трассы, больше тренируются на них"""".""","""Жуков считает, что """"свое поле"""" дает преимущество в игре.""",entailment,train
"""С июня по 15 августа 34-летняя жительница Красный Кута растила младенца в доме без воды, света и тепла, ставя под угрозу жизнь и здоровье своего грудничка. - Оставляла его одного в квартире, - рассказали """"Комсомольской правде""""-Саратов в областной прокуратуре. - Проверка показала, что в доме условия проживания были крайне неудовлетворительные, поскольку там не было водоснабжения, газоснабжения, электроснабжения.""",Младенец рос без света и воды.,entailment,train
"Местные власти были вынуждены обратиться к жителям с опровержением информации, которую начали распространять в листовках.",Местные власти опровергли информацию.,entailment,train
"Лежал там лишь пакетик с порошком. Но мужчина обрадовался находке больше, чем всем сокровищам Земли. Потому что жаждал дозы.",Мужчина жаждал дозы.,entailment,train
"Важно, чтобы построенные в Сочи олимпийские объекты не стали памятниками Олимпиаде. Нужно, чтобы их эксплуатация продолжилась после ее окончания. Сегодня понятно, что часть из них будет переоборудована, так как вне Олимпиады городу, например, не нужно столько катков.",В Сочи не строили олимпийских объектов.,not_entailment,train
"Как рассказывают очевидцы, инцидент произошел около восьми утра. Всем пассажирам удалось вовремя покинуть салон. - Классным было утро, ничего не скажешь.",Пассажиры покинули салон.,entailment,train
"Мы считаем этот арест необоснованным, потому что о заходе судна в порт было известно заранее.","Арест, несомненно, был необоснованным.",not_entailment,train
"""""""Но посмотрим, что будет происходить 13 мая"""", - заявили в посольстве России. Как отметили в российском диппредставительстве, судебное заседание будет проходить в Лагосе в представительстве суда Абуджи. """"Судебное заседание будет проводить новый судья, поскольку предыдущий ушел в отставку"""", - подчеркнули в посольстве.""",В посольстве сообщили об отставке предыдущего судьи.,entailment,train
"""Он добавил, что машины, стоящие в заторах с включенными двигателями, наносят колоссальный ущерб экологии. В результате, по его словам, многие инвесторы начинают обходить стороной город, где невозможно в разумное время проехать из одного конца в другой. Таким образом, по его словам, складывается """"тревожная тенденция"""", так как через несколько лет могут произойти неприятные последствия инвестиционного спада, которые могут повлечь снижение личных доходов жителей города и сокращение доходов бюджета.""",Пробки в городе отпугивают инвесторов.,entailment,train
"Напомним, что общественные приемные губернатора Калининградской области второй год работают во всех городских округах и муниципальных районах.",Общественные приемные губернатора Калининградской области больше года работают во всех городских округах и муниципальных районах.,entailment,train
"По словам очевидцев, злоумышленников было около десятка, и они внезапно появились из-за памятника.",Очевидцы видели злоумышленников.,entailment,train
"""Вот, собственно говоря, мы и занимаемся эхо-отражением всех событий. - Вернемся немного непосредственно к рейтингу. Так какие показатели имело """"отражение страны"""" в сентябре?""",Дальше собеседники поговорят о погоде в сентябре.,not_entailment,train
"Поскольку предприятие добровольно погасить свою задолженность не спешило, пристав наложил запрет на регистрационные действия в отношении недвижимости фирмы.",Пристав нашел выход из ситуации.,entailment,train
"Я бы дал деньги на командировки, потому что спортивный журналист здесь сидеть не должен, он должен ездить.",У меня нет денег на командировки.,not_entailment,train
"""На днях """"Комсомолка"""" писала о передвижном зоопарке """"Галактика"""", где сотрудники городского управления по охране окружающей среды нашли многочисленные нарушения: животные и птицы содержатся в ужасных условиях и замерзают.""","""В передвижном зоопарке """"Галактика"""" животные и птицы не бедствуют.""",not_entailment,train
"Спасатели, к счастью, знали, что надо делать: они позвонили в воронежский Центр помощи диким животным, где часто выхаживают больных птиц. Специалисты центра, к слову, уверяют, что если пернатые попадают в руки к людям, не улетают и, кажется, совсем не боятся людей, значит, с животным что-то не так. Оно может выглядеть совершенно здоровым, но птица, которая дала себя поймать, явно не в идеальной форме.",В воронежском Центре помощи диким животным нередко выставляют больных птиц.,not_entailment,train
"Они стажировались на крупных событиях регионального проекта «Моя территория», где выступали в качестве модераторов рабочих групп.",Они стажировались как модераторы.,entailment,train
"""""""Знакомы ли Вы со своими новыми коллегами – Никитиным, Яблонским, Аветисяном?"""" - """"Да, со всем директорами мы пообщались, и, на мой взгляд, мы очень хорошо друг друга дополняем. Я вам честно скажу, что я бы не смог собрать команду лучше, потому что это тот случай, когда достоинства одних покрывают недостатки других"""".""",У каждого из директоров есть недостатки.,entailment,train
"При этом стекла никто не бил, автомобили оставались целыми.",Автомобили были повреждены.,not_entailment,train
"Животные замурованы в клетках – их только время от времени кормят, поят и никогда не выводят на солнечный свет.",Животные не видят солнечного света.,not_entailment,train
"Первый процесс над Мохаммедом, бин Атташем, бин аль Шибхом, аль Азизом Али и аль Хавзави начался в военном суде США еще в 2008 году. Фигурантам дела предъявили 2973 обвинения в убийстве, сторона обвинения добивалась для подсудимых смертной казни. Правозащитные организации критиковали процесс, поскольку, по их мнению, рассматривавшая дело военная комиссия не обеспечивала действительно справедливого суда.",Обвинение требовало уважения к суду.,not_entailment,train
"Оказалось, пока ее не было, в доме орудовали воры.",Воры обошли стороной ее дом.,not_entailment,train
"Михаил Федорович предупредил, что на дорогах очень скользко. Так что, отправляясь в гости, сапоги на «шпильках» и «лабутены» лучше взять с собой, а до гостей добираться в устойчивой обуви. Можно взять с собой в дорогу и праздничные свечки и бенгальские огни, потому что видимость будет плохой — мощная облачность накроет всю область, и придется встречать праздник при свете фонарей и салютов, а не ярких новогодних звезд.","""В сапогах на """"шпильках"""" и """"лабутенах"""" на дорогах будет слишком скользко.""",entailment,train
"Прибывшие полицейские обнаружили, что неизвестный почти не оставил следов своего пребывания в доме.",Следов неизвестного в доме было много.,not_entailment,train
"ГАЗ попытался заехать на территорию фермы, где проживали мужчины, однако ему воспрепятствовал полицейский, который бегом догнал грузовик и вскочил на подножку, чтобы остановить его.",Полицейский поставил грузовику подножку.,not_entailment,train
"В аналогичном опросе, проведенном в марте 2010 г., за новую дисциплину высказалось 63% респондентов. В ноябре правительство утвердило план эксперимента, предусматривавшего преподавание основ религий и светской этики в 19 субъектах федерации. Осенью прошлого года Московский патриархат высказался за преподавание религиозных дисциплин не только в четвертом и пятом классах, но и на всех этапах школьного обучения, поскольку двух полугодий для усвоения материала недостаточно.",В прошлом году Московский патриархат высказался за преподавание религиозных дисциплин на всех этапах школьного обучения.,entailment,train
"Отрабатываются основные четыре версии, и я бы не хотел их озвучивать, поскольку это может повредить следствию.",Я бы хотел озвучить одну из четырех версий.,not_entailment,train
"По предварительной версии, местный житель 1990 года рождения выстрелил своей даме сердца прямо в голову после того, как поссорился с ней на бытовой почве. От полученных ранений несчастная умерла до приезда врачей.",Местный житель пристрелил даму сердца.,entailment,train
"27 декабря в полицию обратилась жительница Димитровграда, которая сообщила, что стала жертвой мошенников. Она рассказала полицейским, что ей позвонил якобы сотрудник банка. Он сообщил, что, поскольку женщина является их постоянным клиентом, ей положена компенсация.",Мошенник предложил женщине компенсацию от имени государства.,not_entailment,train
"Надо, повторяю, еще раз посмотреть это соглашение. Теперь о прессе. Я бы не стал так уж ругаться, потому что федеральные каналы уже и так ругают по поводу их позиции.",Федеральные каналы мало ругают по поводу их позиции.,not_entailment,train
"Вину женщина признала частично признала. Мотивом к совершению преступлений была ревность. Похищенные вещи обвиняемая считала своими, так как они были куплены на ее деньги, - рассказали в пресс-службе областной прокуратуры.",Женщина украла вещи.,entailment,train
"Синоптики обещают: морозы, вновь нагрянувшие в Ульяновскую область, совсем скоро отступят, и к концу рабочей недели в регионе заметно потеплеет.",В Ульяновской области заметно потеплеет.,not_entailment,train
"Как рассказали «Комсомольской правде» в пресс-службе прокуратуры Псковской области, мужчина попался во второй раз на одном и том же нарушении.",Мужчину снова поймали на том же месте.,not_entailment,train
"В регионе будут колебания атмосферного давления, которые спровоцируют головные боли и боли в области сердца.",У всех жителей региона будут головные боли и боли в области сердца.,not_entailment,train
"И в одном из местных магазинов силовики наткнулись на контрафактную водку, на которой были поддельные акцизные марки.",Акцизные марки подделывали водку.,not_entailment,train
"В Калининградской епархии уже заявили, что новый музей представляет собой уникальное явление для нашего региона.",Новый музей абсолютно уникален.,not_entailment,train
"От имени коллектива следственного управления Следственного комитета Российской Федерации по Тульской области и от себя лично поздравляю Вас с Новым годом и Рождеством Христовым! Новый год и Рождество – праздники волшебства, всеми любимые и ожидаемые! Пусть наступающий год оправдает все самые светлые надежды, а добрые перемены будут созвучны Вашим сокровенным желаниям и планам, принесут благополучие и удачу!",Наступающий год оправдает все самые светлые надежды!,not_entailment,train
"Этот год у нас юбилейный, десятый, когда мы будем ждать наше оплаченное жилье, - Еремина Анжелика, скромная женщина в сером шерстяном берете, одна из трех других присутствующих членов Ногинской инициативной группы держала плакат. - Мы против жуликов и воров. Потому что наше строительство сразу начиналось с обмана - нашему фонду разрешили строить, хотя он вообще не имел права заниматься строительством.",Анжелика дождалась оплаченного жилья.,not_entailment,train
"""""""Типичный пример: у Гнесинки была своя школа для самых маленьких, потом мы грант не получили, и школу закрыли года 3-4 назад. Соответственно, если нас соединяют с академией, и ей закрывают финансирование, то закроют, скорей всего, среднее звено"""", - заявил """"Интерфаксу"""" студент III курса. Собеседник агентства отметил, что для училища была возможность стать муниципальным колледжем, однако этот вариант не был принят, так как, по его оценке, столица не заинтересована в музыкантах, а потому они не получают достаточно бюджетных средств.""",Училище стало муниципальным колледжем.,not_entailment,train
"""Поют тут, правда, другие силы – Kanye West, Jay -Z, его супружница Бейонсе, исполнившая """"Back To Black"""" Эми Уайнхауз, и бархатноголосая Лана Дель Рей. Баз Лурман, что для него характерно, продолжает работать в попурри стилистике, привнося калейдоскопичность и в форму, и в содержание, опять же, в ущерб великому смыслу. Ему как будто бы не наплевать на время, но оно для него просто не имеет значения, потому что понимается им как категория самостоятельная, оторванная от контекста человеческих жизней, судеб, личностных особенностей.""",У Ланы Дель Рэй бархатный по звучанию голос.,entailment,train
"Она рассказала, что в дверь ее комнаты в общежитии постучали.",У нее две комнаты в общежитии.,not_entailment,train
"Близкими к новому главе государства являются фигуры, которых он знает не со вчерашнего дня и кому он может доверять.",Кого-то из близких к нему фигур новый глава государства может знать и со вчерашнего дня.,not_entailment,train
"""Избранный президент США Дональд Трамп призвал гостей, не собирающихся на его инаугурацию, вернуть билеты. Он намекнул, что пропуск на церемонию нужен другим людям. «Что касается тех людей, которые не пойдут на инаугурацию, все нормально, потому что нам очень нужны билеты"""".""",Гости уже вовсю возвращают билеты на инаугурацию Трампа.,not_entailment,train
На Ура_губу в этом году приехало 15 человек.,На Ура_губу в следующем году приедет 15 человек.,not_entailment,train
"""В начале недели московский межрегиональный транспортный прокурор Владимир Тюльков рассказал """"Интерфаксу"""", что на данный момент зафиксировано около 70-ти случаев ослепления пилотов лазерными указками. Но по его мнению сложность этой ситуации связана в частности с отсутствием нормативной базы по противодействию вышеуказанным проявлениям, поскольку лазерные указки продаются свободно.""","Нормативная база, способная защитить пилотов от лазерной указки, будет разработана в начале недели.",not_entailment,train
"""Это просто разная аудитория. За счет того, что в """"Спорт-Экспрессе"""" много хороших журналистов, у нас газета, по большому счету,  авторская. Потому что люди читают не только информацию, они читают, как это написано.""","Люди читают только информацию, а не как это написано.",not_entailment,train
"На «те же грабли» мужчина встал, когда во второй раз сел за руль в пьяном виде. Очевидцы сообщили о пьяном водителе в полицию. И если в первом случае он отказался проходить медицинское освидетельствование, то во втором пытался выдать себя за пассажира.",Пьяный водитель сумел выдать себя за пассажира.,not_entailment,train
"Как выяснилось, конфликт разгорелся на почве ревности.",Причина конфликта - ревность.,entailment,train
"""Она до сих пор остается единственным человеком, у которого есть к нему доступ. Мне кажется, это человек, чья репутация абсолютно безупречна, гарантированна, никто не посмеет ее упрекнуть в каких-нибудь злоупотреблениях"""", - указал, в свою очередь Пархоменко в интервью телеканалу """"Дождь"""". Он отметил с иронией, что был бы рад, если бы эта проверка привела к судебному разбирательству, так как тогда бы пришлось вызвать в суд всех, кто переводил деньги, а таковых, по его словам, сотни тысяч человек.""",Ее трудно упрекнуть в злоупотреблениях.,entailment,train
"""""""Скорее всего, трубопровод охлаждения одной из солнечных батарей был пробит. Причем чем, как - никто не видел. Потому что частицы, очевидно, достаточно мелкие"""".""","Никто не видел, как был пробит трубопровод охлаждения одной из солнечных батарей.",entailment,train
"""""""Не вижу смысла увеличивать число статей Уголовного кодекса, так как там уже есть меры уголовной ответственности в отношении лиц, которые пропагандируют сепаратизм"""".""",В Уголовном кодексе нужна еще одна статья.,not_entailment,train
"В администрациях пояснили, что эта мера принята в интересах безопасности местных жителей и туристов. Власти также увеличили количество спасателей, работающих на пляжах, что нехарактерно для этого времени года.",На пляжах нехарактерное для этого времени года количество спасателей.,entailment,train
"Сначала он позвонил в ГИБДД, чтобы эту машину эвакуировали, но те отказались, так как на авто не было номеров, а поэтому установить его владельца невозможно. После этого рассерженный северянин и сообщил в полицию о бомбе, - пояснила начальник пресс-службы.",На машине не было номеров.,entailment,train
"Пока ехала «скорая», очевидцы пытались оказать пенсионерке помощь.","""Очевидцы в """"скорой"""" пытались помочь женщине.""",not_entailment,train
"Такие победы просто так не даются. У нас уже не было выбора, мы выходили с одной целью, с одной задачей – выиграть.",Мы проиграли.,not_entailment,train
"Нужно, чтобы люди имели возможность заявить свою оппозицию, непростая задача для власти, да, но надо к этому стремиться. Я искренне говорю об этом, потому что когда мы это обеспечим, будет видна работа каждого из нас.",Когда-нибудь мы обеспечим людям возможность заявить свою оппозицию.,entailment,train
"Но когда злоумышленник пришел к себе домой, то понял, что потерял свой телефон, вырывая сумку из рук пенсионерки.",Злоумышленник оставил свой телефон пенсионерке.,not_entailment,train
"Выяснилось, что женщина ехала в такси вместе со своим новым знакомым. По дороге между ними произошел конфликт. Мужчина, воспользовавшись моментом, когда машина остановится на светофоре, схватил сумку женщины и сбежал из автомобиля.",Мужчина вернул сумку женщине.,not_entailment,train
"К утру птица так и не смогла самостоятельно улететь. Тогда было принято решение доставить сову к ветеринару. Там выяснилось, что она поранила крыло.",Сова не улетела.,entailment,train
"Метрополитен Екатеринбурга разместил на сайте госзакупок запрос на кредит в 150 миллионов рублей. Напомним, что ранее руководство подземки неоднократно заявляло, что метро работает в убыток, а цена жетона намного ниже себестоимости поездки.",Метро не работает в убыток.,not_entailment,train
"""""""Когда в начале 90-х декриминализировали употребление наркотиков, количество наркоманов увеличилось в сотни раз. Эта мера вынужденная и необходимая, во-первых, она декларирует позицию государства, во-вторых, она спасет огромное количество наркоманских жизней и душ"""", - заявил Ройзман """"Интерфаксу"""" в среду. По его словам, предлагаемая инициатива – достаточно мягкая и может быть определена как гуманная, так как предполагается уголовная ответственность за систематическое употребление наркотиков и только тех лиц, которые ранее привлекались к административной ответственности.""","Ройзман сказал, что снова криминализировать употребление наркотиков нужно чтобы показать позицию государства и спасти души наркоманов.",entailment,train
"Девушка работала в павильоне торгового центра, где продавала косметику и парфюмерию.",Девушка работала продавщицей.,entailment,train
"Продуктовый ретейлер из города Рийхимяки выпустил рождественский календарь с фотографиями магазинных воришек, сделанных с помощью камер видеонаблюдения. Директор супермаркета Томи Салонен обещает убрать фото воришки с календаря, если он придет к нему покаяться. По его словам, метод оказался действенным, так как в небольшом городке изображение нечистого на руку соседа легко опознают.",Камера видеонаблюдения провоцировала воришек.,not_entailment,train
"Он находится недалеко от дома, где жил подросток. Согласно предварительной версии, юноша покончил с собой. Напомним, ранее по факту пропажи подростка возбудили уголовное дело по статье «Убийство».",Дело об убийстве подростка может стать делом о самоубийстве.,entailment,train
"Это является тяжким вредом здоровью. После этого на подозреваемого завели уголовное дело. Полицейским удалось узнать, что мобильник он сдал в местный ломбард, а сам уехал за пределы области.",Завели уголовное дело.,entailment,train
"""Это просто разная аудитория. За счет того, что в """"Спорт-Экспрессе"""" много хороших журналистов, у нас газета, по большому счету,  авторская. Потому что люди читают не только информацию, они читают, как это написано.""","""""""Спорт-Экспресс"""" - преимущественно региональная газета.""",not_entailment,train
"Если быть точным, введя в поисковую строку фамилию, можно было узнать много интересного про его владельца, а именно: паспортные данные, номера телефонов, об утерянные документы, зарегистрированные транспортные средства и наложенные штрафы, передвижения по стране (через проданные железнодорожные билеты и регистрации на авиарейсы). Кроме того, в базе содержались данные о регистрации юридических лиц и частных предпринимателей, информация о поднадзорных лицах (тех, кто находится под контролем после освобождения их мест лишения свободы) и лицах, совершивших административные правонарушения. Авторы проекта утверждали, что тем, кому нечего скрывать, сайт не может навредить, поскольку честным гражданам не приходится иметь дело с коррумпированными структурами, По их мнению, истинными мотивами тех, кто пожелает удалить данные с сайта, будет боязнь разоблачения, а вот честным людям прятать от широкой общественности свои данные не имеет смысла.",База не содержала личных данных.,not_entailment,train
"""По данным полиции, сделка должна была состояться в здании гостиницы железнодорожного вокзала Ростова-на-Дону. Мешочек с драгоценностями """"торговец"""" оценил в 8 млн рублей. Но заработать ему не удалось, так как на встречу с дельцом пришел полицейский и задержал нарушителя закона с поличным.""",Полицейский явился на незаконную сделку.,entailment,train
"Женщина продала арестованное имущество, которое было передано ей на хранение.",Имущество сохранено.,not_entailment,train
"Высоко сижу, далеко гляжу.",С высоты я вижу далеко.,entailment,train
"""Новый полигон отличается повышенной сложностью и увеличенным количеством препятствий, сообщает """"Федеральное агентство новостей"""".""",Препятствий на новом полигоне меньше.,not_entailment,train
"Когда мужчине стало плохо, дежурившие спасатели поспешили на помощь.",Мужчине стало плохо не из-за спасателей.,entailment,train
"Отец вышел на балкон и дверь внезапно захлопнулась. Благо, телефон мужчина взял с собой. Он вызвал спасателей, которые благополучно попали в квартиру и освободили родителя, а также успокоили перепуганного четырехлетнего мальчика.",Малыш остался дома один.,entailment,train
"""""""Когда в начале 90-х декриминализировали употребление наркотиков, количество наркоманов увеличилось в сотни раз. Эта мера вынужденная и необходимая, во-первых, она декларирует позицию государства, во-вторых, она спасет огромное количество наркоманских жизней и душ"""", - заявил Ройзман """"Интерфаксу"""" в среду. По его словам, предлагаемая инициатива – достаточно мягкая и может быть определена как гуманная, так как предполагается уголовная ответственность за систематическое употребление наркотиков и только тех лиц, которые ранее привлекались к административной ответственности.""",Ройзман сожалеет о декриминализации употребления наркотиков в 90-е.,not_entailment,train
"В него вошли не только существующие военные конфликты в мире, но и те, которые, по мнению издания, могут возникнуть в новом году.",В новом году издание ожидает новых конфликтов.,entailment,train
"Бывшие банкиры находятся в международном розыске. Адвокаты А.Бородина обжаловали это решение в кассационную и надзорную инстанцию. Решения были подтверждены, а в порядке надзора не рассмотрены, поскольку для этого не нашлось оснований.",Бывших банкиров нашли.,not_entailment,train
"Так что никто из ребятни не пострадал. Сам пожар случился из-за неисправной проводки. Сам автобус потушили, и огонь не успел перекинуться на топливный бак.",Автобус догорел.,not_entailment,train
"""Это просто разная аудитория. За счет того, что в """"Спорт-Экспрессе"""" много хороших журналистов, у нас газета, по большому счету,  авторская. Потому что люди читают не только информацию, они читают, как это написано.""","""""""Спорт-Экспресс"""" - преимущественно авторская газета.""",entailment,train
"О том, что окна детского сада в жилом комплексе Луговое в Иркутском районе обстреляли из пневматического оружия, полицейским накануне сообщила одна из местных жительниц.",В детском саду много пневматического оружия.,not_entailment,train
"Женщина сообщила, что стала жертвой обмана.",Женщина пожаловалась на обман.,entailment,train
"На рассмотрение все документы передали в областной суд. Тогда же он пытался обжаловать заведенное уголовное дело, но получил отказ. Приговор выносили в отсутствии подозреваемого, сейчас он находится в бегах за пределами страны и объявлен в международный розыск.",Подозреваемый присутствовал на вынесении приговора.,not_entailment,train
"С такими словами он выступил на заседании коллегии Минобороны. «Можно с уверенностью сказать: мы сегодня сильнее любого потенциального агрессора», - сказал Путин. При этом он призвал военное ведомство не расслабляться, поскольку при малейшей оплошности угроза может застать врасплох.",Мы сегодня сильнее любого потенциального агрессора.,not_entailment,train
"""""""Я попросил их продолжать работу и не снижать темпов, крайне противно было"""", — посетовал глава президентской администрации. """"Ну, терпел. Я не подавал виду, потому что я понимал, что если я начну подавать вид, это приведет к настороженности и попытке замести следы"""", — добавил он.""",Главе президентской администации было крайне противно.,entailment,train
"Прокурор просит огласить показания ключаря храма Христа Спасителя Михаила Рязанцева. По его словам, сам свидетель не может явиться в суд, потому что находится в командировке.",Свидетелем был ключарь.,entailment,train
"Как сообщают в социальных сетях местные жители, на свет появилось одноглазое животное, напоминающее циклопа.",Одноглазое животное самозародилось в соцсетях.,not_entailment,train
"При этом глава ведомства заявил, что эта ассоциация не может считаться независимой организацией, поскольку получает на свое содержание финансирование из-за рубежа.",Ассоциация отсылает деньги за рубеж.,not_entailment,train
"Все улицы, которые будут переименованы, находятся на окраинах города.",Также будет переименована одна центральная улица.,not_entailment,train
"""""""Речь не идет о простом желании спортсменов сняться с соревнований, - заявил президент Федерации фигурного катания России Александр Горшков. - Для этого существуют медицинские показания. Осенью по ходу этапов """"Гран-при"""" фигуристам приходилось выступать и лечиться одновременно, но делать это довольно сложно, поскольку как следует не получается ни то ни другое"""".""",Фигуристам легко выступать и лечиться одновременно.,not_entailment,train
"""""""А я никогда не был на этом телеканале, не видел его"""", - сказал """"Интерфаксу"""" Говорухин в пятницу. Также в Твиттере есть высказывания якобы от имени режиссера про изменение состава директоров """"Эха Москвы"""". """"Это тоже бред, я не мог этого заявить, потому что считаю, что это самая талантливая радиостанция, хоть я во многом с ней не согласен, на мой взгляд, она не полезна делу, которым я занимаюсь"""".""","""Говорухин назвал """"Эхо Москвы"""" самой талантливой радиостанцией.""",entailment,train
"Необходимо избегать общественных мест, где находится большое количество людей, чаще проветривать помещения, использовать маску и по возможности чаще мыть руки и полоскать горло солевым раствором. Также важно правильно питаться, высыпаться, заниматься спортом и избегать стрессовых ситуаций. В профилактике могут помочь противовирусные препараты.","В профилактике вирусной инфекции помогут мытье рук, проветривание помещений и избегание людных мест.",entailment,train
"Вероятно, злоумышленник взял вещи, которые лежали ближе всего к открытой входной двери.","Несомненно, злоумышленник взял именно те вещи, которые лежали ближе всего к открытой входной двери.",not_entailment,train
"Полицейские отрабатывают места возможного местонахождения нелегальных мигрантов. Кроме того, с близлежащих улиц эвакуированы машины. Как удалось узнать позднее от очевидцев, всего была задержано больше двух десятков нарушителей.",Полицейские ищут мигрантов.,entailment,train
"Областной главк полиции сообщает о том, что в регионе проходит операция «Гражданин – Оружие».",Главк полиции сообщил об обнаружении оружия.,not_entailment,train
"В Ростове вынесли приговор хозяину продуктового магазина, который сбывал левый алкоголь, отлично зная о его сомнительном происхождении. - Являясь индивидуальным предпринимателем, приобрел в целях дальнейшего сбыта два ящика водки, не имеющей сопроводительной документации, подтверждающей ее происхождение, качество и безопасность для жизни и здоровья человека, - сообщили официальную версию в СУ СК России по Ростовской области. Но сбыть водку ему не удалось, так как вмешались сотрудники правоохранительных органов.",Хозяин продуктового магазина продавал контрафактное спиртное.,entailment,train
"""Эта реплика пришлась не по душе экс-министру финансов Алексею Кудрину, который сказал журналистам, что """"это отношение к протесту неверное, я с таким отношением не согласен, потому что сотни тысяч людей не вышли бы (на митинги за деньги - ИФ)"""". Впрочем, сам В.Путин, несмотря на возросшую политическую активность бывшего соратника по правительству, по-прежнему считает его другом и членом своей команды, которому еще найдется место в строю. В общем и целом, по словам премьера, протесты в рамках закона полезны, потому что не дают чиновникам расслабиться (""""потому что власть далеко не всегда правильно себя ведет и адекватно отвечает на вызовы времени""""), но уклон в сторону """"цветных революций"""" недопустим (""""позволить себя втянуть в какие-то схемы по дестабилизации общества, вот это, мне кажется, неправильно"""").""",Кудрину реплика понравилась.,not_entailment,train
"Обнаружив пропажу, он сразу позвонил в полицию. Полицейские опросили соседей. Оказалось, что старшая по дому видела, как с утра из подъезда выходил подозрительный парень с креслом.",Утром подозрительный парень вынес из подъезда кресло.,entailment,train
"Чаще делайте короткие перерывы в работе. Во время пауз лучше общаться с коллегами и говорить о приятном. Пейте чай, рассказывайте о путешествиях.",Во время пауз в работе лучше всего пить.,not_entailment,train
"Кроме того, он заявил, что ассоциация не может считаться независимой, потому что финансируется из-за рубежа.","Он напомнил, что расходы ассоциации оплачиваются из-за рубежа.",entailment,train
"Водителю отомстили моментально. Мусорными пакетами закидали крышу, капот авто, а также повесили один мешок на дворник, расположенной на заднем стекле. И, надо сказать, пользователи поддержали тех, кто наказал водителя.",Водителя наказали мусорными пакетами.,entailment,train
"Может, это один из этапов нового способа мошенничества? Был в полиции, написал заявление. Что-то мне подсказывает, что не найдут они его.",Полиция найдет мошенника.,not_entailment,train
"В суде установили, что у ООО «Бежицкие маршрутные такси» есть лицензия и два договора с администрацией на перевозку пассажиров по маршруту «улица Молокова – Бордовичский водозабор», - говорится на сайте арбитражного суда Брянской области.",У ООО «Бежицкие маршрутные такси» нет права возить пассажиров по улице Молокова.,not_entailment,train
"В ноябре того же года прошел суд. Стрелявшему дали восемь лет колонии строгого режима по статье за сбыт наркотиков. – Мужчина во всем сознался, поэтому его личность и детали преступления тщательно рассмотрели.",Мужчина сознался.,not_entailment,train
"Приятная новость для тех, кто задумывался об ипотеке, но по разным причинам пока не решался: банковский сектор чутко реагирует на ситуацию и старается предлагать более широкие возможности для клиентов.",Расширятся возможности получить ипотеку.,entailment,train
"""Военное руководство Египта выразило во вторник вечером готовность уйти от власти, если местные жители потребуют этого на референдуме. """"Армии не нужна власть. Она управляет страной, так как действует исключительно в интересах народа"""".""",Военное руководство Египта назвало условие своего отказа от власти.,entailment,train
"""""""От своих действий я не отказываюсь, я стрелял, но, видит Бог, ничьей смерти я не хотел. Я просто хотел предотвратить нападение на меня, - сказал Черкесов. - Я ходатайствовал о суде присяжных, потому что хотел, чтобы меня судил народ"""".""","Черкесов утверждает, что не хотел ничьей смерти.",entailment,train
"После этого они выступят с заявлениями для прессы. Когда состоится ординарное заседание депутатов, решит постоянное бюро парламента. Напомним, что весенняя сессия должна начинаться в феврале и не может заканчиваться позднее июля.",Ординарное заседание депутатов состоится в июле.,not_entailment,train
"К сожалению, барнаульцы не смогли взять реванш после первого досадного поражения 63:64. Во втором матче на площадке в составе хозяев появился Глеб Бейгельзимер, который не принимал участия в первой игре. Он давно знаком алтайским болельщикам, так как уже защищал цвета нашей команды.",Команда Барнаула выиграла.,not_entailment,train
"Напомним, трое слуг народа выдвинули инициативу отмены прямых выборов мэра.",Трое депутатов хотят отменить прямые выборы мэра.,entailment,train
"Все случилось, когда транспортное средство двигалось по своему маршруту.",Ничего не произошло.,not_entailment,train
"Срок был продлен на два года, поскольку для обладателей патентов необходим переходный период для того, чтобы иметь возможность адаптироваться к деятельности в качестве индивидуальных предпринимателей.",Срок продлили более чем на год.,entailment,train
"Как сообщает региональная прокуратура, в 2016 году обвиняемый обманным путем приобрел здание неэксплуатируемой котельной, расположенной в Автозаводском районе и находящейся на балансе администрации. После этого мошенник за 1 млн рублей продал здание своим знакомым предпринимателям, которые открыли там столовую. Покупатели не заметили подвоха, поскольку у нечистого на руку продавца были все документы.",Мошенник запасся всеми документами.,entailment,train
"""У болельщиков ярославского футбольного клуба """"Шинник"""" - радость: можно будет сходить и посмотреть, как тренируется любимая команда.""",Ярославских болельщиков пустят на тренировки.,entailment,train
"Ранее в допинг-пробе боксера обнаружили запрещенный препарат остарин. «Мое мнение - это некомпетентность людей, которые работают с Александром Поветкиным, из чьих рук он получил этот препарат», - заявил Хрюнов Радио «Комсомольская правда». Он добавил, что считает произошедшее «ужасом», поскольку раньше спортсмен не употреблял допинг.",В допинг-пробе Поветкина нашли остарин.,entailment,train
"Проект детского сада участвует в программе по субсидированию строительства детских дошкольных учреждений, поэтому финансироваться строительство, вероятно, будет из федерального бюджета.",Федеральный бюджет не станет источником финансирования строительства.,not_entailment,train
"""""""Думаю, нужно будет смотреть в каждом конкретном случае, так как не любое здание годится в качестве жилого дома"""", - заявил Шаронов в интервью """"Российской газете"""", которое будет опубликовано во вторник.""","""Шаронов дал интервью """"Российской газете""""""",entailment,train
"Предполагается, что он вернулся домой и застал свою сожительницу вместе с другом. В порыве ревности мужчина ударил соперника ножом в грудь и попал в сердце. Как сообщают в пресс-службе Следственного комитета, расследование продолжается, устанавливаются подробности произошедшего.","Несомненно, он вернулся домой и застал свою сожительницу вместе с другом.",not_entailment,train
"Я думаю, что ему можно пожелать, по крайней мере, на первом этапе, чтобы все в городе объединились, помогая ему, что будет очень трудно, потому что грядет период выборов. Я бы пожелал, чтобы не возникало никаких трений.",Могут возникнуть трения.,entailment,train
"Врачи диагностировали у мужчины перелом плеча и травму тела, которые оцениваются как вред здоровью средней тяжести.",У мужчины сломано плечо.,entailment,train
"""Гражданка Украины Анхар Кочнева, которая находилась в плену у сирийских повстанцев, намерена приехать на Украину через неделю и провести пресс-конференцию для украинских журналистов. """"В Киев я не вернусь, а посещу его. Я не могу сказать день, потому что я не хочу давать шанс себя отловить"""".""","Кочнева обещала навестить Киев, но не вернуться туда.",entailment,train
"Как говорится в сообщении, примерно в 16.20 мск на пульт дежурной части МВД по РСО-Алания поступил анонимный звонок. Звонивший мужчина сообщил, что рынок заминирован. Поскольку он не назвал, на каком именно рынке, якобы, заложено взрывное устройство, правоохранительные органы приступили к эвакуации граждан со всех рынков города.",Рынки города наполнились толпами людей.,not_entailment,train
"От всей души поздравляем вас с праздниками - Новым годом и Рождеством Христовым! Новый год - это праздник чудес, заветных желаний и искренних надежд! Верьте только в хорошее, будьте здоровы и счастливы!",Недавно было Рождество.,not_entailment,train
"Методы анализа нитрофуранов в тканях животного и продуктах животного происхождения основаны именно на обнаружении этих веществ. Выраженные побочные явления, характерные для препаратов нитрофурановой группы, привели к запрету их использования при производстве пищевых продуктов. Однако во многих странах эти вещества предпочитают анализировать с помощью иммуноферментного метода анализа, поскольку он чувствителен и при этом прост.",Во многих странах предпочитают иммуноферментный анализ для работы с этими веществами.,entailment,train
"Было незамедлительно возбуждено уголовное дело, которое следователям удалось раскрыть по горячим следам.",Дело раскрыли через несколько лет.,not_entailment,train
"Ругаться матом чревато не только в общественных местах, оштрафовать за брань, оказывается, могут и в Интернете.",За мат в общественных местах отправляют в Интернет.,not_entailment,train
"""Как сообщила """"Интерфаксу"""" пресс-секретарь Замоскворецкого суда Евгения Пазухина, судья удовлетворила ходатайство прокуратуры о продлении срока содержания под стражей до декабря 10 подсудимых. Также Никишина продлила до декабря срок домашнего ареста обвиняемой Александре Духаниной и срок нахождения под подпиской о невыезде активистки Марии Бароновой. Прокурор в суде настаивал на продлении мер пресечения, так как """"подсудимые могут скрыться и оказать давление на свидетелей"""".""",Подсудимые несомненно скроются и окажут давление на всех свидетелей.,not_entailment,train
"В решении суда отмечается, что действия журналистки вызвали «негодование и возмущение» в обществе.",Решение суда касалось оценки действий общества журналисткой.,not_entailment,train
"Для тех, кто эти новогодние каникулы проводит активно и бодро, библиотека имени Горького предлагает интеллектуальное развлечение – выставку декоративно-прикладного искусства и периодических изданий «Зимняя сказка».",Библиотека имени Горького считает выставку декоративно-прикладного искусства интеллектуальным развлечением.,entailment,train
"На следующий день потребовал вернуть пачку. Женщина не смогла вспомнить, куда их запрятала. Тогда сын начал избивать несчастную: ногами, руками, а после добил обухом топора.",Сын добил мать обухом топора.,entailment,train
"Как сообщает пресс-служба ведомства, в новом документе сохранили транспортную систему.",Транспортная система сохранилась и в новом документе.,entailment,train
"Обе купюры оказались поддельными. - По данным фактам проводятся проверки, - заверили в полиции. Стражи порядка также напоминают, что в случае, если к вам в руки попала фальшивая купюра, нужно сразу же обратиться в полицию.",Стражи порядка нашли фальшивую купюру.,not_entailment,train
"Подросток хорошо знал хозяина квартиры, поскольку тот жил недалеко от дома родителей и являлся приятелем отца.",Подросток познакомился с хозяином квартиры только вчера.,not_entailment,train
"На территории грузового двора разъезда Александровский они заметили мужчину, который пытался похитить составную часть тормозного механизма железнодорожного вагона.",Мужчина пытался починить вагон.,not_entailment,train
"""На днях """"Комсомолка"""" писала о передвижном зоопарке """"Галактика"""", где сотрудники городского управления по охране окружающей среды нашли многочисленные нарушения: животные и птицы содержатся в ужасных условиях и замерзают.""","""В передвижном зоопарке """"Галактика"""" животные и птицы страдают от холода и жутких условий.""",entailment,train
"В четверг, 19 января, в СМИ появилась информация о намерении нескольких крупных банков обратиться к председателю ЦБ РФ Эльвире Набиуллиной с просьбой отменить обязательный перевод на карты «Мир» всех бюджетных средств, включая зарплаты, пенсии и оплату больничных. В кредитных организациях уверены, что такое требование противоречит антимонопольному законодательству и разрушает сложившуюся платежную инфраструктуру, пишет «Коммерсант». Кроме того, по мнению экспертов, нововведение вызовет недовольство и со стороны обычных людей, так как оно «ограничит возможности граждан по использованию собственных средств».","""В ЦБ РФ хотят перевести на карты """"Мир"""" все бюджетные средства.""",entailment,train
"Следствие установило, что пара встречалась на протяжении последних двух лет.",Пара встречалась последнюю пару лет.,entailment,train
"Как только сигнал поступает на горячую линию, то совместно с полицией проверяется информация.",Информация проверяется полицией еще до сигнала.,not_entailment,train
"Похищенные деньги, как выяснилось, женщина успела потратить. Украшения вернули пенсионерке. По факту кражи в полиции завели уголовное дело, ведется расследование.",Женщина не стала красть у пенсионерки.,not_entailment,train
"""""""Я надеюсь, они услышат. Это касается премий, доходов.... Нужно понимать, в какой стране мы живем, и не раздражать людей"""", - подчеркнул президент. Позже он добавил: """"То, что пресса """"пощипывает"""" представителей крупного бизнеса и чиновников - это хорошо"""".""","""Президент доволен, что пресса """"пощипывает"""" чиновников и представителей крупного бизнеса.""",entailment,train
"""""""Все три птицы чувствуют себя хорошо, ведут себя спокойно и уверенно, - сообщают в Ленинградском зоопарке. - Самки и самец расположились в соседних вольерах, но между ними проложили небольшой проход. Места там хватит, чтобы самки могли пройти, а вот самец уже не поместится"""".""",Самец не помещается в проход.,entailment,train
"""В свою очередь глава комитета по обороне и безопасности Виктор Озеров не сомневается, что сокращение числа """"мигалок"""" повлияет положительно на безопасность движения в стране. По его мнению, это решение Путина будет иметь два важных последствия. """"С политической точки зрения это будет иметь несомненный положительный эффект, поскольку, согласно опросам общественного мнения, именно развязное поведение на дорогах водителей с """"мигалками"""" вызывает раздражение у окружающих, и чем меньше будет """"мигалок"""" на дорогах, тем больше уважения будет вызывать наша власть, тем более понятной она будет для населения.""","""Путин решил уменьшить число """"мигалок"""" на дорогах.""",entailment,train
"В этот же день, 6 января, с аналогичной проблемой пришел в Александровскую больницу другой обмороженный. 34-летний гражданин Таджикистана объяснил: он работает на стройке в поселке Янино Всеволожского района, на участке и отморозил руки, причем еще 5 января. Поскольку времени прошло много, мигранту грозит ампутация кистей.",Гражданин Таджикистана отморозил руки.,entailment,train
"Предприимчивый, но не работающий 29-летний ковдорчанин, съезжая со съемной квартиры, решил прихватить оттуда еще и половину вещей, принадлежащих хозяевам. - По словам потерпевшей, из ее квартиры в Полярном переулке пропала бытовая техника и мебель на общую сумму в 81 тысячу рублей, - рассказали в пресс-службе УМВД по Мурманской области. - Так как квартиру никто не взламывал, в преступлении заподозрили мужчину, который арендовал квартиру у владелицы.",У потерпевшей пропала бытовая техника и мебель на общую сумму в 81 тысячу рублей.,entailment,train
"Сведения о том, что запрет на посещение соцсетей мог стать причиной трагедии, не подтвердились. Напомним, что тело мальчика в доме обнаружил отец.",Запрет на посещение соцсетей стал причиной трагедии.,not_entailment,train
"Вместе мы многого добились. В Пензенской области собран рекордный урожай, сохранены темпы промышленного роста, реализованы крупные инвестиционные проекты. Мы смогли найти решение многих актуальных социальных задач – в здравоохранении, образовании, культуре и спорте и сделать значительный задел на будущее!",Урожай в Пензенской области рекордный!,entailment,train
"Товарищи вместе отдыхали и выпивали. Злоумышленник регулярно занимал деньги у друга на алкоголь. Однако он не возвращал долги, так как постоянного источника дохода у него не было.",Постоянного источника дохода у злоумышленника не было.,entailment,train
"""Как рассказали """"Комсомольской правде"""" в пресс-службе комитета культуры южной столицы Псковской области, все трое учатся в Образцовом художественном коллективе Театра детской песни """"Летний дождь"""".""","""В Образцовом художественном коллективе Театра детской песни """"Летний дождь"""" всего три ученика.""",not_entailment,train
"""Люди спешили подняться на поверхность, чтобы уехать на работу наземным транспортом. - На """"Ладожской"""" коллапс! Автобусы не могут закрыть двери, маршрутки битком, - пишут очевидцы.""","""Маршрутки на """"Ладожской"""" переполнены.""",entailment,train
"«У меня простые принципы подбора людей в команду: порядочность и компетентность. Кто-то на новой должности справляется и продолжает работать, кто-то уходит, а кто-то показывает максимальную эффективность и переходит на решение других, более сложных задач. Так будет происходить и впредь, потому что команда должна работать эффективно», – подчеркнул глава региона.","Глава региона рассказал, что ценит порядочность и компетентность.",entailment,train
"""Его называют """"повелителем женских сердец"""", а песни, которые он исполняет, уже давно стали хитами.""",Он сочиняет хиты.,not_entailment,train
"Полицейские отрабатывают места возможного местонахождения нелегальных мигрантов. Кроме того, с близлежащих улиц эвакуированы машины. Как удалось узнать позднее от очевидцев, всего была задержано больше двух десятков нарушителей.",Полицейские нашли всех мигрантов.,not_entailment,train
"""Боксер Денис Лебедев не исключил, что в команде Александра Поветкина есть предатель, который мог «подсыпать» ему допинг. Напомним, ранее стало известно, что перед боем за титул """"временного"""" чемпиона мира по версии Всемирного боксерского совета (WBC) с канадцем Бермейном Стиверном в допинг-пробе россиянина был обнаружен запрещенный препарат остарин. В результате бой был отменен, так как соперник отказался его проводить.""",Поветкина точно предали.,not_entailment,train
"""""""Еще в четверг, 25 октября Леонид лично написал заявление в СКР с требованием возбудить дело по ст.126 (похищение) УК РФ. Я находился вместе с ним в изоляторе, и могу однозначно это подтвердить"""", - сказал Фейгин. По его словам, он передал заявление сотрудникам СИЗО, так как выносить какие-либо документы из изолятора запрещено.""",Фейгин рассказал о заявлении Леонида.,entailment,train
"Работа личного состава будет усилена, наших сотрудников не отпускают в эти дни в отпуск, - отметил спикер.","По словам спикера, в эти дни личный состав отправится на отдых.",not_entailment,train
"В управлении пояснили, что рассмотрение дела отложено, так как комиссия антимонопольного органа запросила у сторон дополнительные документы по делу.",Дело будет рассмотрено позже.,entailment,train
"Сделали горку для ребятишек, каток. Но залить своими силами смогли только горку. Никто не хочет помочь нам заливать, а ведь мы стараемся сделать хоть что-то.",Залить горку своими силами не получилось.,not_entailment,train
"Спустя время парень беспрепятственно открыл машину и угнал ее. Потом разобрал и продал детали. Новому владельцу вернули оставшуюся часть автомобиля, а на молодого человека завели уголовное дело.","Молодой человек разобрал машину, а затем угнал детали.",not_entailment,train
"Со стороны пр. Ленина городок обрамляют ледяные горы и деревья с подсветкой. От заливки катка пришлось отказать, так как площадь с уклоном.",Рядом с городком есть деревья с подсветкой.,entailment,train
"""""""Нам стало известно из средств массовой информации, что после предварительных слушаний потерпевшие написали заявления, в которых указали, что во время слушаний наши подзащитные угрожали им жестами. Данные заявления были поданы в канцелярию суда, поэтому мы просим огласить результаты проверки заявлений и видеокамер из зала суда"""", - сказал адвокат. Судья в свою очередь заявил, что никаких проверок суд проводить не уполномочен, так как не является органом расследования или проверок.""",Суд является органом проверок.,not_entailment,train
"""По словам Касима Джамаля Сулеймана, руководителя правительственной комиссии по расследованию произошедшего, все """"мученики"""" были выходцами из """"мирных семей, которые никогда не участвовали в вооруженной борьбе с государством"""". """"Они были не согласны с вооруженными группировками, это подтверждает, что у последних был интерес и цель для убийств"""", - сказал Сулейман, добавив, что все погибшие умерли от пуль и """"острых предметов"""", а не от артиллерии. Он также отметил, что правительственные войска не входили в Хулу во время бойни, поскольку пострадавшие районы находятся вдали от их позиций.""","""У """"мучеников"""" были пули и острые предметы.""",not_entailment,train
"Каждый день дежурные корреспонденты будут рассказывать о том, что происходит в городе и регионе.","В городе происходит то же, что и в регионе.",not_entailment,train
"""В мэрии """"Интерфаксу"""" подтвердили, что заявка не соответствовала требованиям, но подробностей не сообщили. """"Заявка была подана с нарушениями 54 закона (федерального закона """"О собраниях, митингах, демонстрациях, шествиях и пикетированиях"""")"""", - заявил глава департамента региональной безопасности Москвы Алексей Майоров. Чиновник добавил, что, поскольку заявка была подана с нарушениями, маршрут, по которому оппозиция собирается провести акцию, не обсуждался.""",Чиновник не читал заявку.,not_entailment,train
"Вообще-то, Владимир Владимирович, вот это слышать обидно и больно. Очень обидно и больно, действительно это так. Потому что именно вы стояли у истоков нашей партии, именно вы ее создавали.",Владимир Владимирович не участвовал в создании нашей партии.,not_entailment,train
"От полученных травм он скончался на месте. Подсудимые, как выяснили следователи, знали о давности установки опоры, но не предприняли никаких действий. - Они не только небрежно отнеслись к своей работе, но и нарушили требования охраны труда.",Подсудимые нарушили требования охраны труда.,entailment,train
"Злоумышленник открыто похитил сотовый телефон, после чего скрылся.",Злоумышленник скрылся с похищенным мобильником.,entailment,train
"Как сообщают очевидцы в социальных сетях, в Новом городе на пересечении проспектов Ленинского Комсомола и Ульяновского лоб в лоб столкнулись две легковушки.",Легковушки столкнулись задними бамперами.,not_entailment,train
"""Басманный суд Москвы продлил до 6 ноября срок заключения под стражей двум фигурантам дела о массовых беспорядках на Болотной площади - ученому-разработчику Федору Бахову и студенту IV курса факультета политологии МГУ им. Ломоносова Ярославу Белоусову. Следствие просило продлить срок ареста обвиняемых, поскольку """"расследование уголовного дела продолжается, необходимо дождаться результатов многочисленных судебных экспертиз, допросить очевидцев"""".""","""Следствие просило продлить срок ареста обвиняемых по """"болотному делу"""".""",entailment,train
"""По данным источника """"Интерфакса"""" в авиадиспетчерской службе, лайнеру не хватает топлива, чтоб долететь до пункта назначения. """,Лайнер полетит без топлива.,not_entailment,train
"""Внедорожник Toyota Land с российскими номерами двигался в сторону границы, когда на него с второстепенной дороги выскочила """"Волга"""". Для джипа, ехавшего на высокой скорости, было достаточно небольшого удара, чтобы вылететь в кювет. Видимо, водитель и пассажир внедорожника были не пристегнуты, так как вылетели через лобовое окно и погибли мгновенно.""","""Водитель и пассажир """"Волги"""" вылетели через лобовое окно и погибли мгновенно.""",not_entailment,train
"Сотрудница котельной вызвала полицию и «скорую». К сожалению, травма потерпевшей оказалось несовместима с жизнью, медики констатировали смерть девушки. Вскоре подозреваемого в убийстве задержали, на него завели уголовное дело.",Девушка не выжила.,not_entailment,train
"""Ей позвонил человек, представился сотрудником Пенсионного фонда и предложил подключить ей услугу """"Мобильный банк"""".""",Ей позвонил сотрудник Пенсионного фонда.,not_entailment,train
"Было видно, что мужчина умер не своей смертью.","По мужчине видно, что ему помогли умереть.",entailment,train
"Проверке подверглись всего четыре торговых точки, поскольку лицензии на продажу подобных изделий есть только в этих магазинах.",Четыре торговых точки остались непроверенными.,not_entailment,train
"""Второй тайм начался в том же стиле: игроки """"Зенита"""" буквально не вылезали из положения вне игры или отправляли мячи в сторону трибун, а футболисты """"Андерлехта"""" выдавали неприятные контратаки. Так прошел час игры, Спалетти решил добавить команде движения и остроты и выпустил Быстрова. Это действительно помогло, потому что у команды сразу начали получаться неплохие атаки, а бельгийцам пришлось отойти назад.""","""В начале второго тайма игроки """"Зенита"""" то и дело оказывались с положении """"вне игры"""".""",entailment,train
"Между тем, другие уверяют, что стекло было целым. Возможно, мужчина выпал из двери. - Муж ехал по главной, ГАЗ не уступил дорогу.",Стекло точно было целым.,not_entailment,train
"Поздно вечером они отправились на остановку. Через службу заказа вызвали такси. Злоумышленники попросили водителя отвезти их в микрорайон «Дружба». В пути, согласно заранее разработанной легенде, один из них попросил остановить машину возле заброшенного дома, якобы захотел в туалет.","Злоумышленники хотели, чтобы водитель остановился у заброшенного дома.",entailment,train
"Товарищи вместе отдыхали и выпивали. Злоумышленник регулярно занимал деньги у друга на алкоголь. Однако он не возвращал долги, так как постоянного источника дохода у него не было.",Злоумышленник продавал другу алкоголь.,not_entailment,train
"Наполитано подтвердил, что отставка Берлускони ожидается после принятия парламентом Италии пакета антикризисных мер.",Отставки Берлускони не ожидается.,not_entailment,train
"Ноябрь и часть декабря удивили сильными морозами, но сейчас погода стабилизировалась и будет тепло.","Теперь будет жарко, как летом.",not_entailment,train
"Экспертиза также подтвердила, что права ненастоящие. Впоследствии водитель признался, что приобрел удостоверение через интернет в Туле несколько лет назад. Раньше предъявлять документ полицейским ему не приходилось, так как за руль он садится крайне редко.",Фальшивым правам было несколько лет.,entailment,train
"Женщина успела закрыться в подсобном помещении, откуда вызвала полицию.",Женщина спряталась в подсобке.,entailment,train
"""У болельщиков ярославского футбольного клуба """"Шинник"""" - радость: можно будет сходить и посмотреть, как тренируется любимая команда.""",Ярославских болельщиков пустят на тренировки детской сборной.,not_entailment,train
"Оказалось, здесь посетителям предлагали помимо напитков и яств покурить кальян.",Здесь посетителей заставляли покурить кальян.,not_entailment,train
"""Бывший глава полиции ранее подтвердил, что он перешел на сторону мятежников. """"Я объявляю, что дезертировал из армии и присоединяюсь к народной революции"""", - говорится в видеообращении, распространенном этим военным. Он пояснил, что принял такое решение, так как сирийская армия уничтожает мирных жителей вместо того, чтобы защищать их.""",Бывший глава полиции встал на другую сторону улицы.,not_entailment,train
"Директор супермаркета Томи Салонен обещает убрать фото воришки с календаря, если он придет к нему покаяться. По его словам, метод оказался действенным, так как в небольшом городке изображение нечистого на руку соседа легко опознают. Салонен говорит, что избрал такой способ борьбы с воровством, поскольку полиция не всегда может помочь при мелких кражах.",Томи Салонен ждет новых фотографий от воришек.,not_entailment,train
"Поскольку предприятие добровольно погасить свою задолженность не спешило, пристав наложил запрет на регистрационные действия в отношении недвижимости фирмы.",Предприятие не погасило задолженность вовремя.,entailment,train
"Горожане вовсю продолжали празднество, когда ближе к вечеру свет в квартирах домов неожиданно погас.",Празднество омрачилось отключением электричества.,entailment,train
"Речь в ней идет о нарушении правил дорожного движения, которое по неосторожности водителя повлекло смерть двух и более человек.",Водитель погиб.,not_entailment,train
"""На """"те же грабли"""" мужчина встал, когда во второй раз сел за руль в пьяном виде.""",Ранее мужчина не садился за руль в пьяном виде.,not_entailment,train
"Напомним, мужчина убил наркомана, ворвавшегося к нему в дом.",Мужчина ворвался в дом к наркоману.,not_entailment,train
"Очевидцы сообщили, что загорелись домашние вещи в одной из квартир.",Очевидцы рассказали об источнике пожара.,entailment,train
"Практически сразу после новогодних праздников они вновь принялись за дело, а значит жди автомобилист «сюрпризов» в виде перекрытых дорог.",Автомобилист ждет сюрпризов.,not_entailment,train
"Жительница Новосибирска сильно ударилась при падении головой. Спасатели сразу же передали ее бригаде скорой помощи. - Спасатели МАСС призывают граждан города соблюдать меры безопасности при активном отдыхе, так как количество обращений с различными травмами увеличилось, - пишут об осторожности в группе «Спасатели МАСС».",Женщина упала из Новосибирска.,not_entailment,train
"""""""Сегодня поисковая операция была прекращена, так как она стала слишком опасной"""", - сказал он на условиях анонимности.""",Поисковая операция продолжится.,not_entailment,train
"Организацией данной акции для малышей, которые остались без родительской заботы, занимается профсоюзный комитет студентов ТОГУ, - рассказали в пресс-центре ТОГУ.",Это акция для ребят из детского сада.,not_entailment,train
"""17:50. В толпе машут букетиками белых цветов. 17:48. Теперь из кузова фургона выступает Андрей Нечаев, защитник Белого дома и министр в кабинете Егора Гайдара. """"Мы сами отдали свободу, потому что расслабились"""", - признает он.""",В толпе машут белыми цветами.,entailment,train
"""""""Это решение можно было принять и раньше. Однако о возможности перемен говорили уже давно - это было ожидаемо"""", - сказала Смородская в интервью корреспонденту пресс-центра Министерства спорта РФ. """"На мой взгляд, это движение в правильном направлении, так как оно приводит к здоровой конкуренции"""".""",Смородская одобряет выбранное направление движения.,entailment,train
"Кризис стоит рассматривать как хорошую возможность, потому что если остров объединится, то у него появится больший экономический потенциал.",Кризис можно рассматривать как положительную возможность.,entailment,train
"""Он также сравнил бывшего понтифика с капитаном круизного лайнера Costa Concordia Франческо Скеттино, который одним из первых покинул терпящий бедствие корабль. """"Бенедикт XVI отнюдь не новичок и прекрасно знал, на что идет. Он не настоящий папа римский, так как он покинул свою паству"""".""","""Папу римского назвали """"не настоящим"""".""",entailment,train
"Все улицы, которые будут переименованы, находятся на окраинах города.",Улицы в центре пока переименованы не будут.,entailment,train
"Он выпил с хозяином, вышел во двор, увидел велосипед и стащил его. Вскоре мужчину задержали. - Велосипед стоил пять тысяч рублей, поэтому нанесенный ущерб был признан значительным.",Он вышел во двор и украл выпивку.,not_entailment,train
"По следам, оставленным на месте преступления, было установлено, что налетчиком является 38-летний ранее судимый мужчина. Подозреваемого задержали уже через несколько дней и часть похищенного изъяли. Он рассказал полицейским, что сознательно пошел на ограбление.",Налетчика судили и раньше.,entailment,train
"""""""Их невозможно привлечь к ответственности, но это именно так"""", - заявил Медведев во вторник на встрече с активом регионального отделения партии """"Единая Россия"""". """"Это должно остаться в анналах нашей истории, чтобы никогда этого не повторилось. Потому что война со своим народом это тягчайшее преступление"""", - добавил он.""",Медведев считает войну со своим народом преступной.,entailment,train
"""Участники акции держали в руках плакаты с требованием призвать к ответственности не только полицейских, которые причастны к насилию над задержанным Сергеем Назаровым в отделе полиции """"Дальний"""", но и сотрудников прокуратуры, Следственного комитета и руководства МВД. На митинге организаторы - общественная организация """"Против преступности и беззакония"""" и присоединившийся к ним Казанский гражданский союз - призвали пойти к зданию МВД и возложить венок в память о жертвах произвола. Однако полиция преградила им путь, поскольку акция не согласована с мэрией.""",Участники не согласовали акцию с мэрией.,entailment,train
"Водителя легкового автомобиля госпитализировали в реанимационное отделение районной больницы. У него взяли кровь на анализ. Отметим, что место происшествия очагом аварийности не является.",У водителя легковушки взяли кровь на анализ.,entailment,train
"То есть в этой области у нас была большая экспертиза. Начали мы с России. Но очень быстро к нам пришли зарубежные компании, которые сказали, что хотят именно нас пригласить в инвесторы, потому что у нас есть экспертиза и обширные международные связи в облачной индустрии.","У нас экспертиза, очень большая экспертиза.",entailment,train
"""Как рассказали """"Комсомольской правде"""" в пресс-службе комитета культуры южной столицы Псковской области, все трое учатся в Образцовом художественном коллективе Театра детской песни """"Летний дождь"""".""",Все трое учатся в образцовом художественном коллективе.,entailment,train
"Несмотря на решение суда, бизнесмен не спешил возвращать деньги. Чтобы подействовать на должника, приставы арестовали металлические ворота у его дома и с помощью рабочих сняли их с петель и увезли. Бизнесмен полностью погасил задолженность, так как отсутствие ворот портило внешний вид его дома и репутацию среди соседей.",Приставы сами вернули бизнесмену ворота.,not_entailment,train
"""Однако она подчеркнула, что композиция нужна действительно хорошая. """"Все будет зависеть от песни. В том, что он споет ее гениально, я не сомневаюсь"""".""",Хорошая композиция уже найдена.,not_entailment,train
"""""""Мы должны с ней смириться"""", - заявил в Каире представитель """"Братьев-мусульман"""" Махмуд Гозлан. Сам Мухаммед Мурси заявил, что не собирается спорить с решением конституционного суда, рассмотревшим дело его соперника во втором туре Ахмада Шафика. """"Я с уважением отношусь к решению конституционного суда, так как я всегда уважаю вердикты подобных государственных институтов"""".""",Мухаммед Мурси отказывается принять решение конституционного суда.,not_entailment,train
"""В Воронежской области задержали молодого человека, который угнал авто по необычным причинам.""",Молодой человек угнал грузовик.,not_entailment,train
"И хотя первая неделя января приходится на нерабочие и праздничные дни, ее доставка будет идти по графику.",Доставка пройдет согласно графика.,entailment,train
"""""""Космодром """"Восточный"""" нам нужен, потому что мы приняли решение создать программу независимого доступа в космос"""".""","""Доступ в космос независим от космодрома """"Восточный"""".""",not_entailment,train
"Прокуратура требует закрыть два интернет-сайта, где продавали дубликаты элитного алкоголя.",Прокуратура не любит элитный алкоголь.,not_entailment,train
"""Парень сказал родителям, что выйдет просто """"подышать воздухом"""", и как в воду канул.""","Парень пропал оттого, что подышал воздухом.",not_entailment,train
"Ранее прозвучало предположение, что взорвалась придорожная мина. По первоначальным данным, взрыв прогремел близ здания сирийского банка Banque Bemo Saudi Fransi. Однако остается неясным, был ли банк мишенью террористов, так как вблизи места взрыва находятся другие возможные объекты нападения.","Какое учреждение хотели взорвать, до конца не ясно.",entailment,train
"Московскому институту теплотехники (МИТ) сейчас затруднительно выполнить гособоронзаказ о поставках подвижных ракетных комплексов «Ярс». Речь идет о поставках частей гидравлических систем «Ярса». Подольский электромеханический завод не сможет вовремя снабдить комплекс необходимым оборудованием, поскольку столкнулся с экономическими затруднениями.",МИТ непросто выполнить гособоронзаказ.,entailment,train
"""И внимательно слежу за ситуацией. Более того, я готова встретиться с руководством уважаемой компании """"ТВЭЛ"""", чтобы обсудить данное положение. Однако более ничего комментировать не буду, так как рано это делать.""",Ситуация не требует моего внимания.,not_entailment,train
"Как сообщает ОПС судов общей юрисдикции Нижегородской области, во время пожарной проверки в декабре прошлого года на рынке было выявлено почти полсотни таких нарушений. ЗАО был выписан штраф на сумму 150 тысяч рублей. Однако руководство рынка с этой суммой не согласилось и обратилось в суд с просьбой уменьшить штраф, поскольку после проверки принимаются все меры для устранения выявленных нарушений.",Пожарная проверка на рынке нашла почти 50 нарушений.,entailment,train
"Спасатели призывают людей строго соблюдать правила пожарной безопасности в праздничные дни! Помните, что самой распространённой причиной пожара в быту является несоблюдение элементарных правил пожарной безопасности (в том числе и при курении), а также несоблюдение правил пожарной безопасности при эксплуатации электрооборудования и печей. Будьте бдительны и осторожны, берегите себя и жизни ваших близких людей.",Самой распространённой причиной пожара в быту является несоблюдение элементарных правил пожарной безопасности.,entailment,train
"Свидетели утверждают, что открытие станции спровоцировало давку в вестибюле. По факту случившегося проводится проверка. В полиции считают, что плафон могли разбить хулиганы.",Плафон разбит.,entailment,train
"В первом периоде преимущество было на стороне наших хоккеистов, однако вратарь хозяев играл безупречно.",Вратарь хозяев безупречно играл во втором периоде.,not_entailment,train
"Дом часто называют личной крепостью, и это звучит гордо.",Дом - это звучит гордо.,not_entailment,train
"Представитель авиаперевозчика заявил, что из 293 рейсов были отменены 104, из которых 75 - внутренние. Это уже четвертая забастовка пилотов за последний месяц. Как и в случае с предыдущими забастовками, особых неудобств пассажиры не испытали, так как они либо смогли воспользоваться другими рейсами, либо им было предложено перенести дату вылета.",Пассажиры испытали массу неудобств.,not_entailment,train
"В ходе разбирательств выяснилось, что данное транспортное средство числится в угоне.","Оказалось, что самолет угнан.",not_entailment,train
"""""""Это очень хороший и неожиданный показатель, который опровергает опасения высокого уровня неявки избирателей, которые высказывались накануне дня голосования"""", - заявил генеральный директор Института исследования общественного мнения CSA Бернар Сананес в эфире телеканала. Тем не менее эксперт предостерег от преждевременных выводов, так как, по его мнению, """"существует разница между утренним и вечерним голосованием"""".""",Эксперт не видит разницы между утренним и вечерним голосованием.,not_entailment,train
"Эвакуация гостей и персонала самой гостиницы не потребовалась. Напомним, ранее в Шерегеше горела еще одна гостиница – AYS. Так как огонь вспыхнул в подсобке, всех постояльцев пришлось вывести на улицу.",В гостиницах Шерегеша никогда не было происшествий.,not_entailment,train
"""А вот один из фаворитов гонки среди грузовиков Алеш Лапрайс выбыл из борьбы за победные места на """"Шелковом пути"""". В самом разгаре специального участка  у него сломалась машина, и он вынужден был попроситься на асфальт. """"У нас сломался один из электрических вентиляторов, мы вынуждены были остановиться, так как вся система охлаждения полетела"""".""",Система охлаждения не выдержала гонки.,entailment,train
"Почти при входе в помещении бытовки горел строительный мусор. В дальнем углу здания огнеборцы заметили 52-летнего мужчину. Самостоятельно покинуть горящее помещение пострадавший не мог, так как был сильно пьян.",Пьяному было 52 года.,entailment,train
"Мужчина был пьяный, и ему взбрело в голову дать сыну попробовать пенного. Мать была против, но она не смогла остановить мужа. Она прибежала за помощью к соседке, а та вызвала полицию.",Мужчина напоил сына пивом.,entailment,train
"В роли сказочного персонажа также был полицейский, облаченный в красную шубу Деда Мороза. Всем, кто не согласился заключить преступную сделку, Дед Мороз вручал подарок. Стоит отметить, что за время проведения эксперимента к сотрудникам полиции не обратился ни один гражданин.",Полицейский нарядился сказочным персонажем.,entailment,train
"Зубная боль неминуемо приводит человека к стоматологу, и иногда, к сожалению, доктору приходится констатировать необходимость удаления.",Зубная боль гонит человека к стоматологу.,entailment,train
"К спасателям обратились местные жители, которые рассказали, что во дворе дома сидит сова, у которой, по всей видимости, сломано крыло.",Местные жители лечили сову.,not_entailment,train
"""Миноритарий банка Алексей Навальный заявил тогда, что покупка буровых установок была совершена по завышенной цене и через офшор, собственники или бенефициары которого не известны. """"Я не понимаю, почему весь набсовет ничего не делает (чтобы расследовать сделку). Вы пособники этой кражи, потому что вы получаете деньги, чтобы защищать наши интересы"""".""",Навальный обвинил наблюдательный совет в убийстве.,not_entailment,train
"Как сообщают в социальных сетях местные жители, на свет появилось одноглазое животное, напоминающее циклопа.",Местные жители увидели рождение настоящего циклопа.,not_entailment,train
"Разозлившись хозяин квартиры схватил нож и ударил им гостя в грудь и живот. От травм мужчина скончался на месте. Предприимчивый мужчина решил спрятать труп убитого, поэтому он его расчленил и прикрыл одеялом.",Хозяин квартиры заботливо укрыл гостя одеялом.,not_entailment,train
"Вину женщина признала частично признала. Мотивом к совершению преступлений была ревность. Похищенные вещи обвиняемая считала своими, так как они были куплены на ее деньги, - рассказали в пресс-службе областной прокуратуры.",Обвиняемая признала часть вины.,entailment,train
"В дежурную часть отдела полиции Пролетарского района поступило сообщение о том, что на одной из улиц города неизвестный похитил у гражданина мобильный телефон, - рассказали в правоохранительных органах.",В дежурную часть сообщили о краже телефона.,entailment,train
"""Придавило ногу мужчине 1968 года рождения. Сотрудники аварийно-спасательной службы Мурманской области оказали ему помощь и передали работникам скорой, - поведала """"КП"""" пресс-секретарь регионального МЧС Наталья Козырева. Скорее всего, пострадавший северянин остался жив, так как данные о нем не поступали в следственный комитет.""",Пострадавший северянин пропал без вести.,not_entailment,train
"Как сообщает пресс-служба администрации, падеж поголовья свиней был зафиксирован в Дмитровском сельском поселении.",В Дмитровском сельском поселении закончился мор.,not_entailment,train
"""Как сообщает пресс-служба министерства, вызов связан с делом вокруг попытки банкротства Cartu Bank. Сама Кобалия заявила перед тем, как войти в здание МВД, что получила SMS-сообщение с просьбой явиться в министерство для дачи показании в качестве свидетеля. """"Я сразу же решила прийти на допрос, так как готова сотрудничать со следствием"""", - сказала она, выразив надежду на то, что беседа не продолжится долго, так как она на пятом месяце беременности.""",Кобалия на пятом месяце беременности.,entailment,train
"""""""Система аккредитации - это ключевой инструмент допуска на рынок. Мы сейчас готовим закон об аккредитации, который весной хотим внести в Госдуму"""", - сказала она. """"Этот закон очень важен, потому что он будет предусматривать переход на международные стандарты аккредитации"""", - сказала она.""",Она сказала о бесполезности закона.,not_entailment,train
"Свое преступление подозреваемый планировал заранее – подготовил одежду и пневматический пистолет. И вот такой вышел казус. Ограбил – не ограбил, а статья есть.",Подозреваемый совершил ограбление.,not_entailment,train
"Для тех, кто эти новогодние каникулы проводит активно и бодро, библиотека имени Горького предлагает интеллектуальное развлечение – выставку декоративно-прикладного искусства и периодических изданий «Зимняя сказка».",Закончились новогодние каникулы.,not_entailment,train
"На ресурсах размещали материалы, которые внесли в Федеральный список запрещенных материалов.",На ресурсах размещали запрещенные материалы.,entailment,train
"""У болельщиков ярославского футбольного клуба """"Шинник"""" - радость: можно будет сходить и посмотреть, как тренируется любимая команда.""","""Ярославских болельщиков пустят на тренировки """"Шинника"""".""",entailment,train
"Это является тяжким вредом здоровью. После этого на подозреваемого завели уголовное дело. Полицейским удалось узнать, что мобильник он сдал в местный ломбард, а сам уехал за пределы области.",Составлен административный протокол.,not_entailment,train
"В аналогичном опросе, проведенном в марте 2010 г., за новую дисциплину высказалось 63% респондентов. В ноябре правительство утвердило план эксперимента, предусматривавшего преподавание основ религий и светской этики в 19 субъектах федерации. Осенью прошлого года Московский патриархат высказался за преподавание религиозных дисциплин не только в четвертом и пятом классах, но и на всех этапах школьного обучения, поскольку двух полугодий для усвоения материала недостаточно.","63% опрошенных хотят, чтобы в школе преподавали основы религий и светской этики.",entailment,train
"Однако и у ярославцев домашние поражения, в немалой степени обусловленные многочисленными потерями в составе из-за травм, могли быть стимулом для проявления и мастерства игроков, и еще более – мужского характера. Вот характер подопечным Алексея Кудашова удалось предъявить в качестве главного аргумента для победы. Но ошибки чаще были следствием предельной усталости, так как каждому приходилось биться не только за себя, но и «за того парня».",Домашние поражения дают ярославцам повод проявить мужской характер.,entailment,train
"Разговорившись с одноклассницей, мужчина узнал, что та хотела бы перебраться поближе к морю.",Одноклассница перебралась поближе к морю.,not_entailment,train
"Мужчина сел пьяным за руль, а его остановили.",Мужчина останавливал пьяных за рулем.,not_entailment,train
"""""""Скорее всего, это была проверочная закладка с целью изучения действий оперативных служб в подобных ситуациях"""", - предположил источник. Однако, как сообщил позже журналистам начальник ГУ МВД по Москве Владимир Колокольцев, угроза взрыва была ложной, просто """"гражданин оставил свою машину и ушел по своим делам"""". """"Было основание полагать, что эта машина несет угрозу, так как на заднем сиденье была бочка с краской, - сказал он.""",Ложный звонок о бомбе мог быть тестом для проверки работы пекарни.,not_entailment,train
"""При этом он затруднился сообщить, сколько времени может продлиться это отстранение. Сам Губерниев заявил радиостанции """"Эхо Москвы"""", что его отстранение от ведения футбольных программ не повлияет на работу на телеканале. """"Очень сложно меня отстранить от футбольных матчей, потому что я на них редко работаю"""".""",Губерниева отстранили на неопределенное время.,entailment,train
"Из них по семи были вынесены обвинительные заключение, а по одному принято решение о мерах медицинского воздействия. Ни по одному из дел не было вынесено оправдательного приговора. Благодаря слаженной работе силовиков не было зарегистрировано ни одной экстремистской акции или провокации, которые могли бы дестабилизировать общественно-политическую ситуацию или сорвать выборные компании.",Оправдательных переговоров вынесено не было ни по одному из дел.,entailment,train
"Они поделились опытом работы своих первичных отделений, выказали предложения по усовершенствованию нормативно-правовой базы во всех сферах, задали вопросы руководителям министерств, ведомств, модераторам площадок. Я уверен, что они после съезда обязательно поделятся со своими коллегами своими впечатлениями от услышанного здесь. Сегодня на площадке, где я был - «Качество государства», как раз говорили про те требования, которые касаются совершенствования нашего законодательства на региональном и федеральном уровнях.","""Сегодня я был """"Качеством государства"""".""",not_entailment,train
"""""""Поэтому я просто хочу также защитить наших дальнейших спортсменов, потому что сейчас на меня напали, в следующий раз нападут на более, может быть, слабого какого-то спортсмена, но который защищает честь и достоинство нашей страны"""", - продолжил спортсмен. Плющенко подозревает, что """"это какой-то был заказ со стороны неких тренеров и конкуренции"""". """"Да, мне сейчас тяжело, потому что проделана была большая и сложная операция"""".""",Плющенко пережил большую и сложную операцию.,entailment,train
"""Сотрудники спасательных служб и водолазы прекратили поиск тел женщины и двухмесячного ребенка, утонувших накануне в Неве, сообщили """"Интерфаксу"""" в пресс-службе главного управления МЧС по городу. По словам собеседника, водолазы обследовали 12 тыс.кв.м дна, однако поиски результатов не дали. """"Было решено прекратить поисковую операцию, так как она стала нецелесообразной"""", - сказал собеседник агентства.""",Водолазы будут искать тела еще неделю.,not_entailment,train
"Несмотря на то, что в Рождественскую ночь церковь не рекомендует употреблять много спиртного, у нас в стране давно повелось на этот праздник накрывать стол и отмечать его на полную.",В России давняя традиция отмечать Рождество накрытым столом и алкоголем.,entailment,train
"15 сентября 2012 г. во второй половине дня в сквере на пл. Свободы при проведении несанкционированного администрацией Нижнего Новгорода митинга сотрудники ОМОН УТ МВД России по ПФО охраняли общественный порядок. Так как публичное мероприятие не было согласовано, полицейские требовали, чтобы собравшиеся разошлись.","Полицейские требовали, чтобы собравшиеся разошлись.",entailment,train
"Теперь об отсутствии таблички напоминают только куски осыпавшейся побелки на полу. – Им пришлось исправить, подбелить стену по краям, – отмечают в музее. – Потому что вырывали «с мясом», была дыра.",На полу музея - побелка.,entailment,train
"Парень пытался убежать, но не смог, а позже всю ночь боялся показаться дома. Скорую вызывали уже родители, а врач позвонил следователям. Потерпевший перенес несколько операций на внутренних органах, но остался жив.",Парень не смог убежать и умер.,not_entailment,train
"""По ее словам, если бы детей у подсудимых не было, они могли бы получить все семь лет - масимальное наказание, предусмотренное вменяемой им статьей. Судьи также признались, что не боятся, что их решение освободить Самуцевич навлечет на них гнев православной общественности, и в личной охране не нуждаются. """"Я просто об этом даже не думаю, потому что если кто-то что-то захочет, никуда не спрячешься"""".""",У подсудимых были дети.,entailment,train
"""Следователи ознакомили лидера националистического движения """"Русские"""" Дмитрия Демушкина с проведенными экспертизами, одна из которых заключила, что в его прошлогоднем интервью, из-за которого было возбуждено одно из уголовных дел, отсутствует элемент разжигания межнациональной розни.""",Одно из интервью националиста не разжигало межнациональную рознь.,entailment,train
"Полученные данные будут поступать в мэрию, но просмотреть видео смогут и родители.",Видео будут понятны родителям.,not_entailment,train
"""В свою очередь, глава комиссии Общественной палаты по вопросам безопасности граждан и контролю за деятельностью правоохранительных органов адвокат Анатолий Кучерена заявил """"Интерфаксу"""", что его комиссия берет на контроль ситуацию связанную с конфликтом между СК России и """"Новой газетой"""". Чуть позже тот же Сергей Муратов сообщил, что Сергей Соколов покинул Россию по соображениям безопасности. """"Но мы очень надеемся, что случившееся будет урегулировано, и он, конечно, вернется в страну, поскольку русское счастье - жить и работать на Родине"""", - добавил главный редактор """"Новой газеты"""".""","""Главред """"Новой газеты"""" рассказал о русской доле.""",not_entailment,train
"Защитник заявил ходатайство об избрании в отношении Дмитриевой иной меры пресечения - в виде залога, домашнего ареста или подписки о невыезде. По словам адвоката Алексея Акимова, Нелли Дмитриева находится под стражей незаконно, при рассмотрении ходатайства о ее аресте суд не рассмотрел вопрос о наличии событий и факта преступления и не изучил дополнительные доказательства. По мнению защитника, следователь Дмитриева не имела возможности совершить какие-то противоправные действия, так как уголовное дело, за прекращение которого она якобы получила взятку, не находилось в ее производстве.",Следователя обвиняют в даче взятки.,not_entailment,train
"Коррекция высоты орбиты проводиться не будет, поскольку объект не представляет угрозы станции.",Объекту скорректируют орбиту.,not_entailment,train
"""Председатель """"Справедливой России"""" Николай Левичев не считает свой результат, достигнутый на выборах мэра Москвы, провальным. """"Провальной кампанию я не считаю, провальной она была бы, если б мы не участвовали"""", - сказал Левичев на пресс-конференции в центральном офисе """"Интерфакса"""" в понедельник. Он не считает, что выборы были честными, поскольку """"борьба велась в неравных условиях"""".""",Левичев признал свой результат на выборах провальным.,not_entailment,train
"""Представители правоохранительных органов и частных агенств посоветовали саратовцам в пресс-центре """"Комсомольская правда""""-Саратов соблюдать информационную осторожность - не болтать о своих новогодних планах со знакомыми, поскольку в их круг общения могут входить и воры. И не распространяться о праздничных настроениях на отдых в социальной сети. Поскольку этой информацией активно пользуются злоумышленники.""",В круг знакомых каждого жителя Саратова входят воры.,not_entailment,train
"Сейчас эта история готовится стать достоянием общественности. Свою проверку проводит следственный комитет. Как рассказали в пресс-службе ведомства, с поставщиками и подрядчиками руководство завода рассчитывалось.",История уже стала достоянием общественности.,not_entailment,train
"""Также в среду был проведен повторный допрос в СКР. Оппозиционер Сергей Удальцов и его супруга Анастасия рассчитывали, что в рамках дела о беспорядках 6 мая останутся свидетелями. """"Сегодня был допрошен Сергей Удальцов, с его участием проводился осмотр предметов и документов, изъятых в ходе обыска в его квартире"""", - сказал в среду """"Интерфаксу"""" официальный представитель СК РФ Владимир Маркин. """"Я с чистой совестью сегодня прибыл на допрос, потому что никаких преступлений и правонарушений я не совершал"""".""",Удальцов остался свидетелем в рамках дела о беспорядках 6 мая.,not_entailment,train
"Автобус отбросило на обочину, он перевернулся. Там находилось 15 пассажиров (среди них годовалая малышка) и водитель. Так как все были пристёгнуты, их гибели удалось избежать.",Автобус перевернулся в поле.,not_entailment,train
"Как считают силовики, руководитель на протяжении трех месяцев не платил своим сотрудникам зарплату, различные пособия и иные выплаты, которые причитаются гражданам согласно закону.",Силовики винят в невыплатах руководителя.,not_entailment,train
"Как стало известно из информации Гидрометеобюро Москвы и области, в данный момент в Москве господствует ветер с юго-востока, который, согласно прогнозам, в ближайшее время не собирается менять направления. А это значит, что дует из тех районов Подмосковья, которые традиционно страдают от лесных и торфяных пожаров. Что может послужить поводом для беспокойства, поскольку ровно год назад в столице сложилась катастрофическая экологическая ситуация, связанная с лесными и торфяными пожарами в области.",В Москву придет дым от лесных и торфяных пожаров.,not_entailment,train
"Догадки стражей порядка подтвердились. Как выяснилось, вор продал украденное. Свою вину он отрицать не стал и даже указал, кому он сбыл аппарат.","Вор продал аппарат и сказал, кому.",entailment,train
"Однако вскоре выяснилось, что даму интересовал вовсе не брак, а прописка. Предприимчивая новоиспеченная петербурженка выселила мужа из его же квартиры и не собиралась ее покидать. Более того, чтобы упрочить свое шаткое положение, так как брак скоро признали недействительным, она поселила в той же квартире своего сожителя.",Петербуржца выкинули из квартиры.,entailment,train
"""""""Уголовное дело о нападении еще не закрыто, виновные не найдены. Теперь точно можно сказать, что эти люди — убийцы"""", — сказала экозащитница.""",Экозащитница назвала нападавших убийцами.,entailment,train
"Они не знают обидчиков. - По словам потерпевших, накануне около четырех часов дня на них напали трое неизвестных подростков и избили. По данному факту проводится проверка, - рассказывает источник в правоохранительных органах.",Потерпевшие обвиняют трех подростков.,entailment,train
"Убедившись, что хозяев нет дома, парни проникли в жилище и вынесли оттуда ценные вещи: два телевизора, два пылесоса, горные лыжи, монитор, системный блок - всего на сумму более 56 тысяч. Вычислить молодых воров удалось по горячим следам. Парни признались, что пошли на преступление, потому что нуждались в деньгах.",Пожилые воры не украли бы лыжи.,not_entailment,train
"""По его словам, граждане республики обязаны """"не дать возможности провокаторам дестабилизировать обстановку, и каждый должен сделать все для того, чтобы ситуация в Южной Осетии оставалась в правовом русле"""". """"Мы должны в первую очередь между собой договориться. Потому что как с одной, так и с другой стороны - наши братья"""".""",Ситуация в Южной Осетии вышла из правового русла.,not_entailment,train
"Было незамедлительно возбуждено уголовное дело, которое следователям удалось раскрыть по горячим следам.",Дело раскрыли быстро.,entailment,train
"Замоскворецкий суд Москвы постановил провести комплексную экспертизу по делу против чемпиона мира по боевому самбо Расула Мирзаева, который нанес 19-летнему Ивану Агафонову удар, ставший смертельным. Вопрос о проведении новой экспертизы был поставлен председательствующим на процессе судьей. Сторона потерпевших согласилась с необходимостью провести новое исследование, поскольку увидела противоречия в предыдущих.",Чемпион мира по боевому самбо убил Ивана Агафонова одним ударом.,entailment,train
"""""""Но я ничего не знал о готовящемся преступлении"""",- заявил Дмитриченко в суде в четверг. Мещанский суд в среду уже на протяжении трех часов допрашивает Филина. Допрос неоднократно прерывался, так как потерпевшему врачи оказывали помощь: закапывали глаза, просили суд предоставить перерыв.""",Филин закапывает себе глаза.,not_entailment,train
"""""""Но работа его команды - это просто смешно"""", - заявил украинец. """"Все их заявления только показывают, что они снова не относятся серьезно к ситуации. Меня это беспокоит, потому что я теряю время"""".""",Украинец обеспокоен.,entailment,train
"Назначена судебно-медицинская экспертиза. По результатам проверки будет ясно, возбуждать ли уголовное дело. Также в ведомстве отметили, что это не первый случай, когда в квартире случился пожар.",Уголовное дело еще не возбуждено.,entailment,train
"""""""Мы должны с ней смириться"""", - заявил в Каире представитель """"Братьев-мусульман"""" Махмуд Гозлан. Сам Мухаммед Мурси заявил, что не собирается спорить с решением конституционного суда, рассмотревшим дело его соперника во втором туре Ахмада Шафика. """"Я с уважением отношусь к решению конституционного суда, так как я всегда уважаю вердикты подобных государственных институтов"""".""",Мухаммед Мурси не намерен спорить с решением конституционного суда.,entailment,train
"""""""Мы двигаемся вперед. Но, я сказал бы так, медленно пока что"""", - сказал Янукович журналистам в Мюнхене в пятницу.""",Янукович уехал из Мюнхена в четверг.,not_entailment,train
"Он представился агентом московской фирмы и предложил двум женщинам высокие должности с хорошим окладом. Но за трудоустройство нужно было внести взнос. Получив требуемую сумму, он подписал фиктивные трудовые договоры с потенциальными сотрудницами и был таков.",Две женщины обманули мошенника.,not_entailment,train
"Как пояснила женщина, она не открывала дверь сотрудникам полиции из-за страха, что у нее отберут ребенка. Ребенка и в самом деле, естественно, отобрали и передали бабушке. А матерью займутся правоохранительные органы, поскольку она не исполняла своих родительских обязанностей.",Женщина смело открывала двери.,not_entailment,train
"Полицейские обнаружили точку, где торговали контрафактным алкоголем.",Полицейские пресекли торговлю фальшивым спиртным.,not_entailment,train
"Как оказалось, его убил человек, которому он должен был денег.",Убийство связано с деньгами.,entailment,train
"Дерзкие преступления были совершены тинейджером еще в середине сентября, но следствие по уголовному делу закончилось только сейчас. По данным следствия, возле одного из домов города Березники школьник нанес удар ножом в шею незнакомому 36-летнему мужчине, а спустя час разбил окно на первом этаже, проник внутрь и пытался похитить имущество 39-летней женщины. Однако вынести награбленное из дома он не смог, так как хозяйка квартиры была дома.",Тинейджер совершил дерзкие преступления в конце учебного года.,not_entailment,train
"""""""Это наша президентская власть, после моего выступления на радио """"Свобода"""", когда я оценил для страны перспективы премьерства нашего нынешнего президента как плохие, неприемлемые для государства, она решила показать, кто в доме хозяин"""", - сказал Лужков. По словам экс-мэра Москвы, его вызвали на """"допрос по несуществующему обстоятельству"""", чтобы """"устрашить"""", """"придать ему определенную окраску в глазах общества"""" и """"перевести его в статус почти обвиняемого"""". Он уточнил, что его вызывают на допрос в качестве свидетеля, потому что, скорее всего, не могут ничего против него выдвинуть.""","""Лужков купил радио """"Свобода"""".""",not_entailment,train
"Оказалось, пока ее не было, в доме орудовали воры.",Воры похозяйничали в ее доме.,entailment,train
"Как установили следователи, обвиняемый потребовал, чтобы бомж вернул долг их общему знакомому, а, услышав отказ, схватил его за горло и задушил. - Чтобы скрыть следы преступления, мужчина поджег дом и скрылся. Эксперты установили, что пострадавший умер насильственной смертью.",Обвиняемый поджег склад.,not_entailment,train
"Как рассказывает в одной из социальных сетей очевидец происшествия, бабушка выходила из автобуса №41, когда его двери неожиданно захлопнулись, и нога пенсионерки оказалась в капкане.",Автобус №41 защемил бабушкину ногу.,entailment,train
"В него вошли не только существующие военные конфликты в мире, но и те, которые, по мнению издания, могут возникнуть в новом году.",В новом году возникнут несущестующие военные конфликты.,not_entailment,train
"После того как клиент оформит подписку на сервис, он будет получать уведомления о наличии штрафов автоматически.",Клиент автоматически будет оштрафован.,not_entailment,train
"По итогам конкурса будет принято решение о предоставлении данных пляжных территорий претендентам, которые предоставили наилучшие условия благоустройства.",Пляжные территории достанутся лучшим претендентам.,entailment,train
"Об этом вечером во вторник, 17 января, сообщила пресс-служба Спасательного департамента, отметив, что немецкую противотанковую мину Tellermine 42 обнаружили в на улице Кеэвисе в ходе земляных работ. Спасатели эвакуировали жителей окрестных домов, офисов и складских помещений. Уничтожать мину на месте не стали, поскольку это угрожало повреждению трассы трубопровода.",В ходе земляных работ нашли мину.,entailment,train
"Все это может привести к осложнению оперативной обстановки на автомагистралях, которые проходят через Смоленскую область.","На автомагистралях, проходящих через Смоленскую область, сейчас простая оперативная обстановка.",not_entailment,train
"Соседи семьи не остались равнодушными и обратились в полицию. Оперативники оказались на месте происшествия как раз в тот момент, когда испуганная мать выбежала на улицу. - Подозреваемого задержали и доставили в дежурную часть, где он сознался в содеянном, нож был изъят.",Соседи вызвали полицию.,entailment,train
"В регионе будут колебания атмосферного давления, которые спровоцируют головные боли и боли в области сердца.",Метеозависимым в регионе придется несладко.,entailment,train
"Подозреваемый признал вину и пояснил, что в ту ночь им с приятелем очень хотелось выпить. Поэтому они направились в круглосуточный магазин. Но продавец отказалась продать им пиво, так как было слишком поздно.",Пиво им с приятелем продали втридорога.,not_entailment,train
"""Всего их порядка 40 единиц. Также значительное количество сотрудников полиции находилось на станциях """"Тверская"""" и """"Театральная"""". Милиция изначально предупреждала, что так как акция (как обычно) является несанкционированной, то действия пришедших на площадь будут расцениваться как нарушение общественного порядка.""",Акция санкционирована.,not_entailment,train
"Вероятно, злоумышленник взял вещи, которые лежали ближе всего к открытой входной двери.",Злоумышленник унес вещи.,entailment,train
"Женщину уже задержали. Она не риэлтор и полномочий таких не имела. Деньги она украла, потому что находилась в трудном материальном положении.",Женщина украла деньги.,entailment,train
"Пассажир попросил убрать бутылку, но замечание разозлило выпивающих. Один из них стал вести себя очень агрессивно. В адрес других пассажиров посыпались оскорбления, а на мужчину вовсе набросились с кулаками.",Пассажир просил выпивающих убрать бутылку.,entailment,train
"Следствие установило, что пара встречалась на протяжении последних двух лет.",Пара встречалась ровно два года.,not_entailment,train
"В отделение полиции обратился пациент больницы. Он объяснил, что вышел на несколько минут, а когда вернулся, не обнаружил в палате планшет и своего соседа. Как оказалось, пока мужчины не было, другой больной забрал планшет, связал несколько простыней и по ним сбежал через окно.",У пациента есть еще один планшет.,not_entailment,train
"На него завели уголовное дело, - рассказали «Комсомольской правде»-Саратов в областной прокуратуре.",На него завели уголовное дело в «Комсомольской правде»-Саратов.,not_entailment,train
"По факту гибели людей установлено, что причиной пожара стало неосторожное обращение с огнем при курении. 27-летний мужчина курил на кухне, рядом с комнатой, где спали дети, - пояснил Липатов. – Так как виновник происшествия погиб, уголовное дело в отношении него прекращено.",Виновник сбежал.,not_entailment,train
"Аргументом данного решения стало то, что мэр не может выдавать подобные распоряжения. Согласно распоряжению мэра, должно было быть приобретено до 50 единиц, но денег хватало только на 30. Эти автобусы нужно было купить еще несколько лет назад. Так как у всех автобусов, имеющихся в наличии, истек срок эксплуатации.",Мэр распорядился купить до 50 автобусов.,entailment,train
"Огонь оказался настолько сильным, что бушующие языки пламени вырывались прямо с балкона. Заметившие происходящее очевидцы вызвали пожарных. По словам свидетелей, жилец полыхающей квартиры укрылся от огня на соседнем балконе – по всей видимости, пламя отрезало ему путь к входной двери.",Пожарных вызвали очевидцы.,entailment,train
"Он заверил собравшихся журналистов, что собака будет хорошо себя вести, однако питомец не сразу согласился выполнить команду «сидеть».",Собака не сразу послушала хозяина.,entailment,train
"""Отвечая на вопрос, Горан сказал, что в ходе проверки не использовались фотографии, сделанные экс-омбудсменом Ниной Карпачевой, поскольку они """"добыты не в установленном порядке"""". Также, по словам представителя ГПУ, не принималось во внимание экспертное заключение, предоставленное Карпачевой: """"Нельзя говорить, что это официальный какой-то документ, поскольку он составлен не уполномоченными на это специалистами"""".""",В ходе проверки использовались не все фотографии.,entailment,train
"То есть в этой области у нас была большая экспертиза. Начали мы с России. Но очень быстро к нам пришли зарубежные компании, которые сказали, что хотят именно нас пригласить в инвесторы, потому что у нас есть экспертиза и обширные международные связи в облачной индустрии.",Мы не смогли выйти на уровень экспертизы в России и тем более за рубежом.,not_entailment,train
"Он позвонил со своего мобильного на номер единой экстренной службы 112 и сообщил о заминировании «Сити – Парка «Град». Спасателям пришлось эвакуировать всех посетителей ТЦ. После рассмотрения полиция отказала в возбуждении уголовного дела, так как мальчик не достиг возраста уголовной ответственности.",Мальчик заминировал ТЦ.,not_entailment,train
"Задать свой вопрос или оставить жалобу смогут все желающие, рассказали «Комсомольской правде»-Красноярск в городской администрации.",Желающие пожаловаться смогут это сделать.,entailment,train
"Ежегодно свыше 400 жителей сельской местности погибают в Индии в результате столкновений с дикими слонами, сообщает министерство окружающей среды. Согласно данным ведомства, к началу 2012 года слоновье поголовье в Индии достигло 28 тысяч, при этом прирост за последние 15 лет составил 2 тысячи. Эта хорошая новость, однако, вызывает у чиновников не только радость, но и тревогу, поскольку растущие слоновьи семьи в поисках пропитания вынуждены совершать набеги на крестьянские угодья, отвоеванные у джунглей.",Слоновьи семьи разоряют крестьянские угодья.,entailment,train
"Пассажир попросил убрать бутылку, но замечание разозлило выпивающих. Один из них стал вести себя очень агрессивно. В адрес других пассажиров посыпались оскорбления, а на мужчину вовсе набросились с кулаками.",Пассажир просил выпивающих поделиться выпивкой.,not_entailment,train
"В противном случае отец ставил провинившихся на колени и читал им молитвы, а за более серьезные проступки избивал. Дети боялись идти домой после школы и часто приходили к маме на работу. Жена боялась сообщить об издевательствах мужа в полицию, поскольку он грозился убить ее.",Отец наказывал провинившихся молитвами.,entailment,train
"В пресс-службе ведомства сообщили, что в течение декады в муниципалитетах пройдут профилактические мероприятия.",Муниципалитеты будут заняты профилактическими мероприятиями.,entailment,train
"Они не прошли мимо. Подобрали животное и отвезли в ветеринарную клинику. Врачи сказали, что в собаку стреляли картечью.",Раненую собаку доставили в ветклинику.,entailment,train
"Владельцем ружья оказался 50-летний кандалакшанин. Двустволку он получил в наследство. О краже он не стал сообщать, потому что испугался наказания.",У кандалакшанина украли наследную двустволку.,entailment,train
"Предполагается, что погибшие мужчина и женщина находились в близких отношениях, однако имели разные фамилии. На место происшествия незамедлительно прибыла и аварийная служба. Поскольку причиной смерти пары стало отравление химическими веществами, весь шестой этаж отеля эвакуировали в целях предосторожности.","Погибли двое, а эвакуировали весь этаж.",entailment,train
"Прокурор города подал иск в суд, ссылаясь на то, что тем самым был нарушен федеральный закон «О безопасности движения».",Прокурор сослался на ошибку в законе.,not_entailment,train
"Женщина несколько дней искала пропажу, а потом обратилась в полицию.",Женщина несколько дней обращалась в полицию.,not_entailment,train
"Как сообщают очевидцы в социальных сетях, мужчина врезался в стоящий автомобиль.",Автомобиль сбил мужчину.,not_entailment,train
"По предварительным данным, смерть наступила в результате отравления продуктами горения, а причиной возгорания явилось неосторожное обращение с огнем во время курения в состоянии алкогольного опьянения, - говорится в сообщении.",В результате пожара погибло шесть человек.,not_entailment,train
"В своем заявлении пенсионерка указала, что стала жертвой мошенников.",Пенсионерка пожаловалась на мошенников.,entailment,train
"""26-летний житель Советского района Ставропольского края обвиняется в покушении на изнасилование несовершеннолетней. Как сообщили """"Комсомольской правде на Северном КАвказе"""" в пресс-службе СУ СК по СК, 22 июля прошлого года мужчина пришел в одну из торговых точек Георгиевска, где 16-летняя девочка подменяла продавца. Подозреваемый сначала ударил свою жертву по лицу, потом попытался изнасиловать, но не смог, так как на крики девочки прибежали прохожие.""","Мужчина попытался изнасиловать девушку, подменявшую продавца.",entailment,train
"12 декабря междуреченский городской суд вынес приговор за четыре мошенничества с чужими квартирами, которые совершил 32-летний мужчина.",32-летний мужчина мошенничал на рынке жилья.,entailment,train
"Он заверил собравшихся журналистов, что собака будет хорошо себя вести, однако питомец не сразу согласился выполнить команду «сидеть».",Собака была паинькой.,not_entailment,train
"""Люди в праздники становятся немного неадекватны, начинают друга друга лупить, - посетовал майор полиции. - Также увеличивается число квартирных краж. Злоумышленники следят — кто уехал за город, на отдых, выходят в разведку, а потом пользуются моментом"""".""",Майор полиции рассказал о темной стороне праздников.,entailment,train
"Всего существует две теории. Так, дело может быть в психологическом эффекте. Якобы люди, посещающие больницу, чаще задумываются о здоровье и следят за собой.",Теорий ровно две.,entailment,train
"Поэтому они направились в круглосуточный магазин. Но продавец отказалась продать им пиво, так как было слишком поздно. Пока один приятель уговаривал женщину, подозреваемый открыл холодильник и забрал бутылку.",Второй приятель украл бутылку.,entailment,train
"Женщина попросила личным заявлением освободить ее от должности главы министерства государственного имущества республики по собственному желанию, что и было сделано в течении нескольких минут.",Женщина написала заявление об уходе.,entailment,train
"Как рассказали в пресс-службе УМВД по Липецкой области, потерпевший арендовал помещения под свой бизнес в одном из торговых центров в Липецке. После того, как арендатор повысил стоимость аренды, он съехал и остался должен определенную сумму денег. Бизнесмен попросил отсрочить выплату, так как возникли проблемы в бизнесе.",Потерпевший был арендатором.,entailment,train
"Ее тело обнаружено в спальне на полу. Судмедэкспертам еще предстоит выяснить причину ее гибели. - Установлено, что пожар начался в кухне, и хозяйка дома не смогла самостоятельно покинуть помещение, поскольку, по словам свидетелей, плохо передвигалась и редко выходила из квартиры.",Хозяйка дома погибла.,entailment,train
"Между тем,  многие жители Жуковского высказывают свое недовольство ограничениями, которые затронули город в связи с проведением праздника. В городе частично снято или ограничено движение общественного транспорта. Жители не могут попасть в свои дома, потому что их пускают только при наличии городской прописки.",В Жуковском отменили праздник.,not_entailment,train
"""Сегодня около двух часов дня очевидцы заметили, как некий мужчина перелез через ограду """"горбатого"""" моста.""",Очевидцы отметили неприличное поведение мужчины на мосту.,not_entailment,train
"В Воронежской области задержали молодого человека, который угнал авто по необычным причинам.",Молодой человек угнал авто по необычным причинам.,entailment,train
"Организаторы подготовили новогодние подарки, конкурсы и угощения. Также горожанам представят китайскую комедию «Дорога с приключениями». Она расскажет о владельце фирмы по производству игрушек, который спешит домой, чтобы встретить Новый Год с семьей.","Горожан ждут подарки, конкурсы и комедия.",entailment,train
"Мужчина пытался сбежать с места и даже кинулся на сотрудников полиции с желанием помахать кулаками. Агрессивного нарушителя скрутили, посадили в машину и отвезли в ближайший участок. Проверка на трезвость показала, что водитель был в состоянии алкогольного опьянения.",Водитель был трезв.,not_entailment,train
"""""""Это наши русские часы, недорогие часы с гербом - маленькие, аккуратные часы"""", - процитировал патриарха В.Соловьев, делясь в эфире радио """"Вести FM"""" впечатлениями о встрече с ним. По словам Соловьева, когда предстоятель увидел ту фотографию, он очень удивился. """"Потому что, когда мы надеваем одеяние для службы, часы невозможно надеть, невозможно носить часы"""".""","В.Соловьев процитировал слова патриарха о том, что тот носит недорогие русские часы с гербом.",entailment,train
"""""""Следственные органы СК России по Республике Татарстан приняли решение отменить меру пресечения в отношении семерых подозреваемых в убийстве заместителя муфтия духовного управления мусульман Татарстана Валиуллы Якупова, а также в покушении на убийство муфтия республики Илдуса Файзова. К ним применена мера процессуального принуждения - с подозреваемых отобрано обязательство о явке"""", - говорится в сообщении пресс-службы, размещенном на сайте СКР в четверг. В нем отмечается, что такое решение было принято следователями, так как подозреваемыми были проведены все необходимые следственные действия.""",В убийстве муфтия подозреваются 7 человек.,not_entailment,train
"Умирающая девушка успела рассказать, что ее ударил ножом их собутыльник за то, что она его оскорбила, а потом быстро убежал. Сотрудница котельной вызвала полицию и «скорую». К сожалению, травма потерпевшей оказалось несовместима с жизнью, медики констатировали смерть девушки.",Умирающая девушка оскорбила собутыльника.,not_entailment,train
"Раненный скончался в больнице. Обвиняемый сбежал и у сыщиков не осталось никаких зацепок, кто бы мог быть убийцей. Два года пытались найти подозреваемых, но тщетно и дело закрыли.",Раненый умер.,entailment,train
"62-летний электромонтер спустился вниз на веревке, ему стало плохо, он упал. Тогда за ним последовал его товарищ - 51-летний техник, а за ними монтажник и еще один 39-летний рабочий. Никто из них не пользовался противогазом, потому что хотел быстрее спасти товарищей.",Четверо спустились один за другим.,entailment,train
"Мужчина пришел в один из супермаркетов областной столицы, взял с полок продукты питания и направился к кассе.",Мужчина пришел ограбить супермаркет.,not_entailment,train
"Мы ехали медленно. Одна полоса нас пропускала, а этот как летел, так и продолжил. Мы не пострадали, а он себе бок ободрал.",Нас пропускала одна полоса движения.,entailment,train
"Видел я его в тот вечер при задержании: спокойный, как удав, сидел в машине. Теперь дурачком решил прикинуться? В магазине было несколько покупателей, ищу очевидцев, вдруг это следствию поможет.",Я нашел очевидцев.,not_entailment,train
"Супруги поссорились, и мужчина попытался убить жену.",Мужчина убил жену.,not_entailment,train
"""Комиссия по экологии и природопользованию парламента Петербурга осмотрела скандально известный полигон для утилизации токсичных отходов. Там же депутаты провели выездное совещание, в ходе которого решили, что """"Красный бор"""" нужно включить в государственный реестр накопленного экологического ущерба. """,На скандально известном мусорном полигоне совещались депутаты.,entailment,train
"Причиной этому стал звонок от неизвестного мужчины, который сообщил в полицию о нахождении в здании бомбы.",Неизвестный мужчина позвонил в полицию и сообщил о звонке.,not_entailment,train
"Спасатели вынули в 15.40 дня из полыньи тело утонувшего пожилого человека. - Мужчина провалился под лед на снегоходе, - рассказал «Комсомольской правде»-Саратов начальник областной службы спасения Юрий Юрин. - Транспортное средство осталось пока в воде, на берег его мы не извлекали, поскольку ждем указаний следователей.",Пожилой человек ехал по льду на снегоходе.,entailment,train
"С наступлением зимы вопрос качества теплоснабжения выходит на первый план в сфере предоставления жилищно-коммунальных услуг. По каким причинам температура воздуха в квартире может не соответствовать санитарным нормам? И какую работу проводят работники жилищно-коммунального хозяйства, чтобы жильцы обслуживаемых домов чувствовали себя комфортно в квартирах на протяжении всего отопительного периода?",Жильцы обслуживаемых домов чувствуют себя комфортно в квартирах на протяжении всего отопительного периода.,not_entailment,train
"Это позволяет испаряться влаге на месте предполагаемой заплатки. В мэрии добавили, что такие кадры лучше всего отправлять непосредственно властям. Так как не всегда на данные работы выходят муниципальные подрядчики.",На месте предполагаемой заплатки испаряется влага.,entailment,train
"Если раньше редакции только гадали, сколько человек реально читают газету, какой у них возраст и какие темы нравятся больше всего, то сейчас все изменилось.",Раньше редакциям жилось лучше.,not_entailment,train
"Ситуация по заболеваемости гриппом и острыми респираторными вирусными инфекциями оценивается как напряженная, наблюдаются сезонный рост заболеваемости.",Заболеваемость гриппом упала в этом сезоне.,not_entailment,train
"По словам очевидцев, злоумышленников было около десятка, и они внезапно появились из-за памятника.",Очевидцы не видели злоумышленников.,not_entailment,train
"""Драка между водителем и остановившим его инспектором ДПС произошла накануне вечером на северо-западе Москвы, рассказал в воскресенье """"Интерфаксу"""" источник в правоохранительных органах. По его словам, в субботу около 23:00 в Первом Тушинском проезде 47-летний капитан дорожной инспекции остановил автомашину Opel за нарушение правил дорожного движения. От управлявшего ею москвича, рассказал собеседник агентства, чувствовался запах спиртного, и офицер предложил водителю пройти освидетельствование в наркологическом диспансере, однако тот отказался. Так как отказ от освидетельствования является правонарушением, за которое предусмотрено лишение прав, то инспектор начал составлять протокол - и в этот момент, как утверждает источник, москвич с кулаками набросился на офицера.""",Водитель и инспектор ДПС дрались.,entailment,train
"""В церемонии приняли участие премьер-министр РФ Дмитрий Медведев и мэр столицы Сергей Собянин. """"Мы думаем здесь лестницу сделать, чтобы иногда можно было подниматься наверх"""", - сказал Собянин Медведеву. Градоначальник отметил, что лифт лучше в данном случае не делать, так как это очень сложное инженерное сооружение.""","Собянин отметил, что лифт сделать сложнее, чем лестницу.",entailment,train
"Малыш, которому исполнилось всего один месяц от роду, скончался от острого отравления алкоголем. Как выяснилось в ходе доследственной проверки, вечером накануне гибели ребенка мать захотела выпить спиртного. Муж не мог ее остановить, потому что в это время был на работе.",Мать выпила спиртного.,entailment,train
"Коррекция высоты орбиты проводиться не будет, поскольку объект не представляет угрозы станции.",Объект не угрожает станции.,entailment,train
"17-летняя петербурженка переходила железнодорожные пути в неположенном месте. И не заметила идущего поезда. Не слышала она и шума, поскольку была в наушниках.",17-летняя петербурженка была в наушниках.,entailment,train
"""Утренние заплывы в  городском пруду тестостеронного """"бондовского"""" энтузиазма и жизнелюбия Джорджу Смайлу никак не прибавляют. Он возвращается на свой диван ровно для того, чтобы услышать стук в дверь, который для отставленного сотрудника разведки вряд ли может стать галлюцинацией или сном. Потому что """"бывших"""", как водится, в этой среде, не разводят.""",По утрам Джордж Смайл плавает в городском пруду.,entailment,train
"На заседании областного Совета при губернаторе по развитию физической культуры и спорта чиновники отметили, что прошедший год был для отрасли успешным.",Прошедший год был для отрасли лучшим.,not_entailment,train
"Как рассказали в пресс-службе ведомства, мужчина оборудовал пристрой самовольно, а комнаты сдавал.",Мужчина сдавал комнаты пресс-службе ведомства.,not_entailment,train
"Я просто об этом даже не думаю, потому что если кто-то что-то захочет, никуда не спрячешься.",Я об этом не думаю.,entailment,train
"Однако тот попытался нанести одному из хоругвеносцев удар, и был задержан полицией. Православные активисты не пускают людей с белыми лентами оппозиции к входу в Храм Христа Спасителя. Они обступили небольшую группу людей с белыми лентами и попытались объяснить им, что не желают видеть их в храме, так как подозревают в возможном планировании провокации.",Человек пытался ударить хоругвеносца и был задержан.,entailment,train
"В Липецком районном суде вынесли приговор жителю села Доброе, его признали виновным в хищении огнестрельного оружия и боеприпасов.",Сельский житель попался на краже оружия.,entailment,train
"Самки и самец расположились в соседних вольерах, но между ними проложили небольшой проход. Места там хватит, чтобы самки могли пройти, а вот самец уже не поместится. Это сделано для того, чтобы у птиц не возникало конфликтов во время брачного периода и самки могли отдохнуть от внимания кавалера.",У птиц не бывает конфликтов.,not_entailment,train
"Но мир не без добрых людей. Нашелся меценат, который взял все расходы на себя. Мы сейчас не говорим о технической составляющей: соответствуют ли шарики и гирлянды тому, что мы прописывали в документации, - пояснил чиновник.","Шарики и гирлянды точно такие, как было прописано в документации.",not_entailment,train
"Со стороны пр. Ленина городок обрамляют ледяные горы и деревья с подсветкой. От заливки катка пришлось отказать, так как площадь с уклоном.",По всему городу есть деревья с подсветкой.,not_entailment,train
"Он начинил героином пять стрел, вооружился арбалетом и отправился исполнять задуманное.",В стрелах был яд.,not_entailment,train
"""Начиная от магазина """"Крейсер"""", скопилась крупная пробка, так как троллейбусы объехать затор не могут.""",Пробка была большой.,entailment,train
"Соотношение скорости встречного автомобиля и его машины… От этого получился сильный удар. Если кто-то читал когда-то физику, то думаю, люди поймут. Звонит очень много людей на его номер и на мой, кто знает.",Его машина и встречный автомобиль столкнулись.,entailment,train
"Животные замурованы в клетках – их только время от времени кормят, поят и никогда не выводят на солнечный свет.",Животные редко бывают на солнце.,not_entailment,train
"Как сообщает прокуратура Ульяновской области, в тот день мужчина поругался с отцом. Причиной ссоры стало то, что сын не работал и постоянно пил. Мужчина стал избивать отца руками, и от полученных травм тот скончался на месте происшествия.",В ссоре сын убил отца.,entailment,train
"К спасателям обратились местные жители, которые рассказали, что во дворе дома сидит сова, у которой, по всей видимости, сломано крыло.",Местные жители просили спасти сову.,entailment,train
"""""""Некоторые страны сократили больше, чем планировалось, идут с опережающим графиком"""".""",Некоторые страны обошли других по графичности сокращения.,not_entailment,train
"Это во-первых. А во-вторых, квартира оказалась с многочисленными дефектами. Владелица пригласила эксперта, и тот составил целый список: стены нужно выравнивать и красить, обои – менять, керамическую плитку в ванной и туалете – перекладывать.",Квартира не требовала ремонта.,not_entailment,train
"""Волкова настаивала также на том, что в случае ареста оппозиционеру нельзя находиться в спецприемнике по состоянию здоровья, так как там нет необходимого ему врача. Сам Удальцов заявил в суде, что своей вины не признает. """"В протоколе задержания и в рапортах указаны неверные сведении я действительно был на Болотной площади и выступал на сцене, так как был заявителем шествия и митинга.""",В спецприемнике вообще нет врачей.,not_entailment,train
"Он присутствовал на мероприятии не в качестве гостя, а выступил в роли циркового артиста.","Он приехал не гостить, а выступать.",entailment,train
"""""""Еще в четверг, 25 октября Леонид лично написал заявление в СКР с требованием возбудить дело по ст.126 (похищение) УК РФ. Я находился вместе с ним в изоляторе, и могу однозначно это подтвердить"""", - сказал Фейгин. По его словам, он передал заявление сотрудникам СИЗО, так как выносить какие-либо документы из изолятора запрещено.""","Фейгин рассказал о том, что Леонид писал книгу о похищении.",not_entailment,train
"Как установило следствие, мужчина, распивая спиртное, поссорился со своим несовершеннолетним сыном.",Мужчина распивал спиртное со своим несовершеннолетним сыном.,not_entailment,train
"Изначально сообщалось, что хищная птица больше никогда не сможет летать и проведет всю жизнь в неволе. Однако сотрудники центра решили не мириться с обстоятельствами и дать ястребу шанс вновь взмыть в небо. - Ястребу, спасенному военными, решили попробовать спасти крыло, наш хирург собрал косточки и теперь будем надеяться, что у птицы присутствует большое желание жить, - сообщили работники приюта.",Ястреба спасли военные.,entailment,train
"Техника была наготове, но приступить к расчистке дороги она не могла из-за скопившегося на ней транспорта. Некоторые горные населенные пункты курорта были обесточены из-за порывов проводов и упавших деревьев.",Дело было в столице.,not_entailment,train
"""Сам Удальцов заявлял, что врачи действуют под давлением полицейских. """"Власти избрали тактику поддержания у меня минимального жизненного уровня. В этих условиях я вынужден продолжать голодовку, поскольку никакой вины за собой не вижу"""", - сообщил он.""",Удальцов вышел на свободу.,not_entailment,train
"Как стало известно, женщина воровала в автобусах либо на остановках транспорта.",Женщина была магазинным воришкой.,not_entailment,train
"Чуть позже собралась домой и жена – но когда она шла по улице, знакомый ее догнал, ударил и изнасиловал. Свою вину злоумышленник полностью признал. Установлено, что раньше он судим не был, нигде не работает.",Знакомый изнасиловал женщину на улице.,entailment,train
"За рулем находилась женщина, которая не уступила дорогу мальчику.",За рулем была женщина.,entailment,train
"Большинством голосов депутаты признали главу государства оставившим свой пост, поскольку посчитали, что он не исполняет свои обязанности.",Депутаты проголосовали.,entailment,train
"Прошу подойти ответственно к этому вопросу. Поставить галочку и забыть — не выйдет. Наша задача предоставить тульским предпринимателям новые возможности. Что губернатор сказал про медицину, читайте здесь.",Вопрос требует ответственного подхода.,entailment,train
"Президент напомнил, что апеллировать при этом необходимо к Государственной Думе, потому что амнистию объявляет парламент, а не президент.","Президент напомнил, к кому апеллировать.",entailment,train
"На этом везение не закончилось. - Вышестоящий прокурор принес апелляционное представление на приговор суда. Наказание было названо чрезмерно суровым, - сообщают в пресс-службе прокуратуры по Мурманской области.",Подсудимым явно везло.,entailment,train
"В какой-то момент он схватился за сердце. Когда мужчине стало плохо, дежурившие спасатели поспешили на помощь. Они вызвали скорую, поскольку медиков, по словам очевидцев, около купелей не было.",Медиков около купелей не было.,entailment,train
"Арест на автомобиль был наложен из-за того, что должник не оплачивал свою задолженность.",Машину должника арестовали.,entailment,train
"Музей, расположенный в Королевских воротах, меняет экспозицию. На смену выставке, рассказывающей об истории ворот и их реставрации, придет «Аптека трех королей». Как рассказали в музее, посетители попадут в традиционный интерьер аптеки.",Экспозицию музея Королевских ворот ждут перемены.,entailment,train
"Регион присоединится к Всероссийской акции «Студенческий десант». Данная акция стала уже традиционной и пройдет в четвертый раз. В течение нескольких дней учащиеся средних и высших образовательных учреждений будут посещать разные подразделения полиции, познакомятся с работой стражей порядка.",Студентов пустят посмотреть работу полицейских.,entailment,train
"Энергетики сегодня занялись устранением повреждения теплосети по улице Чичерина областного центра в районе школы №36. В связи проведением работ по восстановлению теплоснабжения занятия в школе сегодня отменили. Но у школьников будет только один выходной, так как ремонтные работы планируют завершить в течение дня.",В школе №36 отменили занятия.,entailment,train
"В Стародубском районе нашли дороги, которые не находятся в муниципальной собственности. Они расположены в Каменском, Воронокском, Мохоновском, Мишковском, Гарцевксом и Запольскохалеевичском сельских поселениях, сообщают в пресс-службе прокуратуры Брянской области. Так как дороги не закреплены за государством, никто не контролирует их техническое состояние и безопасность движения.",В Стародубском районе нашли ничейные дороги.,entailment,train
"Так что никто из ребятни не пострадал. Сам пожар случился из-за неисправной проводки. Сам автобус потушили, и огонь не успел перекинуться на топливный бак.",В автобусе была неисправна проводка.,entailment,train
"""Сергей рассказал, что во время подготовки концерта наиболее сложным было выбрать площадку. Он также подчеркнул, что ранее уже готовил не менее масштабную программу, однако кризис 2008 г. сбил все планы. """"Поэтому был выбран этот год, эта идея возникла у меня спонтанно, потому что нужно подтверждать свой статус большим сольным концертом"""", - пояснил он.""",Сергей готовился к концерту.,entailment,train
"""""""Разработана проектная документация по замене эскалаторов на станциях """"Рижская"""", """"Новослободская"""", """"Смоленская"""" Арбатской-Покровской линии и """"Спортивная"""". Работы на этих станциях планируется начать в этом году"""", - рассказал первый замначальника метро Роман Цуканов. По его словам, две из четырех станций - """"Рижская"""" и """"Смоленская"""" - будут закрыты для пассажиров на время ремонта, поскольку они имеют по одному вестибюлю.""",Замначальника метро рассказал о разработанной проектной документации и замене эскалаторов.,entailment,train
"Изначально сообщалось, что хищная птица больше никогда не сможет летать и проведет всю жизнь в неволе. Однако сотрудники центра решили не мириться с обстоятельствами и дать ястребу шанс вновь взмыть в небо. - Ястребу, спасенному военными, решили попробовать спасти крыло, наш хирург собрал косточки и теперь будем надеяться, что у птицы присутствует большое желание жить, - сообщили работники приюта.",Ястреб уже никогда не сможет летать.,not_entailment,train
"Как стало известно, никто не пострадал.",Пострадали многие.,not_entailment,train
"""""""Сегодня это незаконная торговля, потому что это не является товаром для продажи"""".""",Это не товар для продажи.,entailment,train
"""""""На машине Айрата  Мардеева с целью улучшения развесовки мы поменяли расположение топливного бака - поставили его вдоль рамы и максимально сместили назад. Также  изменили настройки топливной аппаратуры двигателя, для уменьшения дымности, которая будет очень тщательно контролироваться на предстоящем  Дакаре. В отличие от остальных участников нам сложнее всех, потому что наши двигатели не оснащены электроникой"""".""",На машине Мардеева иначе расположили топливный бак.,entailment,train
"Водитель предположительно погиб. Его не нашли. В настоящее время место, где ранее предполагалось оборудовать ледовый переезд, закрыли.",Водителя нашли живым.,not_entailment,train
"Приехавшие на место стражи порядка выяснили, что женщина пригласила своего знакомого помочь ей по хозяйству. Мужчина пришел и в какой-то момент остался один - хозяйка вышла в соседнюю комнату. Гость в этом доме бывал не раз и даже знал, где пенсионерка хранит свои сбережения.",Хозяйка была на пенсии.,entailment,train
"А когда накатывает волна экономии или нужен редкий медикамент, обзванивает окрестные аптеки, параллельно листая немногочисленные аптечные сайты.",Редкие и недорогие медикаменты ищет в окрестных аптеках и на сайтах в Сети.,entailment,train
"""Как сообщил Кобзев агентству """"Интерфакс"""" во вторник, сам Навальный также ожидает, что приговор будет обвинительным, """"он в этом уверен"""". При этом Кобзев отметил, что каким будет обвинительный приговор - условным или реальным - ни он, ни Навальный судить не берутся. """"Поскольку здесь явно решение будет приниматься не судьей, то и предполагать очень трудно"""".""",Решение об обвинительном приговоре будет приниматься не судьей.,entailment,train
"""Они требовали в том числе отменить незаконно введенный на предприятии ООО """"Рус-Инжиниринг"""", которое входит в """"РусАл"""" и обслуживает СУБР, скользящий график, а также повысить оклады. Ранее компания назвала действия участников акции незаконными, в том числе потому что """"шахта является объектом повышенной опасности и нахождение в ней без специальных нарядов категорически не допускается"""". По информации алюминиевой компании, сотрудники также нарушили законодательство, так как заранее не предупредили работодателя о проведении забастовки и не согласовали ее проведение.""",Сотрудники бастуют.,entailment,train
"Мы считаем этот арест необоснованным, потому что о заходе судна в порт было известно заранее.","Арест, несомненно, был обоснованным.",not_entailment,train
"Громкое уголовное дело, обвиняемым по которому проходит высокопоставленный полицейский из Белгородской области, на днях было передано в суд.",Высокопоставленный полицейский стал обвиняемым в громком уголовном деле.,entailment,train
"Разговорившись с одноклассницей, мужчина узнал, что та хотела бы перебраться поближе к морю.",Одноклассница мечтала жить у моря.,entailment,train
"""Глядишь, выгодная сделка сошла бы парню с рук, если бы не одно """"но"""". Все эти вещи он украл из маминой квартиры. Женщина написала заявление в полицию, и теперь парня будут судить за кражу.""",Сын украл вещи из квартиры матери.,entailment,train
"""Мировой участок Басманного суда Москвы назначил административный арест гражданскому активисту Вадиму Дергачеву за субботнюю акцию у Следственного комитета России. """"Суд назначил Дергачеву наказание в виде 10 суток ареста по статье 19.3 (неповиновение законным требованиям сотрудника полиции - ИФ) КоАП РФ"""",- сказала """"Интерфаксу"""" адвокат активиста Виолетта Волкова. Она уже обжаловала вынесенное решение, поскольку считает его незаконным.""",Активиста приговорили к 10 суткам обязательных работ.,not_entailment,train
"Работа личного состава будет усилена, наших сотрудников не отпускают в эти дни в отпуск, - отметил спикер.","По словам спикера, в эти дни личный состав будет усиленно трудиться.",entailment,train
"""По мнению защитников, материалов, подтверждающих вину Панова, суду не представлено, как и доказательств причастности его к преступлению. """"Буду сотрудничать со следствием, поскольку отвечал за весь саммит"""", - сказал со своей стороны Панов. Он обещал дать объяснения по всем интересующим следствие вопросам и сказал, что не сможет уничтожить никакие бумаги, поскольку у него дома и в офисе уже были проведены обыски, и следствие изъяло все необходимые документы.""",Из дома и офиса Панова следствие уже изъяло все необходимые документы.,entailment,train
"Не знаю, о чем вы говорите.","Не понимаю, о чем вы говорите.",entailment,train
"Они искали места, где незаконно продают выпивку.",Они искали места незаконной продажи спиртного.,entailment,train
"""Как сообщает пресс-служба главы Чеченской республики, Ш.Абдулкадыров проинформировал, что к 24 сентября доступ был закрыт только провайдером """"Оранж"""", остальные провайдеры, представляющие МТС, """"Мегафон"""" и """"Вымпелком"""", были приглашены в прокуратуру, где им рекомендовали выполнить предписание о закрытии доступа к фильму. Абдулкадыров отметил, что в случае, если не будет выполнено это предписание, встанет вопрос об их привлечении к административной ответственности. В то же время прокурор выразил уверенность в том, что провайдеры уже сегодня закроют доступ, так как они об этом заверили во время состоявшейся встречи.""","Прокурор не уверен, что провайдеры закроют доступ нынче же.",not_entailment,train
"""Роман Ле Карре уже однажды экранизировали в виде минисериала Джона Ирвина, но Томасу Альфредсону, снявшему удивившую многих историю про девочку-вампира """"Впусти меня"""",  было позволено сделать свою версию. Даром что исходный материал текстового первоисточника и режиссерская манера самого Альфредсона во многих неуловимых моментах оказываются удивительно схожи и попросту прекрасно совместимы. В самом сердце лондонской разведки грядут рядовые для любого учреждения перемены: кто-то уходит на пенсию, кого-то увольняют, кто-то уходит, потому что уходит любимый начальник, кто-то остается, с тем, чтобы просто продолжить свою работу.""",Роман Ле Карре экранизируют снова.,entailment,train
"""Легендарную """"Ладью"""" также ждет реставрация. Кроме того, будет отремонтирован амфитеатр. Его планируют делать по индивидуальному заказу из натурального гранита, что сильно увеличит стоимость проекта.""","""""""Ладью"""" планируют отреставрировать.""",entailment,train
"Как сообщает пресс-служба городской администрации, ремонтная бригада производит замену задвижки в камере, принадлежащей «Т Плюс» в районе стадиона «Динамо».","""Как минимум одна из камер в районе стадиона """"Динамо"""" принадлежит """"Т Плюс"""".""",entailment,train
"Сначала он начал кружить на лодке вокруг животного с тем, чтобы создать волну. После этого он избил лося веслом. В результате лось утонул, а злоумышленнику удалось вытащить тушу на берег.",Злоумышленник убил лося веслом.,not_entailment,train
"Дом по адресу Ленина  63а является нежилым. Во многом благодаря этому обошлось без жертв. У здания два этажа: из кирпича и дерева. В результате пожара сгорели крыша и пристрой, обгоревшими оказались потолок, стены изнутри и снаружи, пол.",Дом по адресу Ленина  63а подожгли.,not_entailment,train
"Он сообщил, что после митинга были задержаны, как минимум, четыре человека. Среди них член КПРФ и помощник депутата Госдумы. Как сообщили агентству в пресс-службе правительства Самарской области, уведомление, поданное организаторами митинга, не было рассмотрено, так как было составлено с ошибками.",Митинг продолжается.,not_entailment,train
"В результате трамваи в обе стороны встали, и жители города были вынуждены добираться на работу либо пешком, либо с пересадками на автобусах.",Движение трамваев остановилось.,entailment,train
"Исследователи отмечают, что такое развитие ситуации может во много раз увеличить в море содержание ртути.","Если ситуация будет развиваться в том же направлении, в море станет больше ртути.",entailment,train
"Суд признал женщину виновной в том, что она прописала в своей квартире несколько человек.",Женщина случайно прописала в своей квартире несколько человек.,not_entailment,train
"""""""Решение носит символический характер, так как взыскать компенсацию практически невозможно"""", - отмечается в сообщении.""",Взыскать компенсацию не получится.,entailment,validation
"Об этом вечером во вторник, 17 января, сообщила пресс-служба Спасательного департамента, отметив, что немецкую противотанковую мину Tellermine 42 обнаружили в на улице Кеэвисе в ходе земляных работ. Спасатели эвакуировали жителей окрестных домов, офисов и складских помещений. Уничтожать мину на месте не стали, поскольку это угрожало повреждению трассы трубопровода.",На улице Кеэвисе жителей эвакуировали из-за мины.,entailment,validation
"""В суде Центрального района Сочи завершилось рассмотрение уголовного дела в отношении 81-летнего местного жителя, который застрелил обидчика своей дочери. """"Степан Вагин приговорен к трем годам лишения свободы условно с испытательным сроком два года"""", - сообщил агентству """"Интерфакс-Юг"""" в пятницу адвокат подсудимого Илья Иванов. По его словам, суд сделал снисхождение пенсионеру, поскольку он является тружеником тыла и инвалидом второй группы, и назначил наказание """"ниже низшего предела"""".""",81-летний пенсионер застрелил обидчика дочери.,entailment,validation
"""Кто-то нарисовал на снегу контур человеческого тела, как делают на месте убийств в сериалах о полиции, и подписал """"Осторожно!""""""",Кто-то изобразил на снегу контур человеческого тела.,entailment,validation
"Также установлено, что работники учреждения несвоевременно проходят медицинский осмотр. Лекарственные препараты в медкабинете хранятся с нарушением температурного режима. Антитеррористическая защищенность детского сада не обеспечивается, так как заведующая учреждения не разработала ни одного локального акта в данной сфере.",В детском саду не все вовремя проходят медосмотр.,entailment,validation
"Разработчик видеоигр индийского происхождения Шекхар, живущий в Лондоне, пытается привить своему десятилетнему сыну Пратику доброту и мудрость, которыми сам обладает в достаточном количестве. Сын же помешан на всем, что связано с технологиями, и в частности на видеоиграх, и отвлекаться на подобную чепуху не желает. Единственное чего он хочет, так это получить игру с непобедимым злодеем, потому что достиг уже такого уровня профессионализма в играх, что все остальное ему кажется скучным и неинтересным.",Сын разработчика видеоигр не ценит доброту и мудрость.,entailment,validation
"Таким образом, правящая коалиция получит большинство в обеих палатах, так как она уже занимает большинство мест в нижней палате.",Правящая коалиция может получить большинство в обеих палатах.,entailment,validation
"Кроме того, власти Грузии подписали на добровольной основе соглашения  о взаимопонимании, которые тоже полностью выполняют. Что касается отношений непосредственно с представителями грузинской власти, вы знаете, что наша миссия является миссией нейтральной и независимой от грузинских властей, но мы пытаемся, стремимся к тому, чтобы иметь наилучшие отношения со всеми участниками Женевских переговоров. Но, конечно, мы придаем большее внимание отношениям с грузинскими властями, так как были приглашены грузинским государством, и мы находимся на грузинской территории.",Власти Грузии полностью выполняют подписанные соглашения о взаимопонимании.,entailment,validation
"Сотрудники МЧС извлекли его из воды, после чего мужчина рассказал о подробностях произошедшего. По словам потерпевшего, на него напали выходцы с Северного Кавказа. О причинах конфликта мужчина досказать не успел, так как потерял сознание.",Спасатели достали мужчину из воды.,entailment,validation
"Мы уже говорили, что подрядчики не должны этого делать, все работы нужно выполнять своевременно. Такие работы оплачиваться не будут. Для нас приоритет – не освоение денег, а то, что мы получаем в итоге, – подчеркнул губернатор.",Результат для нас в приоритете.,entailment,validation
"""Отвечая на вопросы журналистов о возможной отмене нормы закона об обязательном наличии бесплатного дублера при строительстве платных дорог, вице-премьер подчеркнул, что """"это дискуссионная тема, которая была предложена экспертами"""". """"В правительстве пока осторожно относятся к данному предложению, которое нуждается в детальном изучении"""", - заявил Шувалов. По данным социологического исследования, вопрос платных автомобильных дорог большую часть россиян не волнует, так как они не имеют машин, а среди тех, у кого она есть, каждый пятый не намерен пользоваться такими трассами.""",У каждой платной дороги обязательно будет бесплатный дублер.,not_entailment,validation
"""Военнослужащие ВМС Израиля в субботу высадились на судно """"Эстель"""", перевозившее активистов в сектор Газа, передает агентство АФП. Источник в израильском военном командовании сообщил агентству, что военные захватили контроль над судном. По его словам, в ходе этой операции силу применять не пришлось, так как никто из активистов не стал оказывать сопротивление.""",Военные захватили контроль над судном.,entailment,validation
"Женщина попросила личным заявлением освободить ее от должности главы министерства государственного имущества республики по собственному желанию, что и было сделано в течении нескольких минут.",Женщина ушла без заявления.,not_entailment,validation
"""Отвечая на вопрос, Горан сказал, что в ходе проверки не использовались фотографии, сделанные экс-омбудсменом Ниной Карпачевой, поскольку они """"добыты не в установленном порядке"""". Также, по словам представителя ГПУ, не принималось во внимание экспертное заключение, предоставленное Карпачевой: """"Нельзя говорить, что это официальный какой-то документ, поскольку он составлен не уполномоченными на это специалистами"""".""",Экспертное заключение - это не официальный документ.,not_entailment,validation
"Волгоградский прокурор по надзору за соблюдением законов в исправительных учреждениях внес представление в адрес начальника областного УФСИН. Впоследствии четверым из провинившихся сделали выговоры и замечания. Остальные избежали наказания, потому что уже уволились или перевелись.",Выговоры и замечания заслужили четверо.,not_entailment,validation
"Я давно хотела слепить снежный мотоцикл, но вот мы только собрались, примерились к этой куче, а я глянула и поняла, что вижу там только Будду. Доброго такого, пузатого, довольного и умиротворенного, - рассказывает Дарья. - Пока делали, несколько раз приходилось объяснять соседям, что это не развратная женщина, потому что начали с ног.",Снежный Будда сразу понравился соседям.,not_entailment,validation
"Концерт стал знаменателен и тем, что во время выступления певица презентовала свой новый альбом.",Во время концертов певица всегда презентует свои новые альбомы.,not_entailment,validation
"""Была установлена личность подозреваемого - 27-летнего мужчины. По словам задержанного, он был давно влюблен в жену убитого и различными способами добивался ее внимания. """"Так как женщина не хотела с ним общаться, он решил похитить ее мужа"""", - говорится в сообщении.""",27-летний мужчина похищен.,not_entailment,validation
"Молюсь за обоих. Просто хочу обнять своего сына, а прав он или виноват - пусть скажет следствие. Хочется сказать всем оскорбляющим милицию: опомнитесь, милиционеры - это не безликие роботы в форме.",Кто-то оскорбил милицию.,entailment,validation
"Документы снова вернутся на рассмотрение, поскольку Верховный суд поддержал апелляцию прокуратуры на оправдательный приговор.",Верховный суд завернул апелляцию.,not_entailment,validation
"Затем машину откинуло на полосу встречного движения на Isuzu Forward. - В результате аварии водитель автомобиля Nissan Tino и его два пассажира, среди которых была малолетняя девочка, от полученных травм скончались на месте происшествия, - сообщили «КП-Владивосток» в прокуратуре Приморского края. Суд слушался в особом порядке так как обвиняемый полностью признал свою вину.",Авария произошла в лесу.,not_entailment,validation
"""Сулейманов подчеркнул, что по тонкому льду нельзя ездить на таком примитивном средстве, как мотобуксировщик. Если снегоход еще может проскочить опасное место, то """"мотособака"""" тянет как якорь в любую полынью. - Но рыбаки и дачники активно используют эти машины, потому что стоят они недорого, просты в управлении - к примитивному мотору с ручкой цепляются любые сани.""","Сулейманов объяснил, чем мотобуксировщик опаснее снегохода.",entailment,validation
"В какой-то момент между ними возникла ссора, и тогда он несколько раз ударил ножом собутыльника. От полученных ранений потерпевший скончался на месте происшествия. - Во время допроса злоумышленник так и не смог вспомнить причину ссоры, поскольку был сильно пьян.",Потерпевший скончался еще до ссоры.,not_entailment,validation
"Она сообщила, что ее сын подвергся избиениям со стороны других воспитанников. Его также облили кипятком. Мать утверждает, что в учреждении процветает дедовщина.",В учреждении процветает дедовщина.,not_entailment,validation
"Мы попытались это сделать в МГУ. Сначала проложили по дороге. Вынуждены были убрать, потому что невозможно.","Сперва мы проложили по дороге, затем оставили.",not_entailment,validation
"""Второй тайм начался в том же стиле: игроки """"Зенита"""" буквально не вылезали из положения вне игры или отправляли мячи в сторону трибун, а футболисты """"Андерлехта"""" выдавали неприятные контратаки. Так прошел час игры, Спалетти решил добавить команде движения и остроты и выпустил Быстрова. Это действительно помогло, потому что у команды сразу начали получаться неплохие атаки, а бельгийцам пришлось отойти назад.""",Второй тайм резко отличался от первого.,not_entailment,validation
"В квартире на 2 этаже находился 70-летний хозяин, когда неожиданно раздался громкий хлопок и погас свет. Оказавшись на кухне, мужчина увидел огонь. После попытки самостоятельно потушить пламя хозяин попытался выйти наружу, потому что из-за дыма стало нечем дышать.",На кухне сушился хлопок.,not_entailment,validation
"""В кассах с утра продавали билеты без предъявления паспорта, а перед самой игрой кассиры решили переписывать данные с документов, что является нарушением закона о сохранении персональных данных. """"После вмешательства РФПЛ и лично Александра Мейтина такой вид реализации билетов был прекращен. А вот на действия полиции это не повлияло, так как им никто не указ"""".""",Кассиры сознательно нарушали закон о сохранении персональных данных.,not_entailment,validation
"В Ростовской области спасатели обнародовали количество жителей, которые окунулись на Крещение.",В Ростовской области подсчитали утонувших на Крещение.,not_entailment,validation
"2 августа пьяные приятели, шагая по грунтовке, увидели оставленную без присмотра «Ниву». Ребята искали кого-нибудь, чтобы вытащить застрявший неподалеку автомобиль своей подруги, но ждать или искать хозяина внедорожника не стали: просто разбили стекло.",Неподалеку застрял автомобиль их подруги.,entailment,validation
"Народ уже задумывается, куда отправится повеселиться.",Народ готовится повеселиться.,entailment,validation
"В зарубежной практике примеров подобной нормы, по его мнению, не встречается. В мировой практике акционерное соглашение дополняет или замещает некоторые элементы учредительных документов. Делается это в том числе для того, чтобы сохранить некоторые положения соглашений конфиденциальными, поскольку учредительные документы доступны широкому кругу лиц.",В мировой практике акционерное соглашение только дополняет некоторые элементы учредительных документов.,not_entailment,validation
"Многие уже привыкли, что синоптики не раз объявляли оранжевый уровень опасности летом и осенью.",Синоптики объявляли оранжевый уровень опасности не раз.,entailment,validation
"""Гитлера в военной Германии для гер Шмидта тоже не существует, он его отрицает, как Бога. Прямого противостояния между Капитаном и Шмидтом, понятное дело,  не возникает, уж слишком о разных вещах думают эти герои. В """"Первом мстителе"""", кажется, вообще мало кто думает, потому что у них в этой истории, как у пьяного -  что на уме, то и на языке.""","""В """"Первом мстителе"""" никто не думает.""",not_entailment,validation
"""""""В магазинах очереди"""", - рассказала агентству одна из очевидцев, приехавших из Краснодара. Пожилая женщина рассказала, что когда началось наводнение, в доме кроме нее были только двухлетний внук, кошка и собака. Она их подняла на крышу сарая, а сама туда забираться не стала, поскольку побоялась обрушения.""",Пожилая женщина пострадала от наводнения.,entailment,validation
"Мне очень жаль, если мои слова восприняли как оскорбление юбилея русского хоккея. Я глубоко уважаю ваш хоккей и хочу поздравить его со знаменательной датой. Русский хоккей всегда занимал одну из главных ролей в мире, и я хочу, чтобы у него было столь же светлое будущее.",Я желаю русскому хоккею светлого будущего.,entailment,validation
"Для нашего региона мясной проект имеет не только экономическое значение, но и играет огромную социальную роль.",Мясной проект сыграл свою роль и будет закрыт.,not_entailment,validation
"""Как отмечается в сообщении, данная информация опубликована на странице """"Обращение за визой США"""", а также при входе в консульский отдел посольства. Как ранее разъяснили в посольстве США, при обращении за визой на сайте  заявители видят объявление, в котором говорится: """"Пожалуйста, примите во внимание: не разрешается проносить (а) электронные устройства (за исключением мобильного телефона, размеры которого не превышают 3см X 13см Х 6см); (б) предметы, которые могут быть использованы как оружие; (с) большие сумки, включая портфели, рюкзаки, чемоданы, спортивные сумки и т.п. Поскольку сотрудники посольства не принимают на хранение такие предметы, их владельцам может быть запрещен вход в здание Посольства"""".""",В Посольство США с планшетом не пройдешь.,entailment,validation
"""""""Я не вижу другого основания скликать правозащитную публику"""". Резник сообщил, что в его приглашении начало встречи указано в 16:30 мск в пятницу. """"Интересно, каким образом будет происходить встреча, поскольку, чтобы попасть в транзитную зону, надо пересекать границу"""".""","Резник рассказал, что написано в его приглашении.",entailment,validation
"Мужчина, который ранее не раз был судим, на улице напал на подростка.",Мужчину уже судили за нападение на подростка.,not_entailment,validation
"На заседании областного Совета при губернаторе по развитию физической культуры и спорта чиновники отметили, что прошедший год был для отрасли успешным.",В областном Совете при губернаторе прошло заседание по развитию физической культуры и спорта.,entailment,validation
"Преступление удалось раскрыть в кратчайшие сроки благодаря тому, что пострадавшая сразу сообщила о случившемся в полицию. На помощь женщине оперативный дежурный направил ближайший патрульный экипаж. Отрабатывая дворы, прилегающие к месту происшествия, полицейские увидели молодого человека, приметы которого совпадали с описанием грабителя, и задержали его.",Грабителя задержали в соседнем дворе.,entailment,validation
"Приятная новость для тех, кто задумывался об ипотеке, но по разным причинам пока не решался: банковский сектор чутко реагирует на ситуацию и старается предлагать более широкие возможности для клиентов.",Есть плохая новость.,not_entailment,validation
"""""""Сегодня поисковая операция была прекращена, так как она стала слишком опасной"""", - сказал он на условиях анонимности.""",Поисковая операция продолжаться не будет.,entailment,validation
"В первом периоде преимущество было на стороне наших хоккеистов, однако вратарь хозяев играл безупречно.",В первом периоде наши хоккеисты играли лучше вратаря хозяев.,not_entailment,validation
"Предприниматели продолжают устанавливать незаконные постройки, однако власти города на примере Сенной площади уже доказали, что лучше не спорить и убрать свое добро самостоятельно.",Незаконные постройки устанавливать перестали.,not_entailment,validation
"Началось все со словесной перепалки, а закончилось рукоприкладством.",Словесная перебранка завершилась стрельбой.,not_entailment,validation
"Уже которую неделю жители оружейной столицы жалуются, что коммунальщики не удаляют нависшие ледяные сосульки на крышах домов города.",Коммунальщики Москвы не сбивают сосульки.,not_entailment,validation
"Компенсации полагаются каждому из 4234 пассажиров. Также не исключено, что некоторые пассажиры направят иски в суд с требованием о дополнительных компенсациях. В настоящий момент судно охраняется от возможных грабителей, поскольку на его борту остались материальные ценности.",Не каждому из пассажиров положена компенсация.,not_entailment,validation
"Врачи диагностировали у мужчины перелом плеча и травму тела, которые оцениваются как вред здоровью средней тяжести.",У мужчины восстановилось плечо.,not_entailment,validation
"Отметил День защитника отечества, называется.",День защитника отечества вызвал только приятные эмоции.,not_entailment,validation
"Пострадавший пробирался между вагонами состава, когда поезд начал движение.",Пострадавший находился в километре от железной дороги.,not_entailment,validation
"""""""Нам надо совместно проводить жесткую политику: этого не должно быть, мы не должны травить людей. На нашей стороне это карается жестко — это уголовно наказуемое деяние"""", — сказал он. Русый отметил, что если белорусские специалисты выявляют на рынке фальсифицированное продовольствие, тут же сообщают российским коллегам, потому что должна быть """"немедленная реакция"""".""","Белорусы не хотят, чтобы люди травились.",entailment,validation
"Всех пострадавших медики доставили в ближайшую больницу. Областной главк полиции сообщает, что водители находились в трезвом состоянии. По факту дорожного инцидента проводится проверка, после которой примут соответствующее процессуальное решение.",Пострадавшие попали в ближайшую клинику.,entailment,validation
"Это должно дать свой результат - поголовье птиц станет в два раза больше, считают специалисты.",Специалисты пересчитают поголовье птиц другим способом.,not_entailment,validation
"Как только совы вылечатся, их отпустят в естественную среду. Самим фотографам грозит штраф. Напомним, в конце прошлого года инспекторы уже изымали сов у фотографов.",Совы уже здоровы.,not_entailment,validation
"""""""Дай бог им здоровья"""", - добавил он. """"Но я предпочитаю меньше обращать на это внимания. Потому что, если придавать этому слишком много значения, это начнёт влиять на принятие решений"""".""",Он пожелал им здоровья.,entailment,validation
"Недавно стало известно, что в общественном транспорте столицы и областных городов подорожает проезд.",Проезд подорожает только в общественном транспорте столицы.,not_entailment,validation
"""Ограничения на въезд в Республику Южная Осетия для граждан Российской Федерации и других стран сняты со среды, сообщил журналистам министр иностранных дел республики Мурат Джиоев. """"Ограничения на въезд в Южную Осетию были введены в связи с напряженной обстановкой, которая сложилась в Республике в виду регистрации некоторых кандидатов в президенты РЮО. Поскольку обстановка нормализовалась, было принято решение снять ограничения"""", - сказал министр.""","В Южной Осетии сложилась мирная, благоприятная обстановка.",not_entailment,validation
"Спасатели оперативно выехали на место происшествия. К моменту их прибытия машина была объята огнем. Пламя удалось быстро потушить, а вот отстоять автомобиль не удалось.",Машина сгорела.,entailment,validation
"Как рассказали «Комсомольской правде» в пресс-службе администрации Псковской области, квартиры получили семьи, которые раньше жили в аварийных домах.",Семьи уже переехали из аварийных домов в новые квартиры.,not_entailment,validation
"""Патриарх Московский и всея Руси Кирилл призвал священников не участвовать в ток-шоу и не стремиться к """"мнимой популярности"""" в социальных сетях. """"Не дай Бог нам, людям церковным, соблазниться мнением о нас в блогах или даже в СМИ. Потому что, поступив так единожды, мы попадаем в ловушку и начинаем делать все, для того чтобы поддерживать сложившийся рейтинг"""".""",Патриарх Московский и всея Руси Кирилл призвал священников отказаться от участия в ток-шоу.,entailment,validation
"Силовики также разберутся, как удалось получить разрешение на строительство у мэрии города.",Разрешение на строительство у мэрии города получить не удалось.,not_entailment,validation
"К спасательной операции подключились силы Национальной гвардии США и дополнительные полицейские подразделения. На грузовиках они подвезли провиант и воду в районы у восточных склонов Скалистых гор, которые в данный момент оказались полностью блокированы в результате разлива рек. Работы осложняются, так как многие дороги оказались непроходимы из-за оползней, спровоцированных разливом воды.",В Европе наводнение.,not_entailment,validation
"Животное пыталось выбраться, но сил уже не хватало. Девушки подбежали к проруби, начали подзывать собаку к себе. Когда она подплыла поближе, они вытащили ее из воды.",Собака попала в прорубь.,entailment,validation
"Проверке подверглись всего четыре торговых точки, поскольку лицензии на продажу подобных изделий есть только в этих магазинах.",Четыре остальных магазина работают без лицензии.,not_entailment,validation
"Напомним, их обвиняют в получении взяток и посредничестве во взяточничестве.",Им предъявляют обвинения.,entailment,validation
"Трижды он был привлечён судебным приставом к административной ответственности по ст. 17.15 КоАП РФ за неисполнение содержащихся в исполнительном документе требований неимущественного характера. Так как срок для добровольного исполнения истёк, пристрой снесли принудительно.",Пристрой был снесен.,entailment,validation
"Рождество Христово - время радости, и этой радостью хочется делиться со всеми, а особенно с теми, кто в ней нуждается: одинокими стариками, мамами, попавшими в трудную ситуацию, - рассказали в хабаровской епархии.",Рождество - радостное время.,entailment,validation
"Для молодого организма это не прошло бесследно. Резкое токсическое воздействие этанола привело к смерти парня. Его тело обнаружила бабушка, которая вернулась на следующий день.",Молодой организм стал сильнее от этанола.,not_entailment,validation
"После праздников электрички области начнут циркулировать по новому расписанию, сообщают в Самарской пригородной пассажирской компании.",В Самарской области сохранится прежнее расписание электричек.,not_entailment,validation
"""По его словам, три вагона сошли с колеи по одной оси на грузовой ветке в районе Белоострова. """"Пострадавших и технологических разрушений нет. Задержек в следовании поездов тоже, поскольку по этой линии пассажирские составы не ходят"""", - сказал собеседник.""",Ничего не случилось только на железной дороге в районе Белоострова.,not_entailment,validation
Учредителем центра стала Государственная канцелярия.,Государственная канцелярия выступила перед учредителем.,not_entailment,validation
"Со своими лопатами, совками, ведрами пришли целые семьи, рабочие коллективы, школьные классы. Длина замкнутой стены получилась 116 метров, высота в самой низкой части - 150 сантиметров. Строить было нелегко, так как на улице стоит мороз.",Стену строили всего несколько человек.,not_entailment,validation
"""""""Это - финальный аккорд предвыборной кампании"""", - сказал В.Бурматов в четверг, которого цитирует сайт """"Единой России"""". По мнению депутата, митинг демонстрирует, что не только содержательная повестка дня, но и улица полностью перехвачена пропутинскими силами. """"И ни о каких оранжевых сценариях говорить уже просто не придется, потому что улица занята нами"""", - заявил парламентарий.""","По мнению депутата, повестка дня перехвачена путинскими силами.",entailment,validation
"""""""Только что я покинул территорию колонии, где находится Маша, и могу сообщить, что ее перевели в изолированный блок медицинской части, где обычно содержатся инфекционные больные"""", - сообщил """"Интерфаксу"""" муж второй участницы группы Надежды Толоконниковой Петр Верзилов. По его словам, во вторник пошли седьмые сутки голодовки Алехиной. Решением администрации колонии она была направлена для наблюдения медиков, так как, по их мнению, ее физическое состояние ухудшилось.""",Мария Алехина направлена для наблюдения медиков.,entailment,validation
"Губернатор осмотрел дома, куда заселят работников.",Губернатор осмотрел работников.,not_entailment,validation
"Малыш, которому исполнилось всего один месяц от роду, скончался от острого отравления алкоголем. Как выяснилось в ходе доследственной проверки, вечером накануне гибели ребенка мать захотела выпить спиртного. Муж не мог ее остановить, потому что в это время был на работе.",Мать не успела выпить спиртного.,not_entailment,validation
"Если посмотреть соотношение EBITDA по нашим компаниям, то они существенно ниже, чем у зарубежных. Почему? Потому что правила работы отрасли все время меняются, и инвесторы сейчас боятся вкладывать в отрасль деньги.",Инвесторы готовы к риску.,not_entailment,validation
"В Ростовской области спасатели обнародовали количество жителей, которые окунулись на Крещение.",В Ростовской области подсчитали окунувшихся на Крещение.,entailment,validation
"Выпивали, веселились, после чего вспыхнула ссора. Гости набросились на хозяйку и избили. Осознав, чем это может грозить, мужчины решили скрыть следы преступления.","Выпивали, веселились, побили хозяйку и испугались содеянного.",entailment,validation
"Соцзащита населения выделила транспорт, врача. Приехали — все рассказал губернатору. Губернатор сказал, что помогут, выделят деньги.",Губернатор не обещал материальную помощь.,not_entailment,validation
"Прибывшие на место стражи порядка следов взлома не обнаружили. Однако установили, что злоумышленник проник в помещение через незапертую форточку. На окне он оставил свои отпечатки пальцев, по которым полицейские и нашли причастного к краже мужчину.",Стражи порядка осмотрели форточку.,entailment,validation
Таксист поблагодарил водителя трамвая за помощь.,Таксисту помог водитель трамвая.,entailment,validation
"В случившееся трудно поверить. Произошла огромная трагедия. Уверен, причины будут установлены, но людей не вернёшь.",Люди погибли и их не вернешь.,entailment,validation
"""Ростуризм завершает формальности для транспортировки тел погибших в Альпах российских туристов, сообщили агентству """"Интерфакс-Юг"""" в Южном региональном центре МЧС России. """"Все формальности сейчас решаются. Здесь проблем не будет, так как туристы были застрахованы.""",В Альпах погибли туристы из России.,entailment,validation
"Косвенная связь есть. Она человек публичный, таскала меня с собой на все светские мероприятия. Когда все это закончилось, остался один футбол, и все стало лучше.",У меня не осталось даже футбола.,not_entailment,validation
"Об этом «Комсомольской правде»-Красноярск сообщили в пресс-службе краевого следственного комитета. Как доказали следствие и суд, эта женщина, используя свое служебное положение, устроила на работу учителями четверых своих знакомых. Но фактически те не работали, а их зарплату снимала с карт сама директор.",Женщина совершила подлог.,entailment,validation
"Злостный алиментщик решил провернуть незаконную сделку, чтобы не попасть в поле зрения судебных приставов.",Алиментщик находился в поле зрения судебных приставов.,not_entailment,validation
"Темы, которые сегодня активно обсуждают делегаты съезда - «Экономика роста и благосостояния», «Здоровое будущее», «Социальная политика», «Умная сила и культурное лидерство», «Качество государства», «Аграрная сверхдержава», «Быть хозяином в собственном доме». Делегаты из Пензенской области работают на всех площадках. Им есть что сказать по каждой из обозначенных на съезде тем, поскольку среди них есть врачи, учителя, общественные деятели и политики со стажем.",Делегаты из Пензенской области обсуждают все темы на разных площадках.,entailment,validation
"Я сегодня первый раз вышла. Когда волна недовольства только начинала подниматься, я как-то равнодушно к этому отнеслась. Тогда муж сказал, что хочет пойти на Болотную - даже пыталась его отговорить, так как очень испугалась, что его могут замести.",Я пыталась отговорить мужа.,entailment,validation
"Если раньше редакции только гадали, сколько человек реально читают газету, какой у них возраст и какие темы нравятся больше всего, то сейчас все изменилось.",Раньше параметры читательской аудитории были результатом точных исследований газетных редакций.,not_entailment,validation
"""ЛГБТ-активисту Николаю Алексееву, который был признан виновным в пропаганде гомосексуализма, стоит обратиться в Конституционный суд РФ, считает член Общественной палаты РФ, президент адвокатской палаты Москвы Генри Резник. """"Николаю Алексееву надо идти обжаловать вынесенное решение в кассационном суде, а затем обращаться в Конституционный суд, который, скорее всего, признает питерский закон о запрете пропаганды гомосексуализма неконституционным"""", - сказал Резник в пятницу """"Интерфаксу"""". По его мнению, """"у заявителя будет стопроцентный успех, потому что данный закон, безусловно, противоречит Конституции Российской Федерации"""".""","Адвокат Генри Резник считает, что в Конституционном суде РФ ЛГБТ-активист успешно оспорит обвинение в пропаганде гомосексуализма.",entailment,validation
"""В церемонии приняли участие премьер-министр РФ Дмитрий Медведев и мэр столицы Сергей Собянин. """"Мы думаем здесь лестницу сделать, чтобы иногда можно было подниматься наверх"""", - сказал Собянин Медведеву. Градоначальник отметил, что лифт лучше в данном случае не делать, так как это очень сложное инженерное сооружение.""",Собянин и Медведев участвовали в церемонии.,entailment,validation
"""""""Некоторые страны сократили больше, чем планировалось, идут с опережающим графиком"""".""",Некоторые страны обошли других по масштабам сокращения.,entailment,validation
"Банкротство было громким - банком в Новокузнецке пользовались не только многие частные лица, но и бюджетные организации, в том числе администрация города. На первом же заседании подсудимый попытался отвести весь состав суда – под предлогом того, что судьи также были вкладчиками «НМБ» и поэтому могут предвзято к нему отнестись. Однако в ходатайстве было отказано, так как подобных обстоятельств не установлено.",Cудьи также были вкладчиками «НМБ».,not_entailment,validation
"Хозяин авто рассказал оперативникам, что приехал на машине в гости к знакомому.",Оперативники пообщались с хозяином машины.,entailment,validation
"""Коллектив вуза принял решение подать иски в суды о защите чести и достоинства института, подать заявление в прокуратуру с просьбой проверить процедуру мониторинга эффективности вузов и провести """"протестный митинг против политики министерства образования"""". Студенты РГТЭУ ранее бастовали две ночи подряд - с 18 по 20 декабря против того, что их институт попал в список вузов с признаками неэффективности. Забастовка была прекращена, поскольку у студентов появилась надежда, что с ситуацией разберутся в руководстве государства.""",Студенты РГТЭУ бастовали две ночи подряд.,entailment,validation
"""Калужские оперативники вернули в четверг медынской районной больнице Калужской области похищенный автомобиль """"скорой помощи"""", сообщает пресс-служба регионального управления МВД. Машину угнали в городе Медынь ночью 30 октября. Вычислить преступников по спутниковой системе слежения не представлялось возможным, так как она находилась в нерабочем состоянии.""","""У медынской районной больницы украли автомобиль """"скорой помощи"""".""",entailment,validation
"Мужчина, который ранее не раз был судим, на улице напал на подростка.",Мужчина ненавидел подростков.,not_entailment,validation
"""Правозащитники предлагают сократить область применения в России понятия """"экстремистская деятельность"""" и отказаться от списка запрещенной экстремистской литературы. """"Должно быть резко сокращено применение понятия """"экстремистская деятельность"""", кроме случаев самих насильственных преступлений, призывов к насильственным преступлениям, либо организованной деятельности, связанной с насильственными преступлениями"""", - заявил на пресс-конференции в центральном офисе """"Интерфакса"""" в среду директор информационно-аналитического центра """"Сова"""" Александр Верховский. Он также предложил отказаться от федерального списка запрещенных экстремистских материалов, так как он, по мнению правозащитника, """"не работает"""".""","""Правозащитники недовольны слишком узкой областью применения в России понятия """"экстремистская деятельность"""". """,not_entailment,validation
"Врачи пытались спасти потерпевшего, но он умер в больнице. Сейчас подозреваемый задержан. Ведутся следственные действия.","Потерпевший умер, подозреваемый тоже.",not_entailment,validation
"В селе Доброе Липецкой области в огороде местной жительницы сотрудники полиции раскопали труп неизвестного человека, который уже превратился в скелет.",В огороде вырос труп.,not_entailment,validation
"""""""Мы занимались школьным интернетом, теперь пришла пора позаниматься интернетом в общежитиях высших учебных заведений"""", - заявил Д.Медведев в четверг на совещании по вопросам социального положения студентов. Президент проводит совещание на базе Российского университета дружбы народов, где, по его словам, в учебных корпусах и общежитиях интернет есть, """"но так - далеко не везде"""".""",В вузах ограничат использование интернета.,not_entailment,validation
"""По словам россиянина, перед ним стояла задача - финишировать впереди """"Форс Индии"""". """"Мы начали гонку на покрышках средней жесткости. И я старался отстоять свою позицию на старте, так как все в основном были на мягких шинах"""".""",Соперники выступали преимущественно на мягких шинах.,entailment,validation
"""""""Несмотря на активное противодействие норвежских властей, справедливость в отношении Ирины Бергсет и Саши восторжествовала"""", - сказал адвокат. Младший сын Бергсет, который не имеет российского гражданства, по-прежнему остается в Норвегии. Вернуть его матери вряд ли удастся, поскольку он не имеет российского гражданства.""",Младший сын Бергсет - гражданин Франции.,not_entailment,validation
"Как утверждает сама Якуб, она познакомилась с бывшим главой МВФ летом 2012 г. — после окончания скандала вокруг ареста ДСК по обвинению в изнасиловании горничной нью-йоркского отеля Sofitel Нафиссату Диалло. Уголовное дело тогда развалилось, поскольку обвинение не смогло доказать достоверность показаний потерпевшей.",Потерпевшая дала показания.,entailment,validation
"Похищенные деньги, как выяснилось, женщина успела потратить. Украшения вернули пенсионерке. По факту кражи в полиции завели уголовное дело, ведется расследование.",Женщина сумела обокрасть пенсионерку.,entailment,validation
"Это предполагает законопроект о фонде субсидирования предприятий, которые создают новые рабочие места, рассмотренный комиссией по сельскому хозяйству и пищевой промышленности и предложенный парламенту.",Законопроект завернула комиссия по сельскому хозяйству.,not_entailment,validation
"Но когда злоумышленник пришел к себе домой, то понял, что потерял свой телефон, вырывая сумку из рук пенсионерки.",Пенсионерка украла у злоумышленника телефон.,not_entailment,validation
"""""""Мы однозначно обжалуем это предостережение. Сейчас обсуждаем этот вопрос с юристами"""", - сказала глава Transparency International-R Елена Панфилова в пятницу """"Интерфаксу"""". """"Нас предупредили, что в случае получения какого-либо финансирования из-за рубежа мы должны будем зарегистрироваться в качестве иностранного агента, поскольку занимаемся политической деятельностью"""".""","""""""Мы занимаемся политической деятельностью"""".""",entailment,validation
"В городе Ветлуга Нижегородской области на пожаре погибла пенсионерка. По данным регионального ГУ МЧС, частный дом на улице Урицкого загорелся во втором часу ночи. Поскольку все спали, пожар заметили поздно, драгоценное время было упущено.",Все спали и не видели пожара.,entailment,validation
"Как рассказали «Комсомольской правде» в пресс-службе администрации города, около медицинского учреждения началась установка автобусной остановки.",Новую автобусную остановку устанавливают.,entailment,validation
"Ведь тут 50 на 50. Ты приехал перед олимпийскими играми покататься на местных трассах, а снега нет, и сидишь неделю в ожидании хорошей погоды, а твои конкуренты в это время спокойно готовятся в другом месте и приезжают на саму Олимпиаду в тонусе и с боевым азартом. А ты кислый, потому что уже не первую неделю в гостинице сидишь.",Отсутствие снега может заставить спортсмена киснуть в гостинице.,entailment,validation
"Новогодние герои приветствовали прохожих, поднимали настроение песнями и репликами, которые раздавались из динамика.",Новогодние герои портили настроение прохожим.,not_entailment,validation
"А его приятель параллельно избивал жертву ногами. Когда мужчина перестал подавать признаки жизни, убийцы скрылись, бросив труп на улице. На утро его обнаружил хозяин гаража, который во время драки лег спать.",Убийца был один.,not_entailment,validation
"Подробности преступления рассказали в Следственном комитете по Кировской области. Известно, что пенсионерка работала на местного предпринимателя - принимала ягоды и грибы, которые собирали местные жители, а потом отправляла их на продажу. Ее односельчанин знал, что у женщины с собой крупная сумма денег, а поскольку сам он нигде не работал, решил ее ограбить.",Пенсионерка сушила грибы.,not_entailment,validation
"""""""Потому что вокруг этой фигуры в Интернете полемика действительно шла. Ну, и как обычно, она на то и полемика, чтобы взгляды были абсолютно полярные: начиная от того, что он был святой, и заканчивая тем, что он преступник и должен получить по полной программе"""", - отметил Медведев, отвечая на один из вопросов. Он предложил эту ситуацию меньше обсуждать, """"потому что это вопрос судебный, очень тонкий и требующий, действительно, правовых средств реагирования"""".""",Медведев отметил полемику в Интернете вокруг этой фигуры.,entailment,validation
"Осторожнее на этом участке, водители и пешеходы! Там уже каток. Трубы не выдержали, прорвало.",Вода из прорвавшихся труб испарилась.,not_entailment,validation
"В роли сказочного персонажа также был полицейский, облаченный в красную шубу Деда Мороза. Всем, кто не согласился заключить преступную сделку, Дед Мороз вручал подарок. Стоит отметить, что за время проведения эксперимента к сотрудникам полиции не обратился ни один гражданин.",Полицейский нарядился Дедом Морозом.,entailment,validation
"Хозяин дома схватил топор и начал бить им по голове незваного гостя. После ударов потерпевший был еще жив, однако к 2 часам дня подозреваемый узнал, что односельчанин скончался. После случившегося мужчина поставил в прихожую пару сумок с едой и одеждой, ожидая прихода проверяющей его полиции, так как он в июле прошлого года освободился из тюрьмы.",Хозяин дома встретил гостя топором.,entailment,validation
"""По его словам, испытывая все больший профессиональный прессинг, он стал зависим от спиртного, снотворного и """"Валиума"""". Адвокаты обвиняемого ранее заявили о том, что Гальяно потерял над собой контроль из-за злоупотребления алкоголем и поэтому нагрубил посетителям. Один из адвокатов сказал, что его подзащитный не помнит, что происходило в баре, так как он был болен.""","Гальяно может хорошо помнить, что происходило в баре.",entailment,validation
"Как сообщили в правительстве области, на ней можно будет купить товары местных производителей.","В правительстве области сообщили, где можно будет приобрести товары местных производителей.",entailment,validation
"Однажды вечером, употребив алкоголь, товарищи решили отправиться в Нижний Новгород и вызвали такси, заранее решив не платить за услугу. С собой они взяли свою подругу. Но просто доехать бесплатно мужчинам показалось мало – они стали угрожать таксисту ножом, чтобы заставить его отдать им всю выручку. Водитель получил несколько царапин на лице, шее и руке и, опасаясь за свою жизнь и здоровье, предпочел покинуть автомобиль.",У пьяных мужчин было огнестрельное оружие.,not_entailment,validation
"""В доме никого кроме подсудимого - сожителя матери приятеля - не оказалось. Мужчина предложил выпить, а мальчик не отказался. Попойка продолжалась, пока подросток не """"вырубился"""" прямо в доме друга.""",Приятель матери не смог напоить подростка.,not_entailment,validation
"Провайдер, с которым сотрудничаем мы, предоставляет своим клиентам программу абсолютно бесплатно. Всё предельно прозрачно и не требует на первоначальном этапе никаких затрат. Также обращайте внимание на то, как давно работает компания и узнаваема ли в отрасли.",Наш провайдер предоставляет клиентам программу бесплатно.,entailment,validation
"Фотографии процесса демонтажа уже появились в социальных сетях, и, комментируя их, горожане спрашивают: что же будет построено на этом месте?",Горожане ежеминутно комментируют фотографии демонтажа.,not_entailment,validation
"Четыре года назад он вышел на пенсию. Устроился на место поспокойнее - дворником в ижевскую школу. Тогда и не думал, что именно здесь он, декоратор по образованию, найдет свое призвание.",Пенсионер работал дворником.,entailment,validation
"Иногда тлеющая сигарета приводит к фатальным последствиям. Человек роняет ее на диван, чья обшивка молниеносно вспыхивает. Синтетическая ткань выделяет едкий дым, который оставляет хозяевам квартиры мало шансов на спасение.","Уронив сигарету на диван, человек непременно погибнет.",not_entailment,validation
"Поначалу он надеялся, что с мальчиком ничего страшного не произошло. Но малышу было все хуже. «Скорую» вызвали только около двух часов ночи, спустя несколько часов после того, как мальчик упал и получил травмы.",С мальчиком ничего страшного не произошло.,not_entailment,validation
"""Однако она подчеркнула, что композиция нужна действительно хорошая. """"Все будет зависеть от песни. В том, что он споет ее гениально, я не сомневаюсь"""".""",Певцу нужна хорошая песня.,entailment,validation
"""Он добавил, что машины, стоящие в заторах с включенными двигателями, наносят колоссальный ущерб экологии. В результате, по его словам, многие инвесторы начинают обходить стороной город, где невозможно в разумное время проехать из одного конца в другой. Таким образом, по его словам, складывается """"тревожная тенденция"""", так как через несколько лет могут произойти неприятные последствия инвестиционного спада, которые могут повлечь снижение личных доходов жителей города и сокращение доходов бюджета.""","Экология страдает от машин, стоящих в пробках с включенными двигателями.",entailment,validation
"Оно было заброшенным, что там произошло - неизвестно.","Оно заброшено после того, как там что-то произошло.",not_entailment,validation
"При этом во второй половине дня в столице начнется снег, который время от времени будет переходить в мокрый, а в некоторых районах не исключена и метель.",В ряде районов Москвы возможен ливень.,not_entailment,validation
"Случилось ЧП в ночь на 19 января. По непонятным причинам в одном из пустующих цехов предприятия рухнули несколько пролетов потолка и стен. Никто не пострадал, поскольку эта часть территории не эксплуатируется, поэтому заперта.",В людном цеху упал потолок.,not_entailment,validation
"Сам хозяин давно не появлялся на участке, ему позвонили соседи, обнаружив в его доме вскрытую дверь. Мужчина написал заявление в полицию, возбудили уголовное дело, и начался розыск преступников. Когда злоумышленников задержали, они признались в остальных преступлениях.","Соседей удивила открытая дверь в доме, где хозяин давно не появлялся.",entailment,validation
"Косвенная связь есть. Она человек публичный, таскала меня с собой на все светские мероприятия. Когда все это закончилось, остался один футбол, и все стало лучше.","Все стало лучше, когда она перестала таскать меня на все светские мероприятия.",entailment,validation
"В одной из комнат он нашел икону, которую забрал с собой, чтобы продать. Но затем передумал и вместо того, чтобы продать ее на рынке, отнес икону в один из храмов. Настоятель, которому мужчина предложил похищенное за символическую плату, отказался забирать икону.",Похититель продал икону в храм.,not_entailment,validation
"""""""Я полагаю, что наше послание достаточно четкое в СМИ. Те, кто сожалеет об этом, кто может получить урон, должны поговорить с американцами, чтобы те не совершили  глупость в отношении Ирана. Потому что то, что мы делаем, - это реакция на действия другой стороны"""".""","""""""Американцы могут совершить глупость в отношении Ирана"""".""",entailment,validation
"В ходе проверки нашли дома с наледью и сосульками на крышах. Информацию о них передали коммунальщикам. Во избежание несчастных случаев спасатели рекомендуют гражданам быть осторожней, а коммунальщикам – оперативней, при выходе из зданий советуют смотреть на крыши и, по возможности, обходить края зданий.",Сосульки больше не станут причиной несчастных случаев.,not_entailment,validation
"По его словам, после ухода с поста президента он пока не собирается занимать какие-нибудь государственные должности, будет проводить больше времени с семьёй, но и насовсем уходить из политики тоже не намерен.","Бывший президент надеется, что будет проводить больше времени с семьёй.",entailment,validation
"Художники очень много путешествуют в поисках красивых, живописных мест, часто выезжают на природу. Пейзажи Дальнего Востока, Хабаровского края по-своему прекрасны – они всегда отличаются особыми красками и светом, подчеркивает заместитель председателя.",Художники всегда много путешествуют.,not_entailment,validation
"Иностранному бизнесу было бы выгодно активно инвестировать в экономику России. Об этом заявил министр экономического развития страны Максим Орешкин. Он отметил, что сейчас самое подходящее время вложений, поскольку экономика вновь поднимается.",Экономика вновь поднимается.,entailment,validation
"Это будет первый опыт. И, думаю, он будет успешным. Впоследствии постараемся, чтобы этот объект был передан собственнику, который сможет его отреставрировать и использовать по назначению.",Объект был передан собственнику.,not_entailment,validation
"""Думаю, что большинство желающих стать депутатами от нашей партии уже выразили это желание на этапе праймериз. Предварительные выборы, кстати, оказались очень эффективной процедурой. Потому что у человека появляется возможность не только выразить свое желание стать депутатом, но и проверить себя, что называется, """"в поле"""".""","""Предварительные выборы позволяют кандидату проверить себя """"в поле"""".""",entailment,validation
"Вдруг раздался выстрел: водитель рухнул на снег, пролилась кровь. Раненный скончался на месте. Неизвестный, а может их было несколько, застрелил мужчину.",Водитель выжил.,not_entailment,validation
"Женщина настаивала на том, чтобы мужчину лишили родительских прав.",Женщина хотела лишить мужчину водительских прав.,not_entailment,validation
"Девушка работала в павильоне торгового центра, где продавала косметику и парфюмерию.",Девушка продавала ткани в торговом центре.,not_entailment,validation
"Полицейским показалось, что парни похожи на тех, кого описывали в ориентировке, и они попытались задержать парней. Те, однако, вырвались, водитель ударил по газам. Машина рванула с места, и полицейские устроили за ней настоящую погоню.",Парни вырвались.,entailment,validation
"В Кремле эти заявления не комментировали. Что касается сегодняшних высказываний Ноды о том, что ему придется приехать в Россию в январе, а то и позже, то Дмитрий Песков уже успел на них отреагировать. По его словам, визит японского премьера никто не переносил, поскольку о фиксированных датах речи не было.",Нода не приедет в Россию.,not_entailment,validation
"Огонь оказался настолько сильным, что бушующие языки пламени вырывались прямо с балкона. Заметившие происходящее очевидцы вызвали пожарных. По словам свидетелей, жилец полыхающей квартиры укрылся от огня на соседнем балконе – по всей видимости, пламя отрезало ему путь к входной двери.",В горящей квартире не было балкона.,not_entailment,validation
"""Береговой в суде пожаловался на противоправные действия и угрозы со стороны друзей Агафонова. """"После инцидента 15 августа 2011 г. ко мне приезжал молодой человек со стороны Агафонова, он требовал видеозапись с камер наблюдения, - рассказал он. По его словам, угрожавший обещал """"всем устроить, так как побили хорошего человека"""".""",Береговой жаловался на качество видеозаписи.,not_entailment,validation
"Прибывшие полицейские обнаружили, что неизвестный почти не оставил следов своего пребывания в доме.",Следов неизвестного в доме было мало.,entailment,validation
"Девушка рассказала, что неизвестный мужчина на виду у продавцов украл прямо с прилавка дорогой мобильный телефон и убежал.",Мобильник украли прямо из кармана.,not_entailment,validation
"Потерпевший рассказал, что в результате бытовой ссоры его грозил убить кухонным ножом собственный сын.",Потерпевший никогда не ругался с собственным сыном.,not_entailment,validation
"""Трудовые мигранты - и проблема, и надежда России, заявил президент России Дмитрий Медведев в субботу в ходе общения с региональными журналистами. По его словам, для некоторых городов мигранты """"это действительно большая проблема, особенно для относительно небольших городов, где поток мигрантов может просто разрушить трудовой баланс, и за этим нужно следить"""". ""","Медведев назвал мигрантов надеждой РФ, но и ее проблемой.",entailment,validation
"Циклон уходит в океан, там растворяется.",Циклоны всегда уходят в океан растворяться.,not_entailment,validation
"Областной главк полиции сообщает об очередной самарской торговой точке, в которой нарушали законодательство о розничной продаже алкоголя.",В Самаре нарушали законодательство о розничной продаже алкоголя.,entailment,validation
"Как сообщили в правительстве области, на ней можно будет купить товары местных производителей.",Товары местных производителей можно будет приобрести.,entailment,validation
"""Около 200 человек эвакуированы из корпуса факультета биологии МГУ в связи с пожаром в подвальном помещении, сообщили """"Интерфаксу"""" в ГУ МЧС России по Москве. """"Пожарные прибыли по адресу: Воробьевы горы, 1 строение 12, где горит трансформаторная подстанция в подвале биологического факультета МГУ"""", - сказал представитель управления. По его словам, тушение осложнено, так как напряжение пока не отключено.""",Полностью сгорел подвал биофака МГУ.,not_entailment,validation
"""""""Защита возражала против ее назначения. Перед экспертами были поставлены исключительно правовые вопросы, что не допускается"""", - сказал """"Интерфаксу"""" адвокат Гаева Александр Аснис.""",У Гаева нет адвоката.,not_entailment,validation
"Однако влюбленные поругались. Парень избил подругу. Девушка почувствовала себя плохо, и подозреваемый на санках повез ее в больницу.",Подозреваемый вез побитую подругу в больницу на санях.,entailment,validation
"«Девятка» получила значительные повреждения. С места происшествия «скорая» увезла в больницу четырех человек. В настоящее время устанавливается, пассажиры и водители каких машин конкретно пострадали.",После происшествия четверо попали в больницу.,entailment,validation
"""""""У нас есть списки, как это ни печально, педагогов, которые допустили некую невнимательность. И совершенно детские потом объяснения: что-то у них со зрением случилось, что-то у них со слухом случилось"""", - заметил замглавы департамента. Он уточнил, что такие педагоги были либо наказаны, либо уволены, поскольку их действия """"не совместимы с педагогической деятельностью"""".""","Педагоги, у которых что-то случилось со зрением и слухом, были уволены.",not_entailment,validation
"В правительстве Кировской области рассказали, что в некоторых школах региона решили продлить каникулы из-за холодов.",У учеников ряда школ в Кировской области каникулы продлятся дольше.,entailment,validation
"Ноябрь и часть декабря удивили сильными морозами, но сейчас погода стабилизировалась и будет тепло.",Сейчас погода начнет удивлять еще больше.,not_entailment,validation
"""Следствие рассматривает несколько версий преступления, в том числе и связанное с ее профессиональной деятельностью. """"В числе основных версий следователи рассматривают убийство на бытовой почве, а также в связи с профессиональной деятельностью одной из погибших"""", - сообщила руководитель СУ СКР по Тульской области Татьяна Сергеева журналистам во вторник. Предполагается, что убитая семья могла знать убийцу, так как дверь квартиры была закрыта с внешней стороны.""",Убита целая семья.,entailment,validation
"""""""Не вижу смысла увеличивать число статей Уголовного кодекса, так как там уже есть меры уголовной ответственности в отношении лиц, которые пропагандируют сепаратизм"""".""","Есть меры уголовной ответственности в отношении тех, кто пропагандирует сепаратизм.",entailment,validation
"Как сообщает УМВД ХМАО, в посёлке Белый Яр Сургутского района сотрудники ДПС остановили «Форд Фокус», которым управлял шестнадцатилетний пьяный подросток. Начали разбираться, как он сел за руль. Выяснили, что мальчишка угнал машину у знакомого, потому что уж очень хотелось покататься.","""Пьяный подросток угнал """"Форд Фокус"""".""",entailment,validation
"""Сделка по продаже 80% ОАО """"Распадская"""" может не состояться в этом году, сообщил журналистам источник, знакомый с ходом переговоров. """"Есть вероятность, что сделка не состоится. Есть вопрос с ценой, поскольку здесь существует сильное расхождение"""", - сказал он.""","""Ведутся переговоры по продаже 80% ОАО """"Распадская"""".""",entailment,validation
"Организацией данной акции для малышей, которые остались без родительской заботы, занимается профсоюзный комитет студентов ТОГУ, - рассказали в пресс-центре ТОГУ.",Профком студентов ТОГУ не организует акции для взрослых.,not_entailment,validation
"Рождество Христово - время радости, и этой радостью хочется делиться со всеми, а особенно с теми, кто в ней нуждается: одинокими стариками, мамами, попавшими в трудную ситуацию, - рассказали в хабаровской епархии.",Рождество - время проблем.,not_entailment,validation
"""""""Я тоже хотел продолжения. Но правила есть правила"""", - заявил Кличко-старший на пресс-конференции после боя, состоявшегося ночью в воскресенье в Москве. """"Рад, что отстоял титул, но, к сожалению, не так, как хотелось бы"""".""","Кличко сказал, что хотел продолжения.",entailment,validation
"""Позже, в начале октября президент Владимир Путин назвал приговор Pussy Riot - по два года колонии общего режима каждой - правильным. """"На самом деле правильно, что их арестовали, и правильно сделали, что суд у нас такое решение принял. Потому что нельзя подрывать основы морали, нравственности, разрушать страну"""".""","В начале октября Путин осудил приговор, вынесенный участницам группы Pussy Riot.",not_entailment,validation
"Полицейские обнаружили точку, где торговали контрафактным алкоголем.","Полицейские нашли, где преступники торговали контрафактным алкоголем.",entailment,validation
"""Думаю, что большинство желающих стать депутатами от нашей партии уже выразили это желание на этапе праймериз. Предварительные выборы, кстати, оказались очень эффективной процедурой. Потому что у человека появляется возможность не только выразить свое желание стать депутатом, но и проверить себя, что называется, """"в поле"""".""",Предварительные выборы оказались эффективной процедурой.,entailment,validation
"Уже которую неделю жители оружейной столицы жалуются, что коммунальщики не удаляют нависшие ледяные сосульки на крышах домов города.",На крышах домов оружейной столицы уже неделю не сбивают сосульки.,not_entailment,validation
"""""""Мы, я так понимаю, завтра, прямо на заседании правительства вытолкнем этот документ многострадальный в наш парламент. Если, конечно, сегодня вы мне не скажете, что его категорически нельзя принимать, потому что его нельзя принимать никогда"""", - заявил Медведев на заседании """"Открытого правительства"""". По его мнению, это неплохо, так как речь идет об образовании.""",Этот документ можно направить в парламент.,entailment,validation
"Получить деньги он не успел, был задержан.",Он так и не подержал в руках деньги.,entailment,validation
"Все это может привести к осложнению оперативной обстановки на автомагистралях, которые проходят через Смоленскую область.",Есть риск усложнения оперативной обстановки на автомагистралях.,entailment,validation
"Стало известно, где собираются отмечать праздник Крещения Господня первые лица региона.",Первые лица региона не отмечают Крещение.,not_entailment,validation
"Однако жилеты были надеты не на всех людей, чьи тела на данный момент удалось обнаружить.",Все трупы были в жилетах.,not_entailment,validation
"Означает ли введение такой маркировки, что продукты с растительными добавками полностью исчезнут с прилавков наших магазинов?",Новая маркировка появится на продуктах.,entailment,validation
"В одном из СМИ появилась история о восьмилетней школьнице, корторую в мороз 30 января выставил из салона маршрутного автобуса водитель. Причина в том, что у девочки в качестве оплаты был электронный проездной, вот только у водителя не оказалось с собой валидатора. Поскольку наличных денег у малышки не было, ее и попросили покинуть салон.","В СМИ появилась история о школьнице, у которой не было налички, и ее выставили из автобуса на мороз.",entailment,validation
"Ураганный шквал, который обрушился в среду на город, попортил нервы северянам.",Шквал расстроил северян.,entailment,validation
"В ведомстве отметили, что подозрительную машину вечером 23 января заметили на улице 23 июля. Стражи порядка на дорогах решили остановить иномарку, чтобы проверить документы водителя. Так как вёл себя он не как самый трезвый участник дорожного движения, то полицейские провели медицинское освидетельствование.",Полицейские остановили иномарку.,entailment,validation
"После того, как компания «прикончила» очередную бутылку, между подвыпившими разгорелся спор. Закончился он тем, что одна из женщин нанесла мужчине 15 ножевых ранений. - Ссора прекратилась, так как потерпевший самостоятельно покинул дом.",Потерпевший с 15 ножевыми ранениями сам покинул дом.,entailment,validation
"Им оказался шестилетний мальчик. - Очевидец сообщил, что мальчик выскочил на красный свет из-за сугроба, который закрывает обзор водителям, - говорится на странице Новосибирской службы эвакуации «АСТ-54». - Из-за снежных завалов в этом месте очень сложно переходить дорогу, потому что они также закрывают пешеходный переход.",Снежные завалы в этом месте закрывают обзор водителям.,entailment,validation
"Его обвиняют в получении взятки и служебном подлоге. По версии следствия, налоговик вносил заведомо ложные сведения в протоколы против индивидуальных предпринимателей. По четырем фактам, когда составлялись фиктивные протоколы, уже расследует уголовное дело.",Налоговик обнаружил фиктивные протоколы.,not_entailment,validation
"В тетрадке, где он вел записи, парень делал и зарисовки, в частности изображал орудия охоты.",Парень писал и рисовал.,entailment,validation
"Местные власти заявляют, что количество погибших может возрасти. Землетрясения магнитудой 6,4 и 6,3 произошли в районе города Тебриз. Сообщение с пострадавшими районами прервано, поскольку в результате землетрясения, как сообщается, были повреждены коммуникационные линии.",Тебриз пострадал от землетрясения.,entailment,validation
"""Верзилов отметил, что его жена в целом удовлетворительно оценивает условия, в которых сейчас находится. """"Она говорит, что достаточно мало видела, поскольку больница большая, но в целом она удовлетворена отношением сотрудников, наличием нормального оборудования"""".""",Верзилов рассказал о впечатлениях жены от больницы.,entailment,validation
"Эвакуировать никого не пришлось, в заведении был выходной.","Был выходной, эвакуировали только сотрудников.",not_entailment,validation
"Судебные приставы применили к нерадивому папаше весь комплекс мер, в том числе и вынесли постановление об ограничении выезда за границу.",Судебные приставы наградили папашу.,not_entailment,validation
"Прибывшие полицейские обнаружили, что неизвестный почти не оставил следов своего пребывания в доме.",Неизвестный оставил мало следов своего пребывания в доме.,entailment,validation
"""Среди счастливчиков оказалась и сборная Калининградской области. """"Мы очень рады. Была проделана колоссальная работа, это не было """"случайное"""" решение"""".""",Сборная Калининградской области поедет в Кремль.,not_entailment,validation
"Количество прихожан в той небольшой часовне, которая находится сейчас на Сенной площади, неуклонно растёт. В любую погоду, в снег и дождь, они вынуждены молиться зачастую на улице, потому что часовня не вмещает всех желающих.",Прихожан в часовне на Сенной все больше.,entailment,validation
"Избыточными профессиями остаются почтальоны, социальные работники, бухгалтера. - Интересно, что из числа избыточных профессий ушли юристы, - отметил начальник управления государственной службы занятости населения по Кировской области Андрей Нечаев. - Поскольку сейчас для них много новых рабочих мест, например в сфере малого бизнеса.","Почтальонов больше, чем нужно.",entailment,validation
"Игроки хорошие, индивидуумы хорошие, а не сложилось. Президент предпринимала максимальные усилия, направленные на то, чтобы, найти лучшее, что есть на рынке. Мы не все могли купить, потому что бюджет клуба не всех позволял приобрести.","Президень искала лучшее, что есть на рынке.",entailment,validation
"Сначала необходимо законсервировать здание, просушить - здесь полно воды, провести экспертизу и понять, сколько это будет стоить, и начинать ремонт.",В здании полно воды.,entailment,validation
"""""""В отношении нас не стали составлять протоколы, а лишь взяли объяснения. С минуты на минуту нас освободят из ОМВД """"Текстильщики"""", - сказал С.Удальцов в субботу """"Интерфаксу"""" по телефону. По его словам, он указал в объяснении, что считает свое задержание незаконным, """"поскольку не совершал противоправных действий, а всего лишь общался с людьми"""".""",На Удальцова составили протокол.,not_entailment,validation
"""Представители правоохранительных органов и частных агенств посоветовали саратовцам в пресс-центре """"Комсомольская правда""""-Саратов соблюдать информационную осторожность - не болтать о своих новогодних планах со знакомыми, поскольку в их круг общения могут входить и воры. И не распространяться о праздничных настроениях на отдых в социальной сети. Поскольку этой информацией активно пользуются злоумышленники.""","Саратовцев попросили не рассказывать ворам, где будут в новогоднюю ночь.",entailment,validation
"Мужчина опубликовал в Интернете музыкальные записи, которые имели экстремистский подтекст.",Музыкальные записи имели экстремистский подтекст.,entailment,validation
"""5 апреля Московская областная дума единогласно поддержала кандидатуру. В эфире """"Русской службы новостей"""" Шойгу, в свою очередь, заявил, что внес на рассмотрение руководства РФ несколько предложений по кандидатурам на пост главы МЧС, не раскрывая СМИ персоны.""",Кандидатуру одобрила половина проголосовавших.,not_entailment,validation
"Сейчас проект проходит рассмотрение, и, если все сложится удачно, специалистов начнут готовить уже в следующем учебном году.",Специалистов непременно начнут готовить в следующем учебном году.,not_entailment,validation
"""Также ребята, в рамках акции """"Студенческий десант"""", узнали о комплексе """"Безопасный город"""", и задали стражам порядка вопросы.""",Ребята задали стражам порядка вопросы.,entailment,validation
"Злоумышленники начали работать распространителями, после размещения в соцсети объявления о поиске работы. Им было предложено распространять наркотики. Они согласились, так как платили за это хорошие деньги.",Злоумышленники распространяли наркотики бесплатно.,not_entailment,validation
"Я здесь все взорву! – такую фразу часто можно услышать в захватывающих боевиках. Но вряд ли кто-то обрадуется, когда такое прозвучит от неизвестного человека в обычной жизни.","""Кто-то обрадуется, услышав фразу """"Я здесь все взорву!"""" от неизвестного человека в обычной жизни.""",not_entailment,validation
"""В интервью """"Коммерсанту"""" Песков уточнил, что предварительная договоренность о визите была достигнута на саммите АТЭС во Владивостоке (к слову, именно после него в СМИ впервые появилась информация о проблемах со здоровьем российского лидера). Тогда рассматривались самые разные варианты - ноябрь, декабрь и январь, и ни один из них не был утвержден в качестве окончательного. """"Поэтому, чтобы резюмировать, могу сказать, что переносить было нечего, потому что не было согласованных или, тем более объявленных дат визита.""",В СМИ появилась информация о крепком здоровье российского лидера.,not_entailment,validation
"""По его словам, три вагона сошли с колеи по одной оси на грузовой ветке в районе Белоострова. """"Пострадавших и технологических разрушений нет. Задержек в следовании поездов тоже, поскольку по этой линии пассажирские составы не ходят"""", - сказал собеседник.""",Железнодорожной катастрофы удалось избежать.,not_entailment,validation
"Сотрудница поезда забыла предупредить людей, что поезд прибывает на станцию Алтайская. В итоге, когда поезд уже тронулся от перрона, проводник скомандовала пассажирам: прыгайте из вагона. - Она настояла на высадке людей из вагона после начала движения поезда, - сообщает Западно-Сибирское следственное управление на транспорте.",Проводница заставила пассажиров прыгать из вагона на ходу.,entailment,validation
"По словам задержанного, никого заранее он грабить не собирался, а общежитие зашел, чтобы согреться. Увидев золото, решил забрать украшения себе. После нападения вернулся домой, спрятал добычу, переоделся и отправился гулять.",Украденное золото согрело задержанного.,not_entailment,validation
"Постепенно будет теплеть, но ветер усилится.",Погода будет теплее и морознее.,not_entailment,validation
"По предварительным данным, водитель иномарки не справился с управлением и вылетел на встречную полосу.",Иномарка вылетела на встречную полосу.,entailment,validation
"Всех пострадавших медики доставили в ближайшую больницу. Областной главк полиции сообщает, что водители находились в трезвом состоянии. По факту дорожного инцидента проводится проверка, после которой примут соответствующее процессуальное решение.","Главк полиции удивлен, что все водители были трезвыми.",not_entailment,validation
"""Ей позвонил человек, представился сотрудником Пенсионного фонда и предложил подключить ей услугу """"Мобильный банк"""".""","""Сотрудник Пенсионного фонда подключил ей услугу """"Мобильный банк"""".""",not_entailment,validation
"""Совет директоров состоялся, он прошел в заочной форме, но протокол пока не подписан, заявил """"Интерфаксу"""" в пятницу вечером президент ОСК Роман Троценко. В акционерных обществах с госучастием остались еще два высокопоставленных чиновника. Правда, их позицию легко объяснить, поскольку независимых председателей в этих компаниях представить сложно.""",Совет директоров провели очно.,not_entailment,validation
"А сама машина оказалась в розыске. Злоумышленник угнал ее из гаражного массива. Вдобавок выяснилось, что он уже был неоднократно судим за аналогичные преступления.",Злоумышленник украл автомобиль.,entailment,validation
"""Как сообщили """"Комсомольской правде на Северном Кавказе"""" в краевом управлении ГИБДД, около полудня на улице Трудовая беременная женщина за рулем """"Додж Караван"""" выбрала небезопасную скорость, не справилась с управлением, столкнулась с """"Киа Спектра"""", которая ехала по встречке, а потом врезалась в бетонный забор. В результате аварии 38-летняя местная жительница погибла на месте от полученных травм. Вполне вероятно, что сопутствующей причиной аварии стала неопытность, так как права она получила всего полгода назад.""",Беременная женщина снесла бетонный забор.,not_entailment,validation
"""В момент совершения преступления был одет во все черное. """"Его приметы: был одет в синюю куртку фирмы """"Найк"""", серые спортивные штаны, черную вязаную шапку, волосы до плеч"""", - отмечает пресс-служба ведомства. Сотрудники полиции просят горожан не выходить на улицу, так как в городе проходит спецоперация.""",В городе действуют врачи.,not_entailment,validation
"Четыре года назад он вышел на пенсию. Устроился на место поспокойнее - дворником в ижевскую школу. Тогда и не думал, что именно здесь он, декоратор по образованию, найдет свое призвание.",Дворник четыре года выходил на пенсию.,not_entailment,validation
"26 июня прошлого года обвиняемый вломился в дом к 59-летнему соседу в селе Виняево Арзамасского района и жестоко избил его до полусмерти. Мужчина не смог оправиться от травм и через месяц скончался в больнице. В октябре злоумышленник был задержан. Он признал свою вину лишь частично и рассказал, что конфликт с соседом произошел из-за щенка.",В результате конфликта двух соседей выжил только щенок.,not_entailment,validation
"На коробках с пекинской капустой и яблоками находилась маркировка, указывающая страну происхождения - Польшу. Согласно этикеткам, наклеенным на коробки с грушами, продукция поступила из Гвинеи и пересекла границу Республики Беларусь, что является нарушением.",Пекинская капуста приехала из Польши.,entailment,validation
"По данным источника агентства, именно в одной из последних двух машин находился освобожденный во вторник спортсмен. Он находится под усиленной охраной и будет вывезен в безопасное место. Это сделано во избежание каких-либо инцидентов, так как у здания суда скопилось несколько десятков человек, в основном - противников такого приговора.",Спортсмена плохо охраняют.,not_entailment,validation
"После этого они выступят с заявлениями для прессы. Когда состоится ординарное заседание депутатов, решит постоянное бюро парламента. Напомним, что весенняя сессия должна начинаться в феврале и не может заканчиваться позднее июля.",Весенняя сессия может закончиться позднее июля.,not_entailment,validation
"Как заявил журналистам депутат Верховной рады, присутствовавший на мероприятии, за час там произошли две «шикарные» драки.",Депутат Верховной рады пришел на мероприятие считать драки.,not_entailment,validation
"На него завели уголовное дело, - рассказали «Комсомольской правде»-Саратов в областной прокуратуре.",Уголовное дело закрыто.,not_entailment,validation
"""Три участницы панк-группы Pussy Riot, приговоренные судом к двум годам лишения свободы за акцию в храме Христа спасителя, получили то, что хотели, заявил президент РФ Владимир Путин в специальном фильме программы """"Центральное телевидение"""" на НТВ в воскресенье. """"На самом деле правильно, что их арестовали, и правильно сделали, что суд у нас такое решение принял. Потому что нельзя подрывать основы морали, нравственности, разрушать страну"""".""",Суд принял решение отпустить на 2 года участниц группы Pussy Riot.,not_entailment,validation
"И тогда водитель заехал в лес, где изнасиловал женщину и убил ее с целью скрыть насилие. После убийства мужчина забрал ювелирные украшения, сотовый телефон и деньги потерпевшей. Мужчина был задержан сразу после совершения преступления, свою вину признал.","Водитель изнасиловал, убил и ограбил женщину.",entailment,validation
"Поскольку ветеринарное свидетельство признано не действительным, такую продукцию допускать на прилавки или в переработку нельзя.",Продукцию допустили на прилавки.,not_entailment,validation
"Но из-за сложного материального положения он не смог вернуть деньги. Вскоре, ему стали звонить коллекторы, они требовали вернуть долг. Звонки не прекращались долгое время, а потом звонить стали на телефон его мамы.",Коллекторы требовали вернуть долг его мамы.,not_entailment,validation
"В документах было указанно, что в контейнере находится пряжа.","По документам, в контейнере должна была быть пряжа.",entailment,validation
"Затем они вышли в подъезд. Во время разговора по душам между пьяными мужчинами возник конфликт. В результате один из них бросился на товарища с ножом и ударил его в грудь, затем избил пострадавшего и сбежал.",В подъезде пьяные помирились.,not_entailment,validation
"Эвакуировать никого не пришлось, в заведении был выходной.","Был выходной, эвакуировать было некого.",entailment,validation
"Появились свидетели, которые рассказывают, будто они не раз видели, как мальчик гулял без присмотра.",Мальчик не гулял без присмотра.,not_entailment,validation
"Из палатки пропали около 3 тысяч рублей разменных денег, которые продавцы оставляли на утро для сдачи покупателям, а также исчезли сладкие булочки. Подозреваемых задержали по горячим следам. По данном факту проводится проверка, а поскольку в деле замешаны несовершеннолетние, следствие не сообщает подробности.",Из палатки украли только булочки.,not_entailment,validation
"От полученных повреждений он скончался на месте. Затем пенсионерка спрятала тело. Известно, что она сейчас нигде не работает и раньше уже имела проблемы с законом.",Пенсионерка устроилась на работу.,not_entailment,validation
"В аналогичном опросе, проведенном в марте 2010 г., за новую дисциплину высказалось 63% респондентов. В ноябре правительство утвердило план эксперимента, предусматривавшего преподавание основ религий и светской этики в 19 субъектах федерации. Осенью прошлого года Московский патриархат высказался за преподавание религиозных дисциплин не только в четвертом и пятом классах, но и на всех этапах школьного обучения, поскольку двух полугодий для усвоения материала недостаточно.",В прошлом году Московский патриархат преподавал религиозные дисциплины на всех этапах школьного обучения.,not_entailment,validation
"Мужчины распивали алкоголь и вдруг поругались. Словами дело не ограничилось. Один из собутыльников схватил кухонный нож и ударил своего соперника. После этого, как ни в чем не бывало он просто ушел из помещения.",Мужчины поругались в процессе пьянки.,entailment,validation
"Как рассказали «Комсомольской правде» в пресс-службе ведомства, чаще всего люди погибали в огне из-за курения в пьяном виде.",Журналистам рассказали о причинах смерти в пьяном виде.,not_entailment,validation
"""""""Думаю, нужно будет смотреть в каждом конкретном случае, так как не любое здание годится в качестве жилого дома"""", - заявил Шаронов в интервью """"Российской газете"""", которое будет опубликовано во вторник.""","""Шаронов взял интервью у редактора """"Российской газеты""""""",not_entailment,validation
"Трижды он был привлечён судебным приставом к административной ответственности по ст. 17.15 КоАП РФ за неисполнение содержащихся в исполнительном документе требований неимущественного характера. Так как срок для добровольного исполнения истёк, пристрой снесли принудительно.",Пристроя больше нет.,entailment,validation
"Оказалось, что пострадавшая была пьяна.",Пострадавшая не пьянела.,not_entailment,validation
"""Военнослужащие ВМС Израиля в субботу высадились на судно """"Эстель"""", перевозившее активистов в сектор Газа, передает агентство АФП. Источник в израильском военном командовании сообщил агентству, что военные захватили контроль над судном. По его словам, в ходе этой операции силу применять не пришлось, так как никто из активистов не стал оказывать сопротивление.""",Активисты отчаянно сопротивлялись военным.,not_entailment,validation
"В противном случае отец ставил провинившихся на колени и читал им молитвы, а за более серьезные проступки избивал. Дети боялись идти домой после школы и часто приходили к маме на работу. Жена боялась сообщить об издевательствах мужа в полицию, поскольку он грозился убить ее.",Отец наказывал провинившихся работой в саду.,not_entailment,validation
"""Главный тренер мужской сборной России по баскетболу Василий Карасев извинился перед болельщиками за неудачное выступление национальной команды на чемпионате Европы в Словении и выразил уверенность в том, что выбранный курс развития принесет результат в будущем. """"Хочется извиниться перед болельщиками. Потому что российская команда имеет такие традиции, такие победы, а выступление получилось, действительно, провальным.""",Василий Карасев принес болельщикам извинения.,entailment,validation
"А когда накатывает волна экономии или нужен редкий медикамент, обзванивает окрестные аптеки, параллельно листая немногочисленные аптечные сайты.",Редкие и недорогие медикаменты всегда есть в окрестных аптеках и на сайтах в Сети.,not_entailment,validation
"Такие победы просто так не даются. У нас уже не было выбора, мы выходили с одной целью, с одной задачей – выиграть.",Мы выиграли.,entailment,validation
"По итогам работы круглого стола, на котором сегодня был рассмотрен проект Стратегии социально-экономического развития Иркутской области, будут выработаны рекомендации для достижения целей, сформулированных в документе.",Будут отменены рекомендации к целям Стратегии социально-экономического развития Иркутской области.,not_entailment,validation
"""""""Все три птицы чувствуют себя хорошо, ведут себя спокойно и уверенно, - сообщают в Ленинградском зоопарке. - Самки и самец расположились в соседних вольерах, но между ними проложили небольшой проход. Места там хватит, чтобы самки могли пройти, а вот самец уже не поместится"""".""",В Ленинградском зоопарке три птицы этого вида.,entailment,validation
"Он не смог предъявить документы, подтверждающие происхождение мяса. В результате машину с грузом задержали, а мужчину допросили. В ходе допроса выяснилось, что он является основателем предприятия, которое занимается продажей мясной продукции.",Мясо было несвежее.,not_entailment,validation
"По данным внешнеполитического ведомства, гражданка нашей республики, получившая ранение, находится в больнице - ее жизни ничего не угрожает.",Гражданка ранена.,entailment,validation
"Как сообщили «Комсомольской правде» в пресс-службе музея, выставка получила название «Добрые друзья детства».",Выставке придумали название.,entailment,validation
"Женщина периодически заходила в комнату хозяина квартиры, поскольку он иногда обращался к ней за помощью.",Хозяин квартиры ежедневно обращался к ней за помощью.,not_entailment,validation
"В правительстве Кировской области рассказали, что в некоторых школах региона решили продлить каникулы из-за холодов.",В школах Кировской области холодно.,not_entailment,validation
"В декабре минувшего года в надзорный орган пришел мужчина, который больше года скрывался от правосудия.",Мужчина сам пришел в надзорный орган.,entailment,validation
"""""""Я не исключаю"""", - сказал Путин в ходе полемики с экс-премьером Франции Франсуа Фийоном в рамках заседания дискуссионного клуба """"Валдай"""". Президент РФ поинтересовался у Фийона, будет ли тот выставлять свою кандидатуру на пост президента Французской Республики, попросив его """"коротко ответить, односложно"""". Французский политик от ответа уклонился: """"Я не стал бы отвечать на этот вопрос, потому что вы на него не ответили"""".""",Французский политик ответил односложно.,not_entailment,validation
"""Однако отсутствие на форуме нового вице-премьера, который предпочел Рио-де-Жанейро Санкт-Петербургу, и бурная активность вице-премьера бывшего - нынешнего президента """"Роснефти"""" Игоря Сечина, центральной фигуры непрекращающихся встреч с иностранными инвесторами, прояснили, кто тут главный. """,Сечин был центральной фигурой встреч с иностранными инвесторами.,entailment,validation
"Я давно хотела слепить снежный мотоцикл, но вот мы только собрались, примерились к этой куче, а я глянула и поняла, что вижу там только Будду. Доброго такого, пузатого, довольного и умиротворенного, - рассказывает Дарья. - Пока делали, несколько раз приходилось объяснять соседям, что это не развратная женщина, потому что начали с ног.","Дарья хотела слепить из снега мотоцикл, а слепила Будду.",entailment,validation
"Средства на пополнение парка малой авиации Приморского края обещали выделить из регионального бюджета. Машины будут приобретены в лизинг. Как сообщили в администрации края, сделка находится на завершающей стадии.",Машины приобретут в лизинг.,entailment,validation
"Подросток хорошо знал хозяина квартиры, поскольку тот жил недалеко от дома родителей и являлся приятелем отца.",Хозяин квартиры был знакомцем отца подростка.,entailment,validation
"В канун Рождества кубанские полицейские встретились с малолетними правонарушителями, которые живут в Центре временного содержания для несовершеннолетних.",В канун Рождества полицейские приехали навестить правонарушителей.,entailment,validation
"Вместе с ними пропали также юбилейные медали, памятные и нагрудные знаки, грамоты. Очень хочется надеяться, что бабушка просто забыла, куда в последний раз положила награды — и они в конце концов найдутся. Но все может быть: мало ли, награды и правда могли похитить.","Бабушка забыла, куда дела награды.",not_entailment,validation
"""""""Мы уже часть документов собрали, через несколько дней подадим на регистрацию и будем собирать подписи"""", - заявил Троицкий """"Интерфаксу"""" в понедельник. По его словам, у него есть несколько идей для предвыборной кампании. """"Например, все посты в правительстве будут занимать немцы, потому что наши чиновники все воруют"""".""",Троицкий намерен пригласить немцев в правительство.,entailment,validation
"Двое мужчин и две женщины выпивали, когда одному из них, недавно освободившемуся из мест лишения свободы, захотелось любви и тепла. С недвусмысленным предложением он обратился к одной из участниц застолья, однако та отказала в близости. Обидевшись, мужчина схватил нож и решил всех «проучить».",Пьяный мужчина взялся за нож.,entailment,validation
"На реке в Новосибирской области погиб мужчина, который упал со снегохода.",Мужчина упал со снегохода на реке.,entailment,validation
"В обоих случаях злоумышленник под угрозой ножа похищал у потерпевших ценные вещи – сотовые телефоны, деньги и ювелирные изделия. Сравнив показания пострадавших жителей Тольятти, правоохранители пришли к выводу, что разбои – дело рук одного человека. Оперативники вскоре определили его личность, однако задержать мужчину не удалось, так как он ударился в бега, у родственников не появлялся, к знакомым не приходил – этот факт подтвердили выставленные засады.",Преступник был вооружен ножом.,entailment,validation
"""""""У нее были провалы в памяти - мозг защищает эти воспоминания"""", - сказала она. О насилии жертва сообщила врачам, когда ей исполнилось 16 лет. Но норвежские медики не имели права передавать эту информацию в полицию или родителям, поскольку формально девочка уже считалась совершеннолетней.""",Жертва была изнасилована после 16-летия.,not_entailment,validation
"""По его мнению, в бизнесмена стрелял киллер, работавший по заказу. """"Личность владельца автомобиля """"Мерседес"""" установлена. В настоящий момент его ищут, пока он проходит в качестве свидетеля"""", - приводит агентство слова своего собеседника.""",Это было заказное убийство.,not_entailment,validation
"Как рассказали «Комсомольской правде» в пресс-службе администрации Псковской области, квартиры получили семьи, которые раньше жили в аварийных домах.",Все эти семьи прямо сейчас переезжают в новые квартиры из аварийных домов.,not_entailment,validation
"Средства на пополнение парка малой авиации Приморского края обещали выделить из регионального бюджета. Машины будут приобретены в лизинг. Как сообщили в администрации края, сделка находится на завершающей стадии.",Машины приобретать не станут.,not_entailment,validation
"Вообще-то, Владимир Владимирович, вот это слышать обидно и больно. Очень обидно и больно, действительно это так. Потому что именно вы стояли у истоков нашей партии, именно вы ее создавали.","Владимир Владимирович стоял у истоков нашей партии, создавал ее.",entailment,validation
"В пресс-службе ведомства сообщили, что в течение декады в муниципалитетах пройдут профилактические мероприятия.",Десять дней в муниципалитетах будут идти профилактические мероприятия.,entailment,validation
"В настоящий момент полицейские взяли в кольцо активистов оппозиции на углу Тверской и Садово-Триумфальной улицы и начали задерживать их. Полицейские затаскивают участников шествия в автозаки. Они призывают освободить проход, чтобы не мешать движению пешеходов, однако это сделать затруднительно, поскольку сотрудники полиции оцепили оппозиционеров и не дают выйти из этого оцепления, в том числе журналистов.",Полицейские затаскивают активистов в автозаки.,entailment,validation
"""""""У нас есть возможность направить надзорную жалобу на приговор в Верховный суд РФ или генпрокурору, поскольку из военной прокуратуры ответ мы получили"""", - сказал Аграновский. Он отметил, что пока защита не будет апеллировать к высшей судебной инстанции страны. """"Перспектива подачи надзорной жалобы зависит от многих факторов, в том числе от политической ситуации, поскольку решение было политическим"""", - сказал адвокат.""","Аграновский сказал, что пока защита не будет обращаться с жалобой в Верховный суд РФ.",entailment,validation
"Полиция ведет расследование, в то время как отчаявшийся отец малышек угрожает врачам расправой.",Отчаявшийся отец малышек расправился с врачами.,not_entailment,validation
"Фотографии процесса демонтажа уже появились в социальных сетях, и, комментируя их, горожане спрашивают: что же будет построено на этом месте?",Горожане комментируют фото демонтажа в соцсетях.,entailment,validation
"""И желательно, по его словам, быть энергичными в интернет-пространстве, поскольку """"Единой России"""" сложнее быть в Сети, чем другой политической силе, так как партия находится у власти: """"Вот вы сказали, что выходили к людям, сначала тяжело, критикуют, пар выпускают. У меня та же самая ситуация, когда подходишь. Радуются вначале, потому что видят людей знакомых, а потом говорят: у нас вот это плохо, это, это"""".""","Находящейся у власти партии сложнее быть в Интернете, чем любой другой.",entailment,validation
"Искренне разделяем Вашу боль и передаем слова сочувствия и поддержки Вам и Вашим родным. Примите наши искренние соболезнования. В эту горькую минуту разделяем Ваше горе, скорбим вместе с Вами.",Эта минута является горькой и скорбной.,entailment,validation
"По факту гибели людей установлено, что причиной пожара стало неосторожное обращение с огнем при курении. 27-летний мужчина курил на кухне, рядом с комнатой, где спали дети, - пояснил Липатов. – Так как виновник происшествия погиб, уголовное дело в отношении него прекращено.",Виновник погиб.,entailment,validation
"""Ограничения на въезд в Республику Южная Осетия для граждан Российской Федерации и других стран сняты со среды, сообщил журналистам министр иностранных дел республики Мурат Джиоев. """"Ограничения на въезд в Южную Осетию были введены в связи с напряженной обстановкой, которая сложилась в Республике в виду регистрации некоторых кандидатов в президенты РЮО. Поскольку обстановка нормализовалась, было принято решение снять ограничения"""", - сказал министр.""",В Южной Осетии сложилась напряженная обстановка.,entailment,validation
"Все это может привести к осложнению оперативной обстановки на автомагистралях, которые проходят через Смоленскую область.","На автомагистралях, проходящих через Смоленскую область, сейчас сложная оперативная обстановка.",not_entailment,validation
"И тут у торговой точки заметил мужчину с бутылкой пива в руках. Парень подошел к 62-летнему мужчине, рядом с которым была жена, и потребовал отдать ему пиво, угрожал расправой и достал пистолет. Пару раз он пытался поджечь фитиль в самодельном оружии, но ничего не вышло, так как был сильно пьян.","Пьяный вымогатель требовал пива, размахивая пистолетом.",entailment,validation
"Как оказалось, его убил человек, которому он должен был денег.","Выяснилось, кто его убил.",entailment,validation
"Сам хозяин давно не появлялся на участке, ему позвонили соседи, обнаружив в его доме вскрытую дверь. Мужчина написал заявление в полицию, возбудили уголовное дело, и начался розыск преступников. Когда злоумышленников задержали, они признались в остальных преступлениях.",Соседи починили дверь.,not_entailment,validation
"Спасатели рекомендуют гражданам соблюдать правила пожарной безопасности. Они обращают внимание людей на соблюдение правил эксплуатации печей, и просят гасить огонь на ночь. Рекомендуется проветривать помещения, в которых находятся отопительные системы, чтобы избежать опасности отравления продуктами горения.","Спасатели не рекомендуют проветривать комнаты, где находятся отопительные системы.",not_entailment,validation
"Чтобы попасть в первый дом мужчина сорвал замок. Из дома воришка вынес мясорубку, керосиновую лампу, бидон, посуду. Мешок с добычей злоумышленник спрятал в кустах, а сам отправился во второй дом.",Мужчина сорвал замок и украл только бидон.,not_entailment,validation
"Руки подсудимого были забинтованы и находились не за спиной, как это положено, а спереди. По просьбе мужчины наручники не зажали максимально плотно. Как только украинец был доставлен в суд, наручники сняли.",Подсудимый был украинцем.,entailment,validation
"Кроме того, в 2012 году из бюджета было выделено 1,9 млрд руб. для субсидирования региональным авиакомпаниям лизинговой ставки на воздушные суда. Но программа распространяется только на частников: на государственные унитарные и краевые предприятия распространить ее невозможно, так как с правовой точки зрения субсидия воспринималась бы как дотация краевым администрациям.","В 2012 году региональные авиакомпании принесли бюджету доход в 1,9 млр руб.",not_entailment,validation
"""Адвокаты обвиняемых попросили оправдать их по статье 105 УК РФ (убийство), сообщает корреспондент """"Интерфакса"""" из зала суда. Защитник Шкапцовой Владимир Емельянов настаивает на том, что его подзащитная виновата в заведомо ложном доносе и оставлении в опасности, но не в убийстве. Он в очередной раз обратился с просьбой к суду не лишать обвиняемую свободы, поскольку она """"фактически помогла раскрыть преступление, любила дочь и хорошо к ней относилась"""".""",Защитник хочет снять с обвиняемой обвинение в убийстве.,entailment,validation
"Темы, которые сегодня активно обсуждают делегаты съезда - «Экономика роста и благосостояния», «Здоровое будущее», «Социальная политика», «Умная сила и культурное лидерство», «Качество государства», «Аграрная сверхдержава», «Быть хозяином в собственном доме». Делегаты из Пензенской области работают на всех площадках. Им есть что сказать по каждой из обозначенных на съезде тем, поскольку среди них есть врачи, учителя, общественные деятели и политики со стажем.",Делегаты из Пензенской области успевают поучаствовать в обсуждении на всех площадках.,entailment,validation
"Он рассказал, что к нему в гости пришли его знакомая вместе с подругой и ее сыном.",Он рассказал о четырех гостях.,not_entailment,validation
"""Любишь рыбку ловить, люби и штрафы платить.""",За ловлю рыбы всегда штрафуют.,not_entailment,validation
"Как пояснили в пресс-службе городской администрации, в качестве конкурентного преимущества представители бизнеса предлагают использовать технологию «сложения потенциалов», состоящую в создании замкнутых циклов из отдельных разрозненных экономических цепочек.",«Сложение потенциалов» - это создание замкнутых циклов из отдельных разрозненных экономических цепочек.,entailment,validation
"Ежедневно в плотины поступает всё больше и больше воды, что не может не радовать.",Каждый день в плотины поступает горячая вода.,not_entailment,validation
"А недавно бабушка заболела, попала в больницу и скоропостижно скончалась.",Бабушка воскресла.,not_entailment,validation
"""Около 200 человек эвакуированы из корпуса факультета биологии МГУ в связи с пожаром в подвальном помещении, сообщили """"Интерфаксу"""" в ГУ МЧС России по Москве. """"Пожарные прибыли по адресу: Воробьевы горы, 1 строение 12, где горит трансформаторная подстанция в подвале биологического факультета МГУ"""", - сказал представитель управления. По его словам, тушение осложнено, так как напряжение пока не отключено.""",Трансформаторная подстанция загорелась.,entailment,validation
"Между тем в кредитной организации заверили, что проблемы возникли с «незначительным» числом устройств самообслуживания (УС).",В кредитной организации приуменьшили масштаб проблемы.,entailment,validation
"Обнаружив пропажу, он сразу позвонил в полицию. Полицейские опросили соседей. Оказалось, что старшая по дому видела, как с утра из подъезда выходил подозрительный парень с креслом.",Очевидцем оказалась старшая по дому.,entailment,validation
"Надо, повторяю, еще раз посмотреть это соглашение. Теперь о прессе. Я бы не стал так уж ругаться, потому что федеральные каналы уже и так ругают по поводу их позиции.",На соглашение стоит взглянуть еще раз.,entailment,validation
"Представитель внешнеполитического ведомства отметил, что злоумышленника задержали местные власти.",Злоумышленник задержан.,entailment,validation
"Выпивали, веселились, после чего вспыхнула ссора. Гости набросились на хозяйку и избили. Осознав, чем это может грозить, мужчины решили скрыть следы преступления.",Мужчины скрыли следы преступления.,not_entailment,validation
"Грабитель поджидал своих жертв и, угрожая им пистолетом, отбирал у них все деньги и ценные вещи.",У грабителя был пистолет.,entailment,validation
"Во время обыска в квартире подозреваемого полицейские обнаружили нож, а также похищенную сумку. Известно, что нападавший ранее судим за кражу, угон и мошенничество, а освободился из мест лишения свободы в ноябре прошлого года. По его словам, его мучили угрызения совести, поэтому он явился к стражам порядка.",С ноября прошлого года подозреваемый был на свободе.,entailment,validation
"""""""После инцидента 15 августа 2011 г. ко мне приезжал молодой человек со стороны Агафонова, он требовал видеозапись с камер наблюдения"""", - рассказал он. По его словам, угрожавший обещал """"всем устроить, так как побили хорошего человека"""". """"Я отказал, так как это могут требовать только правоохранительные органы"""", - сообщил Береговой.""",Береговой не сделал видеозапись.,not_entailment,validation
"Сыграло ли это событие роль в решении обвиняемого начать работать на иностранную разведку, пока не известно. Рассмотрение дела Дивенни по существу начнется 12 декабря. Поскольку речь идет о секретных материалах, часть процесса будет проходить в закрытом режиме.",Дивенни мог работать на иностранную разведку.,entailment,validation
"Оказалось, вспыхнула однокомнатная квартира. В горящем помещении спасатели обнаружили мужчину. Как стало известно «Комсомолке», его в бессознательном состоянии вынесли на свежий воздух, но медики уже констатировали смерть.",Мужчина пришел в сознание и умер.,not_entailment,validation
